solid ASCII
  facet normal -0.000000e+00 8.925456e-01 4.509572e-01
    outer loop
      vertex   2.789434e-16 -1.060976e+01 1.881750e+01
      vertex   6.700000e+00 -1.060976e+01 1.881750e+01
      vertex   -2.001548e-16 -1.046913e+01 1.853917e+01
    endloop
  endfacet
  facet normal -0.000000e+00 8.925456e-01 4.509572e-01
    outer loop
      vertex   -2.001548e-16 -1.046913e+01 1.853917e+01
      vertex   6.700000e+00 -1.060976e+01 1.881750e+01
      vertex   6.700000e+00 -1.046913e+01 1.853917e+01
    endloop
  endfacet
  facet normal -0.000000e+00 9.189214e-01 3.944408e-01
    outer loop
      vertex   -2.001548e-16 -1.046913e+01 1.853917e+01
      vertex   6.700000e+00 -1.046913e+01 1.853917e+01
      vertex   -1.338706e-16 -1.034613e+01 1.825261e+01
    endloop
  endfacet
  facet normal -0.000000e+00 9.189214e-01 3.944408e-01
    outer loop
      vertex   -1.338706e-16 -1.034613e+01 1.825261e+01
      vertex   6.700000e+00 -1.046913e+01 1.853917e+01
      vertex   6.700000e+00 -1.034613e+01 1.825261e+01
    endloop
  endfacet
  facet normal -0.000000e+00 9.417228e-01 3.363900e-01
    outer loop
      vertex   -1.338706e-16 -1.034613e+01 1.825261e+01
      vertex   6.700000e+00 -1.034613e+01 1.825261e+01
      vertex   -6.706575e-17 -1.024123e+01 1.795894e+01
    endloop
  endfacet
  facet normal -0.000000e+00 9.417228e-01 3.363900e-01
    outer loop
      vertex   -6.706575e-17 -1.024123e+01 1.795894e+01
      vertex   6.700000e+00 -1.034613e+01 1.825261e+01
      vertex   6.700000e+00 -1.024123e+01 1.795894e+01
    endloop
  endfacet
  facet normal -0.000000e+00 9.608611e-01 2.770307e-01
    outer loop
      vertex   -6.706575e-17 -1.024123e+01 1.795894e+01
      vertex   6.700000e+00 -1.024123e+01 1.795894e+01
      vertex   -2.090244e-31 -1.015484e+01 1.765931e+01
    endloop
  endfacet
  facet normal -0.000000e+00 9.608611e-01 2.770307e-01
    outer loop
      vertex   -2.090244e-31 -1.015484e+01 1.765931e+01
      vertex   6.700000e+00 -1.024123e+01 1.795894e+01
      vertex   6.700000e+00 -1.015484e+01 1.765931e+01
    endloop
  endfacet
  facet normal -0.000000e+00 9.762618e-01 2.165939e-01
    outer loop
      vertex   -2.090244e-31 -1.015484e+01 1.765931e+01
      vertex   6.700000e+00 -1.015484e+01 1.765931e+01
      vertex   6.706575e-17 -1.008729e+01 1.735487e+01
    endloop
  endfacet
  facet normal -0.000000e+00 9.762618e-01 2.165939e-01
    outer loop
      vertex   6.706575e-17 -1.008729e+01 1.735487e+01
      vertex   6.700000e+00 -1.015484e+01 1.765931e+01
      vertex   6.700000e+00 -1.008729e+01 1.735487e+01
    endloop
  endfacet
  facet normal -0.000000e+00 9.878651e-01 1.553145e-01
    outer loop
      vertex   6.706575e-17 -1.008729e+01 1.735487e+01
      vertex   6.700000e+00 -1.008729e+01 1.735487e+01
      vertex   1.338706e-16 -1.003886e+01 1.704681e+01
    endloop
  endfacet
  facet normal -0.000000e+00 9.878651e-01 1.553145e-01
    outer loop
      vertex   1.338706e-16 -1.003886e+01 1.704681e+01
      vertex   6.700000e+00 -1.008729e+01 1.735487e+01
      vertex   6.700000e+00 -1.003886e+01 1.704681e+01
    endloop
  endfacet
  facet normal -0.000000e+00 9.956258e-01 9.343103e-02
    outer loop
      vertex   1.338706e-16 -1.003886e+01 1.704681e+01
      vertex   6.700000e+00 -1.003886e+01 1.704681e+01
      vertex   2.001548e-16 -1.000972e+01 1.673634e+01
    endloop
  endfacet
  facet normal -0.000000e+00 9.956258e-01 9.343103e-02
    outer loop
      vertex   2.001548e-16 -1.000972e+01 1.673634e+01
      vertex   6.700000e+00 -1.003886e+01 1.704681e+01
      vertex   6.700000e+00 -1.000972e+01 1.673634e+01
    endloop
  endfacet
  facet normal -0.000000e+00 9.995137e-01 3.118411e-02
    outer loop
      vertex   2.001548e-16 -1.000972e+01 1.673634e+01
      vertex   6.700000e+00 -1.000972e+01 1.673634e+01
      vertex   -5.021460e-15 -1.000000e+01 1.642465e+01
    endloop
  endfacet
  facet normal -0.000000e+00 9.995137e-01 3.118411e-02
    outer loop
      vertex   -5.021460e-15 -1.000000e+01 1.642465e+01
      vertex   6.700000e+00 -1.000972e+01 1.673634e+01
      vertex   6.700000e+00 -1.000000e+01 1.642465e+01
    endloop
  endfacet
  facet normal 0.000000e+00 8.925456e-01 4.509572e-01
    outer loop
      vertex   6.700000e+00 -1.060976e+01 1.881750e+01
      vertex   2.789434e-16 -1.060976e+01 1.881750e+01
      vertex   6.700000e+00 -1.075741e+01 1.910975e+01
    endloop
  endfacet
  facet normal 0.000000e+00 8.925456e-01 4.509572e-01
    outer loop
      vertex   6.700000e+00 -1.075741e+01 1.910975e+01
      vertex   2.789434e-16 -1.060976e+01 1.881750e+01
      vertex   4.929944e-16 -1.075741e+01 1.910975e+01
    endloop
  endfacet
  facet normal 0.000000e+00 9.189214e-01 3.944408e-01
    outer loop
      vertex   6.700000e+00 -1.075741e+01 1.910975e+01
      vertex   4.929944e-16 -1.075741e+01 1.910975e+01
      vertex   6.700000e+00 -1.088657e+01 1.941064e+01
    endloop
  endfacet
  facet normal 0.000000e+00 9.189214e-01 3.944408e-01
    outer loop
      vertex   6.700000e+00 -1.088657e+01 1.941064e+01
      vertex   4.929944e-16 -1.075741e+01 1.910975e+01
      vertex   4.261845e-16 -1.088657e+01 1.941064e+01
    endloop
  endfacet
  facet normal 0.000000e+00 9.417228e-01 3.363900e-01
    outer loop
      vertex   6.700000e+00 -1.088657e+01 1.941064e+01
      vertex   4.261845e-16 -1.088657e+01 1.941064e+01
      vertex   6.700000e+00 -1.099671e+01 1.971899e+01
    endloop
  endfacet
  facet normal 0.000000e+00 9.417228e-01 3.363900e-01
    outer loop
      vertex   6.700000e+00 -1.099671e+01 1.971899e+01
      vertex   4.261845e-16 -1.088657e+01 1.941064e+01
      vertex   3.577167e-16 -1.099671e+01 1.971899e+01
    endloop
  endfacet
  facet normal 0.000000e+00 9.608611e-01 2.770307e-01
    outer loop
      vertex   6.700000e+00 -1.099671e+01 1.971899e+01
      vertex   3.577167e-16 -1.099671e+01 1.971899e+01
      vertex   6.700000e+00 -1.108742e+01 2.003360e+01
    endloop
  endfacet
  facet normal 0.000000e+00 9.608611e-01 2.770307e-01
    outer loop
      vertex   6.700000e+00 -1.108742e+01 2.003360e+01
      vertex   3.577167e-16 -1.099671e+01 1.971899e+01
      vertex   2.878575e-16 -1.108742e+01 2.003360e+01
    endloop
  endfacet
  facet normal 0.000000e+00 9.762618e-01 2.165939e-01
    outer loop
      vertex   6.700000e+00 -1.108742e+01 2.003360e+01
      vertex   2.878575e-16 -1.108742e+01 2.003360e+01
      vertex   6.700000e+00 -1.115834e+01 2.035327e+01
    endloop
  endfacet
  facet normal 0.000000e+00 9.762618e-01 2.165939e-01
    outer loop
      vertex   6.700000e+00 -1.115834e+01 2.035327e+01
      vertex   2.878575e-16 -1.108742e+01 2.003360e+01
      vertex   2.168786e-16 -1.115834e+01 2.035327e+01
    endloop
  endfacet
  facet normal 0.000000e+00 9.878651e-01 1.553145e-01
    outer loop
      vertex   6.700000e+00 -1.115834e+01 2.035327e+01
      vertex   2.168786e-16 -1.115834e+01 2.035327e+01
      vertex   6.700000e+00 -1.120920e+01 2.067673e+01
    endloop
  endfacet
  facet normal 0.000000e+00 9.878651e-01 1.553145e-01
    outer loop
      vertex   6.700000e+00 -1.120920e+01 2.067673e+01
      vertex   2.168786e-16 -1.115834e+01 2.035327e+01
      vertex   1.450561e-16 -1.120920e+01 2.067673e+01
    endloop
  endfacet
  facet normal 0.000000e+00 9.956258e-01 9.343103e-02
    outer loop
      vertex   6.700000e+00 -1.120920e+01 2.067673e+01
      vertex   1.450561e-16 -1.120920e+01 2.067673e+01
      vertex   6.700000e+00 -1.123979e+01 2.100273e+01
    endloop
  endfacet
  facet normal 0.000000e+00 9.956258e-01 9.343103e-02
    outer loop
      vertex   6.700000e+00 -1.123979e+01 2.100273e+01
      vertex   1.450561e-16 -1.120920e+01 2.067673e+01
      vertex   7.266941e-17 -1.123979e+01 2.100273e+01
    endloop
  endfacet
  facet normal 0.000000e+00 9.995137e-01 3.118411e-02
    outer loop
      vertex   6.700000e+00 -1.123979e+01 2.100273e+01
      vertex   7.266941e-17 -1.123979e+01 2.100273e+01
      vertex   6.700000e+00 -1.125000e+01 2.133000e+01
    endloop
  endfacet
  facet normal 0.000000e+00 9.995137e-01 3.118411e-02
    outer loop
      vertex   6.700000e+00 -1.125000e+01 2.133000e+01
      vertex   7.266941e-17 -1.123979e+01 2.100273e+01
      vertex   -1.427613e-31 -1.125000e+01 2.133000e+01
    endloop
  endfacet
  facet normal 0.000000e+00 9.995137e-01 -3.118411e-02
    outer loop
      vertex   6.700000e+00 -1.125000e+01 2.133000e+01
      vertex   -1.427613e-31 -1.125000e+01 2.133000e+01
      vertex   6.700000e+00 -1.123979e+01 2.165727e+01
    endloop
  endfacet
  facet normal 0.000000e+00 9.995137e-01 -3.118411e-02
    outer loop
      vertex   6.700000e+00 -1.123979e+01 2.165727e+01
      vertex   -1.427613e-31 -1.125000e+01 2.133000e+01
      vertex   -7.266941e-17 -1.123979e+01 2.165727e+01
    endloop
  endfacet
  facet normal 0.000000e+00 9.956258e-01 -9.343103e-02
    outer loop
      vertex   6.700000e+00 -1.123979e+01 2.165727e+01
      vertex   -7.266941e-17 -1.123979e+01 2.165727e+01
      vertex   6.700000e+00 -1.120920e+01 2.198327e+01
    endloop
  endfacet
  facet normal 0.000000e+00 9.956258e-01 -9.343103e-02
    outer loop
      vertex   6.700000e+00 -1.120920e+01 2.198327e+01
      vertex   -7.266941e-17 -1.123979e+01 2.165727e+01
      vertex   -1.450561e-16 -1.120920e+01 2.198327e+01
    endloop
  endfacet
  facet normal 0.000000e+00 9.878651e-01 -1.553145e-01
    outer loop
      vertex   6.700000e+00 -1.120920e+01 2.198327e+01
      vertex   -1.450561e-16 -1.120920e+01 2.198327e+01
      vertex   6.700000e+00 -1.115834e+01 2.230673e+01
    endloop
  endfacet
  facet normal 0.000000e+00 9.878651e-01 -1.553145e-01
    outer loop
      vertex   6.700000e+00 -1.115834e+01 2.230673e+01
      vertex   -1.450561e-16 -1.120920e+01 2.198327e+01
      vertex   -2.168786e-16 -1.115834e+01 2.230673e+01
    endloop
  endfacet
  facet normal 0.000000e+00 9.762618e-01 -2.165939e-01
    outer loop
      vertex   6.700000e+00 -1.115834e+01 2.230673e+01
      vertex   -2.168786e-16 -1.115834e+01 2.230673e+01
      vertex   6.700000e+00 -1.108742e+01 2.262640e+01
    endloop
  endfacet
  facet normal 0.000000e+00 9.762618e-01 -2.165939e-01
    outer loop
      vertex   6.700000e+00 -1.108742e+01 2.262640e+01
      vertex   -2.168786e-16 -1.115834e+01 2.230673e+01
      vertex   -2.878575e-16 -1.108742e+01 2.262640e+01
    endloop
  endfacet
  facet normal 0.000000e+00 9.608611e-01 -2.770307e-01
    outer loop
      vertex   6.700000e+00 -1.108742e+01 2.262640e+01
      vertex   -2.878575e-16 -1.108742e+01 2.262640e+01
      vertex   6.700000e+00 -1.099671e+01 2.294101e+01
    endloop
  endfacet
  facet normal -2.937943e-16 9.608611e-01 -2.770307e-01
    outer loop
      vertex   6.700000e+00 -1.099671e+01 2.294101e+01
      vertex   -2.878575e-16 -1.108742e+01 2.262640e+01
      vertex   -3.577167e-16 -1.099671e+01 2.294101e+01
    endloop
  endfacet
  facet normal -3.567455e-16 9.417228e-01 -3.363900e-01
    outer loop
      vertex   6.700000e+00 -1.099671e+01 2.294101e+01
      vertex   -3.577167e-16 -1.099671e+01 2.294101e+01
      vertex   6.700000e+00 -1.088657e+01 2.324936e+01
    endloop
  endfacet
  facet normal -1.783727e-16 9.417228e-01 -3.363900e-01
    outer loop
      vertex   6.700000e+00 -1.088657e+01 2.324936e+01
      vertex   -3.577167e-16 -1.099671e+01 2.294101e+01
      vertex   -4.261845e-16 -1.088657e+01 2.324936e+01
    endloop
  endfacet
  facet normal -2.091545e-16 9.189214e-01 -3.944408e-01
    outer loop
      vertex   6.700000e+00 -1.088657e+01 2.324936e+01
      vertex   -4.261845e-16 -1.088657e+01 2.324936e+01
      vertex   6.700000e+00 -1.075741e+01 2.355025e+01
    endloop
  endfacet
  facet normal 0.000000e+00 9.189214e-01 -3.944408e-01
    outer loop
      vertex   6.700000e+00 -1.075741e+01 2.355025e+01
      vertex   -4.261845e-16 -1.088657e+01 2.324936e+01
      vertex   -4.929944e-16 -1.075741e+01 2.355025e+01
    endloop
  endfacet
  facet normal 0.000000e+00 8.925456e-01 -4.509572e-01
    outer loop
      vertex   6.700000e+00 -1.075741e+01 2.355025e+01
      vertex   -4.929944e-16 -1.075741e+01 2.355025e+01
      vertex   6.700000e+00 -1.060976e+01 2.384250e+01
    endloop
  endfacet
  facet normal -2.366387e-16 8.925456e-01 -4.509572e-01
    outer loop
      vertex   6.700000e+00 -1.060976e+01 2.384250e+01
      vertex   -4.929944e-16 -1.075741e+01 2.355025e+01
      vertex   -2.789434e-16 -1.060976e+01 2.384250e+01
    endloop
  endfacet
  facet normal -1.000000e+00 5.920613e-15 3.723807e-15
    outer loop
      vertex   4.929944e-16 -1.075741e+01 1.910975e+01
      vertex   2.789434e-16 -1.060976e+01 1.881750e+01
      vertex   -5.021460e-15 -1.000000e+01 1.642465e+01
    endloop
  endfacet
  facet normal -1.000000e+00 1.971765e-15 2.717548e-15
    outer loop
      vertex   -5.021460e-15 -1.000000e+01 1.642465e+01
      vertex   2.789434e-16 -1.060976e+01 1.881750e+01
      vertex   -2.001548e-16 -1.046913e+01 1.853917e+01
    endloop
  endfacet
  facet normal -1.000000e+00 1.210999e-14 4.966818e-15
    outer loop
      vertex   -5.021460e-15 -1.000000e+01 1.642465e+01
      vertex   -2.001548e-16 -1.046913e+01 1.853917e+01
      vertex   -1.338706e-16 -1.034613e+01 1.825261e+01
    endloop
  endfacet
  facet normal -1.000000e+00 1.728423e-14 5.946563e-15
    outer loop
      vertex   -1.338706e-16 -1.034613e+01 1.825261e+01
      vertex   -6.706575e-17 -1.024123e+01 1.795894e+01
      vertex   -5.021460e-15 -1.000000e+01 1.642465e+01
    endloop
  endfacet
  facet normal -1.000000e+00 2.633953e-14 7.370260e-15
    outer loop
      vertex   -5.021460e-15 -1.000000e+01 1.642465e+01
      vertex   -6.706575e-17 -1.024123e+01 1.795894e+01
      vertex   -2.090244e-31 -1.015484e+01 1.765931e+01
    endloop
  endfacet
  facet normal -1.000000e+00 4.445055e-14 9.641526e-15
    outer loop
      vertex   -5.021460e-15 -1.000000e+01 1.642465e+01
      vertex   -2.090244e-31 -1.015484e+01 1.765931e+01
      vertex   6.706575e-17 -1.008729e+01 1.735487e+01
    endloop
  endfacet
  facet normal -1.000000e+00 8.972859e-14 1.389049e-14
    outer loop
      vertex   6.706575e-17 -1.008729e+01 1.735487e+01
      vertex   1.338706e-16 -1.003886e+01 1.704681e+01
      vertex   -5.021460e-15 -1.000000e+01 1.642465e+01
    endloop
  endfacet
  facet normal -1.000000e+00 2.708414e-13 2.520268e-14
    outer loop
      vertex   -5.021460e-15 -1.000000e+01 1.642465e+01
      vertex   1.338706e-16 -1.003886e+01 1.704681e+01
      vertex   2.001548e-16 -1.000972e+01 1.673634e+01
    endloop
  endfacet
  facet normal -1.000000e+00 -8.158446e-15 -2.476144e-16
    outer loop
      vertex   -5.021460e-15 -1.000000e+01 1.642465e+01
      vertex   -4.440892e-15 -1.000000e+01 1.408000e+01
      vertex   4.929944e-16 -1.075741e+01 1.910975e+01
    endloop
  endfacet
  facet normal -1.000000e+00 4.317093e-15 1.631038e-15
    outer loop
      vertex   4.929944e-16 -1.075741e+01 1.910975e+01
      vertex   -4.440892e-15 -1.000000e+01 1.408000e+01
      vertex   4.261845e-16 -1.088657e+01 1.941064e+01
    endloop
  endfacet
  facet normal -1.000000e+00 5.946222e-15 1.901988e-15
    outer loop
      vertex   4.261845e-16 -1.088657e+01 1.941064e+01
      vertex   -4.440892e-15 -1.000000e+01 1.408000e+01
      vertex   3.577167e-16 -1.099671e+01 1.971899e+01
    endloop
  endfacet
  facet normal -1.000000e+00 -5.459794e-14 -8.799426e-15
    outer loop
      vertex   3.577167e-16 -1.099671e+01 1.971899e+01
      vertex   -4.440892e-15 -1.000000e+01 1.408000e+01
      vertex   -2.147834e-15 -9.989295e+00 1.375298e+01
    endloop
  endfacet
  facet normal -1.000000e+00 -6.607165e-17 4.088146e-16
    outer loop
      vertex   3.577167e-16 -1.099671e+01 1.971899e+01
      vertex   -2.147834e-15 -9.989295e+00 1.375298e+01
      vertex   -3.066436e-15 -2.500000e+01 9.080000e+00
    endloop
  endfacet
  facet normal -1.000000e+00 1.264442e-16 -2.095909e-16
    outer loop
      vertex   -3.066436e-15 -2.500000e+01 9.080000e+00
      vertex   -2.147834e-15 -9.989295e+00 1.375298e+01
      vertex   -2.075533e-15 -9.957224e+00 1.342737e+01
    endloop
  endfacet
  facet normal -1.000000e+00 1.241210e-16 -2.015521e-16
    outer loop
      vertex   -3.066436e-15 -2.500000e+01 9.080000e+00
      vertex   -2.075533e-15 -9.957224e+00 1.342737e+01
      vertex   -2.003852e-15 -9.903926e+00 1.310455e+01
    endloop
  endfacet
  facet normal -1.000000e+00 1.220005e-16 -1.935981e-16
    outer loop
      vertex   -2.003852e-15 -9.903926e+00 1.310455e+01
      vertex   -1.933099e-15 -9.829629e+00 1.278590e+01
      vertex   -3.066436e-15 -2.500000e+01 9.080000e+00
    endloop
  endfacet
  facet normal -1.000000e+00 1.101169e-16 -1.449517e-16
    outer loop
      vertex   -3.066436e-15 -2.500000e+01 9.080000e+00
      vertex   -1.933099e-15 -9.829629e+00 1.278590e+01
      vertex   0.000000e+00 -9.000000e+00 8.000000e-02
    endloop
  endfacet
  facet normal -1.000000e+00 3.422036e-17 -2.798789e-16
    outer loop
      vertex   -3.066436e-15 -2.500000e+01 9.080000e+00
      vertex   0.000000e+00 -9.000000e+00 8.000000e-02
      vertex   -5.251355e-16 -2.500000e+01 0.000000e+00
    endloop
  endfacet
  facet normal -1.000000e+00 3.282097e-17 0.000000e+00
    outer loop
      vertex   -5.251355e-16 -2.500000e+01 0.000000e+00
      vertex   0.000000e+00 -9.000000e+00 8.000000e-02
      vertex   0.000000e+00 -9.000000e+00 0.000000e+00
    endloop
  endfacet
  facet normal -1.000000e+00 2.936452e-16 -1.329683e-16
    outer loop
      vertex   -1.933099e-15 -9.829629e+00 1.278590e+01
      vertex   -1.863577e-15 -9.734651e+00 1.247280e+01
      vertex   0.000000e+00 -9.000000e+00 8.000000e-02
    endloop
  endfacet
  facet normal -1.000000e+00 2.260186e-16 -1.369772e-16
    outer loop
      vertex   0.000000e+00 -9.000000e+00 8.000000e-02
      vertex   -1.863577e-15 -9.734651e+00 1.247280e+01
      vertex   -1.795582e-15 -9.619398e+00 1.216658e+01
    endloop
  endfacet
  facet normal -1.000000e+00 1.828671e-16 -1.391886e-16
    outer loop
      vertex   0.000000e+00 -9.000000e+00 8.000000e-02
      vertex   -1.795582e-15 -9.619398e+00 1.216658e+01
      vertex   -1.729407e-15 -9.484364e+00 1.186856e+01
    endloop
  endfacet
  facet normal -1.000000e+00 1.526932e-16 -1.404284e-16
    outer loop
      vertex   -1.729407e-15 -9.484364e+00 1.186856e+01
      vertex   -1.665335e-15 -9.330127e+00 1.158000e+01
      vertex   0.000000e+00 -9.000000e+00 8.000000e-02
    endloop
  endfacet
  facet normal -1.000000e+00 1.302117e-16 -1.410738e-16
    outer loop
      vertex   0.000000e+00 -9.000000e+00 8.000000e-02
      vertex   -1.665335e-15 -9.330127e+00 1.158000e+01
      vertex   -1.603639e-15 -9.157348e+00 1.130215e+01
    endloop
  endfacet
  facet normal -1.000000e+00 1.126511e-16 -1.413200e-16
    outer loop
      vertex   0.000000e+00 -9.000000e+00 8.000000e-02
      vertex   -1.603639e-15 -9.157348e+00 1.130215e+01
      vertex   -1.544585e-15 -8.966767e+00 1.103619e+01
    endloop
  endfacet
  facet normal -1.000000e+00 9.841586e-17 -1.412768e-16
    outer loop
      vertex   -1.544585e-15 -8.966767e+00 1.103619e+01
      vertex   -1.488425e-15 -8.759199e+00 1.078327e+01
      vertex   0.000000e+00 -9.000000e+00 8.000000e-02
    endloop
  endfacet
  facet normal -1.000000e+00 8.652065e-17 -1.410092e-16
    outer loop
      vertex   0.000000e+00 -9.000000e+00 8.000000e-02
      vertex   -1.488425e-15 -8.759199e+00 1.078327e+01
      vertex   -1.435400e-15 -8.535534e+00 1.054447e+01
    endloop
  endfacet
  facet normal -1.000000e+00 7.632194e-17 -1.405565e-16
    outer loop
      vertex   0.000000e+00 -9.000000e+00 8.000000e-02
      vertex   -1.435400e-15 -8.535534e+00 1.054447e+01
      vertex   -1.385736e-15 -8.296729e+00 1.032080e+01
    endloop
  endfacet
  facet normal -1.000000e+00 6.737954e-17 -1.399424e-16
    outer loop
      vertex   -1.385736e-15 -8.296729e+00 1.032080e+01
      vertex   -1.339647e-15 -8.043807e+00 1.011323e+01
      vertex   0.000000e+00 -9.000000e+00 8.000000e-02
    endloop
  endfacet
  facet normal -1.000000e+00 5.937993e-17 -1.391800e-16
    outer loop
      vertex   0.000000e+00 -9.000000e+00 8.000000e-02
      vertex   -1.339647e-15 -8.043807e+00 1.011323e+01
      vertex   -1.297329e-15 -7.777851e+00 9.922652e+00
    endloop
  endfacet
  facet normal -1.000000e+00 5.209129e-17 -1.382750e-16
    outer loop
      vertex   0.000000e+00 -9.000000e+00 8.000000e-02
      vertex   -1.297329e-15 -7.777851e+00 9.922652e+00
      vertex   -1.258965e-15 -7.500000e+00 9.749873e+00
    endloop
  endfacet
  facet normal -1.000000e+00 4.533590e-17 -1.372271e-16
    outer loop
      vertex   -1.258965e-15 -7.500000e+00 9.749873e+00
      vertex   -1.224717e-15 -7.211443e+00 9.595636e+00
      vertex   0.000000e+00 -9.000000e+00 8.000000e-02
    endloop
  endfacet
  facet normal -1.000000e+00 3.897226e-17 -1.360310e-16
    outer loop
      vertex   0.000000e+00 -9.000000e+00 8.000000e-02
      vertex   -1.224717e-15 -7.211443e+00 9.595636e+00
      vertex   -1.194734e-15 -6.913417e+00 9.460602e+00
    endloop
  endfacet
  facet normal -1.000000e+00 3.288302e-17 -1.346765e-16
    outer loop
      vertex   0.000000e+00 -9.000000e+00 8.000000e-02
      vertex   -1.194734e-15 -6.913417e+00 9.460602e+00
      vertex   -1.169142e-15 -6.607197e+00 9.345349e+00
    endloop
  endfacet
  facet normal -1.000000e+00 2.696633e-17 -1.331485e-16
    outer loop
      vertex   -1.169142e-15 -6.607197e+00 9.345349e+00
      vertex   -1.148053e-15 -6.294095e+00 9.250371e+00
      vertex   0.000000e+00 -9.000000e+00 8.000000e-02
    endloop
  endfacet
  facet normal -1.000000e+00 2.112926e-17 -1.314262e-16
    outer loop
      vertex   0.000000e+00 -9.000000e+00 8.000000e-02
      vertex   -1.148053e-15 -6.294095e+00 9.250371e+00
      vertex   -1.131556e-15 -5.975452e+00 9.176074e+00
    endloop
  endfacet
  facet normal -1.000000e+00 -7.362981e-17 -9.991770e-17
    outer loop
      vertex   0.000000e+00 -9.000000e+00 8.000000e-02
      vertex   -1.131556e-15 -5.975452e+00 9.176074e+00
      vertex   -9.693993e-16 -3.414214e+00 5.665786e+00
    endloop
  endfacet
  facet normal -1.000000e+00 3.300938e-17 -2.210971e-17
    outer loop
      vertex   -9.693993e-16 -3.414214e+00 5.665786e+00
      vertex   -1.131556e-15 -5.975452e+00 9.176074e+00
      vertex   -1.119721e-15 -5.652631e+00 9.122776e+00
    endloop
  endfacet
  facet normal -1.000000e+00 1.878471e-17 -3.132026e-17
    outer loop
      vertex   -9.693993e-16 -3.414214e+00 5.665786e+00
      vertex   -1.119721e-15 -5.652631e+00 9.122776e+00
      vertex   -1.112600e-15 -5.327016e+00 9.090705e+00
    endloop
  endfacet
  facet normal -1.000000e+00 -6.910476e-15 -3.901282e-15
    outer loop
      vertex   -1.112600e-15 -5.327016e+00 9.090705e+00
      vertex   -3.330669e-15 -5.000000e+00 9.080000e+00
      vertex   -9.693993e-16 -3.414214e+00 5.665786e+00
    endloop
  endfacet
  facet normal -1.000000e+00 -7.145519e-30 -6.915999e-16
    outer loop
      vertex   -9.693993e-16 -3.414214e+00 5.665786e+00
      vertex   -3.330669e-15 -5.000000e+00 9.080000e+00
      vertex   -3.330669e-15 -4.828427e+00 9.080000e+00
    endloop
  endfacet
  facet normal -1.000000e+00 3.706376e-15 8.436312e-16
    outer loop
      vertex   -9.693993e-16 -3.414214e+00 5.665786e+00
      vertex   -3.330669e-15 -4.828427e+00 9.080000e+00
      vertex   -2.581456e-15 -4.623899e+00 9.069515e+00
    endloop
  endfacet
  facet normal -1.000000e+00 3.651331e-17 -4.606382e-16
    outer loop
      vertex   -2.581456e-15 -4.623899e+00 9.069515e+00
      vertex   -2.559627e-15 -4.421515e+00 9.038168e+00
      vertex   -9.693993e-16 -3.414214e+00 5.665786e+00
    endloop
  endfacet
  facet normal -1.000000e+00 5.051002e-18 -4.700357e-16
    outer loop
      vertex   -9.693993e-16 -3.414214e+00 5.665786e+00
      vertex   -2.559627e-15 -4.421515e+00 9.038168e+00
      vertex   -2.534242e-15 -4.223398e+00 8.986290e+00
    endloop
  endfacet
  facet normal -1.000000e+00 -2.979862e-17 -4.785284e-16
    outer loop
      vertex   -9.693993e-16 -3.414214e+00 5.665786e+00
      vertex   -2.534242e-15 -4.223398e+00 8.986290e+00
      vertex   -2.505566e-15 -4.031625e+00 8.914423e+00
    endloop
  endfacet
  facet normal -1.000000e+00 -6.871228e-17 -4.859240e-16
    outer loop
      vertex   -2.505566e-15 -4.031625e+00 8.914423e+00
      vertex   -2.473900e-15 -3.848207e+00 8.823321e+00
      vertex   -9.693993e-16 -3.414214e+00 5.665786e+00
    endloop
  endfacet
  facet normal -1.000000e+00 -1.125505e-16 -4.919494e-16
    outer loop
      vertex   -9.693993e-16 -3.414214e+00 5.665786e+00
      vertex   -2.473900e-15 -3.848207e+00 8.823321e+00
      vertex   -2.439577e-15 -3.675066e+00 8.713940e+00
    endloop
  endfacet
  facet normal -1.000000e+00 -1.624227e-16 -4.962174e-16
    outer loop
      vertex   -9.693993e-16 -3.414214e+00 5.665786e+00
      vertex   -2.439577e-15 -3.675066e+00 8.713940e+00
      vertex   -2.402957e-15 -3.514020e+00 8.587426e+00
    endloop
  endfacet
  facet normal -1.000000e+00 -2.197815e-16 -4.981768e-16
    outer loop
      vertex   -2.402957e-15 -3.514020e+00 8.587426e+00
      vertex   -2.364422e-15 -3.366755e+00 8.445106e+00
      vertex   -9.693993e-16 -3.414214e+00 5.665786e+00
    endloop
  endfacet
  facet normal -1.000000e+00 -6.044921e-15 -3.987094e-16
    outer loop
      vertex   -9.693993e-16 -3.414214e+00 5.665786e+00
      vertex   -2.364422e-15 -3.366755e+00 8.445106e+00
      vertex   -1.859436e-15 -3.277005e+00 5.817824e+00
    endloop
  endfacet
  facet normal -1.000000e+00 7.850462e-17 -1.895269e-16
    outer loop
      vertex   -1.859436e-15 -3.277005e+00 5.817824e+00
      vertex   -2.364422e-15 -3.366755e+00 8.445106e+00
      vertex   -2.324378e-15 -3.234817e+00 8.288473e+00
    endloop
  endfacet
  facet normal -1.000000e+00 7.850462e-17 -1.895269e-16
    outer loop
      vertex   -1.859436e-15 -3.277005e+00 5.817824e+00
      vertex   -2.324378e-15 -3.234817e+00 8.288473e+00
      vertex   -1.881265e-15 -3.156063e+00 5.983096e+00
    endloop
  endfacet
  facet normal -1.000000e+00 7.850462e-17 -1.895269e-16
    outer loop
      vertex   -1.881265e-15 -3.156063e+00 5.983096e+00
      vertex   -2.324378e-15 -3.234817e+00 8.288473e+00
      vertex   -2.283245e-15 -3.119588e+00 8.119168e+00
    endloop
  endfacet
  facet normal -1.000000e+00 7.850462e-17 -1.895269e-16
    outer loop
      vertex   -1.881265e-15 -3.156063e+00 5.983096e+00
      vertex   -2.283245e-15 -3.119588e+00 8.119168e+00
      vertex   -1.906650e-15 -3.052657e+00 6.159870e+00
    endloop
  endfacet
  facet normal -1.000000e+00 7.850462e-17 -1.895269e-16
    outer loop
      vertex   -1.906650e-15 -3.052657e+00 6.159870e+00
      vertex   -2.283245e-15 -3.119588e+00 8.119168e+00
      vertex   -2.241452e-15 -3.022278e+00 7.938967e+00
    endloop
  endfacet
  facet normal -1.000000e+00 7.850462e-17 -1.895269e-16
    outer loop
      vertex   -1.906650e-15 -3.052657e+00 6.159870e+00
      vertex   -2.241452e-15 -3.022278e+00 7.938967e+00
      vertex   -1.935326e-15 -2.967870e+00 6.346292e+00
    endloop
  endfacet
  facet normal -1.000000e+00 7.850462e-17 -1.895269e-16
    outer loop
      vertex   -1.935326e-15 -2.967870e+00 6.346292e+00
      vertex   -2.241452e-15 -3.022278e+00 7.938967e+00
      vertex   -2.199440e-15 -2.943905e+00 7.749759e+00
    endloop
  endfacet
  facet normal -1.000000e+00 7.850462e-17 -1.895269e-16
    outer loop
      vertex   -1.935326e-15 -2.967870e+00 6.346292e+00
      vertex   -2.199440e-15 -2.943905e+00 7.749759e+00
      vertex   -1.966992e-15 -2.902593e+00 6.540406e+00
    endloop
  endfacet
  facet normal -1.000000e+00 7.850462e-17 -1.895269e-16
    outer loop
      vertex   -1.966992e-15 -2.902593e+00 6.540406e+00
      vertex   -2.199440e-15 -2.943905e+00 7.749759e+00
      vertex   -2.157647e-15 -2.885293e+00 7.553529e+00
    endloop
  endfacet
  facet normal -1.000000e+00 7.850462e-17 -1.895269e-16
    outer loop
      vertex   -1.966992e-15 -2.902593e+00 6.540406e+00
      vertex   -2.157647e-15 -2.885293e+00 7.553529e+00
      vertex   -2.001315e-15 -2.857508e+00 6.740179e+00
    endloop
  endfacet
  facet normal -1.000000e+00 7.850462e-17 -1.895269e-16
    outer loop
      vertex   -2.001315e-15 -2.857508e+00 6.740179e+00
      vertex   -2.157647e-15 -2.885293e+00 7.553529e+00
      vertex   -2.116514e-15 -2.847055e+00 7.352333e+00
    endloop
  endfacet
  facet normal -1.000000e+00 7.850462e-17 -1.895269e-16
    outer loop
      vertex   -2.001315e-15 -2.857508e+00 6.740179e+00
      vertex   -2.116514e-15 -2.847055e+00 7.352333e+00
      vertex   -2.037935e-15 -2.833090e+00 6.943515e+00
    endloop
  endfacet
  facet normal -1.000000e+00 7.850462e-17 -1.895269e-16
    outer loop
      vertex   -2.037935e-15 -2.833090e+00 6.943515e+00
      vertex   -2.116514e-15 -2.847055e+00 7.352333e+00
      vertex   -2.076470e-15 -2.829593e+00 7.148282e+00
    endloop
  endfacet
  facet normal -1.000000e+00 1.772432e-16 3.697155e-17
    outer loop
      vertex   0.000000e+00 -1.500000e+01 4.408000e+01
      vertex   -1.450561e-16 -1.120920e+01 2.198327e+01
      vertex   -3.066436e-15 -2.500000e+01 9.080000e+00
    endloop
  endfacet
  facet normal -1.000000e+00 4.599769e-16 -2.652095e-16
    outer loop
      vertex   -3.066436e-15 -2.500000e+01 9.080000e+00
      vertex   -1.450561e-16 -1.120920e+01 2.198327e+01
      vertex   -7.266941e-17 -1.123979e+01 2.165727e+01
    endloop
  endfacet
  facet normal -1.000000e+00 4.328669e-16 -2.355497e-16
    outer loop
      vertex   -3.066436e-15 -2.500000e+01 9.080000e+00
      vertex   -7.266941e-17 -1.123979e+01 2.165727e+01
      vertex   -1.427613e-31 -1.125000e+01 2.133000e+01
    endloop
  endfacet
  facet normal -1.000000e+00 -2.220446e-15 -2.082455e-16
    outer loop
      vertex   -1.110223e-14 -1.000000e+01 4.408000e+01
      vertex   -1.019748e-14 -1.000000e+01 3.973535e+01
      vertex   0.000000e+00 -1.500000e+01 4.408000e+01
    endloop
  endfacet
  facet normal -1.000000e+00 -4.160260e-15 -2.440665e-15
    outer loop
      vertex   0.000000e+00 -1.500000e+01 4.408000e+01
      vertex   -1.019748e-14 -1.000000e+01 3.973535e+01
      vertex   -4.929944e-16 -1.075741e+01 3.705025e+01
    endloop
  endfacet
  facet normal -1.000000e+00 -2.829058e-16 -1.006092e-16
    outer loop
      vertex   0.000000e+00 -1.500000e+01 4.408000e+01
      vertex   -4.929944e-16 -1.075741e+01 3.705025e+01
      vertex   -4.261845e-16 -1.088657e+01 3.674936e+01
    endloop
  endfacet
  facet normal -1.000000e+00 5.086206e-13 -4.794323e-14
    outer loop
      vertex   -2.001548e-16 -1.000972e+01 3.942366e+01
      vertex   -1.338706e-16 -1.003886e+01 3.911319e+01
      vertex   -1.019748e-14 -1.000000e+01 3.973535e+01
    endloop
  endfacet
  facet normal -1.000000e+00 1.684015e-13 -2.669336e-14
    outer loop
      vertex   -1.019748e-14 -1.000000e+01 3.973535e+01
      vertex   -1.338706e-16 -1.003886e+01 3.911319e+01
      vertex   -6.706575e-17 -1.008729e+01 3.880513e+01
    endloop
  endfacet
  facet normal -1.000000e+00 8.334709e-14 -1.871172e-14
    outer loop
      vertex   -1.019748e-14 -1.000000e+01 3.973535e+01
      vertex   -6.706575e-17 -1.008729e+01 3.880513e+01
      vertex   2.635054e-31 -1.015484e+01 3.850069e+01
    endloop
  endfacet
  facet normal -1.000000e+00 4.932568e-14 -1.444516e-14
    outer loop
      vertex   2.635054e-31 -1.015484e+01 3.850069e+01
      vertex   6.706575e-17 -1.024123e+01 3.820106e+01
      vertex   -1.019748e-14 -1.000000e+01 3.973535e+01
    endloop
  endfacet
  facet normal -1.000000e+00 3.231536e-14 -1.177076e-14
    outer loop
      vertex   -1.019748e-14 -1.000000e+01 3.973535e+01
      vertex   6.706575e-17 -1.024123e+01 3.820106e+01
      vertex   1.338706e-16 -1.034613e+01 3.790739e+01
    endloop
  endfacet
  facet normal -1.000000e+00 2.259558e-14 -9.930313e-15
    outer loop
      vertex   -1.019748e-14 -1.000000e+01 3.973535e+01
      vertex   1.338706e-16 -1.034613e+01 3.790739e+01
      vertex   2.001548e-16 -1.046913e+01 3.762083e+01
    endloop
  endfacet
  facet normal -1.000000e+00 2.342571e-14 -1.011448e-14
    outer loop
      vertex   2.001548e-16 -1.046913e+01 3.762083e+01
      vertex   -2.789434e-16 -1.060976e+01 3.734250e+01
      vertex   -1.019748e-14 -1.000000e+01 3.973535e+01
    endloop
  endfacet
  facet normal -1.000000e+00 1.947686e-14 -9.108224e-15
    outer loop
      vertex   -1.019748e-14 -1.000000e+01 3.973535e+01
      vertex   -2.789434e-16 -1.060976e+01 3.734250e+01
      vertex   -4.929944e-16 -1.075741e+01 3.705025e+01
    endloop
  endfacet
  facet normal -1.000000e+00 -3.050975e-16 -1.130616e-16
    outer loop
      vertex   -4.261845e-16 -1.088657e+01 3.674936e+01
      vertex   -3.577167e-16 -1.099671e+01 3.644101e+01
      vertex   0.000000e+00 -1.500000e+01 4.408000e+01
    endloop
  endfacet
  facet normal -1.000000e+00 -3.309707e-16 -1.266207e-16
    outer loop
      vertex   0.000000e+00 -1.500000e+01 4.408000e+01
      vertex   -3.577167e-16 -1.099671e+01 3.644101e+01
      vertex   -2.878575e-16 -1.108742e+01 3.612640e+01
    endloop
  endfacet
  facet normal -1.000000e+00 -3.617847e-16 -1.417789e-16
    outer loop
      vertex   0.000000e+00 -1.500000e+01 4.408000e+01
      vertex   -2.878575e-16 -1.108742e+01 3.612640e+01
      vertex   -2.168786e-16 -1.115834e+01 3.580673e+01
    endloop
  endfacet
  facet normal -1.000000e+00 -3.994073e-16 -1.592488e-16
    outer loop
      vertex   -2.168786e-16 -1.115834e+01 3.580673e+01
      vertex   -1.450561e-16 -1.120920e+01 3.548327e+01
      vertex   0.000000e+00 -1.500000e+01 4.408000e+01
    endloop
  endfacet
  facet normal -1.000000e+00 -4.467423e-16 -1.801216e-16
    outer loop
      vertex   0.000000e+00 -1.500000e+01 4.408000e+01
      vertex   -1.450561e-16 -1.120920e+01 3.548327e+01
      vertex   -7.266941e-17 -1.123979e+01 3.515727e+01
    endloop
  endfacet
  facet normal -1.000000e+00 -5.085713e-16 -2.061775e-16
    outer loop
      vertex   0.000000e+00 -1.500000e+01 4.408000e+01
      vertex   -7.266941e-17 -1.123979e+01 3.515727e+01
      vertex   -1.427613e-31 -1.125000e+01 3.483000e+01
    endloop
  endfacet
  facet normal -1.000000e+00 -5.933751e-16 -2.405575e-16
    outer loop
      vertex   -1.427613e-31 -1.125000e+01 3.483000e+01
      vertex   7.266941e-17 -1.123979e+01 3.450273e+01
      vertex   0.000000e+00 -1.500000e+01 4.408000e+01
    endloop
  endfacet
  facet normal -1.000000e+00 -7.177836e-16 -2.894025e-16
    outer loop
      vertex   0.000000e+00 -1.500000e+01 4.408000e+01
      vertex   7.266941e-17 -1.123979e+01 3.450273e+01
      vertex   1.450561e-16 -1.120920e+01 3.417673e+01
    endloop
  endfacet
  facet normal -1.000000e+00 -9.194758e-16 -3.666068e-16
    outer loop
      vertex   0.000000e+00 -1.500000e+01 4.408000e+01
      vertex   1.450561e-16 -1.120920e+01 3.417673e+01
      vertex   2.168786e-16 -1.115834e+01 3.385327e+01
    endloop
  endfacet
  facet normal -1.000000e+00 1.238741e-15 5.278298e-17
    outer loop
      vertex   2.878575e-16 -1.108742e+01 3.353360e+01
      vertex   -2.878575e-16 -1.108742e+01 2.262640e+01
      vertex   2.168786e-16 -1.115834e+01 3.385327e+01
    endloop
  endfacet
  facet normal -1.000000e+00 -1.170153e-15 3.756603e-17
    outer loop
      vertex   2.168786e-16 -1.115834e+01 3.385327e+01
      vertex   -2.878575e-16 -1.108742e+01 2.262640e+01
      vertex   -2.168786e-16 -1.115834e+01 2.230673e+01
    endloop
  endfacet
  facet normal -1.000000e+00 1.564576e-16 3.756603e-17
    outer loop
      vertex   2.168786e-16 -1.115834e+01 3.385327e+01
      vertex   -2.168786e-16 -1.115834e+01 2.230673e+01
      vertex   0.000000e+00 -1.500000e+01 4.408000e+01
    endloop
  endfacet
  facet normal -1.000000e+00 -6.953313e-16 -1.127229e-16
    outer loop
      vertex   0.000000e+00 -1.500000e+01 4.408000e+01
      vertex   -2.168786e-16 -1.115834e+01 2.230673e+01
      vertex   -1.450561e-16 -1.120920e+01 2.198327e+01
    endloop
  endfacet
  facet normal -1.000000e+00 -9.532196e-16 5.278298e-17
    outer loop
      vertex   -2.878575e-16 -1.108742e+01 2.262640e+01
      vertex   2.878575e-16 -1.108742e+01 3.353360e+01
      vertex   -3.577167e-16 -1.099671e+01 2.294101e+01
    endloop
  endfacet
  facet normal -1.000000e+00 1.011577e-15 6.960841e-17
    outer loop
      vertex   -3.577167e-16 -1.099671e+01 2.294101e+01
      vertex   2.878575e-16 -1.108742e+01 3.353360e+01
      vertex   3.577167e-16 -1.099671e+01 3.321899e+01
    endloop
  endfacet
  facet normal -1.000000e+00 -8.164818e-16 6.960841e-17
    outer loop
      vertex   -3.577167e-16 -1.099671e+01 2.294101e+01
      vertex   3.577167e-16 -1.099671e+01 3.321899e+01
      vertex   -4.261845e-16 -1.088657e+01 2.324936e+01
    endloop
  endfacet
  facet normal -1.000000e+00 8.685998e-16 8.822533e-17
    outer loop
      vertex   -4.261845e-16 -1.088657e+01 2.324936e+01
      vertex   3.577167e-16 -1.099671e+01 3.321899e+01
      vertex   4.261845e-16 -1.088657e+01 3.291064e+01
    endloop
  endfacet
  facet normal -1.000000e+00 -7.228302e-16 8.822533e-17
    outer loop
      vertex   -4.261845e-16 -1.088657e+01 2.324936e+01
      vertex   4.261845e-16 -1.088657e+01 3.291064e+01
      vertex   -4.929944e-16 -1.075741e+01 2.355025e+01
    endloop
  endfacet
  facet normal -1.000000e+00 7.708436e-16 1.088348e-16
    outer loop
      vertex   -4.929944e-16 -1.075741e+01 2.355025e+01
      vertex   4.261845e-16 -1.088657e+01 3.291064e+01
      vertex   4.929944e-16 -1.075741e+01 3.260975e+01
    endloop
  endfacet
  facet normal -1.000000e+00 -9.240797e-15 1.088348e-16
    outer loop
      vertex   -4.929944e-16 -1.075741e+01 2.355025e+01
      vertex   4.929944e-16 -1.075741e+01 3.260975e+01
      vertex   -7.199875e-15 -1.000000e+01 2.623535e+01
    endloop
  endfacet
  facet normal -1.000000e+00 -1.202548e-14 -2.220446e-16
    outer loop
      vertex   -7.199875e-15 -1.000000e+01 2.623535e+01
      vertex   4.929944e-16 -1.075741e+01 3.260975e+01
      vertex   -8.019062e-15 -1.000000e+01 2.992465e+01
    endloop
  endfacet
  facet normal -1.000000e+00 1.092303e-14 6.251272e-15
    outer loop
      vertex   -8.019062e-15 -1.000000e+01 2.992465e+01
      vertex   4.929944e-16 -1.075741e+01 3.260975e+01
      vertex   2.789434e-16 -1.060976e+01 3.231750e+01
    endloop
  endfacet
  facet normal -1.000000e+00 6.974185e-15 5.245012e-15
    outer loop
      vertex   -8.019062e-15 -1.000000e+01 2.992465e+01
      vertex   2.789434e-16 -1.060976e+01 3.231750e+01
      vertex   -2.001548e-16 -1.046913e+01 3.203917e+01
    endloop
  endfacet
  facet normal -1.000000e+00 1.894578e-14 7.901036e-15
    outer loop
      vertex   -2.001548e-16 -1.046913e+01 3.203917e+01
      vertex   -1.338706e-16 -1.034613e+01 3.175261e+01
      vertex   -8.019062e-15 -1.000000e+01 2.992465e+01
    endloop
  endfacet
  facet normal -1.000000e+00 2.705362e-14 9.436260e-15
    outer loop
      vertex   -8.019062e-15 -1.000000e+01 2.992465e+01
      vertex   -1.338706e-16 -1.034613e+01 3.175261e+01
      vertex   -6.706575e-17 -1.024123e+01 3.145894e+01
    endloop
  endfacet
  facet normal -1.000000e+00 4.124295e-14 1.166714e-14
    outer loop
      vertex   -8.019062e-15 -1.000000e+01 2.992465e+01
      vertex   -6.706575e-17 -1.024123e+01 3.145894e+01
      vertex   4.479094e-31 -1.015484e+01 3.115931e+01
    endloop
  endfacet
  facet normal -1.000000e+00 6.962225e-14 1.522613e-14
    outer loop
      vertex   4.479094e-31 -1.015484e+01 3.115931e+01
      vertex   6.706575e-17 -1.008729e+01 3.085487e+01
      vertex   -8.019062e-15 -1.000000e+01 2.992465e+01
    endloop
  endfacet
  facet normal -1.000000e+00 1.405713e-13 2.188409e-14
    outer loop
      vertex   -8.019062e-15 -1.000000e+01 2.992465e+01
      vertex   6.706575e-17 -1.008729e+01 3.085487e+01
      vertex   1.338706e-16 -1.003886e+01 3.054681e+01
    endloop
  endfacet
  facet normal -1.000000e+00 4.243684e-13 3.960988e-14
    outer loop
      vertex   -8.019062e-15 -1.000000e+01 2.992465e+01
      vertex   1.338706e-16 -1.003886e+01 3.054681e+01
      vertex   2.001548e-16 -1.000972e+01 3.023634e+01
    endloop
  endfacet
  facet normal -1.000000e+00 3.550937e-13 -3.353602e-14
    outer loop
      vertex   -2.001548e-16 -1.000972e+01 2.592366e+01
      vertex   -1.338706e-16 -1.003886e+01 2.561319e+01
      vertex   -7.199875e-15 -1.000000e+01 2.623535e+01
    endloop
  endfacet
  facet normal -1.000000e+00 1.175589e-13 -1.869975e-14
    outer loop
      vertex   -7.199875e-15 -1.000000e+01 2.623535e+01
      vertex   -1.338706e-16 -1.003886e+01 2.561319e+01
      vertex   -6.706575e-17 -1.008729e+01 2.530513e+01
    endloop
  endfacet
  facet normal -1.000000e+00 5.817540e-14 -1.312711e-14
    outer loop
      vertex   -7.199875e-15 -1.000000e+01 2.623535e+01
      vertex   -6.706575e-17 -1.008729e+01 2.530513e+01
      vertex   5.972125e-32 -1.015484e+01 2.500069e+01
    endloop
  endfacet
  facet normal -1.000000e+00 3.442226e-14 -1.014828e-14
    outer loop
      vertex   5.972125e-32 -1.015484e+01 2.500069e+01
      vertex   6.706575e-17 -1.024123e+01 2.470106e+01
      vertex   -7.199875e-15 -1.000000e+01 2.623535e+01
    endloop
  endfacet
  facet normal -1.000000e+00 2.254596e-14 -8.281060e-15
    outer loop
      vertex   -7.199875e-15 -1.000000e+01 2.623535e+01
      vertex   6.706575e-17 -1.024123e+01 2.470106e+01
      vertex   1.338706e-16 -1.034613e+01 2.440739e+01
    endloop
  endfacet
  facet normal -1.000000e+00 1.575979e-14 -6.996095e-15
    outer loop
      vertex   -7.199875e-15 -1.000000e+01 2.623535e+01
      vertex   1.338706e-16 -1.034613e+01 2.440739e+01
      vertex   2.001548e-16 -1.046913e+01 2.412083e+01
    endloop
  endfacet
  facet normal -1.000000e+00 1.842329e-14 -7.587019e-15
    outer loop
      vertex   2.001548e-16 -1.046913e+01 2.412083e+01
      vertex   -2.789434e-16 -1.060976e+01 2.384250e+01
      vertex   -7.199875e-15 -1.000000e+01 2.623535e+01
    endloop
  endfacet
  facet normal -1.000000e+00 1.447444e-14 -6.580760e-15
    outer loop
      vertex   -7.199875e-15 -1.000000e+01 2.623535e+01
      vertex   -2.789434e-16 -1.060976e+01 2.384250e+01
      vertex   -4.929944e-16 -1.075741e+01 2.355025e+01
    endloop
  endfacet
  facet normal -1.000000e+00 4.094540e-16 -2.092699e-16
    outer loop
      vertex   -1.427613e-31 -1.125000e+01 2.133000e+01
      vertex   7.266941e-17 -1.123979e+01 2.100273e+01
      vertex   -3.066436e-15 -2.500000e+01 9.080000e+00
    endloop
  endfacet
  facet normal -1.000000e+00 3.889011e-16 -1.855495e-16
    outer loop
      vertex   -3.066436e-15 -2.500000e+01 9.080000e+00
      vertex   7.266941e-17 -1.123979e+01 2.100273e+01
      vertex   1.450561e-16 -1.120920e+01 2.067673e+01
    endloop
  endfacet
  facet normal -1.000000e+00 3.705942e-16 -1.637789e-16
    outer loop
      vertex   -3.066436e-15 -2.500000e+01 9.080000e+00
      vertex   1.450561e-16 -1.120920e+01 2.067673e+01
      vertex   2.168786e-16 -1.115834e+01 2.035327e+01
    endloop
  endfacet
  facet normal -1.000000e+00 3.540703e-16 -1.434904e-16
    outer loop
      vertex   2.168786e-16 -1.115834e+01 2.035327e+01
      vertex   2.878575e-16 -1.108742e+01 2.003360e+01
      vertex   -3.066436e-15 -2.500000e+01 9.080000e+00
    endloop
  endfacet
  facet normal -1.000000e+00 3.389722e-16 -1.243138e-16
    outer loop
      vertex   -3.066436e-15 -2.500000e+01 9.080000e+00
      vertex   2.878575e-16 -1.108742e+01 2.003360e+01
      vertex   3.577167e-16 -1.099671e+01 1.971899e+01
    endloop
  endfacet
  facet normal -2.366387e-16 8.925456e-01 -4.509572e-01
    outer loop
      vertex   6.700000e+00 -1.060976e+01 2.384250e+01
      vertex   -2.789434e-16 -1.060976e+01 2.384250e+01
      vertex   6.700000e+00 -1.046913e+01 2.412083e+01
    endloop
  endfacet
  facet normal 2.391227e-16 8.925456e-01 -4.509572e-01
    outer loop
      vertex   6.700000e+00 -1.046913e+01 2.412083e+01
      vertex   -2.789434e-16 -1.060976e+01 2.384250e+01
      vertex   2.001548e-16 -1.046913e+01 2.412083e+01
    endloop
  endfacet
  facet normal 2.091545e-16 9.189214e-01 -3.944408e-01
    outer loop
      vertex   6.700000e+00 -1.046913e+01 2.412083e+01
      vertex   2.001548e-16 -1.046913e+01 2.412083e+01
      vertex   6.700000e+00 -1.034613e+01 2.440739e+01
    endloop
  endfacet
  facet normal 0.000000e+00 9.189214e-01 -3.944408e-01
    outer loop
      vertex   6.700000e+00 -1.034613e+01 2.440739e+01
      vertex   2.001548e-16 -1.046913e+01 2.412083e+01
      vertex   1.338706e-16 -1.034613e+01 2.440739e+01
    endloop
  endfacet
  facet normal 0.000000e+00 9.417228e-01 -3.363900e-01
    outer loop
      vertex   6.700000e+00 -1.034613e+01 2.440739e+01
      vertex   1.338706e-16 -1.034613e+01 2.440739e+01
      vertex   6.700000e+00 -1.024123e+01 2.470106e+01
    endloop
  endfacet
  facet normal 0.000000e+00 9.417228e-01 -3.363900e-01
    outer loop
      vertex   6.700000e+00 -1.024123e+01 2.470106e+01
      vertex   1.338706e-16 -1.034613e+01 2.440739e+01
      vertex   6.706575e-17 -1.024123e+01 2.470106e+01
    endloop
  endfacet
  facet normal 0.000000e+00 9.608611e-01 -2.770307e-01
    outer loop
      vertex   6.700000e+00 -1.024123e+01 2.470106e+01
      vertex   6.706575e-17 -1.024123e+01 2.470106e+01
      vertex   6.700000e+00 -1.015484e+01 2.500069e+01
    endloop
  endfacet
  facet normal 0.000000e+00 9.608611e-01 -2.770307e-01
    outer loop
      vertex   6.700000e+00 -1.015484e+01 2.500069e+01
      vertex   6.706575e-17 -1.024123e+01 2.470106e+01
      vertex   5.972125e-32 -1.015484e+01 2.500069e+01
    endloop
  endfacet
  facet normal 0.000000e+00 9.762618e-01 -2.165939e-01
    outer loop
      vertex   6.700000e+00 -1.015484e+01 2.500069e+01
      vertex   5.972125e-32 -1.015484e+01 2.500069e+01
      vertex   6.700000e+00 -1.008729e+01 2.530513e+01
    endloop
  endfacet
  facet normal 0.000000e+00 9.762618e-01 -2.165939e-01
    outer loop
      vertex   6.700000e+00 -1.008729e+01 2.530513e+01
      vertex   5.972125e-32 -1.015484e+01 2.500069e+01
      vertex   -6.706575e-17 -1.008729e+01 2.530513e+01
    endloop
  endfacet
  facet normal 0.000000e+00 9.878651e-01 -1.553145e-01
    outer loop
      vertex   6.700000e+00 -1.008729e+01 2.530513e+01
      vertex   -6.706575e-17 -1.008729e+01 2.530513e+01
      vertex   6.700000e+00 -1.003886e+01 2.561319e+01
    endloop
  endfacet
  facet normal 0.000000e+00 9.878651e-01 -1.553145e-01
    outer loop
      vertex   6.700000e+00 -1.003886e+01 2.561319e+01
      vertex   -6.706575e-17 -1.008729e+01 2.530513e+01
      vertex   -1.338706e-16 -1.003886e+01 2.561319e+01
    endloop
  endfacet
  facet normal 0.000000e+00 9.956258e-01 -9.343103e-02
    outer loop
      vertex   6.700000e+00 -1.003886e+01 2.561319e+01
      vertex   -1.338706e-16 -1.003886e+01 2.561319e+01
      vertex   6.700000e+00 -1.000972e+01 2.592366e+01
    endloop
  endfacet
  facet normal 0.000000e+00 9.956258e-01 -9.343103e-02
    outer loop
      vertex   6.700000e+00 -1.000972e+01 2.592366e+01
      vertex   -1.338706e-16 -1.003886e+01 2.561319e+01
      vertex   -2.001548e-16 -1.000972e+01 2.592366e+01
    endloop
  endfacet
  facet normal 0.000000e+00 9.995137e-01 -3.118411e-02
    outer loop
      vertex   6.700000e+00 -1.000972e+01 2.592366e+01
      vertex   -2.001548e-16 -1.000972e+01 2.592366e+01
      vertex   6.700000e+00 -1.000000e+01 2.623535e+01
    endloop
  endfacet
  facet normal 0.000000e+00 9.995137e-01 -3.118411e-02
    outer loop
      vertex   6.700000e+00 -1.000000e+01 2.623535e+01
      vertex   -2.001548e-16 -1.000972e+01 2.592366e+01
      vertex   -7.199875e-15 -1.000000e+01 2.623535e+01
    endloop
  endfacet
  facet normal 0.000000e+00 1.000000e+00 -0.000000e+00
    outer loop
      vertex   -7.199875e-15 -1.000000e+01 2.623535e+01
      vertex   -8.019062e-15 -1.000000e+01 2.992465e+01
      vertex   6.700000e+00 -1.000000e+01 2.623535e+01
    endloop
  endfacet
  facet normal 0.000000e+00 1.000000e+00 -0.000000e+00
    outer loop
      vertex   6.700000e+00 -1.000000e+01 2.623535e+01
      vertex   -8.019062e-15 -1.000000e+01 2.992465e+01
      vertex   6.700000e+00 -1.000000e+01 2.992465e+01
    endloop
  endfacet
  facet normal -0.000000e+00 8.925456e-01 4.509572e-01
    outer loop
      vertex   2.789434e-16 -1.060976e+01 3.231750e+01
      vertex   6.700000e+00 -1.060976e+01 3.231750e+01
      vertex   -2.001548e-16 -1.046913e+01 3.203917e+01
    endloop
  endfacet
  facet normal -0.000000e+00 8.925456e-01 4.509572e-01
    outer loop
      vertex   -2.001548e-16 -1.046913e+01 3.203917e+01
      vertex   6.700000e+00 -1.060976e+01 3.231750e+01
      vertex   6.700000e+00 -1.046913e+01 3.203917e+01
    endloop
  endfacet
  facet normal -0.000000e+00 9.189214e-01 3.944408e-01
    outer loop
      vertex   -2.001548e-16 -1.046913e+01 3.203917e+01
      vertex   6.700000e+00 -1.046913e+01 3.203917e+01
      vertex   -1.338706e-16 -1.034613e+01 3.175261e+01
    endloop
  endfacet
  facet normal -0.000000e+00 9.189214e-01 3.944408e-01
    outer loop
      vertex   -1.338706e-16 -1.034613e+01 3.175261e+01
      vertex   6.700000e+00 -1.046913e+01 3.203917e+01
      vertex   6.700000e+00 -1.034613e+01 3.175261e+01
    endloop
  endfacet
  facet normal -0.000000e+00 9.417228e-01 3.363900e-01
    outer loop
      vertex   -1.338706e-16 -1.034613e+01 3.175261e+01
      vertex   6.700000e+00 -1.034613e+01 3.175261e+01
      vertex   -6.706575e-17 -1.024123e+01 3.145894e+01
    endloop
  endfacet
  facet normal -0.000000e+00 9.417228e-01 3.363900e-01
    outer loop
      vertex   -6.706575e-17 -1.024123e+01 3.145894e+01
      vertex   6.700000e+00 -1.034613e+01 3.175261e+01
      vertex   6.700000e+00 -1.024123e+01 3.145894e+01
    endloop
  endfacet
  facet normal -0.000000e+00 9.608611e-01 2.770307e-01
    outer loop
      vertex   -6.706575e-17 -1.024123e+01 3.145894e+01
      vertex   6.700000e+00 -1.024123e+01 3.145894e+01
      vertex   4.479094e-31 -1.015484e+01 3.115931e+01
    endloop
  endfacet
  facet normal -0.000000e+00 9.608611e-01 2.770307e-01
    outer loop
      vertex   4.479094e-31 -1.015484e+01 3.115931e+01
      vertex   6.700000e+00 -1.024123e+01 3.145894e+01
      vertex   6.700000e+00 -1.015484e+01 3.115931e+01
    endloop
  endfacet
  facet normal -0.000000e+00 9.762618e-01 2.165939e-01
    outer loop
      vertex   4.479094e-31 -1.015484e+01 3.115931e+01
      vertex   6.700000e+00 -1.015484e+01 3.115931e+01
      vertex   6.706575e-17 -1.008729e+01 3.085487e+01
    endloop
  endfacet
  facet normal -0.000000e+00 9.762618e-01 2.165939e-01
    outer loop
      vertex   6.706575e-17 -1.008729e+01 3.085487e+01
      vertex   6.700000e+00 -1.015484e+01 3.115931e+01
      vertex   6.700000e+00 -1.008729e+01 3.085487e+01
    endloop
  endfacet
  facet normal -0.000000e+00 9.878651e-01 1.553145e-01
    outer loop
      vertex   6.706575e-17 -1.008729e+01 3.085487e+01
      vertex   6.700000e+00 -1.008729e+01 3.085487e+01
      vertex   1.338706e-16 -1.003886e+01 3.054681e+01
    endloop
  endfacet
  facet normal -0.000000e+00 9.878651e-01 1.553145e-01
    outer loop
      vertex   1.338706e-16 -1.003886e+01 3.054681e+01
      vertex   6.700000e+00 -1.008729e+01 3.085487e+01
      vertex   6.700000e+00 -1.003886e+01 3.054681e+01
    endloop
  endfacet
  facet normal -0.000000e+00 9.956258e-01 9.343103e-02
    outer loop
      vertex   1.338706e-16 -1.003886e+01 3.054681e+01
      vertex   6.700000e+00 -1.003886e+01 3.054681e+01
      vertex   2.001548e-16 -1.000972e+01 3.023634e+01
    endloop
  endfacet
  facet normal -0.000000e+00 9.956258e-01 9.343103e-02
    outer loop
      vertex   2.001548e-16 -1.000972e+01 3.023634e+01
      vertex   6.700000e+00 -1.003886e+01 3.054681e+01
      vertex   6.700000e+00 -1.000972e+01 3.023634e+01
    endloop
  endfacet
  facet normal -0.000000e+00 9.995137e-01 3.118411e-02
    outer loop
      vertex   2.001548e-16 -1.000972e+01 3.023634e+01
      vertex   6.700000e+00 -1.000972e+01 3.023634e+01
      vertex   -8.019062e-15 -1.000000e+01 2.992465e+01
    endloop
  endfacet
  facet normal -0.000000e+00 9.995137e-01 3.118411e-02
    outer loop
      vertex   -8.019062e-15 -1.000000e+01 2.992465e+01
      vertex   6.700000e+00 -1.000972e+01 3.023634e+01
      vertex   6.700000e+00 -1.000000e+01 2.992465e+01
    endloop
  endfacet
  facet normal 0.000000e+00 8.925456e-01 4.509572e-01
    outer loop
      vertex   6.700000e+00 -1.060976e+01 3.231750e+01
      vertex   2.789434e-16 -1.060976e+01 3.231750e+01
      vertex   6.700000e+00 -1.075741e+01 3.260975e+01
    endloop
  endfacet
  facet normal -4.782453e-16 8.925456e-01 4.509572e-01
    outer loop
      vertex   6.700000e+00 -1.075741e+01 3.260975e+01
      vertex   2.789434e-16 -1.060976e+01 3.231750e+01
      vertex   4.929944e-16 -1.075741e+01 3.260975e+01
    endloop
  endfacet
  facet normal -4.183090e-16 9.189214e-01 3.944408e-01
    outer loop
      vertex   6.700000e+00 -1.075741e+01 3.260975e+01
      vertex   4.929944e-16 -1.075741e+01 3.260975e+01
      vertex   6.700000e+00 -1.088657e+01 3.291064e+01
    endloop
  endfacet
  facet normal 4.183090e-16 9.189214e-01 3.944408e-01
    outer loop
      vertex   6.700000e+00 -1.088657e+01 3.291064e+01
      vertex   4.929944e-16 -1.075741e+01 3.260975e+01
      vertex   4.261845e-16 -1.088657e+01 3.291064e+01
    endloop
  endfacet
  facet normal 3.567455e-16 9.417228e-01 3.363900e-01
    outer loop
      vertex   6.700000e+00 -1.088657e+01 3.291064e+01
      vertex   4.261845e-16 -1.088657e+01 3.291064e+01
      vertex   6.700000e+00 -1.099671e+01 3.321899e+01
    endloop
  endfacet
  facet normal 0.000000e+00 9.417228e-01 3.363900e-01
    outer loop
      vertex   6.700000e+00 -1.099671e+01 3.321899e+01
      vertex   4.261845e-16 -1.088657e+01 3.291064e+01
      vertex   3.577167e-16 -1.099671e+01 3.321899e+01
    endloop
  endfacet
  facet normal 0.000000e+00 9.608611e-01 2.770307e-01
    outer loop
      vertex   6.700000e+00 -1.099671e+01 3.321899e+01
      vertex   3.577167e-16 -1.099671e+01 3.321899e+01
      vertex   6.700000e+00 -1.108742e+01 3.353360e+01
    endloop
  endfacet
  facet normal 0.000000e+00 9.608611e-01 2.770307e-01
    outer loop
      vertex   6.700000e+00 -1.108742e+01 3.353360e+01
      vertex   3.577167e-16 -1.099671e+01 3.321899e+01
      vertex   2.878575e-16 -1.108742e+01 3.353360e+01
    endloop
  endfacet
  facet normal 0.000000e+00 9.762618e-01 2.165939e-01
    outer loop
      vertex   6.700000e+00 -1.108742e+01 3.353360e+01
      vertex   2.878575e-16 -1.108742e+01 3.353360e+01
      vertex   6.700000e+00 -1.115834e+01 3.385327e+01
    endloop
  endfacet
  facet normal 0.000000e+00 9.762618e-01 2.165939e-01
    outer loop
      vertex   6.700000e+00 -1.115834e+01 3.385327e+01
      vertex   2.878575e-16 -1.108742e+01 3.353360e+01
      vertex   2.168786e-16 -1.115834e+01 3.385327e+01
    endloop
  endfacet
  facet normal 0.000000e+00 9.878651e-01 1.553145e-01
    outer loop
      vertex   6.700000e+00 -1.115834e+01 3.385327e+01
      vertex   2.168786e-16 -1.115834e+01 3.385327e+01
      vertex   6.700000e+00 -1.120920e+01 3.417673e+01
    endloop
  endfacet
  facet normal 0.000000e+00 9.878651e-01 1.553145e-01
    outer loop
      vertex   6.700000e+00 -1.120920e+01 3.417673e+01
      vertex   2.168786e-16 -1.115834e+01 3.385327e+01
      vertex   1.450561e-16 -1.120920e+01 3.417673e+01
    endloop
  endfacet
  facet normal 0.000000e+00 9.956258e-01 9.343103e-02
    outer loop
      vertex   6.700000e+00 -1.120920e+01 3.417673e+01
      vertex   1.450561e-16 -1.120920e+01 3.417673e+01
      vertex   6.700000e+00 -1.123979e+01 3.450273e+01
    endloop
  endfacet
  facet normal 0.000000e+00 9.956258e-01 9.343103e-02
    outer loop
      vertex   6.700000e+00 -1.123979e+01 3.450273e+01
      vertex   1.450561e-16 -1.120920e+01 3.417673e+01
      vertex   7.266941e-17 -1.123979e+01 3.450273e+01
    endloop
  endfacet
  facet normal 0.000000e+00 9.995137e-01 3.118411e-02
    outer loop
      vertex   6.700000e+00 -1.123979e+01 3.450273e+01
      vertex   7.266941e-17 -1.123979e+01 3.450273e+01
      vertex   6.700000e+00 -1.125000e+01 3.483000e+01
    endloop
  endfacet
  facet normal 0.000000e+00 9.995137e-01 3.118411e-02
    outer loop
      vertex   6.700000e+00 -1.125000e+01 3.483000e+01
      vertex   7.266941e-17 -1.123979e+01 3.450273e+01
      vertex   -1.427613e-31 -1.125000e+01 3.483000e+01
    endloop
  endfacet
  facet normal 0.000000e+00 9.995137e-01 -3.118411e-02
    outer loop
      vertex   6.700000e+00 -1.125000e+01 3.483000e+01
      vertex   -1.427613e-31 -1.125000e+01 3.483000e+01
      vertex   6.700000e+00 -1.123979e+01 3.515727e+01
    endloop
  endfacet
  facet normal 0.000000e+00 9.995137e-01 -3.118411e-02
    outer loop
      vertex   6.700000e+00 -1.123979e+01 3.515727e+01
      vertex   -1.427613e-31 -1.125000e+01 3.483000e+01
      vertex   -7.266941e-17 -1.123979e+01 3.515727e+01
    endloop
  endfacet
  facet normal 0.000000e+00 9.956258e-01 -9.343103e-02
    outer loop
      vertex   6.700000e+00 -1.123979e+01 3.515727e+01
      vertex   -7.266941e-17 -1.123979e+01 3.515727e+01
      vertex   6.700000e+00 -1.120920e+01 3.548327e+01
    endloop
  endfacet
  facet normal 0.000000e+00 9.956258e-01 -9.343103e-02
    outer loop
      vertex   6.700000e+00 -1.120920e+01 3.548327e+01
      vertex   -7.266941e-17 -1.123979e+01 3.515727e+01
      vertex   -1.450561e-16 -1.120920e+01 3.548327e+01
    endloop
  endfacet
  facet normal 0.000000e+00 9.878651e-01 -1.553145e-01
    outer loop
      vertex   6.700000e+00 -1.120920e+01 3.548327e+01
      vertex   -1.450561e-16 -1.120920e+01 3.548327e+01
      vertex   6.700000e+00 -1.115834e+01 3.580673e+01
    endloop
  endfacet
  facet normal 0.000000e+00 9.878651e-01 -1.553145e-01
    outer loop
      vertex   6.700000e+00 -1.115834e+01 3.580673e+01
      vertex   -1.450561e-16 -1.120920e+01 3.548327e+01
      vertex   -2.168786e-16 -1.115834e+01 3.580673e+01
    endloop
  endfacet
  facet normal 0.000000e+00 9.762618e-01 -2.165939e-01
    outer loop
      vertex   6.700000e+00 -1.115834e+01 3.580673e+01
      vertex   -2.168786e-16 -1.115834e+01 3.580673e+01
      vertex   6.700000e+00 -1.108742e+01 3.612640e+01
    endloop
  endfacet
  facet normal 0.000000e+00 9.762618e-01 -2.165939e-01
    outer loop
      vertex   6.700000e+00 -1.108742e+01 3.612640e+01
      vertex   -2.168786e-16 -1.115834e+01 3.580673e+01
      vertex   -2.878575e-16 -1.108742e+01 3.612640e+01
    endloop
  endfacet
  facet normal 0.000000e+00 9.608611e-01 -2.770307e-01
    outer loop
      vertex   6.700000e+00 -1.108742e+01 3.612640e+01
      vertex   -2.878575e-16 -1.108742e+01 3.612640e+01
      vertex   6.700000e+00 -1.099671e+01 3.644101e+01
    endloop
  endfacet
  facet normal -2.937943e-16 9.608611e-01 -2.770307e-01
    outer loop
      vertex   6.700000e+00 -1.099671e+01 3.644101e+01
      vertex   -2.878575e-16 -1.108742e+01 3.612640e+01
      vertex   -3.577167e-16 -1.099671e+01 3.644101e+01
    endloop
  endfacet
  facet normal -3.567455e-16 9.417228e-01 -3.363900e-01
    outer loop
      vertex   6.700000e+00 -1.099671e+01 3.644101e+01
      vertex   -3.577167e-16 -1.099671e+01 3.644101e+01
      vertex   6.700000e+00 -1.088657e+01 3.674936e+01
    endloop
  endfacet
  facet normal -3.567455e-16 9.417228e-01 -3.363900e-01
    outer loop
      vertex   6.700000e+00 -1.088657e+01 3.674936e+01
      vertex   -3.577167e-16 -1.099671e+01 3.644101e+01
      vertex   -4.261845e-16 -1.088657e+01 3.674936e+01
    endloop
  endfacet
  facet normal -4.183090e-16 9.189214e-01 -3.944408e-01
    outer loop
      vertex   6.700000e+00 -1.088657e+01 3.674936e+01
      vertex   -4.261845e-16 -1.088657e+01 3.674936e+01
      vertex   6.700000e+00 -1.075741e+01 3.705025e+01
    endloop
  endfacet
  facet normal 0.000000e+00 9.189214e-01 -3.944408e-01
    outer loop
      vertex   6.700000e+00 -1.075741e+01 3.705025e+01
      vertex   -4.261845e-16 -1.088657e+01 3.674936e+01
      vertex   -4.929944e-16 -1.075741e+01 3.705025e+01
    endloop
  endfacet
  facet normal 0.000000e+00 8.925456e-01 -4.509572e-01
    outer loop
      vertex   6.700000e+00 -1.075741e+01 3.705025e+01
      vertex   -4.929944e-16 -1.075741e+01 3.705025e+01
      vertex   6.700000e+00 -1.060976e+01 3.734250e+01
    endloop
  endfacet
  facet normal 0.000000e+00 8.925456e-01 -4.509572e-01
    outer loop
      vertex   6.700000e+00 -1.060976e+01 3.734250e+01
      vertex   -4.929944e-16 -1.075741e+01 3.705025e+01
      vertex   -2.789434e-16 -1.060976e+01 3.734250e+01
    endloop
  endfacet
  facet normal 0.000000e+00 8.925456e-01 -4.509572e-01
    outer loop
      vertex   6.700000e+00 -1.060976e+01 3.734250e+01
      vertex   -2.789434e-16 -1.060976e+01 3.734250e+01
      vertex   6.700000e+00 -1.046913e+01 3.762083e+01
    endloop
  endfacet
  facet normal 0.000000e+00 8.925456e-01 -4.509572e-01
    outer loop
      vertex   6.700000e+00 -1.046913e+01 3.762083e+01
      vertex   -2.789434e-16 -1.060976e+01 3.734250e+01
      vertex   2.001548e-16 -1.046913e+01 3.762083e+01
    endloop
  endfacet
  facet normal 0.000000e+00 9.189214e-01 -3.944408e-01
    outer loop
      vertex   6.700000e+00 -1.046913e+01 3.762083e+01
      vertex   2.001548e-16 -1.046913e+01 3.762083e+01
      vertex   6.700000e+00 -1.034613e+01 3.790739e+01
    endloop
  endfacet
  facet normal 0.000000e+00 9.189214e-01 -3.944408e-01
    outer loop
      vertex   6.700000e+00 -1.034613e+01 3.790739e+01
      vertex   2.001548e-16 -1.046913e+01 3.762083e+01
      vertex   1.338706e-16 -1.034613e+01 3.790739e+01
    endloop
  endfacet
  facet normal 0.000000e+00 9.417228e-01 -3.363900e-01
    outer loop
      vertex   6.700000e+00 -1.034613e+01 3.790739e+01
      vertex   1.338706e-16 -1.034613e+01 3.790739e+01
      vertex   6.700000e+00 -1.024123e+01 3.820106e+01
    endloop
  endfacet
  facet normal 0.000000e+00 9.417228e-01 -3.363900e-01
    outer loop
      vertex   6.700000e+00 -1.024123e+01 3.820106e+01
      vertex   1.338706e-16 -1.034613e+01 3.790739e+01
      vertex   6.706575e-17 -1.024123e+01 3.820106e+01
    endloop
  endfacet
  facet normal 0.000000e+00 9.608611e-01 -2.770307e-01
    outer loop
      vertex   6.700000e+00 -1.024123e+01 3.820106e+01
      vertex   6.706575e-17 -1.024123e+01 3.820106e+01
      vertex   6.700000e+00 -1.015484e+01 3.850069e+01
    endloop
  endfacet
  facet normal 0.000000e+00 9.608611e-01 -2.770307e-01
    outer loop
      vertex   6.700000e+00 -1.015484e+01 3.850069e+01
      vertex   6.706575e-17 -1.024123e+01 3.820106e+01
      vertex   2.635054e-31 -1.015484e+01 3.850069e+01
    endloop
  endfacet
  facet normal 0.000000e+00 9.762618e-01 -2.165939e-01
    outer loop
      vertex   6.700000e+00 -1.015484e+01 3.850069e+01
      vertex   2.635054e-31 -1.015484e+01 3.850069e+01
      vertex   6.700000e+00 -1.008729e+01 3.880513e+01
    endloop
  endfacet
  facet normal 0.000000e+00 9.762618e-01 -2.165939e-01
    outer loop
      vertex   6.700000e+00 -1.008729e+01 3.880513e+01
      vertex   2.635054e-31 -1.015484e+01 3.850069e+01
      vertex   -6.706575e-17 -1.008729e+01 3.880513e+01
    endloop
  endfacet
  facet normal 0.000000e+00 9.878651e-01 -1.553145e-01
    outer loop
      vertex   6.700000e+00 -1.008729e+01 3.880513e+01
      vertex   -6.706575e-17 -1.008729e+01 3.880513e+01
      vertex   6.700000e+00 -1.003886e+01 3.911319e+01
    endloop
  endfacet
  facet normal 0.000000e+00 9.878651e-01 -1.553145e-01
    outer loop
      vertex   6.700000e+00 -1.003886e+01 3.911319e+01
      vertex   -6.706575e-17 -1.008729e+01 3.880513e+01
      vertex   -1.338706e-16 -1.003886e+01 3.911319e+01
    endloop
  endfacet
  facet normal 0.000000e+00 9.956258e-01 -9.343103e-02
    outer loop
      vertex   6.700000e+00 -1.003886e+01 3.911319e+01
      vertex   -1.338706e-16 -1.003886e+01 3.911319e+01
      vertex   6.700000e+00 -1.000972e+01 3.942366e+01
    endloop
  endfacet
  facet normal 0.000000e+00 9.956258e-01 -9.343103e-02
    outer loop
      vertex   6.700000e+00 -1.000972e+01 3.942366e+01
      vertex   -1.338706e-16 -1.003886e+01 3.911319e+01
      vertex   -2.001548e-16 -1.000972e+01 3.942366e+01
    endloop
  endfacet
  facet normal 0.000000e+00 9.995137e-01 -3.118411e-02
    outer loop
      vertex   6.700000e+00 -1.000972e+01 3.942366e+01
      vertex   -2.001548e-16 -1.000972e+01 3.942366e+01
      vertex   6.700000e+00 -1.000000e+01 3.973535e+01
    endloop
  endfacet
  facet normal 0.000000e+00 9.995137e-01 -3.118411e-02
    outer loop
      vertex   6.700000e+00 -1.000000e+01 3.973535e+01
      vertex   -2.001548e-16 -1.000972e+01 3.942366e+01
      vertex   -1.019748e-14 -1.000000e+01 3.973535e+01
    endloop
  endfacet
  facet normal -0.000000e+00 8.925456e-01 4.509572e-01
    outer loop
      vertex   1.830000e+01 -1.060976e+01 1.881750e+01
      vertex   2.500000e+01 -1.060976e+01 1.881750e+01
      vertex   1.830000e+01 -1.046913e+01 1.853917e+01
    endloop
  endfacet
  facet normal -0.000000e+00 8.925456e-01 4.509572e-01
    outer loop
      vertex   1.830000e+01 -1.046913e+01 1.853917e+01
      vertex   2.500000e+01 -1.060976e+01 1.881750e+01
      vertex   2.500000e+01 -1.046913e+01 1.853917e+01
    endloop
  endfacet
  facet normal -0.000000e+00 9.189214e-01 3.944408e-01
    outer loop
      vertex   1.830000e+01 -1.046913e+01 1.853917e+01
      vertex   2.500000e+01 -1.046913e+01 1.853917e+01
      vertex   1.830000e+01 -1.034613e+01 1.825261e+01
    endloop
  endfacet
  facet normal -0.000000e+00 9.189214e-01 3.944408e-01
    outer loop
      vertex   1.830000e+01 -1.034613e+01 1.825261e+01
      vertex   2.500000e+01 -1.046913e+01 1.853917e+01
      vertex   2.500000e+01 -1.034613e+01 1.825261e+01
    endloop
  endfacet
  facet normal -0.000000e+00 9.417228e-01 3.363900e-01
    outer loop
      vertex   1.830000e+01 -1.034613e+01 1.825261e+01
      vertex   2.500000e+01 -1.034613e+01 1.825261e+01
      vertex   1.830000e+01 -1.024123e+01 1.795894e+01
    endloop
  endfacet
  facet normal -0.000000e+00 9.417228e-01 3.363900e-01
    outer loop
      vertex   1.830000e+01 -1.024123e+01 1.795894e+01
      vertex   2.500000e+01 -1.034613e+01 1.825261e+01
      vertex   2.500000e+01 -1.024123e+01 1.795894e+01
    endloop
  endfacet
  facet normal -0.000000e+00 9.608611e-01 2.770307e-01
    outer loop
      vertex   1.830000e+01 -1.024123e+01 1.795894e+01
      vertex   2.500000e+01 -1.024123e+01 1.795894e+01
      vertex   1.830000e+01 -1.015484e+01 1.765931e+01
    endloop
  endfacet
  facet normal -0.000000e+00 9.608611e-01 2.770307e-01
    outer loop
      vertex   1.830000e+01 -1.015484e+01 1.765931e+01
      vertex   2.500000e+01 -1.024123e+01 1.795894e+01
      vertex   2.500000e+01 -1.015484e+01 1.765931e+01
    endloop
  endfacet
  facet normal -0.000000e+00 9.762618e-01 2.165939e-01
    outer loop
      vertex   1.830000e+01 -1.015484e+01 1.765931e+01
      vertex   2.500000e+01 -1.015484e+01 1.765931e+01
      vertex   1.830000e+01 -1.008729e+01 1.735487e+01
    endloop
  endfacet
  facet normal -0.000000e+00 9.762618e-01 2.165939e-01
    outer loop
      vertex   1.830000e+01 -1.008729e+01 1.735487e+01
      vertex   2.500000e+01 -1.015484e+01 1.765931e+01
      vertex   2.500000e+01 -1.008729e+01 1.735487e+01
    endloop
  endfacet
  facet normal -0.000000e+00 9.878651e-01 1.553145e-01
    outer loop
      vertex   1.830000e+01 -1.008729e+01 1.735487e+01
      vertex   2.500000e+01 -1.008729e+01 1.735487e+01
      vertex   1.830000e+01 -1.003886e+01 1.704681e+01
    endloop
  endfacet
  facet normal -0.000000e+00 9.878651e-01 1.553145e-01
    outer loop
      vertex   1.830000e+01 -1.003886e+01 1.704681e+01
      vertex   2.500000e+01 -1.008729e+01 1.735487e+01
      vertex   2.500000e+01 -1.003886e+01 1.704681e+01
    endloop
  endfacet
  facet normal -0.000000e+00 9.956258e-01 9.343103e-02
    outer loop
      vertex   1.830000e+01 -1.003886e+01 1.704681e+01
      vertex   2.500000e+01 -1.003886e+01 1.704681e+01
      vertex   1.830000e+01 -1.000972e+01 1.673634e+01
    endloop
  endfacet
  facet normal -0.000000e+00 9.956258e-01 9.343103e-02
    outer loop
      vertex   1.830000e+01 -1.000972e+01 1.673634e+01
      vertex   2.500000e+01 -1.003886e+01 1.704681e+01
      vertex   2.500000e+01 -1.000972e+01 1.673634e+01
    endloop
  endfacet
  facet normal -0.000000e+00 9.995137e-01 3.118411e-02
    outer loop
      vertex   1.830000e+01 -1.000972e+01 1.673634e+01
      vertex   2.500000e+01 -1.000972e+01 1.673634e+01
      vertex   1.830000e+01 -1.000000e+01 1.642465e+01
    endloop
  endfacet
  facet normal -0.000000e+00 9.995137e-01 3.118411e-02
    outer loop
      vertex   1.830000e+01 -1.000000e+01 1.642465e+01
      vertex   2.500000e+01 -1.000972e+01 1.673634e+01
      vertex   2.500000e+01 -1.000000e+01 1.642465e+01
    endloop
  endfacet
  facet normal 0.000000e+00 8.925456e-01 4.509572e-01
    outer loop
      vertex   2.500000e+01 -1.060976e+01 1.881750e+01
      vertex   1.830000e+01 -1.060976e+01 1.881750e+01
      vertex   2.500000e+01 -1.075741e+01 1.910975e+01
    endloop
  endfacet
  facet normal 0.000000e+00 8.925456e-01 4.509572e-01
    outer loop
      vertex   2.500000e+01 -1.075741e+01 1.910975e+01
      vertex   1.830000e+01 -1.060976e+01 1.881750e+01
      vertex   1.830000e+01 -1.075741e+01 1.910975e+01
    endloop
  endfacet
  facet normal 0.000000e+00 9.189214e-01 3.944408e-01
    outer loop
      vertex   2.500000e+01 -1.075741e+01 1.910975e+01
      vertex   1.830000e+01 -1.075741e+01 1.910975e+01
      vertex   2.500000e+01 -1.088657e+01 1.941064e+01
    endloop
  endfacet
  facet normal 0.000000e+00 9.189214e-01 3.944408e-01
    outer loop
      vertex   2.500000e+01 -1.088657e+01 1.941064e+01
      vertex   1.830000e+01 -1.075741e+01 1.910975e+01
      vertex   1.830000e+01 -1.088657e+01 1.941064e+01
    endloop
  endfacet
  facet normal 0.000000e+00 9.417228e-01 3.363900e-01
    outer loop
      vertex   2.500000e+01 -1.088657e+01 1.941064e+01
      vertex   1.830000e+01 -1.088657e+01 1.941064e+01
      vertex   2.500000e+01 -1.099671e+01 1.971899e+01
    endloop
  endfacet
  facet normal 0.000000e+00 9.417228e-01 3.363900e-01
    outer loop
      vertex   2.500000e+01 -1.099671e+01 1.971899e+01
      vertex   1.830000e+01 -1.088657e+01 1.941064e+01
      vertex   1.830000e+01 -1.099671e+01 1.971899e+01
    endloop
  endfacet
  facet normal 0.000000e+00 9.608611e-01 2.770307e-01
    outer loop
      vertex   2.500000e+01 -1.099671e+01 1.971899e+01
      vertex   1.830000e+01 -1.099671e+01 1.971899e+01
      vertex   2.500000e+01 -1.108742e+01 2.003360e+01
    endloop
  endfacet
  facet normal 0.000000e+00 9.608611e-01 2.770307e-01
    outer loop
      vertex   2.500000e+01 -1.108742e+01 2.003360e+01
      vertex   1.830000e+01 -1.099671e+01 1.971899e+01
      vertex   1.830000e+01 -1.108742e+01 2.003360e+01
    endloop
  endfacet
  facet normal 0.000000e+00 9.762618e-01 2.165939e-01
    outer loop
      vertex   2.500000e+01 -1.108742e+01 2.003360e+01
      vertex   1.830000e+01 -1.108742e+01 2.003360e+01
      vertex   2.500000e+01 -1.115834e+01 2.035327e+01
    endloop
  endfacet
  facet normal 0.000000e+00 9.762618e-01 2.165939e-01
    outer loop
      vertex   2.500000e+01 -1.115834e+01 2.035327e+01
      vertex   1.830000e+01 -1.108742e+01 2.003360e+01
      vertex   1.830000e+01 -1.115834e+01 2.035327e+01
    endloop
  endfacet
  facet normal 0.000000e+00 9.878651e-01 1.553145e-01
    outer loop
      vertex   2.500000e+01 -1.115834e+01 2.035327e+01
      vertex   1.830000e+01 -1.115834e+01 2.035327e+01
      vertex   2.500000e+01 -1.120920e+01 2.067673e+01
    endloop
  endfacet
  facet normal 0.000000e+00 9.878651e-01 1.553145e-01
    outer loop
      vertex   2.500000e+01 -1.120920e+01 2.067673e+01
      vertex   1.830000e+01 -1.115834e+01 2.035327e+01
      vertex   1.830000e+01 -1.120920e+01 2.067673e+01
    endloop
  endfacet
  facet normal 0.000000e+00 9.956258e-01 9.343103e-02
    outer loop
      vertex   2.500000e+01 -1.120920e+01 2.067673e+01
      vertex   1.830000e+01 -1.120920e+01 2.067673e+01
      vertex   2.500000e+01 -1.123979e+01 2.100273e+01
    endloop
  endfacet
  facet normal 0.000000e+00 9.956258e-01 9.343103e-02
    outer loop
      vertex   2.500000e+01 -1.123979e+01 2.100273e+01
      vertex   1.830000e+01 -1.120920e+01 2.067673e+01
      vertex   1.830000e+01 -1.123979e+01 2.100273e+01
    endloop
  endfacet
  facet normal 0.000000e+00 9.995137e-01 3.118411e-02
    outer loop
      vertex   2.500000e+01 -1.123979e+01 2.100273e+01
      vertex   1.830000e+01 -1.123979e+01 2.100273e+01
      vertex   2.500000e+01 -1.125000e+01 2.133000e+01
    endloop
  endfacet
  facet normal 0.000000e+00 9.995137e-01 3.118411e-02
    outer loop
      vertex   2.500000e+01 -1.125000e+01 2.133000e+01
      vertex   1.830000e+01 -1.123979e+01 2.100273e+01
      vertex   1.830000e+01 -1.125000e+01 2.133000e+01
    endloop
  endfacet
  facet normal 0.000000e+00 9.995137e-01 -3.118411e-02
    outer loop
      vertex   2.500000e+01 -1.125000e+01 2.133000e+01
      vertex   1.830000e+01 -1.125000e+01 2.133000e+01
      vertex   2.500000e+01 -1.123979e+01 2.165727e+01
    endloop
  endfacet
  facet normal 0.000000e+00 9.995137e-01 -3.118411e-02
    outer loop
      vertex   2.500000e+01 -1.123979e+01 2.165727e+01
      vertex   1.830000e+01 -1.125000e+01 2.133000e+01
      vertex   1.830000e+01 -1.123979e+01 2.165727e+01
    endloop
  endfacet
  facet normal 0.000000e+00 9.956258e-01 -9.343103e-02
    outer loop
      vertex   2.500000e+01 -1.123979e+01 2.165727e+01
      vertex   1.830000e+01 -1.123979e+01 2.165727e+01
      vertex   2.500000e+01 -1.120920e+01 2.198327e+01
    endloop
  endfacet
  facet normal 0.000000e+00 9.956258e-01 -9.343103e-02
    outer loop
      vertex   2.500000e+01 -1.120920e+01 2.198327e+01
      vertex   1.830000e+01 -1.123979e+01 2.165727e+01
      vertex   1.830000e+01 -1.120920e+01 2.198327e+01
    endloop
  endfacet
  facet normal 0.000000e+00 9.878651e-01 -1.553145e-01
    outer loop
      vertex   2.500000e+01 -1.120920e+01 2.198327e+01
      vertex   1.830000e+01 -1.120920e+01 2.198327e+01
      vertex   2.500000e+01 -1.115834e+01 2.230673e+01
    endloop
  endfacet
  facet normal 0.000000e+00 9.878651e-01 -1.553145e-01
    outer loop
      vertex   2.500000e+01 -1.115834e+01 2.230673e+01
      vertex   1.830000e+01 -1.120920e+01 2.198327e+01
      vertex   1.830000e+01 -1.115834e+01 2.230673e+01
    endloop
  endfacet
  facet normal 0.000000e+00 9.762618e-01 -2.165939e-01
    outer loop
      vertex   2.500000e+01 -1.115834e+01 2.230673e+01
      vertex   1.830000e+01 -1.115834e+01 2.230673e+01
      vertex   2.500000e+01 -1.108742e+01 2.262640e+01
    endloop
  endfacet
  facet normal 0.000000e+00 9.762618e-01 -2.165939e-01
    outer loop
      vertex   2.500000e+01 -1.108742e+01 2.262640e+01
      vertex   1.830000e+01 -1.115834e+01 2.230673e+01
      vertex   1.830000e+01 -1.108742e+01 2.262640e+01
    endloop
  endfacet
  facet normal 0.000000e+00 9.608611e-01 -2.770307e-01
    outer loop
      vertex   2.500000e+01 -1.108742e+01 2.262640e+01
      vertex   1.830000e+01 -1.108742e+01 2.262640e+01
      vertex   2.500000e+01 -1.099671e+01 2.294101e+01
    endloop
  endfacet
  facet normal -2.937943e-16 9.608611e-01 -2.770307e-01
    outer loop
      vertex   2.500000e+01 -1.099671e+01 2.294101e+01
      vertex   1.830000e+01 -1.108742e+01 2.262640e+01
      vertex   1.830000e+01 -1.099671e+01 2.294101e+01
    endloop
  endfacet
  facet normal -3.567455e-16 9.417228e-01 -3.363900e-01
    outer loop
      vertex   2.500000e+01 -1.099671e+01 2.294101e+01
      vertex   1.830000e+01 -1.099671e+01 2.294101e+01
      vertex   2.500000e+01 -1.088657e+01 2.324936e+01
    endloop
  endfacet
  facet normal -1.783727e-16 9.417228e-01 -3.363900e-01
    outer loop
      vertex   2.500000e+01 -1.088657e+01 2.324936e+01
      vertex   1.830000e+01 -1.099671e+01 2.294101e+01
      vertex   1.830000e+01 -1.088657e+01 2.324936e+01
    endloop
  endfacet
  facet normal -2.091545e-16 9.189214e-01 -3.944408e-01
    outer loop
      vertex   2.500000e+01 -1.088657e+01 2.324936e+01
      vertex   1.830000e+01 -1.088657e+01 2.324936e+01
      vertex   2.500000e+01 -1.075741e+01 2.355025e+01
    endloop
  endfacet
  facet normal 0.000000e+00 9.189214e-01 -3.944408e-01
    outer loop
      vertex   2.500000e+01 -1.075741e+01 2.355025e+01
      vertex   1.830000e+01 -1.088657e+01 2.324936e+01
      vertex   1.830000e+01 -1.075741e+01 2.355025e+01
    endloop
  endfacet
  facet normal 0.000000e+00 8.925456e-01 -4.509572e-01
    outer loop
      vertex   2.500000e+01 -1.075741e+01 2.355025e+01
      vertex   1.830000e+01 -1.075741e+01 2.355025e+01
      vertex   2.500000e+01 -1.060976e+01 2.384250e+01
    endloop
  endfacet
  facet normal 0.000000e+00 8.925456e-01 -4.509572e-01
    outer loop
      vertex   2.500000e+01 -1.060976e+01 2.384250e+01
      vertex   1.830000e+01 -1.075741e+01 2.355025e+01
      vertex   1.830000e+01 -1.060976e+01 2.384250e+01
    endloop
  endfacet
  facet normal -1.000000e+00 6.040094e-14 1.836102e-14
    outer loop
      vertex   1.830000e+01 -1.075741e+01 1.910975e+01
      vertex   1.830000e+01 -1.060976e+01 1.881750e+01
      vertex   1.830000e+01 -1.000000e+01 1.642465e+01
    endloop
  endfacet
  facet normal -1.000000e+00 -3.911294e-14 -6.997465e-15
    outer loop
      vertex   1.830000e+01 -1.000000e+01 1.642465e+01
      vertex   1.830000e+01 -1.060976e+01 1.881750e+01
      vertex   1.830000e+01 -1.046913e+01 1.853917e+01
    endloop
  endfacet
  facet normal -1.000000e+00 8.101680e-15 3.477591e-15
    outer loop
      vertex   1.830000e+01 -1.000000e+01 1.642465e+01
      vertex   1.830000e+01 -1.046913e+01 1.853917e+01
      vertex   1.830000e+01 -1.034613e+01 1.825261e+01
    endloop
  endfacet
  facet normal -1.000000e+00 1.157854e-14 4.135937e-15
    outer loop
      vertex   1.830000e+01 -1.034613e+01 1.825261e+01
      vertex   1.830000e+01 -1.024123e+01 1.795894e+01
      vertex   1.830000e+01 -1.000000e+01 1.642465e+01
    endloop
  endfacet
  facet normal -1.000000e+00 1.766331e-14 5.092599e-15
    outer loop
      vertex   1.830000e+01 -1.000000e+01 1.642465e+01
      vertex   1.830000e+01 -1.024123e+01 1.795894e+01
      vertex   1.830000e+01 -1.015484e+01 1.765931e+01
    endloop
  endfacet
  facet normal -1.000000e+00 2.983312e-14 6.618790e-15
    outer loop
      vertex   1.830000e+01 -1.000000e+01 1.642465e+01
      vertex   1.830000e+01 -1.015484e+01 1.765931e+01
      vertex   1.830000e+01 -1.008729e+01 1.735487e+01
    endloop
  endfacet
  facet normal -1.000000e+00 6.025798e-14 9.473905e-15
    outer loop
      vertex   1.830000e+01 -1.008729e+01 1.735487e+01
      vertex   1.830000e+01 -1.003886e+01 1.704681e+01
      vertex   1.830000e+01 -1.000000e+01 1.642465e+01
    endloop
  endfacet
  facet normal -1.000000e+00 1.819579e-13 1.707520e-14
    outer loop
      vertex   1.830000e+01 -1.000000e+01 1.642465e+01
      vertex   1.830000e+01 -1.003886e+01 1.704681e+01
      vertex   1.830000e+01 -1.000972e+01 1.673634e+01
    endloop
  endfacet
  facet normal -1.000000e+00 -1.006227e-14 -1.515245e-15
    outer loop
      vertex   1.830000e+01 -1.000000e+01 1.642465e+01
      vertex   1.830000e+01 -1.000000e+01 1.408000e+01
      vertex   1.830000e+01 -1.075741e+01 1.910975e+01
    endloop
  endfacet
  facet normal -1.000000e+00 -0.000000e+00 -0.000000e+00
    outer loop
      vertex   1.830000e+01 -1.075741e+01 1.910975e+01
      vertex   1.830000e+01 -1.000000e+01 1.408000e+01
      vertex   1.830000e+01 -1.088657e+01 1.941064e+01
    endloop
  endfacet
  facet normal -1.000000e+00 -0.000000e+00 -0.000000e+00
    outer loop
      vertex   1.830000e+01 -1.088657e+01 1.941064e+01
      vertex   1.830000e+01 -1.000000e+01 1.408000e+01
      vertex   1.830000e+01 -1.099671e+01 1.971899e+01
    endloop
  endfacet
  facet normal -1.000000e+00 0.000000e+00 -0.000000e+00
    outer loop
      vertex   1.830000e+01 -1.099671e+01 1.971899e+01
      vertex   1.830000e+01 -1.000000e+01 1.408000e+01
      vertex   1.830000e+01 -2.500000e+01 9.080000e+00
    endloop
  endfacet
  facet normal -1.000000e+00 -0.000000e+00 0.000000e+00
    outer loop
      vertex   1.830000e+01 -1.099671e+01 1.971899e+01
      vertex   1.830000e+01 -2.500000e+01 9.080000e+00
      vertex   1.830000e+01 -1.108742e+01 2.003360e+01
    endloop
  endfacet
  facet normal -1.000000e+00 -0.000000e+00 0.000000e+00
    outer loop
      vertex   1.830000e+01 -1.108742e+01 2.003360e+01
      vertex   1.830000e+01 -2.500000e+01 9.080000e+00
      vertex   1.830000e+01 -1.115834e+01 2.035327e+01
    endloop
  endfacet
  facet normal -1.000000e+00 -0.000000e+00 0.000000e+00
    outer loop
      vertex   1.830000e+01 -1.115834e+01 2.035327e+01
      vertex   1.830000e+01 -2.500000e+01 9.080000e+00
      vertex   1.830000e+01 -1.120920e+01 2.067673e+01
    endloop
  endfacet
  facet normal -1.000000e+00 -0.000000e+00 0.000000e+00
    outer loop
      vertex   1.830000e+01 -1.120920e+01 2.067673e+01
      vertex   1.830000e+01 -2.500000e+01 9.080000e+00
      vertex   1.830000e+01 -1.123979e+01 2.100273e+01
    endloop
  endfacet
  facet normal -1.000000e+00 -0.000000e+00 0.000000e+00
    outer loop
      vertex   1.830000e+01 -1.123979e+01 2.100273e+01
      vertex   1.830000e+01 -2.500000e+01 9.080000e+00
      vertex   1.830000e+01 -1.125000e+01 2.133000e+01
    endloop
  endfacet
  facet normal -1.000000e+00 -0.000000e+00 0.000000e+00
    outer loop
      vertex   1.830000e+01 -1.125000e+01 2.133000e+01
      vertex   1.830000e+01 -2.500000e+01 9.080000e+00
      vertex   1.830000e+01 -1.123979e+01 2.165727e+01
    endloop
  endfacet
  facet normal -1.000000e+00 -0.000000e+00 0.000000e+00
    outer loop
      vertex   1.830000e+01 -1.123979e+01 2.165727e+01
      vertex   1.830000e+01 -2.500000e+01 9.080000e+00
      vertex   1.830000e+01 -1.120920e+01 2.198327e+01
    endloop
  endfacet
  facet normal -1.000000e+00 2.835569e-16 -3.030609e-16
    outer loop
      vertex   1.830000e+01 -1.120920e+01 2.198327e+01
      vertex   1.830000e+01 -2.500000e+01 9.080000e+00
      vertex   1.830000e+01 -1.585714e+01 4.108000e+01
    endloop
  endfacet
  facet normal -1.000000e+00 9.287680e-16 -1.460231e-16
    outer loop
      vertex   1.830000e+01 -1.120920e+01 2.198327e+01
      vertex   1.830000e+01 -1.585714e+01 4.108000e+01
      vertex   1.830000e+01 -1.115834e+01 2.230673e+01
    endloop
  endfacet
  facet normal -1.000000e+00 8.016190e-16 -1.778475e-16
    outer loop
      vertex   1.830000e+01 -1.115834e+01 2.230673e+01
      vertex   1.830000e+01 -1.585714e+01 4.108000e+01
      vertex   1.830000e+01 -1.108742e+01 2.262640e+01
    endloop
  endfacet
  facet normal -1.000000e+00 1.489695e-15 0.000000e+00
    outer loop
      vertex   1.830000e+01 -1.108742e+01 2.262640e+01
      vertex   1.830000e+01 -1.585714e+01 4.108000e+01
      vertex   1.830000e+01 -1.108742e+01 3.353360e+01
    endloop
  endfacet
  facet normal -1.000000e+00 0.000000e+00 0.000000e+00
    outer loop
      vertex   1.830000e+01 -1.108742e+01 2.262640e+01
      vertex   1.830000e+01 -1.108742e+01 3.353360e+01
      vertex   1.830000e+01 -1.099671e+01 2.294101e+01
    endloop
  endfacet
  facet normal -1.000000e+00 0.000000e+00 0.000000e+00
    outer loop
      vertex   1.830000e+01 -1.099671e+01 2.294101e+01
      vertex   1.830000e+01 -1.108742e+01 3.353360e+01
      vertex   1.830000e+01 -1.099671e+01 3.321899e+01
    endloop
  endfacet
  facet normal -1.000000e+00 0.000000e+00 0.000000e+00
    outer loop
      vertex   1.830000e+01 -1.099671e+01 2.294101e+01
      vertex   1.830000e+01 -1.099671e+01 3.321899e+01
      vertex   1.830000e+01 -1.088657e+01 2.324936e+01
    endloop
  endfacet
  facet normal -1.000000e+00 0.000000e+00 0.000000e+00
    outer loop
      vertex   1.830000e+01 -1.088657e+01 2.324936e+01
      vertex   1.830000e+01 -1.099671e+01 3.321899e+01
      vertex   1.830000e+01 -1.088657e+01 3.291064e+01
    endloop
  endfacet
  facet normal -1.000000e+00 0.000000e+00 0.000000e+00
    outer loop
      vertex   1.830000e+01 -1.088657e+01 2.324936e+01
      vertex   1.830000e+01 -1.088657e+01 3.291064e+01
      vertex   1.830000e+01 -1.075741e+01 2.355025e+01
    endloop
  endfacet
  facet normal -1.000000e+00 0.000000e+00 0.000000e+00
    outer loop
      vertex   1.830000e+01 -1.075741e+01 2.355025e+01
      vertex   1.830000e+01 -1.088657e+01 3.291064e+01
      vertex   1.830000e+01 -1.075741e+01 3.260975e+01
    endloop
  endfacet
  facet normal -1.000000e+00 -9.381162e-15 0.000000e+00
    outer loop
      vertex   1.830000e+01 -1.075741e+01 2.355025e+01
      vertex   1.830000e+01 -1.075741e+01 3.260975e+01
      vertex   1.830000e+01 -1.000000e+01 2.623535e+01
    endloop
  endfacet
  facet normal -1.000000e+00 -9.381162e-15 0.000000e+00
    outer loop
      vertex   1.830000e+01 -1.000000e+01 2.623535e+01
      vertex   1.830000e+01 -1.075741e+01 3.260975e+01
      vertex   1.830000e+01 -1.000000e+01 2.992465e+01
    endloop
  endfacet
  facet normal -1.000000e+00 6.632974e-14 2.135653e-14
    outer loop
      vertex   1.830000e+01 -1.000000e+01 2.992465e+01
      vertex   1.830000e+01 -1.075741e+01 3.260975e+01
      vertex   1.830000e+01 -1.060976e+01 3.231750e+01
    endloop
  endfacet
  facet normal -1.000000e+00 -3.318414e-14 -4.001951e-15
    outer loop
      vertex   1.830000e+01 -1.000000e+01 2.992465e+01
      vertex   1.830000e+01 -1.060976e+01 3.231750e+01
      vertex   1.830000e+01 -1.046913e+01 3.203917e+01
    endloop
  endfacet
  facet normal -1.000000e+00 0.000000e+00 -0.000000e+00
    outer loop
      vertex   1.830000e+01 -1.000000e+01 1.408000e+01
      vertex   1.830000e+01 -9.989295e+00 1.375298e+01
      vertex   1.830000e+01 -2.500000e+01 9.080000e+00
    endloop
  endfacet
  facet normal -1.000000e+00 0.000000e+00 0.000000e+00
    outer loop
      vertex   1.830000e+01 -2.500000e+01 9.080000e+00
      vertex   1.830000e+01 -9.989295e+00 1.375298e+01
      vertex   1.830000e+01 -9.957224e+00 1.342737e+01
    endloop
  endfacet
  facet normal -1.000000e+00 0.000000e+00 0.000000e+00
    outer loop
      vertex   1.830000e+01 -2.500000e+01 9.080000e+00
      vertex   1.830000e+01 -9.957224e+00 1.342737e+01
      vertex   1.830000e+01 -9.903926e+00 1.310455e+01
    endloop
  endfacet
  facet normal -1.000000e+00 0.000000e+00 -0.000000e+00
    outer loop
      vertex   1.830000e+01 -9.903926e+00 1.310455e+01
      vertex   1.830000e+01 -9.829629e+00 1.278590e+01
      vertex   1.830000e+01 -2.500000e+01 9.080000e+00
    endloop
  endfacet
  facet normal -1.000000e+00 0.000000e+00 0.000000e+00
    outer loop
      vertex   1.830000e+01 -2.500000e+01 9.080000e+00
      vertex   1.830000e+01 -9.829629e+00 1.278590e+01
      vertex   1.830000e+01 -9.734651e+00 1.247280e+01
    endloop
  endfacet
  facet normal -1.000000e+00 0.000000e+00 0.000000e+00
    outer loop
      vertex   1.830000e+01 -2.500000e+01 9.080000e+00
      vertex   1.830000e+01 -9.734651e+00 1.247280e+01
      vertex   1.830000e+01 -9.619398e+00 1.216658e+01
    endloop
  endfacet
  facet normal -1.000000e+00 0.000000e+00 -0.000000e+00
    outer loop
      vertex   1.830000e+01 -9.619398e+00 1.216658e+01
      vertex   1.830000e+01 -9.484364e+00 1.186856e+01
      vertex   1.830000e+01 -2.500000e+01 9.080000e+00
    endloop
  endfacet
  facet normal -1.000000e+00 0.000000e+00 0.000000e+00
    outer loop
      vertex   1.830000e+01 -2.500000e+01 9.080000e+00
      vertex   1.830000e+01 -9.484364e+00 1.186856e+01
      vertex   1.830000e+01 -9.330127e+00 1.158000e+01
    endloop
  endfacet
  facet normal -1.000000e+00 0.000000e+00 0.000000e+00
    outer loop
      vertex   1.830000e+01 -2.500000e+01 9.080000e+00
      vertex   1.830000e+01 -9.330127e+00 1.158000e+01
      vertex   1.830000e+01 -9.157348e+00 1.130215e+01
    endloop
  endfacet
  facet normal -1.000000e+00 0.000000e+00 -0.000000e+00
    outer loop
      vertex   1.830000e+01 -9.157348e+00 1.130215e+01
      vertex   1.830000e+01 -8.966767e+00 1.103619e+01
      vertex   1.830000e+01 -2.500000e+01 9.080000e+00
    endloop
  endfacet
  facet normal -1.000000e+00 0.000000e+00 0.000000e+00
    outer loop
      vertex   1.830000e+01 -2.500000e+01 9.080000e+00
      vertex   1.830000e+01 -8.966767e+00 1.103619e+01
      vertex   1.830000e+01 -8.759199e+00 1.078327e+01
    endloop
  endfacet
  facet normal -1.000000e+00 0.000000e+00 0.000000e+00
    outer loop
      vertex   1.830000e+01 -2.500000e+01 9.080000e+00
      vertex   1.830000e+01 -8.759199e+00 1.078327e+01
      vertex   1.830000e+01 -8.535534e+00 1.054447e+01
    endloop
  endfacet
  facet normal -1.000000e+00 0.000000e+00 -0.000000e+00
    outer loop
      vertex   1.830000e+01 -8.535534e+00 1.054447e+01
      vertex   1.830000e+01 -8.296729e+00 1.032080e+01
      vertex   1.830000e+01 -2.500000e+01 9.080000e+00
    endloop
  endfacet
  facet normal -1.000000e+00 0.000000e+00 0.000000e+00
    outer loop
      vertex   1.830000e+01 -2.500000e+01 9.080000e+00
      vertex   1.830000e+01 -8.296729e+00 1.032080e+01
      vertex   1.830000e+01 -8.043807e+00 1.011323e+01
    endloop
  endfacet
  facet normal -1.000000e+00 0.000000e+00 0.000000e+00
    outer loop
      vertex   1.830000e+01 -2.500000e+01 9.080000e+00
      vertex   1.830000e+01 -8.043807e+00 1.011323e+01
      vertex   1.830000e+01 -7.777851e+00 9.922652e+00
    endloop
  endfacet
  facet normal -1.000000e+00 0.000000e+00 -0.000000e+00
    outer loop
      vertex   1.830000e+01 -7.777851e+00 9.922652e+00
      vertex   1.830000e+01 -7.500000e+00 9.749873e+00
      vertex   1.830000e+01 -2.500000e+01 9.080000e+00
    endloop
  endfacet
  facet normal -1.000000e+00 0.000000e+00 0.000000e+00
    outer loop
      vertex   1.830000e+01 -2.500000e+01 9.080000e+00
      vertex   1.830000e+01 -7.500000e+00 9.749873e+00
      vertex   1.830000e+01 -7.211443e+00 9.595636e+00
    endloop
  endfacet
  facet normal -1.000000e+00 0.000000e+00 0.000000e+00
    outer loop
      vertex   1.830000e+01 -2.500000e+01 9.080000e+00
      vertex   1.830000e+01 -7.211443e+00 9.595636e+00
      vertex   1.830000e+01 -6.913417e+00 9.460602e+00
    endloop
  endfacet
  facet normal -1.000000e+00 0.000000e+00 -0.000000e+00
    outer loop
      vertex   1.830000e+01 -6.913417e+00 9.460602e+00
      vertex   1.830000e+01 -6.607197e+00 9.345349e+00
      vertex   1.830000e+01 -2.500000e+01 9.080000e+00
    endloop
  endfacet
  facet normal -1.000000e+00 0.000000e+00 0.000000e+00
    outer loop
      vertex   1.830000e+01 -2.500000e+01 9.080000e+00
      vertex   1.830000e+01 -6.607197e+00 9.345349e+00
      vertex   1.830000e+01 -6.294095e+00 9.250371e+00
    endloop
  endfacet
  facet normal -1.000000e+00 0.000000e+00 0.000000e+00
    outer loop
      vertex   1.830000e+01 -2.500000e+01 9.080000e+00
      vertex   1.830000e+01 -6.294095e+00 9.250371e+00
      vertex   1.830000e+01 -5.975452e+00 9.176074e+00
    endloop
  endfacet
  facet normal -1.000000e+00 0.000000e+00 -0.000000e+00
    outer loop
      vertex   1.830000e+01 -5.975452e+00 9.176074e+00
      vertex   1.830000e+01 -5.652631e+00 9.122776e+00
      vertex   1.830000e+01 -2.500000e+01 9.080000e+00
    endloop
  endfacet
  facet normal -1.000000e+00 0.000000e+00 0.000000e+00
    outer loop
      vertex   1.830000e+01 -2.500000e+01 9.080000e+00
      vertex   1.830000e+01 -5.652631e+00 9.122776e+00
      vertex   1.830000e+01 -5.327016e+00 9.090705e+00
    endloop
  endfacet
  facet normal -1.000000e+00 0.000000e+00 0.000000e+00
    outer loop
      vertex   1.830000e+01 -2.500000e+01 9.080000e+00
      vertex   1.830000e+01 -5.327016e+00 9.090705e+00
      vertex   1.830000e+01 -5.000000e+00 9.080000e+00
    endloop
  endfacet
  facet normal -1.000000e+00 -0.000000e+00 -0.000000e+00
    outer loop
      vertex   1.830000e+01 -1.000000e+01 4.108000e+01
      vertex   1.830000e+01 -1.000000e+01 3.973535e+01
      vertex   1.830000e+01 -1.585714e+01 4.108000e+01
    endloop
  endfacet
  facet normal -1.000000e+00 -6.440278e-16 -2.805321e-15
    outer loop
      vertex   1.830000e+01 -1.585714e+01 4.108000e+01
      vertex   1.830000e+01 -1.000000e+01 3.973535e+01
      vertex   1.830000e+01 -1.060976e+01 3.734250e+01
    endloop
  endfacet
  facet normal -1.000000e+00 9.957501e-16 -5.031012e-16
    outer loop
      vertex   1.830000e+01 -1.585714e+01 4.108000e+01
      vertex   1.830000e+01 -1.060976e+01 3.734250e+01
      vertex   1.830000e+01 -1.075741e+01 3.705025e+01
    endloop
  endfacet
  facet normal -1.000000e+00 3.639158e-13 -3.415041e-14
    outer loop
      vertex   1.830000e+01 -1.000972e+01 3.942366e+01
      vertex   1.830000e+01 -1.003886e+01 3.911319e+01
      vertex   1.830000e+01 -1.000000e+01 3.973535e+01
    endloop
  endfacet
  facet normal -1.000000e+00 1.205160e-13 -1.894781e-14
    outer loop
      vertex   1.830000e+01 -1.000000e+01 3.973535e+01
      vertex   1.830000e+01 -1.003886e+01 3.911319e+01
      vertex   1.830000e+01 -1.008729e+01 3.880513e+01
    endloop
  endfacet
  facet normal -1.000000e+00 5.966625e-14 -1.323758e-14
    outer loop
      vertex   1.830000e+01 -1.000000e+01 3.973535e+01
      vertex   1.830000e+01 -1.008729e+01 3.880513e+01
      vertex   1.830000e+01 -1.015484e+01 3.850069e+01
    endloop
  endfacet
  facet normal -1.000000e+00 3.532662e-14 -1.018520e-14
    outer loop
      vertex   1.830000e+01 -1.015484e+01 3.850069e+01
      vertex   1.830000e+01 -1.024123e+01 3.820106e+01
      vertex   1.830000e+01 -1.000000e+01 3.973535e+01
    endloop
  endfacet
  facet normal -1.000000e+00 2.315709e-14 -8.271874e-15
    outer loop
      vertex   1.830000e+01 -1.000000e+01 3.973535e+01
      vertex   1.830000e+01 -1.024123e+01 3.820106e+01
      vertex   1.830000e+01 -1.034613e+01 3.790739e+01
    endloop
  endfacet
  facet normal -1.000000e+00 1.620336e-14 -6.955182e-15
    outer loop
      vertex   1.830000e+01 -1.000000e+01 3.973535e+01
      vertex   1.830000e+01 -1.034613e+01 3.790739e+01
      vertex   1.830000e+01 -1.046913e+01 3.762083e+01
    endloop
  endfacet
  facet normal -1.000000e+00 1.185759e-14 -5.991027e-15
    outer loop
      vertex   1.830000e+01 -1.046913e+01 3.762083e+01
      vertex   1.830000e+01 -1.060976e+01 3.734250e+01
      vertex   1.830000e+01 -1.000000e+01 3.973535e+01
    endloop
  endfacet
  facet normal -1.000000e+00 1.040407e-15 -4.465875e-16
    outer loop
      vertex   1.830000e+01 -1.075741e+01 3.705025e+01
      vertex   1.830000e+01 -1.088657e+01 3.674936e+01
      vertex   1.830000e+01 -1.585714e+01 4.108000e+01
    endloop
  endfacet
  facet normal -1.000000e+00 1.090206e-15 -3.894292e-16
    outer loop
      vertex   1.830000e+01 -1.585714e+01 4.108000e+01
      vertex   1.830000e+01 -1.088657e+01 3.674936e+01
      vertex   1.830000e+01 -1.099671e+01 3.644101e+01
    endloop
  endfacet
  facet normal -1.000000e+00 1.146421e-15 -3.305305e-16
    outer loop
      vertex   1.830000e+01 -1.585714e+01 4.108000e+01
      vertex   1.830000e+01 -1.099671e+01 3.644101e+01
      vertex   1.830000e+01 -1.108742e+01 3.612640e+01
    endloop
  endfacet
  facet normal -1.000000e+00 1.210727e-15 -2.686123e-16
    outer loop
      vertex   1.830000e+01 -1.108742e+01 3.612640e+01
      vertex   1.830000e+01 -1.115834e+01 3.580673e+01
      vertex   1.830000e+01 -1.585714e+01 4.108000e+01
    endloop
  endfacet
  facet normal -1.000000e+00 1.285381e-15 -2.020907e-16
    outer loop
      vertex   1.830000e+01 -1.585714e+01 4.108000e+01
      vertex   1.830000e+01 -1.115834e+01 3.580673e+01
      vertex   1.830000e+01 -1.120920e+01 3.548327e+01
    endloop
  endfacet
  facet normal -1.000000e+00 1.373520e-15 -1.288932e-16
    outer loop
      vertex   1.830000e+01 -1.585714e+01 4.108000e+01
      vertex   1.830000e+01 -1.120920e+01 3.548327e+01
      vertex   1.830000e+01 -1.123979e+01 3.515727e+01
    endloop
  endfacet
  facet normal -1.000000e+00 1.479638e-15 -4.616365e-17
    outer loop
      vertex   1.830000e+01 -1.123979e+01 3.515727e+01
      vertex   1.830000e+01 -1.125000e+01 3.483000e+01
      vertex   1.830000e+01 -1.585714e+01 4.108000e+01
    endloop
  endfacet
  facet normal -1.000000e+00 1.610424e-15 5.024407e-17
    outer loop
      vertex   1.830000e+01 -1.585714e+01 4.108000e+01
      vertex   1.830000e+01 -1.125000e+01 3.483000e+01
      vertex   1.830000e+01 -1.123979e+01 3.450273e+01
    endloop
  endfacet
  facet normal -1.000000e+00 1.776298e-15 1.666905e-16
    outer loop
      vertex   1.830000e+01 -1.585714e+01 4.108000e+01
      vertex   1.830000e+01 -1.123979e+01 3.450273e+01
      vertex   1.830000e+01 -1.120920e+01 3.417673e+01
    endloop
  endfacet
  facet normal -1.000000e+00 1.994452e-15 3.135725e-16
    outer loop
      vertex   1.830000e+01 -1.120920e+01 3.417673e+01
      vertex   1.830000e+01 -1.115834e+01 3.385327e+01
      vertex   1.830000e+01 -1.585714e+01 4.108000e+01
    endloop
  endfacet
  facet normal -1.000000e+00 2.295424e-15 5.092639e-16
    outer loop
      vertex   1.830000e+01 -1.585714e+01 4.108000e+01
      vertex   1.830000e+01 -1.115834e+01 3.385327e+01
      vertex   1.830000e+01 -1.108742e+01 3.353360e+01
    endloop
  endfacet
  facet normal -1.000000e+00 1.620336e-14 6.955182e-15
    outer loop
      vertex   1.830000e+01 -1.046913e+01 3.203917e+01
      vertex   1.830000e+01 -1.034613e+01 3.175261e+01
      vertex   1.830000e+01 -1.000000e+01 2.992465e+01
    endloop
  endfacet
  facet normal -1.000000e+00 2.315709e-14 8.271874e-15
    outer loop
      vertex   1.830000e+01 -1.000000e+01 2.992465e+01
      vertex   1.830000e+01 -1.034613e+01 3.175261e+01
      vertex   1.830000e+01 -1.024123e+01 3.145894e+01
    endloop
  endfacet
  facet normal -1.000000e+00 3.532662e-14 1.018520e-14
    outer loop
      vertex   1.830000e+01 -1.000000e+01 2.992465e+01
      vertex   1.830000e+01 -1.024123e+01 3.145894e+01
      vertex   1.830000e+01 -1.015484e+01 3.115931e+01
    endloop
  endfacet
  facet normal -1.000000e+00 5.966625e-14 1.323758e-14
    outer loop
      vertex   1.830000e+01 -1.015484e+01 3.115931e+01
      vertex   1.830000e+01 -1.008729e+01 3.085487e+01
      vertex   1.830000e+01 -1.000000e+01 2.992465e+01
    endloop
  endfacet
  facet normal -1.000000e+00 1.205160e-13 1.894781e-14
    outer loop
      vertex   1.830000e+01 -1.000000e+01 2.992465e+01
      vertex   1.830000e+01 -1.008729e+01 3.085487e+01
      vertex   1.830000e+01 -1.003886e+01 3.054681e+01
    endloop
  endfacet
  facet normal -1.000000e+00 3.639158e-13 3.415041e-14
    outer loop
      vertex   1.830000e+01 -1.000000e+01 2.992465e+01
      vertex   1.830000e+01 -1.003886e+01 3.054681e+01
      vertex   1.830000e+01 -1.000972e+01 3.023634e+01
    endloop
  endfacet
  facet normal -1.000000e+00 3.639158e-13 -3.415041e-14
    outer loop
      vertex   1.830000e+01 -1.000972e+01 2.592366e+01
      vertex   1.830000e+01 -1.003886e+01 2.561319e+01
      vertex   1.830000e+01 -1.000000e+01 2.623535e+01
    endloop
  endfacet
  facet normal -1.000000e+00 1.205160e-13 -1.894781e-14
    outer loop
      vertex   1.830000e+01 -1.000000e+01 2.623535e+01
      vertex   1.830000e+01 -1.003886e+01 2.561319e+01
      vertex   1.830000e+01 -1.008729e+01 2.530513e+01
    endloop
  endfacet
  facet normal -1.000000e+00 5.966625e-14 -1.323758e-14
    outer loop
      vertex   1.830000e+01 -1.000000e+01 2.623535e+01
      vertex   1.830000e+01 -1.008729e+01 2.530513e+01
      vertex   1.830000e+01 -1.015484e+01 2.500069e+01
    endloop
  endfacet
  facet normal -1.000000e+00 3.532662e-14 -1.018520e-14
    outer loop
      vertex   1.830000e+01 -1.015484e+01 2.500069e+01
      vertex   1.830000e+01 -1.024123e+01 2.470106e+01
      vertex   1.830000e+01 -1.000000e+01 2.623535e+01
    endloop
  endfacet
  facet normal -1.000000e+00 2.315709e-14 -8.271874e-15
    outer loop
      vertex   1.830000e+01 -1.000000e+01 2.623535e+01
      vertex   1.830000e+01 -1.024123e+01 2.470106e+01
      vertex   1.830000e+01 -1.034613e+01 2.440739e+01
    endloop
  endfacet
  facet normal -1.000000e+00 1.620336e-14 -6.955182e-15
    outer loop
      vertex   1.830000e+01 -1.000000e+01 2.623535e+01
      vertex   1.830000e+01 -1.034613e+01 2.440739e+01
      vertex   1.830000e+01 -1.046913e+01 2.412083e+01
    endloop
  endfacet
  facet normal -1.000000e+00 1.185759e-14 -5.991027e-15
    outer loop
      vertex   1.830000e+01 -1.046913e+01 2.412083e+01
      vertex   1.830000e+01 -1.060976e+01 2.384250e+01
      vertex   1.830000e+01 -1.000000e+01 2.623535e+01
    endloop
  endfacet
  facet normal -1.000000e+00 1.185759e-14 -5.991027e-15
    outer loop
      vertex   1.830000e+01 -1.000000e+01 2.623535e+01
      vertex   1.830000e+01 -1.060976e+01 2.384250e+01
      vertex   1.830000e+01 -1.075741e+01 2.355025e+01
    endloop
  endfacet
  facet normal 0.000000e+00 8.925456e-01 -4.509572e-01
    outer loop
      vertex   2.500000e+01 -1.060976e+01 2.384250e+01
      vertex   1.830000e+01 -1.060976e+01 2.384250e+01
      vertex   2.500000e+01 -1.046913e+01 2.412083e+01
    endloop
  endfacet
  facet normal 0.000000e+00 8.925456e-01 -4.509572e-01
    outer loop
      vertex   2.500000e+01 -1.046913e+01 2.412083e+01
      vertex   1.830000e+01 -1.060976e+01 2.384250e+01
      vertex   1.830000e+01 -1.046913e+01 2.412083e+01
    endloop
  endfacet
  facet normal 0.000000e+00 9.189214e-01 -3.944408e-01
    outer loop
      vertex   2.500000e+01 -1.046913e+01 2.412083e+01
      vertex   1.830000e+01 -1.046913e+01 2.412083e+01
      vertex   2.500000e+01 -1.034613e+01 2.440739e+01
    endloop
  endfacet
  facet normal 0.000000e+00 9.189214e-01 -3.944408e-01
    outer loop
      vertex   2.500000e+01 -1.034613e+01 2.440739e+01
      vertex   1.830000e+01 -1.046913e+01 2.412083e+01
      vertex   1.830000e+01 -1.034613e+01 2.440739e+01
    endloop
  endfacet
  facet normal 0.000000e+00 9.417228e-01 -3.363900e-01
    outer loop
      vertex   2.500000e+01 -1.034613e+01 2.440739e+01
      vertex   1.830000e+01 -1.034613e+01 2.440739e+01
      vertex   2.500000e+01 -1.024123e+01 2.470106e+01
    endloop
  endfacet
  facet normal 0.000000e+00 9.417228e-01 -3.363900e-01
    outer loop
      vertex   2.500000e+01 -1.024123e+01 2.470106e+01
      vertex   1.830000e+01 -1.034613e+01 2.440739e+01
      vertex   1.830000e+01 -1.024123e+01 2.470106e+01
    endloop
  endfacet
  facet normal 0.000000e+00 9.608611e-01 -2.770307e-01
    outer loop
      vertex   2.500000e+01 -1.024123e+01 2.470106e+01
      vertex   1.830000e+01 -1.024123e+01 2.470106e+01
      vertex   2.500000e+01 -1.015484e+01 2.500069e+01
    endloop
  endfacet
  facet normal 0.000000e+00 9.608611e-01 -2.770307e-01
    outer loop
      vertex   2.500000e+01 -1.015484e+01 2.500069e+01
      vertex   1.830000e+01 -1.024123e+01 2.470106e+01
      vertex   1.830000e+01 -1.015484e+01 2.500069e+01
    endloop
  endfacet
  facet normal 0.000000e+00 9.762618e-01 -2.165939e-01
    outer loop
      vertex   2.500000e+01 -1.015484e+01 2.500069e+01
      vertex   1.830000e+01 -1.015484e+01 2.500069e+01
      vertex   2.500000e+01 -1.008729e+01 2.530513e+01
    endloop
  endfacet
  facet normal 0.000000e+00 9.762618e-01 -2.165939e-01
    outer loop
      vertex   2.500000e+01 -1.008729e+01 2.530513e+01
      vertex   1.830000e+01 -1.015484e+01 2.500069e+01
      vertex   1.830000e+01 -1.008729e+01 2.530513e+01
    endloop
  endfacet
  facet normal 0.000000e+00 9.878651e-01 -1.553145e-01
    outer loop
      vertex   2.500000e+01 -1.008729e+01 2.530513e+01
      vertex   1.830000e+01 -1.008729e+01 2.530513e+01
      vertex   2.500000e+01 -1.003886e+01 2.561319e+01
    endloop
  endfacet
  facet normal 0.000000e+00 9.878651e-01 -1.553145e-01
    outer loop
      vertex   2.500000e+01 -1.003886e+01 2.561319e+01
      vertex   1.830000e+01 -1.008729e+01 2.530513e+01
      vertex   1.830000e+01 -1.003886e+01 2.561319e+01
    endloop
  endfacet
  facet normal 0.000000e+00 9.956258e-01 -9.343103e-02
    outer loop
      vertex   2.500000e+01 -1.003886e+01 2.561319e+01
      vertex   1.830000e+01 -1.003886e+01 2.561319e+01
      vertex   2.500000e+01 -1.000972e+01 2.592366e+01
    endloop
  endfacet
  facet normal 0.000000e+00 9.956258e-01 -9.343103e-02
    outer loop
      vertex   2.500000e+01 -1.000972e+01 2.592366e+01
      vertex   1.830000e+01 -1.003886e+01 2.561319e+01
      vertex   1.830000e+01 -1.000972e+01 2.592366e+01
    endloop
  endfacet
  facet normal 0.000000e+00 9.995137e-01 -3.118411e-02
    outer loop
      vertex   2.500000e+01 -1.000972e+01 2.592366e+01
      vertex   1.830000e+01 -1.000972e+01 2.592366e+01
      vertex   2.500000e+01 -1.000000e+01 2.623535e+01
    endloop
  endfacet
  facet normal 0.000000e+00 9.995137e-01 -3.118411e-02
    outer loop
      vertex   2.500000e+01 -1.000000e+01 2.623535e+01
      vertex   1.830000e+01 -1.000972e+01 2.592366e+01
      vertex   1.830000e+01 -1.000000e+01 2.623535e+01
    endloop
  endfacet
  facet normal 0.000000e+00 1.000000e+00 0.000000e+00
    outer loop
      vertex   1.830000e+01 -1.000000e+01 2.623535e+01
      vertex   1.830000e+01 -1.000000e+01 2.992465e+01
      vertex   2.500000e+01 -1.000000e+01 2.623535e+01
    endloop
  endfacet
  facet normal 0.000000e+00 1.000000e+00 -0.000000e+00
    outer loop
      vertex   2.500000e+01 -1.000000e+01 2.623535e+01
      vertex   1.830000e+01 -1.000000e+01 2.992465e+01
      vertex   2.500000e+01 -1.000000e+01 2.992465e+01
    endloop
  endfacet
  facet normal -0.000000e+00 8.925456e-01 4.509572e-01
    outer loop
      vertex   1.830000e+01 -1.060976e+01 3.231750e+01
      vertex   2.500000e+01 -1.060976e+01 3.231750e+01
      vertex   1.830000e+01 -1.046913e+01 3.203917e+01
    endloop
  endfacet
  facet normal -0.000000e+00 8.925456e-01 4.509572e-01
    outer loop
      vertex   1.830000e+01 -1.046913e+01 3.203917e+01
      vertex   2.500000e+01 -1.060976e+01 3.231750e+01
      vertex   2.500000e+01 -1.046913e+01 3.203917e+01
    endloop
  endfacet
  facet normal -0.000000e+00 9.189214e-01 3.944408e-01
    outer loop
      vertex   1.830000e+01 -1.046913e+01 3.203917e+01
      vertex   2.500000e+01 -1.046913e+01 3.203917e+01
      vertex   1.830000e+01 -1.034613e+01 3.175261e+01
    endloop
  endfacet
  facet normal -0.000000e+00 9.189214e-01 3.944408e-01
    outer loop
      vertex   1.830000e+01 -1.034613e+01 3.175261e+01
      vertex   2.500000e+01 -1.046913e+01 3.203917e+01
      vertex   2.500000e+01 -1.034613e+01 3.175261e+01
    endloop
  endfacet
  facet normal -0.000000e+00 9.417228e-01 3.363900e-01
    outer loop
      vertex   1.830000e+01 -1.034613e+01 3.175261e+01
      vertex   2.500000e+01 -1.034613e+01 3.175261e+01
      vertex   1.830000e+01 -1.024123e+01 3.145894e+01
    endloop
  endfacet
  facet normal -0.000000e+00 9.417228e-01 3.363900e-01
    outer loop
      vertex   1.830000e+01 -1.024123e+01 3.145894e+01
      vertex   2.500000e+01 -1.034613e+01 3.175261e+01
      vertex   2.500000e+01 -1.024123e+01 3.145894e+01
    endloop
  endfacet
  facet normal -0.000000e+00 9.608611e-01 2.770307e-01
    outer loop
      vertex   1.830000e+01 -1.024123e+01 3.145894e+01
      vertex   2.500000e+01 -1.024123e+01 3.145894e+01
      vertex   1.830000e+01 -1.015484e+01 3.115931e+01
    endloop
  endfacet
  facet normal -0.000000e+00 9.608611e-01 2.770307e-01
    outer loop
      vertex   1.830000e+01 -1.015484e+01 3.115931e+01
      vertex   2.500000e+01 -1.024123e+01 3.145894e+01
      vertex   2.500000e+01 -1.015484e+01 3.115931e+01
    endloop
  endfacet
  facet normal -0.000000e+00 9.762618e-01 2.165939e-01
    outer loop
      vertex   1.830000e+01 -1.015484e+01 3.115931e+01
      vertex   2.500000e+01 -1.015484e+01 3.115931e+01
      vertex   1.830000e+01 -1.008729e+01 3.085487e+01
    endloop
  endfacet
  facet normal -0.000000e+00 9.762618e-01 2.165939e-01
    outer loop
      vertex   1.830000e+01 -1.008729e+01 3.085487e+01
      vertex   2.500000e+01 -1.015484e+01 3.115931e+01
      vertex   2.500000e+01 -1.008729e+01 3.085487e+01
    endloop
  endfacet
  facet normal -0.000000e+00 9.878651e-01 1.553145e-01
    outer loop
      vertex   1.830000e+01 -1.008729e+01 3.085487e+01
      vertex   2.500000e+01 -1.008729e+01 3.085487e+01
      vertex   1.830000e+01 -1.003886e+01 3.054681e+01
    endloop
  endfacet
  facet normal -0.000000e+00 9.878651e-01 1.553145e-01
    outer loop
      vertex   1.830000e+01 -1.003886e+01 3.054681e+01
      vertex   2.500000e+01 -1.008729e+01 3.085487e+01
      vertex   2.500000e+01 -1.003886e+01 3.054681e+01
    endloop
  endfacet
  facet normal -0.000000e+00 9.956258e-01 9.343103e-02
    outer loop
      vertex   1.830000e+01 -1.003886e+01 3.054681e+01
      vertex   2.500000e+01 -1.003886e+01 3.054681e+01
      vertex   1.830000e+01 -1.000972e+01 3.023634e+01
    endloop
  endfacet
  facet normal -0.000000e+00 9.956258e-01 9.343103e-02
    outer loop
      vertex   1.830000e+01 -1.000972e+01 3.023634e+01
      vertex   2.500000e+01 -1.003886e+01 3.054681e+01
      vertex   2.500000e+01 -1.000972e+01 3.023634e+01
    endloop
  endfacet
  facet normal -0.000000e+00 9.995137e-01 3.118411e-02
    outer loop
      vertex   1.830000e+01 -1.000972e+01 3.023634e+01
      vertex   2.500000e+01 -1.000972e+01 3.023634e+01
      vertex   1.830000e+01 -1.000000e+01 2.992465e+01
    endloop
  endfacet
  facet normal -0.000000e+00 9.995137e-01 3.118411e-02
    outer loop
      vertex   1.830000e+01 -1.000000e+01 2.992465e+01
      vertex   2.500000e+01 -1.000972e+01 3.023634e+01
      vertex   2.500000e+01 -1.000000e+01 2.992465e+01
    endloop
  endfacet
  facet normal 0.000000e+00 8.925456e-01 4.509572e-01
    outer loop
      vertex   2.500000e+01 -1.060976e+01 3.231750e+01
      vertex   1.830000e+01 -1.060976e+01 3.231750e+01
      vertex   2.500000e+01 -1.075741e+01 3.260975e+01
    endloop
  endfacet
  facet normal -4.782453e-16 8.925456e-01 4.509572e-01
    outer loop
      vertex   2.500000e+01 -1.075741e+01 3.260975e+01
      vertex   1.830000e+01 -1.060976e+01 3.231750e+01
      vertex   1.830000e+01 -1.075741e+01 3.260975e+01
    endloop
  endfacet
  facet normal -4.183090e-16 9.189214e-01 3.944408e-01
    outer loop
      vertex   2.500000e+01 -1.075741e+01 3.260975e+01
      vertex   1.830000e+01 -1.075741e+01 3.260975e+01
      vertex   2.500000e+01 -1.088657e+01 3.291064e+01
    endloop
  endfacet
  facet normal 4.183090e-16 9.189214e-01 3.944408e-01
    outer loop
      vertex   2.500000e+01 -1.088657e+01 3.291064e+01
      vertex   1.830000e+01 -1.075741e+01 3.260975e+01
      vertex   1.830000e+01 -1.088657e+01 3.291064e+01
    endloop
  endfacet
  facet normal 3.567455e-16 9.417228e-01 3.363900e-01
    outer loop
      vertex   2.500000e+01 -1.088657e+01 3.291064e+01
      vertex   1.830000e+01 -1.088657e+01 3.291064e+01
      vertex   2.500000e+01 -1.099671e+01 3.321899e+01
    endloop
  endfacet
  facet normal 0.000000e+00 9.417228e-01 3.363900e-01
    outer loop
      vertex   2.500000e+01 -1.099671e+01 3.321899e+01
      vertex   1.830000e+01 -1.088657e+01 3.291064e+01
      vertex   1.830000e+01 -1.099671e+01 3.321899e+01
    endloop
  endfacet
  facet normal 0.000000e+00 9.608611e-01 2.770307e-01
    outer loop
      vertex   2.500000e+01 -1.099671e+01 3.321899e+01
      vertex   1.830000e+01 -1.099671e+01 3.321899e+01
      vertex   2.500000e+01 -1.108742e+01 3.353360e+01
    endloop
  endfacet
  facet normal 0.000000e+00 9.608611e-01 2.770307e-01
    outer loop
      vertex   2.500000e+01 -1.108742e+01 3.353360e+01
      vertex   1.830000e+01 -1.099671e+01 3.321899e+01
      vertex   1.830000e+01 -1.108742e+01 3.353360e+01
    endloop
  endfacet
  facet normal 0.000000e+00 9.762618e-01 2.165939e-01
    outer loop
      vertex   2.500000e+01 -1.108742e+01 3.353360e+01
      vertex   1.830000e+01 -1.108742e+01 3.353360e+01
      vertex   2.500000e+01 -1.115834e+01 3.385327e+01
    endloop
  endfacet
  facet normal 0.000000e+00 9.762618e-01 2.165939e-01
    outer loop
      vertex   2.500000e+01 -1.115834e+01 3.385327e+01
      vertex   1.830000e+01 -1.108742e+01 3.353360e+01
      vertex   1.830000e+01 -1.115834e+01 3.385327e+01
    endloop
  endfacet
  facet normal 0.000000e+00 9.878651e-01 1.553145e-01
    outer loop
      vertex   2.500000e+01 -1.115834e+01 3.385327e+01
      vertex   1.830000e+01 -1.115834e+01 3.385327e+01
      vertex   2.500000e+01 -1.120920e+01 3.417673e+01
    endloop
  endfacet
  facet normal 0.000000e+00 9.878651e-01 1.553145e-01
    outer loop
      vertex   2.500000e+01 -1.120920e+01 3.417673e+01
      vertex   1.830000e+01 -1.115834e+01 3.385327e+01
      vertex   1.830000e+01 -1.120920e+01 3.417673e+01
    endloop
  endfacet
  facet normal 0.000000e+00 9.956258e-01 9.343103e-02
    outer loop
      vertex   2.500000e+01 -1.120920e+01 3.417673e+01
      vertex   1.830000e+01 -1.120920e+01 3.417673e+01
      vertex   2.500000e+01 -1.123979e+01 3.450273e+01
    endloop
  endfacet
  facet normal 0.000000e+00 9.956258e-01 9.343103e-02
    outer loop
      vertex   2.500000e+01 -1.123979e+01 3.450273e+01
      vertex   1.830000e+01 -1.120920e+01 3.417673e+01
      vertex   1.830000e+01 -1.123979e+01 3.450273e+01
    endloop
  endfacet
  facet normal 0.000000e+00 9.995137e-01 3.118411e-02
    outer loop
      vertex   2.500000e+01 -1.123979e+01 3.450273e+01
      vertex   1.830000e+01 -1.123979e+01 3.450273e+01
      vertex   2.500000e+01 -1.125000e+01 3.483000e+01
    endloop
  endfacet
  facet normal 0.000000e+00 9.995137e-01 3.118411e-02
    outer loop
      vertex   2.500000e+01 -1.125000e+01 3.483000e+01
      vertex   1.830000e+01 -1.123979e+01 3.450273e+01
      vertex   1.830000e+01 -1.125000e+01 3.483000e+01
    endloop
  endfacet
  facet normal 0.000000e+00 9.995137e-01 -3.118411e-02
    outer loop
      vertex   2.500000e+01 -1.125000e+01 3.483000e+01
      vertex   1.830000e+01 -1.125000e+01 3.483000e+01
      vertex   2.500000e+01 -1.123979e+01 3.515727e+01
    endloop
  endfacet
  facet normal 0.000000e+00 9.995137e-01 -3.118411e-02
    outer loop
      vertex   2.500000e+01 -1.123979e+01 3.515727e+01
      vertex   1.830000e+01 -1.125000e+01 3.483000e+01
      vertex   1.830000e+01 -1.123979e+01 3.515727e+01
    endloop
  endfacet
  facet normal 0.000000e+00 9.956258e-01 -9.343103e-02
    outer loop
      vertex   2.500000e+01 -1.123979e+01 3.515727e+01
      vertex   1.830000e+01 -1.123979e+01 3.515727e+01
      vertex   2.500000e+01 -1.120920e+01 3.548327e+01
    endloop
  endfacet
  facet normal 0.000000e+00 9.956258e-01 -9.343103e-02
    outer loop
      vertex   2.500000e+01 -1.120920e+01 3.548327e+01
      vertex   1.830000e+01 -1.123979e+01 3.515727e+01
      vertex   1.830000e+01 -1.120920e+01 3.548327e+01
    endloop
  endfacet
  facet normal 0.000000e+00 9.878651e-01 -1.553145e-01
    outer loop
      vertex   2.500000e+01 -1.120920e+01 3.548327e+01
      vertex   1.830000e+01 -1.120920e+01 3.548327e+01
      vertex   2.500000e+01 -1.115834e+01 3.580673e+01
    endloop
  endfacet
  facet normal 0.000000e+00 9.878651e-01 -1.553145e-01
    outer loop
      vertex   2.500000e+01 -1.115834e+01 3.580673e+01
      vertex   1.830000e+01 -1.120920e+01 3.548327e+01
      vertex   1.830000e+01 -1.115834e+01 3.580673e+01
    endloop
  endfacet
  facet normal 0.000000e+00 9.762618e-01 -2.165939e-01
    outer loop
      vertex   2.500000e+01 -1.115834e+01 3.580673e+01
      vertex   1.830000e+01 -1.115834e+01 3.580673e+01
      vertex   2.500000e+01 -1.108742e+01 3.612640e+01
    endloop
  endfacet
  facet normal 0.000000e+00 9.762618e-01 -2.165939e-01
    outer loop
      vertex   2.500000e+01 -1.108742e+01 3.612640e+01
      vertex   1.830000e+01 -1.115834e+01 3.580673e+01
      vertex   1.830000e+01 -1.108742e+01 3.612640e+01
    endloop
  endfacet
  facet normal 0.000000e+00 9.608611e-01 -2.770307e-01
    outer loop
      vertex   2.500000e+01 -1.108742e+01 3.612640e+01
      vertex   1.830000e+01 -1.108742e+01 3.612640e+01
      vertex   2.500000e+01 -1.099671e+01 3.644101e+01
    endloop
  endfacet
  facet normal -2.937943e-16 9.608611e-01 -2.770307e-01
    outer loop
      vertex   2.500000e+01 -1.099671e+01 3.644101e+01
      vertex   1.830000e+01 -1.108742e+01 3.612640e+01
      vertex   1.830000e+01 -1.099671e+01 3.644101e+01
    endloop
  endfacet
  facet normal -3.567455e-16 9.417228e-01 -3.363900e-01
    outer loop
      vertex   2.500000e+01 -1.099671e+01 3.644101e+01
      vertex   1.830000e+01 -1.099671e+01 3.644101e+01
      vertex   2.500000e+01 -1.088657e+01 3.674936e+01
    endloop
  endfacet
  facet normal -3.567455e-16 9.417228e-01 -3.363900e-01
    outer loop
      vertex   2.500000e+01 -1.088657e+01 3.674936e+01
      vertex   1.830000e+01 -1.099671e+01 3.644101e+01
      vertex   1.830000e+01 -1.088657e+01 3.674936e+01
    endloop
  endfacet
  facet normal -4.183090e-16 9.189214e-01 -3.944408e-01
    outer loop
      vertex   2.500000e+01 -1.088657e+01 3.674936e+01
      vertex   1.830000e+01 -1.088657e+01 3.674936e+01
      vertex   2.500000e+01 -1.075741e+01 3.705025e+01
    endloop
  endfacet
  facet normal 0.000000e+00 9.189214e-01 -3.944408e-01
    outer loop
      vertex   2.500000e+01 -1.075741e+01 3.705025e+01
      vertex   1.830000e+01 -1.088657e+01 3.674936e+01
      vertex   1.830000e+01 -1.075741e+01 3.705025e+01
    endloop
  endfacet
  facet normal 0.000000e+00 8.925456e-01 -4.509572e-01
    outer loop
      vertex   2.500000e+01 -1.075741e+01 3.705025e+01
      vertex   1.830000e+01 -1.075741e+01 3.705025e+01
      vertex   2.500000e+01 -1.060976e+01 3.734250e+01
    endloop
  endfacet
  facet normal 0.000000e+00 8.925456e-01 -4.509572e-01
    outer loop
      vertex   2.500000e+01 -1.060976e+01 3.734250e+01
      vertex   1.830000e+01 -1.075741e+01 3.705025e+01
      vertex   1.830000e+01 -1.060976e+01 3.734250e+01
    endloop
  endfacet
  facet normal 0.000000e+00 8.925456e-01 -4.509572e-01
    outer loop
      vertex   2.500000e+01 -1.060976e+01 3.734250e+01
      vertex   1.830000e+01 -1.060976e+01 3.734250e+01
      vertex   2.500000e+01 -1.046913e+01 3.762083e+01
    endloop
  endfacet
  facet normal 0.000000e+00 8.925456e-01 -4.509572e-01
    outer loop
      vertex   2.500000e+01 -1.046913e+01 3.762083e+01
      vertex   1.830000e+01 -1.060976e+01 3.734250e+01
      vertex   1.830000e+01 -1.046913e+01 3.762083e+01
    endloop
  endfacet
  facet normal 0.000000e+00 9.189214e-01 -3.944408e-01
    outer loop
      vertex   2.500000e+01 -1.046913e+01 3.762083e+01
      vertex   1.830000e+01 -1.046913e+01 3.762083e+01
      vertex   2.500000e+01 -1.034613e+01 3.790739e+01
    endloop
  endfacet
  facet normal 0.000000e+00 9.189214e-01 -3.944408e-01
    outer loop
      vertex   2.500000e+01 -1.034613e+01 3.790739e+01
      vertex   1.830000e+01 -1.046913e+01 3.762083e+01
      vertex   1.830000e+01 -1.034613e+01 3.790739e+01
    endloop
  endfacet
  facet normal 0.000000e+00 9.417228e-01 -3.363900e-01
    outer loop
      vertex   2.500000e+01 -1.034613e+01 3.790739e+01
      vertex   1.830000e+01 -1.034613e+01 3.790739e+01
      vertex   2.500000e+01 -1.024123e+01 3.820106e+01
    endloop
  endfacet
  facet normal 0.000000e+00 9.417228e-01 -3.363900e-01
    outer loop
      vertex   2.500000e+01 -1.024123e+01 3.820106e+01
      vertex   1.830000e+01 -1.034613e+01 3.790739e+01
      vertex   1.830000e+01 -1.024123e+01 3.820106e+01
    endloop
  endfacet
  facet normal 0.000000e+00 9.608611e-01 -2.770307e-01
    outer loop
      vertex   2.500000e+01 -1.024123e+01 3.820106e+01
      vertex   1.830000e+01 -1.024123e+01 3.820106e+01
      vertex   2.500000e+01 -1.015484e+01 3.850069e+01
    endloop
  endfacet
  facet normal 0.000000e+00 9.608611e-01 -2.770307e-01
    outer loop
      vertex   2.500000e+01 -1.015484e+01 3.850069e+01
      vertex   1.830000e+01 -1.024123e+01 3.820106e+01
      vertex   1.830000e+01 -1.015484e+01 3.850069e+01
    endloop
  endfacet
  facet normal 0.000000e+00 9.762618e-01 -2.165939e-01
    outer loop
      vertex   2.500000e+01 -1.015484e+01 3.850069e+01
      vertex   1.830000e+01 -1.015484e+01 3.850069e+01
      vertex   2.500000e+01 -1.008729e+01 3.880513e+01
    endloop
  endfacet
  facet normal 0.000000e+00 9.762618e-01 -2.165939e-01
    outer loop
      vertex   2.500000e+01 -1.008729e+01 3.880513e+01
      vertex   1.830000e+01 -1.015484e+01 3.850069e+01
      vertex   1.830000e+01 -1.008729e+01 3.880513e+01
    endloop
  endfacet
  facet normal 0.000000e+00 9.878651e-01 -1.553145e-01
    outer loop
      vertex   2.500000e+01 -1.008729e+01 3.880513e+01
      vertex   1.830000e+01 -1.008729e+01 3.880513e+01
      vertex   2.500000e+01 -1.003886e+01 3.911319e+01
    endloop
  endfacet
  facet normal 0.000000e+00 9.878651e-01 -1.553145e-01
    outer loop
      vertex   2.500000e+01 -1.003886e+01 3.911319e+01
      vertex   1.830000e+01 -1.008729e+01 3.880513e+01
      vertex   1.830000e+01 -1.003886e+01 3.911319e+01
    endloop
  endfacet
  facet normal 0.000000e+00 9.956258e-01 -9.343103e-02
    outer loop
      vertex   2.500000e+01 -1.003886e+01 3.911319e+01
      vertex   1.830000e+01 -1.003886e+01 3.911319e+01
      vertex   2.500000e+01 -1.000972e+01 3.942366e+01
    endloop
  endfacet
  facet normal 0.000000e+00 9.956258e-01 -9.343103e-02
    outer loop
      vertex   2.500000e+01 -1.000972e+01 3.942366e+01
      vertex   1.830000e+01 -1.003886e+01 3.911319e+01
      vertex   1.830000e+01 -1.000972e+01 3.942366e+01
    endloop
  endfacet
  facet normal 0.000000e+00 9.995137e-01 -3.118411e-02
    outer loop
      vertex   2.500000e+01 -1.000972e+01 3.942366e+01
      vertex   1.830000e+01 -1.000972e+01 3.942366e+01
      vertex   2.500000e+01 -1.000000e+01 3.973535e+01
    endloop
  endfacet
  facet normal 0.000000e+00 9.995137e-01 -3.118411e-02
    outer loop
      vertex   2.500000e+01 -1.000000e+01 3.973535e+01
      vertex   1.830000e+01 -1.000972e+01 3.942366e+01
      vertex   1.830000e+01 -1.000000e+01 3.973535e+01
    endloop
  endfacet
  facet normal 1.000000e+00 0.000000e+00 0.000000e+00
    outer loop
      vertex   6.700000e+00 -1.000972e+01 1.673634e+01
      vertex   6.700000e+00 -1.003886e+01 1.704681e+01
      vertex   6.700000e+00 -1.000000e+01 1.642465e+01
    endloop
  endfacet
  facet normal 1.000000e+00 0.000000e+00 0.000000e+00
    outer loop
      vertex   6.700000e+00 -1.000000e+01 1.642465e+01
      vertex   6.700000e+00 -1.003886e+01 1.704681e+01
      vertex   6.700000e+00 -1.008729e+01 1.735487e+01
    endloop
  endfacet
  facet normal 1.000000e+00 0.000000e+00 0.000000e+00
    outer loop
      vertex   6.700000e+00 -1.000000e+01 1.642465e+01
      vertex   6.700000e+00 -1.008729e+01 1.735487e+01
      vertex   6.700000e+00 -1.015484e+01 1.765931e+01
    endloop
  endfacet
  facet normal 1.000000e+00 0.000000e+00 0.000000e+00
    outer loop
      vertex   6.700000e+00 -1.015484e+01 1.765931e+01
      vertex   6.700000e+00 -1.024123e+01 1.795894e+01
      vertex   6.700000e+00 -1.000000e+01 1.642465e+01
    endloop
  endfacet
  facet normal 1.000000e+00 0.000000e+00 0.000000e+00
    outer loop
      vertex   6.700000e+00 -1.000000e+01 1.642465e+01
      vertex   6.700000e+00 -1.024123e+01 1.795894e+01
      vertex   6.700000e+00 -1.034613e+01 1.825261e+01
    endloop
  endfacet
  facet normal 1.000000e+00 0.000000e+00 0.000000e+00
    outer loop
      vertex   6.700000e+00 -1.000000e+01 1.642465e+01
      vertex   6.700000e+00 -1.034613e+01 1.825261e+01
      vertex   6.700000e+00 -1.046913e+01 1.853917e+01
    endloop
  endfacet
  facet normal 1.000000e+00 0.000000e+00 0.000000e+00
    outer loop
      vertex   6.700000e+00 -1.046913e+01 1.853917e+01
      vertex   6.700000e+00 -1.060976e+01 1.881750e+01
      vertex   6.700000e+00 -1.000000e+01 1.642465e+01
    endloop
  endfacet
  facet normal 1.000000e+00 0.000000e+00 0.000000e+00
    outer loop
      vertex   6.700000e+00 -1.000000e+01 1.642465e+01
      vertex   6.700000e+00 -1.060976e+01 1.881750e+01
      vertex   6.700000e+00 -1.075741e+01 1.910975e+01
    endloop
  endfacet
  facet normal 1.000000e+00 0.000000e+00 0.000000e+00
    outer loop
      vertex   6.700000e+00 -1.000000e+01 1.642465e+01
      vertex   6.700000e+00 -1.075741e+01 1.910975e+01
      vertex   6.700000e+00 -1.000000e+01 1.408000e+01
    endloop
  endfacet
  facet normal 1.000000e+00 0.000000e+00 0.000000e+00
    outer loop
      vertex   6.700000e+00 -1.000000e+01 1.408000e+01
      vertex   6.700000e+00 -1.075741e+01 1.910975e+01
      vertex   6.700000e+00 -1.088657e+01 1.941064e+01
    endloop
  endfacet
  facet normal 1.000000e+00 0.000000e+00 0.000000e+00
    outer loop
      vertex   6.700000e+00 -1.000000e+01 1.408000e+01
      vertex   6.700000e+00 -1.088657e+01 1.941064e+01
      vertex   6.700000e+00 -1.099671e+01 1.971899e+01
    endloop
  endfacet
  facet normal 1.000000e+00 0.000000e+00 0.000000e+00
    outer loop
      vertex   6.700000e+00 -1.000000e+01 1.408000e+01
      vertex   6.700000e+00 -1.099671e+01 1.971899e+01
      vertex   6.700000e+00 -2.500000e+01 9.080000e+00
    endloop
  endfacet
  facet normal 1.000000e+00 0.000000e+00 0.000000e+00
    outer loop
      vertex   6.700000e+00 -2.500000e+01 9.080000e+00
      vertex   6.700000e+00 -1.099671e+01 1.971899e+01
      vertex   6.700000e+00 -1.108742e+01 2.003360e+01
    endloop
  endfacet
  facet normal 1.000000e+00 0.000000e+00 0.000000e+00
    outer loop
      vertex   6.700000e+00 -2.500000e+01 9.080000e+00
      vertex   6.700000e+00 -1.108742e+01 2.003360e+01
      vertex   6.700000e+00 -1.115834e+01 2.035327e+01
    endloop
  endfacet
  facet normal 1.000000e+00 0.000000e+00 0.000000e+00
    outer loop
      vertex   6.700000e+00 -1.115834e+01 2.035327e+01
      vertex   6.700000e+00 -1.120920e+01 2.067673e+01
      vertex   6.700000e+00 -2.500000e+01 9.080000e+00
    endloop
  endfacet
  facet normal 1.000000e+00 0.000000e+00 0.000000e+00
    outer loop
      vertex   6.700000e+00 -2.500000e+01 9.080000e+00
      vertex   6.700000e+00 -1.120920e+01 2.067673e+01
      vertex   6.700000e+00 -1.123979e+01 2.100273e+01
    endloop
  endfacet
  facet normal 1.000000e+00 0.000000e+00 0.000000e+00
    outer loop
      vertex   6.700000e+00 -2.500000e+01 9.080000e+00
      vertex   6.700000e+00 -1.123979e+01 2.100273e+01
      vertex   6.700000e+00 -1.125000e+01 2.133000e+01
    endloop
  endfacet
  facet normal 1.000000e+00 0.000000e+00 -0.000000e+00
    outer loop
      vertex   6.700000e+00 -1.125000e+01 2.133000e+01
      vertex   6.700000e+00 -1.123979e+01 2.165727e+01
      vertex   6.700000e+00 -2.500000e+01 9.080000e+00
    endloop
  endfacet
  facet normal 1.000000e+00 0.000000e+00 0.000000e+00
    outer loop
      vertex   6.700000e+00 -2.500000e+01 9.080000e+00
      vertex   6.700000e+00 -1.123979e+01 2.165727e+01
      vertex   6.700000e+00 -1.120920e+01 2.198327e+01
    endloop
  endfacet
  facet normal 1.000000e+00 0.000000e+00 0.000000e+00
    outer loop
      vertex   6.700000e+00 -2.500000e+01 9.080000e+00
      vertex   6.700000e+00 -1.120920e+01 2.198327e+01
      vertex   6.700000e+00 -1.585714e+01 4.108000e+01
    endloop
  endfacet
  facet normal 1.000000e+00 0.000000e+00 0.000000e+00
    outer loop
      vertex   6.700000e+00 -1.585714e+01 4.108000e+01
      vertex   6.700000e+00 -1.120920e+01 2.198327e+01
      vertex   6.700000e+00 -1.115834e+01 2.230673e+01
    endloop
  endfacet
  facet normal 1.000000e+00 0.000000e+00 0.000000e+00
    outer loop
      vertex   6.700000e+00 -1.585714e+01 4.108000e+01
      vertex   6.700000e+00 -1.115834e+01 2.230673e+01
      vertex   6.700000e+00 -1.108742e+01 2.262640e+01
    endloop
  endfacet
  facet normal 1.000000e+00 0.000000e+00 0.000000e+00
    outer loop
      vertex   6.700000e+00 -1.585714e+01 4.108000e+01
      vertex   6.700000e+00 -1.108742e+01 2.262640e+01
      vertex   6.700000e+00 -1.108742e+01 3.353360e+01
    endloop
  endfacet
  facet normal 1.000000e+00 0.000000e+00 0.000000e+00
    outer loop
      vertex   6.700000e+00 -1.108742e+01 3.353360e+01
      vertex   6.700000e+00 -1.108742e+01 2.262640e+01
      vertex   6.700000e+00 -1.099671e+01 2.294101e+01
    endloop
  endfacet
  facet normal 1.000000e+00 0.000000e+00 0.000000e+00
    outer loop
      vertex   6.700000e+00 -1.108742e+01 3.353360e+01
      vertex   6.700000e+00 -1.099671e+01 2.294101e+01
      vertex   6.700000e+00 -1.099671e+01 3.321899e+01
    endloop
  endfacet
  facet normal 1.000000e+00 0.000000e+00 0.000000e+00
    outer loop
      vertex   6.700000e+00 -1.099671e+01 3.321899e+01
      vertex   6.700000e+00 -1.099671e+01 2.294101e+01
      vertex   6.700000e+00 -1.088657e+01 2.324936e+01
    endloop
  endfacet
  facet normal 1.000000e+00 0.000000e+00 0.000000e+00
    outer loop
      vertex   6.700000e+00 -1.099671e+01 3.321899e+01
      vertex   6.700000e+00 -1.088657e+01 2.324936e+01
      vertex   6.700000e+00 -1.088657e+01 3.291064e+01
    endloop
  endfacet
  facet normal 1.000000e+00 0.000000e+00 0.000000e+00
    outer loop
      vertex   6.700000e+00 -1.088657e+01 3.291064e+01
      vertex   6.700000e+00 -1.088657e+01 2.324936e+01
      vertex   6.700000e+00 -1.075741e+01 2.355025e+01
    endloop
  endfacet
  facet normal 1.000000e+00 0.000000e+00 0.000000e+00
    outer loop
      vertex   6.700000e+00 -1.088657e+01 3.291064e+01
      vertex   6.700000e+00 -1.075741e+01 2.355025e+01
      vertex   6.700000e+00 -1.075741e+01 3.260975e+01
    endloop
  endfacet
  facet normal 1.000000e+00 0.000000e+00 0.000000e+00
    outer loop
      vertex   6.700000e+00 -1.075741e+01 3.260975e+01
      vertex   6.700000e+00 -1.075741e+01 2.355025e+01
      vertex   6.700000e+00 -1.000000e+01 2.623535e+01
    endloop
  endfacet
  facet normal 1.000000e+00 0.000000e+00 0.000000e+00
    outer loop
      vertex   6.700000e+00 -1.075741e+01 3.260975e+01
      vertex   6.700000e+00 -1.000000e+01 2.623535e+01
      vertex   6.700000e+00 -1.000000e+01 2.992465e+01
    endloop
  endfacet
  facet normal 1.000000e+00 0.000000e+00 0.000000e+00
    outer loop
      vertex   6.700000e+00 -1.075741e+01 2.355025e+01
      vertex   6.700000e+00 -1.060976e+01 2.384250e+01
      vertex   6.700000e+00 -1.000000e+01 2.623535e+01
    endloop
  endfacet
  facet normal 1.000000e+00 0.000000e+00 0.000000e+00
    outer loop
      vertex   6.700000e+00 -1.000000e+01 2.623535e+01
      vertex   6.700000e+00 -1.060976e+01 2.384250e+01
      vertex   6.700000e+00 -1.046913e+01 2.412083e+01
    endloop
  endfacet
  facet normal 1.000000e+00 0.000000e+00 0.000000e+00
    outer loop
      vertex   6.700000e+00 -1.000000e+01 2.623535e+01
      vertex   6.700000e+00 -1.046913e+01 2.412083e+01
      vertex   6.700000e+00 -1.034613e+01 2.440739e+01
    endloop
  endfacet
  facet normal 1.000000e+00 0.000000e+00 0.000000e+00
    outer loop
      vertex   6.700000e+00 -1.034613e+01 2.440739e+01
      vertex   6.700000e+00 -1.024123e+01 2.470106e+01
      vertex   6.700000e+00 -1.000000e+01 2.623535e+01
    endloop
  endfacet
  facet normal 1.000000e+00 0.000000e+00 0.000000e+00
    outer loop
      vertex   6.700000e+00 -1.000000e+01 2.623535e+01
      vertex   6.700000e+00 -1.024123e+01 2.470106e+01
      vertex   6.700000e+00 -1.015484e+01 2.500069e+01
    endloop
  endfacet
  facet normal 1.000000e+00 0.000000e+00 0.000000e+00
    outer loop
      vertex   6.700000e+00 -1.000000e+01 2.623535e+01
      vertex   6.700000e+00 -1.015484e+01 2.500069e+01
      vertex   6.700000e+00 -1.008729e+01 2.530513e+01
    endloop
  endfacet
  facet normal 1.000000e+00 0.000000e+00 0.000000e+00
    outer loop
      vertex   6.700000e+00 -1.008729e+01 2.530513e+01
      vertex   6.700000e+00 -1.003886e+01 2.561319e+01
      vertex   6.700000e+00 -1.000000e+01 2.623535e+01
    endloop
  endfacet
  facet normal 1.000000e+00 0.000000e+00 0.000000e+00
    outer loop
      vertex   6.700000e+00 -1.000000e+01 2.623535e+01
      vertex   6.700000e+00 -1.003886e+01 2.561319e+01
      vertex   6.700000e+00 -1.000972e+01 2.592366e+01
    endloop
  endfacet
  facet normal 1.000000e+00 0.000000e+00 0.000000e+00
    outer loop
      vertex   6.700000e+00 -1.000972e+01 3.023634e+01
      vertex   6.700000e+00 -1.003886e+01 3.054681e+01
      vertex   6.700000e+00 -1.000000e+01 2.992465e+01
    endloop
  endfacet
  facet normal 1.000000e+00 0.000000e+00 0.000000e+00
    outer loop
      vertex   6.700000e+00 -1.000000e+01 2.992465e+01
      vertex   6.700000e+00 -1.003886e+01 3.054681e+01
      vertex   6.700000e+00 -1.008729e+01 3.085487e+01
    endloop
  endfacet
  facet normal 1.000000e+00 0.000000e+00 0.000000e+00
    outer loop
      vertex   6.700000e+00 -1.000000e+01 2.992465e+01
      vertex   6.700000e+00 -1.008729e+01 3.085487e+01
      vertex   6.700000e+00 -1.015484e+01 3.115931e+01
    endloop
  endfacet
  facet normal 1.000000e+00 0.000000e+00 0.000000e+00
    outer loop
      vertex   6.700000e+00 -1.015484e+01 3.115931e+01
      vertex   6.700000e+00 -1.024123e+01 3.145894e+01
      vertex   6.700000e+00 -1.000000e+01 2.992465e+01
    endloop
  endfacet
  facet normal 1.000000e+00 0.000000e+00 0.000000e+00
    outer loop
      vertex   6.700000e+00 -1.000000e+01 2.992465e+01
      vertex   6.700000e+00 -1.024123e+01 3.145894e+01
      vertex   6.700000e+00 -1.034613e+01 3.175261e+01
    endloop
  endfacet
  facet normal 1.000000e+00 0.000000e+00 0.000000e+00
    outer loop
      vertex   6.700000e+00 -1.000000e+01 2.992465e+01
      vertex   6.700000e+00 -1.034613e+01 3.175261e+01
      vertex   6.700000e+00 -1.046913e+01 3.203917e+01
    endloop
  endfacet
  facet normal 1.000000e+00 0.000000e+00 0.000000e+00
    outer loop
      vertex   6.700000e+00 -1.046913e+01 3.203917e+01
      vertex   6.700000e+00 -1.060976e+01 3.231750e+01
      vertex   6.700000e+00 -1.000000e+01 2.992465e+01
    endloop
  endfacet
  facet normal 1.000000e+00 0.000000e+00 0.000000e+00
    outer loop
      vertex   6.700000e+00 -1.000000e+01 2.992465e+01
      vertex   6.700000e+00 -1.060976e+01 3.231750e+01
      vertex   6.700000e+00 -1.075741e+01 3.260975e+01
    endloop
  endfacet
  facet normal 1.000000e+00 0.000000e+00 0.000000e+00
    outer loop
      vertex   6.700000e+00 -1.108742e+01 3.353360e+01
      vertex   6.700000e+00 -1.115834e+01 3.385327e+01
      vertex   6.700000e+00 -1.585714e+01 4.108000e+01
    endloop
  endfacet
  facet normal 1.000000e+00 0.000000e+00 0.000000e+00
    outer loop
      vertex   6.700000e+00 -1.585714e+01 4.108000e+01
      vertex   6.700000e+00 -1.115834e+01 3.385327e+01
      vertex   6.700000e+00 -1.120920e+01 3.417673e+01
    endloop
  endfacet
  facet normal 1.000000e+00 0.000000e+00 0.000000e+00
    outer loop
      vertex   6.700000e+00 -1.585714e+01 4.108000e+01
      vertex   6.700000e+00 -1.120920e+01 3.417673e+01
      vertex   6.700000e+00 -1.123979e+01 3.450273e+01
    endloop
  endfacet
  facet normal 1.000000e+00 0.000000e+00 0.000000e+00
    outer loop
      vertex   6.700000e+00 -1.123979e+01 3.450273e+01
      vertex   6.700000e+00 -1.125000e+01 3.483000e+01
      vertex   6.700000e+00 -1.585714e+01 4.108000e+01
    endloop
  endfacet
  facet normal 1.000000e+00 0.000000e+00 0.000000e+00
    outer loop
      vertex   6.700000e+00 -1.585714e+01 4.108000e+01
      vertex   6.700000e+00 -1.125000e+01 3.483000e+01
      vertex   6.700000e+00 -1.123979e+01 3.515727e+01
    endloop
  endfacet
  facet normal 1.000000e+00 0.000000e+00 0.000000e+00
    outer loop
      vertex   6.700000e+00 -1.585714e+01 4.108000e+01
      vertex   6.700000e+00 -1.123979e+01 3.515727e+01
      vertex   6.700000e+00 -1.120920e+01 3.548327e+01
    endloop
  endfacet
  facet normal 1.000000e+00 0.000000e+00 -0.000000e+00
    outer loop
      vertex   6.700000e+00 -1.120920e+01 3.548327e+01
      vertex   6.700000e+00 -1.115834e+01 3.580673e+01
      vertex   6.700000e+00 -1.585714e+01 4.108000e+01
    endloop
  endfacet
  facet normal 1.000000e+00 0.000000e+00 0.000000e+00
    outer loop
      vertex   6.700000e+00 -1.585714e+01 4.108000e+01
      vertex   6.700000e+00 -1.115834e+01 3.580673e+01
      vertex   6.700000e+00 -1.108742e+01 3.612640e+01
    endloop
  endfacet
  facet normal 1.000000e+00 0.000000e+00 0.000000e+00
    outer loop
      vertex   6.700000e+00 -1.585714e+01 4.108000e+01
      vertex   6.700000e+00 -1.108742e+01 3.612640e+01
      vertex   6.700000e+00 -1.099671e+01 3.644101e+01
    endloop
  endfacet
  facet normal 1.000000e+00 0.000000e+00 -0.000000e+00
    outer loop
      vertex   6.700000e+00 -1.099671e+01 3.644101e+01
      vertex   6.700000e+00 -1.088657e+01 3.674936e+01
      vertex   6.700000e+00 -1.585714e+01 4.108000e+01
    endloop
  endfacet
  facet normal 1.000000e+00 0.000000e+00 0.000000e+00
    outer loop
      vertex   6.700000e+00 -1.585714e+01 4.108000e+01
      vertex   6.700000e+00 -1.088657e+01 3.674936e+01
      vertex   6.700000e+00 -1.075741e+01 3.705025e+01
    endloop
  endfacet
  facet normal 1.000000e+00 0.000000e+00 0.000000e+00
    outer loop
      vertex   6.700000e+00 -1.585714e+01 4.108000e+01
      vertex   6.700000e+00 -1.075741e+01 3.705025e+01
      vertex   6.700000e+00 -1.060976e+01 3.734250e+01
    endloop
  endfacet
  facet normal 1.000000e+00 0.000000e+00 0.000000e+00
    outer loop
      vertex   6.700000e+00 -1.585714e+01 4.108000e+01
      vertex   6.700000e+00 -1.060976e+01 3.734250e+01
      vertex   6.700000e+00 -1.000000e+01 3.973535e+01
    endloop
  endfacet
  facet normal 1.000000e+00 0.000000e+00 0.000000e+00
    outer loop
      vertex   6.700000e+00 -1.000000e+01 3.973535e+01
      vertex   6.700000e+00 -1.060976e+01 3.734250e+01
      vertex   6.700000e+00 -1.046913e+01 3.762083e+01
    endloop
  endfacet
  facet normal 1.000000e+00 0.000000e+00 0.000000e+00
    outer loop
      vertex   6.700000e+00 -1.000000e+01 3.973535e+01
      vertex   6.700000e+00 -1.046913e+01 3.762083e+01
      vertex   6.700000e+00 -1.034613e+01 3.790739e+01
    endloop
  endfacet
  facet normal 1.000000e+00 0.000000e+00 0.000000e+00
    outer loop
      vertex   6.700000e+00 -1.034613e+01 3.790739e+01
      vertex   6.700000e+00 -1.024123e+01 3.820106e+01
      vertex   6.700000e+00 -1.000000e+01 3.973535e+01
    endloop
  endfacet
  facet normal 1.000000e+00 0.000000e+00 0.000000e+00
    outer loop
      vertex   6.700000e+00 -1.000000e+01 3.973535e+01
      vertex   6.700000e+00 -1.024123e+01 3.820106e+01
      vertex   6.700000e+00 -1.015484e+01 3.850069e+01
    endloop
  endfacet
  facet normal 1.000000e+00 0.000000e+00 0.000000e+00
    outer loop
      vertex   6.700000e+00 -1.000000e+01 3.973535e+01
      vertex   6.700000e+00 -1.015484e+01 3.850069e+01
      vertex   6.700000e+00 -1.008729e+01 3.880513e+01
    endloop
  endfacet
  facet normal 1.000000e+00 0.000000e+00 0.000000e+00
    outer loop
      vertex   6.700000e+00 -1.008729e+01 3.880513e+01
      vertex   6.700000e+00 -1.003886e+01 3.911319e+01
      vertex   6.700000e+00 -1.000000e+01 3.973535e+01
    endloop
  endfacet
  facet normal 1.000000e+00 0.000000e+00 0.000000e+00
    outer loop
      vertex   6.700000e+00 -1.000000e+01 3.973535e+01
      vertex   6.700000e+00 -1.003886e+01 3.911319e+01
      vertex   6.700000e+00 -1.000972e+01 3.942366e+01
    endloop
  endfacet
  facet normal 1.000000e+00 0.000000e+00 -0.000000e+00
    outer loop
      vertex   6.700000e+00 -1.000000e+01 3.973535e+01
      vertex   6.700000e+00 -1.000000e+01 4.108000e+01
      vertex   6.700000e+00 -1.585714e+01 4.108000e+01
    endloop
  endfacet
  facet normal 1.000000e+00 0.000000e+00 0.000000e+00
    outer loop
      vertex   6.700000e+00 -5.000000e+00 9.080000e+00
      vertex   6.700000e+00 -5.327016e+00 9.090705e+00
      vertex   6.700000e+00 -2.500000e+01 9.080000e+00
    endloop
  endfacet
  facet normal 1.000000e+00 0.000000e+00 0.000000e+00
    outer loop
      vertex   6.700000e+00 -2.500000e+01 9.080000e+00
      vertex   6.700000e+00 -5.327016e+00 9.090705e+00
      vertex   6.700000e+00 -5.652631e+00 9.122776e+00
    endloop
  endfacet
  facet normal 1.000000e+00 0.000000e+00 0.000000e+00
    outer loop
      vertex   6.700000e+00 -2.500000e+01 9.080000e+00
      vertex   6.700000e+00 -5.652631e+00 9.122776e+00
      vertex   6.700000e+00 -5.975452e+00 9.176074e+00
    endloop
  endfacet
  facet normal 1.000000e+00 0.000000e+00 0.000000e+00
    outer loop
      vertex   6.700000e+00 -5.975452e+00 9.176074e+00
      vertex   6.700000e+00 -6.294095e+00 9.250371e+00
      vertex   6.700000e+00 -2.500000e+01 9.080000e+00
    endloop
  endfacet
  facet normal 1.000000e+00 0.000000e+00 0.000000e+00
    outer loop
      vertex   6.700000e+00 -2.500000e+01 9.080000e+00
      vertex   6.700000e+00 -6.294095e+00 9.250371e+00
      vertex   6.700000e+00 -6.607197e+00 9.345349e+00
    endloop
  endfacet
  facet normal 1.000000e+00 0.000000e+00 0.000000e+00
    outer loop
      vertex   6.700000e+00 -2.500000e+01 9.080000e+00
      vertex   6.700000e+00 -6.607197e+00 9.345349e+00
      vertex   6.700000e+00 -6.913417e+00 9.460602e+00
    endloop
  endfacet
  facet normal 1.000000e+00 0.000000e+00 0.000000e+00
    outer loop
      vertex   6.700000e+00 -6.913417e+00 9.460602e+00
      vertex   6.700000e+00 -7.211443e+00 9.595636e+00
      vertex   6.700000e+00 -2.500000e+01 9.080000e+00
    endloop
  endfacet
  facet normal 1.000000e+00 0.000000e+00 0.000000e+00
    outer loop
      vertex   6.700000e+00 -2.500000e+01 9.080000e+00
      vertex   6.700000e+00 -7.211443e+00 9.595636e+00
      vertex   6.700000e+00 -7.500000e+00 9.749873e+00
    endloop
  endfacet
  facet normal 1.000000e+00 0.000000e+00 0.000000e+00
    outer loop
      vertex   6.700000e+00 -2.500000e+01 9.080000e+00
      vertex   6.700000e+00 -7.500000e+00 9.749873e+00
      vertex   6.700000e+00 -7.777851e+00 9.922652e+00
    endloop
  endfacet
  facet normal 1.000000e+00 0.000000e+00 0.000000e+00
    outer loop
      vertex   6.700000e+00 -7.777851e+00 9.922652e+00
      vertex   6.700000e+00 -8.043807e+00 1.011323e+01
      vertex   6.700000e+00 -2.500000e+01 9.080000e+00
    endloop
  endfacet
  facet normal 1.000000e+00 0.000000e+00 0.000000e+00
    outer loop
      vertex   6.700000e+00 -2.500000e+01 9.080000e+00
      vertex   6.700000e+00 -8.043807e+00 1.011323e+01
      vertex   6.700000e+00 -8.296729e+00 1.032080e+01
    endloop
  endfacet
  facet normal 1.000000e+00 0.000000e+00 0.000000e+00
    outer loop
      vertex   6.700000e+00 -2.500000e+01 9.080000e+00
      vertex   6.700000e+00 -8.296729e+00 1.032080e+01
      vertex   6.700000e+00 -8.535534e+00 1.054447e+01
    endloop
  endfacet
  facet normal 1.000000e+00 0.000000e+00 0.000000e+00
    outer loop
      vertex   6.700000e+00 -8.535534e+00 1.054447e+01
      vertex   6.700000e+00 -8.759199e+00 1.078327e+01
      vertex   6.700000e+00 -2.500000e+01 9.080000e+00
    endloop
  endfacet
  facet normal 1.000000e+00 0.000000e+00 0.000000e+00
    outer loop
      vertex   6.700000e+00 -2.500000e+01 9.080000e+00
      vertex   6.700000e+00 -8.759199e+00 1.078327e+01
      vertex   6.700000e+00 -8.966767e+00 1.103619e+01
    endloop
  endfacet
  facet normal 1.000000e+00 0.000000e+00 0.000000e+00
    outer loop
      vertex   6.700000e+00 -2.500000e+01 9.080000e+00
      vertex   6.700000e+00 -8.966767e+00 1.103619e+01
      vertex   6.700000e+00 -9.157348e+00 1.130215e+01
    endloop
  endfacet
  facet normal 1.000000e+00 0.000000e+00 0.000000e+00
    outer loop
      vertex   6.700000e+00 -9.157348e+00 1.130215e+01
      vertex   6.700000e+00 -9.330127e+00 1.158000e+01
      vertex   6.700000e+00 -2.500000e+01 9.080000e+00
    endloop
  endfacet
  facet normal 1.000000e+00 0.000000e+00 0.000000e+00
    outer loop
      vertex   6.700000e+00 -2.500000e+01 9.080000e+00
      vertex   6.700000e+00 -9.330127e+00 1.158000e+01
      vertex   6.700000e+00 -9.484364e+00 1.186856e+01
    endloop
  endfacet
  facet normal 1.000000e+00 0.000000e+00 0.000000e+00
    outer loop
      vertex   6.700000e+00 -2.500000e+01 9.080000e+00
      vertex   6.700000e+00 -9.484364e+00 1.186856e+01
      vertex   6.700000e+00 -9.619398e+00 1.216658e+01
    endloop
  endfacet
  facet normal 1.000000e+00 0.000000e+00 0.000000e+00
    outer loop
      vertex   6.700000e+00 -9.619398e+00 1.216658e+01
      vertex   6.700000e+00 -9.734651e+00 1.247280e+01
      vertex   6.700000e+00 -2.500000e+01 9.080000e+00
    endloop
  endfacet
  facet normal 1.000000e+00 0.000000e+00 0.000000e+00
    outer loop
      vertex   6.700000e+00 -2.500000e+01 9.080000e+00
      vertex   6.700000e+00 -9.734651e+00 1.247280e+01
      vertex   6.700000e+00 -9.829629e+00 1.278590e+01
    endloop
  endfacet
  facet normal 1.000000e+00 0.000000e+00 0.000000e+00
    outer loop
      vertex   6.700000e+00 -2.500000e+01 9.080000e+00
      vertex   6.700000e+00 -9.829629e+00 1.278590e+01
      vertex   6.700000e+00 -9.903926e+00 1.310455e+01
    endloop
  endfacet
  facet normal 1.000000e+00 0.000000e+00 0.000000e+00
    outer loop
      vertex   6.700000e+00 -9.903926e+00 1.310455e+01
      vertex   6.700000e+00 -9.957224e+00 1.342737e+01
      vertex   6.700000e+00 -2.500000e+01 9.080000e+00
    endloop
  endfacet
  facet normal 1.000000e+00 0.000000e+00 0.000000e+00
    outer loop
      vertex   6.700000e+00 -2.500000e+01 9.080000e+00
      vertex   6.700000e+00 -9.957224e+00 1.342737e+01
      vertex   6.700000e+00 -9.989295e+00 1.375298e+01
    endloop
  endfacet
  facet normal 1.000000e+00 0.000000e+00 0.000000e+00
    outer loop
      vertex   6.700000e+00 -2.500000e+01 9.080000e+00
      vertex   6.700000e+00 -9.989295e+00 1.375298e+01
      vertex   6.700000e+00 -1.000000e+01 1.408000e+01
    endloop
  endfacet
  facet normal 0.000000e+00 1.000000e+00 -0.000000e+00
    outer loop
      vertex   6.700000e+00 -1.000000e+01 3.973535e+01
      vertex   -1.019748e-14 -1.000000e+01 3.973535e+01
      vertex   6.700000e+00 -1.000000e+01 4.108000e+01
    endloop
  endfacet
  facet normal 0.000000e+00 1.000000e+00 0.000000e+00
    outer loop
      vertex   6.700000e+00 -1.000000e+01 4.108000e+01
      vertex   -1.019748e-14 -1.000000e+01 3.973535e+01
      vertex   6.689753e+00 -1.000000e+01 4.132774e+01
    endloop
  endfacet
  facet normal 0.000000e+00 1.000000e+00 0.000000e+00
    outer loop
      vertex   6.689753e+00 -1.000000e+01 4.132774e+01
      vertex   -1.019748e-14 -1.000000e+01 3.973535e+01
      vertex   6.659084e+00 -1.000000e+01 4.157378e+01
    endloop
  endfacet
  facet normal 0.000000e+00 1.000000e+00 0.000000e+00
    outer loop
      vertex   6.659084e+00 -1.000000e+01 4.157378e+01
      vertex   -1.019748e-14 -1.000000e+01 3.973535e+01
      vertex   6.608201e+00 -1.000000e+01 4.181646e+01
    endloop
  endfacet
  facet normal 0.000000e+00 1.000000e+00 0.000000e+00
    outer loop
      vertex   6.608201e+00 -1.000000e+01 4.181646e+01
      vertex   -1.019748e-14 -1.000000e+01 3.973535e+01
      vertex   6.537452e+00 -1.000000e+01 4.205410e+01
    endloop
  endfacet
  facet normal 0.000000e+00 1.000000e+00 0.000000e+00
    outer loop
      vertex   6.537452e+00 -1.000000e+01 4.205410e+01
      vertex   -1.019748e-14 -1.000000e+01 3.973535e+01
      vertex   6.447320e+00 -1.000000e+01 4.228509e+01
    endloop
  endfacet
  facet normal 0.000000e+00 1.000000e+00 0.000000e+00
    outer loop
      vertex   6.447320e+00 -1.000000e+01 4.228509e+01
      vertex   -1.019748e-14 -1.000000e+01 3.973535e+01
      vertex   6.338421e+00 -1.000000e+01 4.250784e+01
    endloop
  endfacet
  facet normal 0.000000e+00 1.000000e+00 0.000000e+00
    outer loop
      vertex   6.338421e+00 -1.000000e+01 4.250784e+01
      vertex   -1.019748e-14 -1.000000e+01 3.973535e+01
      vertex   3.700000e+00 -1.000000e+01 4.408000e+01
    endloop
  endfacet
  facet normal 0.000000e+00 1.000000e+00 0.000000e+00
    outer loop
      vertex   6.338421e+00 -1.000000e+01 4.250784e+01
      vertex   3.700000e+00 -1.000000e+01 4.408000e+01
      vertex   6.211499e+00 -1.000000e+01 4.272084e+01
    endloop
  endfacet
  facet normal 0.000000e+00 1.000000e+00 0.000000e+00
    outer loop
      vertex   6.211499e+00 -1.000000e+01 4.272084e+01
      vertex   3.700000e+00 -1.000000e+01 4.408000e+01
      vertex   6.067422e+00 -1.000000e+01 4.292264e+01
    endloop
  endfacet
  facet normal 0.000000e+00 1.000000e+00 0.000000e+00
    outer loop
      vertex   6.067422e+00 -1.000000e+01 4.292264e+01
      vertex   3.700000e+00 -1.000000e+01 4.408000e+01
      vertex   5.907172e+00 -1.000000e+01 4.311184e+01
    endloop
  endfacet
  facet normal 0.000000e+00 1.000000e+00 0.000000e+00
    outer loop
      vertex   5.907172e+00 -1.000000e+01 4.311184e+01
      vertex   3.700000e+00 -1.000000e+01 4.408000e+01
      vertex   5.731845e+00 -1.000000e+01 4.328717e+01
    endloop
  endfacet
  facet normal 0.000000e+00 1.000000e+00 0.000000e+00
    outer loop
      vertex   5.731845e+00 -1.000000e+01 4.328717e+01
      vertex   3.700000e+00 -1.000000e+01 4.408000e+01
      vertex   5.542638e+00 -1.000000e+01 4.344742e+01
    endloop
  endfacet
  facet normal 0.000000e+00 1.000000e+00 0.000000e+00
    outer loop
      vertex   5.542638e+00 -1.000000e+01 4.344742e+01
      vertex   3.700000e+00 -1.000000e+01 4.408000e+01
      vertex   5.340844e+00 -1.000000e+01 4.359150e+01
    endloop
  endfacet
  facet normal 0.000000e+00 1.000000e+00 0.000000e+00
    outer loop
      vertex   5.340844e+00 -1.000000e+01 4.359150e+01
      vertex   3.700000e+00 -1.000000e+01 4.408000e+01
      vertex   5.127842e+00 -1.000000e+01 4.371842e+01
    endloop
  endfacet
  facet normal 0.000000e+00 1.000000e+00 0.000000e+00
    outer loop
      vertex   5.127842e+00 -1.000000e+01 4.371842e+01
      vertex   3.700000e+00 -1.000000e+01 4.408000e+01
      vertex   4.905086e+00 -1.000000e+01 4.382732e+01
    endloop
  endfacet
  facet normal 0.000000e+00 1.000000e+00 0.000000e+00
    outer loop
      vertex   4.905086e+00 -1.000000e+01 4.382732e+01
      vertex   3.700000e+00 -1.000000e+01 4.408000e+01
      vertex   4.674098e+00 -1.000000e+01 4.391745e+01
    endloop
  endfacet
  facet normal 0.000000e+00 1.000000e+00 0.000000e+00
    outer loop
      vertex   4.674098e+00 -1.000000e+01 4.391745e+01
      vertex   3.700000e+00 -1.000000e+01 4.408000e+01
      vertex   4.436456e+00 -1.000000e+01 4.398820e+01
    endloop
  endfacet
  facet normal 0.000000e+00 1.000000e+00 0.000000e+00
    outer loop
      vertex   4.436456e+00 -1.000000e+01 4.398820e+01
      vertex   3.700000e+00 -1.000000e+01 4.408000e+01
      vertex   4.193784e+00 -1.000000e+01 4.403908e+01
    endloop
  endfacet
  facet normal 0.000000e+00 1.000000e+00 0.000000e+00
    outer loop
      vertex   4.193784e+00 -1.000000e+01 4.403908e+01
      vertex   3.700000e+00 -1.000000e+01 4.408000e+01
      vertex   3.947738e+00 -1.000000e+01 4.406975e+01
    endloop
  endfacet
  facet normal 0.000000e+00 1.000000e+00 -0.000000e+00
    outer loop
      vertex   -1.019748e-14 -1.000000e+01 3.973535e+01
      vertex   -1.110223e-14 -1.000000e+01 4.408000e+01
      vertex   3.700000e+00 -1.000000e+01 4.408000e+01
    endloop
  endfacet
  facet normal 0.000000e+00 1.000000e+00 0.000000e+00
    outer loop
      vertex   6.700000e+00 -1.000000e+01 1.642465e+01
      vertex   6.700000e+00 -1.000000e+01 1.408000e+01
      vertex   -5.021460e-15 -1.000000e+01 1.642465e+01
    endloop
  endfacet
  facet normal 0.000000e+00 1.000000e+00 0.000000e+00
    outer loop
      vertex   -5.021460e-15 -1.000000e+01 1.642465e+01
      vertex   6.700000e+00 -1.000000e+01 1.408000e+01
      vertex   -4.440892e-15 -1.000000e+01 1.408000e+01
    endloop
  endfacet
  facet normal 0.000000e+00 1.000000e+00 0.000000e+00
    outer loop
      vertex   2.500000e+01 -1.000000e+01 1.642465e+01
      vertex   2.500000e+01 -1.000000e+01 1.408000e+01
      vertex   1.830000e+01 -1.000000e+01 1.642465e+01
    endloop
  endfacet
  facet normal 0.000000e+00 1.000000e+00 0.000000e+00
    outer loop
      vertex   1.830000e+01 -1.000000e+01 1.642465e+01
      vertex   2.500000e+01 -1.000000e+01 1.408000e+01
      vertex   1.830000e+01 -1.000000e+01 1.408000e+01
    endloop
  endfacet
  facet normal 9.991458e-01 -0.000000e+00 4.132497e-02
    outer loop
      vertex   6.700000e+00 -1.585714e+01 4.108000e+01
      vertex   6.700000e+00 -1.000000e+01 4.108000e+01
      vertex   6.689753e+00 -1.578636e+01 4.132774e+01
    endloop
  endfacet
  facet normal 9.991458e-01 -1.014909e-16 4.132497e-02
    outer loop
      vertex   6.689753e+00 -1.578636e+01 4.132774e+01
      vertex   6.700000e+00 -1.000000e+01 4.108000e+01
      vertex   6.689753e+00 -1.000000e+01 4.132774e+01
    endloop
  endfacet
  facet normal 9.923206e-01 -3.037796e-16 1.236926e-01
    outer loop
      vertex   6.689753e+00 -1.578636e+01 4.132774e+01
      vertex   6.689753e+00 -1.000000e+01 4.132774e+01
      vertex   6.659084e+00 -1.571606e+01 4.157378e+01
    endloop
  endfacet
  facet normal 9.923206e-01 -1.537578e-16 1.236926e-01
    outer loop
      vertex   6.659084e+00 -1.571606e+01 4.157378e+01
      vertex   6.689753e+00 -1.000000e+01 4.132774e+01
      vertex   6.659084e+00 -1.000000e+01 4.157378e+01
    endloop
  endfacet
  facet normal 9.787168e-01 -2.550957e-16 2.052153e-01
    outer loop
      vertex   6.659084e+00 -1.571606e+01 4.157378e+01
      vertex   6.659084e+00 -1.000000e+01 4.157378e+01
      vertex   6.608201e+00 -1.564673e+01 4.181646e+01
    endloop
  endfacet
  facet normal 9.787168e-01 2.582280e-16 2.052153e-01
    outer loop
      vertex   6.608201e+00 -1.564673e+01 4.181646e+01
      vertex   6.659084e+00 -1.000000e+01 4.157378e+01
      vertex   6.608201e+00 -1.000000e+01 4.181646e+01
    endloop
  endfacet
  facet normal 9.584275e-01 3.590462e-16 2.853362e-01
    outer loop
      vertex   6.608201e+00 -1.564673e+01 4.181646e+01
      vertex   6.608201e+00 -1.000000e+01 4.181646e+01
      vertex   6.537452e+00 -1.557883e+01 4.205410e+01
    endloop
  endfacet
  facet normal 9.584275e-01 1.525866e-16 2.853362e-01
    outer loop
      vertex   6.537452e+00 -1.557883e+01 4.205410e+01
      vertex   6.608201e+00 -1.000000e+01 4.181646e+01
      vertex   6.537452e+00 -1.000000e+01 4.205410e+01
    endloop
  endfacet
  facet normal 9.315911e-01 1.483141e-16 3.635080e-01
    outer loop
      vertex   6.537452e+00 -1.557883e+01 4.205410e+01
      vertex   6.537452e+00 -1.000000e+01 4.205410e+01
      vertex   6.447320e+00 -1.551283e+01 4.228509e+01
    endloop
  endfacet
  facet normal 9.315911e-01 -0.000000e+00 3.635080e-01
    outer loop
      vertex   6.447320e+00 -1.551283e+01 4.228509e+01
      vertex   6.537452e+00 -1.000000e+01 4.205410e+01
      vertex   6.447320e+00 -1.000000e+01 4.228509e+01
    endloop
  endfacet
  facet normal 8.983910e-01 -0.000000e+00 4.391966e-01
    outer loop
      vertex   6.447320e+00 -1.551283e+01 4.228509e+01
      vertex   6.447320e+00 -1.000000e+01 4.228509e+01
      vertex   6.338421e+00 -1.544919e+01 4.250784e+01
    endloop
  endfacet
  facet normal 8.983910e-01 -0.000000e+00 4.391966e-01
    outer loop
      vertex   6.338421e+00 -1.544919e+01 4.250784e+01
      vertex   6.447320e+00 -1.000000e+01 4.228509e+01
      vertex   6.338421e+00 -1.000000e+01 4.250784e+01
    endloop
  endfacet
  facet normal 8.590540e-01 -0.000000e+00 5.118850e-01
    outer loop
      vertex   6.338421e+00 -1.544919e+01 4.250784e+01
      vertex   6.338421e+00 -1.000000e+01 4.250784e+01
      vertex   6.211499e+00 -1.538833e+01 4.272084e+01
    endloop
  endfacet
  facet normal 8.590540e-01 -0.000000e+00 5.118850e-01
    outer loop
      vertex   6.211499e+00 -1.538833e+01 4.272084e+01
      vertex   6.338421e+00 -1.000000e+01 4.250784e+01
      vertex   6.211499e+00 -1.000000e+01 4.272084e+01
    endloop
  endfacet
  facet normal 8.138487e-01 -0.000000e+00 5.810768e-01
    outer loop
      vertex   6.211499e+00 -1.538833e+01 4.272084e+01
      vertex   6.211499e+00 -1.000000e+01 4.272084e+01
      vertex   6.067422e+00 -1.533067e+01 4.292264e+01
    endloop
  endfacet
  facet normal 8.138487e-01 1.356006e-16 5.810768e-01
    outer loop
      vertex   6.067422e+00 -1.533067e+01 4.292264e+01
      vertex   6.211499e+00 -1.000000e+01 4.272084e+01
      vertex   6.067422e+00 -1.000000e+01 4.292264e+01
    endloop
  endfacet
  facet normal 7.630841e-01 1.271424e-16 6.462992e-01
    outer loop
      vertex   6.067422e+00 -1.533067e+01 4.292264e+01
      vertex   6.067422e+00 -1.000000e+01 4.292264e+01
      vertex   5.907172e+00 -1.527662e+01 4.311184e+01
    endloop
  endfacet
  facet normal 7.630841e-01 -0.000000e+00 6.462992e-01
    outer loop
      vertex   5.907172e+00 -1.527662e+01 4.311184e+01
      vertex   6.067422e+00 -1.000000e+01 4.292264e+01
      vertex   5.907172e+00 -1.000000e+01 4.311184e+01
    endloop
  endfacet
  facet normal 7.071068e-01 -0.000000e+00 7.071068e-01
    outer loop
      vertex   5.907172e+00 -1.527662e+01 4.311184e+01
      vertex   5.907172e+00 -1.000000e+01 4.311184e+01
      vertex   5.731845e+00 -1.522652e+01 4.328717e+01
    endloop
  endfacet
  facet normal 7.071068e-01 1.201635e-16 7.071068e-01
    outer loop
      vertex   5.731845e+00 -1.522652e+01 4.328717e+01
      vertex   5.907172e+00 -1.000000e+01 4.311184e+01
      vertex   5.731845e+00 -1.000000e+01 4.328717e+01
    endloop
  endfacet
  facet normal 6.462992e-01 1.098300e-16 7.630841e-01
    outer loop
      vertex   5.731845e+00 -1.522652e+01 4.328717e+01
      vertex   5.731845e+00 -1.000000e+01 4.328717e+01
      vertex   5.542638e+00 -1.518074e+01 4.344742e+01
    endloop
  endfacet
  facet normal 6.462992e-01 1.108007e-16 7.630841e-01
    outer loop
      vertex   5.542638e+00 -1.518074e+01 4.344742e+01
      vertex   5.731845e+00 -1.000000e+01 4.328717e+01
      vertex   5.542638e+00 -1.000000e+01 4.344742e+01
    endloop
  endfacet
  facet normal 5.810768e-01 9.961901e-17 8.138487e-01
    outer loop
      vertex   5.542638e+00 -1.518074e+01 4.344742e+01
      vertex   5.542638e+00 -1.000000e+01 4.344742e+01
      vertex   5.340844e+00 -1.513957e+01 4.359150e+01
    endloop
  endfacet
  facet normal 5.810768e-01 -1.004169e-16 8.138487e-01
    outer loop
      vertex   5.340844e+00 -1.513957e+01 4.359150e+01
      vertex   5.542638e+00 -1.000000e+01 4.344742e+01
      vertex   5.340844e+00 -1.000000e+01 4.359150e+01
    endloop
  endfacet
  facet normal 5.118850e-01 -8.845976e-17 8.590540e-01
    outer loop
      vertex   5.340844e+00 -1.513957e+01 4.359150e+01
      vertex   5.340844e+00 -1.000000e+01 4.359150e+01
      vertex   5.127842e+00 -1.510331e+01 4.371842e+01
    endloop
  endfacet
  facet normal 5.118850e-01 -8.908834e-17 8.590540e-01
    outer loop
      vertex   5.127842e+00 -1.510331e+01 4.371842e+01
      vertex   5.340844e+00 -1.000000e+01 4.359150e+01
      vertex   5.127842e+00 -1.000000e+01 4.371842e+01
    endloop
  endfacet
  facet normal 4.391966e-01 -7.643766e-17 8.983910e-01
    outer loop
      vertex   5.127842e+00 -1.510331e+01 4.371842e+01
      vertex   5.127842e+00 -1.000000e+01 4.371842e+01
      vertex   4.905086e+00 -1.507219e+01 4.382732e+01
    endloop
  endfacet
  facet normal 4.391966e-01 -0.000000e+00 8.983910e-01
    outer loop
      vertex   4.905086e+00 -1.507219e+01 4.382732e+01
      vertex   5.127842e+00 -1.000000e+01 4.371842e+01
      vertex   4.905086e+00 -1.000000e+01 4.382732e+01
    endloop
  endfacet
  facet normal 3.635080e-01 -0.000000e+00 9.315911e-01
    outer loop
      vertex   4.905086e+00 -1.507219e+01 4.382732e+01
      vertex   4.905086e+00 -1.000000e+01 4.382732e+01
      vertex   4.674098e+00 -1.504644e+01 4.391745e+01
    endloop
  endfacet
  facet normal 3.635080e-01 -0.000000e+00 9.315911e-01
    outer loop
      vertex   4.674098e+00 -1.504644e+01 4.391745e+01
      vertex   4.905086e+00 -1.000000e+01 4.382732e+01
      vertex   4.674098e+00 -1.000000e+01 4.391745e+01
    endloop
  endfacet
  facet normal 2.853362e-01 -0.000000e+00 9.584275e-01
    outer loop
      vertex   4.674098e+00 -1.504644e+01 4.391745e+01
      vertex   4.674098e+00 -1.000000e+01 4.391745e+01
      vertex   4.436456e+00 -1.502623e+01 4.398820e+01
    endloop
  endfacet
  facet normal 2.853362e-01 5.042140e-17 9.584275e-01
    outer loop
      vertex   4.436456e+00 -1.502623e+01 4.398820e+01
      vertex   4.674098e+00 -1.000000e+01 4.391745e+01
      vertex   4.436456e+00 -1.000000e+01 4.398820e+01
    endloop
  endfacet
  facet normal 2.052153e-01 3.626334e-17 9.787168e-01
    outer loop
      vertex   4.436456e+00 -1.502623e+01 4.398820e+01
      vertex   4.436456e+00 -1.000000e+01 4.398820e+01
      vertex   4.193784e+00 -1.501169e+01 4.403908e+01
    endloop
  endfacet
  facet normal 2.052153e-01 -0.000000e+00 9.787168e-01
    outer loop
      vertex   4.193784e+00 -1.501169e+01 4.403908e+01
      vertex   4.436456e+00 -1.000000e+01 4.398820e+01
      vertex   4.193784e+00 -1.000000e+01 4.403908e+01
    endloop
  endfacet
  facet normal 1.236926e-01 -0.000000e+00 9.923206e-01
    outer loop
      vertex   4.193784e+00 -1.501169e+01 4.403908e+01
      vertex   4.193784e+00 -1.000000e+01 4.403908e+01
      vertex   3.947738e+00 -1.500293e+01 4.406975e+01
    endloop
  endfacet
  facet normal 1.236926e-01 1.097968e-17 9.923206e-01
    outer loop
      vertex   3.947738e+00 -1.500293e+01 4.406975e+01
      vertex   4.193784e+00 -1.000000e+01 4.403908e+01
      vertex   3.947738e+00 -1.000000e+01 4.406975e+01
    endloop
  endfacet
  facet normal 4.132497e-02 3.668247e-18 9.991458e-01
    outer loop
      vertex   3.947738e+00 -1.500293e+01 4.406975e+01
      vertex   3.947738e+00 -1.000000e+01 4.406975e+01
      vertex   3.700000e+00 -1.500000e+01 4.408000e+01
    endloop
  endfacet
  facet normal 4.132497e-02 -0.000000e+00 9.991458e-01
    outer loop
      vertex   3.700000e+00 -1.500000e+01 4.408000e+01
      vertex   3.947738e+00 -1.000000e+01 4.406975e+01
      vertex   3.700000e+00 -1.000000e+01 4.408000e+01
    endloop
  endfacet
  facet normal 1.546520e-13 -9.615239e-01 2.747211e-01
    outer loop
      vertex   6.689753e+00 -1.578636e+01 4.132774e+01
      vertex   6.659084e+00 -1.571606e+01 4.157378e+01
      vertex   6.700000e+00 -1.585714e+01 4.108000e+01
    endloop
  endfacet
  facet normal 3.624293e-14 -9.615239e-01 2.747211e-01
    outer loop
      vertex   6.700000e+00 -1.585714e+01 4.108000e+01
      vertex   6.659084e+00 -1.571606e+01 4.157378e+01
      vertex   6.608201e+00 -1.564673e+01 4.181646e+01
    endloop
  endfacet
  facet normal -8.267575e-14 -9.615239e-01 2.747211e-01
    outer loop
      vertex   6.700000e+00 -1.585714e+01 4.108000e+01
      vertex   6.608201e+00 -1.564673e+01 4.181646e+01
      vertex   6.537452e+00 -1.557883e+01 4.205410e+01
    endloop
  endfacet
  facet normal -6.851432e-15 -9.615239e-01 2.747211e-01
    outer loop
      vertex   6.537452e+00 -1.557883e+01 4.205410e+01
      vertex   6.447320e+00 -1.551283e+01 4.228509e+01
      vertex   6.700000e+00 -1.585714e+01 4.108000e+01
    endloop
  endfacet
  facet normal 1.913060e-14 -9.615239e-01 2.747211e-01
    outer loop
      vertex   6.700000e+00 -1.585714e+01 4.108000e+01
      vertex   6.447320e+00 -1.551283e+01 4.228509e+01
      vertex   6.338421e+00 -1.544919e+01 4.250784e+01
    endloop
  endfacet
  facet normal 2.092054e-14 -9.615239e-01 2.747211e-01
    outer loop
      vertex   6.700000e+00 -1.585714e+01 4.108000e+01
      vertex   6.338421e+00 -1.544919e+01 4.250784e+01
      vertex   6.211499e+00 -1.538833e+01 4.272084e+01
    endloop
  endfacet
  facet normal -4.624610e-15 -9.615239e-01 2.747211e-01
    outer loop
      vertex   6.211499e+00 -1.538833e+01 4.272084e+01
      vertex   6.067422e+00 -1.533067e+01 4.292264e+01
      vertex   6.700000e+00 -1.585714e+01 4.108000e+01
    endloop
  endfacet
  facet normal -2.648185e-14 -9.615239e-01 2.747211e-01
    outer loop
      vertex   6.700000e+00 -1.585714e+01 4.108000e+01
      vertex   6.067422e+00 -1.533067e+01 4.292264e+01
      vertex   5.907172e+00 -1.527662e+01 4.311184e+01
    endloop
  endfacet
  facet normal 5.847353e-15 -9.615239e-01 2.747211e-01
    outer loop
      vertex   6.700000e+00 -1.585714e+01 4.108000e+01
      vertex   5.907172e+00 -1.527662e+01 4.311184e+01
      vertex   5.731845e+00 -1.522652e+01 4.328717e+01
    endloop
  endfacet
  facet normal -1.335043e-14 -9.615239e-01 2.747211e-01
    outer loop
      vertex   5.731845e+00 -1.522652e+01 4.328717e+01
      vertex   5.542638e+00 -1.518074e+01 4.344742e+01
      vertex   6.700000e+00 -1.585714e+01 4.108000e+01
    endloop
  endfacet
  facet normal 2.760392e-14 -9.615239e-01 2.747211e-01
    outer loop
      vertex   6.700000e+00 -1.585714e+01 4.108000e+01
      vertex   5.542638e+00 -1.518074e+01 4.344742e+01
      vertex   5.340844e+00 -1.513957e+01 4.359150e+01
    endloop
  endfacet
  facet normal 3.063133e-15 -9.615239e-01 2.747211e-01
    outer loop
      vertex   6.700000e+00 -1.585714e+01 4.108000e+01
      vertex   5.340844e+00 -1.513957e+01 4.359150e+01
      vertex   6.700000e+00 -2.500000e+01 9.080000e+00
    endloop
  endfacet
  facet normal -4.456694e-15 -9.615239e-01 2.747211e-01
    outer loop
      vertex   6.700000e+00 -2.500000e+01 9.080000e+00
      vertex   5.340844e+00 -1.513957e+01 4.359150e+01
      vertex   5.127842e+00 -1.510331e+01 4.371842e+01
    endloop
  endfacet
  facet normal -6.653909e-15 -9.615239e-01 2.747211e-01
    outer loop
      vertex   6.700000e+00 -2.500000e+01 9.080000e+00
      vertex   5.127842e+00 -1.510331e+01 4.371842e+01
      vertex   4.905086e+00 -1.507219e+01 4.382732e+01
    endloop
  endfacet
  facet normal 1.295622e-14 -9.615239e-01 2.747211e-01
    outer loop
      vertex   4.905086e+00 -1.507219e+01 4.382732e+01
      vertex   4.674098e+00 -1.504644e+01 4.391745e+01
      vertex   6.700000e+00 -2.500000e+01 9.080000e+00
    endloop
  endfacet
  facet normal -1.213828e-14 -9.615239e-01 2.747211e-01
    outer loop
      vertex   6.700000e+00 -2.500000e+01 9.080000e+00
      vertex   4.674098e+00 -1.504644e+01 4.391745e+01
      vertex   4.436456e+00 -1.502623e+01 4.398820e+01
    endloop
  endfacet
  facet normal 3.914971e-15 -9.615239e-01 2.747211e-01
    outer loop
      vertex   6.700000e+00 -2.500000e+01 9.080000e+00
      vertex   4.436456e+00 -1.502623e+01 4.398820e+01
      vertex   4.193784e+00 -1.501169e+01 4.403908e+01
    endloop
  endfacet
  facet normal 8.870242e-18 -9.615239e-01 2.747211e-01
    outer loop
      vertex   4.193784e+00 -1.501169e+01 4.403908e+01
      vertex   3.947738e+00 -1.500293e+01 4.406975e+01
      vertex   6.700000e+00 -2.500000e+01 9.080000e+00
    endloop
  endfacet
  facet normal 7.907368e-15 -9.615239e-01 2.747211e-01
    outer loop
      vertex   6.700000e+00 -2.500000e+01 9.080000e+00
      vertex   3.947738e+00 -1.500293e+01 4.406975e+01
      vertex   3.700000e+00 -1.500000e+01 4.408000e+01
    endloop
  endfacet
  facet normal -1.456725e-16 -9.615239e-01 2.747211e-01
    outer loop
      vertex   6.700000e+00 -2.500000e+01 9.080000e+00
      vertex   3.700000e+00 -1.500000e+01 4.408000e+01
      vertex   -3.066436e-15 -2.500000e+01 9.080000e+00
    endloop
  endfacet
  facet normal 0.000000e+00 -9.615239e-01 2.747211e-01
    outer loop
      vertex   -3.066436e-15 -2.500000e+01 9.080000e+00
      vertex   3.700000e+00 -1.500000e+01 4.408000e+01
      vertex   0.000000e+00 -1.500000e+01 4.408000e+01
    endloop
  endfacet
  facet normal -9.991458e-01 0.000000e+00 4.132497e-02
    outer loop
      vertex   1.830000e+01 -1.585714e+01 4.108000e+01
      vertex   1.831025e+01 -1.578636e+01 4.132774e+01
      vertex   1.830000e+01 -1.000000e+01 4.108000e+01
    endloop
  endfacet
  facet normal -9.991458e-01 -1.015859e-16 4.132497e-02
    outer loop
      vertex   1.830000e+01 -1.000000e+01 4.108000e+01
      vertex   1.831025e+01 -1.578636e+01 4.132774e+01
      vertex   1.831025e+01 -1.000000e+01 4.132774e+01
    endloop
  endfacet
  facet normal -9.923206e-01 -3.037796e-16 1.236926e-01
    outer loop
      vertex   1.831025e+01 -1.000000e+01 4.132774e+01
      vertex   1.831025e+01 -1.578636e+01 4.132774e+01
      vertex   1.834092e+01 -1.571606e+01 4.157378e+01
    endloop
  endfacet
  facet normal -9.923206e-01 2.041715e-21 1.236926e-01
    outer loop
      vertex   1.831025e+01 -1.000000e+01 4.132774e+01
      vertex   1.834092e+01 -1.571606e+01 4.157378e+01
      vertex   1.834092e+01 -1.000000e+01 4.157378e+01
    endloop
  endfacet
  facet normal -9.787168e-01 0.000000e+00 2.052153e-01
    outer loop
      vertex   1.834092e+01 -1.000000e+01 4.157378e+01
      vertex   1.834092e+01 -1.571606e+01 4.157378e+01
      vertex   1.839180e+01 -1.564673e+01 4.181646e+01
    endloop
  endfacet
  facet normal -9.787168e-01 2.584742e-16 2.052153e-01
    outer loop
      vertex   1.834092e+01 -1.000000e+01 4.157378e+01
      vertex   1.839180e+01 -1.564673e+01 4.181646e+01
      vertex   1.839180e+01 -1.000000e+01 4.181646e+01
    endloop
  endfacet
  facet normal -9.584275e-01 3.590462e-16 2.853362e-01
    outer loop
      vertex   1.839180e+01 -1.000000e+01 4.181646e+01
      vertex   1.839180e+01 -1.564673e+01 4.181646e+01
      vertex   1.846255e+01 -1.557883e+01 4.205410e+01
    endloop
  endfacet
  facet normal -9.584275e-01 -1.139251e-18 2.853362e-01
    outer loop
      vertex   1.839180e+01 -1.000000e+01 4.181646e+01
      vertex   1.846255e+01 -1.557883e+01 4.205410e+01
      vertex   1.846255e+01 -1.000000e+01 4.205410e+01
    endloop
  endfacet
  facet normal -9.315911e-01 0.000000e+00 3.635080e-01
    outer loop
      vertex   1.846255e+01 -1.000000e+01 4.205410e+01
      vertex   1.846255e+01 -1.557883e+01 4.205410e+01
      vertex   1.855268e+01 -1.551283e+01 4.228509e+01
    endloop
  endfacet
  facet normal -9.315911e-01 -3.725185e-19 3.635080e-01
    outer loop
      vertex   1.846255e+01 -1.000000e+01 4.205410e+01
      vertex   1.855268e+01 -1.551283e+01 4.228509e+01
      vertex   1.855268e+01 -1.000000e+01 4.228509e+01
    endloop
  endfacet
  facet normal -8.983910e-01 0.000000e+00 4.391966e-01
    outer loop
      vertex   1.855268e+01 -1.000000e+01 4.228509e+01
      vertex   1.855268e+01 -1.551283e+01 4.228509e+01
      vertex   1.866158e+01 -1.544919e+01 4.250784e+01
    endloop
  endfacet
  facet normal -8.983910e-01 -4.988462e-19 4.391966e-01
    outer loop
      vertex   1.855268e+01 -1.000000e+01 4.228509e+01
      vertex   1.866158e+01 -1.544919e+01 4.250784e+01
      vertex   1.866158e+01 -1.000000e+01 4.250784e+01
    endloop
  endfacet
  facet normal -8.590540e-01 0.000000e+00 5.118850e-01
    outer loop
      vertex   1.866158e+01 -1.000000e+01 4.250784e+01
      vertex   1.866158e+01 -1.544919e+01 4.250784e+01
      vertex   1.878850e+01 -1.538833e+01 4.272084e+01
    endloop
  endfacet
  facet normal -8.590540e-01 7.638680e-20 5.118850e-01
    outer loop
      vertex   1.866158e+01 -1.000000e+01 4.250784e+01
      vertex   1.878850e+01 -1.538833e+01 4.272084e+01
      vertex   1.878850e+01 -1.000000e+01 4.272084e+01
    endloop
  endfacet
  facet normal -8.138487e-01 0.000000e+00 5.810768e-01
    outer loop
      vertex   1.878850e+01 -1.000000e+01 4.272084e+01
      vertex   1.878850e+01 -1.538833e+01 4.272084e+01
      vertex   1.893258e+01 -1.533067e+01 4.292264e+01
    endloop
  endfacet
  facet normal -8.138487e-01 1.284574e-18 5.810768e-01
    outer loop
      vertex   1.878850e+01 -1.000000e+01 4.272084e+01
      vertex   1.893258e+01 -1.533067e+01 4.292264e+01
      vertex   1.893258e+01 -1.000000e+01 4.292264e+01
    endloop
  endfacet
  facet normal -7.630841e-01 0.000000e+00 6.462992e-01
    outer loop
      vertex   1.893258e+01 -1.000000e+01 4.292264e+01
      vertex   1.893258e+01 -1.533067e+01 4.292264e+01
      vertex   1.909283e+01 -1.527662e+01 4.311184e+01
    endloop
  endfacet
  facet normal -7.630841e-01 1.795775e-19 6.462992e-01
    outer loop
      vertex   1.893258e+01 -1.000000e+01 4.292264e+01
      vertex   1.909283e+01 -1.527662e+01 4.311184e+01
      vertex   1.909283e+01 -1.000000e+01 4.311184e+01
    endloop
  endfacet
  facet normal -7.071068e-01 0.000000e+00 7.071068e-01
    outer loop
      vertex   1.909283e+01 -1.000000e+01 4.311184e+01
      vertex   1.909283e+01 -1.527662e+01 4.311184e+01
      vertex   1.926816e+01 -1.522652e+01 4.328717e+01
    endloop
  endfacet
  facet normal -7.071068e-01 5.949444e-19 7.071068e-01
    outer loop
      vertex   1.909283e+01 -1.000000e+01 4.311184e+01
      vertex   1.926816e+01 -1.522652e+01 4.328717e+01
      vertex   1.926816e+01 -1.000000e+01 4.328717e+01
    endloop
  endfacet
  facet normal -6.462992e-01 0.000000e+00 7.630841e-01
    outer loop
      vertex   1.926816e+01 -1.000000e+01 4.328717e+01
      vertex   1.926816e+01 -1.522652e+01 4.328717e+01
      vertex   1.945736e+01 -1.518074e+01 4.344742e+01
    endloop
  endfacet
  facet normal -6.462992e-01 -1.047663e-15 7.630841e-01
    outer loop
      vertex   1.926816e+01 -1.000000e+01 4.328717e+01
      vertex   1.945736e+01 -1.518074e+01 4.344742e+01
      vertex   1.945736e+01 -1.000000e+01 4.344742e+01
    endloop
  endfacet
  facet normal -5.810768e-01 -1.116201e-15 8.138487e-01
    outer loop
      vertex   1.945736e+01 -1.000000e+01 4.344742e+01
      vertex   1.945736e+01 -1.518074e+01 4.344742e+01
      vertex   1.965916e+01 -1.513957e+01 4.359150e+01
    endloop
  endfacet
  facet normal -5.810768e-01 1.332338e-18 8.138487e-01
    outer loop
      vertex   1.945736e+01 -1.000000e+01 4.344742e+01
      vertex   1.965916e+01 -1.513957e+01 4.359150e+01
      vertex   1.965916e+01 -1.000000e+01 4.359150e+01
    endloop
  endfacet
  facet normal -5.118850e-01 0.000000e+00 8.590540e-01
    outer loop
      vertex   1.965916e+01 -1.000000e+01 4.359150e+01
      vertex   1.965916e+01 -1.513957e+01 4.359150e+01
      vertex   1.987216e+01 -1.510331e+01 4.371842e+01
    endloop
  endfacet
  facet normal -5.118850e-01 2.564472e-19 8.590540e-01
    outer loop
      vertex   1.965916e+01 -1.000000e+01 4.359150e+01
      vertex   1.987216e+01 -1.510331e+01 4.371842e+01
      vertex   1.987216e+01 -1.000000e+01 4.371842e+01
    endloop
  endfacet
  facet normal -4.391966e-01 0.000000e+00 8.983910e-01
    outer loop
      vertex   1.987216e+01 -1.000000e+01 4.371842e+01
      vertex   1.987216e+01 -1.510331e+01 4.371842e+01
      vertex   2.009491e+01 -1.507219e+01 4.382732e+01
    endloop
  endfacet
  facet normal -4.391966e-01 -1.098952e-18 8.983910e-01
    outer loop
      vertex   1.987216e+01 -1.000000e+01 4.371842e+01
      vertex   2.009491e+01 -1.507219e+01 4.382732e+01
      vertex   2.009491e+01 -1.000000e+01 4.382732e+01
    endloop
  endfacet
  facet normal -3.635080e-01 0.000000e+00 9.315911e-01
    outer loop
      vertex   2.009491e+01 -1.000000e+01 4.382732e+01
      vertex   2.009491e+01 -1.507219e+01 4.382732e+01
      vertex   2.032590e+01 -1.504644e+01 4.391745e+01
    endloop
  endfacet
  facet normal -3.635080e-01 -2.572801e-16 9.315911e-01
    outer loop
      vertex   2.009491e+01 -1.000000e+01 4.382732e+01
      vertex   2.032590e+01 -1.504644e+01 4.391745e+01
      vertex   2.032590e+01 -1.000000e+01 4.391745e+01
    endloop
  endfacet
  facet normal -2.853362e-01 -2.008777e-16 9.584275e-01
    outer loop
      vertex   2.032590e+01 -1.000000e+01 4.391745e+01
      vertex   2.032590e+01 -1.504644e+01 4.391745e+01
      vertex   2.056354e+01 -1.502623e+01 4.398820e+01
    endloop
  endfacet
  facet normal -2.853362e-01 -6.865754e-19 9.584275e-01
    outer loop
      vertex   2.032590e+01 -1.000000e+01 4.391745e+01
      vertex   2.056354e+01 -1.502623e+01 4.398820e+01
      vertex   2.056354e+01 -1.000000e+01 4.398820e+01
    endloop
  endfacet
  facet normal -2.052153e-01 0.000000e+00 9.787168e-01
    outer loop
      vertex   2.056354e+01 -1.000000e+01 4.398820e+01
      vertex   2.056354e+01 -1.502623e+01 4.398820e+01
      vertex   2.080622e+01 -1.501169e+01 4.403908e+01
    endloop
  endfacet
  facet normal -2.052153e-01 -5.272565e-19 9.787168e-01
    outer loop
      vertex   2.056354e+01 -1.000000e+01 4.398820e+01
      vertex   2.080622e+01 -1.501169e+01 4.403908e+01
      vertex   2.080622e+01 -1.000000e+01 4.403908e+01
    endloop
  endfacet
  facet normal -1.236926e-01 0.000000e+00 9.923206e-01
    outer loop
      vertex   2.080622e+01 -1.000000e+01 4.403908e+01
      vertex   2.080622e+01 -1.501169e+01 4.403908e+01
      vertex   2.105226e+01 -1.500293e+01 4.406975e+01
    endloop
  endfacet
  facet normal -1.236926e-01 3.001169e-19 9.923206e-01
    outer loop
      vertex   2.080622e+01 -1.000000e+01 4.403908e+01
      vertex   2.105226e+01 -1.500293e+01 4.406975e+01
      vertex   2.105226e+01 -1.000000e+01 4.406975e+01
    endloop
  endfacet
  facet normal -4.132497e-02 0.000000e+00 9.991458e-01
    outer loop
      vertex   2.105226e+01 -1.000000e+01 4.406975e+01
      vertex   2.105226e+01 -1.500293e+01 4.406975e+01
      vertex   2.130000e+01 -1.500000e+01 4.408000e+01
    endloop
  endfacet
  facet normal -4.132497e-02 -6.758762e-20 9.991458e-01
    outer loop
      vertex   2.105226e+01 -1.000000e+01 4.406975e+01
      vertex   2.130000e+01 -1.500000e+01 4.408000e+01
      vertex   2.130000e+01 -1.000000e+01 4.408000e+01
    endloop
  endfacet
  facet normal 5.930343e-15 -9.615239e-01 2.747211e-01
    outer loop
      vertex   2.105226e+01 -1.500293e+01 4.406975e+01
      vertex   1.830000e+01 -2.500000e+01 9.080000e+00
      vertex   2.130000e+01 -1.500000e+01 4.408000e+01
    endloop
  endfacet
  facet normal -2.913449e-16 -9.615239e-01 2.747211e-01
    outer loop
      vertex   2.130000e+01 -1.500000e+01 4.408000e+01
      vertex   1.830000e+01 -2.500000e+01 9.080000e+00
      vertex   2.500000e+01 -2.500000e+01 9.080000e+00
    endloop
  endfacet
  facet normal 0.000000e+00 -9.615239e-01 2.747211e-01
    outer loop
      vertex   2.130000e+01 -1.500000e+01 4.408000e+01
      vertex   2.500000e+01 -2.500000e+01 9.080000e+00
      vertex   2.500000e+01 -1.500000e+01 4.408000e+01
    endloop
  endfacet
  facet normal 4.327890e-18 -9.615239e-01 2.747211e-01
    outer loop
      vertex   2.105226e+01 -1.500293e+01 4.406975e+01
      vertex   2.080622e+01 -1.501169e+01 4.403908e+01
      vertex   1.830000e+01 -2.500000e+01 9.080000e+00
    endloop
  endfacet
  facet normal 6.725545e-16 -9.615239e-01 2.747211e-01
    outer loop
      vertex   1.830000e+01 -2.500000e+01 9.080000e+00
      vertex   2.080622e+01 -1.501169e+01 4.403908e+01
      vertex   2.056354e+01 -1.502623e+01 4.398820e+01
    endloop
  endfacet
  facet normal 8.024932e-15 -9.615239e-01 2.747211e-01
    outer loop
      vertex   1.830000e+01 -2.500000e+01 9.080000e+00
      vertex   2.056354e+01 -1.502623e+01 4.398820e+01
      vertex   2.032590e+01 -1.504644e+01 4.391745e+01
    endloop
  endfacet
  facet normal -1.293983e-14 -9.615239e-01 2.747211e-01
    outer loop
      vertex   2.032590e+01 -1.504644e+01 4.391745e+01
      vertex   2.009491e+01 -1.507219e+01 4.382732e+01
      vertex   1.830000e+01 -2.500000e+01 9.080000e+00
    endloop
  endfacet
  facet normal 1.619930e-14 -9.615239e-01 2.747211e-01
    outer loop
      vertex   1.830000e+01 -2.500000e+01 9.080000e+00
      vertex   2.009491e+01 -1.507219e+01 4.382732e+01
      vertex   1.987216e+01 -1.510331e+01 4.371842e+01
    endloop
  endfacet
  facet normal -9.423274e-16 -9.615239e-01 2.747211e-01
    outer loop
      vertex   1.830000e+01 -2.500000e+01 9.080000e+00
      vertex   1.987216e+01 -1.510331e+01 4.371842e+01
      vertex   1.965916e+01 -1.513957e+01 4.359150e+01
    endloop
  endfacet
  facet normal -1.256670e-15 -9.615239e-01 2.747211e-01
    outer loop
      vertex   1.830000e+01 -2.500000e+01 9.080000e+00
      vertex   1.965916e+01 -1.513957e+01 4.359150e+01
      vertex   1.830000e+01 -1.585714e+01 4.108000e+01
    endloop
  endfacet
  facet normal -2.833578e-14 -9.615239e-01 2.747211e-01
    outer loop
      vertex   1.830000e+01 -1.585714e+01 4.108000e+01
      vertex   1.965916e+01 -1.513957e+01 4.359150e+01
      vertex   1.945736e+01 -1.518074e+01 4.344742e+01
    endloop
  endfacet
  facet normal 1.194579e-14 -9.615239e-01 2.747211e-01
    outer loop
      vertex   1.830000e+01 -1.585714e+01 4.108000e+01
      vertex   1.945736e+01 -1.518074e+01 4.344742e+01
      vertex   1.926816e+01 -1.522652e+01 4.328717e+01
    endloop
  endfacet
  facet normal -7.453430e-15 -9.615239e-01 2.747211e-01
    outer loop
      vertex   1.926816e+01 -1.522652e+01 4.328717e+01
      vertex   1.909283e+01 -1.527662e+01 4.311184e+01
      vertex   1.830000e+01 -1.585714e+01 4.108000e+01
    endloop
  endfacet
  facet normal 2.519904e-14 -9.615239e-01 2.747211e-01
    outer loop
      vertex   1.830000e+01 -1.585714e+01 4.108000e+01
      vertex   1.909283e+01 -1.527662e+01 4.311184e+01
      vertex   1.893258e+01 -1.533067e+01 4.292264e+01
    endloop
  endfacet
  facet normal 1.967649e-15 -9.615239e-01 2.747211e-01
    outer loop
      vertex   1.830000e+01 -1.585714e+01 4.108000e+01
      vertex   1.893258e+01 -1.533067e+01 4.292264e+01
      vertex   1.878850e+01 -1.538833e+01 4.272084e+01
    endloop
  endfacet
  facet normal -2.392625e-14 -9.615239e-01 2.747211e-01
    outer loop
      vertex   1.878850e+01 -1.538833e+01 4.272084e+01
      vertex   1.866158e+01 -1.544919e+01 4.250784e+01
      vertex   1.830000e+01 -1.585714e+01 4.108000e+01
    endloop
  endfacet
  facet normal -2.428655e-14 -9.615239e-01 2.747211e-01
    outer loop
      vertex   1.830000e+01 -1.585714e+01 4.108000e+01
      vertex   1.866158e+01 -1.544919e+01 4.250784e+01
      vertex   1.855268e+01 -1.551283e+01 4.228509e+01
    endloop
  endfacet
  facet normal 3.956167e-14 -9.615239e-01 2.747211e-01
    outer loop
      vertex   1.830000e+01 -1.585714e+01 4.108000e+01
      vertex   1.855268e+01 -1.551283e+01 4.228509e+01
      vertex   1.846255e+01 -1.557883e+01 4.205410e+01
    endloop
  endfacet
  facet normal -2.740840e-14 -9.615239e-01 2.747211e-01
    outer loop
      vertex   1.846255e+01 -1.557883e+01 4.205410e+01
      vertex   1.839180e+01 -1.564673e+01 4.181646e+01
      vertex   1.830000e+01 -1.585714e+01 4.108000e+01
    endloop
  endfacet
  facet normal 8.640473e-14 -9.615239e-01 2.747211e-01
    outer loop
      vertex   1.830000e+01 -1.585714e+01 4.108000e+01
      vertex   1.839180e+01 -1.564673e+01 4.181646e+01
      vertex   1.834092e+01 -1.571606e+01 4.157378e+01
    endloop
  endfacet
  facet normal -1.663852e-13 -9.615239e-01 2.747211e-01
    outer loop
      vertex   1.830000e+01 -1.585714e+01 4.108000e+01
      vertex   1.834092e+01 -1.571606e+01 4.157378e+01
      vertex   1.831025e+01 -1.578636e+01 4.132774e+01
    endloop
  endfacet
  facet normal 1.091377e-17 5.119922e-02 9.986885e-01
    outer loop
      vertex   2.500000e+01 -4.623899e+00 9.069515e+00
      vertex   2.083333e+01 -4.623899e+00 9.069515e+00
      vertex   2.500000e+01 -4.828427e+00 9.080000e+00
    endloop
  endfacet
  facet normal -1.073965e-17 5.119922e-02 9.986885e-01
    outer loop
      vertex   2.500000e+01 -4.828427e+00 9.080000e+00
      vertex   2.083333e+01 -4.623899e+00 9.069515e+00
      vertex   1.666667e+01 -4.623899e+00 9.069515e+00
    endloop
  endfacet
  facet normal -4.255924e-16 5.119922e-02 9.986885e-01
    outer loop
      vertex   2.500000e+01 -4.828427e+00 9.080000e+00
      vertex   1.666667e+01 -4.623899e+00 9.069515e+00
      vertex   1.250000e+01 -4.623899e+00 9.069515e+00
    endloop
  endfacet
  facet normal -4.213021e-16 1.530608e-01 9.882168e-01
    outer loop
      vertex   1.250000e+01 -4.623899e+00 9.069515e+00
      vertex   1.666667e+01 -4.623899e+00 9.069515e+00
      vertex   1.250000e+01 -4.421515e+00 9.038168e+00
    endloop
  endfacet
  facet normal -4.210996e-16 1.530608e-01 9.882168e-01
    outer loop
      vertex   1.250000e+01 -4.623899e+00 9.069515e+00
      vertex   1.250000e+01 -4.421515e+00 9.038168e+00
      vertex   8.333333e+00 -4.421515e+00 9.038168e+00
    endloop
  endfacet
  facet normal -4.124203e-16 2.533175e-01 9.673832e-01
    outer loop
      vertex   8.333333e+00 -4.421515e+00 9.038168e+00
      vertex   1.250000e+01 -4.421515e+00 9.038168e+00
      vertex   8.333333e+00 -4.223398e+00 8.986290e+00
    endloop
  endfacet
  facet normal -4.126779e-16 2.533175e-01 9.673832e-01
    outer loop
      vertex   8.333333e+00 -4.421515e+00 9.038168e+00
      vertex   8.333333e+00 -4.223398e+00 8.986290e+00
      vertex   4.166667e+00 -4.223398e+00 8.986290e+00
    endloop
  endfacet
  facet normal -3.992140e-16 3.509181e-01 9.364062e-01
    outer loop
      vertex   4.166667e+00 -4.223398e+00 8.986290e+00
      vertex   8.333333e+00 -4.223398e+00 8.986290e+00
      vertex   4.166667e+00 -4.031625e+00 8.914423e+00
    endloop
  endfacet
  facet normal -3.987254e-16 3.509181e-01 9.364062e-01
    outer loop
      vertex   4.166667e+00 -4.223398e+00 8.986290e+00
      vertex   4.166667e+00 -4.031625e+00 8.914423e+00
      vertex   -2.505566e-15 -4.031625e+00 8.914423e+00
    endloop
  endfacet
  facet normal -3.818217e-16 4.448391e-01 8.956105e-01
    outer loop
      vertex   -2.505566e-15 -4.031625e+00 8.914423e+00
      vertex   4.166667e+00 -4.031625e+00 8.914423e+00
      vertex   -2.473900e-15 -3.848207e+00 8.823321e+00
    endloop
  endfacet
  facet normal -3.818217e-16 4.448391e-01 8.956105e-01
    outer loop
      vertex   -2.473900e-15 -3.848207e+00 8.823321e+00
      vertex   4.166667e+00 -4.031625e+00 8.914423e+00
      vertex   4.166667e+00 -3.848207e+00 8.823321e+00
    endloop
  endfacet
  facet normal -3.604259e-16 5.340958e-01 8.454240e-01
    outer loop
      vertex   -2.473900e-15 -3.848207e+00 8.823321e+00
      vertex   4.166667e+00 -3.848207e+00 8.823321e+00
      vertex   -2.439577e-15 -3.675066e+00 8.713940e+00
    endloop
  endfacet
  facet normal -2.465766e-16 5.340958e-01 8.454240e-01
    outer loop
      vertex   -2.439577e-15 -3.675066e+00 8.713940e+00
      vertex   4.166667e+00 -3.848207e+00 8.823321e+00
      vertex   4.166667e+00 -3.675066e+00 8.713940e+00
    endloop
  endfacet
  facet normal -2.035691e-16 6.177522e-01 7.863728e-01
    outer loop
      vertex   -2.439577e-15 -3.675066e+00 8.713940e+00
      vertex   4.166667e+00 -3.675066e+00 8.713940e+00
      vertex   -2.402957e-15 -3.514020e+00 8.587426e+00
    endloop
  endfacet
  facet normal -0.000000e+00 6.177522e-01 7.863728e-01
    outer loop
      vertex   -2.402957e-15 -3.514020e+00 8.587426e+00
      vertex   4.166667e+00 -3.675066e+00 8.713940e+00
      vertex   4.166667e+00 -3.514020e+00 8.587426e+00
    endloop
  endfacet
  facet normal -0.000000e+00 6.949313e-01 7.190762e-01
    outer loop
      vertex   -2.402957e-15 -3.514020e+00 8.587426e+00
      vertex   4.166667e+00 -3.514020e+00 8.587426e+00
      vertex   -2.364422e-15 -3.366755e+00 8.445106e+00
    endloop
  endfacet
  facet normal -4.546941e-16 6.949313e-01 7.190762e-01
    outer loop
      vertex   -2.364422e-15 -3.366755e+00 8.445106e+00
      vertex   4.166667e+00 -3.514020e+00 8.587426e+00
      vertex   4.166667e+00 -3.366755e+00 8.445106e+00
    endloop
  endfacet
  facet normal -4.376879e-16 7.648236e-01 6.442397e-01
    outer loop
      vertex   -2.364422e-15 -3.366755e+00 8.445106e+00
      vertex   4.166667e+00 -3.366755e+00 8.445106e+00
      vertex   -2.324378e-15 -3.234817e+00 8.288473e+00
    endloop
  endfacet
  facet normal -2.746559e-16 7.648236e-01 6.442397e-01
    outer loop
      vertex   -2.324378e-15 -3.234817e+00 8.288473e+00
      vertex   4.166667e+00 -3.366755e+00 8.445106e+00
      vertex   4.166667e+00 -3.234817e+00 8.288473e+00
    endloop
  endfacet
  facet normal -2.398713e-16 8.266965e-01 5.626481e-01
    outer loop
      vertex   -2.324378e-15 -3.234817e+00 8.288473e+00
      vertex   4.166667e+00 -3.234817e+00 8.288473e+00
      vertex   -2.283245e-15 -3.119588e+00 8.119168e+00
    endloop
  endfacet
  facet normal -8.811048e-17 8.266965e-01 5.626481e-01
    outer loop
      vertex   -2.283245e-15 -3.119588e+00 8.119168e+00
      vertex   4.166667e+00 -3.234817e+00 8.288473e+00
      vertex   4.166667e+00 -3.119588e+00 8.119168e+00
    endloop
  endfacet
  facet normal -9.378110e-17 8.799011e-01 4.751569e-01
    outer loop
      vertex   -2.283245e-15 -3.119588e+00 8.119168e+00
      vertex   4.166667e+00 -3.119588e+00 8.119168e+00
      vertex   -2.241452e-15 -3.022278e+00 7.938967e+00
    endloop
  endfacet
  facet normal -1.012858e-16 8.799011e-01 4.751569e-01
    outer loop
      vertex   -2.241452e-15 -3.022278e+00 7.938967e+00
      vertex   4.166667e+00 -3.119588e+00 8.119168e+00
      vertex   4.166667e+00 -3.022278e+00 7.938967e+00
    endloop
  endfacet
  facet normal -8.157388e-17 9.238795e-01 3.826834e-01
    outer loop
      vertex   -2.241452e-15 -3.022278e+00 7.938967e+00
      vertex   4.166667e+00 -3.022278e+00 7.938967e+00
      vertex   -2.199440e-15 -2.943905e+00 7.749759e+00
    endloop
  endfacet
  facet normal -0.000000e+00 9.238795e-01 3.826834e-01
    outer loop
      vertex   -2.199440e-15 -2.943905e+00 7.749759e+00
      vertex   4.166667e+00 -3.022278e+00 7.938967e+00
      vertex   4.166667e+00 -2.943905e+00 7.749759e+00
    endloop
  endfacet
  facet normal -0.000000e+00 9.581707e-01 2.861974e-01
    outer loop
      vertex   -2.199440e-15 -2.943905e+00 7.749759e+00
      vertex   4.166667e+00 -2.943905e+00 7.749759e+00
      vertex   -2.157647e-15 -2.885293e+00 7.553529e+00
    endloop
  endfacet
  facet normal 1.021232e-16 9.581707e-01 2.861974e-01
    outer loop
      vertex   -2.157647e-15 -2.885293e+00 7.553529e+00
      vertex   4.166667e+00 -2.943905e+00 7.749759e+00
      vertex   4.166667e+00 -2.885293e+00 7.553529e+00
    endloop
  endfacet
  facet normal 1.047072e-16 9.824150e-01 1.867104e-01
    outer loop
      vertex   -2.157647e-15 -2.885293e+00 7.553529e+00
      vertex   4.166667e+00 -2.885293e+00 7.553529e+00
      vertex   -2.116514e-15 -2.847055e+00 7.352333e+00
    endloop
  endfacet
  facet normal -1.047072e-16 9.824150e-01 1.867104e-01
    outer loop
      vertex   -2.116514e-15 -2.847055e+00 7.352333e+00
      vertex   4.166667e+00 -2.885293e+00 7.553529e+00
      vertex   4.166667e+00 -2.847055e+00 7.352333e+00
    endloop
  endfacet
  facet normal -1.061933e-16 9.963582e-01 8.526571e-02
    outer loop
      vertex   -2.116514e-15 -2.847055e+00 7.352333e+00
      vertex   4.166667e+00 -2.847055e+00 7.352333e+00
      vertex   -2.076470e-15 -2.829593e+00 7.148282e+00
    endloop
  endfacet
  facet normal 2.123865e-16 9.963582e-01 8.526571e-02
    outer loop
      vertex   -2.076470e-15 -2.829593e+00 7.148282e+00
      vertex   4.166667e+00 -2.847055e+00 7.352333e+00
      vertex   4.166667e+00 -2.829593e+00 7.148282e+00
    endloop
  endfacet
  facet normal 2.131318e-16 9.998542e-01 -1.707304e-02
    outer loop
      vertex   -2.076470e-15 -2.829593e+00 7.148282e+00
      vertex   4.166667e+00 -2.829593e+00 7.148282e+00
      vertex   -2.037935e-15 -2.833090e+00 6.943515e+00
    endloop
  endfacet
  facet normal 0.000000e+00 9.998542e-01 -1.707304e-02
    outer loop
      vertex   -2.037935e-15 -2.833090e+00 6.943515e+00
      vertex   4.166667e+00 -2.829593e+00 7.148282e+00
      vertex   4.166667e+00 -2.833090e+00 6.943515e+00
    endloop
  endfacet
  facet normal 0.000000e+00 9.928663e-01 -1.192328e-01
    outer loop
      vertex   -2.037935e-15 -2.833090e+00 6.943515e+00
      vertex   4.166667e+00 -2.833090e+00 6.943515e+00
      vertex   -2.001315e-15 -2.857508e+00 6.740179e+00
    endloop
  endfacet
  facet normal 0.000000e+00 9.928663e-01 -1.192328e-01
    outer loop
      vertex   -2.001315e-15 -2.857508e+00 6.740179e+00
      vertex   4.166667e+00 -2.833090e+00 6.943515e+00
      vertex   4.166667e+00 -2.857508e+00 6.740179e+00
    endloop
  endfacet
  facet normal 0.000000e+00 9.754678e-01 -2.201423e-01
    outer loop
      vertex   -2.001315e-15 -2.857508e+00 6.740179e+00
      vertex   4.166667e+00 -2.857508e+00 6.740179e+00
      vertex   -1.966992e-15 -2.902593e+00 6.540406e+00
    endloop
  endfacet
  facet normal 1.039667e-16 9.754678e-01 -2.201423e-01
    outer loop
      vertex   -1.966992e-15 -2.902593e+00 6.540406e+00
      vertex   4.166667e+00 -2.857508e+00 6.740179e+00
      vertex   4.166667e+00 -2.902593e+00 6.540406e+00
    endloop
  endfacet
  facet normal 1.010222e-16 9.478410e-01 -3.187435e-01
    outer loop
      vertex   -1.966992e-15 -2.902593e+00 6.540406e+00
      vertex   4.166667e+00 -2.902593e+00 6.540406e+00
      vertex   -1.935326e-15 -2.967870e+00 6.346292e+00
    endloop
  endfacet
  facet normal 2.020445e-16 9.478410e-01 -3.187435e-01
    outer loop
      vertex   -1.935326e-15 -2.967870e+00 6.346292e+00
      vertex   4.166667e+00 -2.902593e+00 6.540406e+00
      vertex   4.166667e+00 -2.967870e+00 6.346292e+00
    endloop
  endfacet
  facet normal 1.940369e-16 9.102757e-01 -4.140026e-01
    outer loop
      vertex   -1.935326e-15 -2.967870e+00 6.346292e+00
      vertex   4.166667e+00 -2.967870e+00 6.346292e+00
      vertex   -1.906650e-15 -3.052657e+00 6.159870e+00
    endloop
  endfacet
  facet normal 9.701847e-17 9.102757e-01 -4.140026e-01
    outer loop
      vertex   -1.906650e-15 -3.052657e+00 6.159870e+00
      vertex   4.166667e+00 -2.967870e+00 6.346292e+00
      vertex   4.166667e+00 -3.052657e+00 6.159870e+00
    endloop
  endfacet
  facet normal 9.199742e-17 8.631657e-01 -5.049207e-01
    outer loop
      vertex   -1.906650e-15 -3.052657e+00 6.159870e+00
      vertex   4.166667e+00 -3.052657e+00 6.159870e+00
      vertex   -1.881265e-15 -3.156063e+00 5.983096e+00
    endloop
  endfacet
  facet normal 3.836226e-16 8.631657e-01 -5.049207e-01
    outer loop
      vertex   -1.881265e-15 -3.156063e+00 5.983096e+00
      vertex   4.166667e+00 -3.052657e+00 6.159870e+00
      vertex   4.166667e+00 -3.156063e+00 5.983096e+00
    endloop
  endfacet
  facet normal 3.839174e-16 8.070051e-01 -5.905444e-01
    outer loop
      vertex   -1.881265e-15 -3.156063e+00 5.983096e+00
      vertex   4.166667e+00 -3.156063e+00 5.983096e+00
      vertex   -1.859436e-15 -3.277005e+00 5.817824e+00
    endloop
  endfacet
  facet normal 0.000000e+00 8.070051e-01 -5.905444e-01
    outer loop
      vertex   -1.859436e-15 -3.277005e+00 5.817824e+00
      vertex   4.166667e+00 -3.156063e+00 5.983096e+00
      vertex   4.166667e+00 -3.277005e+00 5.817824e+00
    endloop
  endfacet
  facet normal 0.000000e+00 7.423827e-01 -6.699761e-01
    outer loop
      vertex   -1.859436e-15 -3.277005e+00 5.817824e+00
      vertex   4.166667e+00 -3.277005e+00 5.817824e+00
      vertex   -9.693993e-16 -3.414214e+00 5.665786e+00
    endloop
  endfacet
  facet normal 2.875750e-16 7.423827e-01 -6.699761e-01
    outer loop
      vertex   -9.693993e-16 -3.414214e+00 5.665786e+00
      vertex   4.166667e+00 -3.277005e+00 5.817824e+00
      vertex   8.333333e+00 -3.277005e+00 5.817824e+00
    endloop
  endfacet
  facet normal 1.417158e-16 7.423827e-01 -6.699761e-01
    outer loop
      vertex   -9.693993e-16 -3.414214e+00 5.665786e+00
      vertex   8.333333e+00 -3.277005e+00 5.817824e+00
      vertex   1.250000e+01 -3.277005e+00 5.817824e+00
    endloop
  endfacet
  facet normal 1.258821e-16 8.070051e-01 -5.905444e-01
    outer loop
      vertex   1.250000e+01 -3.277005e+00 5.817824e+00
      vertex   8.333333e+00 -3.277005e+00 5.817824e+00
      vertex   1.250000e+01 -3.156063e+00 5.983096e+00
    endloop
  endfacet
  facet normal 3.877693e-17 8.070051e-01 -5.905444e-01
    outer loop
      vertex   1.250000e+01 -3.277005e+00 5.817824e+00
      vertex   1.250000e+01 -3.156063e+00 5.983096e+00
      vertex   1.666667e+01 -3.156063e+00 5.983096e+00
    endloop
  endfacet
  facet normal 1.563289e-17 8.631657e-01 -5.049207e-01
    outer loop
      vertex   1.666667e+01 -3.156063e+00 5.983096e+00
      vertex   1.250000e+01 -3.156063e+00 5.983096e+00
      vertex   1.666667e+01 -3.052657e+00 6.159870e+00
    endloop
  endfacet
  facet normal -1.906439e-18 8.631657e-01 -5.049207e-01
    outer loop
      vertex   1.666667e+01 -3.156063e+00 5.983096e+00
      vertex   1.666667e+01 -3.052657e+00 6.159870e+00
      vertex   2.083333e+01 -3.052657e+00 6.159870e+00
    endloop
  endfacet
  facet normal 0.000000e+00 9.102757e-01 -4.140026e-01
    outer loop
      vertex   2.083333e+01 -3.052657e+00 6.159870e+00
      vertex   1.666667e+01 -3.052657e+00 6.159870e+00
      vertex   2.083333e+01 -2.967870e+00 6.346292e+00
    endloop
  endfacet
  facet normal 1.869122e-16 9.102757e-01 -4.140026e-01
    outer loop
      vertex   2.083333e+01 -3.052657e+00 6.159870e+00
      vertex   2.083333e+01 -2.967870e+00 6.346292e+00
      vertex   2.500000e+01 -2.967870e+00 6.346292e+00
    endloop
  endfacet
  facet normal 1.689665e-16 9.478410e-01 -3.187435e-01
    outer loop
      vertex   2.500000e+01 -2.967870e+00 6.346292e+00
      vertex   2.083333e+01 -2.967870e+00 6.346292e+00
      vertex   2.500000e+01 -2.902593e+00 6.540406e+00
    endloop
  endfacet
  facet normal 6.794427e-17 9.478410e-01 -3.187435e-01
    outer loop
      vertex   2.500000e+01 -2.902593e+00 6.540406e+00
      vertex   2.083333e+01 -2.967870e+00 6.346292e+00
      vertex   2.083333e+01 -2.902593e+00 6.540406e+00
    endloop
  endfacet
  facet normal 4.692615e-17 9.754678e-01 -2.201423e-01
    outer loop
      vertex   2.500000e+01 -2.902593e+00 6.540406e+00
      vertex   2.083333e+01 -2.902593e+00 6.540406e+00
      vertex   2.500000e+01 -2.857508e+00 6.740179e+00
    endloop
  endfacet
  facet normal 4.692615e-17 9.754678e-01 -2.201423e-01
    outer loop
      vertex   2.500000e+01 -2.857508e+00 6.740179e+00
      vertex   2.083333e+01 -2.902593e+00 6.540406e+00
      vertex   2.083333e+01 -2.857508e+00 6.740179e+00
    endloop
  endfacet
  facet normal 2.541600e-17 9.928663e-01 -1.192328e-01
    outer loop
      vertex   2.500000e+01 -2.857508e+00 6.740179e+00
      vertex   2.083333e+01 -2.857508e+00 6.740179e+00
      vertex   2.500000e+01 -2.833090e+00 6.943515e+00
    endloop
  endfacet
  facet normal 2.541600e-17 9.928663e-01 -1.192328e-01
    outer loop
      vertex   2.500000e+01 -2.833090e+00 6.943515e+00
      vertex   2.083333e+01 -2.857508e+00 6.740179e+00
      vertex   2.083333e+01 -2.833090e+00 6.943515e+00
    endloop
  endfacet
  facet normal 3.639338e-18 9.998542e-01 -1.707304e-02
    outer loop
      vertex   2.500000e+01 -2.833090e+00 6.943515e+00
      vertex   2.083333e+01 -2.833090e+00 6.943515e+00
      vertex   2.500000e+01 -2.829593e+00 7.148282e+00
    endloop
  endfacet
  facet normal 3.639338e-18 9.998542e-01 -1.707304e-02
    outer loop
      vertex   2.500000e+01 -2.829593e+00 7.148282e+00
      vertex   2.083333e+01 -2.833090e+00 6.943515e+00
      vertex   2.083333e+01 -2.829593e+00 7.148282e+00
    endloop
  endfacet
  facet normal -1.817548e-17 9.963582e-01 8.526571e-02
    outer loop
      vertex   2.500000e+01 -2.829593e+00 7.148282e+00
      vertex   2.083333e+01 -2.829593e+00 7.148282e+00
      vertex   2.500000e+01 -2.847055e+00 7.352333e+00
    endloop
  endfacet
  facet normal -1.817548e-17 9.963582e-01 8.526571e-02
    outer loop
      vertex   2.500000e+01 -2.847055e+00 7.352333e+00
      vertex   2.083333e+01 -2.829593e+00 7.148282e+00
      vertex   2.083333e+01 -2.847055e+00 7.352333e+00
    endloop
  endfacet
  facet normal -3.979972e-17 9.824150e-01 1.867104e-01
    outer loop
      vertex   2.500000e+01 -2.847055e+00 7.352333e+00
      vertex   2.083333e+01 -2.847055e+00 7.352333e+00
      vertex   2.500000e+01 -2.885293e+00 7.553529e+00
    endloop
  endfacet
  facet normal -3.979972e-17 9.824150e-01 1.867104e-01
    outer loop
      vertex   2.500000e+01 -2.885293e+00 7.553529e+00
      vertex   2.083333e+01 -2.847055e+00 7.352333e+00
      vertex   2.083333e+01 -2.885293e+00 7.553529e+00
    endloop
  endfacet
  facet normal -6.100664e-17 9.581707e-01 2.861974e-01
    outer loop
      vertex   2.500000e+01 -2.885293e+00 7.553529e+00
      vertex   2.083333e+01 -2.885293e+00 7.553529e+00
      vertex   2.500000e+01 -2.943905e+00 7.749759e+00
    endloop
  endfacet
  facet normal 4.111654e-17 9.581707e-01 2.861974e-01
    outer loop
      vertex   2.500000e+01 -2.943905e+00 7.749759e+00
      vertex   2.083333e+01 -2.885293e+00 7.553529e+00
      vertex   2.083333e+01 -2.943905e+00 7.749759e+00
    endloop
  endfacet
  facet normal 1.689450e-17 9.238795e-01 3.826834e-01
    outer loop
      vertex   2.500000e+01 -2.943905e+00 7.749759e+00
      vertex   2.083333e+01 -2.943905e+00 7.749759e+00
      vertex   2.500000e+01 -3.022278e+00 7.938967e+00
    endloop
  endfacet
  facet normal 1.689450e-17 9.238795e-01 3.826834e-01
    outer loop
      vertex   2.500000e+01 -3.022278e+00 7.938967e+00
      vertex   2.083333e+01 -2.943905e+00 7.749759e+00
      vertex   2.083333e+01 -3.022278e+00 7.938967e+00
    endloop
  endfacet
  facet normal -7.504682e-18 8.799011e-01 4.751569e-01
    outer loop
      vertex   2.500000e+01 -3.022278e+00 7.938967e+00
      vertex   2.083333e+01 -3.022278e+00 7.938967e+00
      vertex   2.500000e+01 -3.119588e+00 8.119168e+00
    endloop
  endfacet
  facet normal -4.051431e-16 8.799011e-01 4.751569e-01
    outer loop
      vertex   2.500000e+01 -3.119588e+00 8.119168e+00
      vertex   2.083333e+01 -3.022278e+00 7.938967e+00
      vertex   2.083333e+01 -3.119588e+00 8.119168e+00
    endloop
  endfacet
  facet normal -4.797426e-16 8.266965e-01 5.626481e-01
    outer loop
      vertex   2.500000e+01 -3.119588e+00 8.119168e+00
      vertex   2.083333e+01 -3.119588e+00 8.119168e+00
      vertex   2.500000e+01 -3.234817e+00 8.288473e+00
    endloop
  endfacet
  facet normal -1.517608e-16 8.266965e-01 5.626481e-01
    outer loop
      vertex   2.500000e+01 -3.234817e+00 8.288473e+00
      vertex   2.083333e+01 -3.119588e+00 8.119168e+00
      vertex   2.083333e+01 -3.234817e+00 8.288473e+00
    endloop
  endfacet
  facet normal -1.931399e-16 7.648236e-01 6.442397e-01
    outer loop
      vertex   2.500000e+01 -3.234817e+00 8.288473e+00
      vertex   2.083333e+01 -3.234817e+00 8.288473e+00
      vertex   2.500000e+01 -3.366755e+00 8.445106e+00
    endloop
  endfacet
  facet normal -2.746559e-16 7.648236e-01 6.442397e-01
    outer loop
      vertex   2.500000e+01 -3.366755e+00 8.445106e+00
      vertex   2.083333e+01 -3.234817e+00 8.288473e+00
      vertex   2.083333e+01 -3.366755e+00 8.445106e+00
    endloop
  endfacet
  facet normal -3.065606e-16 6.949313e-01 7.190762e-01
    outer loop
      vertex   2.500000e+01 -3.366755e+00 8.445106e+00
      vertex   2.083333e+01 -3.366755e+00 8.445106e+00
      vertex   2.500000e+01 -3.514020e+00 8.587426e+00
    endloop
  endfacet
  facet normal 7.406675e-17 6.949313e-01 7.190762e-01
    outer loop
      vertex   2.500000e+01 -3.514020e+00 8.587426e+00
      vertex   2.083333e+01 -3.366755e+00 8.445106e+00
      vertex   2.083333e+01 -3.514020e+00 8.587426e+00
    endloop
  endfacet
  facet normal 6.584090e-17 6.177522e-01 7.863728e-01
    outer loop
      vertex   2.500000e+01 -3.514020e+00 8.587426e+00
      vertex   2.083333e+01 -3.514020e+00 8.587426e+00
      vertex   2.500000e+01 -3.675066e+00 8.713940e+00
    endloop
  endfacet
  facet normal -6.046609e-16 6.177522e-01 7.863728e-01
    outer loop
      vertex   2.500000e+01 -3.675066e+00 8.713940e+00
      vertex   2.083333e+01 -3.514020e+00 8.587426e+00
      vertex   2.083333e+01 -3.675066e+00 8.713940e+00
    endloop
  endfacet
  facet normal -6.639272e-16 5.340958e-01 8.454240e-01
    outer loop
      vertex   2.500000e+01 -3.675066e+00 8.713940e+00
      vertex   2.083333e+01 -3.675066e+00 8.713940e+00
      vertex   2.500000e+01 -3.848207e+00 8.823321e+00
    endloop
  endfacet
  facet normal 0.000000e+00 5.340958e-01 8.454240e-01
    outer loop
      vertex   2.500000e+01 -3.848207e+00 8.823321e+00
      vertex   2.083333e+01 -3.675066e+00 8.713940e+00
      vertex   2.083333e+01 -3.848207e+00 8.823321e+00
    endloop
  endfacet
  facet normal 0.000000e+00 4.448391e-01 8.956105e-01
    outer loop
      vertex   2.500000e+01 -3.848207e+00 8.823321e+00
      vertex   2.083333e+01 -3.848207e+00 8.823321e+00
      vertex   2.500000e+01 -4.031625e+00 8.914423e+00
    endloop
  endfacet
  facet normal -2.869986e-16 4.448391e-01 8.956105e-01
    outer loop
      vertex   2.500000e+01 -4.031625e+00 8.914423e+00
      vertex   2.083333e+01 -3.848207e+00 8.823321e+00
      vertex   2.083333e+01 -4.031625e+00 8.914423e+00
    endloop
  endfacet
  facet normal -3.244113e-16 3.509181e-01 9.364062e-01
    outer loop
      vertex   2.500000e+01 -4.031625e+00 8.914423e+00
      vertex   2.083333e+01 -4.031625e+00 8.914423e+00
      vertex   2.500000e+01 -4.223398e+00 8.986290e+00
    endloop
  endfacet
  facet normal 7.480268e-17 3.509181e-01 9.364062e-01
    outer loop
      vertex   2.500000e+01 -4.223398e+00 8.986290e+00
      vertex   2.083333e+01 -4.031625e+00 8.914423e+00
      vertex   2.083333e+01 -4.223398e+00 8.986290e+00
    endloop
  endfacet
  facet normal 5.399788e-17 2.533175e-01 9.673832e-01
    outer loop
      vertex   2.500000e+01 -4.223398e+00 8.986290e+00
      vertex   2.083333e+01 -4.223398e+00 8.986290e+00
      vertex   2.500000e+01 -4.421515e+00 9.038168e+00
    endloop
  endfacet
  facet normal 0.000000e+00 2.533175e-01 9.673832e-01
    outer loop
      vertex   2.500000e+01 -4.421515e+00 9.038168e+00
      vertex   2.083333e+01 -4.223398e+00 8.986290e+00
      vertex   2.083333e+01 -4.421515e+00 9.038168e+00
    endloop
  endfacet
  facet normal 0.000000e+00 1.530608e-01 9.882168e-01
    outer loop
      vertex   2.500000e+01 -4.421515e+00 9.038168e+00
      vertex   2.083333e+01 -4.421515e+00 9.038168e+00
      vertex   2.500000e+01 -4.623899e+00 9.069515e+00
    endloop
  endfacet
  facet normal 3.262688e-17 1.530608e-01 9.882168e-01
    outer loop
      vertex   2.500000e+01 -4.623899e+00 9.069515e+00
      vertex   2.083333e+01 -4.421515e+00 9.038168e+00
      vertex   2.083333e+01 -4.623899e+00 9.069515e+00
    endloop
  endfacet
  facet normal 1.869122e-16 9.102757e-01 -4.140026e-01
    outer loop
      vertex   2.500000e+01 -2.967870e+00 6.346292e+00
      vertex   2.500000e+01 -3.052657e+00 6.159870e+00
      vertex   2.083333e+01 -3.052657e+00 6.159870e+00
    endloop
  endfacet
  facet normal 1.996277e-16 8.631657e-01 -5.049207e-01
    outer loop
      vertex   2.083333e+01 -3.052657e+00 6.159870e+00
      vertex   2.500000e+01 -3.052657e+00 6.159870e+00
      vertex   2.083333e+01 -3.156063e+00 5.983096e+00
    endloop
  endfacet
  facet normal -1.906439e-18 8.631657e-01 -5.049207e-01
    outer loop
      vertex   2.083333e+01 -3.052657e+00 6.159870e+00
      vertex   2.083333e+01 -3.156063e+00 5.983096e+00
      vertex   1.666667e+01 -3.156063e+00 5.983096e+00
    endloop
  endfacet
  facet normal 0.000000e+00 8.070051e-01 -5.905444e-01
    outer loop
      vertex   1.666667e+01 -3.156063e+00 5.983096e+00
      vertex   2.083333e+01 -3.156063e+00 5.983096e+00
      vertex   1.666667e+01 -3.277005e+00 5.817824e+00
    endloop
  endfacet
  facet normal 1.247887e-16 8.070051e-01 -5.905444e-01
    outer loop
      vertex   1.666667e+01 -3.156063e+00 5.983096e+00
      vertex   1.666667e+01 -3.277005e+00 5.817824e+00
      vertex   1.250000e+01 -3.277005e+00 5.817824e+00
    endloop
  endfacet
  facet normal 1.428140e-16 7.423827e-01 -6.699761e-01
    outer loop
      vertex   1.250000e+01 -3.277005e+00 5.817824e+00
      vertex   1.666667e+01 -3.277005e+00 5.817824e+00
      vertex   2.500000e+01 -3.414214e+00 5.665786e+00
    endloop
  endfacet
  facet normal 1.059787e-16 7.423827e-01 -6.699761e-01
    outer loop
      vertex   1.250000e+01 -3.277005e+00 5.817824e+00
      vertex   2.500000e+01 -3.414214e+00 5.665786e+00
      vertex   -9.693993e-16 -3.414214e+00 5.665786e+00
    endloop
  endfacet
  facet normal 3.302260e-17 8.631657e-01 -5.049207e-01
    outer loop
      vertex   2.500000e+01 -3.052657e+00 6.159870e+00
      vertex   2.500000e+01 -3.156063e+00 5.983096e+00
      vertex   2.083333e+01 -3.156063e+00 5.983096e+00
    endloop
  endfacet
  facet normal 7.974074e-17 8.070051e-01 -5.905444e-01
    outer loop
      vertex   2.083333e+01 -3.156063e+00 5.983096e+00
      vertex   2.500000e+01 -3.156063e+00 5.983096e+00
      vertex   2.083333e+01 -3.277005e+00 5.817824e+00
    endloop
  endfacet
  facet normal -1.093442e-18 8.070051e-01 -5.905444e-01
    outer loop
      vertex   2.083333e+01 -3.156063e+00 5.983096e+00
      vertex   2.083333e+01 -3.277005e+00 5.817824e+00
      vertex   1.666667e+01 -3.277005e+00 5.817824e+00
    endloop
  endfacet
  facet normal 0.000000e+00 7.423827e-01 -6.699761e-01
    outer loop
      vertex   1.666667e+01 -3.277005e+00 5.817824e+00
      vertex   2.083333e+01 -3.277005e+00 5.817824e+00
      vertex   2.500000e+01 -3.414214e+00 5.665786e+00
    endloop
  endfacet
  facet normal 2.519299e-16 8.070051e-01 -5.905444e-01
    outer loop
      vertex   2.500000e+01 -3.156063e+00 5.983096e+00
      vertex   2.500000e+01 -3.277005e+00 5.817824e+00
      vertex   2.083333e+01 -3.277005e+00 5.817824e+00
    endloop
  endfacet
  facet normal 2.856280e-16 7.423827e-01 -6.699761e-01
    outer loop
      vertex   2.083333e+01 -3.277005e+00 5.817824e+00
      vertex   2.500000e+01 -3.277005e+00 5.817824e+00
      vertex   2.500000e+01 -3.414214e+00 5.665786e+00
    endloop
  endfacet
  facet normal -3.987254e-16 3.509181e-01 9.364062e-01
    outer loop
      vertex   -2.505566e-15 -4.031625e+00 8.914423e+00
      vertex   -2.534242e-15 -4.223398e+00 8.986290e+00
      vertex   4.166667e+00 -4.223398e+00 8.986290e+00
    endloop
  endfacet
  facet normal -4.124203e-16 2.533175e-01 9.673832e-01
    outer loop
      vertex   4.166667e+00 -4.223398e+00 8.986290e+00
      vertex   -2.534242e-15 -4.223398e+00 8.986290e+00
      vertex   4.166667e+00 -4.421515e+00 9.038168e+00
    endloop
  endfacet
  facet normal -5.399504e-17 2.533175e-01 9.673832e-01
    outer loop
      vertex   4.166667e+00 -4.223398e+00 8.986290e+00
      vertex   4.166667e+00 -4.421515e+00 9.038168e+00
      vertex   8.333333e+00 -4.421515e+00 9.038168e+00
    endloop
  endfacet
  facet normal -3.262688e-17 1.530608e-01 9.882168e-01
    outer loop
      vertex   8.333333e+00 -4.421515e+00 9.038168e+00
      vertex   4.166667e+00 -4.421515e+00 9.038168e+00
      vertex   8.333333e+00 -4.623899e+00 9.069515e+00
    endloop
  endfacet
  facet normal -4.210996e-16 1.530608e-01 9.882168e-01
    outer loop
      vertex   8.333333e+00 -4.421515e+00 9.038168e+00
      vertex   8.333333e+00 -4.623899e+00 9.069515e+00
      vertex   1.250000e+01 -4.623899e+00 9.069515e+00
    endloop
  endfacet
  facet normal -4.257665e-16 5.119922e-02 9.986885e-01
    outer loop
      vertex   1.250000e+01 -4.623899e+00 9.069515e+00
      vertex   8.333333e+00 -4.623899e+00 9.069515e+00
      vertex   -3.330669e-15 -4.828427e+00 9.080000e+00
    endloop
  endfacet
  facet normal -2.838794e-16 5.119922e-02 9.986885e-01
    outer loop
      vertex   1.250000e+01 -4.623899e+00 9.069515e+00
      vertex   -3.330669e-15 -4.828427e+00 9.080000e+00
      vertex   2.500000e+01 -4.828427e+00 9.080000e+00
    endloop
  endfacet
  facet normal -3.575289e-16 2.533175e-01 9.673832e-01
    outer loop
      vertex   -2.534242e-15 -4.223398e+00 8.986290e+00
      vertex   -2.559627e-15 -4.421515e+00 9.038168e+00
      vertex   4.166667e+00 -4.421515e+00 9.038168e+00
    endloop
  endfacet
  facet normal -3.886753e-16 1.530608e-01 9.882168e-01
    outer loop
      vertex   4.166667e+00 -4.421515e+00 9.038168e+00
      vertex   -2.559627e-15 -4.421515e+00 9.038168e+00
      vertex   4.166667e+00 -4.623899e+00 9.069515e+00
    endloop
  endfacet
  facet normal -3.232397e-17 1.530608e-01 9.882168e-01
    outer loop
      vertex   4.166667e+00 -4.421515e+00 9.038168e+00
      vertex   4.166667e+00 -4.623899e+00 9.069515e+00
      vertex   8.333333e+00 -4.623899e+00 9.069515e+00
    endloop
  endfacet
  facet normal -1.091377e-17 5.119922e-02 9.986885e-01
    outer loop
      vertex   8.333333e+00 -4.623899e+00 9.069515e+00
      vertex   4.166667e+00 -4.623899e+00 9.069515e+00
      vertex   -3.330669e-15 -4.828427e+00 9.080000e+00
    endloop
  endfacet
  facet normal -3.885730e-16 1.530608e-01 9.882168e-01
    outer loop
      vertex   -2.559627e-15 -4.421515e+00 9.038168e+00
      vertex   -2.581456e-15 -4.623899e+00 9.069515e+00
      vertex   4.166667e+00 -4.623899e+00 9.069515e+00
    endloop
  endfacet
  facet normal -4.148527e-16 5.119922e-02 9.986885e-01
    outer loop
      vertex   4.166667e+00 -4.623899e+00 9.069515e+00
      vertex   -2.581456e-15 -4.623899e+00 9.069515e+00
      vertex   -3.330669e-15 -4.828427e+00 9.080000e+00
    endloop
  endfacet
  facet normal -3.262688e-17 1.530608e-01 9.882168e-01
    outer loop
      vertex   1.666667e+01 -4.623899e+00 9.069515e+00
      vertex   2.083333e+01 -4.623899e+00 9.069515e+00
      vertex   1.666667e+01 -4.421515e+00 9.038168e+00
    endloop
  endfacet
  facet normal -0.000000e+00 1.530608e-01 9.882168e-01
    outer loop
      vertex   1.666667e+01 -4.421515e+00 9.038168e+00
      vertex   2.083333e+01 -4.623899e+00 9.069515e+00
      vertex   2.083333e+01 -4.421515e+00 9.038168e+00
    endloop
  endfacet
  facet normal -0.000000e+00 2.533175e-01 9.673832e-01
    outer loop
      vertex   1.666667e+01 -4.421515e+00 9.038168e+00
      vertex   2.083333e+01 -4.421515e+00 9.038168e+00
      vertex   1.666667e+01 -4.223398e+00 8.986290e+00
    endloop
  endfacet
  facet normal -0.000000e+00 2.533175e-01 9.673832e-01
    outer loop
      vertex   1.666667e+01 -4.223398e+00 8.986290e+00
      vertex   2.083333e+01 -4.421515e+00 9.038168e+00
      vertex   2.083333e+01 -4.223398e+00 8.986290e+00
    endloop
  endfacet
  facet normal -0.000000e+00 3.509181e-01 9.364062e-01
    outer loop
      vertex   1.666667e+01 -4.223398e+00 8.986290e+00
      vertex   2.083333e+01 -4.223398e+00 8.986290e+00
      vertex   1.666667e+01 -4.031625e+00 8.914423e+00
    endloop
  endfacet
  facet normal -7.480268e-17 3.509181e-01 9.364062e-01
    outer loop
      vertex   1.666667e+01 -4.031625e+00 8.914423e+00
      vertex   2.083333e+01 -4.223398e+00 8.986290e+00
      vertex   2.083333e+01 -4.031625e+00 8.914423e+00
    endloop
  endfacet
  facet normal -9.482315e-17 4.448391e-01 8.956105e-01
    outer loop
      vertex   1.666667e+01 -4.031625e+00 8.914423e+00
      vertex   2.083333e+01 -4.031625e+00 8.914423e+00
      vertex   1.666667e+01 -3.848207e+00 8.823321e+00
    endloop
  endfacet
  facet normal -0.000000e+00 4.448391e-01 8.956105e-01
    outer loop
      vertex   1.666667e+01 -3.848207e+00 8.823321e+00
      vertex   2.083333e+01 -4.031625e+00 8.914423e+00
      vertex   2.083333e+01 -3.848207e+00 8.823321e+00
    endloop
  endfacet
  facet normal -0.000000e+00 5.340958e-01 8.454240e-01
    outer loop
      vertex   1.666667e+01 -3.848207e+00 8.823321e+00
      vertex   2.083333e+01 -3.848207e+00 8.823321e+00
      vertex   1.666667e+01 -3.675066e+00 8.713940e+00
    endloop
  endfacet
  facet normal -5.692468e-17 5.340958e-01 8.454240e-01
    outer loop
      vertex   1.666667e+01 -3.675066e+00 8.713940e+00
      vertex   2.083333e+01 -3.848207e+00 8.823321e+00
      vertex   2.083333e+01 -3.675066e+00 8.713940e+00
    endloop
  endfacet
  facet normal -6.584090e-17 6.177522e-01 7.863728e-01
    outer loop
      vertex   1.666667e+01 -3.675066e+00 8.713940e+00
      vertex   2.083333e+01 -3.675066e+00 8.713940e+00
      vertex   1.666667e+01 -3.514020e+00 8.587426e+00
    endloop
  endfacet
  facet normal -0.000000e+00 6.177522e-01 7.863728e-01
    outer loop
      vertex   1.666667e+01 -3.514020e+00 8.587426e+00
      vertex   2.083333e+01 -3.675066e+00 8.713940e+00
      vertex   2.083333e+01 -3.514020e+00 8.587426e+00
    endloop
  endfacet
  facet normal -0.000000e+00 6.949313e-01 7.190762e-01
    outer loop
      vertex   1.666667e+01 -3.514020e+00 8.587426e+00
      vertex   2.083333e+01 -3.514020e+00 8.587426e+00
      vertex   1.666667e+01 -3.366755e+00 8.445106e+00
    endloop
  endfacet
  facet normal -0.000000e+00 6.949313e-01 7.190762e-01
    outer loop
      vertex   1.666667e+01 -3.366755e+00 8.445106e+00
      vertex   2.083333e+01 -3.514020e+00 8.587426e+00
      vertex   2.083333e+01 -3.366755e+00 8.445106e+00
    endloop
  endfacet
  facet normal -0.000000e+00 7.648236e-01 6.442397e-01
    outer loop
      vertex   1.666667e+01 -3.366755e+00 8.445106e+00
      vertex   2.083333e+01 -3.366755e+00 8.445106e+00
      vertex   1.666667e+01 -3.234817e+00 8.288473e+00
    endloop
  endfacet
  facet normal -0.000000e+00 7.648236e-01 6.442397e-01
    outer loop
      vertex   1.666667e+01 -3.234817e+00 8.288473e+00
      vertex   2.083333e+01 -3.366755e+00 8.445106e+00
      vertex   2.083333e+01 -3.234817e+00 8.288473e+00
    endloop
  endfacet
  facet normal -0.000000e+00 8.266965e-01 5.626481e-01
    outer loop
      vertex   1.666667e+01 -3.234817e+00 8.288473e+00
      vertex   2.083333e+01 -3.234817e+00 8.288473e+00
      vertex   1.666667e+01 -3.119588e+00 8.119168e+00
    endloop
  endfacet
  facet normal -0.000000e+00 8.266965e-01 5.626481e-01
    outer loop
      vertex   1.666667e+01 -3.119588e+00 8.119168e+00
      vertex   2.083333e+01 -3.234817e+00 8.288473e+00
      vertex   2.083333e+01 -3.119588e+00 8.119168e+00
    endloop
  endfacet
  facet normal -0.000000e+00 8.799011e-01 4.751569e-01
    outer loop
      vertex   1.666667e+01 -3.119588e+00 8.119168e+00
      vertex   2.083333e+01 -3.119588e+00 8.119168e+00
      vertex   1.666667e+01 -3.022278e+00 7.938967e+00
    endloop
  endfacet
  facet normal -0.000000e+00 8.799011e-01 4.751569e-01
    outer loop
      vertex   1.666667e+01 -3.022278e+00 7.938967e+00
      vertex   2.083333e+01 -3.119588e+00 8.119168e+00
      vertex   2.083333e+01 -3.022278e+00 7.938967e+00
    endloop
  endfacet
  facet normal -0.000000e+00 9.238795e-01 3.826834e-01
    outer loop
      vertex   1.666667e+01 -3.022278e+00 7.938967e+00
      vertex   2.083333e+01 -3.022278e+00 7.938967e+00
      vertex   1.666667e+01 -2.943905e+00 7.749759e+00
    endloop
  endfacet
  facet normal -0.000000e+00 9.238795e-01 3.826834e-01
    outer loop
      vertex   1.666667e+01 -2.943905e+00 7.749759e+00
      vertex   2.083333e+01 -3.022278e+00 7.938967e+00
      vertex   2.083333e+01 -2.943905e+00 7.749759e+00
    endloop
  endfacet
  facet normal -0.000000e+00 9.581707e-01 2.861974e-01
    outer loop
      vertex   1.666667e+01 -2.943905e+00 7.749759e+00
      vertex   2.083333e+01 -2.943905e+00 7.749759e+00
      vertex   1.666667e+01 -2.885293e+00 7.553529e+00
    endloop
  endfacet
  facet normal -0.000000e+00 9.581707e-01 2.861974e-01
    outer loop
      vertex   1.666667e+01 -2.885293e+00 7.553529e+00
      vertex   2.083333e+01 -2.943905e+00 7.749759e+00
      vertex   2.083333e+01 -2.885293e+00 7.553529e+00
    endloop
  endfacet
  facet normal -0.000000e+00 9.824150e-01 1.867104e-01
    outer loop
      vertex   1.666667e+01 -2.885293e+00 7.553529e+00
      vertex   2.083333e+01 -2.885293e+00 7.553529e+00
      vertex   1.666667e+01 -2.847055e+00 7.352333e+00
    endloop
  endfacet
  facet normal -0.000000e+00 9.824150e-01 1.867104e-01
    outer loop
      vertex   1.666667e+01 -2.847055e+00 7.352333e+00
      vertex   2.083333e+01 -2.885293e+00 7.553529e+00
      vertex   2.083333e+01 -2.847055e+00 7.352333e+00
    endloop
  endfacet
  facet normal -0.000000e+00 9.963582e-01 8.526571e-02
    outer loop
      vertex   1.666667e+01 -2.847055e+00 7.352333e+00
      vertex   2.083333e+01 -2.847055e+00 7.352333e+00
      vertex   1.666667e+01 -2.829593e+00 7.148282e+00
    endloop
  endfacet
  facet normal -0.000000e+00 9.963582e-01 8.526571e-02
    outer loop
      vertex   1.666667e+01 -2.829593e+00 7.148282e+00
      vertex   2.083333e+01 -2.847055e+00 7.352333e+00
      vertex   2.083333e+01 -2.829593e+00 7.148282e+00
    endloop
  endfacet
  facet normal 0.000000e+00 9.998542e-01 -1.707304e-02
    outer loop
      vertex   1.666667e+01 -2.829593e+00 7.148282e+00
      vertex   2.083333e+01 -2.829593e+00 7.148282e+00
      vertex   1.666667e+01 -2.833090e+00 6.943515e+00
    endloop
  endfacet
  facet normal 0.000000e+00 9.998542e-01 -1.707304e-02
    outer loop
      vertex   1.666667e+01 -2.833090e+00 6.943515e+00
      vertex   2.083333e+01 -2.829593e+00 7.148282e+00
      vertex   2.083333e+01 -2.833090e+00 6.943515e+00
    endloop
  endfacet
  facet normal 0.000000e+00 9.928663e-01 -1.192328e-01
    outer loop
      vertex   1.666667e+01 -2.833090e+00 6.943515e+00
      vertex   2.083333e+01 -2.833090e+00 6.943515e+00
      vertex   1.666667e+01 -2.857508e+00 6.740179e+00
    endloop
  endfacet
  facet normal 0.000000e+00 9.928663e-01 -1.192328e-01
    outer loop
      vertex   1.666667e+01 -2.857508e+00 6.740179e+00
      vertex   2.083333e+01 -2.833090e+00 6.943515e+00
      vertex   2.083333e+01 -2.857508e+00 6.740179e+00
    endloop
  endfacet
  facet normal 0.000000e+00 9.754678e-01 -2.201423e-01
    outer loop
      vertex   1.666667e+01 -2.857508e+00 6.740179e+00
      vertex   2.083333e+01 -2.857508e+00 6.740179e+00
      vertex   1.666667e+01 -2.902593e+00 6.540406e+00
    endloop
  endfacet
  facet normal 0.000000e+00 9.754678e-01 -2.201423e-01
    outer loop
      vertex   1.666667e+01 -2.902593e+00 6.540406e+00
      vertex   2.083333e+01 -2.857508e+00 6.740179e+00
      vertex   2.083333e+01 -2.902593e+00 6.540406e+00
    endloop
  endfacet
  facet normal 0.000000e+00 9.478410e-01 -3.187435e-01
    outer loop
      vertex   1.666667e+01 -2.902593e+00 6.540406e+00
      vertex   2.083333e+01 -2.902593e+00 6.540406e+00
      vertex   1.666667e+01 -2.967870e+00 6.346292e+00
    endloop
  endfacet
  facet normal -1.010222e-16 9.478410e-01 -3.187435e-01
    outer loop
      vertex   1.666667e+01 -2.967870e+00 6.346292e+00
      vertex   2.083333e+01 -2.902593e+00 6.540406e+00
      vertex   2.083333e+01 -2.967870e+00 6.346292e+00
    endloop
  endfacet
  facet normal -9.701847e-17 9.102757e-01 -4.140026e-01
    outer loop
      vertex   1.666667e+01 -2.967870e+00 6.346292e+00
      vertex   2.083333e+01 -2.967870e+00 6.346292e+00
      vertex   1.666667e+01 -3.052657e+00 6.159870e+00
    endloop
  endfacet
  facet normal -2.872184e-19 1.530608e-01 9.882168e-01
    outer loop
      vertex   1.666667e+01 -4.623899e+00 9.069515e+00
      vertex   1.666667e+01 -4.421515e+00 9.038168e+00
      vertex   1.250000e+01 -4.421515e+00 9.038168e+00
    endloop
  endfacet
  facet normal -0.000000e+00 2.533175e-01 9.673832e-01
    outer loop
      vertex   1.250000e+01 -4.421515e+00 9.038168e+00
      vertex   1.666667e+01 -4.421515e+00 9.038168e+00
      vertex   1.250000e+01 -4.223398e+00 8.986290e+00
    endloop
  endfacet
  facet normal 2.838136e-21 2.533175e-01 9.673832e-01
    outer loop
      vertex   1.250000e+01 -4.421515e+00 9.038168e+00
      vertex   1.250000e+01 -4.223398e+00 8.986290e+00
      vertex   8.333333e+00 -4.223398e+00 8.986290e+00
    endloop
  endfacet
  facet normal -0.000000e+00 3.509181e-01 9.364062e-01
    outer loop
      vertex   8.333333e+00 -4.223398e+00 8.986290e+00
      vertex   1.250000e+01 -4.223398e+00 8.986290e+00
      vertex   8.333333e+00 -4.031625e+00 8.914423e+00
    endloop
  endfacet
  facet normal -3.987254e-16 3.509181e-01 9.364062e-01
    outer loop
      vertex   8.333333e+00 -4.223398e+00 8.986290e+00
      vertex   8.333333e+00 -4.031625e+00 8.914423e+00
      vertex   4.166667e+00 -4.031625e+00 8.914423e+00
    endloop
  endfacet
  facet normal -3.818217e-16 4.448391e-01 8.956105e-01
    outer loop
      vertex   4.166667e+00 -4.031625e+00 8.914423e+00
      vertex   8.333333e+00 -4.031625e+00 8.914423e+00
      vertex   4.166667e+00 -3.848207e+00 8.823321e+00
    endloop
  endfacet
  facet normal -4.664181e-16 2.533175e-01 9.673832e-01
    outer loop
      vertex   1.250000e+01 -4.223398e+00 8.986290e+00
      vertex   1.666667e+01 -4.421515e+00 9.038168e+00
      vertex   1.666667e+01 -4.223398e+00 8.986290e+00
    endloop
  endfacet
  facet normal -4.740166e-16 3.509181e-01 9.364062e-01
    outer loop
      vertex   1.250000e+01 -4.223398e+00 8.986290e+00
      vertex   1.666667e+01 -4.223398e+00 8.986290e+00
      vertex   1.250000e+01 -4.031625e+00 8.914423e+00
    endloop
  endfacet
  facet normal -0.000000e+00 3.509181e-01 9.364062e-01
    outer loop
      vertex   1.250000e+01 -4.031625e+00 8.914423e+00
      vertex   1.666667e+01 -4.223398e+00 8.986290e+00
      vertex   1.666667e+01 -4.031625e+00 8.914423e+00
    endloop
  endfacet
  facet normal -0.000000e+00 4.448391e-01 8.956105e-01
    outer loop
      vertex   1.250000e+01 -4.031625e+00 8.914423e+00
      vertex   1.666667e+01 -4.031625e+00 8.914423e+00
      vertex   1.250000e+01 -3.848207e+00 8.823321e+00
    endloop
  endfacet
  facet normal -3.818217e-16 4.448391e-01 8.956105e-01
    outer loop
      vertex   1.250000e+01 -3.848207e+00 8.823321e+00
      vertex   1.666667e+01 -4.031625e+00 8.914423e+00
      vertex   1.666667e+01 -3.848207e+00 8.823321e+00
    endloop
  endfacet
  facet normal -3.604259e-16 5.340958e-01 8.454240e-01
    outer loop
      vertex   1.250000e+01 -3.848207e+00 8.823321e+00
      vertex   1.666667e+01 -3.848207e+00 8.823321e+00
      vertex   1.250000e+01 -3.675066e+00 8.713940e+00
    endloop
  endfacet
  facet normal -0.000000e+00 5.340958e-01 8.454240e-01
    outer loop
      vertex   1.250000e+01 -3.675066e+00 8.713940e+00
      vertex   1.666667e+01 -3.848207e+00 8.823321e+00
      vertex   1.666667e+01 -3.675066e+00 8.713940e+00
    endloop
  endfacet
  facet normal -0.000000e+00 6.177522e-01 7.863728e-01
    outer loop
      vertex   1.250000e+01 -3.675066e+00 8.713940e+00
      vertex   1.666667e+01 -3.675066e+00 8.713940e+00
      vertex   1.250000e+01 -3.514020e+00 8.587426e+00
    endloop
  endfacet
  facet normal -4.669327e-16 6.177522e-01 7.863728e-01
    outer loop
      vertex   1.250000e+01 -3.514020e+00 8.587426e+00
      vertex   1.666667e+01 -3.675066e+00 8.713940e+00
      vertex   1.666667e+01 -3.514020e+00 8.587426e+00
    endloop
  endfacet
  facet normal -4.546941e-16 6.949313e-01 7.190762e-01
    outer loop
      vertex   1.250000e+01 -3.514020e+00 8.587426e+00
      vertex   1.666667e+01 -3.514020e+00 8.587426e+00
      vertex   1.250000e+01 -3.366755e+00 8.445106e+00
    endloop
  endfacet
  facet normal -7.406675e-17 6.949313e-01 7.190762e-01
    outer loop
      vertex   1.250000e+01 -3.366755e+00 8.445106e+00
      vertex   1.666667e+01 -3.514020e+00 8.587426e+00
      vertex   1.666667e+01 -3.366755e+00 8.445106e+00
    endloop
  endfacet
  facet normal -8.151598e-17 7.648236e-01 6.442397e-01
    outer loop
      vertex   1.250000e+01 -3.366755e+00 8.445106e+00
      vertex   1.666667e+01 -3.366755e+00 8.445106e+00
      vertex   1.250000e+01 -3.234817e+00 8.288473e+00
    endloop
  endfacet
  facet normal -3.561719e-16 7.648236e-01 6.442397e-01
    outer loop
      vertex   1.250000e+01 -3.234817e+00 8.288473e+00
      vertex   1.666667e+01 -3.366755e+00 8.445106e+00
      vertex   1.666667e+01 -3.234817e+00 8.288473e+00
    endloop
  endfacet
  facet normal -3.279818e-16 8.266965e-01 5.626481e-01
    outer loop
      vertex   1.250000e+01 -3.234817e+00 8.288473e+00
      vertex   1.666667e+01 -3.234817e+00 8.288473e+00
      vertex   1.250000e+01 -3.119588e+00 8.119168e+00
    endloop
  endfacet
  facet normal 8.811048e-17 8.266965e-01 5.626481e-01
    outer loop
      vertex   1.250000e+01 -3.119588e+00 8.119168e+00
      vertex   1.666667e+01 -3.234817e+00 8.288473e+00
      vertex   1.666667e+01 -3.119588e+00 8.119168e+00
    endloop
  endfacet
  facet normal 9.378110e-17 8.799011e-01 4.751569e-01
    outer loop
      vertex   1.250000e+01 -3.119588e+00 8.119168e+00
      vertex   1.666667e+01 -3.119588e+00 8.119168e+00
      vertex   1.250000e+01 -3.022278e+00 7.938967e+00
    endloop
  endfacet
  facet normal -1.950669e-16 8.799011e-01 4.751569e-01
    outer loop
      vertex   1.250000e+01 -3.022278e+00 7.938967e+00
      vertex   1.666667e+01 -3.119588e+00 8.119168e+00
      vertex   1.666667e+01 -3.022278e+00 7.938967e+00
    endloop
  endfacet
  facet normal -1.800423e-16 9.238795e-01 3.826834e-01
    outer loop
      vertex   1.250000e+01 -3.022278e+00 7.938967e+00
      vertex   1.666667e+01 -3.022278e+00 7.938967e+00
      vertex   1.250000e+01 -2.943905e+00 7.749759e+00
    endloop
  endfacet
  facet normal -2.616161e-16 9.238795e-01 3.826834e-01
    outer loop
      vertex   1.250000e+01 -2.943905e+00 7.749759e+00
      vertex   1.666667e+01 -3.022278e+00 7.938967e+00
      vertex   1.666667e+01 -2.943905e+00 7.749759e+00
    endloop
  endfacet
  facet normal -2.241365e-16 9.581707e-01 2.861974e-01
    outer loop
      vertex   1.250000e+01 -2.943905e+00 7.749759e+00
      vertex   1.666667e+01 -2.943905e+00 7.749759e+00
      vertex   1.250000e+01 -2.885293e+00 7.553529e+00
    endloop
  endfacet
  facet normal -6.100664e-17 9.581707e-01 2.861974e-01
    outer loop
      vertex   1.250000e+01 -2.885293e+00 7.553529e+00
      vertex   1.666667e+01 -2.943905e+00 7.749759e+00
      vertex   1.666667e+01 -2.885293e+00 7.553529e+00
    endloop
  endfacet
  facet normal -3.979972e-17 9.824150e-01 1.867104e-01
    outer loop
      vertex   1.250000e+01 -2.885293e+00 7.553529e+00
      vertex   1.666667e+01 -2.885293e+00 7.553529e+00
      vertex   1.250000e+01 -2.847055e+00 7.352333e+00
    endloop
  endfacet
  facet normal -3.979972e-17 9.824150e-01 1.867104e-01
    outer loop
      vertex   1.250000e+01 -2.847055e+00 7.352333e+00
      vertex   1.666667e+01 -2.885293e+00 7.553529e+00
      vertex   1.666667e+01 -2.847055e+00 7.352333e+00
    endloop
  endfacet
  facet normal -1.817548e-17 9.963582e-01 8.526571e-02
    outer loop
      vertex   1.250000e+01 -2.847055e+00 7.352333e+00
      vertex   1.666667e+01 -2.847055e+00 7.352333e+00
      vertex   1.250000e+01 -2.829593e+00 7.148282e+00
    endloop
  endfacet
  facet normal -0.000000e+00 9.963582e-01 8.526571e-02
    outer loop
      vertex   1.250000e+01 -2.829593e+00 7.148282e+00
      vertex   1.666667e+01 -2.847055e+00 7.352333e+00
      vertex   1.666667e+01 -2.829593e+00 7.148282e+00
    endloop
  endfacet
  facet normal 0.000000e+00 9.998542e-01 -1.707304e-02
    outer loop
      vertex   1.250000e+01 -2.829593e+00 7.148282e+00
      vertex   1.666667e+01 -2.829593e+00 7.148282e+00
      vertex   1.250000e+01 -2.833090e+00 6.943515e+00
    endloop
  endfacet
  facet normal 3.639338e-18 9.998542e-01 -1.707304e-02
    outer loop
      vertex   1.250000e+01 -2.833090e+00 6.943515e+00
      vertex   1.666667e+01 -2.829593e+00 7.148282e+00
      vertex   1.666667e+01 -2.833090e+00 6.943515e+00
    endloop
  endfacet
  facet normal 2.541600e-17 9.928663e-01 -1.192328e-01
    outer loop
      vertex   1.250000e+01 -2.833090e+00 6.943515e+00
      vertex   1.666667e+01 -2.833090e+00 6.943515e+00
      vertex   1.250000e+01 -2.857508e+00 6.740179e+00
    endloop
  endfacet
  facet normal 5.083199e-17 9.928663e-01 -1.192328e-01
    outer loop
      vertex   1.250000e+01 -2.857508e+00 6.740179e+00
      vertex   1.666667e+01 -2.833090e+00 6.943515e+00
      vertex   1.666667e+01 -2.857508e+00 6.740179e+00
    endloop
  endfacet
  facet normal 9.385231e-17 9.754678e-01 -2.201423e-01
    outer loop
      vertex   1.250000e+01 -2.857508e+00 6.740179e+00
      vertex   1.666667e+01 -2.857508e+00 6.740179e+00
      vertex   1.250000e+01 -2.902593e+00 6.540406e+00
    endloop
  endfacet
  facet normal 4.692615e-17 9.754678e-01 -2.201423e-01
    outer loop
      vertex   1.250000e+01 -2.902593e+00 6.540406e+00
      vertex   1.666667e+01 -2.857508e+00 6.740179e+00
      vertex   1.666667e+01 -2.902593e+00 6.540406e+00
    endloop
  endfacet
  facet normal 6.794427e-17 9.478410e-01 -3.187435e-01
    outer loop
      vertex   1.250000e+01 -2.902593e+00 6.540406e+00
      vertex   1.666667e+01 -2.902593e+00 6.540406e+00
      vertex   1.250000e+01 -2.967870e+00 6.346292e+00
    endloop
  endfacet
  facet normal -3.307796e-17 9.478410e-01 -3.187435e-01
    outer loop
      vertex   1.250000e+01 -2.967870e+00 6.346292e+00
      vertex   1.666667e+01 -2.902593e+00 6.540406e+00
      vertex   1.666667e+01 -2.967870e+00 6.346292e+00
    endloop
  endfacet
  facet normal -8.768503e-18 9.102757e-01 -4.140026e-01
    outer loop
      vertex   1.250000e+01 -2.967870e+00 6.346292e+00
      vertex   1.666667e+01 -2.967870e+00 6.346292e+00
      vertex   1.250000e+01 -3.052657e+00 6.159870e+00
    endloop
  endfacet
  facet normal 1.764999e-16 9.102757e-01 -4.140026e-01
    outer loop
      vertex   1.250000e+01 -3.052657e+00 6.159870e+00
      vertex   1.666667e+01 -2.967870e+00 6.346292e+00
      vertex   1.666667e+01 -3.052657e+00 6.159870e+00
    endloop
  endfacet
  facet normal 2.152606e-16 8.631657e-01 -5.049207e-01
    outer loop
      vertex   1.250000e+01 -3.052657e+00 6.159870e+00
      vertex   1.666667e+01 -3.052657e+00 6.159870e+00
      vertex   1.250000e+01 -3.156063e+00 5.983096e+00
    endloop
  endfacet
  facet normal -3.999946e-16 3.509181e-01 9.364062e-01
    outer loop
      vertex   1.250000e+01 -4.223398e+00 8.986290e+00
      vertex   1.250000e+01 -4.031625e+00 8.914423e+00
      vertex   8.333333e+00 -4.031625e+00 8.914423e+00
    endloop
  endfacet
  facet normal -3.818217e-16 4.448391e-01 8.956105e-01
    outer loop
      vertex   8.333333e+00 -4.031625e+00 8.914423e+00
      vertex   1.250000e+01 -4.031625e+00 8.914423e+00
      vertex   8.333333e+00 -3.848207e+00 8.823321e+00
    endloop
  endfacet
  facet normal -4.591231e-17 4.448391e-01 8.956105e-01
    outer loop
      vertex   8.333333e+00 -4.031625e+00 8.914423e+00
      vertex   8.333333e+00 -3.848207e+00 8.823321e+00
      vertex   4.166667e+00 -3.848207e+00 8.823321e+00
    endloop
  endfacet
  facet normal -5.692468e-17 5.340958e-01 8.454240e-01
    outer loop
      vertex   4.166667e+00 -3.848207e+00 8.823321e+00
      vertex   8.333333e+00 -3.848207e+00 8.823321e+00
      vertex   4.166667e+00 -3.675066e+00 8.713940e+00
    endloop
  endfacet
  facet normal -4.741158e-17 4.448391e-01 8.956105e-01
    outer loop
      vertex   8.333333e+00 -3.848207e+00 8.823321e+00
      vertex   1.250000e+01 -4.031625e+00 8.914423e+00
      vertex   1.250000e+01 -3.848207e+00 8.823321e+00
    endloop
  endfacet
  facet normal -5.692468e-17 5.340958e-01 8.454240e-01
    outer loop
      vertex   8.333333e+00 -3.848207e+00 8.823321e+00
      vertex   1.250000e+01 -3.848207e+00 8.823321e+00
      vertex   8.333333e+00 -3.675066e+00 8.713940e+00
    endloop
  endfacet
  facet normal -1.138494e-16 5.340958e-01 8.454240e-01
    outer loop
      vertex   8.333333e+00 -3.675066e+00 8.713940e+00
      vertex   1.250000e+01 -3.848207e+00 8.823321e+00
      vertex   1.250000e+01 -3.675066e+00 8.713940e+00
    endloop
  endfacet
  facet normal -1.316818e-16 6.177522e-01 7.863728e-01
    outer loop
      vertex   8.333333e+00 -3.675066e+00 8.713940e+00
      vertex   1.250000e+01 -3.675066e+00 8.713940e+00
      vertex   8.333333e+00 -3.514020e+00 8.587426e+00
    endloop
  endfacet
  facet normal -0.000000e+00 6.177522e-01 7.863728e-01
    outer loop
      vertex   8.333333e+00 -3.514020e+00 8.587426e+00
      vertex   1.250000e+01 -3.675066e+00 8.713940e+00
      vertex   1.250000e+01 -3.514020e+00 8.587426e+00
    endloop
  endfacet
  facet normal -0.000000e+00 6.949313e-01 7.190762e-01
    outer loop
      vertex   8.333333e+00 -3.514020e+00 8.587426e+00
      vertex   1.250000e+01 -3.514020e+00 8.587426e+00
      vertex   8.333333e+00 -3.366755e+00 8.445106e+00
    endloop
  endfacet
  facet normal -3.065606e-16 6.949313e-01 7.190762e-01
    outer loop
      vertex   8.333333e+00 -3.366755e+00 8.445106e+00
      vertex   1.250000e+01 -3.514020e+00 8.587426e+00
      vertex   1.250000e+01 -3.366755e+00 8.445106e+00
    endloop
  endfacet
  facet normal -2.746559e-16 7.648236e-01 6.442397e-01
    outer loop
      vertex   8.333333e+00 -3.366755e+00 8.445106e+00
      vertex   1.250000e+01 -3.366755e+00 8.445106e+00
      vertex   8.333333e+00 -3.234817e+00 8.288473e+00
    endloop
  endfacet
  facet normal -0.000000e+00 7.648236e-01 6.442397e-01
    outer loop
      vertex   8.333333e+00 -3.234817e+00 8.288473e+00
      vertex   1.250000e+01 -3.366755e+00 8.445106e+00
      vertex   1.250000e+01 -3.234817e+00 8.288473e+00
    endloop
  endfacet
  facet normal -0.000000e+00 8.266965e-01 5.626481e-01
    outer loop
      vertex   8.333333e+00 -3.234817e+00 8.288473e+00
      vertex   1.250000e+01 -3.234817e+00 8.288473e+00
      vertex   8.333333e+00 -3.119588e+00 8.119168e+00
    endloop
  endfacet
  facet normal -2.398713e-16 8.266965e-01 5.626481e-01
    outer loop
      vertex   8.333333e+00 -3.119588e+00 8.119168e+00
      vertex   1.250000e+01 -3.234817e+00 8.288473e+00
      vertex   1.250000e+01 -3.119588e+00 8.119168e+00
    endloop
  endfacet
  facet normal -2.025716e-16 8.799011e-01 4.751569e-01
    outer loop
      vertex   8.333333e+00 -3.119588e+00 8.119168e+00
      vertex   1.250000e+01 -3.119588e+00 8.119168e+00
      vertex   8.333333e+00 -3.022278e+00 7.938967e+00
    endloop
  endfacet
  facet normal -0.000000e+00 8.799011e-01 4.751569e-01
    outer loop
      vertex   8.333333e+00 -3.022278e+00 7.938967e+00
      vertex   1.250000e+01 -3.119588e+00 8.119168e+00
      vertex   1.250000e+01 -3.022278e+00 7.938967e+00
    endloop
  endfacet
  facet normal -0.000000e+00 9.238795e-01 3.826834e-01
    outer loop
      vertex   8.333333e+00 -3.022278e+00 7.938967e+00
      vertex   1.250000e+01 -3.022278e+00 7.938967e+00
      vertex   8.333333e+00 -2.943905e+00 7.749759e+00
    endloop
  endfacet
  facet normal -8.157388e-17 9.238795e-01 3.826834e-01
    outer loop
      vertex   8.333333e+00 -2.943905e+00 7.749759e+00
      vertex   1.250000e+01 -3.022278e+00 7.938967e+00
      vertex   1.250000e+01 -2.943905e+00 7.749759e+00
    endloop
  endfacet
  facet normal -6.100664e-17 9.581707e-01 2.861974e-01
    outer loop
      vertex   8.333333e+00 -2.943905e+00 7.749759e+00
      vertex   1.250000e+01 -2.943905e+00 7.749759e+00
      vertex   8.333333e+00 -2.885293e+00 7.553529e+00
    endloop
  endfacet
  facet normal -1.220133e-16 9.581707e-01 2.861974e-01
    outer loop
      vertex   8.333333e+00 -2.885293e+00 7.553529e+00
      vertex   1.250000e+01 -2.943905e+00 7.749759e+00
      vertex   1.250000e+01 -2.885293e+00 7.553529e+00
    endloop
  endfacet
  facet normal -7.959944e-17 9.824150e-01 1.867104e-01
    outer loop
      vertex   8.333333e+00 -2.885293e+00 7.553529e+00
      vertex   1.250000e+01 -2.885293e+00 7.553529e+00
      vertex   8.333333e+00 -2.847055e+00 7.352333e+00
    endloop
  endfacet
  facet normal 2.510774e-17 9.824150e-01 1.867104e-01
    outer loop
      vertex   8.333333e+00 -2.847055e+00 7.352333e+00
      vertex   1.250000e+01 -2.885293e+00 7.553529e+00
      vertex   1.250000e+01 -2.847055e+00 7.352333e+00
    endloop
  endfacet
  facet normal 6.984231e-17 9.963582e-01 8.526571e-02
    outer loop
      vertex   8.333333e+00 -2.847055e+00 7.352333e+00
      vertex   1.250000e+01 -2.847055e+00 7.352333e+00
      vertex   8.333333e+00 -2.829593e+00 7.148282e+00
    endloop
  endfacet
  facet normal -3.635096e-17 9.963582e-01 8.526571e-02
    outer loop
      vertex   8.333333e+00 -2.829593e+00 7.148282e+00
      vertex   1.250000e+01 -2.847055e+00 7.352333e+00
      vertex   1.250000e+01 -2.829593e+00 7.148282e+00
    endloop
  endfacet
  facet normal 7.278676e-18 9.998542e-01 -1.707304e-02
    outer loop
      vertex   8.333333e+00 -2.829593e+00 7.148282e+00
      vertex   1.250000e+01 -2.829593e+00 7.148282e+00
      vertex   8.333333e+00 -2.833090e+00 6.943515e+00
    endloop
  endfacet
  facet normal 3.639338e-18 9.998542e-01 -1.707304e-02
    outer loop
      vertex   8.333333e+00 -2.833090e+00 6.943515e+00
      vertex   1.250000e+01 -2.829593e+00 7.148282e+00
      vertex   1.250000e+01 -2.833090e+00 6.943515e+00
    endloop
  endfacet
  facet normal 2.541600e-17 9.928663e-01 -1.192328e-01
    outer loop
      vertex   8.333333e+00 -2.833090e+00 6.943515e+00
      vertex   1.250000e+01 -2.833090e+00 6.943515e+00
      vertex   8.333333e+00 -2.857508e+00 6.740179e+00
    endloop
  endfacet
  facet normal 2.541600e-17 9.928663e-01 -1.192328e-01
    outer loop
      vertex   8.333333e+00 -2.857508e+00 6.740179e+00
      vertex   1.250000e+01 -2.833090e+00 6.943515e+00
      vertex   1.250000e+01 -2.857508e+00 6.740179e+00
    endloop
  endfacet
  facet normal 4.692615e-17 9.754678e-01 -2.201423e-01
    outer loop
      vertex   8.333333e+00 -2.857508e+00 6.740179e+00
      vertex   1.250000e+01 -2.857508e+00 6.740179e+00
      vertex   8.333333e+00 -2.902593e+00 6.540406e+00
    endloop
  endfacet
  facet normal 9.385231e-17 9.754678e-01 -2.201423e-01
    outer loop
      vertex   8.333333e+00 -2.902593e+00 6.540406e+00
      vertex   1.250000e+01 -2.857508e+00 6.740179e+00
      vertex   1.250000e+01 -2.902593e+00 6.540406e+00
    endloop
  endfacet
  facet normal 1.358885e-16 9.478410e-01 -3.187435e-01
    outer loop
      vertex   8.333333e+00 -2.902593e+00 6.540406e+00
      vertex   1.250000e+01 -2.902593e+00 6.540406e+00
      vertex   8.333333e+00 -2.967870e+00 6.346292e+00
    endloop
  endfacet
  facet normal 3.048550e-16 9.478410e-01 -3.187435e-01
    outer loop
      vertex   8.333333e+00 -2.967870e+00 6.346292e+00
      vertex   1.250000e+01 -2.902593e+00 6.540406e+00
      vertex   1.250000e+01 -2.967870e+00 6.346292e+00
    endloop
  endfacet
  facet normal 3.617684e-16 9.102757e-01 -4.140026e-01
    outer loop
      vertex   8.333333e+00 -2.967870e+00 6.346292e+00
      vertex   1.250000e+01 -2.967870e+00 6.346292e+00
      vertex   8.333333e+00 -3.052657e+00 6.159870e+00
    endloop
  endfacet
  facet normal 8.824996e-17 9.102757e-01 -4.140026e-01
    outer loop
      vertex   8.333333e+00 -3.052657e+00 6.159870e+00
      vertex   1.250000e+01 -2.967870e+00 6.346292e+00
      vertex   1.250000e+01 -3.052657e+00 6.159870e+00
    endloop
  endfacet
  facet normal 1.076303e-16 8.631657e-01 -5.049207e-01
    outer loop
      vertex   8.333333e+00 -3.052657e+00 6.159870e+00
      vertex   1.250000e+01 -3.052657e+00 6.159870e+00
      vertex   8.333333e+00 -3.156063e+00 5.983096e+00
    endloop
  endfacet
  facet normal 1.076303e-16 8.631657e-01 -5.049207e-01
    outer loop
      vertex   8.333333e+00 -3.156063e+00 5.983096e+00
      vertex   1.250000e+01 -3.052657e+00 6.159870e+00
      vertex   1.250000e+01 -3.156063e+00 5.983096e+00
    endloop
  endfacet
  facet normal 1.258821e-16 8.070051e-01 -5.905444e-01
    outer loop
      vertex   8.333333e+00 -3.156063e+00 5.983096e+00
      vertex   1.250000e+01 -3.156063e+00 5.983096e+00
      vertex   8.333333e+00 -3.277005e+00 5.817824e+00
    endloop
  endfacet
  facet normal -3.337063e-16 6.177522e-01 7.863728e-01
    outer loop
      vertex   4.166667e+00 -3.514020e+00 8.587426e+00
      vertex   4.166667e+00 -3.675066e+00 8.713940e+00
      vertex   8.333333e+00 -3.675066e+00 8.713940e+00
    endloop
  endfacet
  facet normal -3.604259e-16 5.340958e-01 8.454240e-01
    outer loop
      vertex   8.333333e+00 -3.675066e+00 8.713940e+00
      vertex   4.166667e+00 -3.675066e+00 8.713940e+00
      vertex   8.333333e+00 -3.848207e+00 8.823321e+00
    endloop
  endfacet
  facet normal -3.352509e-16 6.177522e-01 7.863728e-01
    outer loop
      vertex   4.166667e+00 -3.514020e+00 8.587426e+00
      vertex   8.333333e+00 -3.675066e+00 8.713940e+00
      vertex   8.333333e+00 -3.514020e+00 8.587426e+00
    endloop
  endfacet
  facet normal -3.049387e-16 6.949313e-01 7.190762e-01
    outer loop
      vertex   4.166667e+00 -3.366755e+00 8.445106e+00
      vertex   4.166667e+00 -3.514020e+00 8.587426e+00
      vertex   8.333333e+00 -3.514020e+00 8.587426e+00
    endloop
  endfacet
  facet normal -0.000000e+00 6.949313e-01 7.190762e-01
    outer loop
      vertex   4.166667e+00 -3.366755e+00 8.445106e+00
      vertex   8.333333e+00 -3.514020e+00 8.587426e+00
      vertex   8.333333e+00 -3.366755e+00 8.445106e+00
    endloop
  endfacet
  facet normal 1.358070e-18 7.648236e-01 6.442397e-01
    outer loop
      vertex   4.166667e+00 -3.234817e+00 8.288473e+00
      vertex   4.166667e+00 -3.366755e+00 8.445106e+00
      vertex   8.333333e+00 -3.366755e+00 8.445106e+00
    endloop
  endfacet
  facet normal -0.000000e+00 7.648236e-01 6.442397e-01
    outer loop
      vertex   4.166667e+00 -3.234817e+00 8.288473e+00
      vertex   8.333333e+00 -3.366755e+00 8.445106e+00
      vertex   8.333333e+00 -3.234817e+00 8.288473e+00
    endloop
  endfacet
  facet normal 6.188686e-19 8.266965e-01 5.626481e-01
    outer loop
      vertex   4.166667e+00 -3.119588e+00 8.119168e+00
      vertex   4.166667e+00 -3.234817e+00 8.288473e+00
      vertex   8.333333e+00 -3.234817e+00 8.288473e+00
    endloop
  endfacet
  facet normal -2.398713e-16 8.266965e-01 5.626481e-01
    outer loop
      vertex   4.166667e+00 -3.119588e+00 8.119168e+00
      vertex   8.333333e+00 -3.234817e+00 8.288473e+00
      vertex   8.333333e+00 -3.119588e+00 8.119168e+00
    endloop
  endfacet
  facet normal -2.006213e-16 8.799011e-01 4.751569e-01
    outer loop
      vertex   4.166667e+00 -3.022278e+00 7.938967e+00
      vertex   4.166667e+00 -3.119588e+00 8.119168e+00
      vertex   8.333333e+00 -3.119588e+00 8.119168e+00
    endloop
  endfacet
  facet normal -2.025716e-16 8.799011e-01 4.751569e-01
    outer loop
      vertex   4.166667e+00 -3.022278e+00 7.938967e+00
      vertex   8.333333e+00 -3.119588e+00 8.119168e+00
      vertex   8.333333e+00 -3.022278e+00 7.938967e+00
    endloop
  endfacet
  facet normal -1.641438e-16 9.238795e-01 3.826834e-01
    outer loop
      vertex   4.166667e+00 -2.943905e+00 7.749759e+00
      vertex   4.166667e+00 -3.022278e+00 7.938967e+00
      vertex   8.333333e+00 -3.022278e+00 7.938967e+00
    endloop
  endfacet
  facet normal -8.157388e-17 9.238795e-01 3.826834e-01
    outer loop
      vertex   4.166667e+00 -2.943905e+00 7.749759e+00
      vertex   8.333333e+00 -3.022278e+00 7.938967e+00
      vertex   8.333333e+00 -2.943905e+00 7.749759e+00
    endloop
  endfacet
  facet normal -6.051064e-17 9.581707e-01 2.861974e-01
    outer loop
      vertex   4.166667e+00 -2.885293e+00 7.553529e+00
      vertex   4.166667e+00 -2.943905e+00 7.749759e+00
      vertex   8.333333e+00 -2.943905e+00 7.749759e+00
    endloop
  endfacet
  facet normal -6.100664e-17 9.581707e-01 2.861974e-01
    outer loop
      vertex   4.166667e+00 -2.885293e+00 7.553529e+00
      vertex   8.333333e+00 -2.943905e+00 7.749759e+00
      vertex   8.333333e+00 -2.885293e+00 7.553529e+00
    endloop
  endfacet
  facet normal -4.012978e-17 9.824150e-01 1.867104e-01
    outer loop
      vertex   4.166667e+00 -2.847055e+00 7.352333e+00
      vertex   4.166667e+00 -2.885293e+00 7.553529e+00
      vertex   8.333333e+00 -2.885293e+00 7.553529e+00
    endloop
  endfacet
  facet normal -7.959944e-17 9.824150e-01 1.867104e-01
    outer loop
      vertex   4.166667e+00 -2.847055e+00 7.352333e+00
      vertex   8.333333e+00 -2.885293e+00 7.553529e+00
      vertex   8.333333e+00 -2.847055e+00 7.352333e+00
    endloop
  endfacet
  facet normal -3.614801e-17 9.963582e-01 8.526571e-02
    outer loop
      vertex   4.166667e+00 -2.829593e+00 7.148282e+00
      vertex   4.166667e+00 -2.847055e+00 7.352333e+00
      vertex   8.333333e+00 -2.847055e+00 7.352333e+00
    endloop
  endfacet
  facet normal -2.305620e-16 9.963582e-01 8.526571e-02
    outer loop
      vertex   4.166667e+00 -2.829593e+00 7.148282e+00
      vertex   8.333333e+00 -2.847055e+00 7.352333e+00
      vertex   8.333333e+00 -2.829593e+00 7.148282e+00
    endloop
  endfacet
  facet normal -2.094389e-16 9.998542e-01 -1.707304e-02
    outer loop
      vertex   4.166667e+00 -2.833090e+00 6.943515e+00
      vertex   4.166667e+00 -2.829593e+00 7.148282e+00
      vertex   8.333333e+00 -2.829593e+00 7.148282e+00
    endloop
  endfacet
  facet normal 1.091801e-17 9.998542e-01 -1.707304e-02
    outer loop
      vertex   4.166667e+00 -2.833090e+00 6.943515e+00
      vertex   8.333333e+00 -2.829593e+00 7.148282e+00
      vertex   8.333333e+00 -2.833090e+00 6.943515e+00
    endloop
  endfacet
  facet normal 7.640701e-17 9.928663e-01 -1.192328e-01
    outer loop
      vertex   4.166667e+00 -2.857508e+00 6.740179e+00
      vertex   4.166667e+00 -2.833090e+00 6.943515e+00
      vertex   8.333333e+00 -2.833090e+00 6.943515e+00
    endloop
  endfacet
  facet normal 2.541600e-17 9.928663e-01 -1.192328e-01
    outer loop
      vertex   4.166667e+00 -2.857508e+00 6.740179e+00
      vertex   8.333333e+00 -2.833090e+00 6.943515e+00
      vertex   8.333333e+00 -2.857508e+00 6.740179e+00
    endloop
  endfacet
  facet normal 4.709701e-17 9.754678e-01 -2.201423e-01
    outer loop
      vertex   4.166667e+00 -2.902593e+00 6.540406e+00
      vertex   4.166667e+00 -2.857508e+00 6.740179e+00
      vertex   8.333333e+00 -2.857508e+00 6.740179e+00
    endloop
  endfacet
  facet normal 4.692615e-17 9.754678e-01 -2.201423e-01
    outer loop
      vertex   4.166667e+00 -2.902593e+00 6.540406e+00
      vertex   8.333333e+00 -2.857508e+00 6.740179e+00
      vertex   8.333333e+00 -2.902593e+00 6.540406e+00
    endloop
  endfacet
  facet normal 6.755152e-17 9.478410e-01 -3.187435e-01
    outer loop
      vertex   4.166667e+00 -2.967870e+00 6.346292e+00
      vertex   4.166667e+00 -2.902593e+00 6.540406e+00
      vertex   8.333333e+00 -2.902593e+00 6.540406e+00
    endloop
  endfacet
  facet normal -3.307796e-17 9.478410e-01 -3.187435e-01
    outer loop
      vertex   4.166667e+00 -2.967870e+00 6.346292e+00
      vertex   8.333333e+00 -2.902593e+00 6.540406e+00
      vertex   8.333333e+00 -2.967870e+00 6.346292e+00
    endloop
  endfacet
  facet normal -7.685991e-18 9.102757e-01 -4.140026e-01
    outer loop
      vertex   4.166667e+00 -3.052657e+00 6.159870e+00
      vertex   4.166667e+00 -2.967870e+00 6.346292e+00
      vertex   8.333333e+00 -2.967870e+00 6.346292e+00
    endloop
  endfacet
  facet normal 7.948146e-17 9.102757e-01 -4.140026e-01
    outer loop
      vertex   4.166667e+00 -3.052657e+00 6.159870e+00
      vertex   8.333333e+00 -2.967870e+00 6.346292e+00
      vertex   8.333333e+00 -3.052657e+00 6.159870e+00
    endloop
  endfacet
  facet normal 1.219872e-16 8.631657e-01 -5.049207e-01
    outer loop
      vertex   4.166667e+00 -3.156063e+00 5.983096e+00
      vertex   4.166667e+00 -3.052657e+00 6.159870e+00
      vertex   8.333333e+00 -3.052657e+00 6.159870e+00
    endloop
  endfacet
  facet normal 2.152606e-16 8.631657e-01 -5.049207e-01
    outer loop
      vertex   4.166667e+00 -3.156063e+00 5.983096e+00
      vertex   8.333333e+00 -3.052657e+00 6.159870e+00
      vertex   8.333333e+00 -3.156063e+00 5.983096e+00
    endloop
  endfacet
  facet normal 2.500413e-16 8.070051e-01 -5.905444e-01
    outer loop
      vertex   4.166667e+00 -3.277005e+00 5.817824e+00
      vertex   4.166667e+00 -3.156063e+00 5.983096e+00
      vertex   8.333333e+00 -3.156063e+00 5.983096e+00
    endloop
  endfacet
  facet normal 2.517642e-16 8.070051e-01 -5.905444e-01
    outer loop
      vertex   4.166667e+00 -3.277005e+00 5.817824e+00
      vertex   8.333333e+00 -3.156063e+00 5.983096e+00
      vertex   8.333333e+00 -3.277005e+00 5.817824e+00
    endloop
  endfacet
  facet normal 1.130467e-16 7.071068e-01 -7.071068e-01
    outer loop
      vertex   -9.693993e-16 -3.414214e+00 5.665786e+00
      vertex   2.500000e+01 -3.414214e+00 5.665786e+00
      vertex   0.000000e+00 -9.000000e+00 8.000000e-02
    endloop
  endfacet
  facet normal 1.256074e-16 7.071068e-01 -7.071068e-01
    outer loop
      vertex   0.000000e+00 -9.000000e+00 8.000000e-02
      vertex   2.500000e+01 -3.414214e+00 5.665786e+00
      vertex   2.500000e+01 -9.000000e+00 8.000000e-02
    endloop
  endfacet
  facet normal 0.000000e+00 -0.000000e+00 1.000000e+00
    outer loop
      vertex   2.500000e+01 -5.000000e+00 9.080000e+00
      vertex   2.500000e+01 -4.828427e+00 9.080000e+00
      vertex   1.830000e+01 -5.000000e+00 9.080000e+00
    endloop
  endfacet
  facet normal -2.842171e-16 1.109881e-14 1.000000e+00
    outer loop
      vertex   1.830000e+01 -5.000000e+00 9.080000e+00
      vertex   2.500000e+01 -4.828427e+00 9.080000e+00
      vertex   -3.330669e-15 -4.828427e+00 9.080000e+00
    endloop
  endfacet
  facet normal -4.594026e-16 -7.586518e-15 1.000000e+00
    outer loop
      vertex   1.830000e+01 -5.000000e+00 9.080000e+00
      vertex   -3.330669e-15 -4.828427e+00 9.080000e+00
      vertex   6.700000e+00 -5.000000e+00 9.080000e+00
    endloop
  endfacet
  facet normal 0.000000e+00 1.035337e-14 1.000000e+00
    outer loop
      vertex   6.700000e+00 -5.000000e+00 9.080000e+00
      vertex   -3.330669e-15 -4.828427e+00 9.080000e+00
      vertex   -3.330669e-15 -5.000000e+00 9.080000e+00
    endloop
  endfacet
  facet normal 0.000000e+00 0.000000e+00 1.000000e+00
    outer loop
      vertex   6.700000e+00 -2.500000e+01 9.080000e+00
      vertex   1.830000e+01 -2.500000e+01 9.080000e+00
      vertex   6.700000e+00 -5.000000e+00 9.080000e+00
    endloop
  endfacet
  facet normal -4.594026e-16 -2.664535e-16 1.000000e+00
    outer loop
      vertex   6.700000e+00 -5.000000e+00 9.080000e+00
      vertex   1.830000e+01 -2.500000e+01 9.080000e+00
      vertex   1.830000e+01 -5.000000e+00 9.080000e+00
    endloop
  endfacet
  facet normal -1.612682e-10 1.000000e+00 -1.715389e-25
    outer loop
      vertex   4.420000e+00 -2.316000e+01 -4.494190e-08
      vertex   4.420000e+00 -2.316000e+01 1.670000e+00
      vertex   1.366000e+01 -2.316000e+01 2.220446e-15
    endloop
  endfacet
  facet normal -1.612682e-10 1.000000e+00 0.000000e+00
    outer loop
      vertex   1.366000e+01 -2.316000e+01 2.220446e-15
      vertex   4.420000e+00 -2.316000e+01 1.670000e+00
      vertex   1.366000e+01 -2.316000e+01 1.670000e+00
    endloop
  endfacet
  facet normal -1.000000e+00 -0.000000e+00 0.000000e+00
    outer loop
      vertex   1.366000e+01 -9.215369e+00 1.534615e+00
      vertex   1.366000e+01 -9.900000e+00 1.420000e+00
      vertex   1.366000e+01 -9.219322e+00 1.551307e+00
    endloop
  endfacet
  facet normal -1.000000e+00 0.000000e+00 0.000000e+00
    outer loop
      vertex   1.366000e+01 -9.219322e+00 1.551307e+00
      vertex   1.366000e+01 -9.900000e+00 1.420000e+00
      vertex   1.366000e+01 -9.917365e+00 1.418481e+00
    endloop
  endfacet
  facet normal -1.000000e+00 -0.000000e+00 0.000000e+00
    outer loop
      vertex   1.366000e+01 -9.219322e+00 1.551307e+00
      vertex   1.366000e+01 -9.917365e+00 1.418481e+00
      vertex   1.366000e+01 -1.000000e+01 3.919588e+00
    endloop
  endfacet
  facet normal -1.000000e+00 0.000000e+00 0.000000e+00
    outer loop
      vertex   1.366000e+01 -1.000000e+01 3.919588e+00
      vertex   1.366000e+01 -9.917365e+00 1.418481e+00
      vertex   1.366000e+01 -9.934202e+00 1.413969e+00
    endloop
  endfacet
  facet normal -1.000000e+00 0.000000e+00 0.000000e+00
    outer loop
      vertex   1.366000e+01 -1.000000e+01 3.919588e+00
      vertex   1.366000e+01 -9.934202e+00 1.413969e+00
      vertex   1.366000e+01 -9.950000e+00 1.406603e+00
    endloop
  endfacet
  facet normal -1.000000e+00 0.000000e+00 -0.000000e+00
    outer loop
      vertex   1.366000e+01 -9.215369e+00 1.534615e+00
      vertex   1.366000e+01 -9.214327e+00 1.517493e+00
      vertex   1.366000e+01 -9.900000e+00 1.420000e+00
    endloop
  endfacet
  facet normal -1.000000e+00 0.000000e+00 0.000000e+00
    outer loop
      vertex   1.366000e+01 -9.900000e+00 1.420000e+00
      vertex   1.366000e+01 -9.214327e+00 1.517493e+00
      vertex   1.366000e+01 -9.216226e+00 1.500445e+00
    endloop
  endfacet
  facet normal -1.000000e+00 0.000000e+00 0.000000e+00
    outer loop
      vertex   1.366000e+01 -9.900000e+00 1.420000e+00
      vertex   1.366000e+01 -9.216226e+00 1.500445e+00
      vertex   1.366000e+01 -9.314296e+00 1.420000e+00
    endloop
  endfacet
  facet normal -1.000000e+00 0.000000e+00 0.000000e+00
    outer loop
      vertex   1.366000e+01 -9.314296e+00 1.420000e+00
      vertex   1.366000e+01 -9.216226e+00 1.500445e+00
      vertex   1.366000e+01 -9.221011e+00 1.483972e+00
    endloop
  endfacet
  facet normal -1.000000e+00 0.000000e+00 0.000000e+00
    outer loop
      vertex   1.366000e+01 -9.314296e+00 1.420000e+00
      vertex   1.366000e+01 -9.221011e+00 1.483972e+00
      vertex   1.366000e+01 -9.228541e+00 1.468560e+00
    endloop
  endfacet
  facet normal -1.000000e+00 0.000000e+00 0.000000e+00
    outer loop
      vertex   1.366000e+01 -9.228541e+00 1.468560e+00
      vertex   1.366000e+01 -9.238594e+00 1.454660e+00
      vertex   1.366000e+01 -9.314296e+00 1.420000e+00
    endloop
  endfacet
  facet normal -1.000000e+00 0.000000e+00 0.000000e+00
    outer loop
      vertex   1.366000e+01 -9.314296e+00 1.420000e+00
      vertex   1.366000e+01 -9.238594e+00 1.454660e+00
      vertex   1.366000e+01 -9.250874e+00 1.442684e+00
    endloop
  endfacet
  facet normal -1.000000e+00 0.000000e+00 0.000000e+00
    outer loop
      vertex   1.366000e+01 -9.314296e+00 1.420000e+00
      vertex   1.366000e+01 -9.250874e+00 1.442684e+00
      vertex   1.366000e+01 -9.265021e+00 1.432983e+00
    endloop
  endfacet
  facet normal -1.000000e+00 0.000000e+00 0.000000e+00
    outer loop
      vertex   1.366000e+01 -9.265021e+00 1.432983e+00
      vertex   1.366000e+01 -9.280618e+00 1.425842e+00
      vertex   1.366000e+01 -9.314296e+00 1.420000e+00
    endloop
  endfacet
  facet normal -1.000000e+00 0.000000e+00 0.000000e+00
    outer loop
      vertex   1.366000e+01 -9.314296e+00 1.420000e+00
      vertex   1.366000e+01 -9.280618e+00 1.425842e+00
      vertex   1.366000e+01 -9.297205e+00 1.421471e+00
    endloop
  endfacet
  facet normal -1.000000e+00 0.000000e+00 -0.000000e+00
    outer loop
      vertex   1.366000e+01 -1.000000e+01 3.919588e+00
      vertex   1.366000e+01 -9.950000e+00 1.406603e+00
      vertex   1.366000e+01 -2.321849e+01 1.830697e+00
    endloop
  endfacet
  facet normal -1.000000e+00 0.000000e+00 0.000000e+00
    outer loop
      vertex   1.366000e+01 -2.321849e+01 1.830697e+00
      vertex   1.366000e+01 -9.950000e+00 1.406603e+00
      vertex   1.366000e+01 -9.964279e+00 1.396604e+00
    endloop
  endfacet
  facet normal -1.000000e+00 0.000000e+00 0.000000e+00
    outer loop
      vertex   1.366000e+01 -2.321849e+01 1.830697e+00
      vertex   1.366000e+01 -9.964279e+00 1.396604e+00
      vertex   1.366000e+01 -2.319349e+01 1.795000e+00
    endloop
  endfacet
  facet normal -1.000000e+00 0.000000e+00 0.000000e+00
    outer loop
      vertex   1.366000e+01 -2.319349e+01 1.795000e+00
      vertex   1.366000e+01 -9.964279e+00 1.396604e+00
      vertex   1.366000e+01 -9.976604e+00 1.384279e+00
    endloop
  endfacet
  facet normal -1.000000e+00 0.000000e+00 0.000000e+00
    outer loop
      vertex   1.366000e+01 -2.319349e+01 1.795000e+00
      vertex   1.366000e+01 -9.976604e+00 1.384279e+00
      vertex   1.366000e+01 -2.317508e+01 1.755505e+00
    endloop
  endfacet
  facet normal -1.000000e+00 0.000000e+00 0.000000e+00
    outer loop
      vertex   1.366000e+01 -2.317508e+01 1.755505e+00
      vertex   1.366000e+01 -9.976604e+00 1.384279e+00
      vertex   1.366000e+01 -9.986603e+00 1.370000e+00
    endloop
  endfacet
  facet normal -1.000000e+00 0.000000e+00 0.000000e+00
    outer loop
      vertex   1.366000e+01 -2.317508e+01 1.755505e+00
      vertex   1.366000e+01 -9.986603e+00 1.370000e+00
      vertex   1.366000e+01 -2.316380e+01 1.713412e+00
    endloop
  endfacet
  facet normal -1.000000e+00 0.000000e+00 0.000000e+00
    outer loop
      vertex   1.366000e+01 -2.316380e+01 1.713412e+00
      vertex   1.366000e+01 -9.986603e+00 1.370000e+00
      vertex   1.366000e+01 -9.993969e+00 1.354202e+00
    endloop
  endfacet
  facet normal -1.000000e+00 0.000000e+00 0.000000e+00
    outer loop
      vertex   1.366000e+01 -2.316380e+01 1.713412e+00
      vertex   1.366000e+01 -9.993969e+00 1.354202e+00
      vertex   1.366000e+01 -2.316000e+01 1.670000e+00
    endloop
  endfacet
  facet normal -1.000000e+00 0.000000e+00 0.000000e+00
    outer loop
      vertex   1.366000e+01 -2.316000e+01 1.670000e+00
      vertex   1.366000e+01 -9.993969e+00 1.354202e+00
      vertex   1.366000e+01 -9.998481e+00 1.337365e+00
    endloop
  endfacet
  facet normal -1.000000e+00 0.000000e+00 0.000000e+00
    outer loop
      vertex   1.366000e+01 -2.316000e+01 1.670000e+00
      vertex   1.366000e+01 -9.998481e+00 1.337365e+00
      vertex   1.366000e+01 -1.000000e+01 1.320000e+00
    endloop
  endfacet
  facet normal -1.000000e+00 0.000000e+00 0.000000e+00
    outer loop
      vertex   1.366000e+01 -1.000000e+01 2.220446e-15
      vertex   1.366000e+01 -2.316000e+01 2.220446e-15
      vertex   1.366000e+01 -1.000000e+01 1.320000e+00
    endloop
  endfacet
  facet normal -1.000000e+00 -0.000000e+00 0.000000e+00
    outer loop
      vertex   1.366000e+01 -1.000000e+01 1.320000e+00
      vertex   1.366000e+01 -2.316000e+01 2.220446e-15
      vertex   1.366000e+01 -2.316000e+01 1.670000e+00
    endloop
  endfacet
  facet normal -1.000000e+00 0.000000e+00 0.000000e+00
    outer loop
      vertex   1.366000e+01 -2.321849e+01 1.830697e+00
      vertex   1.366000e+01 -2.324930e+01 1.861511e+00
      vertex   1.366000e+01 -1.000000e+01 3.919588e+00
    endloop
  endfacet
  facet normal -1.000000e+00 -0.000000e+00 0.000000e+00
    outer loop
      vertex   1.366000e+01 -1.000000e+01 3.919588e+00
      vertex   1.366000e+01 -2.324930e+01 1.861511e+00
      vertex   1.366000e+01 -2.316000e+01 3.919588e+00
    endloop
  endfacet
  facet normal -1.000000e+00 0.000000e+00 0.000000e+00
    outer loop
      vertex   1.366000e+01 -1.000000e+01 3.919588e+00
      vertex   1.366000e+01 -2.316000e+01 3.919588e+00
      vertex   1.366000e+01 -2.316000e+01 5.350000e+00
    endloop
  endfacet
  facet normal -1.000000e+00 0.000000e+00 0.000000e+00
    outer loop
      vertex   1.366000e+01 -2.324930e+01 1.861511e+00
      vertex   1.366000e+01 -2.328500e+01 1.886506e+00
      vertex   1.366000e+01 -2.316000e+01 3.919588e+00
    endloop
  endfacet
  facet normal -1.000000e+00 0.000000e+00 0.000000e+00
    outer loop
      vertex   1.366000e+01 -2.316000e+01 3.919588e+00
      vertex   1.366000e+01 -2.328500e+01 1.886506e+00
      vertex   1.366000e+01 -2.332449e+01 1.904923e+00
    endloop
  endfacet
  facet normal -1.000000e+00 0.000000e+00 0.000000e+00
    outer loop
      vertex   1.366000e+01 -2.316000e+01 3.919588e+00
      vertex   1.366000e+01 -2.332449e+01 1.904923e+00
      vertex   1.366000e+01 -2.336659e+01 1.916202e+00
    endloop
  endfacet
  facet normal -1.000000e+00 0.000000e+00 0.000000e+00
    outer loop
      vertex   1.366000e+01 -2.316000e+01 3.919588e+00
      vertex   1.366000e+01 -2.336659e+01 1.916202e+00
      vertex   1.366000e+01 -2.379277e+01 2.000000e+00
    endloop
  endfacet
  facet normal -1.000000e+00 0.000000e+00 0.000000e+00
    outer loop
      vertex   1.366000e+01 -2.379277e+01 2.000000e+00
      vertex   1.366000e+01 -2.336659e+01 1.916202e+00
      vertex   1.366000e+01 -2.341000e+01 1.920000e+00
    endloop
  endfacet
  facet normal -1.000000e+00 0.000000e+00 0.000000e+00
    outer loop
      vertex   1.366000e+01 -2.379277e+01 2.000000e+00
      vertex   1.366000e+01 -2.341000e+01 1.920000e+00
      vertex   1.366000e+01 -2.379277e+01 1.920000e+00
    endloop
  endfacet
  facet normal -1.000000e+00 0.000000e+00 0.000000e+00
    outer loop
      vertex   1.366000e+01 -2.316000e+01 5.350000e+00
      vertex   1.366000e+01 -1.000000e+01 5.350000e+00
      vertex   1.366000e+01 -1.000000e+01 3.919588e+00
    endloop
  endfacet
  facet normal 0.000000e+00 -1.000000e+00 0.000000e+00
    outer loop
      vertex   6.420000e+00 -1.000000e+01 1.320000e+00
      vertex   6.420000e+00 -1.000000e+01 0.000000e+00
      vertex   1.366000e+01 -1.000000e+01 1.320000e+00
    endloop
  endfacet
  facet normal 0.000000e+00 -1.000000e+00 -0.000000e+00
    outer loop
      vertex   1.366000e+01 -1.000000e+01 1.320000e+00
      vertex   6.420000e+00 -1.000000e+01 0.000000e+00
      vertex   1.366000e+01 -1.000000e+01 2.220446e-15
    endloop
  endfacet
  facet normal 1.000000e+00 -2.758318e-16 0.000000e+00
    outer loop
      vertex   6.420000e+00 -1.000000e+01 5.350000e+00
      vertex   6.420000e+00 -1.644000e+01 5.350000e+00
      vertex   6.420000e+00 -1.000000e+01 3.919588e+00
    endloop
  endfacet
  facet normal 1.000000e+00 -1.652094e-16 4.980440e-16
    outer loop
      vertex   6.420000e+00 -1.000000e+01 3.919588e+00
      vertex   6.420000e+00 -1.644000e+01 5.350000e+00
      vertex   6.420000e+00 -1.644000e+01 0.000000e+00
    endloop
  endfacet
  facet normal 1.000000e+00 1.374762e-16 7.224039e-19
    outer loop
      vertex   6.420000e+00 -1.000000e+01 3.919588e+00
      vertex   6.420000e+00 -1.644000e+01 0.000000e+00
      vertex   6.420000e+00 -9.986603e+00 1.370000e+00
    endloop
  endfacet
  facet normal 1.000000e+00 1.527509e-16 -7.122890e-17
    outer loop
      vertex   6.420000e+00 -9.986603e+00 1.370000e+00
      vertex   6.420000e+00 -1.644000e+01 0.000000e+00
      vertex   6.420000e+00 -9.993969e+00 1.354202e+00
    endloop
  endfacet
  facet normal 1.000000e+00 1.460058e-16 -3.912213e-17
    outer loop
      vertex   6.420000e+00 -9.993969e+00 1.354202e+00
      vertex   6.420000e+00 -1.644000e+01 0.000000e+00
      vertex   6.420000e+00 -9.998481e+00 1.337365e+00
    endloop
  endfacet
  facet normal 1.000000e+00 1.404342e-16 -1.228640e-17
    outer loop
      vertex   6.420000e+00 -9.998481e+00 1.337365e+00
      vertex   6.420000e+00 -1.644000e+01 0.000000e+00
      vertex   6.420000e+00 -1.000000e+01 1.320000e+00
    endloop
  endfacet
  facet normal 1.000000e+00 0.000000e+00 6.728624e-16
    outer loop
      vertex   6.420000e+00 -1.000000e+01 1.320000e+00
      vertex   6.420000e+00 -1.644000e+01 0.000000e+00
      vertex   6.420000e+00 -1.000000e+01 0.000000e+00
    endloop
  endfacet
  facet normal 1.000000e+00 0.000000e+00 -0.000000e+00
    outer loop
      vertex   6.420000e+00 -9.986603e+00 1.370000e+00
      vertex   6.420000e+00 -9.976604e+00 1.384279e+00
      vertex   6.420000e+00 -1.000000e+01 3.919588e+00
    endloop
  endfacet
  facet normal 1.000000e+00 0.000000e+00 0.000000e+00
    outer loop
      vertex   6.420000e+00 -1.000000e+01 3.919588e+00
      vertex   6.420000e+00 -9.976604e+00 1.384279e+00
      vertex   6.420000e+00 -9.964279e+00 1.396604e+00
    endloop
  endfacet
  facet normal 1.000000e+00 0.000000e+00 0.000000e+00
    outer loop
      vertex   6.420000e+00 -1.000000e+01 3.919588e+00
      vertex   6.420000e+00 -9.964279e+00 1.396604e+00
      vertex   6.420000e+00 -9.950000e+00 1.406603e+00
    endloop
  endfacet
  facet normal 1.000000e+00 0.000000e+00 -0.000000e+00
    outer loop
      vertex   6.420000e+00 -9.950000e+00 1.406603e+00
      vertex   6.420000e+00 -9.934202e+00 1.413969e+00
      vertex   6.420000e+00 -1.000000e+01 3.919588e+00
    endloop
  endfacet
  facet normal 1.000000e+00 0.000000e+00 0.000000e+00
    outer loop
      vertex   6.420000e+00 -1.000000e+01 3.919588e+00
      vertex   6.420000e+00 -9.934202e+00 1.413969e+00
      vertex   6.420000e+00 -9.917365e+00 1.418481e+00
    endloop
  endfacet
  facet normal 1.000000e+00 0.000000e+00 0.000000e+00
    outer loop
      vertex   6.420000e+00 -1.000000e+01 3.919588e+00
      vertex   6.420000e+00 -9.917365e+00 1.418481e+00
      vertex   6.420000e+00 -9.900000e+00 1.420000e+00
    endloop
  endfacet
  facet normal 1.000000e+00 0.000000e+00 0.000000e+00
    outer loop
      vertex   6.420000e+00 -1.000000e+01 3.919588e+00
      vertex   6.420000e+00 -9.900000e+00 1.420000e+00
      vertex   6.420000e+00 -9.219322e+00 1.551307e+00
    endloop
  endfacet
  facet normal 1.000000e+00 0.000000e+00 0.000000e+00
    outer loop
      vertex   6.420000e+00 -9.219322e+00 1.551307e+00
      vertex   6.420000e+00 -9.900000e+00 1.420000e+00
      vertex   6.420000e+00 -9.314296e+00 1.420000e+00
    endloop
  endfacet
  facet normal 1.000000e+00 0.000000e+00 0.000000e+00
    outer loop
      vertex   6.420000e+00 -9.219322e+00 1.551307e+00
      vertex   6.420000e+00 -9.314296e+00 1.420000e+00
      vertex   6.420000e+00 -9.215369e+00 1.534615e+00
    endloop
  endfacet
  facet normal 1.000000e+00 0.000000e+00 0.000000e+00
    outer loop
      vertex   6.420000e+00 -9.215369e+00 1.534615e+00
      vertex   6.420000e+00 -9.314296e+00 1.420000e+00
      vertex   6.420000e+00 -9.214327e+00 1.517493e+00
    endloop
  endfacet
  facet normal 1.000000e+00 0.000000e+00 0.000000e+00
    outer loop
      vertex   6.420000e+00 -9.214327e+00 1.517493e+00
      vertex   6.420000e+00 -9.314296e+00 1.420000e+00
      vertex   6.420000e+00 -9.216226e+00 1.500445e+00
    endloop
  endfacet
  facet normal 1.000000e+00 0.000000e+00 0.000000e+00
    outer loop
      vertex   6.420000e+00 -9.216226e+00 1.500445e+00
      vertex   6.420000e+00 -9.314296e+00 1.420000e+00
      vertex   6.420000e+00 -9.221011e+00 1.483972e+00
    endloop
  endfacet
  facet normal 1.000000e+00 0.000000e+00 0.000000e+00
    outer loop
      vertex   6.420000e+00 -9.221011e+00 1.483972e+00
      vertex   6.420000e+00 -9.314296e+00 1.420000e+00
      vertex   6.420000e+00 -9.228541e+00 1.468560e+00
    endloop
  endfacet
  facet normal 1.000000e+00 0.000000e+00 0.000000e+00
    outer loop
      vertex   6.420000e+00 -9.228541e+00 1.468560e+00
      vertex   6.420000e+00 -9.314296e+00 1.420000e+00
      vertex   6.420000e+00 -9.238594e+00 1.454660e+00
    endloop
  endfacet
  facet normal 1.000000e+00 0.000000e+00 0.000000e+00
    outer loop
      vertex   6.420000e+00 -9.238594e+00 1.454660e+00
      vertex   6.420000e+00 -9.314296e+00 1.420000e+00
      vertex   6.420000e+00 -9.250874e+00 1.442684e+00
    endloop
  endfacet
  facet normal 1.000000e+00 0.000000e+00 0.000000e+00
    outer loop
      vertex   6.420000e+00 -9.250874e+00 1.442684e+00
      vertex   6.420000e+00 -9.314296e+00 1.420000e+00
      vertex   6.420000e+00 -9.265021e+00 1.432983e+00
    endloop
  endfacet
  facet normal 1.000000e+00 0.000000e+00 0.000000e+00
    outer loop
      vertex   6.420000e+00 -9.265021e+00 1.432983e+00
      vertex   6.420000e+00 -9.314296e+00 1.420000e+00
      vertex   6.420000e+00 -9.280618e+00 1.425842e+00
    endloop
  endfacet
  facet normal 1.000000e+00 0.000000e+00 0.000000e+00
    outer loop
      vertex   6.420000e+00 -9.280618e+00 1.425842e+00
      vertex   6.420000e+00 -9.314296e+00 1.420000e+00
      vertex   6.420000e+00 -9.297205e+00 1.421471e+00
    endloop
  endfacet
  facet normal -0.000000e+00 -1.000000e+00 -0.000000e+00
    outer loop
      vertex   6.420000e+00 -1.644000e+01 5.350000e+00
      vertex   4.420000e+00 -1.644000e+01 5.350000e+00
      vertex   6.420000e+00 -1.644000e+01 0.000000e+00
    endloop
  endfacet
  facet normal 0.000000e+00 -1.000000e+00 0.000000e+00
    outer loop
      vertex   6.420000e+00 -1.644000e+01 0.000000e+00
      vertex   4.420000e+00 -1.644000e+01 5.350000e+00
      vertex   4.420000e+00 -1.644000e+01 0.000000e+00
    endloop
  endfacet
  facet normal 1.000000e+00 -7.113706e-24 1.063687e-15
    outer loop
      vertex   4.420000e+00 -2.316000e+01 -4.494190e-08
      vertex   4.420000e+00 -1.644000e+01 0.000000e+00
      vertex   4.420000e+00 -2.316000e+01 1.670000e+00
    endloop
  endfacet
  facet normal 1.000000e+00 -2.702138e-16 -2.364063e-17
    outer loop
      vertex   4.420000e+00 -2.316000e+01 1.670000e+00
      vertex   4.420000e+00 -1.644000e+01 0.000000e+00
      vertex   4.420000e+00 -2.316380e+01 1.713412e+00
    endloop
  endfacet
  facet normal 1.000000e+00 -2.835506e-16 -7.597716e-17
    outer loop
      vertex   4.420000e+00 -2.316380e+01 1.713412e+00
      vertex   4.420000e+00 -1.644000e+01 0.000000e+00
      vertex   4.420000e+00 -2.317508e+01 1.755505e+00
    endloop
  endfacet
  facet normal 1.000000e+00 -1.339314e-16 4.980440e-16
    outer loop
      vertex   4.420000e+00 -2.317508e+01 1.755505e+00
      vertex   4.420000e+00 -1.644000e+01 0.000000e+00
      vertex   4.420000e+00 -1.644000e+01 5.350000e+00
    endloop
  endfacet
  facet normal 1.000000e+00 1.055945e-16 4.923953e-17
    outer loop
      vertex   4.420000e+00 -2.317508e+01 1.755505e+00
      vertex   4.420000e+00 -1.644000e+01 5.350000e+00
      vertex   4.420000e+00 -2.319349e+01 1.795000e+00
    endloop
  endfacet
  facet normal 1.000000e+00 1.326144e-16 -2.090636e-18
    outer loop
      vertex   4.420000e+00 -2.319349e+01 1.795000e+00
      vertex   4.420000e+00 -1.644000e+01 5.350000e+00
      vertex   4.420000e+00 -2.316000e+01 3.919588e+00
    endloop
  endfacet
  facet normal 1.000000e+00 0.000000e+00 -0.000000e+00
    outer loop
      vertex   4.420000e+00 -2.319349e+01 1.795000e+00
      vertex   4.420000e+00 -2.316000e+01 3.919588e+00
      vertex   4.420000e+00 -2.321849e+01 1.830697e+00
    endloop
  endfacet
  facet normal 1.000000e+00 0.000000e+00 -0.000000e+00
    outer loop
      vertex   4.420000e+00 -2.321849e+01 1.830697e+00
      vertex   4.420000e+00 -2.316000e+01 3.919588e+00
      vertex   4.420000e+00 -2.324930e+01 1.861511e+00
    endloop
  endfacet
  facet normal 1.000000e+00 0.000000e+00 -0.000000e+00
    outer loop
      vertex   4.420000e+00 -2.324930e+01 1.861511e+00
      vertex   4.420000e+00 -2.316000e+01 3.919588e+00
      vertex   4.420000e+00 -2.328500e+01 1.886506e+00
    endloop
  endfacet
  facet normal 1.000000e+00 0.000000e+00 -0.000000e+00
    outer loop
      vertex   4.420000e+00 -2.328500e+01 1.886506e+00
      vertex   4.420000e+00 -2.316000e+01 3.919588e+00
      vertex   4.420000e+00 -2.332449e+01 1.904923e+00
    endloop
  endfacet
  facet normal 1.000000e+00 0.000000e+00 -0.000000e+00
    outer loop
      vertex   4.420000e+00 -2.332449e+01 1.904923e+00
      vertex   4.420000e+00 -2.316000e+01 3.919588e+00
      vertex   4.420000e+00 -2.336659e+01 1.916202e+00
    endloop
  endfacet
  facet normal 1.000000e+00 0.000000e+00 -0.000000e+00
    outer loop
      vertex   4.420000e+00 -2.336659e+01 1.916202e+00
      vertex   4.420000e+00 -2.316000e+01 3.919588e+00
      vertex   4.420000e+00 -2.341000e+01 1.920000e+00
    endloop
  endfacet
  facet normal 1.000000e+00 0.000000e+00 -0.000000e+00
    outer loop
      vertex   4.420000e+00 -2.341000e+01 1.920000e+00
      vertex   4.420000e+00 -2.316000e+01 3.919588e+00
      vertex   4.420000e+00 -2.379277e+01 2.000000e+00
    endloop
  endfacet
  facet normal 1.000000e+00 0.000000e+00 0.000000e+00
    outer loop
      vertex   4.420000e+00 -2.341000e+01 1.920000e+00
      vertex   4.420000e+00 -2.379277e+01 2.000000e+00
      vertex   4.420000e+00 -2.379277e+01 1.920000e+00
    endloop
  endfacet
  facet normal 1.000000e+00 -2.511219e-15 1.241850e-14
    outer loop
      vertex   4.420000e+00 -1.644000e+01 5.350000e+00
      vertex   4.420000e+00 -2.316000e+01 5.350000e+00
      vertex   4.420000e+00 -2.316000e+01 3.919588e+00
    endloop
  endfacet
  facet normal 0.000000e+00 -1.000000e+00 0.000000e+00
    outer loop
      vertex   -3.066436e-15 -2.500000e+01 9.080000e+00
      vertex   -5.251355e-16 -2.500000e+01 0.000000e+00
      vertex   6.700000e+00 -2.500000e+01 9.080000e+00
    endloop
  endfacet
  facet normal 0.000000e+00 -1.000000e+00 -0.000000e+00
    outer loop
      vertex   6.700000e+00 -2.500000e+01 9.080000e+00
      vertex   -5.251355e-16 -2.500000e+01 0.000000e+00
      vertex   2.500000e+01 -2.500000e+01 4.440892e-15
    endloop
  endfacet
  facet normal 0.000000e+00 -1.000000e+00 0.000000e+00
    outer loop
      vertex   6.700000e+00 -2.500000e+01 9.080000e+00
      vertex   2.500000e+01 -2.500000e+01 4.440892e-15
      vertex   1.830000e+01 -2.500000e+01 9.080000e+00
    endloop
  endfacet
  facet normal 0.000000e+00 -1.000000e+00 0.000000e+00
    outer loop
      vertex   1.830000e+01 -2.500000e+01 9.080000e+00
      vertex   2.500000e+01 -2.500000e+01 4.440892e-15
      vertex   2.500000e+01 -2.500000e+01 9.080000e+00
    endloop
  endfacet
  facet normal 0.000000e+00 1.000000e+00 -0.000000e+00
    outer loop
      vertex   2.500000e+01 -9.000000e+00 4.440892e-15
      vertex   0.000000e+00 -9.000000e+00 0.000000e+00
      vertex   2.500000e+01 -9.000000e+00 8.000000e-02
    endloop
  endfacet
  facet normal 0.000000e+00 1.000000e+00 0.000000e+00
    outer loop
      vertex   2.500000e+01 -9.000000e+00 8.000000e-02
      vertex   0.000000e+00 -9.000000e+00 0.000000e+00
      vertex   0.000000e+00 -9.000000e+00 8.000000e-02
    endloop
  endfacet
  facet normal -1.606546e-10 9.961947e-01 8.715573e-02
    outer loop
      vertex   4.420000e+00 -2.316000e+01 1.670000e+00
      vertex   9.040000e+00 -2.316380e+01 1.713412e+00
      vertex   1.366000e+01 -2.316000e+01 1.670000e+00
    endloop
  endfacet
  facet normal -4.158049e-17 9.961947e-01 8.715574e-02
    outer loop
      vertex   1.366000e+01 -2.316000e+01 1.670000e+00
      vertex   9.040000e+00 -2.316380e+01 1.713412e+00
      vertex   9.964000e+00 -2.316380e+01 1.713412e+00
    endloop
  endfacet
  facet normal -2.078937e-17 9.961947e-01 8.715574e-02
    outer loop
      vertex   1.366000e+01 -2.316000e+01 1.670000e+00
      vertex   9.964000e+00 -2.316380e+01 1.713412e+00
      vertex   1.088800e+01 -2.316380e+01 1.713412e+00
    endloop
  endfacet
  facet normal -6.219629e-17 9.659258e-01 2.588190e-01
    outer loop
      vertex   1.088800e+01 -2.316380e+01 1.713412e+00
      vertex   9.964000e+00 -2.316380e+01 1.713412e+00
      vertex   1.088800e+01 -2.317508e+01 1.755505e+00
    endloop
  endfacet
  facet normal -6.216295e-17 9.659258e-01 2.588190e-01
    outer loop
      vertex   1.088800e+01 -2.316380e+01 1.713412e+00
      vertex   1.088800e+01 -2.317508e+01 1.755505e+00
      vertex   1.181200e+01 -2.317508e+01 1.755505e+00
    endloop
  endfacet
  facet normal -1.015586e-16 9.063078e-01 4.226183e-01
    outer loop
      vertex   1.181200e+01 -2.317508e+01 1.755505e+00
      vertex   1.088800e+01 -2.317508e+01 1.755505e+00
      vertex   1.181200e+01 -2.319349e+01 1.795000e+00
    endloop
  endfacet
  facet normal -1.132536e-18 9.063078e-01 4.226183e-01
    outer loop
      vertex   1.181200e+01 -2.317508e+01 1.755505e+00
      vertex   1.181200e+01 -2.319349e+01 1.795000e+00
      vertex   1.273600e+01 -2.319349e+01 1.795000e+00
    endloop
  endfacet
  facet normal 0.000000e+00 8.191520e-01 5.735764e-01
    outer loop
      vertex   1.273600e+01 -2.319349e+01 1.795000e+00
      vertex   1.181200e+01 -2.319349e+01 1.795000e+00
      vertex   1.273600e+01 -2.321849e+01 1.830697e+00
    endloop
  endfacet
  facet normal 2.755466e-16 8.191520e-01 5.735764e-01
    outer loop
      vertex   1.273600e+01 -2.319349e+01 1.795000e+00
      vertex   1.273600e+01 -2.321849e+01 1.830697e+00
      vertex   1.366000e+01 -2.321849e+01 1.830697e+00
    endloop
  endfacet
  facet normal 3.398469e-16 7.071068e-01 7.071068e-01
    outer loop
      vertex   1.366000e+01 -2.321849e+01 1.830697e+00
      vertex   1.273600e+01 -2.321849e+01 1.830697e+00
      vertex   1.366000e+01 -2.324930e+01 1.861511e+00
    endloop
  endfacet
  facet normal 3.398469e-16 7.071068e-01 7.071068e-01
    outer loop
      vertex   1.366000e+01 -2.324930e+01 1.861511e+00
      vertex   1.273600e+01 -2.321849e+01 1.830697e+00
      vertex   1.273600e+01 -2.324930e+01 1.861511e+00
    endloop
  endfacet
  facet normal 3.936976e-16 5.735764e-01 8.191520e-01
    outer loop
      vertex   1.366000e+01 -2.324930e+01 1.861511e+00
      vertex   1.273600e+01 -2.324930e+01 1.861511e+00
      vertex   1.366000e+01 -2.328500e+01 1.886506e+00
    endloop
  endfacet
  facet normal -9.842440e-16 5.735764e-01 8.191520e-01
    outer loop
      vertex   1.366000e+01 -2.328500e+01 1.886506e+00
      vertex   1.273600e+01 -2.324930e+01 1.861511e+00
      vertex   1.273600e+01 -2.328500e+01 1.886506e+00
    endloop
  endfacet
  facet normal -1.088965e-15 4.226183e-01 9.063078e-01
    outer loop
      vertex   1.366000e+01 -2.328500e+01 1.886506e+00
      vertex   1.273600e+01 -2.328500e+01 1.886506e+00
      vertex   1.366000e+01 -2.332449e+01 1.904923e+00
    endloop
  endfacet
  facet normal 6.533791e-16 4.226183e-01 9.063078e-01
    outer loop
      vertex   1.366000e+01 -2.332449e+01 1.904923e+00
      vertex   1.273600e+01 -2.328500e+01 1.886506e+00
      vertex   1.273600e+01 -2.332449e+01 1.904923e+00
    endloop
  endfacet
  facet normal 6.963592e-16 2.588190e-01 9.659258e-01
    outer loop
      vertex   1.366000e+01 -2.332449e+01 1.904923e+00
      vertex   1.273600e+01 -2.332449e+01 1.904923e+00
      vertex   1.366000e+01 -2.336659e+01 1.916202e+00
    endloop
  endfacet
  facet normal 0.000000e+00 2.588190e-01 9.659258e-01
    outer loop
      vertex   1.366000e+01 -2.336659e+01 1.916202e+00
      vertex   1.273600e+01 -2.332449e+01 1.904923e+00
      vertex   1.273600e+01 -2.336659e+01 1.916202e+00
    endloop
  endfacet
  facet normal 0.000000e+00 8.715574e-02 9.961947e-01
    outer loop
      vertex   1.366000e+01 -2.336659e+01 1.916202e+00
      vertex   1.273600e+01 -2.336659e+01 1.916202e+00
      vertex   1.366000e+01 -2.341000e+01 1.920000e+00
    endloop
  endfacet
  facet normal -2.961208e-19 8.715574e-02 9.961947e-01
    outer loop
      vertex   1.366000e+01 -2.341000e+01 1.920000e+00
      vertex   1.273600e+01 -2.336659e+01 1.916202e+00
      vertex   1.181200e+01 -2.336659e+01 1.916202e+00
    endloop
  endfacet
  facet normal -2.396897e-16 8.715574e-02 9.961947e-01
    outer loop
      vertex   1.366000e+01 -2.341000e+01 1.920000e+00
      vertex   1.181200e+01 -2.336659e+01 1.916202e+00
      vertex   1.088800e+01 -2.336659e+01 1.916202e+00
    endloop
  endfacet
  facet normal -2.321197e-16 2.588190e-01 9.659258e-01
    outer loop
      vertex   1.088800e+01 -2.336659e+01 1.916202e+00
      vertex   1.181200e+01 -2.336659e+01 1.916202e+00
      vertex   1.088800e+01 -2.332449e+01 1.904923e+00
    endloop
  endfacet
  facet normal -2.323379e-16 2.588190e-01 9.659258e-01
    outer loop
      vertex   1.088800e+01 -2.336659e+01 1.916202e+00
      vertex   1.088800e+01 -2.332449e+01 1.904923e+00
      vertex   9.964000e+00 -2.332449e+01 1.904923e+00
    endloop
  endfacet
  facet normal -2.177930e-16 4.226183e-01 9.063078e-01
    outer loop
      vertex   9.964000e+00 -2.332449e+01 1.904923e+00
      vertex   1.088800e+01 -2.332449e+01 1.904923e+00
      vertex   9.964000e+00 -2.328500e+01 1.886506e+00
    endloop
  endfacet
  facet normal -2.182453e-16 4.226183e-01 9.063078e-01
    outer loop
      vertex   9.964000e+00 -2.332449e+01 1.904923e+00
      vertex   9.964000e+00 -2.328500e+01 1.886506e+00
      vertex   9.040000e+00 -2.328500e+01 1.886506e+00
    endloop
  endfacet
  facet normal -1.968488e-16 5.735764e-01 8.191520e-01
    outer loop
      vertex   9.040000e+00 -2.328500e+01 1.886506e+00
      vertex   9.964000e+00 -2.328500e+01 1.886506e+00
      vertex   9.040000e+00 -2.324930e+01 1.861511e+00
    endloop
  endfacet
  facet normal -1.030649e-18 5.735764e-01 8.191520e-01
    outer loop
      vertex   9.040000e+00 -2.328500e+01 1.886506e+00
      vertex   9.040000e+00 -2.324930e+01 1.861511e+00
      vertex   8.116000e+00 -2.324930e+01 1.861511e+00
    endloop
  endfacet
  facet normal -0.000000e+00 7.071068e-01 7.071068e-01
    outer loop
      vertex   8.116000e+00 -2.324930e+01 1.861511e+00
      vertex   9.040000e+00 -2.324930e+01 1.861511e+00
      vertex   8.116000e+00 -2.321849e+01 1.830697e+00
    endloop
  endfacet
  facet normal -1.695860e-16 7.071068e-01 7.071068e-01
    outer loop
      vertex   8.116000e+00 -2.324930e+01 1.861511e+00
      vertex   8.116000e+00 -2.321849e+01 1.830697e+00
      vertex   7.192000e+00 -2.321849e+01 1.830697e+00
    endloop
  endfacet
  facet normal -1.378350e-16 8.191520e-01 5.735764e-01
    outer loop
      vertex   7.192000e+00 -2.321849e+01 1.830697e+00
      vertex   8.116000e+00 -2.321849e+01 1.830697e+00
      vertex   7.192000e+00 -2.319349e+01 1.795000e+00
    endloop
  endfacet
  facet normal -2.763058e-16 8.191520e-01 5.735764e-01
    outer loop
      vertex   7.192000e+00 -2.321849e+01 1.830697e+00
      vertex   7.192000e+00 -2.319349e+01 1.795000e+00
      vertex   6.268000e+00 -2.319349e+01 1.795000e+00
    endloop
  endfacet
  facet normal -2.031171e-16 9.063078e-01 4.226183e-01
    outer loop
      vertex   6.268000e+00 -2.319349e+01 1.795000e+00
      vertex   7.192000e+00 -2.319349e+01 1.795000e+00
      vertex   6.268000e+00 -2.317508e+01 1.755505e+00
    endloop
  endfacet
  facet normal -1.026911e-16 9.063078e-01 4.226183e-01
    outer loop
      vertex   6.268000e+00 -2.319349e+01 1.795000e+00
      vertex   6.268000e+00 -2.317508e+01 1.755505e+00
      vertex   5.344000e+00 -2.317508e+01 1.755505e+00
    endloop
  endfacet
  facet normal -6.219629e-17 9.659258e-01 2.588190e-01
    outer loop
      vertex   5.344000e+00 -2.317508e+01 1.755505e+00
      vertex   6.268000e+00 -2.317508e+01 1.755505e+00
      vertex   5.344000e+00 -2.316380e+01 1.713412e+00
    endloop
  endfacet
  facet normal 5.661982e-19 9.659258e-01 2.588190e-01
    outer loop
      vertex   5.344000e+00 -2.317508e+01 1.755505e+00
      vertex   5.344000e+00 -2.316380e+01 1.713412e+00
      vertex   4.420000e+00 -2.316380e+01 1.713412e+00
    endloop
  endfacet
  facet normal -0.000000e+00 9.961947e-01 8.715571e-02
    outer loop
      vertex   4.420000e+00 -2.316380e+01 1.713412e+00
      vertex   5.344000e+00 -2.316380e+01 1.713412e+00
      vertex   4.420000e+00 -2.316000e+01 1.670000e+00
    endloop
  endfacet
  facet normal -2.107223e-17 9.961947e-01 8.715571e-02
    outer loop
      vertex   4.420000e+00 -2.316000e+01 1.670000e+00
      vertex   5.344000e+00 -2.316380e+01 1.713412e+00
      vertex   6.268000e+00 -2.316380e+01 1.713412e+00
    endloop
  endfacet
  facet normal -2.114878e-17 9.961947e-01 8.715571e-02
    outer loop
      vertex   4.420000e+00 -2.316000e+01 1.670000e+00
      vertex   6.268000e+00 -2.316380e+01 1.713412e+00
      vertex   7.192000e+00 -2.316380e+01 1.713412e+00
    endloop
  endfacet
  facet normal -6.219629e-17 9.659258e-01 2.588190e-01
    outer loop
      vertex   7.192000e+00 -2.316380e+01 1.713412e+00
      vertex   6.268000e+00 -2.316380e+01 1.713412e+00
      vertex   7.192000e+00 -2.317508e+01 1.755505e+00
    endloop
  endfacet
  facet normal -1.238264e-16 9.659258e-01 2.588190e-01
    outer loop
      vertex   7.192000e+00 -2.316380e+01 1.713412e+00
      vertex   7.192000e+00 -2.317508e+01 1.755505e+00
      vertex   8.116000e+00 -2.317508e+01 1.755505e+00
    endloop
  endfacet
  facet normal -2.031171e-16 9.063078e-01 4.226183e-01
    outer loop
      vertex   8.116000e+00 -2.317508e+01 1.755505e+00
      vertex   7.192000e+00 -2.317508e+01 1.755505e+00
      vertex   8.116000e+00 -2.319349e+01 1.795000e+00
    endloop
  endfacet
  facet normal -3.721861e-19 9.063078e-01 4.226183e-01
    outer loop
      vertex   8.116000e+00 -2.317508e+01 1.755505e+00
      vertex   8.116000e+00 -2.319349e+01 1.795000e+00
      vertex   9.040000e+00 -2.319349e+01 1.795000e+00
    endloop
  endfacet
  facet normal 0.000000e+00 8.191520e-01 5.735764e-01
    outer loop
      vertex   9.040000e+00 -2.319349e+01 1.795000e+00
      vertex   8.116000e+00 -2.319349e+01 1.795000e+00
      vertex   9.040000e+00 -2.321849e+01 1.830697e+00
    endloop
  endfacet
  facet normal -2.757935e-16 8.191520e-01 5.735764e-01
    outer loop
      vertex   9.040000e+00 -2.319349e+01 1.795000e+00
      vertex   9.040000e+00 -2.321849e+01 1.830697e+00
      vertex   9.964000e+00 -2.321849e+01 1.830697e+00
    endloop
  endfacet
  facet normal -3.398469e-16 7.071068e-01 7.071068e-01
    outer loop
      vertex   9.964000e+00 -2.321849e+01 1.830697e+00
      vertex   9.040000e+00 -2.321849e+01 1.830697e+00
      vertex   9.964000e+00 -2.324930e+01 1.861511e+00
    endloop
  endfacet
  facet normal -1.695860e-16 7.071068e-01 7.071068e-01
    outer loop
      vertex   9.964000e+00 -2.321849e+01 1.830697e+00
      vertex   9.964000e+00 -2.324930e+01 1.861511e+00
      vertex   1.088800e+01 -2.324930e+01 1.861511e+00
    endloop
  endfacet
  facet normal -1.968488e-16 5.735764e-01 8.191520e-01
    outer loop
      vertex   1.088800e+01 -2.324930e+01 1.861511e+00
      vertex   9.964000e+00 -2.324930e+01 1.861511e+00
      vertex   1.088800e+01 -2.328500e+01 1.886506e+00
    endloop
  endfacet
  facet normal -1.975907e-16 5.735764e-01 8.191520e-01
    outer loop
      vertex   1.088800e+01 -2.324930e+01 1.861511e+00
      vertex   1.088800e+01 -2.328500e+01 1.886506e+00
      vertex   1.181200e+01 -2.328500e+01 1.886506e+00
    endloop
  endfacet
  facet normal -2.177930e-16 4.226183e-01 9.063078e-01
    outer loop
      vertex   1.181200e+01 -2.328500e+01 1.886506e+00
      vertex   1.088800e+01 -2.328500e+01 1.886506e+00
      vertex   1.181200e+01 -2.332449e+01 1.904923e+00
    endloop
  endfacet
  facet normal -1.444994e-19 4.226183e-01 9.063078e-01
    outer loop
      vertex   1.181200e+01 -2.328500e+01 1.886506e+00
      vertex   1.181200e+01 -2.332449e+01 1.904923e+00
      vertex   1.273600e+01 -2.332449e+01 1.904923e+00
    endloop
  endfacet
  facet normal 0.000000e+00 2.588190e-01 9.659258e-01
    outer loop
      vertex   1.273600e+01 -2.332449e+01 1.904923e+00
      vertex   1.181200e+01 -2.332449e+01 1.904923e+00
      vertex   1.273600e+01 -2.336659e+01 1.916202e+00
    endloop
  endfacet
  facet normal 6.249606e-17 9.659258e-01 2.588190e-01
    outer loop
      vertex   4.420000e+00 -2.316380e+01 1.713412e+00
      vertex   4.420000e+00 -2.317508e+01 1.755505e+00
      vertex   5.344000e+00 -2.317508e+01 1.755505e+00
    endloop
  endfacet
  facet normal 1.015586e-16 9.063078e-01 4.226183e-01
    outer loop
      vertex   5.344000e+00 -2.317508e+01 1.755505e+00
      vertex   4.420000e+00 -2.317508e+01 1.755505e+00
      vertex   5.344000e+00 -2.319349e+01 1.795000e+00
    endloop
  endfacet
  facet normal -1.026911e-16 9.063078e-01 4.226183e-01
    outer loop
      vertex   5.344000e+00 -2.317508e+01 1.755505e+00
      vertex   5.344000e+00 -2.319349e+01 1.795000e+00
      vertex   6.268000e+00 -2.319349e+01 1.795000e+00
    endloop
  endfacet
  facet normal -1.378350e-16 8.191520e-01 5.735764e-01
    outer loop
      vertex   6.268000e+00 -2.319349e+01 1.795000e+00
      vertex   5.344000e+00 -2.319349e+01 1.795000e+00
      vertex   6.268000e+00 -2.321849e+01 1.830697e+00
    endloop
  endfacet
  facet normal -1.389830e-16 8.191520e-01 5.735764e-01
    outer loop
      vertex   6.268000e+00 -2.319349e+01 1.795000e+00
      vertex   6.268000e+00 -2.321849e+01 1.830697e+00
      vertex   7.192000e+00 -2.321849e+01 1.830697e+00
    endloop
  endfacet
  facet normal -1.699234e-16 7.071068e-01 7.071068e-01
    outer loop
      vertex   7.192000e+00 -2.321849e+01 1.830697e+00
      vertex   6.268000e+00 -2.321849e+01 1.830697e+00
      vertex   7.192000e+00 -2.324930e+01 1.861511e+00
    endloop
  endfacet
  facet normal -1.695860e-16 7.071068e-01 7.071068e-01
    outer loop
      vertex   7.192000e+00 -2.321849e+01 1.830697e+00
      vertex   7.192000e+00 -2.324930e+01 1.861511e+00
      vertex   8.116000e+00 -2.324930e+01 1.861511e+00
    endloop
  endfacet
  facet normal -1.968488e-16 5.735764e-01 8.191520e-01
    outer loop
      vertex   8.116000e+00 -2.324930e+01 1.861511e+00
      vertex   7.192000e+00 -2.324930e+01 1.861511e+00
      vertex   8.116000e+00 -2.328500e+01 1.886506e+00
    endloop
  endfacet
  facet normal -1.030649e-18 5.735764e-01 8.191520e-01
    outer loop
      vertex   8.116000e+00 -2.324930e+01 1.861511e+00
      vertex   8.116000e+00 -2.328500e+01 1.886506e+00
      vertex   9.040000e+00 -2.328500e+01 1.886506e+00
    endloop
  endfacet
  facet normal 0.000000e+00 4.226183e-01 9.063078e-01
    outer loop
      vertex   9.040000e+00 -2.328500e+01 1.886506e+00
      vertex   8.116000e+00 -2.328500e+01 1.886506e+00
      vertex   9.040000e+00 -2.332449e+01 1.904923e+00
    endloop
  endfacet
  facet normal -2.182453e-16 4.226183e-01 9.063078e-01
    outer loop
      vertex   9.040000e+00 -2.328500e+01 1.886506e+00
      vertex   9.040000e+00 -2.332449e+01 1.904923e+00
      vertex   9.964000e+00 -2.332449e+01 1.904923e+00
    endloop
  endfacet
  facet normal -2.321197e-16 2.588190e-01 9.659258e-01
    outer loop
      vertex   9.964000e+00 -2.332449e+01 1.904923e+00
      vertex   9.040000e+00 -2.332449e+01 1.904923e+00
      vertex   9.964000e+00 -2.336659e+01 1.916202e+00
    endloop
  endfacet
  facet normal -4.639017e-16 2.588190e-01 9.659258e-01
    outer loop
      vertex   9.964000e+00 -2.332449e+01 1.904923e+00
      vertex   9.964000e+00 -2.336659e+01 1.916202e+00
      vertex   1.088800e+01 -2.336659e+01 1.916202e+00
    endloop
  endfacet
  facet normal -4.787871e-16 8.715574e-02 9.961947e-01
    outer loop
      vertex   1.088800e+01 -2.336659e+01 1.916202e+00
      vertex   9.964000e+00 -2.336659e+01 1.916202e+00
      vertex   1.366000e+01 -2.341000e+01 1.920000e+00
    endloop
  endfacet
  facet normal -3.034644e-16 9.063078e-01 4.226183e-01
    outer loop
      vertex   4.420000e+00 -2.317508e+01 1.755505e+00
      vertex   4.420000e+00 -2.319349e+01 1.795000e+00
      vertex   5.344000e+00 -2.319349e+01 1.795000e+00
    endloop
  endfacet
  facet normal -4.135050e-16 8.191520e-01 5.735764e-01
    outer loop
      vertex   5.344000e+00 -2.319349e+01 1.795000e+00
      vertex   4.420000e+00 -2.319349e+01 1.795000e+00
      vertex   5.344000e+00 -2.321849e+01 1.830697e+00
    endloop
  endfacet
  facet normal -2.763058e-16 8.191520e-01 5.735764e-01
    outer loop
      vertex   5.344000e+00 -2.319349e+01 1.795000e+00
      vertex   5.344000e+00 -2.321849e+01 1.830697e+00
      vertex   6.268000e+00 -2.321849e+01 1.830697e+00
    endloop
  endfacet
  facet normal -3.398469e-16 7.071068e-01 7.071068e-01
    outer loop
      vertex   6.268000e+00 -2.321849e+01 1.830697e+00
      vertex   5.344000e+00 -2.321849e+01 1.830697e+00
      vertex   6.268000e+00 -2.324930e+01 1.861511e+00
    endloop
  endfacet
  facet normal -1.695860e-16 7.071068e-01 7.071068e-01
    outer loop
      vertex   6.268000e+00 -2.321849e+01 1.830697e+00
      vertex   6.268000e+00 -2.324930e+01 1.861511e+00
      vertex   7.192000e+00 -2.324930e+01 1.861511e+00
    endloop
  endfacet
  facet normal -1.968488e-16 5.735764e-01 8.191520e-01
    outer loop
      vertex   7.192000e+00 -2.324930e+01 1.861511e+00
      vertex   6.268000e+00 -2.324930e+01 1.861511e+00
      vertex   7.192000e+00 -2.328500e+01 1.886506e+00
    endloop
  endfacet
  facet normal -3.944395e-16 5.735764e-01 8.191520e-01
    outer loop
      vertex   7.192000e+00 -2.324930e+01 1.861511e+00
      vertex   7.192000e+00 -2.328500e+01 1.886506e+00
      vertex   8.116000e+00 -2.328500e+01 1.886506e+00
    endloop
  endfacet
  facet normal -4.355860e-16 4.226183e-01 9.063078e-01
    outer loop
      vertex   8.116000e+00 -2.328500e+01 1.886506e+00
      vertex   7.192000e+00 -2.328500e+01 1.886506e+00
      vertex   8.116000e+00 -2.332449e+01 1.904923e+00
    endloop
  endfacet
  facet normal -4.522999e-19 4.226183e-01 9.063078e-01
    outer loop
      vertex   8.116000e+00 -2.328500e+01 1.886506e+00
      vertex   8.116000e+00 -2.332449e+01 1.904923e+00
      vertex   9.040000e+00 -2.332449e+01 1.904923e+00
    endloop
  endfacet
  facet normal 0.000000e+00 2.588190e-01 9.659258e-01
    outer loop
      vertex   9.040000e+00 -2.332449e+01 1.904923e+00
      vertex   8.116000e+00 -2.332449e+01 1.904923e+00
      vertex   9.040000e+00 -2.336659e+01 1.916202e+00
    endloop
  endfacet
  facet normal -2.317820e-16 2.588190e-01 9.659258e-01
    outer loop
      vertex   9.040000e+00 -2.332449e+01 1.904923e+00
      vertex   9.040000e+00 -2.336659e+01 1.916202e+00
      vertex   9.964000e+00 -2.336659e+01 1.916202e+00
    endloop
  endfacet
  facet normal -2.393936e-16 8.715574e-02 9.961947e-01
    outer loop
      vertex   9.964000e+00 -2.336659e+01 1.916202e+00
      vertex   9.040000e+00 -2.336659e+01 1.916202e+00
      vertex   1.366000e+01 -2.341000e+01 1.920000e+00
    endloop
  endfacet
  facet normal -5.514635e-16 8.191520e-01 5.735764e-01
    outer loop
      vertex   4.420000e+00 -2.319349e+01 1.795000e+00
      vertex   4.420000e+00 -2.321849e+01 1.830697e+00
      vertex   5.344000e+00 -2.321849e+01 1.830697e+00
    endloop
  endfacet
  facet normal -6.796937e-16 7.071068e-01 7.071068e-01
    outer loop
      vertex   5.344000e+00 -2.321849e+01 1.830697e+00
      vertex   4.420000e+00 -2.321849e+01 1.830697e+00
      vertex   5.344000e+00 -2.324930e+01 1.861511e+00
    endloop
  endfacet
  facet normal -3.395094e-16 7.071068e-01 7.071068e-01
    outer loop
      vertex   5.344000e+00 -2.321849e+01 1.830697e+00
      vertex   5.344000e+00 -2.324930e+01 1.861511e+00
      vertex   6.268000e+00 -2.324930e+01 1.861511e+00
    endloop
  endfacet
  facet normal -3.936976e-16 5.735764e-01 8.191520e-01
    outer loop
      vertex   6.268000e+00 -2.324930e+01 1.861511e+00
      vertex   5.344000e+00 -2.324930e+01 1.861511e+00
      vertex   6.268000e+00 -2.328500e+01 1.886506e+00
    endloop
  endfacet
  facet normal -1.975907e-16 5.735764e-01 8.191520e-01
    outer loop
      vertex   6.268000e+00 -2.324930e+01 1.861511e+00
      vertex   6.268000e+00 -2.328500e+01 1.886506e+00
      vertex   7.192000e+00 -2.328500e+01 1.886506e+00
    endloop
  endfacet
  facet normal -2.177930e-16 4.226183e-01 9.063078e-01
    outer loop
      vertex   7.192000e+00 -2.328500e+01 1.886506e+00
      vertex   6.268000e+00 -2.328500e+01 1.886506e+00
      vertex   7.192000e+00 -2.332449e+01 1.904923e+00
    endloop
  endfacet
  facet normal -4.360383e-16 4.226183e-01 9.063078e-01
    outer loop
      vertex   7.192000e+00 -2.328500e+01 1.886506e+00
      vertex   7.192000e+00 -2.332449e+01 1.904923e+00
      vertex   8.116000e+00 -2.332449e+01 1.904923e+00
    endloop
  endfacet
  facet normal -4.642394e-16 2.588190e-01 9.659258e-01
    outer loop
      vertex   8.116000e+00 -2.332449e+01 1.904923e+00
      vertex   7.192000e+00 -2.332449e+01 1.904923e+00
      vertex   8.116000e+00 -2.336659e+01 1.916202e+00
    endloop
  endfacet
  facet normal 3.377155e-19 2.588190e-01 9.659258e-01
    outer loop
      vertex   8.116000e+00 -2.332449e+01 1.904923e+00
      vertex   8.116000e+00 -2.336659e+01 1.916202e+00
      vertex   9.040000e+00 -2.336659e+01 1.916202e+00
    endloop
  endfacet
  facet normal 0.000000e+00 8.715574e-02 9.961947e-01
    outer loop
      vertex   9.040000e+00 -2.336659e+01 1.916202e+00
      vertex   8.116000e+00 -2.336659e+01 1.916202e+00
      vertex   4.420000e+00 -2.341000e+01 1.920000e+00
    endloop
  endfacet
  facet normal 2.303918e-21 8.715574e-02 9.961947e-01
    outer loop
      vertex   9.040000e+00 -2.336659e+01 1.916202e+00
      vertex   4.420000e+00 -2.341000e+01 1.920000e+00
      vertex   1.366000e+01 -2.341000e+01 1.920000e+00
    endloop
  endfacet
  facet normal -6.793563e-16 7.071068e-01 7.071068e-01
    outer loop
      vertex   4.420000e+00 -2.321849e+01 1.830697e+00
      vertex   4.420000e+00 -2.324930e+01 1.861511e+00
      vertex   5.344000e+00 -2.324930e+01 1.861511e+00
    endloop
  endfacet
  facet normal -7.873952e-16 5.735764e-01 8.191520e-01
    outer loop
      vertex   5.344000e+00 -2.324930e+01 1.861511e+00
      vertex   4.420000e+00 -2.324930e+01 1.861511e+00
      vertex   5.344000e+00 -2.328500e+01 1.886506e+00
    endloop
  endfacet
  facet normal -1.978794e-16 5.735764e-01 8.191520e-01
    outer loop
      vertex   5.344000e+00 -2.324930e+01 1.861511e+00
      vertex   5.344000e+00 -2.328500e+01 1.886506e+00
      vertex   6.268000e+00 -2.328500e+01 1.886506e+00
    endloop
  endfacet
  facet normal -2.177930e-16 4.226183e-01 9.063078e-01
    outer loop
      vertex   6.268000e+00 -2.328500e+01 1.886506e+00
      vertex   5.344000e+00 -2.328500e+01 1.886506e+00
      vertex   6.268000e+00 -2.332449e+01 1.904923e+00
    endloop
  endfacet
  facet normal -2.182453e-16 4.226183e-01 9.063078e-01
    outer loop
      vertex   6.268000e+00 -2.328500e+01 1.886506e+00
      vertex   6.268000e+00 -2.332449e+01 1.904923e+00
      vertex   7.192000e+00 -2.332449e+01 1.904923e+00
    endloop
  endfacet
  facet normal -2.321197e-16 2.588190e-01 9.659258e-01
    outer loop
      vertex   7.192000e+00 -2.332449e+01 1.904923e+00
      vertex   6.268000e+00 -2.332449e+01 1.904923e+00
      vertex   7.192000e+00 -2.336659e+01 1.916202e+00
    endloop
  endfacet
  facet normal -2.323379e-16 2.588190e-01 9.659258e-01
    outer loop
      vertex   7.192000e+00 -2.332449e+01 1.904923e+00
      vertex   7.192000e+00 -2.336659e+01 1.916202e+00
      vertex   8.116000e+00 -2.336659e+01 1.916202e+00
    endloop
  endfacet
  facet normal -2.393936e-16 8.715574e-02 9.961947e-01
    outer loop
      vertex   8.116000e+00 -2.336659e+01 1.916202e+00
      vertex   7.192000e+00 -2.336659e+01 1.916202e+00
      vertex   4.420000e+00 -2.341000e+01 1.920000e+00
    endloop
  endfacet
  facet normal 3.936268e-16 5.735764e-01 8.191520e-01
    outer loop
      vertex   4.420000e+00 -2.324930e+01 1.861511e+00
      vertex   4.420000e+00 -2.328500e+01 1.886506e+00
      vertex   5.344000e+00 -2.328500e+01 1.886506e+00
    endloop
  endfacet
  facet normal 4.355860e-16 4.226183e-01 9.063078e-01
    outer loop
      vertex   5.344000e+00 -2.328500e+01 1.886506e+00
      vertex   4.420000e+00 -2.328500e+01 1.886506e+00
      vertex   5.344000e+00 -2.332449e+01 1.904923e+00
    endloop
  endfacet
  facet normal -2.182453e-16 4.226183e-01 9.063078e-01
    outer loop
      vertex   5.344000e+00 -2.328500e+01 1.886506e+00
      vertex   5.344000e+00 -2.332449e+01 1.904923e+00
      vertex   6.268000e+00 -2.332449e+01 1.904923e+00
    endloop
  endfacet
  facet normal -2.321197e-16 2.588190e-01 9.659258e-01
    outer loop
      vertex   6.268000e+00 -2.332449e+01 1.904923e+00
      vertex   5.344000e+00 -2.332449e+01 1.904923e+00
      vertex   6.268000e+00 -2.336659e+01 1.916202e+00
    endloop
  endfacet
  facet normal -4.639017e-16 2.588190e-01 9.659258e-01
    outer loop
      vertex   6.268000e+00 -2.332449e+01 1.904923e+00
      vertex   6.268000e+00 -2.336659e+01 1.916202e+00
      vertex   7.192000e+00 -2.336659e+01 1.916202e+00
    endloop
  endfacet
  facet normal -4.787871e-16 8.715574e-02 9.961947e-01
    outer loop
      vertex   7.192000e+00 -2.336659e+01 1.916202e+00
      vertex   6.268000e+00 -2.336659e+01 1.916202e+00
      vertex   4.420000e+00 -2.341000e+01 1.920000e+00
    endloop
  endfacet
  facet normal -1.088879e-15 4.226183e-01 9.063078e-01
    outer loop
      vertex   4.420000e+00 -2.328500e+01 1.886506e+00
      vertex   4.420000e+00 -2.332449e+01 1.904923e+00
      vertex   5.344000e+00 -2.332449e+01 1.904923e+00
    endloop
  endfacet
  facet normal -1.160599e-15 2.588190e-01 9.659258e-01
    outer loop
      vertex   5.344000e+00 -2.332449e+01 1.904923e+00
      vertex   4.420000e+00 -2.332449e+01 1.904923e+00
      vertex   5.344000e+00 -2.336659e+01 1.916202e+00
    endloop
  endfacet
  facet normal -2.317820e-16 2.588190e-01 9.659258e-01
    outer loop
      vertex   5.344000e+00 -2.332449e+01 1.904923e+00
      vertex   5.344000e+00 -2.336659e+01 1.916202e+00
      vertex   6.268000e+00 -2.336659e+01 1.916202e+00
    endloop
  endfacet
  facet normal -2.393936e-16 8.715574e-02 9.961947e-01
    outer loop
      vertex   6.268000e+00 -2.336659e+01 1.916202e+00
      vertex   5.344000e+00 -2.336659e+01 1.916202e+00
      vertex   4.420000e+00 -2.341000e+01 1.920000e+00
    endloop
  endfacet
  facet normal -2.326592e-16 2.588190e-01 9.659258e-01
    outer loop
      vertex   4.420000e+00 -2.332449e+01 1.904923e+00
      vertex   4.420000e+00 -2.336659e+01 1.916202e+00
      vertex   5.344000e+00 -2.336659e+01 1.916202e+00
    endloop
  endfacet
  facet normal -2.393936e-16 8.715574e-02 9.961947e-01
    outer loop
      vertex   5.344000e+00 -2.336659e+01 1.916202e+00
      vertex   4.420000e+00 -2.336659e+01 1.916202e+00
      vertex   4.420000e+00 -2.341000e+01 1.920000e+00
    endloop
  endfacet
  facet normal 2.755466e-16 8.191520e-01 5.735764e-01
    outer loop
      vertex   1.366000e+01 -2.321849e+01 1.830697e+00
      vertex   1.366000e+01 -2.319349e+01 1.795000e+00
      vertex   1.273600e+01 -2.319349e+01 1.795000e+00
    endloop
  endfacet
  facet normal 2.031171e-16 9.063078e-01 4.226183e-01
    outer loop
      vertex   1.273600e+01 -2.319349e+01 1.795000e+00
      vertex   1.366000e+01 -2.319349e+01 1.795000e+00
      vertex   1.273600e+01 -2.317508e+01 1.755505e+00
    endloop
  endfacet
  facet normal -1.132536e-18 9.063078e-01 4.226183e-01
    outer loop
      vertex   1.273600e+01 -2.319349e+01 1.795000e+00
      vertex   1.273600e+01 -2.317508e+01 1.755505e+00
      vertex   1.181200e+01 -2.317508e+01 1.755505e+00
    endloop
  endfacet
  facet normal -0.000000e+00 9.659258e-01 2.588190e-01
    outer loop
      vertex   1.181200e+01 -2.317508e+01 1.755505e+00
      vertex   1.273600e+01 -2.317508e+01 1.755505e+00
      vertex   1.181200e+01 -2.316380e+01 1.713412e+00
    endloop
  endfacet
  facet normal -1.860227e-16 9.659258e-01 2.588190e-01
    outer loop
      vertex   1.181200e+01 -2.317508e+01 1.755505e+00
      vertex   1.181200e+01 -2.316380e+01 1.713412e+00
      vertex   1.088800e+01 -2.316380e+01 1.713412e+00
    endloop
  endfacet
  facet normal -6.283267e-17 9.961947e-01 8.715574e-02
    outer loop
      vertex   1.088800e+01 -2.316380e+01 1.713412e+00
      vertex   1.181200e+01 -2.316380e+01 1.713412e+00
      vertex   1.366000e+01 -2.316000e+01 1.670000e+00
    endloop
  endfacet
  facet normal -2.019058e-16 9.063078e-01 4.226183e-01
    outer loop
      vertex   1.366000e+01 -2.319349e+01 1.795000e+00
      vertex   1.366000e+01 -2.317508e+01 1.755505e+00
      vertex   1.273600e+01 -2.317508e+01 1.755505e+00
    endloop
  endfacet
  facet normal -1.243926e-16 9.659258e-01 2.588190e-01
    outer loop
      vertex   1.273600e+01 -2.317508e+01 1.755505e+00
      vertex   1.366000e+01 -2.317508e+01 1.755505e+00
      vertex   1.273600e+01 -2.316380e+01 1.713412e+00
    endloop
  endfacet
  facet normal 5.661982e-19 9.659258e-01 2.588190e-01
    outer loop
      vertex   1.273600e+01 -2.317508e+01 1.755505e+00
      vertex   1.273600e+01 -2.316380e+01 1.713412e+00
      vertex   1.181200e+01 -2.316380e+01 1.713412e+00
    endloop
  endfacet
  facet normal -0.000000e+00 9.961947e-01 8.715574e-02
    outer loop
      vertex   1.181200e+01 -2.316380e+01 1.713412e+00
      vertex   1.273600e+01 -2.316380e+01 1.713412e+00
      vertex   1.366000e+01 -2.316000e+01 1.670000e+00
    endloop
  endfacet
  facet normal -6.189652e-17 9.659258e-01 2.588190e-01
    outer loop
      vertex   1.366000e+01 -2.317508e+01 1.755505e+00
      vertex   1.366000e+01 -2.316380e+01 1.713412e+00
      vertex   1.273600e+01 -2.316380e+01 1.713412e+00
    endloop
  endfacet
  facet normal -2.094422e-17 9.961947e-01 8.715574e-02
    outer loop
      vertex   1.273600e+01 -2.316380e+01 1.713412e+00
      vertex   1.366000e+01 -2.316380e+01 1.713412e+00
      vertex   1.366000e+01 -2.316000e+01 1.670000e+00
    endloop
  endfacet
  facet normal -6.219629e-17 9.659258e-01 2.588190e-01
    outer loop
      vertex   7.192000e+00 -2.317508e+01 1.755505e+00
      vertex   6.268000e+00 -2.316380e+01 1.713412e+00
      vertex   6.268000e+00 -2.317508e+01 1.755505e+00
    endloop
  endfacet
  facet normal -6.163009e-17 9.659258e-01 2.588190e-01
    outer loop
      vertex   6.268000e+00 -2.317508e+01 1.755505e+00
      vertex   6.268000e+00 -2.316380e+01 1.713412e+00
      vertex   5.344000e+00 -2.316380e+01 1.713412e+00
    endloop
  endfacet
  facet normal 0.000000e+00 9.961947e-01 8.715571e-02
    outer loop
      vertex   9.040000e+00 -2.316380e+01 1.713412e+00
      vertex   4.420000e+00 -2.316000e+01 1.670000e+00
      vertex   8.116000e+00 -2.316380e+01 1.713412e+00
    endloop
  endfacet
  facet normal -2.094422e-17 9.961947e-01 8.715571e-02
    outer loop
      vertex   8.116000e+00 -2.316380e+01 1.713412e+00
      vertex   4.420000e+00 -2.316000e+01 1.670000e+00
      vertex   7.192000e+00 -2.316380e+01 1.713412e+00
    endloop
  endfacet
  facet normal -6.219629e-17 9.659258e-01 2.588190e-01
    outer loop
      vertex   8.116000e+00 -2.316380e+01 1.713412e+00
      vertex   7.192000e+00 -2.316380e+01 1.713412e+00
      vertex   8.116000e+00 -2.317508e+01 1.755505e+00
    endloop
  endfacet
  facet normal 0.000000e+00 9.659258e-01 2.588190e-01
    outer loop
      vertex   9.040000e+00 -2.316380e+01 1.713412e+00
      vertex   8.116000e+00 -2.316380e+01 1.713412e+00
      vertex   9.040000e+00 -2.317508e+01 1.755505e+00
    endloop
  endfacet
  facet normal 0.000000e+00 9.659258e-01 2.588190e-01
    outer loop
      vertex   9.040000e+00 -2.317508e+01 1.755505e+00
      vertex   8.116000e+00 -2.316380e+01 1.713412e+00
      vertex   8.116000e+00 -2.317508e+01 1.755505e+00
    endloop
  endfacet
  facet normal 0.000000e+00 9.063078e-01 4.226183e-01
    outer loop
      vertex   9.040000e+00 -2.317508e+01 1.755505e+00
      vertex   8.116000e+00 -2.317508e+01 1.755505e+00
      vertex   9.040000e+00 -2.319349e+01 1.795000e+00
    endloop
  endfacet
  facet normal -1.243926e-16 9.659258e-01 2.588190e-01
    outer loop
      vertex   9.964000e+00 -2.316380e+01 1.713412e+00
      vertex   9.040000e+00 -2.316380e+01 1.713412e+00
      vertex   9.964000e+00 -2.317508e+01 1.755505e+00
    endloop
  endfacet
  facet normal -6.219629e-17 9.659258e-01 2.588190e-01
    outer loop
      vertex   9.964000e+00 -2.317508e+01 1.755505e+00
      vertex   9.040000e+00 -2.316380e+01 1.713412e+00
      vertex   9.040000e+00 -2.317508e+01 1.755505e+00
    endloop
  endfacet
  facet normal -1.015586e-16 9.063078e-01 4.226183e-01
    outer loop
      vertex   9.964000e+00 -2.317508e+01 1.755505e+00
      vertex   9.040000e+00 -2.317508e+01 1.755505e+00
      vertex   9.964000e+00 -2.319349e+01 1.795000e+00
    endloop
  endfacet
  facet normal -1.015586e-16 9.063078e-01 4.226183e-01
    outer loop
      vertex   9.964000e+00 -2.319349e+01 1.795000e+00
      vertex   9.040000e+00 -2.317508e+01 1.755505e+00
      vertex   9.040000e+00 -2.319349e+01 1.795000e+00
    endloop
  endfacet
  facet normal -1.378350e-16 8.191520e-01 5.735764e-01
    outer loop
      vertex   9.964000e+00 -2.319349e+01 1.795000e+00
      vertex   9.040000e+00 -2.319349e+01 1.795000e+00
      vertex   9.964000e+00 -2.321849e+01 1.830697e+00
    endloop
  endfacet
  facet normal -2.031171e-16 9.063078e-01 4.226183e-01
    outer loop
      vertex   8.116000e+00 -2.319349e+01 1.795000e+00
      vertex   7.192000e+00 -2.317508e+01 1.755505e+00
      vertex   7.192000e+00 -2.319349e+01 1.795000e+00
    endloop
  endfacet
  facet normal -1.019307e-16 9.063078e-01 4.226183e-01
    outer loop
      vertex   7.192000e+00 -2.319349e+01 1.795000e+00
      vertex   7.192000e+00 -2.317508e+01 1.755505e+00
      vertex   6.268000e+00 -2.317508e+01 1.755505e+00
    endloop
  endfacet
  facet normal -1.860227e-16 9.659258e-01 2.588190e-01
    outer loop
      vertex   9.964000e+00 -2.316380e+01 1.713412e+00
      vertex   9.964000e+00 -2.317508e+01 1.755505e+00
      vertex   1.088800e+01 -2.317508e+01 1.755505e+00
    endloop
  endfacet
  facet normal -3.046757e-16 9.063078e-01 4.226183e-01
    outer loop
      vertex   1.088800e+01 -2.317508e+01 1.755505e+00
      vertex   9.964000e+00 -2.317508e+01 1.755505e+00
      vertex   1.088800e+01 -2.319349e+01 1.795000e+00
    endloop
  endfacet
  facet normal -2.023174e-16 9.063078e-01 4.226183e-01
    outer loop
      vertex   1.088800e+01 -2.317508e+01 1.755505e+00
      vertex   1.088800e+01 -2.319349e+01 1.795000e+00
      vertex   1.181200e+01 -2.319349e+01 1.795000e+00
    endloop
  endfacet
  facet normal -2.756700e-16 8.191520e-01 5.735764e-01
    outer loop
      vertex   1.181200e+01 -2.319349e+01 1.795000e+00
      vertex   1.088800e+01 -2.319349e+01 1.795000e+00
      vertex   1.181200e+01 -2.321849e+01 1.830697e+00
    endloop
  endfacet
  facet normal -1.234748e-19 8.191520e-01 5.735764e-01
    outer loop
      vertex   1.181200e+01 -2.319349e+01 1.795000e+00
      vertex   1.181200e+01 -2.321849e+01 1.830697e+00
      vertex   1.273600e+01 -2.321849e+01 1.830697e+00
    endloop
  endfacet
  facet normal 0.000000e+00 7.071068e-01 7.071068e-01
    outer loop
      vertex   1.273600e+01 -2.321849e+01 1.830697e+00
      vertex   1.181200e+01 -2.321849e+01 1.830697e+00
      vertex   1.273600e+01 -2.324930e+01 1.861511e+00
    endloop
  endfacet
  facet normal -1.015586e-16 9.063078e-01 4.226183e-01
    outer loop
      vertex   1.088800e+01 -2.319349e+01 1.795000e+00
      vertex   9.964000e+00 -2.317508e+01 1.755505e+00
      vertex   9.964000e+00 -2.319349e+01 1.795000e+00
    endloop
  endfacet
  facet normal 0.000000e+00 8.191520e-01 5.735764e-01
    outer loop
      vertex   9.040000e+00 -2.321849e+01 1.830697e+00
      vertex   8.116000e+00 -2.319349e+01 1.795000e+00
      vertex   8.116000e+00 -2.321849e+01 1.830697e+00
    endloop
  endfacet
  facet normal -2.757935e-16 8.191520e-01 5.735764e-01
    outer loop
      vertex   8.116000e+00 -2.321849e+01 1.830697e+00
      vertex   8.116000e+00 -2.319349e+01 1.795000e+00
      vertex   7.192000e+00 -2.319349e+01 1.795000e+00
    endloop
  endfacet
  facet normal -1.378350e-16 8.191520e-01 5.735764e-01
    outer loop
      vertex   1.088800e+01 -2.319349e+01 1.795000e+00
      vertex   9.964000e+00 -2.319349e+01 1.795000e+00
      vertex   1.088800e+01 -2.321849e+01 1.830697e+00
    endloop
  endfacet
  facet normal -1.378350e-16 8.191520e-01 5.735764e-01
    outer loop
      vertex   1.088800e+01 -2.321849e+01 1.830697e+00
      vertex   9.964000e+00 -2.319349e+01 1.795000e+00
      vertex   9.964000e+00 -2.321849e+01 1.830697e+00
    endloop
  endfacet
  facet normal -1.699234e-16 7.071068e-01 7.071068e-01
    outer loop
      vertex   1.088800e+01 -2.321849e+01 1.830697e+00
      vertex   9.964000e+00 -2.321849e+01 1.830697e+00
      vertex   1.088800e+01 -2.324930e+01 1.861511e+00
    endloop
  endfacet
  facet normal -3.398469e-16 7.071068e-01 7.071068e-01
    outer loop
      vertex   9.964000e+00 -2.324930e+01 1.861511e+00
      vertex   9.040000e+00 -2.321849e+01 1.830697e+00
      vertex   9.040000e+00 -2.324930e+01 1.861511e+00
    endloop
  endfacet
  facet normal 3.374190e-19 7.071068e-01 7.071068e-01
    outer loop
      vertex   9.040000e+00 -2.324930e+01 1.861511e+00
      vertex   9.040000e+00 -2.321849e+01 1.830697e+00
      vertex   8.116000e+00 -2.321849e+01 1.830697e+00
    endloop
  endfacet
  facet normal -1.384708e-16 8.191520e-01 5.735764e-01
    outer loop
      vertex   1.088800e+01 -2.319349e+01 1.795000e+00
      vertex   1.088800e+01 -2.321849e+01 1.830697e+00
      vertex   1.181200e+01 -2.321849e+01 1.830697e+00
    endloop
  endfacet
  facet normal -1.699234e-16 7.071068e-01 7.071068e-01
    outer loop
      vertex   1.181200e+01 -2.321849e+01 1.830697e+00
      vertex   1.088800e+01 -2.321849e+01 1.830697e+00
      vertex   1.181200e+01 -2.324930e+01 1.861511e+00
    endloop
  endfacet
  facet normal 3.374190e-19 7.071068e-01 7.071068e-01
    outer loop
      vertex   1.181200e+01 -2.321849e+01 1.830697e+00
      vertex   1.181200e+01 -2.324930e+01 1.861511e+00
      vertex   1.273600e+01 -2.324930e+01 1.861511e+00
    endloop
  endfacet
  facet normal 0.000000e+00 5.735764e-01 8.191520e-01
    outer loop
      vertex   1.273600e+01 -2.324930e+01 1.861511e+00
      vertex   1.181200e+01 -2.324930e+01 1.861511e+00
      vertex   1.273600e+01 -2.328500e+01 1.886506e+00
    endloop
  endfacet
  facet normal -1.699234e-16 7.071068e-01 7.071068e-01
    outer loop
      vertex   1.181200e+01 -2.324930e+01 1.861511e+00
      vertex   1.088800e+01 -2.321849e+01 1.830697e+00
      vertex   1.088800e+01 -2.324930e+01 1.861511e+00
    endloop
  endfacet
  facet normal -1.968488e-16 5.735764e-01 8.191520e-01
    outer loop
      vertex   1.088800e+01 -2.328500e+01 1.886506e+00
      vertex   9.964000e+00 -2.324930e+01 1.861511e+00
      vertex   9.964000e+00 -2.328500e+01 1.886506e+00
    endloop
  endfacet
  facet normal -3.944395e-16 5.735764e-01 8.191520e-01
    outer loop
      vertex   9.964000e+00 -2.328500e+01 1.886506e+00
      vertex   9.964000e+00 -2.324930e+01 1.861511e+00
      vertex   9.040000e+00 -2.324930e+01 1.861511e+00
    endloop
  endfacet
  facet normal 0.000000e+00 5.735764e-01 8.191520e-01
    outer loop
      vertex   1.273600e+01 -2.328500e+01 1.886506e+00
      vertex   1.181200e+01 -2.324930e+01 1.861511e+00
      vertex   1.181200e+01 -2.328500e+01 1.886506e+00
    endloop
  endfacet
  facet normal -1.975907e-16 5.735764e-01 8.191520e-01
    outer loop
      vertex   1.181200e+01 -2.328500e+01 1.886506e+00
      vertex   1.181200e+01 -2.324930e+01 1.861511e+00
      vertex   1.088800e+01 -2.324930e+01 1.861511e+00
    endloop
  endfacet
  facet normal -4.355860e-16 4.226183e-01 9.063078e-01
    outer loop
      vertex   1.181200e+01 -2.332449e+01 1.904923e+00
      vertex   1.088800e+01 -2.328500e+01 1.886506e+00
      vertex   1.088800e+01 -2.332449e+01 1.904923e+00
    endloop
  endfacet
  facet normal -2.182453e-16 4.226183e-01 9.063078e-01
    outer loop
      vertex   1.088800e+01 -2.332449e+01 1.904923e+00
      vertex   1.088800e+01 -2.328500e+01 1.886506e+00
      vertex   9.964000e+00 -2.328500e+01 1.886506e+00
    endloop
  endfacet
  facet normal -1.444994e-19 4.226183e-01 9.063078e-01
    outer loop
      vertex   1.273600e+01 -2.332449e+01 1.904923e+00
      vertex   1.273600e+01 -2.328500e+01 1.886506e+00
      vertex   1.181200e+01 -2.328500e+01 1.886506e+00
    endloop
  endfacet
  facet normal 0.000000e+00 2.588190e-01 9.659258e-01
    outer loop
      vertex   1.273600e+01 -2.336659e+01 1.916202e+00
      vertex   1.181200e+01 -2.332449e+01 1.904923e+00
      vertex   1.181200e+01 -2.336659e+01 1.916202e+00
    endloop
  endfacet
  facet normal -4.639017e-16 2.588190e-01 9.659258e-01
    outer loop
      vertex   1.181200e+01 -2.336659e+01 1.916202e+00
      vertex   1.181200e+01 -2.332449e+01 1.904923e+00
      vertex   1.088800e+01 -2.332449e+01 1.904923e+00
    endloop
  endfacet
  facet normal 1.833368e-15 -8.576805e-02 9.963151e-01
    outer loop
      vertex   1.366000e+01 -9.297205e+00 1.421471e+00
      vertex   1.329800e+01 -9.297205e+00 1.421471e+00
      vertex   1.366000e+01 -9.314296e+00 1.420000e+00
    endloop
  endfacet
  facet normal -6.112807e-16 -8.576805e-02 9.963151e-01
    outer loop
      vertex   1.366000e+01 -9.314296e+00 1.420000e+00
      vertex   1.329800e+01 -9.297205e+00 1.421471e+00
      vertex   1.293600e+01 -9.297205e+00 1.421471e+00
    endloop
  endfacet
  facet normal -1.779688e-19 -8.576805e-02 9.963151e-01
    outer loop
      vertex   1.366000e+01 -9.314296e+00 1.420000e+00
      vertex   1.293600e+01 -9.297205e+00 1.421471e+00
      vertex   1.257400e+01 -9.297205e+00 1.421471e+00
    endloop
  endfacet
  facet normal 0.000000e+00 -2.547805e-01 9.669989e-01
    outer loop
      vertex   1.257400e+01 -9.297205e+00 1.421471e+00
      vertex   1.293600e+01 -9.297205e+00 1.421471e+00
      vertex   1.257400e+01 -9.280618e+00 1.425842e+00
    endloop
  endfacet
  facet normal 1.060478e-18 -2.547805e-01 9.669989e-01
    outer loop
      vertex   1.257400e+01 -9.297205e+00 1.421471e+00
      vertex   1.257400e+01 -9.280618e+00 1.425842e+00
      vertex   1.221200e+01 -9.280618e+00 1.425842e+00
    endloop
  endfacet
  facet normal 0.000000e+00 -4.162960e-01 9.092291e-01
    outer loop
      vertex   1.221200e+01 -9.280618e+00 1.425842e+00
      vertex   1.257400e+01 -9.280618e+00 1.425842e+00
      vertex   1.221200e+01 -9.265021e+00 1.432983e+00
    endloop
  endfacet
  facet normal -5.572239e-16 -4.162960e-01 9.092291e-01
    outer loop
      vertex   1.221200e+01 -9.280618e+00 1.425842e+00
      vertex   1.221200e+01 -9.265021e+00 1.432983e+00
      vertex   1.185000e+01 -9.265021e+00 1.432983e+00
    endloop
  endfacet
  facet normal -5.058603e-16 -5.655623e-01 8.247056e-01
    outer loop
      vertex   1.185000e+01 -9.265021e+00 1.432983e+00
      vertex   1.221200e+01 -9.265021e+00 1.432983e+00
      vertex   1.185000e+01 -9.250874e+00 1.442684e+00
    endloop
  endfacet
  facet normal 1.293851e-18 -5.655623e-01 8.247056e-01
    outer loop
      vertex   1.185000e+01 -9.265021e+00 1.432983e+00
      vertex   1.185000e+01 -9.250874e+00 1.442684e+00
      vertex   1.148800e+01 -9.250874e+00 1.442684e+00
    endloop
  endfacet
  facet normal 0.000000e+00 -6.981870e-01 7.159154e-01
    outer loop
      vertex   1.148800e+01 -9.250874e+00 1.442684e+00
      vertex   1.185000e+01 -9.250874e+00 1.442684e+00
      vertex   1.148800e+01 -9.238594e+00 1.454660e+00
    endloop
  endfacet
  facet normal 7.424094e-19 -6.981870e-01 7.159154e-01
    outer loop
      vertex   1.148800e+01 -9.250874e+00 1.442684e+00
      vertex   1.148800e+01 -9.238594e+00 1.454660e+00
      vertex   1.112600e+01 -9.238594e+00 1.454660e+00
    endloop
  endfacet
  facet normal 0.000000e+00 -8.102679e-01 5.860597e-01
    outer loop
      vertex   1.112600e+01 -9.238594e+00 1.454660e+00
      vertex   1.148800e+01 -9.238594e+00 1.454660e+00
      vertex   1.112600e+01 -9.228541e+00 1.468560e+00
    endloop
  endfacet
  facet normal -3.974415e-15 -8.102679e-01 5.860597e-01
    outer loop
      vertex   1.112600e+01 -9.238594e+00 1.454660e+00
      vertex   1.112600e+01 -9.228541e+00 1.468560e+00
      vertex   1.076400e+01 -9.228541e+00 1.468560e+00
    endloop
  endfacet
  facet normal -4.409030e-15 -8.985069e-01 4.389593e-01
    outer loop
      vertex   1.076400e+01 -9.228541e+00 1.468560e+00
      vertex   1.112600e+01 -9.228541e+00 1.468560e+00
      vertex   1.076400e+01 -9.221011e+00 1.483972e+00
    endloop
  endfacet
  facet normal -2.685113e-16 -8.985069e-01 4.389593e-01
    outer loop
      vertex   1.076400e+01 -9.228541e+00 1.468560e+00
      vertex   1.076400e+01 -9.221011e+00 1.483972e+00
      vertex   1.040200e+01 -9.221011e+00 1.483972e+00
    endloop
  endfacet
  facet normal -1.710987e-16 -9.603077e-01 2.789428e-01
    outer loop
      vertex   1.040200e+01 -9.221011e+00 1.483972e+00
      vertex   1.076400e+01 -9.221011e+00 1.483972e+00
      vertex   1.040200e+01 -9.216226e+00 1.500445e+00
    endloop
  endfacet
  facet normal 1.774955e-19 -9.603077e-01 2.789428e-01
    outer loop
      vertex   1.040200e+01 -9.221011e+00 1.483972e+00
      vertex   1.040200e+01 -9.216226e+00 1.500445e+00
      vertex   1.004000e+01 -9.216226e+00 1.500445e+00
    endloop
  endfacet
  facet normal 0.000000e+00 -9.938518e-01 1.107184e-01
    outer loop
      vertex   1.004000e+01 -9.216226e+00 1.500445e+00
      vertex   1.040200e+01 -9.216226e+00 1.500445e+00
      vertex   1.004000e+01 -9.214327e+00 1.517493e+00
    endloop
  endfacet
  facet normal 6.830251e-17 -9.938518e-01 1.107184e-01
    outer loop
      vertex   1.004000e+01 -9.216226e+00 1.500445e+00
      vertex   1.004000e+01 -9.214327e+00 1.517493e+00
      vertex   9.678000e+00 -9.214327e+00 1.517493e+00
    endloop
  endfacet
  facet normal -3.727145e-17 -9.981522e-01 -6.076377e-02
    outer loop
      vertex   9.678000e+00 -9.214327e+00 1.517493e+00
      vertex   1.004000e+01 -9.214327e+00 1.517493e+00
      vertex   9.678000e+00 -9.215369e+00 1.534615e+00
    endloop
  endfacet
  facet normal -1.837512e-19 -9.981522e-01 -6.076377e-02
    outer loop
      vertex   9.678000e+00 -9.214327e+00 1.517493e+00
      vertex   9.678000e+00 -9.215369e+00 1.534615e+00
      vertex   9.316000e+00 -9.215369e+00 1.534615e+00
    endloop
  endfacet
  facet normal 0.000000e+00 -9.730823e-01 -2.304580e-01
    outer loop
      vertex   9.316000e+00 -9.215369e+00 1.534615e+00
      vertex   9.678000e+00 -9.215369e+00 1.534615e+00
      vertex   6.420000e+00 -9.219322e+00 1.551307e+00
    endloop
  endfacet
  facet normal -0.000000e+00 -9.730823e-01 -2.304580e-01
    outer loop
      vertex   9.316000e+00 -9.215369e+00 1.534615e+00
      vertex   6.420000e+00 -9.219322e+00 1.551307e+00
      vertex   8.954000e+00 -9.215369e+00 1.534615e+00
    endloop
  endfacet
  facet normal -2.827180e-16 -9.730823e-01 -2.304580e-01
    outer loop
      vertex   8.954000e+00 -9.215369e+00 1.534615e+00
      vertex   6.420000e+00 -9.219322e+00 1.551307e+00
      vertex   8.592000e+00 -9.215369e+00 1.534615e+00
    endloop
  endfacet
  facet normal -7.454291e-17 -9.981522e-01 -6.076377e-02
    outer loop
      vertex   8.954000e+00 -9.215369e+00 1.534615e+00
      vertex   8.592000e+00 -9.215369e+00 1.534615e+00
      vertex   8.954000e+00 -9.214327e+00 1.517493e+00
    endloop
  endfacet
  facet normal -3.727145e-17 -9.981522e-01 -6.076377e-02
    outer loop
      vertex   8.954000e+00 -9.214327e+00 1.517493e+00
      vertex   8.592000e+00 -9.215369e+00 1.534615e+00
      vertex   8.592000e+00 -9.214327e+00 1.517493e+00
    endloop
  endfacet
  facet normal 6.791279e-17 -9.938518e-01 1.107184e-01
    outer loop
      vertex   8.954000e+00 -9.214327e+00 1.517493e+00
      vertex   8.592000e+00 -9.214327e+00 1.517493e+00
      vertex   8.954000e+00 -9.216226e+00 1.500445e+00
    endloop
  endfacet
  facet normal 6.791279e-17 -9.938518e-01 1.107184e-01
    outer loop
      vertex   8.954000e+00 -9.216226e+00 1.500445e+00
      vertex   8.592000e+00 -9.214327e+00 1.517493e+00
      vertex   8.592000e+00 -9.216226e+00 1.500445e+00
    endloop
  endfacet
  facet normal 1.710987e-16 -9.603077e-01 2.789428e-01
    outer loop
      vertex   8.954000e+00 -9.216226e+00 1.500445e+00
      vertex   8.592000e+00 -9.216226e+00 1.500445e+00
      vertex   8.954000e+00 -9.221011e+00 1.483972e+00
    endloop
  endfacet
  facet normal 1.710987e-16 -9.603077e-01 2.789428e-01
    outer loop
      vertex   8.954000e+00 -9.221011e+00 1.483972e+00
      vertex   8.592000e+00 -9.216226e+00 1.500445e+00
      vertex   8.592000e+00 -9.221011e+00 1.483972e+00
    endloop
  endfacet
  facet normal 2.692501e-16 -8.985069e-01 4.389593e-01
    outer loop
      vertex   8.954000e+00 -9.221011e+00 1.483972e+00
      vertex   8.592000e+00 -9.221011e+00 1.483972e+00
      vertex   8.954000e+00 -9.228541e+00 1.468560e+00
    endloop
  endfacet
  facet normal 0.000000e+00 -8.985069e-01 4.389593e-01
    outer loop
      vertex   8.954000e+00 -9.228541e+00 1.468560e+00
      vertex   8.592000e+00 -9.221011e+00 1.483972e+00
      vertex   8.592000e+00 -9.228541e+00 1.468560e+00
    endloop
  endfacet
  facet normal 0.000000e+00 -8.102679e-01 5.860597e-01
    outer loop
      vertex   8.954000e+00 -9.228541e+00 1.468560e+00
      vertex   8.592000e+00 -9.228541e+00 1.468560e+00
      vertex   8.954000e+00 -9.238594e+00 1.454660e+00
    endloop
  endfacet
  facet normal 0.000000e+00 -8.102679e-01 5.860597e-01
    outer loop
      vertex   8.954000e+00 -9.238594e+00 1.454660e+00
      vertex   8.592000e+00 -9.228541e+00 1.468560e+00
      vertex   8.592000e+00 -9.238594e+00 1.454660e+00
    endloop
  endfacet
  facet normal 0.000000e+00 -6.981870e-01 7.159154e-01
    outer loop
      vertex   8.954000e+00 -9.238594e+00 1.454660e+00
      vertex   8.592000e+00 -9.238594e+00 1.454660e+00
      vertex   8.954000e+00 -9.250874e+00 1.442684e+00
    endloop
  endfacet
  facet normal 0.000000e+00 -6.981870e-01 7.159154e-01
    outer loop
      vertex   8.954000e+00 -9.250874e+00 1.442684e+00
      vertex   8.592000e+00 -9.238594e+00 1.454660e+00
      vertex   8.592000e+00 -9.250874e+00 1.442684e+00
    endloop
  endfacet
  facet normal 0.000000e+00 -5.655623e-01 8.247056e-01
    outer loop
      vertex   8.954000e+00 -9.250874e+00 1.442684e+00
      vertex   8.592000e+00 -9.250874e+00 1.442684e+00
      vertex   8.954000e+00 -9.265021e+00 1.432983e+00
    endloop
  endfacet
  facet normal 0.000000e+00 -5.655623e-01 8.247056e-01
    outer loop
      vertex   8.954000e+00 -9.265021e+00 1.432983e+00
      vertex   8.592000e+00 -9.250874e+00 1.442684e+00
      vertex   8.592000e+00 -9.265021e+00 1.432983e+00
    endloop
  endfacet
  facet normal 0.000000e+00 -4.162960e-01 9.092291e-01
    outer loop
      vertex   8.954000e+00 -9.265021e+00 1.432983e+00
      vertex   8.592000e+00 -9.265021e+00 1.432983e+00
      vertex   8.954000e+00 -9.280618e+00 1.425842e+00
    endloop
  endfacet
  facet normal 0.000000e+00 -4.162960e-01 9.092291e-01
    outer loop
      vertex   8.954000e+00 -9.280618e+00 1.425842e+00
      vertex   8.592000e+00 -9.265021e+00 1.432983e+00
      vertex   8.592000e+00 -9.280618e+00 1.425842e+00
    endloop
  endfacet
  facet normal 0.000000e+00 -2.547805e-01 9.669989e-01
    outer loop
      vertex   8.954000e+00 -9.280618e+00 1.425842e+00
      vertex   8.592000e+00 -9.280618e+00 1.425842e+00
      vertex   8.954000e+00 -9.297205e+00 1.421471e+00
    endloop
  endfacet
  facet normal 0.000000e+00 -2.547805e-01 9.669989e-01
    outer loop
      vertex   8.954000e+00 -9.297205e+00 1.421471e+00
      vertex   8.592000e+00 -9.280618e+00 1.425842e+00
      vertex   8.592000e+00 -9.297205e+00 1.421471e+00
    endloop
  endfacet
  facet normal 0.000000e+00 -8.576805e-02 9.963151e-01
    outer loop
      vertex   8.954000e+00 -9.297205e+00 1.421471e+00
      vertex   8.592000e+00 -9.297205e+00 1.421471e+00
      vertex   6.420000e+00 -9.314296e+00 1.420000e+00
    endloop
  endfacet
  facet normal 1.521491e-19 -8.576805e-02 9.963151e-01
    outer loop
      vertex   6.420000e+00 -9.314296e+00 1.420000e+00
      vertex   8.592000e+00 -9.297205e+00 1.421471e+00
      vertex   8.230000e+00 -9.297205e+00 1.421471e+00
    endloop
  endfacet
  facet normal -6.109705e-16 -8.576805e-02 9.963151e-01
    outer loop
      vertex   6.420000e+00 -9.314296e+00 1.420000e+00
      vertex   8.230000e+00 -9.297205e+00 1.421471e+00
      vertex   7.868000e+00 -9.297205e+00 1.421471e+00
    endloop
  endfacet
  facet normal -5.931406e-16 -2.547805e-01 9.669989e-01
    outer loop
      vertex   7.868000e+00 -9.297205e+00 1.421471e+00
      vertex   8.230000e+00 -9.297205e+00 1.421471e+00
      vertex   7.868000e+00 -9.280618e+00 1.425842e+00
    endloop
  endfacet
  facet normal 1.060478e-18 -2.547805e-01 9.669989e-01
    outer loop
      vertex   7.868000e+00 -9.297205e+00 1.421471e+00
      vertex   7.868000e+00 -9.280618e+00 1.425842e+00
      vertex   7.506000e+00 -9.280618e+00 1.425842e+00
    endloop
  endfacet
  facet normal 0.000000e+00 -4.162960e-01 9.092291e-01
    outer loop
      vertex   7.506000e+00 -9.280618e+00 1.425842e+00
      vertex   7.868000e+00 -9.280618e+00 1.425842e+00
      vertex   7.506000e+00 -9.265021e+00 1.432983e+00
    endloop
  endfacet
  facet normal -6.459056e-19 -4.162960e-01 9.092291e-01
    outer loop
      vertex   7.506000e+00 -9.280618e+00 1.425842e+00
      vertex   7.506000e+00 -9.265021e+00 1.432983e+00
      vertex   7.144000e+00 -9.265021e+00 1.432983e+00
    endloop
  endfacet
  facet normal 0.000000e+00 -5.655623e-01 8.247056e-01
    outer loop
      vertex   7.144000e+00 -9.265021e+00 1.432983e+00
      vertex   7.506000e+00 -9.265021e+00 1.432983e+00
      vertex   7.144000e+00 -9.250874e+00 1.442684e+00
    endloop
  endfacet
  facet normal -5.055303e-16 -5.655623e-01 8.247056e-01
    outer loop
      vertex   7.144000e+00 -9.265021e+00 1.432983e+00
      vertex   7.144000e+00 -9.250874e+00 1.442684e+00
      vertex   6.782000e+00 -9.250874e+00 1.442684e+00
    endloop
  endfacet
  facet normal -4.391303e-16 -6.981870e-01 7.159154e-01
    outer loop
      vertex   6.782000e+00 -9.250874e+00 1.442684e+00
      vertex   7.144000e+00 -9.250874e+00 1.442684e+00
      vertex   6.782000e+00 -9.238594e+00 1.454660e+00
    endloop
  endfacet
  facet normal 4.381360e-16 -6.981870e-01 7.159154e-01
    outer loop
      vertex   6.782000e+00 -9.250874e+00 1.442684e+00
      vertex   6.782000e+00 -9.238594e+00 1.454660e+00
      vertex   6.420000e+00 -9.238594e+00 1.454660e+00
    endloop
  endfacet
  facet normal 3.594790e-16 -8.102679e-01 5.860597e-01
    outer loop
      vertex   6.420000e+00 -9.238594e+00 1.454660e+00
      vertex   6.782000e+00 -9.238594e+00 1.454660e+00
      vertex   6.420000e+00 -9.228541e+00 1.468560e+00
    endloop
  endfacet
  facet normal 0.000000e+00 -8.102679e-01 5.860597e-01
    outer loop
      vertex   6.420000e+00 -9.228541e+00 1.468560e+00
      vertex   6.782000e+00 -9.238594e+00 1.454660e+00
      vertex   6.782000e+00 -9.228541e+00 1.468560e+00
    endloop
  endfacet
  facet normal 0.000000e+00 -8.985069e-01 4.389593e-01
    outer loop
      vertex   6.420000e+00 -9.228541e+00 1.468560e+00
      vertex   6.782000e+00 -9.228541e+00 1.468560e+00
      vertex   6.420000e+00 -9.221011e+00 1.483972e+00
    endloop
  endfacet
  facet normal 2.692501e-16 -8.985069e-01 4.389593e-01
    outer loop
      vertex   6.420000e+00 -9.221011e+00 1.483972e+00
      vertex   6.782000e+00 -9.228541e+00 1.468560e+00
      vertex   6.782000e+00 -9.221011e+00 1.483972e+00
    endloop
  endfacet
  facet normal 1.710987e-16 -9.603077e-01 2.789428e-01
    outer loop
      vertex   6.420000e+00 -9.221011e+00 1.483972e+00
      vertex   6.782000e+00 -9.221011e+00 1.483972e+00
      vertex   6.420000e+00 -9.216226e+00 1.500445e+00
    endloop
  endfacet
  facet normal 0.000000e+00 -9.603077e-01 2.789428e-01
    outer loop
      vertex   6.420000e+00 -9.216226e+00 1.500445e+00
      vertex   6.782000e+00 -9.221011e+00 1.483972e+00
      vertex   6.782000e+00 -9.216226e+00 1.500445e+00
    endloop
  endfacet
  facet normal 0.000000e+00 -9.938518e-01 1.107184e-01
    outer loop
      vertex   6.420000e+00 -9.216226e+00 1.500445e+00
      vertex   6.782000e+00 -9.216226e+00 1.500445e+00
      vertex   6.420000e+00 -9.214327e+00 1.517493e+00
    endloop
  endfacet
  facet normal 6.791279e-17 -9.938518e-01 1.107184e-01
    outer loop
      vertex   6.420000e+00 -9.214327e+00 1.517493e+00
      vertex   6.782000e+00 -9.216226e+00 1.500445e+00
      vertex   6.782000e+00 -9.214327e+00 1.517493e+00
    endloop
  endfacet
  facet normal -3.727145e-17 -9.981522e-01 -6.076377e-02
    outer loop
      vertex   6.420000e+00 -9.214327e+00 1.517493e+00
      vertex   6.782000e+00 -9.214327e+00 1.517493e+00
      vertex   6.420000e+00 -9.215369e+00 1.534615e+00
    endloop
  endfacet
  facet normal 0.000000e+00 -9.981522e-01 -6.076377e-02
    outer loop
      vertex   6.420000e+00 -9.215369e+00 1.534615e+00
      vertex   6.782000e+00 -9.214327e+00 1.517493e+00
      vertex   6.782000e+00 -9.215369e+00 1.534615e+00
    endloop
  endfacet
  facet normal 0.000000e+00 -9.730823e-01 -2.304580e-01
    outer loop
      vertex   6.420000e+00 -9.215369e+00 1.534615e+00
      vertex   6.782000e+00 -9.215369e+00 1.534615e+00
      vertex   6.420000e+00 -9.219322e+00 1.551307e+00
    endloop
  endfacet
  facet normal 4.617159e-19 -9.730823e-01 -2.304580e-01
    outer loop
      vertex   6.420000e+00 -9.219322e+00 1.551307e+00
      vertex   6.782000e+00 -9.215369e+00 1.534615e+00
      vertex   7.144000e+00 -9.215369e+00 1.534615e+00
    endloop
  endfacet
  facet normal 4.617159e-19 -9.730823e-01 -2.304580e-01
    outer loop
      vertex   6.420000e+00 -9.219322e+00 1.551307e+00
      vertex   7.144000e+00 -9.215369e+00 1.534615e+00
      vertex   7.506000e+00 -9.215369e+00 1.534615e+00
    endloop
  endfacet
  facet normal -0.000000e+00 -9.981522e-01 -6.076377e-02
    outer loop
      vertex   7.506000e+00 -9.215369e+00 1.534615e+00
      vertex   7.144000e+00 -9.215369e+00 1.534615e+00
      vertex   7.506000e+00 -9.214327e+00 1.517493e+00
    endloop
  endfacet
  facet normal -3.724716e-17 -9.981522e-01 -6.076377e-02
    outer loop
      vertex   7.506000e+00 -9.215369e+00 1.534615e+00
      vertex   7.506000e+00 -9.214327e+00 1.517493e+00
      vertex   7.868000e+00 -9.214327e+00 1.517493e+00
    endloop
  endfacet
  facet normal 6.791279e-17 -9.938518e-01 1.107184e-01
    outer loop
      vertex   7.868000e+00 -9.214327e+00 1.517493e+00
      vertex   7.506000e+00 -9.214327e+00 1.517493e+00
      vertex   7.868000e+00 -9.216226e+00 1.500445e+00
    endloop
  endfacet
  facet normal 1.347313e-19 -9.938518e-01 1.107184e-01
    outer loop
      vertex   7.868000e+00 -9.214327e+00 1.517493e+00
      vertex   7.868000e+00 -9.216226e+00 1.500445e+00
      vertex   8.230000e+00 -9.216226e+00 1.500445e+00
    endloop
  endfacet
  facet normal 0.000000e+00 -9.603077e-01 2.789428e-01
    outer loop
      vertex   8.230000e+00 -9.216226e+00 1.500445e+00
      vertex   7.868000e+00 -9.216226e+00 1.500445e+00
      vertex   8.230000e+00 -9.221011e+00 1.483972e+00
    endloop
  endfacet
  facet normal 1.774955e-19 -9.603077e-01 2.789428e-01
    outer loop
      vertex   8.230000e+00 -9.216226e+00 1.500445e+00
      vertex   8.230000e+00 -9.221011e+00 1.483972e+00
      vertex   8.592000e+00 -9.221011e+00 1.483972e+00
    endloop
  endfacet
  facet normal 0.000000e+00 -8.985069e-01 4.389593e-01
    outer loop
      vertex   8.592000e+00 -9.221011e+00 1.483972e+00
      vertex   8.230000e+00 -9.221011e+00 1.483972e+00
      vertex   8.592000e+00 -9.228541e+00 1.468560e+00
    endloop
  endfacet
  facet normal 1.779422e-15 -2.547805e-01 9.669989e-01
    outer loop
      vertex   1.329800e+01 -9.297205e+00 1.421471e+00
      vertex   1.366000e+01 -9.297205e+00 1.421471e+00
      vertex   1.329800e+01 -9.280618e+00 1.425842e+00
    endloop
  endfacet
  facet normal 1.186281e-15 -2.547805e-01 9.669989e-01
    outer loop
      vertex   1.329800e+01 -9.280618e+00 1.425842e+00
      vertex   1.366000e+01 -9.297205e+00 1.421471e+00
      vertex   1.366000e+01 -9.280618e+00 1.425842e+00
    endloop
  endfacet
  facet normal 1.115411e-15 -4.162960e-01 9.092291e-01
    outer loop
      vertex   1.329800e+01 -9.280618e+00 1.425842e+00
      vertex   1.366000e+01 -9.280618e+00 1.425842e+00
      vertex   1.329800e+01 -9.265021e+00 1.432983e+00
    endloop
  endfacet
  facet normal 1.673117e-15 -4.162960e-01 9.092291e-01
    outer loop
      vertex   1.329800e+01 -9.265021e+00 1.432983e+00
      vertex   1.366000e+01 -9.280618e+00 1.425842e+00
      vertex   1.366000e+01 -9.265021e+00 1.432983e+00
    endloop
  endfacet
  facet normal 1.517581e-15 -5.655623e-01 8.247056e-01
    outer loop
      vertex   1.329800e+01 -9.265021e+00 1.432983e+00
      vertex   1.366000e+01 -9.265021e+00 1.432983e+00
      vertex   1.329800e+01 -9.250874e+00 1.442684e+00
    endloop
  endfacet
  facet normal 1.011721e-15 -5.655623e-01 8.247056e-01
    outer loop
      vertex   1.329800e+01 -9.250874e+00 1.442684e+00
      vertex   1.366000e+01 -9.265021e+00 1.432983e+00
      vertex   1.366000e+01 -9.250874e+00 1.442684e+00
    endloop
  endfacet
  facet normal 8.782605e-16 -6.981870e-01 7.159154e-01
    outer loop
      vertex   1.329800e+01 -9.250874e+00 1.442684e+00
      vertex   1.366000e+01 -9.250874e+00 1.442684e+00
      vertex   1.329800e+01 -9.238594e+00 1.454660e+00
    endloop
  endfacet
  facet normal 5.182569e-15 -6.981870e-01 7.159154e-01
    outer loop
      vertex   1.329800e+01 -9.238594e+00 1.454660e+00
      vertex   1.366000e+01 -9.250874e+00 1.442684e+00
      vertex   1.366000e+01 -9.238594e+00 1.454660e+00
    endloop
  endfacet
  facet normal 5.413952e-15 -8.102679e-01 5.860597e-01
    outer loop
      vertex   1.329800e+01 -9.238594e+00 1.454660e+00
      vertex   1.366000e+01 -9.238594e+00 1.454660e+00
      vertex   1.329800e+01 -9.228541e+00 1.468560e+00
    endloop
  endfacet
  facet normal 4.694994e-15 -8.102679e-01 5.860597e-01
    outer loop
      vertex   1.329800e+01 -9.228541e+00 1.468560e+00
      vertex   1.366000e+01 -9.238594e+00 1.454660e+00
      vertex   1.366000e+01 -9.228541e+00 1.468560e+00
    endloop
  endfacet
  facet normal 4.947530e-15 -8.985069e-01 4.389593e-01
    outer loop
      vertex   1.329800e+01 -9.228541e+00 1.468560e+00
      vertex   1.366000e+01 -9.228541e+00 1.468560e+00
      vertex   1.329800e+01 -9.221011e+00 1.483972e+00
    endloop
  endfacet
  facet normal 2.692501e-16 -8.985069e-01 4.389593e-01
    outer loop
      vertex   1.329800e+01 -9.221011e+00 1.483972e+00
      vertex   1.366000e+01 -9.228541e+00 1.468560e+00
      vertex   1.366000e+01 -9.221011e+00 1.483972e+00
    endloop
  endfacet
  facet normal 1.710987e-16 -9.603077e-01 2.789428e-01
    outer loop
      vertex   1.329800e+01 -9.221011e+00 1.483972e+00
      vertex   1.366000e+01 -9.221011e+00 1.483972e+00
      vertex   1.329800e+01 -9.216226e+00 1.500445e+00
    endloop
  endfacet
  facet normal 0.000000e+00 -9.603077e-01 2.789428e-01
    outer loop
      vertex   1.329800e+01 -9.216226e+00 1.500445e+00
      vertex   1.366000e+01 -9.221011e+00 1.483972e+00
      vertex   1.366000e+01 -9.216226e+00 1.500445e+00
    endloop
  endfacet
  facet normal 0.000000e+00 -9.938518e-01 1.107184e-01
    outer loop
      vertex   1.329800e+01 -9.216226e+00 1.500445e+00
      vertex   1.366000e+01 -9.216226e+00 1.500445e+00
      vertex   1.329800e+01 -9.214327e+00 1.517493e+00
    endloop
  endfacet
  facet normal 0.000000e+00 -9.938518e-01 1.107184e-01
    outer loop
      vertex   1.329800e+01 -9.214327e+00 1.517493e+00
      vertex   1.366000e+01 -9.216226e+00 1.500445e+00
      vertex   1.366000e+01 -9.214327e+00 1.517493e+00
    endloop
  endfacet
  facet normal 0.000000e+00 -9.981522e-01 -6.076377e-02
    outer loop
      vertex   1.329800e+01 -9.214327e+00 1.517493e+00
      vertex   1.366000e+01 -9.214327e+00 1.517493e+00
      vertex   1.329800e+01 -9.215369e+00 1.534615e+00
    endloop
  endfacet
  facet normal -3.727145e-17 -9.981522e-01 -6.076377e-02
    outer loop
      vertex   1.329800e+01 -9.215369e+00 1.534615e+00
      vertex   1.366000e+01 -9.214327e+00 1.517493e+00
      vertex   1.366000e+01 -9.215369e+00 1.534615e+00
    endloop
  endfacet
  facet normal -1.413590e-16 -9.730823e-01 -2.304580e-01
    outer loop
      vertex   1.329800e+01 -9.215369e+00 1.534615e+00
      vertex   1.366000e+01 -9.215369e+00 1.534615e+00
      vertex   1.366000e+01 -9.219322e+00 1.551307e+00
    endloop
  endfacet
  facet normal 7.067950e-17 -9.730823e-01 -2.304580e-01
    outer loop
      vertex   6.420000e+00 -9.219322e+00 1.551307e+00
      vertex   1.004000e+01 -9.215369e+00 1.534615e+00
      vertex   1.366000e+01 -9.219322e+00 1.551307e+00
    endloop
  endfacet
  facet normal -3.622911e-20 -9.730823e-01 -2.304580e-01
    outer loop
      vertex   1.366000e+01 -9.219322e+00 1.551307e+00
      vertex   1.004000e+01 -9.215369e+00 1.534615e+00
      vertex   1.040200e+01 -9.215369e+00 1.534615e+00
    endloop
  endfacet
  facet normal -3.622911e-20 -9.730823e-01 -2.304580e-01
    outer loop
      vertex   1.366000e+01 -9.219322e+00 1.551307e+00
      vertex   1.040200e+01 -9.215369e+00 1.534615e+00
      vertex   1.076400e+01 -9.215369e+00 1.534615e+00
    endloop
  endfacet
  facet normal -0.000000e+00 -9.981522e-01 -6.076377e-02
    outer loop
      vertex   1.076400e+01 -9.215369e+00 1.534615e+00
      vertex   1.040200e+01 -9.215369e+00 1.534615e+00
      vertex   1.076400e+01 -9.214327e+00 1.517493e+00
    endloop
  endfacet
  facet normal -3.745521e-17 -9.981522e-01 -6.076377e-02
    outer loop
      vertex   1.076400e+01 -9.215369e+00 1.534615e+00
      vertex   1.076400e+01 -9.214327e+00 1.517493e+00
      vertex   1.112600e+01 -9.214327e+00 1.517493e+00
    endloop
  endfacet
  facet normal 6.791279e-17 -9.938518e-01 1.107184e-01
    outer loop
      vertex   1.112600e+01 -9.214327e+00 1.517493e+00
      vertex   1.076400e+01 -9.214327e+00 1.517493e+00
      vertex   1.112600e+01 -9.216226e+00 1.500445e+00
    endloop
  endfacet
  facet normal 3.897183e-19 -9.938518e-01 1.107184e-01
    outer loop
      vertex   1.112600e+01 -9.214327e+00 1.517493e+00
      vertex   1.112600e+01 -9.216226e+00 1.500445e+00
      vertex   1.148800e+01 -9.216226e+00 1.500445e+00
    endloop
  endfacet
  facet normal 0.000000e+00 -9.603077e-01 2.789428e-01
    outer loop
      vertex   1.148800e+01 -9.216226e+00 1.500445e+00
      vertex   1.112600e+01 -9.216226e+00 1.500445e+00
      vertex   1.148800e+01 -9.221011e+00 1.483972e+00
    endloop
  endfacet
  facet normal 1.774955e-19 -9.603077e-01 2.789428e-01
    outer loop
      vertex   1.148800e+01 -9.216226e+00 1.500445e+00
      vertex   1.148800e+01 -9.221011e+00 1.483972e+00
      vertex   1.185000e+01 -9.221011e+00 1.483972e+00
    endloop
  endfacet
  facet normal 0.000000e+00 -8.985069e-01 4.389593e-01
    outer loop
      vertex   1.185000e+01 -9.221011e+00 1.483972e+00
      vertex   1.148800e+01 -9.221011e+00 1.483972e+00
      vertex   1.185000e+01 -9.228541e+00 1.468560e+00
    endloop
  endfacet
  facet normal -2.689520e-16 -8.985069e-01 4.389593e-01
    outer loop
      vertex   1.185000e+01 -9.221011e+00 1.483972e+00
      vertex   1.185000e+01 -9.228541e+00 1.468560e+00
      vertex   1.221200e+01 -9.228541e+00 1.468560e+00
    endloop
  endfacet
  facet normal -3.594790e-16 -8.102679e-01 5.860597e-01
    outer loop
      vertex   1.221200e+01 -9.228541e+00 1.468560e+00
      vertex   1.185000e+01 -9.228541e+00 1.468560e+00
      vertex   1.221200e+01 -9.238594e+00 1.454660e+00
    endloop
  endfacet
  facet normal -1.196663e-18 -8.102679e-01 5.860597e-01
    outer loop
      vertex   1.221200e+01 -9.228541e+00 1.468560e+00
      vertex   1.221200e+01 -9.238594e+00 1.454660e+00
      vertex   1.257400e+01 -9.238594e+00 1.454660e+00
    endloop
  endfacet
  facet normal 0.000000e+00 -6.981870e-01 7.159154e-01
    outer loop
      vertex   1.257400e+01 -9.238594e+00 1.454660e+00
      vertex   1.221200e+01 -9.238594e+00 1.454660e+00
      vertex   1.257400e+01 -9.250874e+00 1.442684e+00
    endloop
  endfacet
  facet normal -1.393602e-18 -6.981870e-01 7.159154e-01
    outer loop
      vertex   1.257400e+01 -9.238594e+00 1.454660e+00
      vertex   1.257400e+01 -9.250874e+00 1.442684e+00
      vertex   1.293600e+01 -9.250874e+00 1.442684e+00
    endloop
  endfacet
  facet normal 0.000000e+00 -5.655623e-01 8.247056e-01
    outer loop
      vertex   1.293600e+01 -9.250874e+00 1.442684e+00
      vertex   1.257400e+01 -9.250874e+00 1.442684e+00
      vertex   1.293600e+01 -9.265021e+00 1.432983e+00
    endloop
  endfacet
  facet normal -5.050484e-16 -5.655623e-01 8.247056e-01
    outer loop
      vertex   1.293600e+01 -9.250874e+00 1.442684e+00
      vertex   1.293600e+01 -9.265021e+00 1.432983e+00
      vertex   1.329800e+01 -9.265021e+00 1.432983e+00
    endloop
  endfacet
  facet normal -5.577056e-16 -4.162960e-01 9.092291e-01
    outer loop
      vertex   1.329800e+01 -9.265021e+00 1.432983e+00
      vertex   1.293600e+01 -9.265021e+00 1.432983e+00
      vertex   1.329800e+01 -9.280618e+00 1.425842e+00
    endloop
  endfacet
  facet normal 1.315505e-15 -6.981870e-01 7.159154e-01
    outer loop
      vertex   6.420000e+00 -9.238594e+00 1.454660e+00
      vertex   6.420000e+00 -9.250874e+00 1.442684e+00
      vertex   6.782000e+00 -9.250874e+00 1.442684e+00
    endloop
  endfacet
  facet normal 1.517581e-15 -5.655623e-01 8.247056e-01
    outer loop
      vertex   6.782000e+00 -9.250874e+00 1.442684e+00
      vertex   6.420000e+00 -9.250874e+00 1.442684e+00
      vertex   6.782000e+00 -9.265021e+00 1.432983e+00
    endloop
  endfacet
  facet normal -5.055303e-16 -5.655623e-01 8.247056e-01
    outer loop
      vertex   6.782000e+00 -9.250874e+00 1.442684e+00
      vertex   6.782000e+00 -9.265021e+00 1.432983e+00
      vertex   7.144000e+00 -9.265021e+00 1.432983e+00
    endloop
  endfacet
  facet normal -5.577056e-16 -4.162960e-01 9.092291e-01
    outer loop
      vertex   7.144000e+00 -9.265021e+00 1.432983e+00
      vertex   6.782000e+00 -9.265021e+00 1.432983e+00
      vertex   7.144000e+00 -9.280618e+00 1.425842e+00
    endloop
  endfacet
  facet normal -6.459056e-19 -4.162960e-01 9.092291e-01
    outer loop
      vertex   7.144000e+00 -9.265021e+00 1.432983e+00
      vertex   7.144000e+00 -9.280618e+00 1.425842e+00
      vertex   7.506000e+00 -9.280618e+00 1.425842e+00
    endloop
  endfacet
  facet normal 0.000000e+00 -2.547805e-01 9.669989e-01
    outer loop
      vertex   7.506000e+00 -9.280618e+00 1.425842e+00
      vertex   7.144000e+00 -9.280618e+00 1.425842e+00
      vertex   7.506000e+00 -9.297205e+00 1.421471e+00
    endloop
  endfacet
  facet normal 1.060478e-18 -2.547805e-01 9.669989e-01
    outer loop
      vertex   7.506000e+00 -9.280618e+00 1.425842e+00
      vertex   7.506000e+00 -9.297205e+00 1.421471e+00
      vertex   7.868000e+00 -9.297205e+00 1.421471e+00
    endloop
  endfacet
  facet normal 0.000000e+00 -8.576805e-02 9.963151e-01
    outer loop
      vertex   7.868000e+00 -9.297205e+00 1.421471e+00
      vertex   7.506000e+00 -9.297205e+00 1.421471e+00
      vertex   6.420000e+00 -9.314296e+00 1.420000e+00
    endloop
  endfacet
  facet normal 1.517911e-15 -5.655623e-01 8.247056e-01
    outer loop
      vertex   6.420000e+00 -9.250874e+00 1.442684e+00
      vertex   6.420000e+00 -9.265021e+00 1.432983e+00
      vertex   6.782000e+00 -9.265021e+00 1.432983e+00
    endloop
  endfacet
  facet normal 1.673117e-15 -4.162960e-01 9.092291e-01
    outer loop
      vertex   6.782000e+00 -9.265021e+00 1.432983e+00
      vertex   6.420000e+00 -9.265021e+00 1.432983e+00
      vertex   6.782000e+00 -9.280618e+00 1.425842e+00
    endloop
  endfacet
  facet normal -5.583515e-16 -4.162960e-01 9.092291e-01
    outer loop
      vertex   6.782000e+00 -9.265021e+00 1.432983e+00
      vertex   6.782000e+00 -9.280618e+00 1.425842e+00
      vertex   7.144000e+00 -9.280618e+00 1.425842e+00
    endloop
  endfacet
  facet normal -5.931406e-16 -2.547805e-01 9.669989e-01
    outer loop
      vertex   7.144000e+00 -9.280618e+00 1.425842e+00
      vertex   6.782000e+00 -9.280618e+00 1.425842e+00
      vertex   7.144000e+00 -9.297205e+00 1.421471e+00
    endloop
  endfacet
  facet normal 1.060478e-18 -2.547805e-01 9.669989e-01
    outer loop
      vertex   7.144000e+00 -9.280618e+00 1.425842e+00
      vertex   7.144000e+00 -9.297205e+00 1.421471e+00
      vertex   7.506000e+00 -9.297205e+00 1.421471e+00
    endloop
  endfacet
  facet normal 0.000000e+00 -8.576805e-02 9.963151e-01
    outer loop
      vertex   7.506000e+00 -9.297205e+00 1.421471e+00
      vertex   7.144000e+00 -9.297205e+00 1.421471e+00
      vertex   6.420000e+00 -9.314296e+00 1.420000e+00
    endloop
  endfacet
  facet normal 1.672471e-15 -4.162960e-01 9.092291e-01
    outer loop
      vertex   6.420000e+00 -9.265021e+00 1.432983e+00
      vertex   6.420000e+00 -9.280618e+00 1.425842e+00
      vertex   6.782000e+00 -9.280618e+00 1.425842e+00
    endloop
  endfacet
  facet normal 1.779422e-15 -2.547805e-01 9.669989e-01
    outer loop
      vertex   6.782000e+00 -9.280618e+00 1.425842e+00
      vertex   6.420000e+00 -9.280618e+00 1.425842e+00
      vertex   6.782000e+00 -9.297205e+00 1.421471e+00
    endloop
  endfacet
  facet normal -5.920801e-16 -2.547805e-01 9.669989e-01
    outer loop
      vertex   6.782000e+00 -9.280618e+00 1.425842e+00
      vertex   6.782000e+00 -9.297205e+00 1.421471e+00
      vertex   7.144000e+00 -9.297205e+00 1.421471e+00
    endloop
  endfacet
  facet normal -6.111227e-16 -8.576805e-02 9.963151e-01
    outer loop
      vertex   7.144000e+00 -9.297205e+00 1.421471e+00
      vertex   6.782000e+00 -9.297205e+00 1.421471e+00
      vertex   6.420000e+00 -9.314296e+00 1.420000e+00
    endloop
  endfacet
  facet normal 1.780482e-15 -2.547805e-01 9.669989e-01
    outer loop
      vertex   6.420000e+00 -9.280618e+00 1.425842e+00
      vertex   6.420000e+00 -9.297205e+00 1.421471e+00
      vertex   6.782000e+00 -9.297205e+00 1.421471e+00
    endloop
  endfacet
  facet normal 1.833368e-15 -8.576805e-02 9.963151e-01
    outer loop
      vertex   6.782000e+00 -9.297205e+00 1.421471e+00
      vertex   6.420000e+00 -9.297205e+00 1.421471e+00
      vertex   6.420000e+00 -9.314296e+00 1.420000e+00
    endloop
  endfacet
  facet normal -3.055613e-16 -8.576805e-02 9.963151e-01
    outer loop
      vertex   1.366000e+01 -9.314296e+00 1.420000e+00
      vertex   1.004000e+01 -9.297205e+00 1.421471e+00
      vertex   6.420000e+00 -9.314296e+00 1.420000e+00
    endloop
  endfacet
  facet normal 1.720941e-19 -8.576805e-02 9.963151e-01
    outer loop
      vertex   6.420000e+00 -9.314296e+00 1.420000e+00
      vertex   1.004000e+01 -9.297205e+00 1.421471e+00
      vertex   9.678000e+00 -9.297205e+00 1.421471e+00
    endloop
  endfacet
  facet normal -6.109506e-16 -8.576805e-02 9.963151e-01
    outer loop
      vertex   6.420000e+00 -9.314296e+00 1.420000e+00
      vertex   9.678000e+00 -9.297205e+00 1.421471e+00
      vertex   9.316000e+00 -9.297205e+00 1.421471e+00
    endloop
  endfacet
  facet normal -5.931406e-16 -2.547805e-01 9.669989e-01
    outer loop
      vertex   9.316000e+00 -9.297205e+00 1.421471e+00
      vertex   9.678000e+00 -9.297205e+00 1.421471e+00
      vertex   9.316000e+00 -9.280618e+00 1.425842e+00
    endloop
  endfacet
  facet normal 1.185661e-15 -2.547805e-01 9.669989e-01
    outer loop
      vertex   9.316000e+00 -9.297205e+00 1.421471e+00
      vertex   9.316000e+00 -9.280618e+00 1.425842e+00
      vertex   8.954000e+00 -9.280618e+00 1.425842e+00
    endloop
  endfacet
  facet normal 1.115411e-15 -4.162960e-01 9.092291e-01
    outer loop
      vertex   8.954000e+00 -9.280618e+00 1.425842e+00
      vertex   9.316000e+00 -9.280618e+00 1.425842e+00
      vertex   8.954000e+00 -9.265021e+00 1.432983e+00
    endloop
  endfacet
  facet normal -5.931406e-16 -2.547805e-01 9.669989e-01
    outer loop
      vertex   1.293600e+01 -9.297205e+00 1.421471e+00
      vertex   1.329800e+01 -9.297205e+00 1.421471e+00
      vertex   1.293600e+01 -9.280618e+00 1.425842e+00
    endloop
  endfacet
  facet normal -5.931406e-16 -2.547805e-01 9.669989e-01
    outer loop
      vertex   1.293600e+01 -9.280618e+00 1.425842e+00
      vertex   1.329800e+01 -9.297205e+00 1.421471e+00
      vertex   1.329800e+01 -9.280618e+00 1.425842e+00
    endloop
  endfacet
  facet normal -5.577056e-16 -4.162960e-01 9.092291e-01
    outer loop
      vertex   1.293600e+01 -9.280618e+00 1.425842e+00
      vertex   1.329800e+01 -9.280618e+00 1.425842e+00
      vertex   1.293600e+01 -9.265021e+00 1.432983e+00
    endloop
  endfacet
  facet normal 6.111227e-16 -8.576805e-02 9.963151e-01
    outer loop
      vertex   1.257400e+01 -9.297205e+00 1.421471e+00
      vertex   1.221200e+01 -9.297205e+00 1.421471e+00
      vertex   1.366000e+01 -9.314296e+00 1.420000e+00
    endloop
  endfacet
  facet normal -6.112807e-16 -8.576805e-02 9.963151e-01
    outer loop
      vertex   1.366000e+01 -9.314296e+00 1.420000e+00
      vertex   1.221200e+01 -9.297205e+00 1.421471e+00
      vertex   1.185000e+01 -9.297205e+00 1.421471e+00
    endloop
  endfacet
  facet normal -1.779688e-19 -8.576805e-02 9.963151e-01
    outer loop
      vertex   1.366000e+01 -9.314296e+00 1.420000e+00
      vertex   1.185000e+01 -9.297205e+00 1.421471e+00
      vertex   1.148800e+01 -9.297205e+00 1.421471e+00
    endloop
  endfacet
  facet normal 0.000000e+00 -2.547805e-01 9.669989e-01
    outer loop
      vertex   1.148800e+01 -9.297205e+00 1.421471e+00
      vertex   1.185000e+01 -9.297205e+00 1.421471e+00
      vertex   1.148800e+01 -9.280618e+00 1.425842e+00
    endloop
  endfacet
  facet normal -6.199934e-19 -2.547805e-01 9.669989e-01
    outer loop
      vertex   1.148800e+01 -9.297205e+00 1.421471e+00
      vertex   1.148800e+01 -9.280618e+00 1.425842e+00
      vertex   1.112600e+01 -9.280618e+00 1.425842e+00
    endloop
  endfacet
  facet normal 0.000000e+00 -4.162960e-01 9.092291e-01
    outer loop
      vertex   1.112600e+01 -9.280618e+00 1.425842e+00
      vertex   1.148800e+01 -9.280618e+00 1.425842e+00
      vertex   1.112600e+01 -9.265021e+00 1.432983e+00
    endloop
  endfacet
  facet normal 4.816447e-19 -4.162960e-01 9.092291e-01
    outer loop
      vertex   1.112600e+01 -9.280618e+00 1.425842e+00
      vertex   1.112600e+01 -9.265021e+00 1.432983e+00
      vertex   1.076400e+01 -9.265021e+00 1.432983e+00
    endloop
  endfacet
  facet normal 0.000000e+00 -5.655623e-01 8.247056e-01
    outer loop
      vertex   1.076400e+01 -9.265021e+00 1.432983e+00
      vertex   1.112600e+01 -9.265021e+00 1.432983e+00
      vertex   1.076400e+01 -9.250874e+00 1.442684e+00
    endloop
  endfacet
  facet normal 1.293851e-18 -5.655623e-01 8.247056e-01
    outer loop
      vertex   1.076400e+01 -9.265021e+00 1.432983e+00
      vertex   1.076400e+01 -9.250874e+00 1.442684e+00
      vertex   1.040200e+01 -9.250874e+00 1.442684e+00
    endloop
  endfacet
  facet normal 0.000000e+00 -6.981870e-01 7.159154e-01
    outer loop
      vertex   1.040200e+01 -9.250874e+00 1.442684e+00
      vertex   1.076400e+01 -9.250874e+00 1.442684e+00
      vertex   1.040200e+01 -9.238594e+00 1.454660e+00
    endloop
  endfacet
  facet normal -1.885909e-18 -6.981870e-01 7.159154e-01
    outer loop
      vertex   1.040200e+01 -9.250874e+00 1.442684e+00
      vertex   1.040200e+01 -9.238594e+00 1.454660e+00
      vertex   1.004000e+01 -9.238594e+00 1.454660e+00
    endloop
  endfacet
  facet normal 0.000000e+00 -8.102679e-01 5.860597e-01
    outer loop
      vertex   1.004000e+01 -9.238594e+00 1.454660e+00
      vertex   1.040200e+01 -9.238594e+00 1.454660e+00
      vertex   1.004000e+01 -9.228541e+00 1.468560e+00
    endloop
  endfacet
  facet normal -1.196663e-18 -8.102679e-01 5.860597e-01
    outer loop
      vertex   1.004000e+01 -9.238594e+00 1.454660e+00
      vertex   1.004000e+01 -9.228541e+00 1.468560e+00
      vertex   9.678000e+00 -9.228541e+00 1.468560e+00
    endloop
  endfacet
  facet normal 0.000000e+00 -8.985069e-01 4.389593e-01
    outer loop
      vertex   9.678000e+00 -9.228541e+00 1.468560e+00
      vertex   1.004000e+01 -9.228541e+00 1.468560e+00
      vertex   9.678000e+00 -9.221011e+00 1.483972e+00
    endloop
  endfacet
  facet normal -2.685113e-16 -8.985069e-01 4.389593e-01
    outer loop
      vertex   9.678000e+00 -9.228541e+00 1.468560e+00
      vertex   9.678000e+00 -9.221011e+00 1.483972e+00
      vertex   9.316000e+00 -9.221011e+00 1.483972e+00
    endloop
  endfacet
  facet normal -1.710987e-16 -9.603077e-01 2.789428e-01
    outer loop
      vertex   9.316000e+00 -9.221011e+00 1.483972e+00
      vertex   9.678000e+00 -9.221011e+00 1.483972e+00
      vertex   9.316000e+00 -9.216226e+00 1.500445e+00
    endloop
  endfacet
  facet normal 1.774955e-19 -9.603077e-01 2.789428e-01
    outer loop
      vertex   9.316000e+00 -9.221011e+00 1.483972e+00
      vertex   9.316000e+00 -9.216226e+00 1.500445e+00
      vertex   8.954000e+00 -9.216226e+00 1.500445e+00
    endloop
  endfacet
  facet normal 0.000000e+00 -9.938518e-01 1.107184e-01
    outer loop
      vertex   8.954000e+00 -9.216226e+00 1.500445e+00
      vertex   9.316000e+00 -9.216226e+00 1.500445e+00
      vertex   8.954000e+00 -9.214327e+00 1.517493e+00
    endloop
  endfacet
  facet normal 5.931406e-16 -2.547805e-01 9.669989e-01
    outer loop
      vertex   1.257400e+01 -9.297205e+00 1.421471e+00
      vertex   1.221200e+01 -9.280618e+00 1.425842e+00
      vertex   1.221200e+01 -9.297205e+00 1.421471e+00
    endloop
  endfacet
  facet normal -5.937606e-16 -2.547805e-01 9.669989e-01
    outer loop
      vertex   1.221200e+01 -9.297205e+00 1.421471e+00
      vertex   1.221200e+01 -9.280618e+00 1.425842e+00
      vertex   1.185000e+01 -9.280618e+00 1.425842e+00
    endloop
  endfacet
  facet normal -5.931406e-16 -2.547805e-01 9.669989e-01
    outer loop
      vertex   1.221200e+01 -9.297205e+00 1.421471e+00
      vertex   1.185000e+01 -9.280618e+00 1.425842e+00
      vertex   1.185000e+01 -9.297205e+00 1.421471e+00
    endloop
  endfacet
  facet normal -6.199934e-19 -2.547805e-01 9.669989e-01
    outer loop
      vertex   1.185000e+01 -9.297205e+00 1.421471e+00
      vertex   1.185000e+01 -9.280618e+00 1.425842e+00
      vertex   1.148800e+01 -9.280618e+00 1.425842e+00
    endloop
  endfacet
  facet normal 0.000000e+00 -8.576805e-02 9.963151e-01
    outer loop
      vertex   1.148800e+01 -9.297205e+00 1.421471e+00
      vertex   1.112600e+01 -9.297205e+00 1.421471e+00
      vertex   1.366000e+01 -9.314296e+00 1.420000e+00
    endloop
  endfacet
  facet normal -1.779688e-19 -8.576805e-02 9.963151e-01
    outer loop
      vertex   1.366000e+01 -9.314296e+00 1.420000e+00
      vertex   1.112600e+01 -9.297205e+00 1.421471e+00
      vertex   1.076400e+01 -9.297205e+00 1.421471e+00
    endloop
  endfacet
  facet normal -1.222423e-15 -8.576805e-02 9.963151e-01
    outer loop
      vertex   1.366000e+01 -9.314296e+00 1.420000e+00
      vertex   1.076400e+01 -9.297205e+00 1.421471e+00
      vertex   1.040200e+01 -9.297205e+00 1.421471e+00
    endloop
  endfacet
  facet normal -1.186281e-15 -2.547805e-01 9.669989e-01
    outer loop
      vertex   1.040200e+01 -9.297205e+00 1.421471e+00
      vertex   1.076400e+01 -9.297205e+00 1.421471e+00
      vertex   1.040200e+01 -9.280618e+00 1.425842e+00
    endloop
  endfacet
  facet normal 1.060478e-18 -2.547805e-01 9.669989e-01
    outer loop
      vertex   1.040200e+01 -9.297205e+00 1.421471e+00
      vertex   1.040200e+01 -9.280618e+00 1.425842e+00
      vertex   1.004000e+01 -9.280618e+00 1.425842e+00
    endloop
  endfacet
  facet normal 0.000000e+00 -4.162960e-01 9.092291e-01
    outer loop
      vertex   1.004000e+01 -9.280618e+00 1.425842e+00
      vertex   1.040200e+01 -9.280618e+00 1.425842e+00
      vertex   1.004000e+01 -9.265021e+00 1.432983e+00
    endloop
  endfacet
  facet normal -6.839752e-19 -4.162960e-01 9.092291e-01
    outer loop
      vertex   1.004000e+01 -9.280618e+00 1.425842e+00
      vertex   1.004000e+01 -9.265021e+00 1.432983e+00
      vertex   9.678000e+00 -9.265021e+00 1.432983e+00
    endloop
  endfacet
  facet normal 0.000000e+00 -5.655623e-01 8.247056e-01
    outer loop
      vertex   9.678000e+00 -9.265021e+00 1.432983e+00
      vertex   1.004000e+01 -9.265021e+00 1.432983e+00
      vertex   9.678000e+00 -9.250874e+00 1.442684e+00
    endloop
  endfacet
  facet normal -1.011391e-15 -5.655623e-01 8.247056e-01
    outer loop
      vertex   9.678000e+00 -9.265021e+00 1.432983e+00
      vertex   9.678000e+00 -9.250874e+00 1.442684e+00
      vertex   9.316000e+00 -9.250874e+00 1.442684e+00
    endloop
  endfacet
  facet normal -8.782605e-16 -6.981870e-01 7.159154e-01
    outer loop
      vertex   9.316000e+00 -9.250874e+00 1.442684e+00
      vertex   9.678000e+00 -9.250874e+00 1.442684e+00
      vertex   9.316000e+00 -9.238594e+00 1.454660e+00
    endloop
  endfacet
  facet normal -9.942910e-19 -6.981870e-01 7.159154e-01
    outer loop
      vertex   9.316000e+00 -9.250874e+00 1.442684e+00
      vertex   9.316000e+00 -9.238594e+00 1.454660e+00
      vertex   8.954000e+00 -9.238594e+00 1.454660e+00
    endloop
  endfacet
  facet normal 0.000000e+00 -8.102679e-01 5.860597e-01
    outer loop
      vertex   8.954000e+00 -9.238594e+00 1.454660e+00
      vertex   9.316000e+00 -9.238594e+00 1.454660e+00
      vertex   8.954000e+00 -9.228541e+00 1.468560e+00
    endloop
  endfacet
  facet normal 0.000000e+00 -2.547805e-01 9.669989e-01
    outer loop
      vertex   1.148800e+01 -9.297205e+00 1.421471e+00
      vertex   1.112600e+01 -9.280618e+00 1.425842e+00
      vertex   1.112600e+01 -9.297205e+00 1.421471e+00
    endloop
  endfacet
  facet normal -6.199934e-19 -2.547805e-01 9.669989e-01
    outer loop
      vertex   1.112600e+01 -9.297205e+00 1.421471e+00
      vertex   1.112600e+01 -9.280618e+00 1.425842e+00
      vertex   1.076400e+01 -9.280618e+00 1.425842e+00
    endloop
  endfacet
  facet normal 0.000000e+00 -2.547805e-01 9.669989e-01
    outer loop
      vertex   1.112600e+01 -9.297205e+00 1.421471e+00
      vertex   1.076400e+01 -9.280618e+00 1.425842e+00
      vertex   1.076400e+01 -9.297205e+00 1.421471e+00
    endloop
  endfacet
  facet normal -5.937606e-16 -2.547805e-01 9.669989e-01
    outer loop
      vertex   1.076400e+01 -9.297205e+00 1.421471e+00
      vertex   1.076400e+01 -9.280618e+00 1.425842e+00
      vertex   1.040200e+01 -9.280618e+00 1.425842e+00
    endloop
  endfacet
  facet normal -4.208692e-16 -8.576805e-02 9.963151e-01
    outer loop
      vertex   1.004000e+01 -9.297205e+00 1.421471e+00
      vertex   1.366000e+01 -9.314296e+00 1.420000e+00
      vertex   1.040200e+01 -9.297205e+00 1.421471e+00
    endloop
  endfacet
  facet normal -1.250224e-15 -2.547805e-01 9.669989e-01
    outer loop
      vertex   1.040200e+01 -9.297205e+00 1.421471e+00
      vertex   1.004000e+01 -9.280618e+00 1.425842e+00
      vertex   1.004000e+01 -9.297205e+00 1.421471e+00
    endloop
  endfacet
  facet normal -1.249163e-15 -2.547805e-01 9.669989e-01
    outer loop
      vertex   1.004000e+01 -9.297205e+00 1.421471e+00
      vertex   1.004000e+01 -9.280618e+00 1.425842e+00
      vertex   9.678000e+00 -9.280618e+00 1.425842e+00
    endloop
  endfacet
  facet normal 0.000000e+00 -2.547805e-01 9.669989e-01
    outer loop
      vertex   1.004000e+01 -9.297205e+00 1.421471e+00
      vertex   9.678000e+00 -9.280618e+00 1.425842e+00
      vertex   9.678000e+00 -9.297205e+00 1.421471e+00
    endloop
  endfacet
  facet normal -1.185221e-15 -2.547805e-01 9.669989e-01
    outer loop
      vertex   9.678000e+00 -9.297205e+00 1.421471e+00
      vertex   9.678000e+00 -9.280618e+00 1.425842e+00
      vertex   9.316000e+00 -9.280618e+00 1.425842e+00
    endloop
  endfacet
  facet normal 0.000000e+00 -8.576805e-02 9.963151e-01
    outer loop
      vertex   8.954000e+00 -9.297205e+00 1.421471e+00
      vertex   6.420000e+00 -9.314296e+00 1.420000e+00
      vertex   9.316000e+00 -9.297205e+00 1.421471e+00
    endloop
  endfacet
  facet normal 5.584395e-19 -2.547805e-01 9.669989e-01
    outer loop
      vertex   8.954000e+00 -9.280618e+00 1.425842e+00
      vertex   8.954000e+00 -9.297205e+00 1.421471e+00
      vertex   9.316000e+00 -9.297205e+00 1.421471e+00
    endloop
  endfacet
  facet normal 0.000000e+00 -2.547805e-01 9.669989e-01
    outer loop
      vertex   8.230000e+00 -9.297205e+00 1.421471e+00
      vertex   8.592000e+00 -9.297205e+00 1.421471e+00
      vertex   8.230000e+00 -9.280618e+00 1.425842e+00
    endloop
  endfacet
  facet normal 0.000000e+00 -2.547805e-01 9.669989e-01
    outer loop
      vertex   8.230000e+00 -9.280618e+00 1.425842e+00
      vertex   8.592000e+00 -9.297205e+00 1.421471e+00
      vertex   8.592000e+00 -9.280618e+00 1.425842e+00
    endloop
  endfacet
  facet normal 0.000000e+00 -4.162960e-01 9.092291e-01
    outer loop
      vertex   8.230000e+00 -9.280618e+00 1.425842e+00
      vertex   8.592000e+00 -9.280618e+00 1.425842e+00
      vertex   8.230000e+00 -9.265021e+00 1.432983e+00
    endloop
  endfacet
  facet normal 0.000000e+00 -4.162960e-01 9.092291e-01
    outer loop
      vertex   8.230000e+00 -9.265021e+00 1.432983e+00
      vertex   8.592000e+00 -9.280618e+00 1.425842e+00
      vertex   8.592000e+00 -9.265021e+00 1.432983e+00
    endloop
  endfacet
  facet normal 0.000000e+00 -5.655623e-01 8.247056e-01
    outer loop
      vertex   8.230000e+00 -9.265021e+00 1.432983e+00
      vertex   8.592000e+00 -9.265021e+00 1.432983e+00
      vertex   8.230000e+00 -9.250874e+00 1.442684e+00
    endloop
  endfacet
  facet normal 0.000000e+00 -5.655623e-01 8.247056e-01
    outer loop
      vertex   8.230000e+00 -9.250874e+00 1.442684e+00
      vertex   8.592000e+00 -9.265021e+00 1.432983e+00
      vertex   8.592000e+00 -9.250874e+00 1.442684e+00
    endloop
  endfacet
  facet normal 0.000000e+00 -6.981870e-01 7.159154e-01
    outer loop
      vertex   8.230000e+00 -9.250874e+00 1.442684e+00
      vertex   8.592000e+00 -9.250874e+00 1.442684e+00
      vertex   8.230000e+00 -9.238594e+00 1.454660e+00
    endloop
  endfacet
  facet normal 0.000000e+00 -6.981870e-01 7.159154e-01
    outer loop
      vertex   8.230000e+00 -9.238594e+00 1.454660e+00
      vertex   8.592000e+00 -9.250874e+00 1.442684e+00
      vertex   8.592000e+00 -9.238594e+00 1.454660e+00
    endloop
  endfacet
  facet normal 0.000000e+00 -8.102679e-01 5.860597e-01
    outer loop
      vertex   8.230000e+00 -9.238594e+00 1.454660e+00
      vertex   8.592000e+00 -9.238594e+00 1.454660e+00
      vertex   8.230000e+00 -9.228541e+00 1.468560e+00
    endloop
  endfacet
  facet normal 0.000000e+00 -8.102679e-01 5.860597e-01
    outer loop
      vertex   8.230000e+00 -9.228541e+00 1.468560e+00
      vertex   8.592000e+00 -9.238594e+00 1.454660e+00
      vertex   8.592000e+00 -9.228541e+00 1.468560e+00
    endloop
  endfacet
  facet normal 0.000000e+00 -8.985069e-01 4.389593e-01
    outer loop
      vertex   8.230000e+00 -9.228541e+00 1.468560e+00
      vertex   8.592000e+00 -9.228541e+00 1.468560e+00
      vertex   8.230000e+00 -9.221011e+00 1.483972e+00
    endloop
  endfacet
  facet normal 5.925206e-16 -2.547805e-01 9.669989e-01
    outer loop
      vertex   1.293600e+01 -9.297205e+00 1.421471e+00
      vertex   1.293600e+01 -9.280618e+00 1.425842e+00
      vertex   1.257400e+01 -9.280618e+00 1.425842e+00
    endloop
  endfacet
  facet normal 5.577056e-16 -4.162960e-01 9.092291e-01
    outer loop
      vertex   1.257400e+01 -9.280618e+00 1.425842e+00
      vertex   1.293600e+01 -9.280618e+00 1.425842e+00
      vertex   1.257400e+01 -9.265021e+00 1.432983e+00
    endloop
  endfacet
  facet normal 5.570216e-16 -4.162960e-01 9.092291e-01
    outer loop
      vertex   1.257400e+01 -9.280618e+00 1.425842e+00
      vertex   1.257400e+01 -9.265021e+00 1.432983e+00
      vertex   1.221200e+01 -9.265021e+00 1.432983e+00
    endloop
  endfacet
  facet normal 5.058603e-16 -5.655623e-01 8.247056e-01
    outer loop
      vertex   1.221200e+01 -9.265021e+00 1.432983e+00
      vertex   1.257400e+01 -9.265021e+00 1.432983e+00
      vertex   1.221200e+01 -9.250874e+00 1.442684e+00
    endloop
  endfacet
  facet normal -5.045664e-16 -5.655623e-01 8.247056e-01
    outer loop
      vertex   1.221200e+01 -9.265021e+00 1.432983e+00
      vertex   1.221200e+01 -9.250874e+00 1.442684e+00
      vertex   1.185000e+01 -9.250874e+00 1.442684e+00
    endloop
  endfacet
  facet normal -4.391303e-16 -6.981870e-01 7.159154e-01
    outer loop
      vertex   1.185000e+01 -9.250874e+00 1.442684e+00
      vertex   1.221200e+01 -9.250874e+00 1.442684e+00
      vertex   1.185000e+01 -9.238594e+00 1.454660e+00
    endloop
  endfacet
  facet normal 4.372443e-16 -6.981870e-01 7.159154e-01
    outer loop
      vertex   1.185000e+01 -9.250874e+00 1.442684e+00
      vertex   1.185000e+01 -9.238594e+00 1.454660e+00
      vertex   1.148800e+01 -9.238594e+00 1.454660e+00
    endloop
  endfacet
  facet normal 3.594790e-16 -8.102679e-01 5.860597e-01
    outer loop
      vertex   1.148800e+01 -9.238594e+00 1.454660e+00
      vertex   1.185000e+01 -9.238594e+00 1.454660e+00
      vertex   1.148800e+01 -9.228541e+00 1.468560e+00
    endloop
  endfacet
  facet normal 2.117840e-18 -8.102679e-01 5.860597e-01
    outer loop
      vertex   1.148800e+01 -9.238594e+00 1.454660e+00
      vertex   1.148800e+01 -9.228541e+00 1.468560e+00
      vertex   1.112600e+01 -9.228541e+00 1.468560e+00
    endloop
  endfacet
  facet normal 0.000000e+00 -8.985069e-01 4.389593e-01
    outer loop
      vertex   1.112600e+01 -9.228541e+00 1.468560e+00
      vertex   1.148800e+01 -9.228541e+00 1.468560e+00
      vertex   1.112600e+01 -9.221011e+00 1.483972e+00
    endloop
  endfacet
  facet normal -1.082949e-18 -8.985069e-01 4.389593e-01
    outer loop
      vertex   1.112600e+01 -9.228541e+00 1.468560e+00
      vertex   1.112600e+01 -9.221011e+00 1.483972e+00
      vertex   1.076400e+01 -9.221011e+00 1.483972e+00
    endloop
  endfacet
  facet normal 0.000000e+00 -9.603077e-01 2.789428e-01
    outer loop
      vertex   1.076400e+01 -9.221011e+00 1.483972e+00
      vertex   1.112600e+01 -9.221011e+00 1.483972e+00
      vertex   1.076400e+01 -9.216226e+00 1.500445e+00
    endloop
  endfacet
  facet normal -6.854692e-19 -9.603077e-01 2.789428e-01
    outer loop
      vertex   1.076400e+01 -9.221011e+00 1.483972e+00
      vertex   1.076400e+01 -9.216226e+00 1.500445e+00
      vertex   1.040200e+01 -9.216226e+00 1.500445e+00
    endloop
  endfacet
  facet normal 0.000000e+00 -9.938518e-01 1.107184e-01
    outer loop
      vertex   1.040200e+01 -9.216226e+00 1.500445e+00
      vertex   1.076400e+01 -9.216226e+00 1.500445e+00
      vertex   1.040200e+01 -9.214327e+00 1.517493e+00
    endloop
  endfacet
  facet normal 3.897183e-19 -9.938518e-01 1.107184e-01
    outer loop
      vertex   1.040200e+01 -9.216226e+00 1.500445e+00
      vertex   1.040200e+01 -9.214327e+00 1.517493e+00
      vertex   1.004000e+01 -9.214327e+00 1.517493e+00
    endloop
  endfacet
  facet normal 0.000000e+00 -9.981522e-01 -6.076377e-02
    outer loop
      vertex   1.004000e+01 -9.214327e+00 1.517493e+00
      vertex   1.040200e+01 -9.214327e+00 1.517493e+00
      vertex   1.004000e+01 -9.215369e+00 1.534615e+00
    endloop
  endfacet
  facet normal 1.930863e-19 -9.981522e-01 -6.076377e-02
    outer loop
      vertex   1.004000e+01 -9.214327e+00 1.517493e+00
      vertex   1.004000e+01 -9.215369e+00 1.534615e+00
      vertex   9.678000e+00 -9.215369e+00 1.534615e+00
    endloop
  endfacet
  facet normal 0.000000e+00 -9.730823e-01 -2.304580e-01
    outer loop
      vertex   9.678000e+00 -9.215369e+00 1.534615e+00
      vertex   1.004000e+01 -9.215369e+00 1.534615e+00
      vertex   6.420000e+00 -9.219322e+00 1.551307e+00
    endloop
  endfacet
  facet normal 0.000000e+00 -4.162960e-01 9.092291e-01
    outer loop
      vertex   1.257400e+01 -9.265021e+00 1.432983e+00
      vertex   1.293600e+01 -9.280618e+00 1.425842e+00
      vertex   1.293600e+01 -9.265021e+00 1.432983e+00
    endloop
  endfacet
  facet normal -5.577056e-16 -4.162960e-01 9.092291e-01
    outer loop
      vertex   1.221200e+01 -9.280618e+00 1.425842e+00
      vertex   1.185000e+01 -9.265021e+00 1.432983e+00
      vertex   1.185000e+01 -9.280618e+00 1.425842e+00
    endloop
  endfacet
  facet normal 4.816447e-19 -4.162960e-01 9.092291e-01
    outer loop
      vertex   1.185000e+01 -9.280618e+00 1.425842e+00
      vertex   1.185000e+01 -9.265021e+00 1.432983e+00
      vertex   1.148800e+01 -9.265021e+00 1.432983e+00
    endloop
  endfacet
  facet normal 0.000000e+00 -4.162960e-01 9.092291e-01
    outer loop
      vertex   1.185000e+01 -9.280618e+00 1.425842e+00
      vertex   1.148800e+01 -9.265021e+00 1.432983e+00
      vertex   1.148800e+01 -9.280618e+00 1.425842e+00
    endloop
  endfacet
  facet normal 4.816447e-19 -4.162960e-01 9.092291e-01
    outer loop
      vertex   1.148800e+01 -9.280618e+00 1.425842e+00
      vertex   1.148800e+01 -9.265021e+00 1.432983e+00
      vertex   1.112600e+01 -9.265021e+00 1.432983e+00
    endloop
  endfacet
  facet normal 0.000000e+00 -4.162960e-01 9.092291e-01
    outer loop
      vertex   1.112600e+01 -9.280618e+00 1.425842e+00
      vertex   1.076400e+01 -9.265021e+00 1.432983e+00
      vertex   1.076400e+01 -9.280618e+00 1.425842e+00
    endloop
  endfacet
  facet normal -1.114930e-15 -4.162960e-01 9.092291e-01
    outer loop
      vertex   1.076400e+01 -9.280618e+00 1.425842e+00
      vertex   1.076400e+01 -9.265021e+00 1.432983e+00
      vertex   1.040200e+01 -9.265021e+00 1.432983e+00
    endloop
  endfacet
  facet normal -5.577056e-16 -4.162960e-01 9.092291e-01
    outer loop
      vertex   1.076400e+01 -9.280618e+00 1.425842e+00
      vertex   1.040200e+01 -9.265021e+00 1.432983e+00
      vertex   1.040200e+01 -9.280618e+00 1.425842e+00
    endloop
  endfacet
  facet normal -6.839752e-19 -4.162960e-01 9.092291e-01
    outer loop
      vertex   1.040200e+01 -9.280618e+00 1.425842e+00
      vertex   1.040200e+01 -9.265021e+00 1.432983e+00
      vertex   1.004000e+01 -9.265021e+00 1.432983e+00
    endloop
  endfacet
  facet normal -2.042791e-15 -4.162960e-01 9.092291e-01
    outer loop
      vertex   1.004000e+01 -9.280618e+00 1.425842e+00
      vertex   9.678000e+00 -9.265021e+00 1.432983e+00
      vertex   9.678000e+00 -9.280618e+00 1.425842e+00
    endloop
  endfacet
  facet normal -5.583515e-16 -4.162960e-01 9.092291e-01
    outer loop
      vertex   9.678000e+00 -9.280618e+00 1.425842e+00
      vertex   9.678000e+00 -9.265021e+00 1.432983e+00
      vertex   9.316000e+00 -9.265021e+00 1.432983e+00
    endloop
  endfacet
  facet normal -1.115411e-15 -4.162960e-01 9.092291e-01
    outer loop
      vertex   9.678000e+00 -9.280618e+00 1.425842e+00
      vertex   9.316000e+00 -9.265021e+00 1.432983e+00
      vertex   9.316000e+00 -9.280618e+00 1.425842e+00
    endloop
  endfacet
  facet normal 5.197144e-19 -4.162960e-01 9.092291e-01
    outer loop
      vertex   9.316000e+00 -9.280618e+00 1.425842e+00
      vertex   9.316000e+00 -9.265021e+00 1.432983e+00
      vertex   8.954000e+00 -9.265021e+00 1.432983e+00
    endloop
  endfacet
  facet normal -1.185723e-15 -2.547805e-01 9.669989e-01
    outer loop
      vertex   8.230000e+00 -9.297205e+00 1.421471e+00
      vertex   8.230000e+00 -9.280618e+00 1.425842e+00
      vertex   7.868000e+00 -9.280618e+00 1.425842e+00
    endloop
  endfacet
  facet normal -1.115411e-15 -4.162960e-01 9.092291e-01
    outer loop
      vertex   7.868000e+00 -9.280618e+00 1.425842e+00
      vertex   8.230000e+00 -9.280618e+00 1.425842e+00
      vertex   7.868000e+00 -9.265021e+00 1.432983e+00
    endloop
  endfacet
  facet normal -6.459056e-19 -4.162960e-01 9.092291e-01
    outer loop
      vertex   7.868000e+00 -9.280618e+00 1.425842e+00
      vertex   7.868000e+00 -9.265021e+00 1.432983e+00
      vertex   7.506000e+00 -9.265021e+00 1.432983e+00
    endloop
  endfacet
  facet normal 0.000000e+00 -5.655623e-01 8.247056e-01
    outer loop
      vertex   7.506000e+00 -9.265021e+00 1.432983e+00
      vertex   7.868000e+00 -9.265021e+00 1.432983e+00
      vertex   7.506000e+00 -9.250874e+00 1.442684e+00
    endloop
  endfacet
  facet normal 5.066722e-16 -5.655623e-01 8.247056e-01
    outer loop
      vertex   7.506000e+00 -9.265021e+00 1.432983e+00
      vertex   7.506000e+00 -9.250874e+00 1.442684e+00
      vertex   7.144000e+00 -9.250874e+00 1.442684e+00
    endloop
  endfacet
  facet normal 4.391303e-16 -6.981870e-01 7.159154e-01
    outer loop
      vertex   7.144000e+00 -9.250874e+00 1.442684e+00
      vertex   7.506000e+00 -9.250874e+00 1.442684e+00
      vertex   7.144000e+00 -9.238594e+00 1.454660e+00
    endloop
  endfacet
  facet normal -4.401245e-16 -6.981870e-01 7.159154e-01
    outer loop
      vertex   7.144000e+00 -9.250874e+00 1.442684e+00
      vertex   7.144000e+00 -9.238594e+00 1.454660e+00
      vertex   6.782000e+00 -9.238594e+00 1.454660e+00
    endloop
  endfacet
  facet normal -3.594790e-16 -8.102679e-01 5.860597e-01
    outer loop
      vertex   6.782000e+00 -9.238594e+00 1.454660e+00
      vertex   7.144000e+00 -9.238594e+00 1.454660e+00
      vertex   6.782000e+00 -9.228541e+00 1.468560e+00
    endloop
  endfacet
  facet normal -5.577056e-16 -4.162960e-01 9.092291e-01
    outer loop
      vertex   7.868000e+00 -9.265021e+00 1.432983e+00
      vertex   8.230000e+00 -9.280618e+00 1.425842e+00
      vertex   8.230000e+00 -9.265021e+00 1.432983e+00
    endloop
  endfacet
  facet normal -5.058603e-16 -5.655623e-01 8.247056e-01
    outer loop
      vertex   1.293600e+01 -9.250874e+00 1.442684e+00
      vertex   1.329800e+01 -9.265021e+00 1.432983e+00
      vertex   1.329800e+01 -9.250874e+00 1.442684e+00
    endloop
  endfacet
  facet normal 0.000000e+00 -5.655623e-01 8.247056e-01
    outer loop
      vertex   1.221200e+01 -9.250874e+00 1.442684e+00
      vertex   1.257400e+01 -9.265021e+00 1.432983e+00
      vertex   1.257400e+01 -9.250874e+00 1.442684e+00
    endloop
  endfacet
  facet normal 8.119042e-19 -5.655623e-01 8.247056e-01
    outer loop
      vertex   1.257400e+01 -9.250874e+00 1.442684e+00
      vertex   1.257400e+01 -9.265021e+00 1.432983e+00
      vertex   1.293600e+01 -9.265021e+00 1.432983e+00
    endloop
  endfacet
  facet normal 0.000000e+00 -5.655623e-01 8.247056e-01
    outer loop
      vertex   1.185000e+01 -9.265021e+00 1.432983e+00
      vertex   1.148800e+01 -9.250874e+00 1.442684e+00
      vertex   1.148800e+01 -9.265021e+00 1.432983e+00
    endloop
  endfacet
  facet normal 1.293851e-18 -5.655623e-01 8.247056e-01
    outer loop
      vertex   1.148800e+01 -9.265021e+00 1.432983e+00
      vertex   1.148800e+01 -9.250874e+00 1.442684e+00
      vertex   1.112600e+01 -9.250874e+00 1.442684e+00
    endloop
  endfacet
  facet normal 0.000000e+00 -5.655623e-01 8.247056e-01
    outer loop
      vertex   1.148800e+01 -9.265021e+00 1.432983e+00
      vertex   1.112600e+01 -9.250874e+00 1.442684e+00
      vertex   1.112600e+01 -9.265021e+00 1.432983e+00
    endloop
  endfacet
  facet normal 1.293851e-18 -5.655623e-01 8.247056e-01
    outer loop
      vertex   1.112600e+01 -9.265021e+00 1.432983e+00
      vertex   1.112600e+01 -9.250874e+00 1.442684e+00
      vertex   1.076400e+01 -9.250874e+00 1.442684e+00
    endloop
  endfacet
  facet normal -1.011721e-15 -5.655623e-01 8.247056e-01
    outer loop
      vertex   1.076400e+01 -9.265021e+00 1.432983e+00
      vertex   1.040200e+01 -9.250874e+00 1.442684e+00
      vertex   1.040200e+01 -9.265021e+00 1.432983e+00
    endloop
  endfacet
  facet normal 3.299574e-19 -5.655623e-01 8.247056e-01
    outer loop
      vertex   1.040200e+01 -9.265021e+00 1.432983e+00
      vertex   1.040200e+01 -9.250874e+00 1.442684e+00
      vertex   1.004000e+01 -9.250874e+00 1.442684e+00
    endloop
  endfacet
  facet normal 0.000000e+00 -5.655623e-01 8.247056e-01
    outer loop
      vertex   1.040200e+01 -9.265021e+00 1.432983e+00
      vertex   1.004000e+01 -9.250874e+00 1.442684e+00
      vertex   1.004000e+01 -9.265021e+00 1.432983e+00
    endloop
  endfacet
  facet normal 3.299574e-19 -5.655623e-01 8.247056e-01
    outer loop
      vertex   1.004000e+01 -9.265021e+00 1.432983e+00
      vertex   1.004000e+01 -9.250874e+00 1.442684e+00
      vertex   9.678000e+00 -9.250874e+00 1.442684e+00
    endloop
  endfacet
  facet normal 8.119042e-19 -5.655623e-01 8.247056e-01
    outer loop
      vertex   8.954000e+00 -9.250874e+00 1.442684e+00
      vertex   8.954000e+00 -9.265021e+00 1.432983e+00
      vertex   9.316000e+00 -9.265021e+00 1.432983e+00
    endloop
  endfacet
  facet normal 0.000000e+00 -5.655623e-01 8.247056e-01
    outer loop
      vertex   8.954000e+00 -9.250874e+00 1.442684e+00
      vertex   9.316000e+00 -9.265021e+00 1.432983e+00
      vertex   9.316000e+00 -9.250874e+00 1.442684e+00
    endloop
  endfacet
  facet normal -5.050484e-16 -5.655623e-01 8.247056e-01
    outer loop
      vertex   9.316000e+00 -9.250874e+00 1.442684e+00
      vertex   9.316000e+00 -9.265021e+00 1.432983e+00
      vertex   9.678000e+00 -9.265021e+00 1.432983e+00
    endloop
  endfacet
  facet normal -5.058603e-16 -5.655623e-01 8.247056e-01
    outer loop
      vertex   7.868000e+00 -9.265021e+00 1.432983e+00
      vertex   8.230000e+00 -9.265021e+00 1.432983e+00
      vertex   7.868000e+00 -9.250874e+00 1.442684e+00
    endloop
  endfacet
  facet normal -5.058603e-16 -5.655623e-01 8.247056e-01
    outer loop
      vertex   7.868000e+00 -9.250874e+00 1.442684e+00
      vertex   8.230000e+00 -9.265021e+00 1.432983e+00
      vertex   8.230000e+00 -9.250874e+00 1.442684e+00
    endloop
  endfacet
  facet normal -4.391303e-16 -6.981870e-01 7.159154e-01
    outer loop
      vertex   7.868000e+00 -9.250874e+00 1.442684e+00
      vertex   8.230000e+00 -9.250874e+00 1.442684e+00
      vertex   7.868000e+00 -9.238594e+00 1.454660e+00
    endloop
  endfacet
  facet normal 0.000000e+00 -6.981870e-01 7.159154e-01
    outer loop
      vertex   7.868000e+00 -9.238594e+00 1.454660e+00
      vertex   8.230000e+00 -9.250874e+00 1.442684e+00
      vertex   8.230000e+00 -9.238594e+00 1.454660e+00
    endloop
  endfacet
  facet normal 0.000000e+00 -8.102679e-01 5.860597e-01
    outer loop
      vertex   7.868000e+00 -9.238594e+00 1.454660e+00
      vertex   8.230000e+00 -9.238594e+00 1.454660e+00
      vertex   7.868000e+00 -9.228541e+00 1.468560e+00
    endloop
  endfacet
  facet normal -3.594790e-16 -8.102679e-01 5.860597e-01
    outer loop
      vertex   7.868000e+00 -9.228541e+00 1.468560e+00
      vertex   8.230000e+00 -9.238594e+00 1.454660e+00
      vertex   8.230000e+00 -9.228541e+00 1.468560e+00
    endloop
  endfacet
  facet normal -2.692501e-16 -8.985069e-01 4.389593e-01
    outer loop
      vertex   7.868000e+00 -9.228541e+00 1.468560e+00
      vertex   8.230000e+00 -9.228541e+00 1.468560e+00
      vertex   7.868000e+00 -9.221011e+00 1.483972e+00
    endloop
  endfacet
  facet normal -2.692501e-16 -8.985069e-01 4.389593e-01
    outer loop
      vertex   7.868000e+00 -9.221011e+00 1.483972e+00
      vertex   8.230000e+00 -9.228541e+00 1.468560e+00
      vertex   8.230000e+00 -9.221011e+00 1.483972e+00
    endloop
  endfacet
  facet normal -1.710987e-16 -9.603077e-01 2.789428e-01
    outer loop
      vertex   7.868000e+00 -9.221011e+00 1.483972e+00
      vertex   8.230000e+00 -9.221011e+00 1.483972e+00
      vertex   7.868000e+00 -9.216226e+00 1.500445e+00
    endloop
  endfacet
  facet normal -4.391303e-16 -6.981870e-01 7.159154e-01
    outer loop
      vertex   1.293600e+01 -9.250874e+00 1.442684e+00
      vertex   1.329800e+01 -9.250874e+00 1.442684e+00
      vertex   1.293600e+01 -9.238594e+00 1.454660e+00
    endloop
  endfacet
  facet normal -8.782605e-16 -6.981870e-01 7.159154e-01
    outer loop
      vertex   1.293600e+01 -9.238594e+00 1.454660e+00
      vertex   1.329800e+01 -9.250874e+00 1.442684e+00
      vertex   1.329800e+01 -9.238594e+00 1.454660e+00
    endloop
  endfacet
  facet normal -7.189579e-16 -8.102679e-01 5.860597e-01
    outer loop
      vertex   1.293600e+01 -9.238594e+00 1.454660e+00
      vertex   1.329800e+01 -9.238594e+00 1.454660e+00
      vertex   1.293600e+01 -9.228541e+00 1.468560e+00
    endloop
  endfacet
  facet normal -3.594790e-16 -8.102679e-01 5.860597e-01
    outer loop
      vertex   1.293600e+01 -9.228541e+00 1.468560e+00
      vertex   1.329800e+01 -9.238594e+00 1.454660e+00
      vertex   1.329800e+01 -9.228541e+00 1.468560e+00
    endloop
  endfacet
  facet normal -2.692501e-16 -8.985069e-01 4.389593e-01
    outer loop
      vertex   1.293600e+01 -9.228541e+00 1.468560e+00
      vertex   1.329800e+01 -9.228541e+00 1.468560e+00
      vertex   1.293600e+01 -9.221011e+00 1.483972e+00
    endloop
  endfacet
  facet normal -2.692501e-16 -8.985069e-01 4.389593e-01
    outer loop
      vertex   1.293600e+01 -9.221011e+00 1.483972e+00
      vertex   1.329800e+01 -9.228541e+00 1.468560e+00
      vertex   1.329800e+01 -9.221011e+00 1.483972e+00
    endloop
  endfacet
  facet normal -1.710987e-16 -9.603077e-01 2.789428e-01
    outer loop
      vertex   1.293600e+01 -9.221011e+00 1.483972e+00
      vertex   1.329800e+01 -9.221011e+00 1.483972e+00
      vertex   1.293600e+01 -9.216226e+00 1.500445e+00
    endloop
  endfacet
  facet normal 0.000000e+00 -9.603077e-01 2.789428e-01
    outer loop
      vertex   1.293600e+01 -9.216226e+00 1.500445e+00
      vertex   1.329800e+01 -9.221011e+00 1.483972e+00
      vertex   1.329800e+01 -9.216226e+00 1.500445e+00
    endloop
  endfacet
  facet normal 0.000000e+00 -9.938518e-01 1.107184e-01
    outer loop
      vertex   1.293600e+01 -9.216226e+00 1.500445e+00
      vertex   1.329800e+01 -9.216226e+00 1.500445e+00
      vertex   1.293600e+01 -9.214327e+00 1.517493e+00
    endloop
  endfacet
  facet normal 0.000000e+00 -9.938518e-01 1.107184e-01
    outer loop
      vertex   1.293600e+01 -9.214327e+00 1.517493e+00
      vertex   1.329800e+01 -9.216226e+00 1.500445e+00
      vertex   1.329800e+01 -9.214327e+00 1.517493e+00
    endloop
  endfacet
  facet normal 0.000000e+00 -9.981522e-01 -6.076377e-02
    outer loop
      vertex   1.293600e+01 -9.214327e+00 1.517493e+00
      vertex   1.329800e+01 -9.214327e+00 1.517493e+00
      vertex   1.293600e+01 -9.215369e+00 1.534615e+00
    endloop
  endfacet
  facet normal 3.727145e-17 -9.981522e-01 -6.076377e-02
    outer loop
      vertex   1.293600e+01 -9.215369e+00 1.534615e+00
      vertex   1.329800e+01 -9.214327e+00 1.517493e+00
      vertex   1.329800e+01 -9.215369e+00 1.534615e+00
    endloop
  endfacet
  facet normal 1.413590e-16 -9.730823e-01 -2.304580e-01
    outer loop
      vertex   1.293600e+01 -9.215369e+00 1.534615e+00
      vertex   1.329800e+01 -9.215369e+00 1.534615e+00
      vertex   1.366000e+01 -9.219322e+00 1.551307e+00
    endloop
  endfacet
  facet normal -3.865178e-15 -6.981870e-01 7.159154e-01
    outer loop
      vertex   1.185000e+01 -9.238594e+00 1.454660e+00
      vertex   1.221200e+01 -9.250874e+00 1.442684e+00
      vertex   1.221200e+01 -9.238594e+00 1.454660e+00
    endloop
  endfacet
  facet normal -1.393602e-18 -6.981870e-01 7.159154e-01
    outer loop
      vertex   1.221200e+01 -9.238594e+00 1.454660e+00
      vertex   1.221200e+01 -9.250874e+00 1.442684e+00
      vertex   1.257400e+01 -9.250874e+00 1.442684e+00
    endloop
  endfacet
  facet normal 0.000000e+00 -6.981870e-01 7.159154e-01
    outer loop
      vertex   1.148800e+01 -9.250874e+00 1.442684e+00
      vertex   1.112600e+01 -9.238594e+00 1.454660e+00
      vertex   1.112600e+01 -9.250874e+00 1.442684e+00
    endloop
  endfacet
  facet normal 7.424094e-19 -6.981870e-01 7.159154e-01
    outer loop
      vertex   1.112600e+01 -9.250874e+00 1.442684e+00
      vertex   1.112600e+01 -9.238594e+00 1.454660e+00
      vertex   1.076400e+01 -9.238594e+00 1.454660e+00
    endloop
  endfacet
  facet normal 0.000000e+00 -6.981870e-01 7.159154e-01
    outer loop
      vertex   1.112600e+01 -9.250874e+00 1.442684e+00
      vertex   1.076400e+01 -9.238594e+00 1.454660e+00
      vertex   1.076400e+01 -9.250874e+00 1.442684e+00
    endloop
  endfacet
  facet normal -4.383878e-16 -6.981870e-01 7.159154e-01
    outer loop
      vertex   1.076400e+01 -9.250874e+00 1.442684e+00
      vertex   1.076400e+01 -9.238594e+00 1.454660e+00
      vertex   1.040200e+01 -9.238594e+00 1.454660e+00
    endloop
  endfacet
  facet normal 0.000000e+00 -6.981870e-01 7.159154e-01
    outer loop
      vertex   1.040200e+01 -9.250874e+00 1.442684e+00
      vertex   1.004000e+01 -9.238594e+00 1.454660e+00
      vertex   1.004000e+01 -9.250874e+00 1.442684e+00
    endloop
  endfacet
  facet normal 4.372443e-16 -6.981870e-01 7.159154e-01
    outer loop
      vertex   1.004000e+01 -9.250874e+00 1.442684e+00
      vertex   1.004000e+01 -9.238594e+00 1.454660e+00
      vertex   9.678000e+00 -9.238594e+00 1.454660e+00
    endloop
  endfacet
  facet normal 0.000000e+00 -6.981870e-01 7.159154e-01
    outer loop
      vertex   1.004000e+01 -9.250874e+00 1.442684e+00
      vertex   9.678000e+00 -9.238594e+00 1.454660e+00
      vertex   9.678000e+00 -9.250874e+00 1.442684e+00
    endloop
  endfacet
  facet normal -4.383878e-16 -6.981870e-01 7.159154e-01
    outer loop
      vertex   9.678000e+00 -9.250874e+00 1.442684e+00
      vertex   9.678000e+00 -9.238594e+00 1.454660e+00
      vertex   9.316000e+00 -9.238594e+00 1.454660e+00
    endloop
  endfacet
  facet normal -9.942910e-19 -6.981870e-01 7.159154e-01
    outer loop
      vertex   8.954000e+00 -9.238594e+00 1.454660e+00
      vertex   8.954000e+00 -9.250874e+00 1.442684e+00
      vertex   9.316000e+00 -9.250874e+00 1.442684e+00
    endloop
  endfacet
  facet normal 8.119042e-19 -5.655623e-01 8.247056e-01
    outer loop
      vertex   7.868000e+00 -9.265021e+00 1.432983e+00
      vertex   7.868000e+00 -9.250874e+00 1.442684e+00
      vertex   7.506000e+00 -9.250874e+00 1.442684e+00
    endloop
  endfacet
  facet normal 0.000000e+00 -6.981870e-01 7.159154e-01
    outer loop
      vertex   7.506000e+00 -9.250874e+00 1.442684e+00
      vertex   7.868000e+00 -9.250874e+00 1.442684e+00
      vertex   7.506000e+00 -9.238594e+00 1.454660e+00
    endloop
  endfacet
  facet normal 1.634028e-18 -6.981870e-01 7.159154e-01
    outer loop
      vertex   7.506000e+00 -9.250874e+00 1.442684e+00
      vertex   7.506000e+00 -9.238594e+00 1.454660e+00
      vertex   7.144000e+00 -9.238594e+00 1.454660e+00
    endloop
  endfacet
  facet normal 0.000000e+00 -8.102679e-01 5.860597e-01
    outer loop
      vertex   7.144000e+00 -9.238594e+00 1.454660e+00
      vertex   7.506000e+00 -9.238594e+00 1.454660e+00
      vertex   7.144000e+00 -9.228541e+00 1.468560e+00
    endloop
  endfacet
  facet normal -3.606756e-16 -8.102679e-01 5.860597e-01
    outer loop
      vertex   7.144000e+00 -9.238594e+00 1.454660e+00
      vertex   7.144000e+00 -9.228541e+00 1.468560e+00
      vertex   6.782000e+00 -9.228541e+00 1.468560e+00
    endloop
  endfacet
  facet normal -2.692501e-16 -8.985069e-01 4.389593e-01
    outer loop
      vertex   6.782000e+00 -9.228541e+00 1.468560e+00
      vertex   7.144000e+00 -9.228541e+00 1.468560e+00
      vertex   6.782000e+00 -9.221011e+00 1.483972e+00
    endloop
  endfacet
  facet normal 0.000000e+00 -6.981870e-01 7.159154e-01
    outer loop
      vertex   7.506000e+00 -9.238594e+00 1.454660e+00
      vertex   7.868000e+00 -9.250874e+00 1.442684e+00
      vertex   7.868000e+00 -9.238594e+00 1.454660e+00
    endloop
  endfacet
  facet normal -1.393602e-18 -6.981870e-01 7.159154e-01
    outer loop
      vertex   1.293600e+01 -9.250874e+00 1.442684e+00
      vertex   1.293600e+01 -9.238594e+00 1.454660e+00
      vertex   1.257400e+01 -9.238594e+00 1.454660e+00
    endloop
  endfacet
  facet normal 0.000000e+00 -8.102679e-01 5.860597e-01
    outer loop
      vertex   1.257400e+01 -9.238594e+00 1.454660e+00
      vertex   1.293600e+01 -9.238594e+00 1.454660e+00
      vertex   1.257400e+01 -9.228541e+00 1.468560e+00
    endloop
  endfacet
  facet normal 3.610999e-16 -8.102679e-01 5.860597e-01
    outer loop
      vertex   1.257400e+01 -9.238594e+00 1.454660e+00
      vertex   1.257400e+01 -9.228541e+00 1.468560e+00
      vertex   1.221200e+01 -9.228541e+00 1.468560e+00
    endloop
  endfacet
  facet normal 2.692501e-16 -8.985069e-01 4.389593e-01
    outer loop
      vertex   1.221200e+01 -9.228541e+00 1.468560e+00
      vertex   1.257400e+01 -9.228541e+00 1.468560e+00
      vertex   1.221200e+01 -9.221011e+00 1.483972e+00
    endloop
  endfacet
  facet normal -2.689520e-16 -8.985069e-01 4.389593e-01
    outer loop
      vertex   1.221200e+01 -9.228541e+00 1.468560e+00
      vertex   1.221200e+01 -9.221011e+00 1.483972e+00
      vertex   1.185000e+01 -9.221011e+00 1.483972e+00
    endloop
  endfacet
  facet normal -1.710987e-16 -9.603077e-01 2.789428e-01
    outer loop
      vertex   1.185000e+01 -9.221011e+00 1.483972e+00
      vertex   1.221200e+01 -9.221011e+00 1.483972e+00
      vertex   1.185000e+01 -9.216226e+00 1.500445e+00
    endloop
  endfacet
  facet normal 3.428315e-16 -9.603077e-01 2.789428e-01
    outer loop
      vertex   1.185000e+01 -9.221011e+00 1.483972e+00
      vertex   1.185000e+01 -9.216226e+00 1.500445e+00
      vertex   1.148800e+01 -9.216226e+00 1.500445e+00
    endloop
  endfacet
  facet normal 1.358256e-16 -9.938518e-01 1.107184e-01
    outer loop
      vertex   1.148800e+01 -9.216226e+00 1.500445e+00
      vertex   1.185000e+01 -9.216226e+00 1.500445e+00
      vertex   1.148800e+01 -9.214327e+00 1.517493e+00
    endloop
  endfacet
  facet normal 3.897183e-19 -9.938518e-01 1.107184e-01
    outer loop
      vertex   1.148800e+01 -9.216226e+00 1.500445e+00
      vertex   1.148800e+01 -9.214327e+00 1.517493e+00
      vertex   1.112600e+01 -9.214327e+00 1.517493e+00
    endloop
  endfacet
  facet normal 0.000000e+00 -9.981522e-01 -6.076377e-02
    outer loop
      vertex   1.112600e+01 -9.214327e+00 1.517493e+00
      vertex   1.148800e+01 -9.214327e+00 1.517493e+00
      vertex   1.112600e+01 -9.215369e+00 1.534615e+00
    endloop
  endfacet
  facet normal 1.930863e-19 -9.981522e-01 -6.076377e-02
    outer loop
      vertex   1.112600e+01 -9.214327e+00 1.517493e+00
      vertex   1.112600e+01 -9.215369e+00 1.534615e+00
      vertex   1.076400e+01 -9.215369e+00 1.534615e+00
    endloop
  endfacet
  facet normal 0.000000e+00 -9.730823e-01 -2.304580e-01
    outer loop
      vertex   1.076400e+01 -9.215369e+00 1.534615e+00
      vertex   1.112600e+01 -9.215369e+00 1.534615e+00
      vertex   1.366000e+01 -9.219322e+00 1.551307e+00
    endloop
  endfacet
  facet normal 0.000000e+00 -8.102679e-01 5.860597e-01
    outer loop
      vertex   1.257400e+01 -9.228541e+00 1.468560e+00
      vertex   1.293600e+01 -9.238594e+00 1.454660e+00
      vertex   1.293600e+01 -9.228541e+00 1.468560e+00
    endloop
  endfacet
  facet normal 0.000000e+00 -8.102679e-01 5.860597e-01
    outer loop
      vertex   1.148800e+01 -9.228541e+00 1.468560e+00
      vertex   1.185000e+01 -9.238594e+00 1.454660e+00
      vertex   1.185000e+01 -9.228541e+00 1.468560e+00
    endloop
  endfacet
  facet normal -4.336711e-15 -8.102679e-01 5.860597e-01
    outer loop
      vertex   1.185000e+01 -9.228541e+00 1.468560e+00
      vertex   1.185000e+01 -9.238594e+00 1.454660e+00
      vertex   1.221200e+01 -9.238594e+00 1.454660e+00
    endloop
  endfacet
  facet normal 0.000000e+00 -8.102679e-01 5.860597e-01
    outer loop
      vertex   1.112600e+01 -9.238594e+00 1.454660e+00
      vertex   1.076400e+01 -9.228541e+00 1.468560e+00
      vertex   1.076400e+01 -9.238594e+00 1.454660e+00
    endloop
  endfacet
  facet normal 1.620980e-18 -8.102679e-01 5.860597e-01
    outer loop
      vertex   1.076400e+01 -9.238594e+00 1.454660e+00
      vertex   1.076400e+01 -9.228541e+00 1.468560e+00
      vertex   1.040200e+01 -9.228541e+00 1.468560e+00
    endloop
  endfacet
  facet normal -3.594790e-16 -8.102679e-01 5.860597e-01
    outer loop
      vertex   1.076400e+01 -9.238594e+00 1.454660e+00
      vertex   1.040200e+01 -9.228541e+00 1.468560e+00
      vertex   1.040200e+01 -9.238594e+00 1.454660e+00
    endloop
  endfacet
  facet normal -1.196663e-18 -8.102679e-01 5.860597e-01
    outer loop
      vertex   1.040200e+01 -9.238594e+00 1.454660e+00
      vertex   1.040200e+01 -9.228541e+00 1.468560e+00
      vertex   1.004000e+01 -9.228541e+00 1.468560e+00
    endloop
  endfacet
  facet normal 3.594790e-16 -8.102679e-01 5.860597e-01
    outer loop
      vertex   1.004000e+01 -9.238594e+00 1.454660e+00
      vertex   9.678000e+00 -9.228541e+00 1.468560e+00
      vertex   9.678000e+00 -9.238594e+00 1.454660e+00
    endloop
  endfacet
  facet normal -3.578580e-16 -8.102679e-01 5.860597e-01
    outer loop
      vertex   9.678000e+00 -9.238594e+00 1.454660e+00
      vertex   9.678000e+00 -9.228541e+00 1.468560e+00
      vertex   9.316000e+00 -9.228541e+00 1.468560e+00
    endloop
  endfacet
  facet normal -3.594790e-16 -8.102679e-01 5.860597e-01
    outer loop
      vertex   9.678000e+00 -9.238594e+00 1.454660e+00
      vertex   9.316000e+00 -9.228541e+00 1.468560e+00
      vertex   9.316000e+00 -9.238594e+00 1.454660e+00
    endloop
  endfacet
  facet normal 3.610999e-16 -8.102679e-01 5.860597e-01
    outer loop
      vertex   9.316000e+00 -9.238594e+00 1.454660e+00
      vertex   9.316000e+00 -9.228541e+00 1.468560e+00
      vertex   8.954000e+00 -9.228541e+00 1.468560e+00
    endloop
  endfacet
  facet normal 0.000000e+00 -8.102679e-01 5.860597e-01
    outer loop
      vertex   7.506000e+00 -9.238594e+00 1.454660e+00
      vertex   7.868000e+00 -9.238594e+00 1.454660e+00
      vertex   7.506000e+00 -9.228541e+00 1.468560e+00
    endloop
  endfacet
  facet normal 0.000000e+00 -8.102679e-01 5.860597e-01
    outer loop
      vertex   7.506000e+00 -9.228541e+00 1.468560e+00
      vertex   7.868000e+00 -9.238594e+00 1.454660e+00
      vertex   7.868000e+00 -9.228541e+00 1.468560e+00
    endloop
  endfacet
  facet normal 0.000000e+00 -8.985069e-01 4.389593e-01
    outer loop
      vertex   7.506000e+00 -9.228541e+00 1.468560e+00
      vertex   7.868000e+00 -9.228541e+00 1.468560e+00
      vertex   7.506000e+00 -9.221011e+00 1.483972e+00
    endloop
  endfacet
  facet normal 2.692501e-16 -8.985069e-01 4.389593e-01
    outer loop
      vertex   7.506000e+00 -9.221011e+00 1.483972e+00
      vertex   7.868000e+00 -9.228541e+00 1.468560e+00
      vertex   7.868000e+00 -9.221011e+00 1.483972e+00
    endloop
  endfacet
  facet normal 1.710987e-16 -9.603077e-01 2.789428e-01
    outer loop
      vertex   7.506000e+00 -9.221011e+00 1.483972e+00
      vertex   7.868000e+00 -9.221011e+00 1.483972e+00
      vertex   7.506000e+00 -9.216226e+00 1.500445e+00
    endloop
  endfacet
  facet normal 0.000000e+00 -9.603077e-01 2.789428e-01
    outer loop
      vertex   7.506000e+00 -9.216226e+00 1.500445e+00
      vertex   7.868000e+00 -9.221011e+00 1.483972e+00
      vertex   7.868000e+00 -9.216226e+00 1.500445e+00
    endloop
  endfacet
  facet normal 0.000000e+00 -9.938518e-01 1.107184e-01
    outer loop
      vertex   7.506000e+00 -9.216226e+00 1.500445e+00
      vertex   7.868000e+00 -9.216226e+00 1.500445e+00
      vertex   7.506000e+00 -9.214327e+00 1.517493e+00
    endloop
  endfacet
  facet normal 0.000000e+00 -8.985069e-01 4.389593e-01
    outer loop
      vertex   1.257400e+01 -9.228541e+00 1.468560e+00
      vertex   1.293600e+01 -9.228541e+00 1.468560e+00
      vertex   1.257400e+01 -9.221011e+00 1.483972e+00
    endloop
  endfacet
  facet normal 0.000000e+00 -8.985069e-01 4.389593e-01
    outer loop
      vertex   1.257400e+01 -9.221011e+00 1.483972e+00
      vertex   1.293600e+01 -9.228541e+00 1.468560e+00
      vertex   1.293600e+01 -9.221011e+00 1.483972e+00
    endloop
  endfacet
  facet normal 0.000000e+00 -9.603077e-01 2.789428e-01
    outer loop
      vertex   1.257400e+01 -9.221011e+00 1.483972e+00
      vertex   1.293600e+01 -9.221011e+00 1.483972e+00
      vertex   1.257400e+01 -9.216226e+00 1.500445e+00
    endloop
  endfacet
  facet normal 0.000000e+00 -9.603077e-01 2.789428e-01
    outer loop
      vertex   1.257400e+01 -9.216226e+00 1.500445e+00
      vertex   1.293600e+01 -9.221011e+00 1.483972e+00
      vertex   1.293600e+01 -9.216226e+00 1.500445e+00
    endloop
  endfacet
  facet normal 0.000000e+00 -9.938518e-01 1.107184e-01
    outer loop
      vertex   1.257400e+01 -9.216226e+00 1.500445e+00
      vertex   1.293600e+01 -9.216226e+00 1.500445e+00
      vertex   1.257400e+01 -9.214327e+00 1.517493e+00
    endloop
  endfacet
  facet normal 0.000000e+00 -9.938518e-01 1.107184e-01
    outer loop
      vertex   1.257400e+01 -9.214327e+00 1.517493e+00
      vertex   1.293600e+01 -9.216226e+00 1.500445e+00
      vertex   1.293600e+01 -9.214327e+00 1.517493e+00
    endloop
  endfacet
  facet normal 0.000000e+00 -9.981522e-01 -6.076377e-02
    outer loop
      vertex   1.257400e+01 -9.214327e+00 1.517493e+00
      vertex   1.293600e+01 -9.214327e+00 1.517493e+00
      vertex   1.257400e+01 -9.215369e+00 1.534615e+00
    endloop
  endfacet
  facet normal 0.000000e+00 -9.981522e-01 -6.076377e-02
    outer loop
      vertex   1.257400e+01 -9.215369e+00 1.534615e+00
      vertex   1.293600e+01 -9.214327e+00 1.517493e+00
      vertex   1.293600e+01 -9.215369e+00 1.534615e+00
    endloop
  endfacet
  facet normal 0.000000e+00 -9.730823e-01 -2.304580e-01
    outer loop
      vertex   1.257400e+01 -9.215369e+00 1.534615e+00
      vertex   1.293600e+01 -9.215369e+00 1.534615e+00
      vertex   1.366000e+01 -9.219322e+00 1.551307e+00
    endloop
  endfacet
  facet normal 2.692501e-16 -8.985069e-01 4.389593e-01
    outer loop
      vertex   1.112600e+01 -9.221011e+00 1.483972e+00
      vertex   1.148800e+01 -9.228541e+00 1.468560e+00
      vertex   1.148800e+01 -9.221011e+00 1.483972e+00
    endloop
  endfacet
  facet normal 2.981164e-19 -8.985069e-01 4.389593e-01
    outer loop
      vertex   1.148800e+01 -9.221011e+00 1.483972e+00
      vertex   1.148800e+01 -9.228541e+00 1.468560e+00
      vertex   1.185000e+01 -9.228541e+00 1.468560e+00
    endloop
  endfacet
  facet normal 0.000000e+00 -8.985069e-01 4.389593e-01
    outer loop
      vertex   1.076400e+01 -9.228541e+00 1.468560e+00
      vertex   1.040200e+01 -9.221011e+00 1.483972e+00
      vertex   1.040200e+01 -9.228541e+00 1.468560e+00
    endloop
  endfacet
  facet normal 2.691875e-16 -8.985069e-01 4.389593e-01
    outer loop
      vertex   1.040200e+01 -9.228541e+00 1.468560e+00
      vertex   1.040200e+01 -9.221011e+00 1.483972e+00
      vertex   1.004000e+01 -9.221011e+00 1.483972e+00
    endloop
  endfacet
  facet normal 0.000000e+00 -8.985069e-01 4.389593e-01
    outer loop
      vertex   1.040200e+01 -9.228541e+00 1.468560e+00
      vertex   1.004000e+01 -9.221011e+00 1.483972e+00
      vertex   1.004000e+01 -9.228541e+00 1.468560e+00
    endloop
  endfacet
  facet normal 7.388514e-19 -8.985069e-01 4.389593e-01
    outer loop
      vertex   1.004000e+01 -9.228541e+00 1.468560e+00
      vertex   1.004000e+01 -9.221011e+00 1.483972e+00
      vertex   9.678000e+00 -9.221011e+00 1.483972e+00
    endloop
  endfacet
  facet normal 2.691875e-16 -8.985069e-01 4.389593e-01
    outer loop
      vertex   8.954000e+00 -9.221011e+00 1.483972e+00
      vertex   8.954000e+00 -9.228541e+00 1.468560e+00
      vertex   9.316000e+00 -9.228541e+00 1.468560e+00
    endloop
  endfacet
  facet normal 0.000000e+00 -8.985069e-01 4.389593e-01
    outer loop
      vertex   8.954000e+00 -9.221011e+00 1.483972e+00
      vertex   9.316000e+00 -9.228541e+00 1.468560e+00
      vertex   9.316000e+00 -9.221011e+00 1.483972e+00
    endloop
  endfacet
  facet normal -2.685113e-16 -8.985069e-01 4.389593e-01
    outer loop
      vertex   9.316000e+00 -9.221011e+00 1.483972e+00
      vertex   9.316000e+00 -9.228541e+00 1.468560e+00
      vertex   9.678000e+00 -9.228541e+00 1.468560e+00
    endloop
  endfacet
  facet normal 3.610999e-16 -8.102679e-01 5.860597e-01
    outer loop
      vertex   7.506000e+00 -9.238594e+00 1.454660e+00
      vertex   7.506000e+00 -9.228541e+00 1.468560e+00
      vertex   7.144000e+00 -9.228541e+00 1.468560e+00
    endloop
  endfacet
  facet normal 2.692501e-16 -8.985069e-01 4.389593e-01
    outer loop
      vertex   7.144000e+00 -9.228541e+00 1.468560e+00
      vertex   7.506000e+00 -9.228541e+00 1.468560e+00
      vertex   7.144000e+00 -9.221011e+00 1.483972e+00
    endloop
  endfacet
  facet normal -2.685113e-16 -8.985069e-01 4.389593e-01
    outer loop
      vertex   7.144000e+00 -9.228541e+00 1.468560e+00
      vertex   7.144000e+00 -9.221011e+00 1.483972e+00
      vertex   6.782000e+00 -9.221011e+00 1.483972e+00
    endloop
  endfacet
  facet normal -1.710987e-16 -9.603077e-01 2.789428e-01
    outer loop
      vertex   6.782000e+00 -9.221011e+00 1.483972e+00
      vertex   7.144000e+00 -9.221011e+00 1.483972e+00
      vertex   6.782000e+00 -9.216226e+00 1.500445e+00
    endloop
  endfacet
  facet normal 0.000000e+00 -8.985069e-01 4.389593e-01
    outer loop
      vertex   7.144000e+00 -9.221011e+00 1.483972e+00
      vertex   7.506000e+00 -9.228541e+00 1.468560e+00
      vertex   7.506000e+00 -9.221011e+00 1.483972e+00
    endloop
  endfacet
  facet normal 2.695482e-16 -8.985069e-01 4.389593e-01
    outer loop
      vertex   1.257400e+01 -9.228541e+00 1.468560e+00
      vertex   1.257400e+01 -9.221011e+00 1.483972e+00
      vertex   1.221200e+01 -9.221011e+00 1.483972e+00
    endloop
  endfacet
  facet normal 1.710987e-16 -9.603077e-01 2.789428e-01
    outer loop
      vertex   1.221200e+01 -9.221011e+00 1.483972e+00
      vertex   1.257400e+01 -9.221011e+00 1.483972e+00
      vertex   1.221200e+01 -9.216226e+00 1.500445e+00
    endloop
  endfacet
  facet normal -3.428829e-16 -9.603077e-01 2.789428e-01
    outer loop
      vertex   1.221200e+01 -9.221011e+00 1.483972e+00
      vertex   1.221200e+01 -9.216226e+00 1.500445e+00
      vertex   1.185000e+01 -9.216226e+00 1.500445e+00
    endloop
  endfacet
  facet normal -1.358256e-16 -9.938518e-01 1.107184e-01
    outer loop
      vertex   1.185000e+01 -9.216226e+00 1.500445e+00
      vertex   1.221200e+01 -9.216226e+00 1.500445e+00
      vertex   1.185000e+01 -9.214327e+00 1.517493e+00
    endloop
  endfacet
  facet normal -1.915624e-19 -9.938518e-01 1.107184e-01
    outer loop
      vertex   1.185000e+01 -9.216226e+00 1.500445e+00
      vertex   1.185000e+01 -9.214327e+00 1.517493e+00
      vertex   1.148800e+01 -9.214327e+00 1.517493e+00
    endloop
  endfacet
  facet normal 0.000000e+00 -9.981522e-01 -6.076377e-02
    outer loop
      vertex   1.148800e+01 -9.214327e+00 1.517493e+00
      vertex   1.185000e+01 -9.214327e+00 1.517493e+00
      vertex   1.148800e+01 -9.215369e+00 1.534615e+00
    endloop
  endfacet
  facet normal 1.930863e-19 -9.981522e-01 -6.076377e-02
    outer loop
      vertex   1.148800e+01 -9.214327e+00 1.517493e+00
      vertex   1.148800e+01 -9.215369e+00 1.534615e+00
      vertex   1.112600e+01 -9.215369e+00 1.534615e+00
    endloop
  endfacet
  facet normal 0.000000e+00 -9.730823e-01 -2.304580e-01
    outer loop
      vertex   1.112600e+01 -9.215369e+00 1.534615e+00
      vertex   1.148800e+01 -9.215369e+00 1.534615e+00
      vertex   1.366000e+01 -9.219322e+00 1.551307e+00
    endloop
  endfacet
  facet normal 3.421974e-16 -9.603077e-01 2.789428e-01
    outer loop
      vertex   1.221200e+01 -9.216226e+00 1.500445e+00
      vertex   1.257400e+01 -9.221011e+00 1.483972e+00
      vertex   1.257400e+01 -9.216226e+00 1.500445e+00
    endloop
  endfacet
  facet normal 0.000000e+00 -9.603077e-01 2.789428e-01
    outer loop
      vertex   1.076400e+01 -9.216226e+00 1.500445e+00
      vertex   1.112600e+01 -9.221011e+00 1.483972e+00
      vertex   1.112600e+01 -9.216226e+00 1.500445e+00
    endloop
  endfacet
  facet normal 1.704132e-16 -9.603077e-01 2.789428e-01
    outer loop
      vertex   1.112600e+01 -9.216226e+00 1.500445e+00
      vertex   1.112600e+01 -9.221011e+00 1.483972e+00
      vertex   1.148800e+01 -9.221011e+00 1.483972e+00
    endloop
  endfacet
  facet normal 1.710987e-16 -9.603077e-01 2.789428e-01
    outer loop
      vertex   1.040200e+01 -9.221011e+00 1.483972e+00
      vertex   1.004000e+01 -9.216226e+00 1.500445e+00
      vertex   1.004000e+01 -9.221011e+00 1.483972e+00
    endloop
  endfacet
  facet normal 1.704132e-16 -9.603077e-01 2.789428e-01
    outer loop
      vertex   1.004000e+01 -9.221011e+00 1.483972e+00
      vertex   1.004000e+01 -9.216226e+00 1.500445e+00
      vertex   9.678000e+00 -9.216226e+00 1.500445e+00
    endloop
  endfacet
  facet normal 0.000000e+00 -9.603077e-01 2.789428e-01
    outer loop
      vertex   1.004000e+01 -9.221011e+00 1.483972e+00
      vertex   9.678000e+00 -9.216226e+00 1.500445e+00
      vertex   9.678000e+00 -9.221011e+00 1.483972e+00
    endloop
  endfacet
  facet normal -1.709212e-16 -9.603077e-01 2.789428e-01
    outer loop
      vertex   9.678000e+00 -9.221011e+00 1.483972e+00
      vertex   9.678000e+00 -9.216226e+00 1.500445e+00
      vertex   9.316000e+00 -9.216226e+00 1.500445e+00
    endloop
  endfacet
  facet normal 1.774955e-19 -9.603077e-01 2.789428e-01
    outer loop
      vertex   8.954000e+00 -9.216226e+00 1.500445e+00
      vertex   8.954000e+00 -9.221011e+00 1.483972e+00
      vertex   9.316000e+00 -9.221011e+00 1.483972e+00
    endloop
  endfacet
  facet normal 0.000000e+00 -9.603077e-01 2.789428e-01
    outer loop
      vertex   8.230000e+00 -9.216226e+00 1.500445e+00
      vertex   8.592000e+00 -9.221011e+00 1.483972e+00
      vertex   8.592000e+00 -9.216226e+00 1.500445e+00
    endloop
  endfacet
  facet normal 0.000000e+00 -9.603077e-01 2.789428e-01
    outer loop
      vertex   7.144000e+00 -9.221011e+00 1.483972e+00
      vertex   7.506000e+00 -9.221011e+00 1.483972e+00
      vertex   7.144000e+00 -9.216226e+00 1.500445e+00
    endloop
  endfacet
  facet normal 1.710987e-16 -9.603077e-01 2.789428e-01
    outer loop
      vertex   7.144000e+00 -9.216226e+00 1.500445e+00
      vertex   7.506000e+00 -9.221011e+00 1.483972e+00
      vertex   7.506000e+00 -9.216226e+00 1.500445e+00
    endloop
  endfacet
  facet normal 6.791279e-17 -9.938518e-01 1.107184e-01
    outer loop
      vertex   7.144000e+00 -9.216226e+00 1.500445e+00
      vertex   7.506000e+00 -9.216226e+00 1.500445e+00
      vertex   7.144000e+00 -9.214327e+00 1.517493e+00
    endloop
  endfacet
  facet normal 0.000000e+00 -9.938518e-01 1.107184e-01
    outer loop
      vertex   7.144000e+00 -9.214327e+00 1.517493e+00
      vertex   7.506000e+00 -9.216226e+00 1.500445e+00
      vertex   7.506000e+00 -9.214327e+00 1.517493e+00
    endloop
  endfacet
  facet normal 0.000000e+00 -9.981522e-01 -6.076377e-02
    outer loop
      vertex   7.144000e+00 -9.214327e+00 1.517493e+00
      vertex   7.506000e+00 -9.214327e+00 1.517493e+00
      vertex   7.144000e+00 -9.215369e+00 1.534615e+00
    endloop
  endfacet
  facet normal 1.358256e-16 -9.938518e-01 1.107184e-01
    outer loop
      vertex   1.221200e+01 -9.216226e+00 1.500445e+00
      vertex   1.257400e+01 -9.216226e+00 1.500445e+00
      vertex   1.221200e+01 -9.214327e+00 1.517493e+00
    endloop
  endfacet
  facet normal 0.000000e+00 -9.938518e-01 1.107184e-01
    outer loop
      vertex   1.221200e+01 -9.214327e+00 1.517493e+00
      vertex   1.257400e+01 -9.216226e+00 1.500445e+00
      vertex   1.257400e+01 -9.214327e+00 1.517493e+00
    endloop
  endfacet
  facet normal 0.000000e+00 -9.981522e-01 -6.076377e-02
    outer loop
      vertex   1.221200e+01 -9.214327e+00 1.517493e+00
      vertex   1.257400e+01 -9.214327e+00 1.517493e+00
      vertex   1.221200e+01 -9.215369e+00 1.534615e+00
    endloop
  endfacet
  facet normal -3.727145e-17 -9.981522e-01 -6.076377e-02
    outer loop
      vertex   1.221200e+01 -9.215369e+00 1.534615e+00
      vertex   1.257400e+01 -9.214327e+00 1.517493e+00
      vertex   1.257400e+01 -9.215369e+00 1.534615e+00
    endloop
  endfacet
  facet normal -1.413590e-16 -9.730823e-01 -2.304580e-01
    outer loop
      vertex   1.221200e+01 -9.215369e+00 1.534615e+00
      vertex   1.257400e+01 -9.215369e+00 1.534615e+00
      vertex   1.366000e+01 -9.219322e+00 1.551307e+00
    endloop
  endfacet
  facet normal -6.791279e-17 -9.938518e-01 1.107184e-01
    outer loop
      vertex   1.040200e+01 -9.214327e+00 1.517493e+00
      vertex   1.076400e+01 -9.216226e+00 1.500445e+00
      vertex   1.076400e+01 -9.214327e+00 1.517493e+00
    endloop
  endfacet
  facet normal -4.465494e-19 -9.938518e-01 1.107184e-01
    outer loop
      vertex   1.076400e+01 -9.214327e+00 1.517493e+00
      vertex   1.076400e+01 -9.216226e+00 1.500445e+00
      vertex   1.112600e+01 -9.216226e+00 1.500445e+00
    endloop
  endfacet
  facet normal 6.791279e-17 -9.938518e-01 1.107184e-01
    outer loop
      vertex   1.004000e+01 -9.216226e+00 1.500445e+00
      vertex   9.678000e+00 -9.214327e+00 1.517493e+00
      vertex   9.678000e+00 -9.216226e+00 1.500445e+00
    endloop
  endfacet
  facet normal -6.752307e-17 -9.938518e-01 1.107184e-01
    outer loop
      vertex   9.678000e+00 -9.216226e+00 1.500445e+00
      vertex   9.678000e+00 -9.214327e+00 1.517493e+00
      vertex   9.316000e+00 -9.214327e+00 1.517493e+00
    endloop
  endfacet
  facet normal -6.791279e-17 -9.938518e-01 1.107184e-01
    outer loop
      vertex   9.678000e+00 -9.216226e+00 1.500445e+00
      vertex   9.316000e+00 -9.214327e+00 1.517493e+00
      vertex   9.316000e+00 -9.216226e+00 1.500445e+00
    endloop
  endfacet
  facet normal 3.897183e-19 -9.938518e-01 1.107184e-01
    outer loop
      vertex   9.316000e+00 -9.216226e+00 1.500445e+00
      vertex   9.316000e+00 -9.214327e+00 1.517493e+00
      vertex   8.954000e+00 -9.214327e+00 1.517493e+00
    endloop
  endfacet
  facet normal 0.000000e+00 -9.938518e-01 1.107184e-01
    outer loop
      vertex   8.230000e+00 -9.216226e+00 1.500445e+00
      vertex   8.592000e+00 -9.216226e+00 1.500445e+00
      vertex   8.230000e+00 -9.214327e+00 1.517493e+00
    endloop
  endfacet
  facet normal 0.000000e+00 -9.938518e-01 1.107184e-01
    outer loop
      vertex   8.230000e+00 -9.214327e+00 1.517493e+00
      vertex   8.592000e+00 -9.216226e+00 1.500445e+00
      vertex   8.592000e+00 -9.214327e+00 1.517493e+00
    endloop
  endfacet
  facet normal 0.000000e+00 -9.981522e-01 -6.076377e-02
    outer loop
      vertex   8.230000e+00 -9.214327e+00 1.517493e+00
      vertex   8.592000e+00 -9.214327e+00 1.517493e+00
      vertex   8.230000e+00 -9.215369e+00 1.534615e+00
    endloop
  endfacet
  facet normal 0.000000e+00 -9.981522e-01 -6.076377e-02
    outer loop
      vertex   8.230000e+00 -9.215369e+00 1.534615e+00
      vertex   8.592000e+00 -9.214327e+00 1.517493e+00
      vertex   8.592000e+00 -9.215369e+00 1.534615e+00
    endloop
  endfacet
  facet normal 0.000000e+00 -9.730823e-01 -2.304580e-01
    outer loop
      vertex   8.230000e+00 -9.215369e+00 1.534615e+00
      vertex   8.592000e+00 -9.215369e+00 1.534615e+00
      vertex   6.420000e+00 -9.219322e+00 1.551307e+00
    endloop
  endfacet
  facet normal -6.777806e-17 -9.938518e-01 1.107184e-01
    outer loop
      vertex   6.782000e+00 -9.214327e+00 1.517493e+00
      vertex   6.782000e+00 -9.216226e+00 1.500445e+00
      vertex   7.144000e+00 -9.216226e+00 1.500445e+00
    endloop
  endfacet
  facet normal -1.710987e-16 -9.603077e-01 2.789428e-01
    outer loop
      vertex   7.144000e+00 -9.216226e+00 1.500445e+00
      vertex   6.782000e+00 -9.216226e+00 1.500445e+00
      vertex   7.144000e+00 -9.221011e+00 1.483972e+00
    endloop
  endfacet
  facet normal -6.791279e-17 -9.938518e-01 1.107184e-01
    outer loop
      vertex   6.782000e+00 -9.214327e+00 1.517493e+00
      vertex   7.144000e+00 -9.216226e+00 1.500445e+00
      vertex   7.144000e+00 -9.214327e+00 1.517493e+00
    endloop
  endfacet
  facet normal 3.897183e-19 -9.938518e-01 1.107184e-01
    outer loop
      vertex   1.221200e+01 -9.216226e+00 1.500445e+00
      vertex   1.221200e+01 -9.214327e+00 1.517493e+00
      vertex   1.185000e+01 -9.214327e+00 1.517493e+00
    endloop
  endfacet
  facet normal 0.000000e+00 -9.981522e-01 -6.076377e-02
    outer loop
      vertex   1.185000e+01 -9.214327e+00 1.517493e+00
      vertex   1.221200e+01 -9.214327e+00 1.517493e+00
      vertex   1.185000e+01 -9.215369e+00 1.534615e+00
    endloop
  endfacet
  facet normal -3.745521e-17 -9.981522e-01 -6.076377e-02
    outer loop
      vertex   1.185000e+01 -9.214327e+00 1.517493e+00
      vertex   1.185000e+01 -9.215369e+00 1.534615e+00
      vertex   1.148800e+01 -9.215369e+00 1.534615e+00
    endloop
  endfacet
  facet normal -1.413590e-16 -9.730823e-01 -2.304580e-01
    outer loop
      vertex   1.148800e+01 -9.215369e+00 1.534615e+00
      vertex   1.185000e+01 -9.215369e+00 1.534615e+00
      vertex   1.366000e+01 -9.219322e+00 1.551307e+00
    endloop
  endfacet
  facet normal 3.727145e-17 -9.981522e-01 -6.076377e-02
    outer loop
      vertex   1.185000e+01 -9.215369e+00 1.534615e+00
      vertex   1.221200e+01 -9.214327e+00 1.517493e+00
      vertex   1.221200e+01 -9.215369e+00 1.534615e+00
    endloop
  endfacet
  facet normal 0.000000e+00 -9.981522e-01 -6.076377e-02
    outer loop
      vertex   1.004000e+01 -9.215369e+00 1.534615e+00
      vertex   1.040200e+01 -9.214327e+00 1.517493e+00
      vertex   1.040200e+01 -9.215369e+00 1.534615e+00
    endloop
  endfacet
  facet normal 3.746454e-17 -9.981522e-01 -6.076377e-02
    outer loop
      vertex   1.040200e+01 -9.215369e+00 1.534615e+00
      vertex   1.040200e+01 -9.214327e+00 1.517493e+00
      vertex   1.076400e+01 -9.214327e+00 1.517493e+00
    endloop
  endfacet
  facet normal 1.930863e-19 -9.981522e-01 -6.076377e-02
    outer loop
      vertex   8.954000e+00 -9.215369e+00 1.534615e+00
      vertex   8.954000e+00 -9.214327e+00 1.517493e+00
      vertex   9.316000e+00 -9.214327e+00 1.517493e+00
    endloop
  endfacet
  facet normal 0.000000e+00 -9.981522e-01 -6.076377e-02
    outer loop
      vertex   8.954000e+00 -9.215369e+00 1.534615e+00
      vertex   9.316000e+00 -9.214327e+00 1.517493e+00
      vertex   9.316000e+00 -9.215369e+00 1.534615e+00
    endloop
  endfacet
  facet normal 3.746454e-17 -9.981522e-01 -6.076377e-02
    outer loop
      vertex   9.316000e+00 -9.215369e+00 1.534615e+00
      vertex   9.316000e+00 -9.214327e+00 1.517493e+00
      vertex   9.678000e+00 -9.214327e+00 1.517493e+00
    endloop
  endfacet
  facet normal -6.752307e-17 -9.938518e-01 1.107184e-01
    outer loop
      vertex   8.230000e+00 -9.216226e+00 1.500445e+00
      vertex   8.230000e+00 -9.214327e+00 1.517493e+00
      vertex   7.868000e+00 -9.214327e+00 1.517493e+00
    endloop
  endfacet
  facet normal 3.727145e-17 -9.981522e-01 -6.076377e-02
    outer loop
      vertex   7.868000e+00 -9.214327e+00 1.517493e+00
      vertex   8.230000e+00 -9.214327e+00 1.517493e+00
      vertex   7.868000e+00 -9.215369e+00 1.534615e+00
    endloop
  endfacet
  facet normal -7.434982e-17 -9.981522e-01 -6.076377e-02
    outer loop
      vertex   7.868000e+00 -9.214327e+00 1.517493e+00
      vertex   7.868000e+00 -9.215369e+00 1.534615e+00
      vertex   7.506000e+00 -9.215369e+00 1.534615e+00
    endloop
  endfacet
  facet normal -2.827180e-16 -9.730823e-01 -2.304580e-01
    outer loop
      vertex   7.506000e+00 -9.215369e+00 1.534615e+00
      vertex   7.868000e+00 -9.215369e+00 1.534615e+00
      vertex   6.420000e+00 -9.219322e+00 1.551307e+00
    endloop
  endfacet
  facet normal 7.454291e-17 -9.981522e-01 -6.076377e-02
    outer loop
      vertex   7.868000e+00 -9.215369e+00 1.534615e+00
      vertex   8.230000e+00 -9.214327e+00 1.517493e+00
      vertex   8.230000e+00 -9.215369e+00 1.534615e+00
    endloop
  endfacet
  facet normal 3.712696e-17 -9.981522e-01 -6.076377e-02
    outer loop
      vertex   6.782000e+00 -9.215369e+00 1.534615e+00
      vertex   6.782000e+00 -9.214327e+00 1.517493e+00
      vertex   7.144000e+00 -9.214327e+00 1.517493e+00
    endloop
  endfacet
  facet normal 0.000000e+00 -9.981522e-01 -6.076377e-02
    outer loop
      vertex   6.782000e+00 -9.215369e+00 1.534615e+00
      vertex   7.144000e+00 -9.214327e+00 1.517493e+00
      vertex   7.144000e+00 -9.215369e+00 1.534615e+00
    endloop
  endfacet
  facet normal 1.418269e-16 -9.730823e-01 -2.304580e-01
    outer loop
      vertex   1.366000e+01 -9.219322e+00 1.551307e+00
      vertex   1.185000e+01 -9.215369e+00 1.534615e+00
      vertex   1.221200e+01 -9.215369e+00 1.534615e+00
    endloop
  endfacet
  facet normal 2.820055e-16 -9.730823e-01 -2.304580e-01
    outer loop
      vertex   6.420000e+00 -9.219322e+00 1.551307e+00
      vertex   7.868000e+00 -9.215369e+00 1.534615e+00
      vertex   8.230000e+00 -9.215369e+00 1.534615e+00
    endloop
  endfacet
  facet normal -3.066914e-16 0.000000e+00 1.000000e+00
    outer loop
      vertex   6.420000e+00 -9.900000e+00 1.420000e+00
      vertex   1.366000e+01 -9.900000e+00 1.420000e+00
      vertex   6.420000e+00 -9.314296e+00 1.420000e+00
    endloop
  endfacet
  facet normal -3.066914e-16 -1.860301e-31 1.000000e+00
    outer loop
      vertex   6.420000e+00 -9.314296e+00 1.420000e+00
      vertex   1.366000e+01 -9.900000e+00 1.420000e+00
      vertex   1.366000e+01 -9.314296e+00 1.420000e+00
    endloop
  endfacet
  facet normal 3.055244e-15 -8.715574e-02 9.961947e-01
    outer loop
      vertex   6.420000e+00 -9.917365e+00 1.418481e+00
      vertex   6.782000e+00 -9.917365e+00 1.418481e+00
      vertex   6.420000e+00 -9.900000e+00 1.420000e+00
    endloop
  endfacet
  facet normal 1.839715e-19 -8.715574e-02 9.961947e-01
    outer loop
      vertex   6.420000e+00 -9.900000e+00 1.420000e+00
      vertex   6.782000e+00 -9.917365e+00 1.418481e+00
      vertex   7.144000e+00 -9.917365e+00 1.418481e+00
    endloop
  endfacet
  facet normal 1.839715e-19 -8.715574e-02 9.961947e-01
    outer loop
      vertex   6.420000e+00 -9.900000e+00 1.420000e+00
      vertex   7.144000e+00 -9.917365e+00 1.418481e+00
      vertex   7.506000e+00 -9.917365e+00 1.418481e+00
    endloop
  endfacet
  facet normal 0.000000e+00 -2.588190e-01 9.659258e-01
    outer loop
      vertex   7.506000e+00 -9.917365e+00 1.418481e+00
      vertex   7.144000e+00 -9.917365e+00 1.418481e+00
      vertex   7.506000e+00 -9.934202e+00 1.413969e+00
    endloop
  endfacet
  facet normal -7.378335e-19 -2.588190e-01 9.659258e-01
    outer loop
      vertex   7.506000e+00 -9.917365e+00 1.418481e+00
      vertex   7.506000e+00 -9.934202e+00 1.413969e+00
      vertex   7.868000e+00 -9.934202e+00 1.413969e+00
    endloop
  endfacet
  facet normal 0.000000e+00 -4.226183e-01 9.063078e-01
    outer loop
      vertex   7.868000e+00 -9.934202e+00 1.413969e+00
      vertex   7.506000e+00 -9.934202e+00 1.413969e+00
      vertex   7.868000e+00 -9.950000e+00 1.406603e+00
    endloop
  endfacet
  facet normal -1.050189e-18 -4.226183e-01 9.063078e-01
    outer loop
      vertex   7.868000e+00 -9.934202e+00 1.413969e+00
      vertex   7.868000e+00 -9.950000e+00 1.406603e+00
      vertex   8.230000e+00 -9.950000e+00 1.406603e+00
    endloop
  endfacet
  facet normal 0.000000e+00 -5.735764e-01 8.191520e-01
    outer loop
      vertex   8.230000e+00 -9.950000e+00 1.406603e+00
      vertex   7.868000e+00 -9.950000e+00 1.406603e+00
      vertex   8.230000e+00 -9.964279e+00 1.396604e+00
    endloop
  endfacet
  facet normal -1.883312e-18 -5.735764e-01 8.191520e-01
    outer loop
      vertex   8.230000e+00 -9.950000e+00 1.406603e+00
      vertex   8.230000e+00 -9.964279e+00 1.396604e+00
      vertex   8.592000e+00 -9.964279e+00 1.396604e+00
    endloop
  endfacet
  facet normal 0.000000e+00 -7.071068e-01 7.071068e-01
    outer loop
      vertex   8.592000e+00 -9.964279e+00 1.396604e+00
      vertex   8.230000e+00 -9.964279e+00 1.396604e+00
      vertex   8.592000e+00 -9.976604e+00 1.384279e+00
    endloop
  endfacet
  facet normal 1.988818e-18 -7.071068e-01 7.071068e-01
    outer loop
      vertex   8.592000e+00 -9.964279e+00 1.396604e+00
      vertex   8.592000e+00 -9.976604e+00 1.384279e+00
      vertex   8.954000e+00 -9.976604e+00 1.384279e+00
    endloop
  endfacet
  facet normal 0.000000e+00 -8.191520e-01 5.735764e-01
    outer loop
      vertex   8.954000e+00 -9.976604e+00 1.384279e+00
      vertex   8.592000e+00 -9.976604e+00 1.384279e+00
      vertex   8.954000e+00 -9.986603e+00 1.370000e+00
    endloop
  endfacet
  facet normal -3.528392e-16 -8.191520e-01 5.735764e-01
    outer loop
      vertex   8.954000e+00 -9.976604e+00 1.384279e+00
      vertex   8.954000e+00 -9.986603e+00 1.370000e+00
      vertex   9.316000e+00 -9.986603e+00 1.370000e+00
    endloop
  endfacet
  facet normal -2.592268e-16 -9.063078e-01 4.226183e-01
    outer loop
      vertex   9.316000e+00 -9.986603e+00 1.370000e+00
      vertex   8.954000e+00 -9.986603e+00 1.370000e+00
      vertex   9.316000e+00 -9.993969e+00 1.354202e+00
    endloop
  endfacet
  facet normal 2.588888e-16 -9.063078e-01 4.226183e-01
    outer loop
      vertex   9.316000e+00 -9.986603e+00 1.370000e+00
      vertex   9.316000e+00 -9.993969e+00 1.354202e+00
      vertex   9.678000e+00 -9.993969e+00 1.354202e+00
    endloop
  endfacet
  facet normal 1.587552e-16 -9.659258e-01 2.588190e-01
    outer loop
      vertex   9.678000e+00 -9.993969e+00 1.354202e+00
      vertex   9.316000e+00 -9.993969e+00 1.354202e+00
      vertex   9.678000e+00 -9.998481e+00 1.337365e+00
    endloop
  endfacet
  facet normal -7.441984e-19 -9.659258e-01 2.588190e-01
    outer loop
      vertex   9.678000e+00 -9.993969e+00 1.354202e+00
      vertex   9.678000e+00 -9.998481e+00 1.337365e+00
      vertex   1.004000e+01 -9.998481e+00 1.337365e+00
    endloop
  endfacet
  facet normal 0.000000e+00 -9.961947e-01 8.715574e-02
    outer loop
      vertex   1.004000e+01 -9.998481e+00 1.337365e+00
      vertex   9.678000e+00 -9.998481e+00 1.337365e+00
      vertex   6.420000e+00 -1.000000e+01 1.320000e+00
    endloop
  endfacet
  facet normal -3.522812e-21 -9.961947e-01 8.715574e-02
    outer loop
      vertex   1.004000e+01 -9.998481e+00 1.337365e+00
      vertex   6.420000e+00 -1.000000e+01 1.320000e+00
      vertex   1.366000e+01 -1.000000e+01 1.320000e+00
    endloop
  endfacet
  facet normal 2.962412e-15 -2.588190e-01 9.659258e-01
    outer loop
      vertex   6.782000e+00 -9.917365e+00 1.418481e+00
      vertex   6.420000e+00 -9.917365e+00 1.418481e+00
      vertex   6.782000e+00 -9.934202e+00 1.413969e+00
    endloop
  endfacet
  facet normal 2.962412e-15 -2.588190e-01 9.659258e-01
    outer loop
      vertex   6.782000e+00 -9.934202e+00 1.413969e+00
      vertex   6.420000e+00 -9.917365e+00 1.418481e+00
      vertex   6.420000e+00 -9.934202e+00 1.413969e+00
    endloop
  endfacet
  facet normal 2.779568e-15 -4.226183e-01 9.063078e-01
    outer loop
      vertex   6.782000e+00 -9.934202e+00 1.413969e+00
      vertex   6.420000e+00 -9.934202e+00 1.413969e+00
      vertex   6.782000e+00 -9.950000e+00 1.406603e+00
    endloop
  endfacet
  facet normal 2.223655e-15 -4.226183e-01 9.063078e-01
    outer loop
      vertex   6.782000e+00 -9.950000e+00 1.406603e+00
      vertex   6.420000e+00 -9.934202e+00 1.413969e+00
      vertex   6.420000e+00 -9.950000e+00 1.406603e+00
    endloop
  endfacet
  facet normal 2.009815e-15 -5.735764e-01 8.191520e-01
    outer loop
      vertex   6.782000e+00 -9.950000e+00 1.406603e+00
      vertex   6.420000e+00 -9.950000e+00 1.406603e+00
      vertex   6.782000e+00 -9.964279e+00 1.396604e+00
    endloop
  endfacet
  facet normal 4.321937e-15 -5.735764e-01 8.191520e-01
    outer loop
      vertex   6.782000e+00 -9.964279e+00 1.396604e+00
      vertex   6.420000e+00 -9.950000e+00 1.406603e+00
      vertex   6.420000e+00 -9.964279e+00 1.396604e+00
    endloop
  endfacet
  facet normal 4.770999e-15 -7.071068e-01 7.071068e-01
    outer loop
      vertex   6.782000e+00 -9.964279e+00 1.396604e+00
      vertex   6.420000e+00 -9.964279e+00 1.396604e+00
      vertex   6.782000e+00 -9.976604e+00 1.384279e+00
    endloop
  endfacet
  facet normal 8.674544e-16 -7.071068e-01 7.071068e-01
    outer loop
      vertex   6.782000e+00 -9.976604e+00 1.384279e+00
      vertex   6.420000e+00 -9.964279e+00 1.396604e+00
      vertex   6.420000e+00 -9.976604e+00 1.384279e+00
    endloop
  endfacet
  facet normal 7.036439e-16 -8.191520e-01 5.735764e-01
    outer loop
      vertex   6.782000e+00 -9.976604e+00 1.384279e+00
      vertex   6.420000e+00 -9.976604e+00 1.384279e+00
      vertex   6.782000e+00 -9.986603e+00 1.370000e+00
    endloop
  endfacet
  facet normal 0.000000e+00 -8.191520e-01 5.735764e-01
    outer loop
      vertex   6.782000e+00 -9.986603e+00 1.370000e+00
      vertex   6.420000e+00 -9.976604e+00 1.384279e+00
      vertex   6.420000e+00 -9.986603e+00 1.370000e+00
    endloop
  endfacet
  facet normal 0.000000e+00 -9.063078e-01 4.226183e-01
    outer loop
      vertex   6.782000e+00 -9.986603e+00 1.370000e+00
      vertex   6.420000e+00 -9.986603e+00 1.370000e+00
      vertex   6.782000e+00 -9.993969e+00 1.354202e+00
    endloop
  endfacet
  facet normal 0.000000e+00 -9.063078e-01 4.226183e-01
    outer loop
      vertex   6.782000e+00 -9.993969e+00 1.354202e+00
      vertex   6.420000e+00 -9.986603e+00 1.370000e+00
      vertex   6.420000e+00 -9.993969e+00 1.354202e+00
    endloop
  endfacet
  facet normal 0.000000e+00 -9.659258e-01 2.588190e-01
    outer loop
      vertex   6.782000e+00 -9.993969e+00 1.354202e+00
      vertex   6.420000e+00 -9.993969e+00 1.354202e+00
      vertex   6.782000e+00 -9.998481e+00 1.337365e+00
    endloop
  endfacet
  facet normal 0.000000e+00 -9.659258e-01 2.588190e-01
    outer loop
      vertex   6.782000e+00 -9.998481e+00 1.337365e+00
      vertex   6.420000e+00 -9.993969e+00 1.354202e+00
      vertex   6.420000e+00 -9.998481e+00 1.337365e+00
    endloop
  endfacet
  facet normal 0.000000e+00 -9.961947e-01 8.715574e-02
    outer loop
      vertex   6.782000e+00 -9.998481e+00 1.337365e+00
      vertex   6.420000e+00 -9.998481e+00 1.337365e+00
      vertex   6.420000e+00 -1.000000e+01 1.320000e+00
    endloop
  endfacet
  facet normal 0.000000e+00 -9.961947e-01 8.715574e-02
    outer loop
      vertex   1.366000e+01 -9.998481e+00 1.337365e+00
      vertex   1.329800e+01 -9.998481e+00 1.337365e+00
      vertex   1.366000e+01 -1.000000e+01 1.320000e+00
    endloop
  endfacet
  facet normal 5.338938e-17 -9.961947e-01 8.715574e-02
    outer loop
      vertex   1.366000e+01 -1.000000e+01 1.320000e+00
      vertex   1.329800e+01 -9.998481e+00 1.337365e+00
      vertex   1.293600e+01 -9.998481e+00 1.337365e+00
    endloop
  endfacet
  facet normal -5.322751e-17 -9.961947e-01 8.715574e-02
    outer loop
      vertex   1.366000e+01 -1.000000e+01 1.320000e+00
      vertex   1.293600e+01 -9.998481e+00 1.337365e+00
      vertex   1.257400e+01 -9.998481e+00 1.337365e+00
    endloop
  endfacet
  facet normal -1.587552e-16 -9.659258e-01 2.588190e-01
    outer loop
      vertex   1.257400e+01 -9.998481e+00 1.337365e+00
      vertex   1.293600e+01 -9.998481e+00 1.337365e+00
      vertex   1.257400e+01 -9.993969e+00 1.354202e+00
    endloop
  endfacet
  facet normal -7.441984e-19 -9.659258e-01 2.588190e-01
    outer loop
      vertex   1.257400e+01 -9.998481e+00 1.337365e+00
      vertex   1.257400e+01 -9.993969e+00 1.354202e+00
      vertex   1.221200e+01 -9.993969e+00 1.354202e+00
    endloop
  endfacet
  facet normal 0.000000e+00 -9.063078e-01 4.226183e-01
    outer loop
      vertex   1.221200e+01 -9.993969e+00 1.354202e+00
      vertex   1.257400e+01 -9.993969e+00 1.354202e+00
      vertex   1.221200e+01 -9.986603e+00 1.370000e+00
    endloop
  endfacet
  facet normal -9.901077e-19 -9.063078e-01 4.226183e-01
    outer loop
      vertex   1.221200e+01 -9.993969e+00 1.354202e+00
      vertex   1.221200e+01 -9.986603e+00 1.370000e+00
      vertex   1.185000e+01 -9.986603e+00 1.370000e+00
    endloop
  endfacet
  facet normal 0.000000e+00 -8.191520e-01 5.735764e-01
    outer loop
      vertex   1.185000e+01 -9.986603e+00 1.370000e+00
      vertex   1.221200e+01 -9.986603e+00 1.370000e+00
      vertex   1.185000e+01 -9.976604e+00 1.384279e+00
    endloop
  endfacet
  facet normal -1.427885e-18 -8.191520e-01 5.735764e-01
    outer loop
      vertex   1.185000e+01 -9.986603e+00 1.370000e+00
      vertex   1.185000e+01 -9.976604e+00 1.384279e+00
      vertex   1.148800e+01 -9.976604e+00 1.384279e+00
    endloop
  endfacet
  facet normal 0.000000e+00 -7.071068e-01 7.071068e-01
    outer loop
      vertex   1.148800e+01 -9.976604e+00 1.384279e+00
      vertex   1.185000e+01 -9.976604e+00 1.384279e+00
      vertex   1.148800e+01 -9.964279e+00 1.396604e+00
    endloop
  endfacet
  facet normal 2.109101e-18 -7.071068e-01 7.071068e-01
    outer loop
      vertex   1.148800e+01 -9.976604e+00 1.384279e+00
      vertex   1.148800e+01 -9.964279e+00 1.396604e+00
      vertex   1.112600e+01 -9.964279e+00 1.396604e+00
    endloop
  endfacet
  facet normal 0.000000e+00 -5.735764e-01 8.191520e-01
    outer loop
      vertex   1.112600e+01 -9.964279e+00 1.396604e+00
      vertex   1.148800e+01 -9.964279e+00 1.396604e+00
      vertex   1.112600e+01 -9.950000e+00 1.406603e+00
    endloop
  endfacet
  facet normal -2.005262e-18 -5.735764e-01 8.191520e-01
    outer loop
      vertex   1.112600e+01 -9.964279e+00 1.396604e+00
      vertex   1.112600e+01 -9.950000e+00 1.406603e+00
      vertex   1.076400e+01 -9.950000e+00 1.406603e+00
    endloop
  endfacet
  facet normal 0.000000e+00 -4.226183e-01 9.063078e-01
    outer loop
      vertex   1.076400e+01 -9.950000e+00 1.406603e+00
      vertex   1.112600e+01 -9.950000e+00 1.406603e+00
      vertex   1.076400e+01 -9.934202e+00 1.413969e+00
    endloop
  endfacet
  facet normal 3.853614e-19 -4.226183e-01 9.063078e-01
    outer loop
      vertex   1.076400e+01 -9.950000e+00 1.406603e+00
      vertex   1.076400e+01 -9.934202e+00 1.413969e+00
      vertex   1.040200e+01 -9.934202e+00 1.413969e+00
    endloop
  endfacet
  facet normal 0.000000e+00 -2.588190e-01 9.659258e-01
    outer loop
      vertex   1.040200e+01 -9.934202e+00 1.413969e+00
      vertex   1.076400e+01 -9.934202e+00 1.413969e+00
      vertex   1.040200e+01 -9.917365e+00 1.418481e+00
    endloop
  endfacet
  facet normal -1.185703e-15 -2.588190e-01 9.659258e-01
    outer loop
      vertex   1.040200e+01 -9.934202e+00 1.413969e+00
      vertex   1.040200e+01 -9.917365e+00 1.418481e+00
      vertex   1.004000e+01 -9.917365e+00 1.418481e+00
    endloop
  endfacet
  facet normal -1.222098e-15 -8.715574e-02 9.961947e-01
    outer loop
      vertex   1.004000e+01 -9.917365e+00 1.418481e+00
      vertex   1.040200e+01 -9.917365e+00 1.418481e+00
      vertex   1.366000e+01 -9.900000e+00 1.420000e+00
    endloop
  endfacet
  facet normal -3.055376e-16 -8.715574e-02 9.961947e-01
    outer loop
      vertex   1.004000e+01 -9.917365e+00 1.418481e+00
      vertex   1.366000e+01 -9.900000e+00 1.420000e+00
      vertex   6.420000e+00 -9.900000e+00 1.420000e+00
    endloop
  endfacet
  facet normal 0.000000e+00 -9.659258e-01 2.588190e-01
    outer loop
      vertex   1.329800e+01 -9.998481e+00 1.337365e+00
      vertex   1.366000e+01 -9.998481e+00 1.337365e+00
      vertex   1.329800e+01 -9.993969e+00 1.354202e+00
    endloop
  endfacet
  facet normal 1.587552e-16 -9.659258e-01 2.588190e-01
    outer loop
      vertex   1.329800e+01 -9.993969e+00 1.354202e+00
      vertex   1.366000e+01 -9.998481e+00 1.337365e+00
      vertex   1.366000e+01 -9.993969e+00 1.354202e+00
    endloop
  endfacet
  facet normal 2.592268e-16 -9.063078e-01 4.226183e-01
    outer loop
      vertex   1.329800e+01 -9.993969e+00 1.354202e+00
      vertex   1.366000e+01 -9.993969e+00 1.354202e+00
      vertex   1.329800e+01 -9.986603e+00 1.370000e+00
    endloop
  endfacet
  facet normal 2.592268e-16 -9.063078e-01 4.226183e-01
    outer loop
      vertex   1.329800e+01 -9.986603e+00 1.370000e+00
      vertex   1.366000e+01 -9.993969e+00 1.354202e+00
      vertex   1.366000e+01 -9.986603e+00 1.370000e+00
    endloop
  endfacet
  facet normal 3.518220e-16 -8.191520e-01 5.735764e-01
    outer loop
      vertex   1.329800e+01 -9.986603e+00 1.370000e+00
      vertex   1.366000e+01 -9.986603e+00 1.370000e+00
      vertex   1.329800e+01 -9.976604e+00 1.384279e+00
    endloop
  endfacet
  facet normal 3.518220e-16 -8.191520e-01 5.735764e-01
    outer loop
      vertex   1.329800e+01 -9.976604e+00 1.384279e+00
      vertex   1.366000e+01 -9.986603e+00 1.370000e+00
      vertex   1.366000e+01 -9.976604e+00 1.384279e+00
    endloop
  endfacet
  facet normal 4.337272e-16 -7.071068e-01 7.071068e-01
    outer loop
      vertex   1.329800e+01 -9.976604e+00 1.384279e+00
      vertex   1.366000e+01 -9.976604e+00 1.384279e+00
      vertex   1.329800e+01 -9.964279e+00 1.396604e+00
    endloop
  endfacet
  facet normal 4.337272e-16 -7.071068e-01 7.071068e-01
    outer loop
      vertex   1.329800e+01 -9.964279e+00 1.396604e+00
      vertex   1.366000e+01 -9.976604e+00 1.384279e+00
      vertex   1.366000e+01 -9.964279e+00 1.396604e+00
    endloop
  endfacet
  facet normal 5.024538e-16 -5.735764e-01 8.191520e-01
    outer loop
      vertex   1.329800e+01 -9.964279e+00 1.396604e+00
      vertex   1.366000e+01 -9.964279e+00 1.396604e+00
      vertex   1.329800e+01 -9.950000e+00 1.406603e+00
    endloop
  endfacet
  facet normal 0.000000e+00 -5.735764e-01 8.191520e-01
    outer loop
      vertex   1.329800e+01 -9.950000e+00 1.406603e+00
      vertex   1.366000e+01 -9.964279e+00 1.396604e+00
      vertex   1.366000e+01 -9.950000e+00 1.406603e+00
    endloop
  endfacet
  facet normal 0.000000e+00 -4.226183e-01 9.063078e-01
    outer loop
      vertex   1.329800e+01 -9.950000e+00 1.406603e+00
      vertex   1.366000e+01 -9.950000e+00 1.406603e+00
      vertex   1.329800e+01 -9.934202e+00 1.413969e+00
    endloop
  endfacet
  facet normal 0.000000e+00 -4.226183e-01 9.063078e-01
    outer loop
      vertex   1.329800e+01 -9.934202e+00 1.413969e+00
      vertex   1.366000e+01 -9.950000e+00 1.406603e+00
      vertex   1.366000e+01 -9.934202e+00 1.413969e+00
    endloop
  endfacet
  facet normal 0.000000e+00 -2.588190e-01 9.659258e-01
    outer loop
      vertex   1.329800e+01 -9.934202e+00 1.413969e+00
      vertex   1.366000e+01 -9.934202e+00 1.413969e+00
      vertex   1.329800e+01 -9.917365e+00 1.418481e+00
    endloop
  endfacet
  facet normal 5.924824e-16 -2.588190e-01 9.659258e-01
    outer loop
      vertex   1.329800e+01 -9.917365e+00 1.418481e+00
      vertex   1.366000e+01 -9.934202e+00 1.413969e+00
      vertex   1.366000e+01 -9.917365e+00 1.418481e+00
    endloop
  endfacet
  facet normal 6.110488e-16 -8.715574e-02 9.961947e-01
    outer loop
      vertex   1.329800e+01 -9.917365e+00 1.418481e+00
      vertex   1.366000e+01 -9.917365e+00 1.418481e+00
      vertex   1.366000e+01 -9.900000e+00 1.420000e+00
    endloop
  endfacet
  facet normal 0.000000e+00 -2.588190e-01 9.659258e-01
    outer loop
      vertex   7.144000e+00 -9.917365e+00 1.418481e+00
      vertex   6.782000e+00 -9.917365e+00 1.418481e+00
      vertex   7.144000e+00 -9.934202e+00 1.413969e+00
    endloop
  endfacet
  facet normal 0.000000e+00 -2.588190e-01 9.659258e-01
    outer loop
      vertex   7.144000e+00 -9.934202e+00 1.413969e+00
      vertex   6.782000e+00 -9.917365e+00 1.418481e+00
      vertex   6.782000e+00 -9.934202e+00 1.413969e+00
    endloop
  endfacet
  facet normal 0.000000e+00 -4.226183e-01 9.063078e-01
    outer loop
      vertex   7.144000e+00 -9.934202e+00 1.413969e+00
      vertex   6.782000e+00 -9.934202e+00 1.413969e+00
      vertex   7.144000e+00 -9.950000e+00 1.406603e+00
    endloop
  endfacet
  facet normal 0.000000e+00 -4.226183e-01 9.063078e-01
    outer loop
      vertex   7.144000e+00 -9.950000e+00 1.406603e+00
      vertex   6.782000e+00 -9.934202e+00 1.413969e+00
      vertex   6.782000e+00 -9.950000e+00 1.406603e+00
    endloop
  endfacet
  facet normal 0.000000e+00 -5.735764e-01 8.191520e-01
    outer loop
      vertex   7.144000e+00 -9.950000e+00 1.406603e+00
      vertex   6.782000e+00 -9.950000e+00 1.406603e+00
      vertex   7.144000e+00 -9.964279e+00 1.396604e+00
    endloop
  endfacet
  facet normal 0.000000e+00 -5.735764e-01 8.191520e-01
    outer loop
      vertex   7.144000e+00 -9.964279e+00 1.396604e+00
      vertex   6.782000e+00 -9.950000e+00 1.406603e+00
      vertex   6.782000e+00 -9.964279e+00 1.396604e+00
    endloop
  endfacet
  facet normal 0.000000e+00 -7.071068e-01 7.071068e-01
    outer loop
      vertex   7.144000e+00 -9.964279e+00 1.396604e+00
      vertex   6.782000e+00 -9.964279e+00 1.396604e+00
      vertex   7.144000e+00 -9.976604e+00 1.384279e+00
    endloop
  endfacet
  facet normal 0.000000e+00 -7.071068e-01 7.071068e-01
    outer loop
      vertex   7.144000e+00 -9.976604e+00 1.384279e+00
      vertex   6.782000e+00 -9.964279e+00 1.396604e+00
      vertex   6.782000e+00 -9.976604e+00 1.384279e+00
    endloop
  endfacet
  facet normal 0.000000e+00 -8.191520e-01 5.735764e-01
    outer loop
      vertex   7.144000e+00 -9.976604e+00 1.384279e+00
      vertex   6.782000e+00 -9.976604e+00 1.384279e+00
      vertex   7.144000e+00 -9.986603e+00 1.370000e+00
    endloop
  endfacet
  facet normal 0.000000e+00 -8.191520e-01 5.735764e-01
    outer loop
      vertex   7.144000e+00 -9.986603e+00 1.370000e+00
      vertex   6.782000e+00 -9.976604e+00 1.384279e+00
      vertex   6.782000e+00 -9.986603e+00 1.370000e+00
    endloop
  endfacet
  facet normal 0.000000e+00 -9.063078e-01 4.226183e-01
    outer loop
      vertex   7.144000e+00 -9.986603e+00 1.370000e+00
      vertex   6.782000e+00 -9.986603e+00 1.370000e+00
      vertex   7.144000e+00 -9.993969e+00 1.354202e+00
    endloop
  endfacet
  facet normal 0.000000e+00 -9.063078e-01 4.226183e-01
    outer loop
      vertex   7.144000e+00 -9.993969e+00 1.354202e+00
      vertex   6.782000e+00 -9.986603e+00 1.370000e+00
      vertex   6.782000e+00 -9.993969e+00 1.354202e+00
    endloop
  endfacet
  facet normal 0.000000e+00 -9.659258e-01 2.588190e-01
    outer loop
      vertex   7.144000e+00 -9.993969e+00 1.354202e+00
      vertex   6.782000e+00 -9.993969e+00 1.354202e+00
      vertex   7.144000e+00 -9.998481e+00 1.337365e+00
    endloop
  endfacet
  facet normal 0.000000e+00 -9.659258e-01 2.588190e-01
    outer loop
      vertex   7.144000e+00 -9.998481e+00 1.337365e+00
      vertex   6.782000e+00 -9.993969e+00 1.354202e+00
      vertex   6.782000e+00 -9.998481e+00 1.337365e+00
    endloop
  endfacet
  facet normal 0.000000e+00 -9.961947e-01 8.715574e-02
    outer loop
      vertex   7.144000e+00 -9.998481e+00 1.337365e+00
      vertex   6.782000e+00 -9.998481e+00 1.337365e+00
      vertex   6.420000e+00 -1.000000e+01 1.320000e+00
    endloop
  endfacet
  facet normal 0.000000e+00 -8.715574e-02 9.961947e-01
    outer loop
      vertex   7.506000e+00 -9.917365e+00 1.418481e+00
      vertex   7.868000e+00 -9.917365e+00 1.418481e+00
      vertex   6.420000e+00 -9.900000e+00 1.420000e+00
    endloop
  endfacet
  facet normal -6.108648e-16 -8.715574e-02 9.961947e-01
    outer loop
      vertex   6.420000e+00 -9.900000e+00 1.420000e+00
      vertex   7.868000e+00 -9.917365e+00 1.418481e+00
      vertex   8.230000e+00 -9.917365e+00 1.418481e+00
    endloop
  endfacet
  facet normal 1.728584e-19 -8.715574e-02 9.961947e-01
    outer loop
      vertex   6.420000e+00 -9.900000e+00 1.420000e+00
      vertex   8.230000e+00 -9.917365e+00 1.418481e+00
      vertex   8.592000e+00 -9.917365e+00 1.418481e+00
    endloop
  endfacet
  facet normal 0.000000e+00 -2.588190e-01 9.659258e-01
    outer loop
      vertex   8.592000e+00 -9.917365e+00 1.418481e+00
      vertex   8.230000e+00 -9.917365e+00 1.418481e+00
      vertex   8.592000e+00 -9.934202e+00 1.413969e+00
    endloop
  endfacet
  facet normal -4.384971e-19 -2.588190e-01 9.659258e-01
    outer loop
      vertex   8.592000e+00 -9.917365e+00 1.418481e+00
      vertex   8.592000e+00 -9.934202e+00 1.413969e+00
      vertex   8.954000e+00 -9.934202e+00 1.413969e+00
    endloop
  endfacet
  facet normal 0.000000e+00 -4.226183e-01 9.063078e-01
    outer loop
      vertex   8.954000e+00 -9.934202e+00 1.413969e+00
      vertex   8.592000e+00 -9.934202e+00 1.413969e+00
      vertex   8.954000e+00 -9.950000e+00 1.406603e+00
    endloop
  endfacet
  facet normal -5.555283e-16 -4.226183e-01 9.063078e-01
    outer loop
      vertex   8.954000e+00 -9.934202e+00 1.413969e+00
      vertex   8.954000e+00 -9.950000e+00 1.406603e+00
      vertex   9.316000e+00 -9.950000e+00 1.406603e+00
    endloop
  endfacet
  facet normal -5.024538e-16 -5.735764e-01 8.191520e-01
    outer loop
      vertex   9.316000e+00 -9.950000e+00 1.406603e+00
      vertex   8.954000e+00 -9.950000e+00 1.406603e+00
      vertex   9.316000e+00 -9.964279e+00 1.396604e+00
    endloop
  endfacet
  facet normal -1.883312e-18 -5.735764e-01 8.191520e-01
    outer loop
      vertex   9.316000e+00 -9.950000e+00 1.406603e+00
      vertex   9.316000e+00 -9.964279e+00 1.396604e+00
      vertex   9.678000e+00 -9.964279e+00 1.396604e+00
    endloop
  endfacet
  facet normal 0.000000e+00 -7.071068e-01 7.071068e-01
    outer loop
      vertex   9.678000e+00 -9.964279e+00 1.396604e+00
      vertex   9.316000e+00 -9.964279e+00 1.396604e+00
      vertex   9.678000e+00 -9.976604e+00 1.384279e+00
    endloop
  endfacet
  facet normal 1.868535e-18 -7.071068e-01 7.071068e-01
    outer loop
      vertex   9.678000e+00 -9.964279e+00 1.396604e+00
      vertex   9.678000e+00 -9.976604e+00 1.384279e+00
      vertex   1.004000e+01 -9.976604e+00 1.384279e+00
    endloop
  endfacet
  facet normal 0.000000e+00 -8.191520e-01 5.735764e-01
    outer loop
      vertex   1.004000e+01 -9.976604e+00 1.384279e+00
      vertex   9.678000e+00 -9.976604e+00 1.384279e+00
      vertex   1.004000e+01 -9.986603e+00 1.370000e+00
    endloop
  endfacet
  facet normal -3.528392e-16 -8.191520e-01 5.735764e-01
    outer loop
      vertex   1.004000e+01 -9.976604e+00 1.384279e+00
      vertex   1.004000e+01 -9.986603e+00 1.370000e+00
      vertex   1.040200e+01 -9.986603e+00 1.370000e+00
    endloop
  endfacet
  facet normal -2.592268e-16 -9.063078e-01 4.226183e-01
    outer loop
      vertex   1.040200e+01 -9.986603e+00 1.370000e+00
      vertex   1.004000e+01 -9.986603e+00 1.370000e+00
      vertex   1.040200e+01 -9.993969e+00 1.354202e+00
    endloop
  endfacet
  facet normal -3.379798e-19 -9.063078e-01 4.226183e-01
    outer loop
      vertex   1.040200e+01 -9.986603e+00 1.370000e+00
      vertex   1.040200e+01 -9.993969e+00 1.354202e+00
      vertex   1.076400e+01 -9.993969e+00 1.354202e+00
    endloop
  endfacet
  facet normal 0.000000e+00 -9.659258e-01 2.588190e-01
    outer loop
      vertex   1.076400e+01 -9.993969e+00 1.354202e+00
      vertex   1.040200e+01 -9.993969e+00 1.354202e+00
      vertex   1.076400e+01 -9.998481e+00 1.337365e+00
    endloop
  endfacet
  facet normal -9.232515e-19 -9.659258e-01 2.588190e-01
    outer loop
      vertex   1.076400e+01 -9.993969e+00 1.354202e+00
      vertex   1.076400e+01 -9.998481e+00 1.337365e+00
      vertex   1.112600e+01 -9.998481e+00 1.337365e+00
    endloop
  endfacet
  facet normal 0.000000e+00 -9.961947e-01 8.715574e-02
    outer loop
      vertex   1.112600e+01 -9.998481e+00 1.337365e+00
      vertex   1.076400e+01 -9.998481e+00 1.337365e+00
      vertex   1.366000e+01 -1.000000e+01 1.320000e+00
    endloop
  endfacet
  facet normal 0.000000e+00 -9.961947e-01 8.715574e-02
    outer loop
      vertex   1.112600e+01 -9.998481e+00 1.337365e+00
      vertex   1.366000e+01 -1.000000e+01 1.320000e+00
      vertex   1.148800e+01 -9.998481e+00 1.337365e+00
    endloop
  endfacet
  facet normal 0.000000e+00 -9.961947e-01 8.715574e-02
    outer loop
      vertex   1.148800e+01 -9.998481e+00 1.337365e+00
      vertex   1.366000e+01 -1.000000e+01 1.320000e+00
      vertex   1.185000e+01 -9.998481e+00 1.337365e+00
    endloop
  endfacet
  facet normal 0.000000e+00 -9.659258e-01 2.588190e-01
    outer loop
      vertex   1.148800e+01 -9.998481e+00 1.337365e+00
      vertex   1.185000e+01 -9.998481e+00 1.337365e+00
      vertex   1.148800e+01 -9.993969e+00 1.354202e+00
    endloop
  endfacet
  facet normal -1.587552e-16 -9.659258e-01 2.588190e-01
    outer loop
      vertex   1.148800e+01 -9.993969e+00 1.354202e+00
      vertex   1.185000e+01 -9.998481e+00 1.337365e+00
      vertex   1.185000e+01 -9.993969e+00 1.354202e+00
    endloop
  endfacet
  facet normal -2.592268e-16 -9.063078e-01 4.226183e-01
    outer loop
      vertex   1.148800e+01 -9.993969e+00 1.354202e+00
      vertex   1.185000e+01 -9.993969e+00 1.354202e+00
      vertex   1.148800e+01 -9.986603e+00 1.370000e+00
    endloop
  endfacet
  facet normal -2.592268e-16 -9.063078e-01 4.226183e-01
    outer loop
      vertex   1.148800e+01 -9.986603e+00 1.370000e+00
      vertex   1.185000e+01 -9.993969e+00 1.354202e+00
      vertex   1.185000e+01 -9.986603e+00 1.370000e+00
    endloop
  endfacet
  facet normal -3.518220e-16 -8.191520e-01 5.735764e-01
    outer loop
      vertex   1.148800e+01 -9.986603e+00 1.370000e+00
      vertex   1.185000e+01 -9.986603e+00 1.370000e+00
      vertex   1.148800e+01 -9.976604e+00 1.384279e+00
    endloop
  endfacet
  facet normal 0.000000e+00 -2.588190e-01 9.659258e-01
    outer loop
      vertex   7.506000e+00 -9.917365e+00 1.418481e+00
      vertex   7.868000e+00 -9.934202e+00 1.413969e+00
      vertex   7.868000e+00 -9.917365e+00 1.418481e+00
    endloop
  endfacet
  facet normal -1.185703e-15 -2.588190e-01 9.659258e-01
    outer loop
      vertex   7.868000e+00 -9.917365e+00 1.418481e+00
      vertex   7.868000e+00 -9.934202e+00 1.413969e+00
      vertex   8.230000e+00 -9.934202e+00 1.413969e+00
    endloop
  endfacet
  facet normal -5.924824e-16 -2.588190e-01 9.659258e-01
    outer loop
      vertex   7.868000e+00 -9.917365e+00 1.418481e+00
      vertex   8.230000e+00 -9.934202e+00 1.413969e+00
      vertex   8.230000e+00 -9.917365e+00 1.418481e+00
    endloop
  endfacet
  facet normal -4.384971e-19 -2.588190e-01 9.659258e-01
    outer loop
      vertex   8.230000e+00 -9.917365e+00 1.418481e+00
      vertex   8.230000e+00 -9.934202e+00 1.413969e+00
      vertex   8.592000e+00 -9.934202e+00 1.413969e+00
    endloop
  endfacet
  facet normal 0.000000e+00 -8.715574e-02 9.961947e-01
    outer loop
      vertex   8.592000e+00 -9.917365e+00 1.418481e+00
      vertex   8.954000e+00 -9.917365e+00 1.418481e+00
      vertex   6.420000e+00 -9.900000e+00 1.420000e+00
    endloop
  endfacet
  facet normal -6.108759e-16 -8.715574e-02 9.961947e-01
    outer loop
      vertex   6.420000e+00 -9.900000e+00 1.420000e+00
      vertex   8.954000e+00 -9.917365e+00 1.418481e+00
      vertex   9.316000e+00 -9.917365e+00 1.418481e+00
    endloop
  endfacet
  facet normal 1.617453e-19 -8.715574e-02 9.961947e-01
    outer loop
      vertex   6.420000e+00 -9.900000e+00 1.420000e+00
      vertex   9.316000e+00 -9.917365e+00 1.418481e+00
      vertex   9.678000e+00 -9.917365e+00 1.418481e+00
    endloop
  endfacet
  facet normal 0.000000e+00 -2.588190e-01 9.659258e-01
    outer loop
      vertex   9.678000e+00 -9.917365e+00 1.418481e+00
      vertex   9.316000e+00 -9.917365e+00 1.418481e+00
      vertex   9.678000e+00 -9.934202e+00 1.413969e+00
    endloop
  endfacet
  facet normal -4.384971e-19 -2.588190e-01 9.659258e-01
    outer loop
      vertex   9.678000e+00 -9.917365e+00 1.418481e+00
      vertex   9.678000e+00 -9.934202e+00 1.413969e+00
      vertex   1.004000e+01 -9.934202e+00 1.413969e+00
    endloop
  endfacet
  facet normal 0.000000e+00 -4.226183e-01 9.063078e-01
    outer loop
      vertex   1.004000e+01 -9.934202e+00 1.413969e+00
      vertex   9.678000e+00 -9.934202e+00 1.413969e+00
      vertex   1.004000e+01 -9.950000e+00 1.406603e+00
    endloop
  endfacet
  facet normal -5.555283e-16 -4.226183e-01 9.063078e-01
    outer loop
      vertex   1.004000e+01 -9.934202e+00 1.413969e+00
      vertex   1.004000e+01 -9.950000e+00 1.406603e+00
      vertex   1.040200e+01 -9.950000e+00 1.406603e+00
    endloop
  endfacet
  facet normal -5.024538e-16 -5.735764e-01 8.191520e-01
    outer loop
      vertex   1.040200e+01 -9.950000e+00 1.406603e+00
      vertex   1.004000e+01 -9.950000e+00 1.406603e+00
      vertex   1.040200e+01 -9.964279e+00 1.396604e+00
    endloop
  endfacet
  facet normal -1.761361e-18 -5.735764e-01 8.191520e-01
    outer loop
      vertex   1.040200e+01 -9.950000e+00 1.406603e+00
      vertex   1.040200e+01 -9.964279e+00 1.396604e+00
      vertex   1.076400e+01 -9.964279e+00 1.396604e+00
    endloop
  endfacet
  facet normal 0.000000e+00 -7.071068e-01 7.071068e-01
    outer loop
      vertex   1.076400e+01 -9.964279e+00 1.396604e+00
      vertex   1.040200e+01 -9.964279e+00 1.396604e+00
      vertex   1.076400e+01 -9.976604e+00 1.384279e+00
    endloop
  endfacet
  facet normal 1.868535e-18 -7.071068e-01 7.071068e-01
    outer loop
      vertex   1.076400e+01 -9.964279e+00 1.396604e+00
      vertex   1.076400e+01 -9.976604e+00 1.384279e+00
      vertex   1.112600e+01 -9.976604e+00 1.384279e+00
    endloop
  endfacet
  facet normal 0.000000e+00 -8.191520e-01 5.735764e-01
    outer loop
      vertex   1.112600e+01 -9.976604e+00 1.384279e+00
      vertex   1.076400e+01 -9.976604e+00 1.384279e+00
      vertex   1.112600e+01 -9.986603e+00 1.370000e+00
    endloop
  endfacet
  facet normal -1.838524e-18 -8.191520e-01 5.735764e-01
    outer loop
      vertex   1.112600e+01 -9.976604e+00 1.384279e+00
      vertex   1.112600e+01 -9.986603e+00 1.370000e+00
      vertex   1.148800e+01 -9.986603e+00 1.370000e+00
    endloop
  endfacet
  facet normal 0.000000e+00 -9.063078e-01 4.226183e-01
    outer loop
      vertex   1.148800e+01 -9.986603e+00 1.370000e+00
      vertex   1.112600e+01 -9.986603e+00 1.370000e+00
      vertex   1.148800e+01 -9.993969e+00 1.354202e+00
    endloop
  endfacet
  facet normal 0.000000e+00 -2.588190e-01 9.659258e-01
    outer loop
      vertex   8.592000e+00 -9.917365e+00 1.418481e+00
      vertex   8.954000e+00 -9.934202e+00 1.413969e+00
      vertex   8.954000e+00 -9.917365e+00 1.418481e+00
    endloop
  endfacet
  facet normal -5.929209e-16 -2.588190e-01 9.659258e-01
    outer loop
      vertex   8.954000e+00 -9.917365e+00 1.418481e+00
      vertex   8.954000e+00 -9.934202e+00 1.413969e+00
      vertex   9.316000e+00 -9.934202e+00 1.413969e+00
    endloop
  endfacet
  facet normal -5.924824e-16 -2.588190e-01 9.659258e-01
    outer loop
      vertex   8.954000e+00 -9.917365e+00 1.418481e+00
      vertex   9.316000e+00 -9.934202e+00 1.413969e+00
      vertex   9.316000e+00 -9.917365e+00 1.418481e+00
    endloop
  endfacet
  facet normal -4.384971e-19 -2.588190e-01 9.659258e-01
    outer loop
      vertex   9.316000e+00 -9.917365e+00 1.418481e+00
      vertex   9.316000e+00 -9.934202e+00 1.413969e+00
      vertex   9.678000e+00 -9.934202e+00 1.413969e+00
    endloop
  endfacet
  facet normal 0.000000e+00 -8.715574e-02 9.961947e-01
    outer loop
      vertex   1.004000e+01 -9.917365e+00 1.418481e+00
      vertex   6.420000e+00 -9.900000e+00 1.420000e+00
      vertex   9.678000e+00 -9.917365e+00 1.418481e+00
    endloop
  endfacet
  facet normal -5.924824e-16 -2.588190e-01 9.659258e-01
    outer loop
      vertex   1.040200e+01 -9.934202e+00 1.413969e+00
      vertex   1.004000e+01 -9.917365e+00 1.418481e+00
      vertex   1.004000e+01 -9.934202e+00 1.413969e+00
    endloop
  endfacet
  facet normal -4.384971e-19 -2.588190e-01 9.659258e-01
    outer loop
      vertex   1.004000e+01 -9.934202e+00 1.413969e+00
      vertex   1.004000e+01 -9.917365e+00 1.418481e+00
      vertex   9.678000e+00 -9.917365e+00 1.418481e+00
    endloop
  endfacet
  facet normal 0.000000e+00 -8.715574e-02 9.961947e-01
    outer loop
      vertex   1.040200e+01 -9.917365e+00 1.418481e+00
      vertex   1.076400e+01 -9.917365e+00 1.418481e+00
      vertex   1.366000e+01 -9.900000e+00 1.420000e+00
    endloop
  endfacet
  facet normal 2.506503e-19 -8.715574e-02 9.961947e-01
    outer loop
      vertex   1.366000e+01 -9.900000e+00 1.420000e+00
      vertex   1.076400e+01 -9.917365e+00 1.418481e+00
      vertex   1.112600e+01 -9.917365e+00 1.418481e+00
    endloop
  endfacet
  facet normal 2.506503e-19 -8.715574e-02 9.961947e-01
    outer loop
      vertex   1.366000e+01 -9.900000e+00 1.420000e+00
      vertex   1.112600e+01 -9.917365e+00 1.418481e+00
      vertex   1.148800e+01 -9.917365e+00 1.418481e+00
    endloop
  endfacet
  facet normal 0.000000e+00 -2.588190e-01 9.659258e-01
    outer loop
      vertex   1.148800e+01 -9.917365e+00 1.418481e+00
      vertex   1.112600e+01 -9.917365e+00 1.418481e+00
      vertex   1.148800e+01 -9.934202e+00 1.413969e+00
    endloop
  endfacet
  facet normal -5.932202e-16 -2.588190e-01 9.659258e-01
    outer loop
      vertex   1.148800e+01 -9.917365e+00 1.418481e+00
      vertex   1.148800e+01 -9.934202e+00 1.413969e+00
      vertex   1.185000e+01 -9.934202e+00 1.413969e+00
    endloop
  endfacet
  facet normal -5.559137e-16 -4.226183e-01 9.063078e-01
    outer loop
      vertex   1.185000e+01 -9.934202e+00 1.413969e+00
      vertex   1.148800e+01 -9.934202e+00 1.413969e+00
      vertex   1.185000e+01 -9.950000e+00 1.406603e+00
    endloop
  endfacet
  facet normal 7.414661e-19 -4.226183e-01 9.063078e-01
    outer loop
      vertex   1.185000e+01 -9.934202e+00 1.413969e+00
      vertex   1.185000e+01 -9.950000e+00 1.406603e+00
      vertex   1.221200e+01 -9.950000e+00 1.406603e+00
    endloop
  endfacet
  facet normal 0.000000e+00 -5.735764e-01 8.191520e-01
    outer loop
      vertex   1.221200e+01 -9.950000e+00 1.406603e+00
      vertex   1.185000e+01 -9.950000e+00 1.406603e+00
      vertex   1.221200e+01 -9.964279e+00 1.396604e+00
    endloop
  endfacet
  facet normal -2.005262e-18 -5.735764e-01 8.191520e-01
    outer loop
      vertex   1.221200e+01 -9.950000e+00 1.406603e+00
      vertex   1.221200e+01 -9.964279e+00 1.396604e+00
      vertex   1.257400e+01 -9.964279e+00 1.396604e+00
    endloop
  endfacet
  facet normal 0.000000e+00 -7.071068e-01 7.071068e-01
    outer loop
      vertex   1.257400e+01 -9.964279e+00 1.396604e+00
      vertex   1.221200e+01 -9.964279e+00 1.396604e+00
      vertex   1.257400e+01 -9.976604e+00 1.384279e+00
    endloop
  endfacet
  facet normal -4.318587e-16 -7.071068e-01 7.071068e-01
    outer loop
      vertex   1.257400e+01 -9.964279e+00 1.396604e+00
      vertex   1.257400e+01 -9.976604e+00 1.384279e+00
      vertex   1.293600e+01 -9.976604e+00 1.384279e+00
    endloop
  endfacet
  facet normal -3.518220e-16 -8.191520e-01 5.735764e-01
    outer loop
      vertex   1.293600e+01 -9.976604e+00 1.384279e+00
      vertex   1.257400e+01 -9.976604e+00 1.384279e+00
      vertex   1.293600e+01 -9.986603e+00 1.370000e+00
    endloop
  endfacet
  facet normal -1.838524e-18 -8.191520e-01 5.735764e-01
    outer loop
      vertex   1.293600e+01 -9.976604e+00 1.384279e+00
      vertex   1.293600e+01 -9.986603e+00 1.370000e+00
      vertex   1.329800e+01 -9.986603e+00 1.370000e+00
    endloop
  endfacet
  facet normal 0.000000e+00 -9.063078e-01 4.226183e-01
    outer loop
      vertex   1.329800e+01 -9.986603e+00 1.370000e+00
      vertex   1.293600e+01 -9.986603e+00 1.370000e+00
      vertex   1.329800e+01 -9.993969e+00 1.354202e+00
    endloop
  endfacet
  facet normal 0.000000e+00 -2.588190e-01 9.659258e-01
    outer loop
      vertex   1.040200e+01 -9.917365e+00 1.418481e+00
      vertex   1.076400e+01 -9.934202e+00 1.413969e+00
      vertex   1.076400e+01 -9.917365e+00 1.418481e+00
    endloop
  endfacet
  facet normal -7.378335e-19 -2.588190e-01 9.659258e-01
    outer loop
      vertex   1.076400e+01 -9.917365e+00 1.418481e+00
      vertex   1.076400e+01 -9.934202e+00 1.413969e+00
      vertex   1.112600e+01 -9.934202e+00 1.413969e+00
    endloop
  endfacet
  facet normal 0.000000e+00 -2.588190e-01 9.659258e-01
    outer loop
      vertex   1.076400e+01 -9.917365e+00 1.418481e+00
      vertex   1.112600e+01 -9.934202e+00 1.413969e+00
      vertex   1.112600e+01 -9.917365e+00 1.418481e+00
    endloop
  endfacet
  facet normal -7.378335e-19 -2.588190e-01 9.659258e-01
    outer loop
      vertex   1.112600e+01 -9.917365e+00 1.418481e+00
      vertex   1.112600e+01 -9.934202e+00 1.413969e+00
      vertex   1.148800e+01 -9.934202e+00 1.413969e+00
    endloop
  endfacet
  facet normal -6.110488e-16 -8.715574e-02 9.961947e-01
    outer loop
      vertex   1.148800e+01 -9.917365e+00 1.418481e+00
      vertex   1.185000e+01 -9.917365e+00 1.418481e+00
      vertex   1.366000e+01 -9.900000e+00 1.420000e+00
    endloop
  endfacet
  facet normal 2.395372e-19 -8.715574e-02 9.961947e-01
    outer loop
      vertex   1.366000e+01 -9.900000e+00 1.420000e+00
      vertex   1.185000e+01 -9.917365e+00 1.418481e+00
      vertex   1.221200e+01 -9.917365e+00 1.418481e+00
    endloop
  endfacet
  facet normal 2.395372e-19 -8.715574e-02 9.961947e-01
    outer loop
      vertex   1.366000e+01 -9.900000e+00 1.420000e+00
      vertex   1.221200e+01 -9.917365e+00 1.418481e+00
      vertex   1.257400e+01 -9.917365e+00 1.418481e+00
    endloop
  endfacet
  facet normal 0.000000e+00 -2.588190e-01 9.659258e-01
    outer loop
      vertex   1.257400e+01 -9.917365e+00 1.418481e+00
      vertex   1.221200e+01 -9.917365e+00 1.418481e+00
      vertex   1.257400e+01 -9.934202e+00 1.413969e+00
    endloop
  endfacet
  facet normal -5.935195e-16 -2.588190e-01 9.659258e-01
    outer loop
      vertex   1.257400e+01 -9.917365e+00 1.418481e+00
      vertex   1.257400e+01 -9.934202e+00 1.413969e+00
      vertex   1.293600e+01 -9.934202e+00 1.413969e+00
    endloop
  endfacet
  facet normal -5.559137e-16 -4.226183e-01 9.063078e-01
    outer loop
      vertex   1.293600e+01 -9.934202e+00 1.413969e+00
      vertex   1.257400e+01 -9.934202e+00 1.413969e+00
      vertex   1.293600e+01 -9.950000e+00 1.406603e+00
    endloop
  endfacet
  facet normal 7.414661e-19 -4.226183e-01 9.063078e-01
    outer loop
      vertex   1.293600e+01 -9.934202e+00 1.413969e+00
      vertex   1.293600e+01 -9.950000e+00 1.406603e+00
      vertex   1.329800e+01 -9.950000e+00 1.406603e+00
    endloop
  endfacet
  facet normal 0.000000e+00 -5.735764e-01 8.191520e-01
    outer loop
      vertex   1.329800e+01 -9.950000e+00 1.406603e+00
      vertex   1.293600e+01 -9.950000e+00 1.406603e+00
      vertex   1.329800e+01 -9.964279e+00 1.396604e+00
    endloop
  endfacet
  facet normal -5.924824e-16 -2.588190e-01 9.659258e-01
    outer loop
      vertex   1.148800e+01 -9.917365e+00 1.418481e+00
      vertex   1.185000e+01 -9.934202e+00 1.413969e+00
      vertex   1.185000e+01 -9.917365e+00 1.418481e+00
    endloop
  endfacet
  facet normal -7.378335e-19 -2.588190e-01 9.659258e-01
    outer loop
      vertex   1.185000e+01 -9.917365e+00 1.418481e+00
      vertex   1.185000e+01 -9.934202e+00 1.413969e+00
      vertex   1.221200e+01 -9.934202e+00 1.413969e+00
    endloop
  endfacet
  facet normal 0.000000e+00 -2.588190e-01 9.659258e-01
    outer loop
      vertex   1.185000e+01 -9.917365e+00 1.418481e+00
      vertex   1.221200e+01 -9.934202e+00 1.413969e+00
      vertex   1.221200e+01 -9.917365e+00 1.418481e+00
    endloop
  endfacet
  facet normal 5.917445e-16 -2.588190e-01 9.659258e-01
    outer loop
      vertex   1.221200e+01 -9.917365e+00 1.418481e+00
      vertex   1.221200e+01 -9.934202e+00 1.413969e+00
      vertex   1.257400e+01 -9.934202e+00 1.413969e+00
    endloop
  endfacet
  facet normal 0.000000e+00 -8.715574e-02 9.961947e-01
    outer loop
      vertex   1.329800e+01 -9.917365e+00 1.418481e+00
      vertex   1.366000e+01 -9.900000e+00 1.420000e+00
      vertex   1.293600e+01 -9.917365e+00 1.418481e+00
    endloop
  endfacet
  facet normal -6.110488e-16 -8.715574e-02 9.961947e-01
    outer loop
      vertex   1.293600e+01 -9.917365e+00 1.418481e+00
      vertex   1.366000e+01 -9.900000e+00 1.420000e+00
      vertex   1.257400e+01 -9.917365e+00 1.418481e+00
    endloop
  endfacet
  facet normal -5.924824e-16 -2.588190e-01 9.659258e-01
    outer loop
      vertex   1.293600e+01 -9.917365e+00 1.418481e+00
      vertex   1.257400e+01 -9.917365e+00 1.418481e+00
      vertex   1.293600e+01 -9.934202e+00 1.413969e+00
    endloop
  endfacet
  facet normal -1.037170e-18 -2.588190e-01 9.659258e-01
    outer loop
      vertex   1.329800e+01 -9.934202e+00 1.413969e+00
      vertex   1.329800e+01 -9.917365e+00 1.418481e+00
      vertex   1.293600e+01 -9.917365e+00 1.418481e+00
    endloop
  endfacet
  facet normal 0.000000e+00 -2.588190e-01 9.659258e-01
    outer loop
      vertex   1.329800e+01 -9.934202e+00 1.413969e+00
      vertex   1.293600e+01 -9.917365e+00 1.418481e+00
      vertex   1.293600e+01 -9.934202e+00 1.413969e+00
    endloop
  endfacet
  facet normal -7.378335e-19 -2.588190e-01 9.659258e-01
    outer loop
      vertex   7.144000e+00 -9.917365e+00 1.418481e+00
      vertex   7.144000e+00 -9.934202e+00 1.413969e+00
      vertex   7.506000e+00 -9.934202e+00 1.413969e+00
    endloop
  endfacet
  facet normal 0.000000e+00 -4.226183e-01 9.063078e-01
    outer loop
      vertex   7.506000e+00 -9.934202e+00 1.413969e+00
      vertex   7.144000e+00 -9.934202e+00 1.413969e+00
      vertex   7.506000e+00 -9.950000e+00 1.406603e+00
    endloop
  endfacet
  facet normal -1.050189e-18 -4.226183e-01 9.063078e-01
    outer loop
      vertex   7.506000e+00 -9.934202e+00 1.413969e+00
      vertex   7.506000e+00 -9.950000e+00 1.406603e+00
      vertex   7.868000e+00 -9.950000e+00 1.406603e+00
    endloop
  endfacet
  facet normal 0.000000e+00 -5.735764e-01 8.191520e-01
    outer loop
      vertex   7.868000e+00 -9.950000e+00 1.406603e+00
      vertex   7.506000e+00 -9.950000e+00 1.406603e+00
      vertex   7.868000e+00 -9.964279e+00 1.396604e+00
    endloop
  endfacet
  facet normal -5.044591e-16 -5.735764e-01 8.191520e-01
    outer loop
      vertex   7.868000e+00 -9.950000e+00 1.406603e+00
      vertex   7.868000e+00 -9.964279e+00 1.396604e+00
      vertex   8.230000e+00 -9.964279e+00 1.396604e+00
    endloop
  endfacet
  facet normal -4.337272e-16 -7.071068e-01 7.071068e-01
    outer loop
      vertex   8.230000e+00 -9.964279e+00 1.396604e+00
      vertex   7.868000e+00 -9.964279e+00 1.396604e+00
      vertex   8.230000e+00 -9.976604e+00 1.384279e+00
    endloop
  endfacet
  facet normal 1.988818e-18 -7.071068e-01 7.071068e-01
    outer loop
      vertex   8.230000e+00 -9.964279e+00 1.396604e+00
      vertex   8.230000e+00 -9.976604e+00 1.384279e+00
      vertex   8.592000e+00 -9.976604e+00 1.384279e+00
    endloop
  endfacet
  facet normal 0.000000e+00 -8.191520e-01 5.735764e-01
    outer loop
      vertex   8.592000e+00 -9.976604e+00 1.384279e+00
      vertex   8.230000e+00 -9.976604e+00 1.384279e+00
      vertex   8.592000e+00 -9.986603e+00 1.370000e+00
    endloop
  endfacet
  facet normal -1.017246e-18 -8.191520e-01 5.735764e-01
    outer loop
      vertex   8.592000e+00 -9.976604e+00 1.384279e+00
      vertex   8.592000e+00 -9.986603e+00 1.370000e+00
      vertex   8.954000e+00 -9.986603e+00 1.370000e+00
    endloop
  endfacet
  facet normal 0.000000e+00 -9.063078e-01 4.226183e-01
    outer loop
      vertex   8.954000e+00 -9.986603e+00 1.370000e+00
      vertex   8.592000e+00 -9.986603e+00 1.370000e+00
      vertex   8.954000e+00 -9.993969e+00 1.354202e+00
    endloop
  endfacet
  facet normal -2.595648e-16 -9.063078e-01 4.226183e-01
    outer loop
      vertex   8.954000e+00 -9.986603e+00 1.370000e+00
      vertex   8.954000e+00 -9.993969e+00 1.354202e+00
      vertex   9.316000e+00 -9.993969e+00 1.354202e+00
    endloop
  endfacet
  facet normal -1.587552e-16 -9.659258e-01 2.588190e-01
    outer loop
      vertex   9.316000e+00 -9.993969e+00 1.354202e+00
      vertex   8.954000e+00 -9.993969e+00 1.354202e+00
      vertex   9.316000e+00 -9.998481e+00 1.337365e+00
    endloop
  endfacet
  facet normal -9.232515e-19 -9.659258e-01 2.588190e-01
    outer loop
      vertex   9.316000e+00 -9.993969e+00 1.354202e+00
      vertex   9.316000e+00 -9.998481e+00 1.337365e+00
      vertex   9.678000e+00 -9.998481e+00 1.337365e+00
    endloop
  endfacet
  facet normal 0.000000e+00 -9.961947e-01 8.715574e-02
    outer loop
      vertex   9.678000e+00 -9.998481e+00 1.337365e+00
      vertex   9.316000e+00 -9.998481e+00 1.337365e+00
      vertex   6.420000e+00 -1.000000e+01 1.320000e+00
    endloop
  endfacet
  facet normal 0.000000e+00 -4.226183e-01 9.063078e-01
    outer loop
      vertex   7.506000e+00 -9.950000e+00 1.406603e+00
      vertex   7.144000e+00 -9.934202e+00 1.413969e+00
      vertex   7.144000e+00 -9.950000e+00 1.406603e+00
    endloop
  endfacet
  facet normal -1.111827e-15 -4.226183e-01 9.063078e-01
    outer loop
      vertex   7.868000e+00 -9.934202e+00 1.413969e+00
      vertex   8.230000e+00 -9.950000e+00 1.406603e+00
      vertex   8.230000e+00 -9.934202e+00 1.413969e+00
    endloop
  endfacet
  facet normal 3.853614e-19 -4.226183e-01 9.063078e-01
    outer loop
      vertex   8.230000e+00 -9.934202e+00 1.413969e+00
      vertex   8.230000e+00 -9.950000e+00 1.406603e+00
      vertex   8.592000e+00 -9.950000e+00 1.406603e+00
    endloop
  endfacet
  facet normal 0.000000e+00 -4.226183e-01 9.063078e-01
    outer loop
      vertex   8.230000e+00 -9.934202e+00 1.413969e+00
      vertex   8.592000e+00 -9.950000e+00 1.406603e+00
      vertex   8.592000e+00 -9.934202e+00 1.413969e+00
    endloop
  endfacet
  facet normal 3.853614e-19 -4.226183e-01 9.063078e-01
    outer loop
      vertex   8.592000e+00 -9.934202e+00 1.413969e+00
      vertex   8.592000e+00 -9.950000e+00 1.406603e+00
      vertex   8.954000e+00 -9.950000e+00 1.406603e+00
    endloop
  endfacet
  facet normal -5.559137e-16 -4.226183e-01 9.063078e-01
    outer loop
      vertex   8.954000e+00 -9.934202e+00 1.413969e+00
      vertex   9.316000e+00 -9.950000e+00 1.406603e+00
      vertex   9.316000e+00 -9.934202e+00 1.413969e+00
    endloop
  endfacet
  facet normal 3.853614e-19 -4.226183e-01 9.063078e-01
    outer loop
      vertex   9.316000e+00 -9.934202e+00 1.413969e+00
      vertex   9.316000e+00 -9.950000e+00 1.406603e+00
      vertex   9.678000e+00 -9.950000e+00 1.406603e+00
    endloop
  endfacet
  facet normal 0.000000e+00 -4.226183e-01 9.063078e-01
    outer loop
      vertex   9.316000e+00 -9.934202e+00 1.413969e+00
      vertex   9.678000e+00 -9.950000e+00 1.406603e+00
      vertex   9.678000e+00 -9.934202e+00 1.413969e+00
    endloop
  endfacet
  facet normal 3.853614e-19 -4.226183e-01 9.063078e-01
    outer loop
      vertex   9.678000e+00 -9.934202e+00 1.413969e+00
      vertex   9.678000e+00 -9.950000e+00 1.406603e+00
      vertex   1.004000e+01 -9.950000e+00 1.406603e+00
    endloop
  endfacet
  facet normal 0.000000e+00 -4.226183e-01 9.063078e-01
    outer loop
      vertex   1.076400e+01 -9.950000e+00 1.406603e+00
      vertex   1.040200e+01 -9.934202e+00 1.413969e+00
      vertex   1.040200e+01 -9.950000e+00 1.406603e+00
    endloop
  endfacet
  facet normal -5.555283e-16 -4.226183e-01 9.063078e-01
    outer loop
      vertex   1.040200e+01 -9.950000e+00 1.406603e+00
      vertex   1.040200e+01 -9.934202e+00 1.413969e+00
      vertex   1.004000e+01 -9.934202e+00 1.413969e+00
    endloop
  endfacet
  facet normal 0.000000e+00 -4.226183e-01 9.063078e-01
    outer loop
      vertex   1.076400e+01 -9.934202e+00 1.413969e+00
      vertex   1.112600e+01 -9.950000e+00 1.406603e+00
      vertex   1.112600e+01 -9.934202e+00 1.413969e+00
    endloop
  endfacet
  facet normal 3.853614e-19 -4.226183e-01 9.063078e-01
    outer loop
      vertex   1.112600e+01 -9.934202e+00 1.413969e+00
      vertex   1.112600e+01 -9.950000e+00 1.406603e+00
      vertex   1.148800e+01 -9.950000e+00 1.406603e+00
    endloop
  endfacet
  facet normal 0.000000e+00 -4.226183e-01 9.063078e-01
    outer loop
      vertex   1.112600e+01 -9.934202e+00 1.413969e+00
      vertex   1.148800e+01 -9.950000e+00 1.406603e+00
      vertex   1.148800e+01 -9.934202e+00 1.413969e+00
    endloop
  endfacet
  facet normal -1.111442e-15 -4.226183e-01 9.063078e-01
    outer loop
      vertex   1.148800e+01 -9.934202e+00 1.413969e+00
      vertex   1.148800e+01 -9.950000e+00 1.406603e+00
      vertex   1.185000e+01 -9.950000e+00 1.406603e+00
    endloop
  endfacet
  facet normal 0.000000e+00 -4.226183e-01 9.063078e-01
    outer loop
      vertex   1.185000e+01 -9.934202e+00 1.413969e+00
      vertex   1.221200e+01 -9.950000e+00 1.406603e+00
      vertex   1.221200e+01 -9.934202e+00 1.413969e+00
    endloop
  endfacet
  facet normal 7.414661e-19 -4.226183e-01 9.063078e-01
    outer loop
      vertex   1.221200e+01 -9.934202e+00 1.413969e+00
      vertex   1.221200e+01 -9.950000e+00 1.406603e+00
      vertex   1.257400e+01 -9.950000e+00 1.406603e+00
    endloop
  endfacet
  facet normal 5.559137e-16 -4.226183e-01 9.063078e-01
    outer loop
      vertex   1.221200e+01 -9.934202e+00 1.413969e+00
      vertex   1.257400e+01 -9.950000e+00 1.406603e+00
      vertex   1.257400e+01 -9.934202e+00 1.413969e+00
    endloop
  endfacet
  facet normal -1.050189e-18 -4.226183e-01 9.063078e-01
    outer loop
      vertex   1.257400e+01 -9.934202e+00 1.413969e+00
      vertex   1.257400e+01 -9.950000e+00 1.406603e+00
      vertex   1.293600e+01 -9.950000e+00 1.406603e+00
    endloop
  endfacet
  facet normal 7.414661e-19 -4.226183e-01 9.063078e-01
    outer loop
      vertex   1.329800e+01 -9.950000e+00 1.406603e+00
      vertex   1.329800e+01 -9.934202e+00 1.413969e+00
      vertex   1.293600e+01 -9.934202e+00 1.413969e+00
    endloop
  endfacet
  facet normal 0.000000e+00 -5.735764e-01 8.191520e-01
    outer loop
      vertex   7.506000e+00 -9.950000e+00 1.406603e+00
      vertex   7.144000e+00 -9.950000e+00 1.406603e+00
      vertex   7.506000e+00 -9.964279e+00 1.396604e+00
    endloop
  endfacet
  facet normal -2.814576e-15 -5.735764e-01 8.191520e-01
    outer loop
      vertex   7.506000e+00 -9.964279e+00 1.396604e+00
      vertex   7.144000e+00 -9.950000e+00 1.406603e+00
      vertex   7.144000e+00 -9.964279e+00 1.396604e+00
    endloop
  endfacet
  facet normal -3.469818e-15 -7.071068e-01 7.071068e-01
    outer loop
      vertex   7.506000e+00 -9.964279e+00 1.396604e+00
      vertex   7.144000e+00 -9.964279e+00 1.396604e+00
      vertex   7.506000e+00 -9.976604e+00 1.384279e+00
    endloop
  endfacet
  facet normal 4.337272e-16 -7.071068e-01 7.071068e-01
    outer loop
      vertex   7.506000e+00 -9.976604e+00 1.384279e+00
      vertex   7.144000e+00 -9.964279e+00 1.396604e+00
      vertex   7.144000e+00 -9.976604e+00 1.384279e+00
    endloop
  endfacet
  facet normal 3.518220e-16 -8.191520e-01 5.735764e-01
    outer loop
      vertex   7.506000e+00 -9.976604e+00 1.384279e+00
      vertex   7.144000e+00 -9.976604e+00 1.384279e+00
      vertex   7.506000e+00 -9.986603e+00 1.370000e+00
    endloop
  endfacet
  facet normal 0.000000e+00 -8.191520e-01 5.735764e-01
    outer loop
      vertex   7.506000e+00 -9.986603e+00 1.370000e+00
      vertex   7.144000e+00 -9.976604e+00 1.384279e+00
      vertex   7.144000e+00 -9.986603e+00 1.370000e+00
    endloop
  endfacet
  facet normal 0.000000e+00 -9.063078e-01 4.226183e-01
    outer loop
      vertex   7.506000e+00 -9.986603e+00 1.370000e+00
      vertex   7.144000e+00 -9.986603e+00 1.370000e+00
      vertex   7.506000e+00 -9.993969e+00 1.354202e+00
    endloop
  endfacet
  facet normal 0.000000e+00 -9.063078e-01 4.226183e-01
    outer loop
      vertex   7.506000e+00 -9.993969e+00 1.354202e+00
      vertex   7.144000e+00 -9.986603e+00 1.370000e+00
      vertex   7.144000e+00 -9.993969e+00 1.354202e+00
    endloop
  endfacet
  facet normal 0.000000e+00 -9.659258e-01 2.588190e-01
    outer loop
      vertex   7.506000e+00 -9.993969e+00 1.354202e+00
      vertex   7.144000e+00 -9.993969e+00 1.354202e+00
      vertex   7.506000e+00 -9.998481e+00 1.337365e+00
    endloop
  endfacet
  facet normal 0.000000e+00 -9.659258e-01 2.588190e-01
    outer loop
      vertex   7.506000e+00 -9.998481e+00 1.337365e+00
      vertex   7.144000e+00 -9.993969e+00 1.354202e+00
      vertex   7.144000e+00 -9.998481e+00 1.337365e+00
    endloop
  endfacet
  facet normal 0.000000e+00 -9.961947e-01 8.715574e-02
    outer loop
      vertex   7.506000e+00 -9.998481e+00 1.337365e+00
      vertex   7.144000e+00 -9.998481e+00 1.337365e+00
      vertex   6.420000e+00 -1.000000e+01 1.320000e+00
    endloop
  endfacet
  facet normal 0.000000e+00 -5.735764e-01 8.191520e-01
    outer loop
      vertex   8.230000e+00 -9.950000e+00 1.406603e+00
      vertex   8.592000e+00 -9.964279e+00 1.396604e+00
      vertex   8.592000e+00 -9.950000e+00 1.406603e+00
    endloop
  endfacet
  facet normal -1.883312e-18 -5.735764e-01 8.191520e-01
    outer loop
      vertex   8.592000e+00 -9.950000e+00 1.406603e+00
      vertex   8.592000e+00 -9.964279e+00 1.396604e+00
      vertex   8.954000e+00 -9.964279e+00 1.396604e+00
    endloop
  endfacet
  facet normal 0.000000e+00 -5.735764e-01 8.191520e-01
    outer loop
      vertex   8.592000e+00 -9.950000e+00 1.406603e+00
      vertex   8.954000e+00 -9.964279e+00 1.396604e+00
      vertex   8.954000e+00 -9.950000e+00 1.406603e+00
    endloop
  endfacet
  facet normal -5.043372e-16 -5.735764e-01 8.191520e-01
    outer loop
      vertex   8.954000e+00 -9.950000e+00 1.406603e+00
      vertex   8.954000e+00 -9.964279e+00 1.396604e+00
      vertex   9.316000e+00 -9.964279e+00 1.396604e+00
    endloop
  endfacet
  facet normal 0.000000e+00 -5.735764e-01 8.191520e-01
    outer loop
      vertex   9.316000e+00 -9.950000e+00 1.406603e+00
      vertex   9.678000e+00 -9.964279e+00 1.396604e+00
      vertex   9.678000e+00 -9.950000e+00 1.406603e+00
    endloop
  endfacet
  facet normal -1.883312e-18 -5.735764e-01 8.191520e-01
    outer loop
      vertex   9.678000e+00 -9.950000e+00 1.406603e+00
      vertex   9.678000e+00 -9.964279e+00 1.396604e+00
      vertex   1.004000e+01 -9.964279e+00 1.396604e+00
    endloop
  endfacet
  facet normal 0.000000e+00 -5.735764e-01 8.191520e-01
    outer loop
      vertex   9.678000e+00 -9.950000e+00 1.406603e+00
      vertex   1.004000e+01 -9.964279e+00 1.396604e+00
      vertex   1.004000e+01 -9.950000e+00 1.406603e+00
    endloop
  endfacet
  facet normal -1.006791e-15 -5.735764e-01 8.191520e-01
    outer loop
      vertex   1.004000e+01 -9.950000e+00 1.406603e+00
      vertex   1.004000e+01 -9.964279e+00 1.396604e+00
      vertex   1.040200e+01 -9.964279e+00 1.396604e+00
    endloop
  endfacet
  facet normal 1.004908e-15 -5.735764e-01 8.191520e-01
    outer loop
      vertex   1.112600e+01 -9.964279e+00 1.396604e+00
      vertex   1.076400e+01 -9.950000e+00 1.406603e+00
      vertex   1.076400e+01 -9.964279e+00 1.396604e+00
    endloop
  endfacet
  facet normal -1.761361e-18 -5.735764e-01 8.191520e-01
    outer loop
      vertex   1.076400e+01 -9.964279e+00 1.396604e+00
      vertex   1.076400e+01 -9.950000e+00 1.406603e+00
      vertex   1.040200e+01 -9.950000e+00 1.406603e+00
    endloop
  endfacet
  facet normal 0.000000e+00 -5.735764e-01 8.191520e-01
    outer loop
      vertex   1.112600e+01 -9.950000e+00 1.406603e+00
      vertex   1.148800e+01 -9.964279e+00 1.396604e+00
      vertex   1.148800e+01 -9.950000e+00 1.406603e+00
    endloop
  endfacet
  facet normal -1.006913e-15 -5.735764e-01 8.191520e-01
    outer loop
      vertex   1.148800e+01 -9.950000e+00 1.406603e+00
      vertex   1.148800e+01 -9.964279e+00 1.396604e+00
      vertex   1.185000e+01 -9.964279e+00 1.396604e+00
    endloop
  endfacet
  facet normal -1.004908e-15 -5.735764e-01 8.191520e-01
    outer loop
      vertex   1.148800e+01 -9.950000e+00 1.406603e+00
      vertex   1.185000e+01 -9.964279e+00 1.396604e+00
      vertex   1.185000e+01 -9.950000e+00 1.406603e+00
    endloop
  endfacet
  facet normal -2.005262e-18 -5.735764e-01 8.191520e-01
    outer loop
      vertex   1.185000e+01 -9.950000e+00 1.406603e+00
      vertex   1.185000e+01 -9.964279e+00 1.396604e+00
      vertex   1.221200e+01 -9.964279e+00 1.396604e+00
    endloop
  endfacet
  facet normal 0.000000e+00 -5.735764e-01 8.191520e-01
    outer loop
      vertex   1.221200e+01 -9.950000e+00 1.406603e+00
      vertex   1.257400e+01 -9.964279e+00 1.396604e+00
      vertex   1.257400e+01 -9.950000e+00 1.406603e+00
    endloop
  endfacet
  facet normal -5.044591e-16 -5.735764e-01 8.191520e-01
    outer loop
      vertex   1.257400e+01 -9.950000e+00 1.406603e+00
      vertex   1.257400e+01 -9.964279e+00 1.396604e+00
      vertex   1.293600e+01 -9.964279e+00 1.396604e+00
    endloop
  endfacet
  facet normal 0.000000e+00 -5.735764e-01 8.191520e-01
    outer loop
      vertex   1.257400e+01 -9.950000e+00 1.406603e+00
      vertex   1.293600e+01 -9.964279e+00 1.396604e+00
      vertex   1.293600e+01 -9.950000e+00 1.406603e+00
    endloop
  endfacet
  facet normal -1.883312e-18 -5.735764e-01 8.191520e-01
    outer loop
      vertex   1.293600e+01 -9.950000e+00 1.406603e+00
      vertex   1.293600e+01 -9.964279e+00 1.396604e+00
      vertex   1.329800e+01 -9.964279e+00 1.396604e+00
    endloop
  endfacet
  facet normal 5.005705e-16 -5.735764e-01 8.191520e-01
    outer loop
      vertex   7.506000e+00 -9.950000e+00 1.406603e+00
      vertex   7.506000e+00 -9.964279e+00 1.396604e+00
      vertex   7.868000e+00 -9.964279e+00 1.396604e+00
    endloop
  endfacet
  facet normal 4.337272e-16 -7.071068e-01 7.071068e-01
    outer loop
      vertex   7.868000e+00 -9.964279e+00 1.396604e+00
      vertex   7.506000e+00 -9.964279e+00 1.396604e+00
      vertex   7.868000e+00 -9.976604e+00 1.384279e+00
    endloop
  endfacet
  facet normal -4.317384e-16 -7.071068e-01 7.071068e-01
    outer loop
      vertex   7.868000e+00 -9.964279e+00 1.396604e+00
      vertex   7.868000e+00 -9.976604e+00 1.384279e+00
      vertex   8.230000e+00 -9.976604e+00 1.384279e+00
    endloop
  endfacet
  facet normal -3.518220e-16 -8.191520e-01 5.735764e-01
    outer loop
      vertex   8.230000e+00 -9.976604e+00 1.384279e+00
      vertex   7.868000e+00 -9.976604e+00 1.384279e+00
      vertex   8.230000e+00 -9.986603e+00 1.370000e+00
    endloop
  endfacet
  facet normal -1.017246e-18 -8.191520e-01 5.735764e-01
    outer loop
      vertex   8.230000e+00 -9.976604e+00 1.384279e+00
      vertex   8.230000e+00 -9.986603e+00 1.370000e+00
      vertex   8.592000e+00 -9.986603e+00 1.370000e+00
    endloop
  endfacet
  facet normal 0.000000e+00 -9.063078e-01 4.226183e-01
    outer loop
      vertex   8.592000e+00 -9.986603e+00 1.370000e+00
      vertex   8.230000e+00 -9.986603e+00 1.370000e+00
      vertex   8.592000e+00 -9.993969e+00 1.354202e+00
    endloop
  endfacet
  facet normal -3.379798e-19 -9.063078e-01 4.226183e-01
    outer loop
      vertex   8.592000e+00 -9.986603e+00 1.370000e+00
      vertex   8.592000e+00 -9.993969e+00 1.354202e+00
      vertex   8.954000e+00 -9.993969e+00 1.354202e+00
    endloop
  endfacet
  facet normal 0.000000e+00 -9.659258e-01 2.588190e-01
    outer loop
      vertex   8.954000e+00 -9.993969e+00 1.354202e+00
      vertex   8.592000e+00 -9.993969e+00 1.354202e+00
      vertex   8.954000e+00 -9.998481e+00 1.337365e+00
    endloop
  endfacet
  facet normal -7.441984e-19 -9.659258e-01 2.588190e-01
    outer loop
      vertex   8.954000e+00 -9.993969e+00 1.354202e+00
      vertex   8.954000e+00 -9.998481e+00 1.337365e+00
      vertex   9.316000e+00 -9.998481e+00 1.337365e+00
    endloop
  endfacet
  facet normal 0.000000e+00 -9.961947e-01 8.715574e-02
    outer loop
      vertex   9.316000e+00 -9.998481e+00 1.337365e+00
      vertex   8.954000e+00 -9.998481e+00 1.337365e+00
      vertex   6.420000e+00 -1.000000e+01 1.320000e+00
    endloop
  endfacet
  facet normal 0.000000e+00 -7.071068e-01 7.071068e-01
    outer loop
      vertex   7.868000e+00 -9.976604e+00 1.384279e+00
      vertex   7.506000e+00 -9.964279e+00 1.396604e+00
      vertex   7.506000e+00 -9.976604e+00 1.384279e+00
    endloop
  endfacet
  facet normal 0.000000e+00 -7.071068e-01 7.071068e-01
    outer loop
      vertex   8.592000e+00 -9.964279e+00 1.396604e+00
      vertex   8.954000e+00 -9.976604e+00 1.384279e+00
      vertex   8.954000e+00 -9.964279e+00 1.396604e+00
    endloop
  endfacet
  facet normal -8.654656e-16 -7.071068e-01 7.071068e-01
    outer loop
      vertex   8.954000e+00 -9.964279e+00 1.396604e+00
      vertex   8.954000e+00 -9.976604e+00 1.384279e+00
      vertex   9.316000e+00 -9.976604e+00 1.384279e+00
    endloop
  endfacet
  facet normal -4.337272e-16 -7.071068e-01 7.071068e-01
    outer loop
      vertex   8.954000e+00 -9.964279e+00 1.396604e+00
      vertex   9.316000e+00 -9.976604e+00 1.384279e+00
      vertex   9.316000e+00 -9.964279e+00 1.396604e+00
    endloop
  endfacet
  facet normal 8.695635e-16 -7.071068e-01 7.071068e-01
    outer loop
      vertex   9.316000e+00 -9.964279e+00 1.396604e+00
      vertex   9.316000e+00 -9.976604e+00 1.384279e+00
      vertex   9.678000e+00 -9.976604e+00 1.384279e+00
    endloop
  endfacet
  facet normal 0.000000e+00 -7.071068e-01 7.071068e-01
    outer loop
      vertex   9.678000e+00 -9.964279e+00 1.396604e+00
      vertex   1.004000e+01 -9.976604e+00 1.384279e+00
      vertex   1.004000e+01 -9.964279e+00 1.396604e+00
    endloop
  endfacet
  facet normal -8.655859e-16 -7.071068e-01 7.071068e-01
    outer loop
      vertex   1.004000e+01 -9.964279e+00 1.396604e+00
      vertex   1.004000e+01 -9.976604e+00 1.384279e+00
      vertex   1.040200e+01 -9.976604e+00 1.384279e+00
    endloop
  endfacet
  facet normal -8.674544e-16 -7.071068e-01 7.071068e-01
    outer loop
      vertex   1.004000e+01 -9.964279e+00 1.396604e+00
      vertex   1.040200e+01 -9.976604e+00 1.384279e+00
      vertex   1.040200e+01 -9.964279e+00 1.396604e+00
    endloop
  endfacet
  facet normal 1.868535e-18 -7.071068e-01 7.071068e-01
    outer loop
      vertex   1.040200e+01 -9.964279e+00 1.396604e+00
      vertex   1.040200e+01 -9.976604e+00 1.384279e+00
      vertex   1.076400e+01 -9.976604e+00 1.384279e+00
    endloop
  endfacet
  facet normal 0.000000e+00 -7.071068e-01 7.071068e-01
    outer loop
      vertex   1.148800e+01 -9.976604e+00 1.384279e+00
      vertex   1.112600e+01 -9.964279e+00 1.396604e+00
      vertex   1.112600e+01 -9.976604e+00 1.384279e+00
    endloop
  endfacet
  facet normal 8.695635e-16 -7.071068e-01 7.071068e-01
    outer loop
      vertex   1.112600e+01 -9.976604e+00 1.384279e+00
      vertex   1.112600e+01 -9.964279e+00 1.396604e+00
      vertex   1.076400e+01 -9.964279e+00 1.396604e+00
    endloop
  endfacet
  facet normal -8.674544e-16 -7.071068e-01 7.071068e-01
    outer loop
      vertex   1.148800e+01 -9.964279e+00 1.396604e+00
      vertex   1.185000e+01 -9.976604e+00 1.384279e+00
      vertex   1.185000e+01 -9.964279e+00 1.396604e+00
    endloop
  endfacet
  facet normal 1.868535e-18 -7.071068e-01 7.071068e-01
    outer loop
      vertex   1.185000e+01 -9.964279e+00 1.396604e+00
      vertex   1.185000e+01 -9.976604e+00 1.384279e+00
      vertex   1.221200e+01 -9.976604e+00 1.384279e+00
    endloop
  endfacet
  facet normal 0.000000e+00 -7.071068e-01 7.071068e-01
    outer loop
      vertex   1.185000e+01 -9.964279e+00 1.396604e+00
      vertex   1.221200e+01 -9.976604e+00 1.384279e+00
      vertex   1.221200e+01 -9.964279e+00 1.396604e+00
    endloop
  endfacet
  facet normal 1.868535e-18 -7.071068e-01 7.071068e-01
    outer loop
      vertex   1.221200e+01 -9.964279e+00 1.396604e+00
      vertex   1.221200e+01 -9.976604e+00 1.384279e+00
      vertex   1.257400e+01 -9.976604e+00 1.384279e+00
    endloop
  endfacet
  facet normal 1.868535e-18 -7.071068e-01 7.071068e-01
    outer loop
      vertex   1.329800e+01 -9.976604e+00 1.384279e+00
      vertex   1.329800e+01 -9.964279e+00 1.396604e+00
      vertex   1.293600e+01 -9.964279e+00 1.396604e+00
    endloop
  endfacet
  facet normal 0.000000e+00 -7.071068e-01 7.071068e-01
    outer loop
      vertex   1.329800e+01 -9.976604e+00 1.384279e+00
      vertex   1.293600e+01 -9.964279e+00 1.396604e+00
      vertex   1.293600e+01 -9.976604e+00 1.384279e+00
    endloop
  endfacet
  facet normal -4.318587e-16 -7.071068e-01 7.071068e-01
    outer loop
      vertex   1.293600e+01 -9.976604e+00 1.384279e+00
      vertex   1.293600e+01 -9.964279e+00 1.396604e+00
      vertex   1.257400e+01 -9.964279e+00 1.396604e+00
    endloop
  endfacet
  facet normal 0.000000e+00 -8.191520e-01 5.735764e-01
    outer loop
      vertex   7.868000e+00 -9.976604e+00 1.384279e+00
      vertex   7.506000e+00 -9.976604e+00 1.384279e+00
      vertex   7.868000e+00 -9.986603e+00 1.370000e+00
    endloop
  endfacet
  facet normal 3.518220e-16 -8.191520e-01 5.735764e-01
    outer loop
      vertex   7.868000e+00 -9.986603e+00 1.370000e+00
      vertex   7.506000e+00 -9.976604e+00 1.384279e+00
      vertex   7.506000e+00 -9.986603e+00 1.370000e+00
    endloop
  endfacet
  facet normal 2.592268e-16 -9.063078e-01 4.226183e-01
    outer loop
      vertex   7.868000e+00 -9.986603e+00 1.370000e+00
      vertex   7.506000e+00 -9.986603e+00 1.370000e+00
      vertex   7.868000e+00 -9.993969e+00 1.354202e+00
    endloop
  endfacet
  facet normal 0.000000e+00 -9.063078e-01 4.226183e-01
    outer loop
      vertex   7.868000e+00 -9.993969e+00 1.354202e+00
      vertex   7.506000e+00 -9.986603e+00 1.370000e+00
      vertex   7.506000e+00 -9.993969e+00 1.354202e+00
    endloop
  endfacet
  facet normal 0.000000e+00 -9.659258e-01 2.588190e-01
    outer loop
      vertex   7.868000e+00 -9.993969e+00 1.354202e+00
      vertex   7.506000e+00 -9.993969e+00 1.354202e+00
      vertex   7.868000e+00 -9.998481e+00 1.337365e+00
    endloop
  endfacet
  facet normal 0.000000e+00 -9.659258e-01 2.588190e-01
    outer loop
      vertex   7.868000e+00 -9.998481e+00 1.337365e+00
      vertex   7.506000e+00 -9.993969e+00 1.354202e+00
      vertex   7.506000e+00 -9.998481e+00 1.337365e+00
    endloop
  endfacet
  facet normal 0.000000e+00 -9.961947e-01 8.715574e-02
    outer loop
      vertex   7.868000e+00 -9.998481e+00 1.337365e+00
      vertex   7.506000e+00 -9.998481e+00 1.337365e+00
      vertex   6.420000e+00 -1.000000e+01 1.320000e+00
    endloop
  endfacet
  facet normal -7.036439e-16 -8.191520e-01 5.735764e-01
    outer loop
      vertex   8.954000e+00 -9.976604e+00 1.384279e+00
      vertex   9.316000e+00 -9.986603e+00 1.370000e+00
      vertex   9.316000e+00 -9.976604e+00 1.384279e+00
    endloop
  endfacet
  facet normal 3.503941e-16 -8.191520e-01 5.735764e-01
    outer loop
      vertex   9.316000e+00 -9.976604e+00 1.384279e+00
      vertex   9.316000e+00 -9.986603e+00 1.370000e+00
      vertex   9.678000e+00 -9.986603e+00 1.370000e+00
    endloop
  endfacet
  facet normal 7.036439e-16 -8.191520e-01 5.735764e-01
    outer loop
      vertex   9.316000e+00 -9.976604e+00 1.384279e+00
      vertex   9.678000e+00 -9.986603e+00 1.370000e+00
      vertex   9.678000e+00 -9.976604e+00 1.384279e+00
    endloop
  endfacet
  facet normal -1.017246e-18 -8.191520e-01 5.735764e-01
    outer loop
      vertex   9.678000e+00 -9.976604e+00 1.384279e+00
      vertex   9.678000e+00 -9.986603e+00 1.370000e+00
      vertex   1.004000e+01 -9.986603e+00 1.370000e+00
    endloop
  endfacet
  facet normal -7.036439e-16 -8.191520e-01 5.735764e-01
    outer loop
      vertex   1.004000e+01 -9.976604e+00 1.384279e+00
      vertex   1.040200e+01 -9.986603e+00 1.370000e+00
      vertex   1.040200e+01 -9.976604e+00 1.384279e+00
    endloop
  endfacet
  facet normal -1.427885e-18 -8.191520e-01 5.735764e-01
    outer loop
      vertex   1.040200e+01 -9.976604e+00 1.384279e+00
      vertex   1.040200e+01 -9.986603e+00 1.370000e+00
      vertex   1.076400e+01 -9.986603e+00 1.370000e+00
    endloop
  endfacet
  facet normal 0.000000e+00 -8.191520e-01 5.735764e-01
    outer loop
      vertex   1.040200e+01 -9.976604e+00 1.384279e+00
      vertex   1.076400e+01 -9.986603e+00 1.370000e+00
      vertex   1.076400e+01 -9.976604e+00 1.384279e+00
    endloop
  endfacet
  facet normal 3.503941e-16 -8.191520e-01 5.735764e-01
    outer loop
      vertex   1.076400e+01 -9.976604e+00 1.384279e+00
      vertex   1.076400e+01 -9.986603e+00 1.370000e+00
      vertex   1.112600e+01 -9.986603e+00 1.370000e+00
    endloop
  endfacet
  facet normal -1.838524e-18 -8.191520e-01 5.735764e-01
    outer loop
      vertex   1.148800e+01 -9.986603e+00 1.370000e+00
      vertex   1.148800e+01 -9.976604e+00 1.384279e+00
      vertex   1.112600e+01 -9.976604e+00 1.384279e+00
    endloop
  endfacet
  facet normal 0.000000e+00 -8.191520e-01 5.735764e-01
    outer loop
      vertex   1.185000e+01 -9.976604e+00 1.384279e+00
      vertex   1.221200e+01 -9.986603e+00 1.370000e+00
      vertex   1.221200e+01 -9.976604e+00 1.384279e+00
    endloop
  endfacet
  facet normal -1.427885e-18 -8.191520e-01 5.735764e-01
    outer loop
      vertex   1.221200e+01 -9.976604e+00 1.384279e+00
      vertex   1.221200e+01 -9.986603e+00 1.370000e+00
      vertex   1.257400e+01 -9.986603e+00 1.370000e+00
    endloop
  endfacet
  facet normal 0.000000e+00 -8.191520e-01 5.735764e-01
    outer loop
      vertex   1.221200e+01 -9.976604e+00 1.384279e+00
      vertex   1.257400e+01 -9.986603e+00 1.370000e+00
      vertex   1.257400e+01 -9.976604e+00 1.384279e+00
    endloop
  endfacet
  facet normal -1.427885e-18 -8.191520e-01 5.735764e-01
    outer loop
      vertex   1.257400e+01 -9.976604e+00 1.384279e+00
      vertex   1.257400e+01 -9.986603e+00 1.370000e+00
      vertex   1.293600e+01 -9.986603e+00 1.370000e+00
    endloop
  endfacet
  facet normal -1.838524e-18 -8.191520e-01 5.735764e-01
    outer loop
      vertex   1.329800e+01 -9.986603e+00 1.370000e+00
      vertex   1.329800e+01 -9.976604e+00 1.384279e+00
      vertex   1.293600e+01 -9.976604e+00 1.384279e+00
    endloop
  endfacet
  facet normal -3.528392e-16 -8.191520e-01 5.735764e-01
    outer loop
      vertex   7.868000e+00 -9.976604e+00 1.384279e+00
      vertex   7.868000e+00 -9.986603e+00 1.370000e+00
      vertex   8.230000e+00 -9.986603e+00 1.370000e+00
    endloop
  endfacet
  facet normal -2.592268e-16 -9.063078e-01 4.226183e-01
    outer loop
      vertex   8.230000e+00 -9.986603e+00 1.370000e+00
      vertex   7.868000e+00 -9.986603e+00 1.370000e+00
      vertex   8.230000e+00 -9.993969e+00 1.354202e+00
    endloop
  endfacet
  facet normal -3.379798e-19 -9.063078e-01 4.226183e-01
    outer loop
      vertex   8.230000e+00 -9.986603e+00 1.370000e+00
      vertex   8.230000e+00 -9.993969e+00 1.354202e+00
      vertex   8.592000e+00 -9.993969e+00 1.354202e+00
    endloop
  endfacet
  facet normal 0.000000e+00 -9.659258e-01 2.588190e-01
    outer loop
      vertex   8.592000e+00 -9.993969e+00 1.354202e+00
      vertex   8.230000e+00 -9.993969e+00 1.354202e+00
      vertex   8.592000e+00 -9.998481e+00 1.337365e+00
    endloop
  endfacet
  facet normal -7.441984e-19 -9.659258e-01 2.588190e-01
    outer loop
      vertex   8.592000e+00 -9.993969e+00 1.354202e+00
      vertex   8.592000e+00 -9.998481e+00 1.337365e+00
      vertex   8.954000e+00 -9.998481e+00 1.337365e+00
    endloop
  endfacet
  facet normal 0.000000e+00 -9.961947e-01 8.715574e-02
    outer loop
      vertex   8.954000e+00 -9.998481e+00 1.337365e+00
      vertex   8.592000e+00 -9.998481e+00 1.337365e+00
      vertex   6.420000e+00 -1.000000e+01 1.320000e+00
    endloop
  endfacet
  facet normal 0.000000e+00 -9.063078e-01 4.226183e-01
    outer loop
      vertex   8.230000e+00 -9.993969e+00 1.354202e+00
      vertex   7.868000e+00 -9.986603e+00 1.370000e+00
      vertex   7.868000e+00 -9.993969e+00 1.354202e+00
    endloop
  endfacet
  facet normal 2.592268e-16 -9.063078e-01 4.226183e-01
    outer loop
      vertex   9.316000e+00 -9.986603e+00 1.370000e+00
      vertex   9.678000e+00 -9.993969e+00 1.354202e+00
      vertex   9.678000e+00 -9.986603e+00 1.370000e+00
    endloop
  endfacet
  facet normal -3.379798e-19 -9.063078e-01 4.226183e-01
    outer loop
      vertex   9.678000e+00 -9.986603e+00 1.370000e+00
      vertex   9.678000e+00 -9.993969e+00 1.354202e+00
      vertex   1.004000e+01 -9.993969e+00 1.354202e+00
    endloop
  endfacet
  facet normal 0.000000e+00 -9.063078e-01 4.226183e-01
    outer loop
      vertex   9.678000e+00 -9.986603e+00 1.370000e+00
      vertex   1.004000e+01 -9.993969e+00 1.354202e+00
      vertex   1.004000e+01 -9.986603e+00 1.370000e+00
    endloop
  endfacet
  facet normal -2.595648e-16 -9.063078e-01 4.226183e-01
    outer loop
      vertex   1.004000e+01 -9.986603e+00 1.370000e+00
      vertex   1.004000e+01 -9.993969e+00 1.354202e+00
      vertex   1.040200e+01 -9.993969e+00 1.354202e+00
    endloop
  endfacet
  facet normal 0.000000e+00 -9.063078e-01 4.226183e-01
    outer loop
      vertex   1.040200e+01 -9.986603e+00 1.370000e+00
      vertex   1.076400e+01 -9.993969e+00 1.354202e+00
      vertex   1.076400e+01 -9.986603e+00 1.370000e+00
    endloop
  endfacet
  facet normal 2.588888e-16 -9.063078e-01 4.226183e-01
    outer loop
      vertex   1.076400e+01 -9.986603e+00 1.370000e+00
      vertex   1.076400e+01 -9.993969e+00 1.354202e+00
      vertex   1.112600e+01 -9.993969e+00 1.354202e+00
    endloop
  endfacet
  facet normal 2.592268e-16 -9.063078e-01 4.226183e-01
    outer loop
      vertex   1.076400e+01 -9.986603e+00 1.370000e+00
      vertex   1.112600e+01 -9.993969e+00 1.354202e+00
      vertex   1.112600e+01 -9.986603e+00 1.370000e+00
    endloop
  endfacet
  facet normal -3.379798e-19 -9.063078e-01 4.226183e-01
    outer loop
      vertex   1.112600e+01 -9.986603e+00 1.370000e+00
      vertex   1.112600e+01 -9.993969e+00 1.354202e+00
      vertex   1.148800e+01 -9.993969e+00 1.354202e+00
    endloop
  endfacet
  facet normal 2.592268e-16 -9.063078e-01 4.226183e-01
    outer loop
      vertex   1.221200e+01 -9.993969e+00 1.354202e+00
      vertex   1.185000e+01 -9.986603e+00 1.370000e+00
      vertex   1.185000e+01 -9.993969e+00 1.354202e+00
    endloop
  endfacet
  facet normal 0.000000e+00 -9.063078e-01 4.226183e-01
    outer loop
      vertex   1.221200e+01 -9.986603e+00 1.370000e+00
      vertex   1.257400e+01 -9.993969e+00 1.354202e+00
      vertex   1.257400e+01 -9.986603e+00 1.370000e+00
    endloop
  endfacet
  facet normal -2.602169e-16 -9.063078e-01 4.226183e-01
    outer loop
      vertex   1.257400e+01 -9.986603e+00 1.370000e+00
      vertex   1.257400e+01 -9.993969e+00 1.354202e+00
      vertex   1.293600e+01 -9.993969e+00 1.354202e+00
    endloop
  endfacet
  facet normal 0.000000e+00 -9.063078e-01 4.226183e-01
    outer loop
      vertex   1.257400e+01 -9.986603e+00 1.370000e+00
      vertex   1.293600e+01 -9.993969e+00 1.354202e+00
      vertex   1.293600e+01 -9.986603e+00 1.370000e+00
    endloop
  endfacet
  facet normal -3.379798e-19 -9.063078e-01 4.226183e-01
    outer loop
      vertex   1.293600e+01 -9.986603e+00 1.370000e+00
      vertex   1.293600e+01 -9.993969e+00 1.354202e+00
      vertex   1.329800e+01 -9.993969e+00 1.354202e+00
    endloop
  endfacet
  facet normal 0.000000e+00 -9.659258e-01 2.588190e-01
    outer loop
      vertex   8.230000e+00 -9.993969e+00 1.354202e+00
      vertex   7.868000e+00 -9.993969e+00 1.354202e+00
      vertex   8.230000e+00 -9.998481e+00 1.337365e+00
    endloop
  endfacet
  facet normal 0.000000e+00 -9.659258e-01 2.588190e-01
    outer loop
      vertex   8.230000e+00 -9.998481e+00 1.337365e+00
      vertex   7.868000e+00 -9.993969e+00 1.354202e+00
      vertex   7.868000e+00 -9.998481e+00 1.337365e+00
    endloop
  endfacet
  facet normal 0.000000e+00 -9.961947e-01 8.715574e-02
    outer loop
      vertex   8.230000e+00 -9.998481e+00 1.337365e+00
      vertex   7.868000e+00 -9.998481e+00 1.337365e+00
      vertex   6.420000e+00 -1.000000e+01 1.320000e+00
    endloop
  endfacet
  facet normal 0.000000e+00 -9.659258e-01 2.588190e-01
    outer loop
      vertex   9.678000e+00 -9.993969e+00 1.354202e+00
      vertex   1.004000e+01 -9.998481e+00 1.337365e+00
      vertex   1.004000e+01 -9.993969e+00 1.354202e+00
    endloop
  endfacet
  facet normal -1.594994e-16 -9.659258e-01 2.588190e-01
    outer loop
      vertex   1.004000e+01 -9.993969e+00 1.354202e+00
      vertex   1.004000e+01 -9.998481e+00 1.337365e+00
      vertex   1.040200e+01 -9.998481e+00 1.337365e+00
    endloop
  endfacet
  facet normal -1.587552e-16 -9.659258e-01 2.588190e-01
    outer loop
      vertex   1.004000e+01 -9.993969e+00 1.354202e+00
      vertex   1.040200e+01 -9.998481e+00 1.337365e+00
      vertex   1.040200e+01 -9.993969e+00 1.354202e+00
    endloop
  endfacet
  facet normal 1.580110e-16 -9.659258e-01 2.588190e-01
    outer loop
      vertex   1.040200e+01 -9.993969e+00 1.354202e+00
      vertex   1.040200e+01 -9.998481e+00 1.337365e+00
      vertex   1.076400e+01 -9.998481e+00 1.337365e+00
    endloop
  endfacet
  facet normal -7.441984e-19 -9.659258e-01 2.588190e-01
    outer loop
      vertex   1.148800e+01 -9.998481e+00 1.337365e+00
      vertex   1.148800e+01 -9.993969e+00 1.354202e+00
      vertex   1.112600e+01 -9.993969e+00 1.354202e+00
    endloop
  endfacet
  facet normal 0.000000e+00 -9.659258e-01 2.588190e-01
    outer loop
      vertex   1.148800e+01 -9.998481e+00 1.337365e+00
      vertex   1.112600e+01 -9.993969e+00 1.354202e+00
      vertex   1.112600e+01 -9.998481e+00 1.337365e+00
    endloop
  endfacet
  facet normal 1.580110e-16 -9.659258e-01 2.588190e-01
    outer loop
      vertex   1.112600e+01 -9.998481e+00 1.337365e+00
      vertex   1.112600e+01 -9.993969e+00 1.354202e+00
      vertex   1.076400e+01 -9.993969e+00 1.354202e+00
    endloop
  endfacet
  facet normal 1.587552e-16 -9.659258e-01 2.588190e-01
    outer loop
      vertex   1.221200e+01 -9.993969e+00 1.354202e+00
      vertex   1.185000e+01 -9.993969e+00 1.354202e+00
      vertex   1.221200e+01 -9.998481e+00 1.337365e+00
    endloop
  endfacet
  facet normal 0.000000e+00 -9.659258e-01 2.588190e-01
    outer loop
      vertex   1.221200e+01 -9.998481e+00 1.337365e+00
      vertex   1.185000e+01 -9.993969e+00 1.354202e+00
      vertex   1.185000e+01 -9.998481e+00 1.337365e+00
    endloop
  endfacet
  facet normal 0.000000e+00 -9.961947e-01 8.715574e-02
    outer loop
      vertex   1.221200e+01 -9.998481e+00 1.337365e+00
      vertex   1.185000e+01 -9.998481e+00 1.337365e+00
      vertex   1.366000e+01 -1.000000e+01 1.320000e+00
    endloop
  endfacet
  facet normal -9.232515e-19 -9.659258e-01 2.588190e-01
    outer loop
      vertex   1.329800e+01 -9.998481e+00 1.337365e+00
      vertex   1.329800e+01 -9.993969e+00 1.354202e+00
      vertex   1.293600e+01 -9.993969e+00 1.354202e+00
    endloop
  endfacet
  facet normal 1.587552e-16 -9.659258e-01 2.588190e-01
    outer loop
      vertex   1.329800e+01 -9.998481e+00 1.337365e+00
      vertex   1.293600e+01 -9.993969e+00 1.354202e+00
      vertex   1.293600e+01 -9.998481e+00 1.337365e+00
    endloop
  endfacet
  facet normal -1.594994e-16 -9.659258e-01 2.588190e-01
    outer loop
      vertex   1.293600e+01 -9.998481e+00 1.337365e+00
      vertex   1.293600e+01 -9.993969e+00 1.354202e+00
      vertex   1.257400e+01 -9.993969e+00 1.354202e+00
    endloop
  endfacet
  facet normal -7.045624e-20 -9.961947e-01 8.715574e-02
    outer loop
      vertex   6.420000e+00 -1.000000e+01 1.320000e+00
      vertex   8.592000e+00 -9.998481e+00 1.337365e+00
      vertex   8.230000e+00 -9.998481e+00 1.337365e+00
    endloop
  endfacet
  facet normal 0.000000e+00 -9.659258e-01 2.588190e-01
    outer loop
      vertex   8.230000e+00 -9.998481e+00 1.337365e+00
      vertex   8.592000e+00 -9.998481e+00 1.337365e+00
      vertex   8.230000e+00 -9.993969e+00 1.354202e+00
    endloop
  endfacet
  facet normal 5.338938e-17 -9.961947e-01 8.715574e-02
    outer loop
      vertex   1.366000e+01 -1.000000e+01 1.320000e+00
      vertex   1.076400e+01 -9.998481e+00 1.337365e+00
      vertex   1.040200e+01 -9.998481e+00 1.337365e+00
    endloop
  endfacet
  facet normal -5.345984e-17 -9.961947e-01 8.715574e-02
    outer loop
      vertex   1.040200e+01 -9.998481e+00 1.337365e+00
      vertex   1.004000e+01 -9.998481e+00 1.337365e+00
      vertex   1.366000e+01 -1.000000e+01 1.320000e+00
    endloop
  endfacet
  facet normal -7.045624e-20 -9.961947e-01 8.715574e-02
    outer loop
      vertex   1.366000e+01 -1.000000e+01 1.320000e+00
      vertex   1.257400e+01 -9.998481e+00 1.337365e+00
      vertex   1.221200e+01 -9.998481e+00 1.337365e+00
    endloop
  endfacet
  facet normal 0.000000e+00 -9.659258e-01 2.588190e-01
    outer loop
      vertex   1.221200e+01 -9.998481e+00 1.337365e+00
      vertex   1.257400e+01 -9.998481e+00 1.337365e+00
      vertex   1.221200e+01 -9.993969e+00 1.354202e+00
    endloop
  endfacet
  facet normal 0.000000e+00 0.000000e+00 1.000000e+00
    outer loop
      vertex   1.366000e+01 -2.341000e+01 1.920000e+00
      vertex   4.420000e+00 -2.341000e+01 1.920000e+00
      vertex   1.366000e+01 -2.379277e+01 1.920000e+00
    endloop
  endfacet
  facet normal -2.403080e-16 -5.800981e-15 1.000000e+00
    outer loop
      vertex   1.366000e+01 -2.379277e+01 1.920000e+00
      vertex   4.420000e+00 -2.341000e+01 1.920000e+00
      vertex   4.420000e+00 -2.379277e+01 1.920000e+00
    endloop
  endfacet
  facet normal 0.000000e+00 1.000000e+00 -0.000000e+00
    outer loop
      vertex   1.366000e+01 -2.379277e+01 1.920000e+00
      vertex   4.420000e+00 -2.379277e+01 1.920000e+00
      vertex   1.366000e+01 -2.379277e+01 2.000000e+00
    endloop
  endfacet
  facet normal 0.000000e+00 1.000000e+00 0.000000e+00
    outer loop
      vertex   1.366000e+01 -2.379277e+01 2.000000e+00
      vertex   4.420000e+00 -2.379277e+01 1.920000e+00
      vertex   4.420000e+00 -2.379277e+01 2.000000e+00
    endloop
  endfacet
  facet normal 7.523279e-17 9.497307e-01 -3.130682e-01
    outer loop
      vertex   4.420000e+00 -2.379277e+01 2.000000e+00
      vertex   4.420000e+00 -2.316000e+01 3.919588e+00
      vertex   1.366000e+01 -2.379277e+01 2.000000e+00
    endloop
  endfacet
  facet normal -1.933541e-18 9.497307e-01 -3.130682e-01
    outer loop
      vertex   1.366000e+01 -2.379277e+01 2.000000e+00
      vertex   4.420000e+00 -2.316000e+01 3.919588e+00
      vertex   1.366000e+01 -2.316000e+01 3.919588e+00
    endloop
  endfacet
  facet normal 0.000000e+00 1.000000e+00 -0.000000e+00
    outer loop
      vertex   4.420000e+00 -2.316000e+01 3.919588e+00
      vertex   4.420000e+00 -2.316000e+01 5.350000e+00
      vertex   1.366000e+01 -2.316000e+01 3.919588e+00
    endloop
  endfacet
  facet normal 0.000000e+00 1.000000e+00 -0.000000e+00
    outer loop
      vertex   1.366000e+01 -2.316000e+01 3.919588e+00
      vertex   4.420000e+00 -2.316000e+01 5.350000e+00
      vertex   1.366000e+01 -2.316000e+01 5.350000e+00
    endloop
  endfacet
  facet normal -6.190629e-09 1.811688e-11 -1.000000e+00
    outer loop
      vertex   1.366000e+01 -1.000000e+01 5.350000e+00
      vertex   1.366000e+01 -2.316000e+01 5.350000e+00
      vertex   6.420000e+00 -1.644000e+01 5.350000e+00
    endloop
  endfacet
  facet normal 4.806160e-16 6.687783e-09 -1.000000e+00
    outer loop
      vertex   6.420000e+00 -1.644000e+01 5.350000e+00
      vertex   1.366000e+01 -2.316000e+01 5.350000e+00
      vertex   4.420000e+00 -2.316000e+01 5.350000e+00
    endloop
  endfacet
  facet normal 0.000000e+00 6.687783e-09 -1.000000e+00
    outer loop
      vertex   6.420000e+00 -1.644000e+01 5.350000e+00
      vertex   4.420000e+00 -2.316000e+01 5.350000e+00
      vertex   4.420000e+00 -1.644000e+01 5.350000e+00
    endloop
  endfacet
  facet normal 3.680297e-16 -6.941535e-09 -1.000000e+00
    outer loop
      vertex   6.420000e+00 -1.644000e+01 5.350000e+00
      vertex   6.420000e+00 -1.000000e+01 5.350000e+00
      vertex   1.366000e+01 -1.000000e+01 5.350000e+00
    endloop
  endfacet
  facet normal 0.000000e+00 -1.000000e+00 0.000000e+00
    outer loop
      vertex   6.420000e+00 -1.000000e+01 5.350000e+00
      vertex   6.420000e+00 -1.000000e+01 3.919588e+00
      vertex   1.366000e+01 -1.000000e+01 5.350000e+00
    endloop
  endfacet
  facet normal 0.000000e+00 -1.000000e+00 -0.000000e+00
    outer loop
      vertex   1.366000e+01 -1.000000e+01 5.350000e+00
      vertex   6.420000e+00 -1.000000e+01 3.919588e+00
      vertex   1.366000e+01 -1.000000e+01 3.919588e+00
    endloop
  endfacet
  facet normal 9.601533e-17 -9.497307e-01 -3.130682e-01
    outer loop
      vertex   1.366000e+01 -9.219322e+00 1.551307e+00
      vertex   1.366000e+01 -1.000000e+01 3.919588e+00
      vertex   6.420000e+00 -9.219322e+00 1.551307e+00
    endloop
  endfacet
  facet normal -2.539819e-19 -9.497307e-01 -3.130682e-01
    outer loop
      vertex   6.420000e+00 -9.219322e+00 1.551307e+00
      vertex   1.366000e+01 -1.000000e+01 3.919588e+00
      vertex   6.420000e+00 -1.000000e+01 3.919588e+00
    endloop
  endfacet
  facet normal -1.295191e-08 6.687783e-09 -1.000000e+00
    outer loop
      vertex   4.420000e+00 -1.644000e+01 0.000000e+00
      vertex   4.420000e+00 -2.316000e+01 -4.494190e-08
      vertex   -5.251355e-16 -2.500000e+01 0.000000e+00
    endloop
  endfacet
  facet normal 4.863842e-09 -3.610874e-08 -1.000000e+00
    outer loop
      vertex   -5.251355e-16 -2.500000e+01 0.000000e+00
      vertex   4.420000e+00 -2.316000e+01 -4.494190e-08
      vertex   1.366000e+01 -2.316000e+01 2.220446e-15
    endloop
  endfacet
  facet normal 1.776357e-16 -1.119877e-16 -1.000000e+00
    outer loop
      vertex   -5.251355e-16 -2.500000e+01 0.000000e+00
      vertex   1.366000e+01 -2.316000e+01 2.220446e-15
      vertex   2.500000e+01 -2.500000e+01 4.440892e-15
    endloop
  endfacet
  facet normal 1.958065e-16 0.000000e+00 -1.000000e+00
    outer loop
      vertex   2.500000e+01 -2.500000e+01 4.440892e-15
      vertex   1.366000e+01 -2.316000e+01 2.220446e-15
      vertex   2.500000e+01 -9.000000e+00 4.440892e-15
    endloop
  endfacet
  facet normal 1.958065e-16 -5.286053e-33 -1.000000e+00
    outer loop
      vertex   2.500000e+01 -9.000000e+00 4.440892e-15
      vertex   1.366000e+01 -2.316000e+01 2.220446e-15
      vertex   1.366000e+01 -1.000000e+01 2.220446e-15
    endloop
  endfacet
  facet normal 1.776357e-16 2.060574e-16 -1.000000e+00
    outer loop
      vertex   2.500000e+01 -9.000000e+00 4.440892e-15
      vertex   1.366000e+01 -1.000000e+01 2.220446e-15
      vertex   0.000000e+00 -9.000000e+00 0.000000e+00
    endloop
  endfacet
  facet normal 3.066914e-16 1.968959e-15 -1.000000e+00
    outer loop
      vertex   0.000000e+00 -9.000000e+00 0.000000e+00
      vertex   1.366000e+01 -1.000000e+01 2.220446e-15
      vertex   6.420000e+00 -1.000000e+01 0.000000e+00
    endloop
  endfacet
  facet normal 0.000000e+00 0.000000e+00 -1.000000e+00
    outer loop
      vertex   0.000000e+00 -9.000000e+00 0.000000e+00
      vertex   6.420000e+00 -1.000000e+01 0.000000e+00
      vertex   4.420000e+00 -1.644000e+01 0.000000e+00
    endloop
  endfacet
  facet normal 0.000000e+00 0.000000e+00 -1.000000e+00
    outer loop
      vertex   4.420000e+00 -1.644000e+01 0.000000e+00
      vertex   6.420000e+00 -1.000000e+01 0.000000e+00
      vertex   6.420000e+00 -1.644000e+01 0.000000e+00
    endloop
  endfacet
  facet normal 0.000000e+00 -0.000000e+00 -1.000000e+00
    outer loop
      vertex   0.000000e+00 -9.000000e+00 0.000000e+00
      vertex   4.420000e+00 -1.644000e+01 0.000000e+00
      vertex   -5.251355e-16 -2.500000e+01 0.000000e+00
    endloop
  endfacet
  facet normal 0.000000e+00 0.000000e+00 1.000000e+00
    outer loop
      vertex   2.130000e+01 -1.500000e+01 4.408000e+01
      vertex   2.500000e+01 -1.500000e+01 4.408000e+01
      vertex   2.130000e+01 -1.000000e+01 4.408000e+01
    endloop
  endfacet
  facet normal -0.000000e+00 0.000000e+00 1.000000e+00
    outer loop
      vertex   2.130000e+01 -1.000000e+01 4.408000e+01
      vertex   2.500000e+01 -1.500000e+01 4.408000e+01
      vertex   2.500000e+01 -1.000000e+01 4.408000e+01
    endloop
  endfacet
  facet normal 1.000000e+00 0.000000e+00 0.000000e+00
    outer loop
      vertex   2.500000e+01 -1.000972e+01 1.673634e+01
      vertex   2.500000e+01 -1.003886e+01 1.704681e+01
      vertex   2.500000e+01 -1.000000e+01 1.642465e+01
    endloop
  endfacet
  facet normal 1.000000e+00 0.000000e+00 0.000000e+00
    outer loop
      vertex   2.500000e+01 -1.000000e+01 1.642465e+01
      vertex   2.500000e+01 -1.003886e+01 1.704681e+01
      vertex   2.500000e+01 -1.008729e+01 1.735487e+01
    endloop
  endfacet
  facet normal 1.000000e+00 0.000000e+00 0.000000e+00
    outer loop
      vertex   2.500000e+01 -1.000000e+01 1.642465e+01
      vertex   2.500000e+01 -1.008729e+01 1.735487e+01
      vertex   2.500000e+01 -1.015484e+01 1.765931e+01
    endloop
  endfacet
  facet normal 1.000000e+00 0.000000e+00 0.000000e+00
    outer loop
      vertex   2.500000e+01 -1.015484e+01 1.765931e+01
      vertex   2.500000e+01 -1.024123e+01 1.795894e+01
      vertex   2.500000e+01 -1.000000e+01 1.642465e+01
    endloop
  endfacet
  facet normal 1.000000e+00 0.000000e+00 0.000000e+00
    outer loop
      vertex   2.500000e+01 -1.000000e+01 1.642465e+01
      vertex   2.500000e+01 -1.024123e+01 1.795894e+01
      vertex   2.500000e+01 -1.034613e+01 1.825261e+01
    endloop
  endfacet
  facet normal 1.000000e+00 0.000000e+00 0.000000e+00
    outer loop
      vertex   2.500000e+01 -1.000000e+01 1.642465e+01
      vertex   2.500000e+01 -1.034613e+01 1.825261e+01
      vertex   2.500000e+01 -1.046913e+01 1.853917e+01
    endloop
  endfacet
  facet normal 1.000000e+00 0.000000e+00 0.000000e+00
    outer loop
      vertex   2.500000e+01 -1.046913e+01 1.853917e+01
      vertex   2.500000e+01 -1.060976e+01 1.881750e+01
      vertex   2.500000e+01 -1.000000e+01 1.642465e+01
    endloop
  endfacet
  facet normal 1.000000e+00 0.000000e+00 0.000000e+00
    outer loop
      vertex   2.500000e+01 -1.000000e+01 1.642465e+01
      vertex   2.500000e+01 -1.060976e+01 1.881750e+01
      vertex   2.500000e+01 -1.075741e+01 1.910975e+01
    endloop
  endfacet
  facet normal 1.000000e+00 0.000000e+00 0.000000e+00
    outer loop
      vertex   2.500000e+01 -1.000000e+01 1.642465e+01
      vertex   2.500000e+01 -1.075741e+01 1.910975e+01
      vertex   2.500000e+01 -1.000000e+01 1.408000e+01
    endloop
  endfacet
  facet normal 1.000000e+00 0.000000e+00 0.000000e+00
    outer loop
      vertex   2.500000e+01 -1.000000e+01 1.408000e+01
      vertex   2.500000e+01 -1.075741e+01 1.910975e+01
      vertex   2.500000e+01 -1.088657e+01 1.941064e+01
    endloop
  endfacet
  facet normal 1.000000e+00 0.000000e+00 0.000000e+00
    outer loop
      vertex   2.500000e+01 -1.000000e+01 1.408000e+01
      vertex   2.500000e+01 -1.088657e+01 1.941064e+01
      vertex   2.500000e+01 -1.099671e+01 1.971899e+01
    endloop
  endfacet
  facet normal 1.000000e+00 0.000000e+00 0.000000e+00
    outer loop
      vertex   2.500000e+01 -1.108742e+01 2.003360e+01
      vertex   2.500000e+01 -2.500000e+01 9.080000e+00
      vertex   2.500000e+01 -1.099671e+01 1.971899e+01
    endloop
  endfacet
  facet normal 1.000000e+00 0.000000e+00 0.000000e+00
    outer loop
      vertex   2.500000e+01 -1.099671e+01 1.971899e+01
      vertex   2.500000e+01 -2.500000e+01 9.080000e+00
      vertex   2.500000e+01 -9.989295e+00 1.375298e+01
    endloop
  endfacet
  facet normal 1.000000e+00 0.000000e+00 0.000000e+00
    outer loop
      vertex   2.500000e+01 -1.099671e+01 1.971899e+01
      vertex   2.500000e+01 -9.989295e+00 1.375298e+01
      vertex   2.500000e+01 -1.000000e+01 1.408000e+01
    endloop
  endfacet
  facet normal 1.000000e+00 0.000000e+00 0.000000e+00
    outer loop
      vertex   2.500000e+01 -1.108742e+01 2.003360e+01
      vertex   2.500000e+01 -1.115834e+01 2.035327e+01
      vertex   2.500000e+01 -2.500000e+01 9.080000e+00
    endloop
  endfacet
  facet normal 1.000000e+00 0.000000e+00 0.000000e+00
    outer loop
      vertex   2.500000e+01 -2.500000e+01 9.080000e+00
      vertex   2.500000e+01 -1.115834e+01 2.035327e+01
      vertex   2.500000e+01 -1.120920e+01 2.067673e+01
    endloop
  endfacet
  facet normal 1.000000e+00 0.000000e+00 0.000000e+00
    outer loop
      vertex   2.500000e+01 -2.500000e+01 9.080000e+00
      vertex   2.500000e+01 -1.120920e+01 2.067673e+01
      vertex   2.500000e+01 -1.123979e+01 2.100273e+01
    endloop
  endfacet
  facet normal 1.000000e+00 0.000000e+00 0.000000e+00
    outer loop
      vertex   2.500000e+01 -1.123979e+01 2.100273e+01
      vertex   2.500000e+01 -1.125000e+01 2.133000e+01
      vertex   2.500000e+01 -2.500000e+01 9.080000e+00
    endloop
  endfacet
  facet normal 1.000000e+00 0.000000e+00 0.000000e+00
    outer loop
      vertex   2.500000e+01 -2.500000e+01 9.080000e+00
      vertex   2.500000e+01 -1.125000e+01 2.133000e+01
      vertex   2.500000e+01 -1.123979e+01 2.165727e+01
    endloop
  endfacet
  facet normal 1.000000e+00 0.000000e+00 0.000000e+00
    outer loop
      vertex   2.500000e+01 -2.500000e+01 9.080000e+00
      vertex   2.500000e+01 -1.123979e+01 2.165727e+01
      vertex   2.500000e+01 -1.120920e+01 2.198327e+01
    endloop
  endfacet
  facet normal 1.000000e+00 0.000000e+00 0.000000e+00
    outer loop
      vertex   2.500000e+01 -2.500000e+01 9.080000e+00
      vertex   2.500000e+01 -1.120920e+01 2.198327e+01
      vertex   2.500000e+01 -1.115834e+01 3.385327e+01
    endloop
  endfacet
  facet normal 1.000000e+00 0.000000e+00 0.000000e+00
    outer loop
      vertex   2.500000e+01 -1.115834e+01 3.385327e+01
      vertex   2.500000e+01 -1.120920e+01 2.198327e+01
      vertex   2.500000e+01 -1.115834e+01 2.230673e+01
    endloop
  endfacet
  facet normal 1.000000e+00 0.000000e+00 0.000000e+00
    outer loop
      vertex   2.500000e+01 -1.115834e+01 3.385327e+01
      vertex   2.500000e+01 -1.115834e+01 2.230673e+01
      vertex   2.500000e+01 -1.108742e+01 2.262640e+01
    endloop
  endfacet
  facet normal 1.000000e+00 0.000000e+00 0.000000e+00
    outer loop
      vertex   2.500000e+01 -1.115834e+01 3.385327e+01
      vertex   2.500000e+01 -1.108742e+01 2.262640e+01
      vertex   2.500000e+01 -1.108742e+01 3.353360e+01
    endloop
  endfacet
  facet normal 1.000000e+00 0.000000e+00 0.000000e+00
    outer loop
      vertex   2.500000e+01 -1.108742e+01 3.353360e+01
      vertex   2.500000e+01 -1.108742e+01 2.262640e+01
      vertex   2.500000e+01 -1.099671e+01 2.294101e+01
    endloop
  endfacet
  facet normal 1.000000e+00 0.000000e+00 0.000000e+00
    outer loop
      vertex   2.500000e+01 -1.108742e+01 3.353360e+01
      vertex   2.500000e+01 -1.099671e+01 2.294101e+01
      vertex   2.500000e+01 -1.099671e+01 3.321899e+01
    endloop
  endfacet
  facet normal 1.000000e+00 0.000000e+00 0.000000e+00
    outer loop
      vertex   2.500000e+01 -1.099671e+01 3.321899e+01
      vertex   2.500000e+01 -1.099671e+01 2.294101e+01
      vertex   2.500000e+01 -1.088657e+01 2.324936e+01
    endloop
  endfacet
  facet normal 1.000000e+00 0.000000e+00 0.000000e+00
    outer loop
      vertex   2.500000e+01 -1.099671e+01 3.321899e+01
      vertex   2.500000e+01 -1.088657e+01 2.324936e+01
      vertex   2.500000e+01 -1.088657e+01 3.291064e+01
    endloop
  endfacet
  facet normal 1.000000e+00 0.000000e+00 0.000000e+00
    outer loop
      vertex   2.500000e+01 -1.088657e+01 3.291064e+01
      vertex   2.500000e+01 -1.088657e+01 2.324936e+01
      vertex   2.500000e+01 -1.075741e+01 2.355025e+01
    endloop
  endfacet
  facet normal 1.000000e+00 0.000000e+00 0.000000e+00
    outer loop
      vertex   2.500000e+01 -1.088657e+01 3.291064e+01
      vertex   2.500000e+01 -1.075741e+01 2.355025e+01
      vertex   2.500000e+01 -1.075741e+01 3.260975e+01
    endloop
  endfacet
  facet normal 1.000000e+00 0.000000e+00 0.000000e+00
    outer loop
      vertex   2.500000e+01 -1.075741e+01 3.260975e+01
      vertex   2.500000e+01 -1.075741e+01 2.355025e+01
      vertex   2.500000e+01 -1.000000e+01 2.623535e+01
    endloop
  endfacet
  facet normal 1.000000e+00 0.000000e+00 0.000000e+00
    outer loop
      vertex   2.500000e+01 -1.075741e+01 3.260975e+01
      vertex   2.500000e+01 -1.000000e+01 2.623535e+01
      vertex   2.500000e+01 -1.000000e+01 2.992465e+01
    endloop
  endfacet
  facet normal 1.000000e+00 0.000000e+00 0.000000e+00
    outer loop
      vertex   2.500000e+01 -1.075741e+01 2.355025e+01
      vertex   2.500000e+01 -1.060976e+01 2.384250e+01
      vertex   2.500000e+01 -1.000000e+01 2.623535e+01
    endloop
  endfacet
  facet normal 1.000000e+00 0.000000e+00 0.000000e+00
    outer loop
      vertex   2.500000e+01 -1.000000e+01 2.623535e+01
      vertex   2.500000e+01 -1.060976e+01 2.384250e+01
      vertex   2.500000e+01 -1.046913e+01 2.412083e+01
    endloop
  endfacet
  facet normal 1.000000e+00 0.000000e+00 0.000000e+00
    outer loop
      vertex   2.500000e+01 -1.000000e+01 2.623535e+01
      vertex   2.500000e+01 -1.046913e+01 2.412083e+01
      vertex   2.500000e+01 -1.034613e+01 2.440739e+01
    endloop
  endfacet
  facet normal 1.000000e+00 0.000000e+00 0.000000e+00
    outer loop
      vertex   2.500000e+01 -1.034613e+01 2.440739e+01
      vertex   2.500000e+01 -1.024123e+01 2.470106e+01
      vertex   2.500000e+01 -1.000000e+01 2.623535e+01
    endloop
  endfacet
  facet normal 1.000000e+00 0.000000e+00 0.000000e+00
    outer loop
      vertex   2.500000e+01 -1.000000e+01 2.623535e+01
      vertex   2.500000e+01 -1.024123e+01 2.470106e+01
      vertex   2.500000e+01 -1.015484e+01 2.500069e+01
    endloop
  endfacet
  facet normal 1.000000e+00 0.000000e+00 0.000000e+00
    outer loop
      vertex   2.500000e+01 -1.000000e+01 2.623535e+01
      vertex   2.500000e+01 -1.015484e+01 2.500069e+01
      vertex   2.500000e+01 -1.008729e+01 2.530513e+01
    endloop
  endfacet
  facet normal 1.000000e+00 0.000000e+00 0.000000e+00
    outer loop
      vertex   2.500000e+01 -1.008729e+01 2.530513e+01
      vertex   2.500000e+01 -1.003886e+01 2.561319e+01
      vertex   2.500000e+01 -1.000000e+01 2.623535e+01
    endloop
  endfacet
  facet normal 1.000000e+00 0.000000e+00 0.000000e+00
    outer loop
      vertex   2.500000e+01 -1.000000e+01 2.623535e+01
      vertex   2.500000e+01 -1.003886e+01 2.561319e+01
      vertex   2.500000e+01 -1.000972e+01 2.592366e+01
    endloop
  endfacet
  facet normal 1.000000e+00 0.000000e+00 0.000000e+00
    outer loop
      vertex   2.500000e+01 -1.000972e+01 3.023634e+01
      vertex   2.500000e+01 -1.003886e+01 3.054681e+01
      vertex   2.500000e+01 -1.000000e+01 2.992465e+01
    endloop
  endfacet
  facet normal 1.000000e+00 0.000000e+00 0.000000e+00
    outer loop
      vertex   2.500000e+01 -1.000000e+01 2.992465e+01
      vertex   2.500000e+01 -1.003886e+01 3.054681e+01
      vertex   2.500000e+01 -1.008729e+01 3.085487e+01
    endloop
  endfacet
  facet normal 1.000000e+00 0.000000e+00 0.000000e+00
    outer loop
      vertex   2.500000e+01 -1.000000e+01 2.992465e+01
      vertex   2.500000e+01 -1.008729e+01 3.085487e+01
      vertex   2.500000e+01 -1.015484e+01 3.115931e+01
    endloop
  endfacet
  facet normal 1.000000e+00 0.000000e+00 0.000000e+00
    outer loop
      vertex   2.500000e+01 -1.015484e+01 3.115931e+01
      vertex   2.500000e+01 -1.024123e+01 3.145894e+01
      vertex   2.500000e+01 -1.000000e+01 2.992465e+01
    endloop
  endfacet
  facet normal 1.000000e+00 0.000000e+00 0.000000e+00
    outer loop
      vertex   2.500000e+01 -1.000000e+01 2.992465e+01
      vertex   2.500000e+01 -1.024123e+01 3.145894e+01
      vertex   2.500000e+01 -1.034613e+01 3.175261e+01
    endloop
  endfacet
  facet normal 1.000000e+00 0.000000e+00 0.000000e+00
    outer loop
      vertex   2.500000e+01 -1.000000e+01 2.992465e+01
      vertex   2.500000e+01 -1.034613e+01 3.175261e+01
      vertex   2.500000e+01 -1.046913e+01 3.203917e+01
    endloop
  endfacet
  facet normal 1.000000e+00 0.000000e+00 0.000000e+00
    outer loop
      vertex   2.500000e+01 -1.046913e+01 3.203917e+01
      vertex   2.500000e+01 -1.060976e+01 3.231750e+01
      vertex   2.500000e+01 -1.000000e+01 2.992465e+01
    endloop
  endfacet
  facet normal 1.000000e+00 0.000000e+00 0.000000e+00
    outer loop
      vertex   2.500000e+01 -1.000000e+01 2.992465e+01
      vertex   2.500000e+01 -1.060976e+01 3.231750e+01
      vertex   2.500000e+01 -1.075741e+01 3.260975e+01
    endloop
  endfacet
  facet normal 1.000000e+00 0.000000e+00 0.000000e+00
    outer loop
      vertex   2.500000e+01 -2.500000e+01 9.080000e+00
      vertex   2.500000e+01 -1.115834e+01 3.385327e+01
      vertex   2.500000e+01 -1.500000e+01 4.408000e+01
    endloop
  endfacet
  facet normal 1.000000e+00 0.000000e+00 0.000000e+00
    outer loop
      vertex   2.500000e+01 -1.500000e+01 4.408000e+01
      vertex   2.500000e+01 -1.115834e+01 3.385327e+01
      vertex   2.500000e+01 -1.120920e+01 3.417673e+01
    endloop
  endfacet
  facet normal 1.000000e+00 0.000000e+00 0.000000e+00
    outer loop
      vertex   2.500000e+01 -1.500000e+01 4.408000e+01
      vertex   2.500000e+01 -1.120920e+01 3.417673e+01
      vertex   2.500000e+01 -1.123979e+01 3.450273e+01
    endloop
  endfacet
  facet normal 1.000000e+00 0.000000e+00 0.000000e+00
    outer loop
      vertex   2.500000e+01 -1.123979e+01 3.450273e+01
      vertex   2.500000e+01 -1.125000e+01 3.483000e+01
      vertex   2.500000e+01 -1.500000e+01 4.408000e+01
    endloop
  endfacet
  facet normal 1.000000e+00 0.000000e+00 0.000000e+00
    outer loop
      vertex   2.500000e+01 -1.500000e+01 4.408000e+01
      vertex   2.500000e+01 -1.125000e+01 3.483000e+01
      vertex   2.500000e+01 -1.123979e+01 3.515727e+01
    endloop
  endfacet
  facet normal 1.000000e+00 0.000000e+00 0.000000e+00
    outer loop
      vertex   2.500000e+01 -1.500000e+01 4.408000e+01
      vertex   2.500000e+01 -1.123979e+01 3.515727e+01
      vertex   2.500000e+01 -1.120920e+01 3.548327e+01
    endloop
  endfacet
  facet normal 1.000000e+00 0.000000e+00 -0.000000e+00
    outer loop
      vertex   2.500000e+01 -1.120920e+01 3.548327e+01
      vertex   2.500000e+01 -1.115834e+01 3.580673e+01
      vertex   2.500000e+01 -1.500000e+01 4.408000e+01
    endloop
  endfacet
  facet normal 1.000000e+00 0.000000e+00 0.000000e+00
    outer loop
      vertex   2.500000e+01 -1.500000e+01 4.408000e+01
      vertex   2.500000e+01 -1.115834e+01 3.580673e+01
      vertex   2.500000e+01 -1.108742e+01 3.612640e+01
    endloop
  endfacet
  facet normal 1.000000e+00 0.000000e+00 0.000000e+00
    outer loop
      vertex   2.500000e+01 -1.500000e+01 4.408000e+01
      vertex   2.500000e+01 -1.108742e+01 3.612640e+01
      vertex   2.500000e+01 -1.099671e+01 3.644101e+01
    endloop
  endfacet
  facet normal 1.000000e+00 0.000000e+00 -0.000000e+00
    outer loop
      vertex   2.500000e+01 -1.099671e+01 3.644101e+01
      vertex   2.500000e+01 -1.088657e+01 3.674936e+01
      vertex   2.500000e+01 -1.500000e+01 4.408000e+01
    endloop
  endfacet
  facet normal 1.000000e+00 0.000000e+00 0.000000e+00
    outer loop
      vertex   2.500000e+01 -1.500000e+01 4.408000e+01
      vertex   2.500000e+01 -1.088657e+01 3.674936e+01
      vertex   2.500000e+01 -1.075741e+01 3.705025e+01
    endloop
  endfacet
  facet normal 1.000000e+00 0.000000e+00 0.000000e+00
    outer loop
      vertex   2.500000e+01 -1.500000e+01 4.408000e+01
      vertex   2.500000e+01 -1.075741e+01 3.705025e+01
      vertex   2.500000e+01 -1.000000e+01 3.973535e+01
    endloop
  endfacet
  facet normal 1.000000e+00 0.000000e+00 0.000000e+00
    outer loop
      vertex   2.500000e+01 -1.000000e+01 3.973535e+01
      vertex   2.500000e+01 -1.075741e+01 3.705025e+01
      vertex   2.500000e+01 -1.060976e+01 3.734250e+01
    endloop
  endfacet
  facet normal 1.000000e+00 0.000000e+00 0.000000e+00
    outer loop
      vertex   2.500000e+01 -1.000000e+01 3.973535e+01
      vertex   2.500000e+01 -1.060976e+01 3.734250e+01
      vertex   2.500000e+01 -1.046913e+01 3.762083e+01
    endloop
  endfacet
  facet normal 1.000000e+00 0.000000e+00 0.000000e+00
    outer loop
      vertex   2.500000e+01 -1.046913e+01 3.762083e+01
      vertex   2.500000e+01 -1.034613e+01 3.790739e+01
      vertex   2.500000e+01 -1.000000e+01 3.973535e+01
    endloop
  endfacet
  facet normal 1.000000e+00 0.000000e+00 0.000000e+00
    outer loop
      vertex   2.500000e+01 -1.000000e+01 3.973535e+01
      vertex   2.500000e+01 -1.034613e+01 3.790739e+01
      vertex   2.500000e+01 -1.024123e+01 3.820106e+01
    endloop
  endfacet
  facet normal 1.000000e+00 0.000000e+00 0.000000e+00
    outer loop
      vertex   2.500000e+01 -1.000000e+01 3.973535e+01
      vertex   2.500000e+01 -1.024123e+01 3.820106e+01
      vertex   2.500000e+01 -1.015484e+01 3.850069e+01
    endloop
  endfacet
  facet normal 1.000000e+00 0.000000e+00 0.000000e+00
    outer loop
      vertex   2.500000e+01 -1.015484e+01 3.850069e+01
      vertex   2.500000e+01 -1.008729e+01 3.880513e+01
      vertex   2.500000e+01 -1.000000e+01 3.973535e+01
    endloop
  endfacet
  facet normal 1.000000e+00 0.000000e+00 0.000000e+00
    outer loop
      vertex   2.500000e+01 -1.000000e+01 3.973535e+01
      vertex   2.500000e+01 -1.008729e+01 3.880513e+01
      vertex   2.500000e+01 -1.003886e+01 3.911319e+01
    endloop
  endfacet
  facet normal 1.000000e+00 0.000000e+00 0.000000e+00
    outer loop
      vertex   2.500000e+01 -1.000000e+01 3.973535e+01
      vertex   2.500000e+01 -1.003886e+01 3.911319e+01
      vertex   2.500000e+01 -1.000972e+01 3.942366e+01
    endloop
  endfacet
  facet normal 1.000000e+00 0.000000e+00 -0.000000e+00
    outer loop
      vertex   2.500000e+01 -1.000000e+01 3.973535e+01
      vertex   2.500000e+01 -1.000000e+01 4.408000e+01
      vertex   2.500000e+01 -1.500000e+01 4.408000e+01
    endloop
  endfacet
  facet normal 1.000000e+00 0.000000e+00 0.000000e+00
    outer loop
      vertex   2.500000e+01 -2.500000e+01 4.440892e-15
      vertex   2.500000e+01 -9.000000e+00 8.000000e-02
      vertex   2.500000e+01 -2.500000e+01 9.080000e+00
    endloop
  endfacet
  facet normal 1.000000e+00 -0.000000e+00 0.000000e+00
    outer loop
      vertex   2.500000e+01 -2.500000e+01 9.080000e+00
      vertex   2.500000e+01 -9.000000e+00 8.000000e-02
      vertex   2.500000e+01 -9.829629e+00 1.278590e+01
    endloop
  endfacet
  facet normal 1.000000e+00 0.000000e+00 0.000000e+00
    outer loop
      vertex   2.500000e+01 -2.500000e+01 9.080000e+00
      vertex   2.500000e+01 -9.829629e+00 1.278590e+01
      vertex   2.500000e+01 -9.903926e+00 1.310455e+01
    endloop
  endfacet
  facet normal 1.000000e+00 0.000000e+00 0.000000e+00
    outer loop
      vertex   2.500000e+01 -2.500000e+01 4.440892e-15
      vertex   2.500000e+01 -9.000000e+00 4.440892e-15
      vertex   2.500000e+01 -9.000000e+00 8.000000e-02
    endloop
  endfacet
  facet normal 1.000000e+00 0.000000e+00 0.000000e+00
    outer loop
      vertex   2.500000e+01 -3.414214e+00 5.665786e+00
      vertex   2.500000e+01 -5.975452e+00 9.176074e+00
      vertex   2.500000e+01 -9.000000e+00 8.000000e-02
    endloop
  endfacet
  facet normal 1.000000e+00 0.000000e+00 0.000000e+00
    outer loop
      vertex   2.500000e+01 -9.000000e+00 8.000000e-02
      vertex   2.500000e+01 -5.975452e+00 9.176074e+00
      vertex   2.500000e+01 -6.294095e+00 9.250371e+00
    endloop
  endfacet
  facet normal 1.000000e+00 0.000000e+00 0.000000e+00
    outer loop
      vertex   2.500000e+01 -9.000000e+00 8.000000e-02
      vertex   2.500000e+01 -6.294095e+00 9.250371e+00
      vertex   2.500000e+01 -6.607197e+00 9.345349e+00
    endloop
  endfacet
  facet normal 1.000000e+00 0.000000e+00 0.000000e+00
    outer loop
      vertex   2.500000e+01 -3.277005e+00 5.817824e+00
      vertex   2.500000e+01 -3.366755e+00 8.445106e+00
      vertex   2.500000e+01 -3.414214e+00 5.665786e+00
    endloop
  endfacet
  facet normal 1.000000e+00 0.000000e+00 -0.000000e+00
    outer loop
      vertex   2.500000e+01 -3.414214e+00 5.665786e+00
      vertex   2.500000e+01 -3.366755e+00 8.445106e+00
      vertex   2.500000e+01 -3.514020e+00 8.587426e+00
    endloop
  endfacet
  facet normal 1.000000e+00 0.000000e+00 0.000000e+00
    outer loop
      vertex   2.500000e+01 -3.414214e+00 5.665786e+00
      vertex   2.500000e+01 -3.514020e+00 8.587426e+00
      vertex   2.500000e+01 -3.675066e+00 8.713940e+00
    endloop
  endfacet
  facet normal 1.000000e+00 0.000000e+00 0.000000e+00
    outer loop
      vertex   2.500000e+01 -3.366755e+00 8.445106e+00
      vertex   2.500000e+01 -3.277005e+00 5.817824e+00
      vertex   2.500000e+01 -3.234817e+00 8.288473e+00
    endloop
  endfacet
  facet normal 1.000000e+00 0.000000e+00 0.000000e+00
    outer loop
      vertex   2.500000e+01 -3.234817e+00 8.288473e+00
      vertex   2.500000e+01 -3.277005e+00 5.817824e+00
      vertex   2.500000e+01 -3.156063e+00 5.983096e+00
    endloop
  endfacet
  facet normal 1.000000e+00 0.000000e+00 0.000000e+00
    outer loop
      vertex   2.500000e+01 -3.234817e+00 8.288473e+00
      vertex   2.500000e+01 -3.156063e+00 5.983096e+00
      vertex   2.500000e+01 -3.119588e+00 8.119168e+00
    endloop
  endfacet
  facet normal 1.000000e+00 0.000000e+00 0.000000e+00
    outer loop
      vertex   2.500000e+01 -3.119588e+00 8.119168e+00
      vertex   2.500000e+01 -3.156063e+00 5.983096e+00
      vertex   2.500000e+01 -3.052657e+00 6.159870e+00
    endloop
  endfacet
  facet normal 1.000000e+00 0.000000e+00 0.000000e+00
    outer loop
      vertex   2.500000e+01 -3.119588e+00 8.119168e+00
      vertex   2.500000e+01 -3.052657e+00 6.159870e+00
      vertex   2.500000e+01 -3.022278e+00 7.938967e+00
    endloop
  endfacet
  facet normal 1.000000e+00 0.000000e+00 0.000000e+00
    outer loop
      vertex   2.500000e+01 -3.022278e+00 7.938967e+00
      vertex   2.500000e+01 -3.052657e+00 6.159870e+00
      vertex   2.500000e+01 -2.967870e+00 6.346292e+00
    endloop
  endfacet
  facet normal 1.000000e+00 0.000000e+00 0.000000e+00
    outer loop
      vertex   2.500000e+01 -3.022278e+00 7.938967e+00
      vertex   2.500000e+01 -2.967870e+00 6.346292e+00
      vertex   2.500000e+01 -2.943905e+00 7.749759e+00
    endloop
  endfacet
  facet normal 1.000000e+00 0.000000e+00 0.000000e+00
    outer loop
      vertex   2.500000e+01 -2.943905e+00 7.749759e+00
      vertex   2.500000e+01 -2.967870e+00 6.346292e+00
      vertex   2.500000e+01 -2.902593e+00 6.540406e+00
    endloop
  endfacet
  facet normal 1.000000e+00 0.000000e+00 0.000000e+00
    outer loop
      vertex   2.500000e+01 -2.943905e+00 7.749759e+00
      vertex   2.500000e+01 -2.902593e+00 6.540406e+00
      vertex   2.500000e+01 -2.885293e+00 7.553529e+00
    endloop
  endfacet
  facet normal 1.000000e+00 0.000000e+00 0.000000e+00
    outer loop
      vertex   2.500000e+01 -2.885293e+00 7.553529e+00
      vertex   2.500000e+01 -2.902593e+00 6.540406e+00
      vertex   2.500000e+01 -2.857508e+00 6.740179e+00
    endloop
  endfacet
  facet normal 1.000000e+00 0.000000e+00 0.000000e+00
    outer loop
      vertex   2.500000e+01 -2.885293e+00 7.553529e+00
      vertex   2.500000e+01 -2.857508e+00 6.740179e+00
      vertex   2.500000e+01 -2.847055e+00 7.352333e+00
    endloop
  endfacet
  facet normal 1.000000e+00 0.000000e+00 0.000000e+00
    outer loop
      vertex   2.500000e+01 -2.847055e+00 7.352333e+00
      vertex   2.500000e+01 -2.857508e+00 6.740179e+00
      vertex   2.500000e+01 -2.833090e+00 6.943515e+00
    endloop
  endfacet
  facet normal 1.000000e+00 0.000000e+00 0.000000e+00
    outer loop
      vertex   2.500000e+01 -2.847055e+00 7.352333e+00
      vertex   2.500000e+01 -2.833090e+00 6.943515e+00
      vertex   2.500000e+01 -2.829593e+00 7.148282e+00
    endloop
  endfacet
  facet normal 1.000000e+00 0.000000e+00 0.000000e+00
    outer loop
      vertex   2.500000e+01 -3.675066e+00 8.713940e+00
      vertex   2.500000e+01 -3.848207e+00 8.823321e+00
      vertex   2.500000e+01 -3.414214e+00 5.665786e+00
    endloop
  endfacet
  facet normal 1.000000e+00 0.000000e+00 0.000000e+00
    outer loop
      vertex   2.500000e+01 -3.414214e+00 5.665786e+00
      vertex   2.500000e+01 -3.848207e+00 8.823321e+00
      vertex   2.500000e+01 -4.031625e+00 8.914423e+00
    endloop
  endfacet
  facet normal 1.000000e+00 0.000000e+00 0.000000e+00
    outer loop
      vertex   2.500000e+01 -3.414214e+00 5.665786e+00
      vertex   2.500000e+01 -4.031625e+00 8.914423e+00
      vertex   2.500000e+01 -4.223398e+00 8.986290e+00
    endloop
  endfacet
  facet normal 1.000000e+00 0.000000e+00 0.000000e+00
    outer loop
      vertex   2.500000e+01 -4.223398e+00 8.986290e+00
      vertex   2.500000e+01 -4.421515e+00 9.038168e+00
      vertex   2.500000e+01 -3.414214e+00 5.665786e+00
    endloop
  endfacet
  facet normal 1.000000e+00 0.000000e+00 0.000000e+00
    outer loop
      vertex   2.500000e+01 -3.414214e+00 5.665786e+00
      vertex   2.500000e+01 -4.421515e+00 9.038168e+00
      vertex   2.500000e+01 -4.623899e+00 9.069515e+00
    endloop
  endfacet
  facet normal 1.000000e+00 0.000000e+00 0.000000e+00
    outer loop
      vertex   2.500000e+01 -3.414214e+00 5.665786e+00
      vertex   2.500000e+01 -4.623899e+00 9.069515e+00
      vertex   2.500000e+01 -4.828427e+00 9.080000e+00
    endloop
  endfacet
  facet normal 1.000000e+00 0.000000e+00 0.000000e+00
    outer loop
      vertex   2.500000e+01 -4.828427e+00 9.080000e+00
      vertex   2.500000e+01 -5.000000e+00 9.080000e+00
      vertex   2.500000e+01 -3.414214e+00 5.665786e+00
    endloop
  endfacet
  facet normal 1.000000e+00 0.000000e+00 0.000000e+00
    outer loop
      vertex   2.500000e+01 -3.414214e+00 5.665786e+00
      vertex   2.500000e+01 -5.000000e+00 9.080000e+00
      vertex   2.500000e+01 -5.327016e+00 9.090705e+00
    endloop
  endfacet
  facet normal 1.000000e+00 0.000000e+00 0.000000e+00
    outer loop
      vertex   2.500000e+01 -3.414214e+00 5.665786e+00
      vertex   2.500000e+01 -5.327016e+00 9.090705e+00
      vertex   2.500000e+01 -5.652631e+00 9.122776e+00
    endloop
  endfacet
  facet normal 1.000000e+00 0.000000e+00 0.000000e+00
    outer loop
      vertex   2.500000e+01 -5.652631e+00 9.122776e+00
      vertex   2.500000e+01 -5.975452e+00 9.176074e+00
      vertex   2.500000e+01 -3.414214e+00 5.665786e+00
    endloop
  endfacet
  facet normal 1.000000e+00 0.000000e+00 0.000000e+00
    outer loop
      vertex   2.500000e+01 -6.607197e+00 9.345349e+00
      vertex   2.500000e+01 -6.913417e+00 9.460602e+00
      vertex   2.500000e+01 -9.000000e+00 8.000000e-02
    endloop
  endfacet
  facet normal 1.000000e+00 0.000000e+00 0.000000e+00
    outer loop
      vertex   2.500000e+01 -9.000000e+00 8.000000e-02
      vertex   2.500000e+01 -6.913417e+00 9.460602e+00
      vertex   2.500000e+01 -7.211443e+00 9.595636e+00
    endloop
  endfacet
  facet normal 1.000000e+00 0.000000e+00 0.000000e+00
    outer loop
      vertex   2.500000e+01 -9.000000e+00 8.000000e-02
      vertex   2.500000e+01 -7.211443e+00 9.595636e+00
      vertex   2.500000e+01 -7.500000e+00 9.749873e+00
    endloop
  endfacet
  facet normal 1.000000e+00 0.000000e+00 0.000000e+00
    outer loop
      vertex   2.500000e+01 -7.500000e+00 9.749873e+00
      vertex   2.500000e+01 -7.777851e+00 9.922652e+00
      vertex   2.500000e+01 -9.000000e+00 8.000000e-02
    endloop
  endfacet
  facet normal 1.000000e+00 0.000000e+00 0.000000e+00
    outer loop
      vertex   2.500000e+01 -9.000000e+00 8.000000e-02
      vertex   2.500000e+01 -7.777851e+00 9.922652e+00
      vertex   2.500000e+01 -8.043807e+00 1.011323e+01
    endloop
  endfacet
  facet normal 1.000000e+00 0.000000e+00 0.000000e+00
    outer loop
      vertex   2.500000e+01 -9.000000e+00 8.000000e-02
      vertex   2.500000e+01 -8.043807e+00 1.011323e+01
      vertex   2.500000e+01 -8.296729e+00 1.032080e+01
    endloop
  endfacet
  facet normal 1.000000e+00 0.000000e+00 0.000000e+00
    outer loop
      vertex   2.500000e+01 -8.296729e+00 1.032080e+01
      vertex   2.500000e+01 -8.535534e+00 1.054447e+01
      vertex   2.500000e+01 -9.000000e+00 8.000000e-02
    endloop
  endfacet
  facet normal 1.000000e+00 0.000000e+00 0.000000e+00
    outer loop
      vertex   2.500000e+01 -9.000000e+00 8.000000e-02
      vertex   2.500000e+01 -8.535534e+00 1.054447e+01
      vertex   2.500000e+01 -8.759199e+00 1.078327e+01
    endloop
  endfacet
  facet normal 1.000000e+00 0.000000e+00 0.000000e+00
    outer loop
      vertex   2.500000e+01 -9.000000e+00 8.000000e-02
      vertex   2.500000e+01 -8.759199e+00 1.078327e+01
      vertex   2.500000e+01 -8.966767e+00 1.103619e+01
    endloop
  endfacet
  facet normal 1.000000e+00 0.000000e+00 0.000000e+00
    outer loop
      vertex   2.500000e+01 -8.966767e+00 1.103619e+01
      vertex   2.500000e+01 -9.157348e+00 1.130215e+01
      vertex   2.500000e+01 -9.000000e+00 8.000000e-02
    endloop
  endfacet
  facet normal 1.000000e+00 0.000000e+00 0.000000e+00
    outer loop
      vertex   2.500000e+01 -9.000000e+00 8.000000e-02
      vertex   2.500000e+01 -9.157348e+00 1.130215e+01
      vertex   2.500000e+01 -9.330127e+00 1.158000e+01
    endloop
  endfacet
  facet normal 1.000000e+00 0.000000e+00 0.000000e+00
    outer loop
      vertex   2.500000e+01 -9.000000e+00 8.000000e-02
      vertex   2.500000e+01 -9.330127e+00 1.158000e+01
      vertex   2.500000e+01 -9.484364e+00 1.186856e+01
    endloop
  endfacet
  facet normal 1.000000e+00 0.000000e+00 0.000000e+00
    outer loop
      vertex   2.500000e+01 -9.484364e+00 1.186856e+01
      vertex   2.500000e+01 -9.619398e+00 1.216658e+01
      vertex   2.500000e+01 -9.000000e+00 8.000000e-02
    endloop
  endfacet
  facet normal 1.000000e+00 0.000000e+00 0.000000e+00
    outer loop
      vertex   2.500000e+01 -9.000000e+00 8.000000e-02
      vertex   2.500000e+01 -9.619398e+00 1.216658e+01
      vertex   2.500000e+01 -9.734651e+00 1.247280e+01
    endloop
  endfacet
  facet normal 1.000000e+00 0.000000e+00 0.000000e+00
    outer loop
      vertex   2.500000e+01 -9.000000e+00 8.000000e-02
      vertex   2.500000e+01 -9.734651e+00 1.247280e+01
      vertex   2.500000e+01 -9.829629e+00 1.278590e+01
    endloop
  endfacet
  facet normal 1.000000e+00 0.000000e+00 0.000000e+00
    outer loop
      vertex   2.500000e+01 -9.903926e+00 1.310455e+01
      vertex   2.500000e+01 -9.957224e+00 1.342737e+01
      vertex   2.500000e+01 -2.500000e+01 9.080000e+00
    endloop
  endfacet
  facet normal 1.000000e+00 0.000000e+00 0.000000e+00
    outer loop
      vertex   2.500000e+01 -2.500000e+01 9.080000e+00
      vertex   2.500000e+01 -9.957224e+00 1.342737e+01
      vertex   2.500000e+01 -9.989295e+00 1.375298e+01
    endloop
  endfacet
  facet normal 0.000000e+00 1.000000e+00 0.000000e+00
    outer loop
      vertex   1.830000e+01 -1.000000e+01 3.973535e+01
      vertex   1.830000e+01 -1.000000e+01 4.108000e+01
      vertex   2.500000e+01 -1.000000e+01 3.973535e+01
    endloop
  endfacet
  facet normal 0.000000e+00 1.000000e+00 0.000000e+00
    outer loop
      vertex   2.500000e+01 -1.000000e+01 3.973535e+01
      vertex   1.830000e+01 -1.000000e+01 4.108000e+01
      vertex   1.831025e+01 -1.000000e+01 4.132774e+01
    endloop
  endfacet
  facet normal 0.000000e+00 1.000000e+00 0.000000e+00
    outer loop
      vertex   2.500000e+01 -1.000000e+01 3.973535e+01
      vertex   1.831025e+01 -1.000000e+01 4.132774e+01
      vertex   1.834092e+01 -1.000000e+01 4.157378e+01
    endloop
  endfacet
  facet normal -0.000000e+00 1.000000e+00 0.000000e+00
    outer loop
      vertex   1.834092e+01 -1.000000e+01 4.157378e+01
      vertex   1.839180e+01 -1.000000e+01 4.181646e+01
      vertex   2.500000e+01 -1.000000e+01 3.973535e+01
    endloop
  endfacet
  facet normal 0.000000e+00 1.000000e+00 0.000000e+00
    outer loop
      vertex   2.500000e+01 -1.000000e+01 3.973535e+01
      vertex   1.839180e+01 -1.000000e+01 4.181646e+01
      vertex   1.846255e+01 -1.000000e+01 4.205410e+01
    endloop
  endfacet
  facet normal 0.000000e+00 1.000000e+00 0.000000e+00
    outer loop
      vertex   2.500000e+01 -1.000000e+01 3.973535e+01
      vertex   1.846255e+01 -1.000000e+01 4.205410e+01
      vertex   1.855268e+01 -1.000000e+01 4.228509e+01
    endloop
  endfacet
  facet normal -0.000000e+00 1.000000e+00 0.000000e+00
    outer loop
      vertex   1.855268e+01 -1.000000e+01 4.228509e+01
      vertex   1.866158e+01 -1.000000e+01 4.250784e+01
      vertex   2.500000e+01 -1.000000e+01 3.973535e+01
    endloop
  endfacet
  facet normal 0.000000e+00 1.000000e+00 0.000000e+00
    outer loop
      vertex   2.500000e+01 -1.000000e+01 3.973535e+01
      vertex   1.866158e+01 -1.000000e+01 4.250784e+01
      vertex   2.130000e+01 -1.000000e+01 4.408000e+01
    endloop
  endfacet
  facet normal 0.000000e+00 1.000000e+00 -0.000000e+00
    outer loop
      vertex   2.500000e+01 -1.000000e+01 3.973535e+01
      vertex   2.130000e+01 -1.000000e+01 4.408000e+01
      vertex   2.500000e+01 -1.000000e+01 4.408000e+01
    endloop
  endfacet
  facet normal 0.000000e+00 1.000000e+00 0.000000e+00
    outer loop
      vertex   1.866158e+01 -1.000000e+01 4.250784e+01
      vertex   1.878850e+01 -1.000000e+01 4.272084e+01
      vertex   2.130000e+01 -1.000000e+01 4.408000e+01
    endloop
  endfacet
  facet normal 0.000000e+00 1.000000e+00 0.000000e+00
    outer loop
      vertex   2.130000e+01 -1.000000e+01 4.408000e+01
      vertex   1.878850e+01 -1.000000e+01 4.272084e+01
      vertex   1.893258e+01 -1.000000e+01 4.292264e+01
    endloop
  endfacet
  facet normal 0.000000e+00 1.000000e+00 0.000000e+00
    outer loop
      vertex   2.130000e+01 -1.000000e+01 4.408000e+01
      vertex   1.893258e+01 -1.000000e+01 4.292264e+01
      vertex   1.909283e+01 -1.000000e+01 4.311184e+01
    endloop
  endfacet
  facet normal 0.000000e+00 1.000000e+00 0.000000e+00
    outer loop
      vertex   1.909283e+01 -1.000000e+01 4.311184e+01
      vertex   1.926816e+01 -1.000000e+01 4.328717e+01
      vertex   2.130000e+01 -1.000000e+01 4.408000e+01
    endloop
  endfacet
  facet normal 0.000000e+00 1.000000e+00 0.000000e+00
    outer loop
      vertex   2.130000e+01 -1.000000e+01 4.408000e+01
      vertex   1.926816e+01 -1.000000e+01 4.328717e+01
      vertex   1.945736e+01 -1.000000e+01 4.344742e+01
    endloop
  endfacet
  facet normal 0.000000e+00 1.000000e+00 0.000000e+00
    outer loop
      vertex   2.130000e+01 -1.000000e+01 4.408000e+01
      vertex   1.945736e+01 -1.000000e+01 4.344742e+01
      vertex   1.965916e+01 -1.000000e+01 4.359150e+01
    endloop
  endfacet
  facet normal 0.000000e+00 1.000000e+00 0.000000e+00
    outer loop
      vertex   1.965916e+01 -1.000000e+01 4.359150e+01
      vertex   1.987216e+01 -1.000000e+01 4.371842e+01
      vertex   2.130000e+01 -1.000000e+01 4.408000e+01
    endloop
  endfacet
  facet normal 0.000000e+00 1.000000e+00 0.000000e+00
    outer loop
      vertex   2.130000e+01 -1.000000e+01 4.408000e+01
      vertex   1.987216e+01 -1.000000e+01 4.371842e+01
      vertex   2.009491e+01 -1.000000e+01 4.382732e+01
    endloop
  endfacet
  facet normal 0.000000e+00 1.000000e+00 0.000000e+00
    outer loop
      vertex   2.130000e+01 -1.000000e+01 4.408000e+01
      vertex   2.009491e+01 -1.000000e+01 4.382732e+01
      vertex   2.032590e+01 -1.000000e+01 4.391745e+01
    endloop
  endfacet
  facet normal 0.000000e+00 1.000000e+00 0.000000e+00
    outer loop
      vertex   2.032590e+01 -1.000000e+01 4.391745e+01
      vertex   2.056354e+01 -1.000000e+01 4.398820e+01
      vertex   2.130000e+01 -1.000000e+01 4.408000e+01
    endloop
  endfacet
  facet normal 0.000000e+00 1.000000e+00 0.000000e+00
    outer loop
      vertex   2.130000e+01 -1.000000e+01 4.408000e+01
      vertex   2.056354e+01 -1.000000e+01 4.398820e+01
      vertex   2.080622e+01 -1.000000e+01 4.403908e+01
    endloop
  endfacet
  facet normal 0.000000e+00 1.000000e+00 0.000000e+00
    outer loop
      vertex   2.130000e+01 -1.000000e+01 4.408000e+01
      vertex   2.080622e+01 -1.000000e+01 4.403908e+01
      vertex   2.105226e+01 -1.000000e+01 4.406975e+01
    endloop
  endfacet
  facet normal 0.000000e+00 3.271908e-02 9.994646e-01
    outer loop
      vertex   2.500000e+01 -5.000000e+00 9.080000e+00
      vertex   1.830000e+01 -5.000000e+00 9.080000e+00
      vertex   2.500000e+01 -5.327016e+00 9.090705e+00
    endloop
  endfacet
  facet normal 0.000000e+00 3.271908e-02 9.994646e-01
    outer loop
      vertex   2.500000e+01 -5.327016e+00 9.090705e+00
      vertex   1.830000e+01 -5.000000e+00 9.080000e+00
      vertex   1.830000e+01 -5.327016e+00 9.090705e+00
    endloop
  endfacet
  facet normal 0.000000e+00 9.801714e-02 9.951847e-01
    outer loop
      vertex   2.500000e+01 -5.327016e+00 9.090705e+00
      vertex   1.830000e+01 -5.327016e+00 9.090705e+00
      vertex   2.500000e+01 -5.652631e+00 9.122776e+00
    endloop
  endfacet
  facet normal -1.299354e-17 9.801714e-02 9.951847e-01
    outer loop
      vertex   2.500000e+01 -5.652631e+00 9.122776e+00
      vertex   1.830000e+01 -5.327016e+00 9.090705e+00
      vertex   1.830000e+01 -5.652631e+00 9.122776e+00
    endloop
  endfacet
  facet normal -2.159407e-17 1.628955e-01 9.866433e-01
    outer loop
      vertex   2.500000e+01 -5.652631e+00 9.122776e+00
      vertex   1.830000e+01 -5.652631e+00 9.122776e+00
      vertex   2.500000e+01 -5.975452e+00 9.176074e+00
    endloop
  endfacet
  facet normal 0.000000e+00 1.628955e-01 9.866433e-01
    outer loop
      vertex   2.500000e+01 -5.975452e+00 9.176074e+00
      vertex   1.830000e+01 -5.652631e+00 9.122776e+00
      vertex   1.830000e+01 -5.975452e+00 9.176074e+00
    endloop
  endfacet
  facet normal 0.000000e+00 2.270763e-01 9.738770e-01
    outer loop
      vertex   2.500000e+01 -5.975452e+00 9.176074e+00
      vertex   1.830000e+01 -5.975452e+00 9.176074e+00
      vertex   2.500000e+01 -6.294095e+00 9.250371e+00
    endloop
  endfacet
  facet normal -3.010212e-17 2.270763e-01 9.738770e-01
    outer loop
      vertex   2.500000e+01 -6.294095e+00 9.250371e+00
      vertex   1.830000e+01 -5.975452e+00 9.176074e+00
      vertex   1.830000e+01 -6.294095e+00 9.250371e+00
    endloop
  endfacet
  facet normal -3.848128e-17 2.902847e-01 9.569403e-01
    outer loop
      vertex   2.500000e+01 -6.294095e+00 9.250371e+00
      vertex   1.830000e+01 -6.294095e+00 9.250371e+00
      vertex   2.500000e+01 -6.607197e+00 9.345349e+00
    endloop
  endfacet
  facet normal 0.000000e+00 2.902847e-01 9.569403e-01
    outer loop
      vertex   2.500000e+01 -6.607197e+00 9.345349e+00
      vertex   1.830000e+01 -6.294095e+00 9.250371e+00
      vertex   1.830000e+01 -6.607197e+00 9.345349e+00
    endloop
  endfacet
  facet normal 0.000000e+00 3.522500e-01 9.359059e-01
    outer loop
      vertex   2.500000e+01 -6.607197e+00 9.345349e+00
      vertex   1.830000e+01 -6.607197e+00 9.345349e+00
      vertex   2.500000e+01 -6.913417e+00 9.460602e+00
    endloop
  endfacet
  facet normal 0.000000e+00 3.522500e-01 9.359059e-01
    outer loop
      vertex   2.500000e+01 -6.913417e+00 9.460602e+00
      vertex   1.830000e+01 -6.607197e+00 9.345349e+00
      vertex   1.830000e+01 -6.913417e+00 9.460602e+00
    endloop
  endfacet
  facet normal 0.000000e+00 4.127070e-01 9.108638e-01
    outer loop
      vertex   2.500000e+01 -6.913417e+00 9.460602e+00
      vertex   1.830000e+01 -6.913417e+00 9.460602e+00
      vertex   2.500000e+01 -7.211443e+00 9.595636e+00
    endloop
  endfacet
  facet normal 0.000000e+00 4.127070e-01 9.108638e-01
    outer loop
      vertex   2.500000e+01 -7.211443e+00 9.595636e+00
      vertex   1.830000e+01 -6.913417e+00 9.460602e+00
      vertex   1.830000e+01 -7.211443e+00 9.595636e+00
    endloop
  endfacet
  facet normal 0.000000e+00 4.713967e-01 8.819213e-01
    outer loop
      vertex   2.500000e+01 -7.211443e+00 9.595636e+00
      vertex   1.830000e+01 -7.211443e+00 9.595636e+00
      vertex   2.500000e+01 -7.500000e+00 9.749873e+00
    endloop
  endfacet
  facet normal -6.249021e-17 4.713967e-01 8.819213e-01
    outer loop
      vertex   2.500000e+01 -7.500000e+00 9.749873e+00
      vertex   1.830000e+01 -7.211443e+00 9.595636e+00
      vertex   1.830000e+01 -7.500000e+00 9.749873e+00
    endloop
  endfacet
  facet normal -7.000276e-17 5.280679e-01 8.492022e-01
    outer loop
      vertex   2.500000e+01 -7.500000e+00 9.749873e+00
      vertex   1.830000e+01 -7.500000e+00 9.749873e+00
      vertex   2.500000e+01 -7.777851e+00 9.922652e+00
    endloop
  endfacet
  facet normal 0.000000e+00 5.280679e-01 8.492022e-01
    outer loop
      vertex   2.500000e+01 -7.777851e+00 9.922652e+00
      vertex   1.830000e+01 -7.500000e+00 9.749873e+00
      vertex   1.830000e+01 -7.777851e+00 9.922652e+00
    endloop
  endfacet
  facet normal 0.000000e+00 5.824777e-01 8.128467e-01
    outer loop
      vertex   2.500000e+01 -7.777851e+00 9.922652e+00
      vertex   1.830000e+01 -7.777851e+00 9.922652e+00
      vertex   2.500000e+01 -8.043807e+00 1.011323e+01
    endloop
  endfacet
  facet normal 0.000000e+00 5.824777e-01 8.128467e-01
    outer loop
      vertex   2.500000e+01 -8.043807e+00 1.011323e+01
      vertex   1.830000e+01 -7.777851e+00 9.922652e+00
      vertex   1.830000e+01 -8.043807e+00 1.011323e+01
    endloop
  endfacet
  facet normal 0.000000e+00 6.343933e-01 7.730105e-01
    outer loop
      vertex   2.500000e+01 -8.043807e+00 1.011323e+01
      vertex   1.830000e+01 -8.043807e+00 1.011323e+01
      vertex   2.500000e+01 -8.296729e+00 1.032080e+01
    endloop
  endfacet
  facet normal 0.000000e+00 6.343933e-01 7.730105e-01
    outer loop
      vertex   2.500000e+01 -8.296729e+00 1.032080e+01
      vertex   1.830000e+01 -8.043807e+00 1.011323e+01
      vertex   1.830000e+01 -8.296729e+00 1.032080e+01
    endloop
  endfacet
  facet normal 0.000000e+00 6.835923e-01 7.298641e-01
    outer loop
      vertex   2.500000e+01 -8.296729e+00 1.032080e+01
      vertex   1.830000e+01 -8.296729e+00 1.032080e+01
      vertex   2.500000e+01 -8.535534e+00 1.054447e+01
    endloop
  endfacet
  facet normal 0.000000e+00 6.835923e-01 7.298641e-01
    outer loop
      vertex   2.500000e+01 -8.535534e+00 1.054447e+01
      vertex   1.830000e+01 -8.296729e+00 1.032080e+01
      vertex   1.830000e+01 -8.535534e+00 1.054447e+01
    endloop
  endfacet
  facet normal 0.000000e+00 7.298641e-01 6.835923e-01
    outer loop
      vertex   2.500000e+01 -8.535534e+00 1.054447e+01
      vertex   1.830000e+01 -8.535534e+00 1.054447e+01
      vertex   2.500000e+01 -8.759199e+00 1.078327e+01
    endloop
  endfacet
  facet normal 0.000000e+00 7.298641e-01 6.835923e-01
    outer loop
      vertex   2.500000e+01 -8.759199e+00 1.078327e+01
      vertex   1.830000e+01 -8.535534e+00 1.054447e+01
      vertex   1.830000e+01 -8.759199e+00 1.078327e+01
    endloop
  endfacet
  facet normal 0.000000e+00 7.730105e-01 6.343933e-01
    outer loop
      vertex   2.500000e+01 -8.759199e+00 1.078327e+01
      vertex   1.830000e+01 -8.759199e+00 1.078327e+01
      vertex   2.500000e+01 -8.966767e+00 1.103619e+01
    endloop
  endfacet
  facet normal 0.000000e+00 7.730105e-01 6.343933e-01
    outer loop
      vertex   2.500000e+01 -8.966767e+00 1.103619e+01
      vertex   1.830000e+01 -8.759199e+00 1.078327e+01
      vertex   1.830000e+01 -8.966767e+00 1.103619e+01
    endloop
  endfacet
  facet normal 0.000000e+00 8.128467e-01 5.824777e-01
    outer loop
      vertex   2.500000e+01 -8.966767e+00 1.103619e+01
      vertex   1.830000e+01 -8.966767e+00 1.103619e+01
      vertex   2.500000e+01 -9.157348e+00 1.130215e+01
    endloop
  endfacet
  facet normal 0.000000e+00 8.128467e-01 5.824777e-01
    outer loop
      vertex   2.500000e+01 -9.157348e+00 1.130215e+01
      vertex   1.830000e+01 -8.966767e+00 1.103619e+01
      vertex   1.830000e+01 -9.157348e+00 1.130215e+01
    endloop
  endfacet
  facet normal 0.000000e+00 8.492022e-01 5.280679e-01
    outer loop
      vertex   2.500000e+01 -9.157348e+00 1.130215e+01
      vertex   1.830000e+01 -9.157348e+00 1.130215e+01
      vertex   2.500000e+01 -9.330127e+00 1.158000e+01
    endloop
  endfacet
  facet normal 2.800110e-16 8.492022e-01 5.280679e-01
    outer loop
      vertex   2.500000e+01 -9.330127e+00 1.158000e+01
      vertex   1.830000e+01 -9.157348e+00 1.130215e+01
      vertex   1.830000e+01 -9.330127e+00 1.158000e+01
    endloop
  endfacet
  facet normal 2.499608e-16 8.819213e-01 4.713967e-01
    outer loop
      vertex   2.500000e+01 -9.330127e+00 1.158000e+01
      vertex   1.830000e+01 -9.330127e+00 1.158000e+01
      vertex   2.500000e+01 -9.484364e+00 1.186856e+01
    endloop
  endfacet
  facet normal 0.000000e+00 8.819213e-01 4.713967e-01
    outer loop
      vertex   2.500000e+01 -9.484364e+00 1.186856e+01
      vertex   1.830000e+01 -9.330127e+00 1.158000e+01
      vertex   1.830000e+01 -9.484364e+00 1.186856e+01
    endloop
  endfacet
  facet normal 0.000000e+00 9.108638e-01 4.127070e-01
    outer loop
      vertex   2.500000e+01 -9.484364e+00 1.186856e+01
      vertex   1.830000e+01 -9.484364e+00 1.186856e+01
      vertex   2.500000e+01 -9.619398e+00 1.216658e+01
    endloop
  endfacet
  facet normal 0.000000e+00 9.108638e-01 4.127070e-01
    outer loop
      vertex   2.500000e+01 -9.619398e+00 1.216658e+01
      vertex   1.830000e+01 -9.484364e+00 1.186856e+01
      vertex   1.830000e+01 -9.619398e+00 1.216658e+01
    endloop
  endfacet
  facet normal 0.000000e+00 9.359059e-01 3.522500e-01
    outer loop
      vertex   2.500000e+01 -9.619398e+00 1.216658e+01
      vertex   1.830000e+01 -9.619398e+00 1.216658e+01
      vertex   2.500000e+01 -9.734651e+00 1.247280e+01
    endloop
  endfacet
  facet normal 9.339131e-17 9.359059e-01 3.522500e-01
    outer loop
      vertex   2.500000e+01 -9.734651e+00 1.247280e+01
      vertex   1.830000e+01 -9.619398e+00 1.216658e+01
      vertex   1.830000e+01 -9.734651e+00 1.247280e+01
    endloop
  endfacet
  facet normal 7.696256e-17 9.569403e-01 2.902847e-01
    outer loop
      vertex   2.500000e+01 -9.734651e+00 1.247280e+01
      vertex   1.830000e+01 -9.734651e+00 1.247280e+01
      vertex   2.500000e+01 -9.829629e+00 1.278590e+01
    endloop
  endfacet
  facet normal 0.000000e+00 9.569403e-01 2.902847e-01
    outer loop
      vertex   2.500000e+01 -9.829629e+00 1.278590e+01
      vertex   1.830000e+01 -9.734651e+00 1.247280e+01
      vertex   1.830000e+01 -9.829629e+00 1.278590e+01
    endloop
  endfacet
  facet normal 0.000000e+00 9.738770e-01 2.270763e-01
    outer loop
      vertex   2.500000e+01 -9.829629e+00 1.278590e+01
      vertex   1.830000e+01 -9.829629e+00 1.278590e+01
      vertex   2.500000e+01 -9.903926e+00 1.310455e+01
    endloop
  endfacet
  facet normal 6.020425e-17 9.738770e-01 2.270763e-01
    outer loop
      vertex   2.500000e+01 -9.903926e+00 1.310455e+01
      vertex   1.830000e+01 -9.829629e+00 1.278590e+01
      vertex   1.830000e+01 -9.903926e+00 1.310455e+01
    endloop
  endfacet
  facet normal 4.318813e-17 9.866433e-01 1.628955e-01
    outer loop
      vertex   2.500000e+01 -9.903926e+00 1.310455e+01
      vertex   1.830000e+01 -9.903926e+00 1.310455e+01
      vertex   2.500000e+01 -9.957224e+00 1.342737e+01
    endloop
  endfacet
  facet normal 0.000000e+00 9.866433e-01 1.628955e-01
    outer loop
      vertex   2.500000e+01 -9.957224e+00 1.342737e+01
      vertex   1.830000e+01 -9.903926e+00 1.310455e+01
      vertex   1.830000e+01 -9.957224e+00 1.342737e+01
    endloop
  endfacet
  facet normal 0.000000e+00 9.951847e-01 9.801714e-02
    outer loop
      vertex   2.500000e+01 -9.957224e+00 1.342737e+01
      vertex   1.830000e+01 -9.957224e+00 1.342737e+01
      vertex   2.500000e+01 -9.989295e+00 1.375298e+01
    endloop
  endfacet
  facet normal 0.000000e+00 9.951847e-01 9.801714e-02
    outer loop
      vertex   2.500000e+01 -9.989295e+00 1.375298e+01
      vertex   1.830000e+01 -9.957224e+00 1.342737e+01
      vertex   1.830000e+01 -9.989295e+00 1.375298e+01
    endloop
  endfacet
  facet normal 0.000000e+00 9.994646e-01 3.271908e-02
    outer loop
      vertex   2.500000e+01 -9.989295e+00 1.375298e+01
      vertex   1.830000e+01 -9.989295e+00 1.375298e+01
      vertex   2.500000e+01 -1.000000e+01 1.408000e+01
    endloop
  endfacet
  facet normal 0.000000e+00 9.994646e-01 3.271908e-02
    outer loop
      vertex   2.500000e+01 -1.000000e+01 1.408000e+01
      vertex   1.830000e+01 -9.989295e+00 1.375298e+01
      vertex   1.830000e+01 -1.000000e+01 1.408000e+01
    endloop
  endfacet
  facet normal 0.000000e+00 0.000000e+00 1.000000e+00
    outer loop
      vertex   3.700000e+00 -1.000000e+01 4.408000e+01
      vertex   -1.110223e-14 -1.000000e+01 4.408000e+01
      vertex   3.700000e+00 -1.500000e+01 4.408000e+01
    endloop
  endfacet
  facet normal 0.000000e+00 0.000000e+00 1.000000e+00
    outer loop
      vertex   3.700000e+00 -1.500000e+01 4.408000e+01
      vertex   -1.110223e-14 -1.000000e+01 4.408000e+01
      vertex   0.000000e+00 -1.500000e+01 4.408000e+01
    endloop
  endfacet
  facet normal 0.000000e+00 3.271908e-02 9.994646e-01
    outer loop
      vertex   6.700000e+00 -5.000000e+00 9.080000e+00
      vertex   -3.330669e-15 -5.000000e+00 9.080000e+00
      vertex   6.700000e+00 -5.327016e+00 9.090705e+00
    endloop
  endfacet
  facet normal 0.000000e+00 3.271908e-02 9.994646e-01
    outer loop
      vertex   6.700000e+00 -5.327016e+00 9.090705e+00
      vertex   -3.330669e-15 -5.000000e+00 9.080000e+00
      vertex   -1.112600e-15 -5.327016e+00 9.090705e+00
    endloop
  endfacet
  facet normal 0.000000e+00 9.801714e-02 9.951847e-01
    outer loop
      vertex   6.700000e+00 -5.327016e+00 9.090705e+00
      vertex   -1.112600e-15 -5.327016e+00 9.090705e+00
      vertex   6.700000e+00 -5.652631e+00 9.122776e+00
    endloop
  endfacet
  facet normal -1.299354e-17 9.801714e-02 9.951847e-01
    outer loop
      vertex   6.700000e+00 -5.652631e+00 9.122776e+00
      vertex   -1.112600e-15 -5.327016e+00 9.090705e+00
      vertex   -1.119721e-15 -5.652631e+00 9.122776e+00
    endloop
  endfacet
  facet normal -2.159407e-17 1.628955e-01 9.866433e-01
    outer loop
      vertex   6.700000e+00 -5.652631e+00 9.122776e+00
      vertex   -1.119721e-15 -5.652631e+00 9.122776e+00
      vertex   6.700000e+00 -5.975452e+00 9.176074e+00
    endloop
  endfacet
  facet normal 0.000000e+00 1.628955e-01 9.866433e-01
    outer loop
      vertex   6.700000e+00 -5.975452e+00 9.176074e+00
      vertex   -1.119721e-15 -5.652631e+00 9.122776e+00
      vertex   -1.131556e-15 -5.975452e+00 9.176074e+00
    endloop
  endfacet
  facet normal 0.000000e+00 2.270763e-01 9.738770e-01
    outer loop
      vertex   6.700000e+00 -5.975452e+00 9.176074e+00
      vertex   -1.131556e-15 -5.975452e+00 9.176074e+00
      vertex   6.700000e+00 -6.294095e+00 9.250371e+00
    endloop
  endfacet
  facet normal -3.010212e-17 2.270763e-01 9.738770e-01
    outer loop
      vertex   6.700000e+00 -6.294095e+00 9.250371e+00
      vertex   -1.131556e-15 -5.975452e+00 9.176074e+00
      vertex   -1.148053e-15 -6.294095e+00 9.250371e+00
    endloop
  endfacet
  facet normal -3.848128e-17 2.902847e-01 9.569403e-01
    outer loop
      vertex   6.700000e+00 -6.294095e+00 9.250371e+00
      vertex   -1.148053e-15 -6.294095e+00 9.250371e+00
      vertex   6.700000e+00 -6.607197e+00 9.345349e+00
    endloop
  endfacet
  facet normal 0.000000e+00 2.902847e-01 9.569403e-01
    outer loop
      vertex   6.700000e+00 -6.607197e+00 9.345349e+00
      vertex   -1.148053e-15 -6.294095e+00 9.250371e+00
      vertex   -1.169142e-15 -6.607197e+00 9.345349e+00
    endloop
  endfacet
  facet normal 0.000000e+00 3.522500e-01 9.359059e-01
    outer loop
      vertex   6.700000e+00 -6.607197e+00 9.345349e+00
      vertex   -1.169142e-15 -6.607197e+00 9.345349e+00
      vertex   6.700000e+00 -6.913417e+00 9.460602e+00
    endloop
  endfacet
  facet normal 0.000000e+00 3.522500e-01 9.359059e-01
    outer loop
      vertex   6.700000e+00 -6.913417e+00 9.460602e+00
      vertex   -1.169142e-15 -6.607197e+00 9.345349e+00
      vertex   -1.194734e-15 -6.913417e+00 9.460602e+00
    endloop
  endfacet
  facet normal 0.000000e+00 4.127070e-01 9.108638e-01
    outer loop
      vertex   6.700000e+00 -6.913417e+00 9.460602e+00
      vertex   -1.194734e-15 -6.913417e+00 9.460602e+00
      vertex   6.700000e+00 -7.211443e+00 9.595636e+00
    endloop
  endfacet
  facet normal 0.000000e+00 4.127070e-01 9.108638e-01
    outer loop
      vertex   6.700000e+00 -7.211443e+00 9.595636e+00
      vertex   -1.194734e-15 -6.913417e+00 9.460602e+00
      vertex   -1.224717e-15 -7.211443e+00 9.595636e+00
    endloop
  endfacet
  facet normal 0.000000e+00 4.713967e-01 8.819213e-01
    outer loop
      vertex   6.700000e+00 -7.211443e+00 9.595636e+00
      vertex   -1.224717e-15 -7.211443e+00 9.595636e+00
      vertex   6.700000e+00 -7.500000e+00 9.749873e+00
    endloop
  endfacet
  facet normal -6.249021e-17 4.713967e-01 8.819213e-01
    outer loop
      vertex   6.700000e+00 -7.500000e+00 9.749873e+00
      vertex   -1.224717e-15 -7.211443e+00 9.595636e+00
      vertex   -1.258965e-15 -7.500000e+00 9.749873e+00
    endloop
  endfacet
  facet normal -7.000276e-17 5.280679e-01 8.492022e-01
    outer loop
      vertex   6.700000e+00 -7.500000e+00 9.749873e+00
      vertex   -1.258965e-15 -7.500000e+00 9.749873e+00
      vertex   6.700000e+00 -7.777851e+00 9.922652e+00
    endloop
  endfacet
  facet normal 0.000000e+00 5.280679e-01 8.492022e-01
    outer loop
      vertex   6.700000e+00 -7.777851e+00 9.922652e+00
      vertex   -1.258965e-15 -7.500000e+00 9.749873e+00
      vertex   -1.297329e-15 -7.777851e+00 9.922652e+00
    endloop
  endfacet
  facet normal 0.000000e+00 5.824777e-01 8.128467e-01
    outer loop
      vertex   6.700000e+00 -7.777851e+00 9.922652e+00
      vertex   -1.297329e-15 -7.777851e+00 9.922652e+00
      vertex   6.700000e+00 -8.043807e+00 1.011323e+01
    endloop
  endfacet
  facet normal 0.000000e+00 5.824777e-01 8.128467e-01
    outer loop
      vertex   6.700000e+00 -8.043807e+00 1.011323e+01
      vertex   -1.297329e-15 -7.777851e+00 9.922652e+00
      vertex   -1.339647e-15 -8.043807e+00 1.011323e+01
    endloop
  endfacet
  facet normal 0.000000e+00 6.343933e-01 7.730105e-01
    outer loop
      vertex   6.700000e+00 -8.043807e+00 1.011323e+01
      vertex   -1.339647e-15 -8.043807e+00 1.011323e+01
      vertex   6.700000e+00 -8.296729e+00 1.032080e+01
    endloop
  endfacet
  facet normal 0.000000e+00 6.343933e-01 7.730105e-01
    outer loop
      vertex   6.700000e+00 -8.296729e+00 1.032080e+01
      vertex   -1.339647e-15 -8.043807e+00 1.011323e+01
      vertex   -1.385736e-15 -8.296729e+00 1.032080e+01
    endloop
  endfacet
  facet normal 0.000000e+00 6.835923e-01 7.298641e-01
    outer loop
      vertex   6.700000e+00 -8.296729e+00 1.032080e+01
      vertex   -1.385736e-15 -8.296729e+00 1.032080e+01
      vertex   6.700000e+00 -8.535534e+00 1.054447e+01
    endloop
  endfacet
  facet normal 0.000000e+00 6.835923e-01 7.298641e-01
    outer loop
      vertex   6.700000e+00 -8.535534e+00 1.054447e+01
      vertex   -1.385736e-15 -8.296729e+00 1.032080e+01
      vertex   -1.435400e-15 -8.535534e+00 1.054447e+01
    endloop
  endfacet
  facet normal 0.000000e+00 7.298641e-01 6.835923e-01
    outer loop
      vertex   6.700000e+00 -8.535534e+00 1.054447e+01
      vertex   -1.435400e-15 -8.535534e+00 1.054447e+01
      vertex   6.700000e+00 -8.759199e+00 1.078327e+01
    endloop
  endfacet
  facet normal 0.000000e+00 7.298641e-01 6.835923e-01
    outer loop
      vertex   6.700000e+00 -8.759199e+00 1.078327e+01
      vertex   -1.435400e-15 -8.535534e+00 1.054447e+01
      vertex   -1.488425e-15 -8.759199e+00 1.078327e+01
    endloop
  endfacet
  facet normal 0.000000e+00 7.730105e-01 6.343933e-01
    outer loop
      vertex   6.700000e+00 -8.759199e+00 1.078327e+01
      vertex   -1.488425e-15 -8.759199e+00 1.078327e+01
      vertex   6.700000e+00 -8.966767e+00 1.103619e+01
    endloop
  endfacet
  facet normal 0.000000e+00 7.730105e-01 6.343933e-01
    outer loop
      vertex   6.700000e+00 -8.966767e+00 1.103619e+01
      vertex   -1.488425e-15 -8.759199e+00 1.078327e+01
      vertex   -1.544585e-15 -8.966767e+00 1.103619e+01
    endloop
  endfacet
  facet normal 0.000000e+00 8.128467e-01 5.824777e-01
    outer loop
      vertex   6.700000e+00 -8.966767e+00 1.103619e+01
      vertex   -1.544585e-15 -8.966767e+00 1.103619e+01
      vertex   6.700000e+00 -9.157348e+00 1.130215e+01
    endloop
  endfacet
  facet normal 0.000000e+00 8.128467e-01 5.824777e-01
    outer loop
      vertex   6.700000e+00 -9.157348e+00 1.130215e+01
      vertex   -1.544585e-15 -8.966767e+00 1.103619e+01
      vertex   -1.603639e-15 -9.157348e+00 1.130215e+01
    endloop
  endfacet
  facet normal 0.000000e+00 8.492022e-01 5.280679e-01
    outer loop
      vertex   6.700000e+00 -9.157348e+00 1.130215e+01
      vertex   -1.603639e-15 -9.157348e+00 1.130215e+01
      vertex   6.700000e+00 -9.330127e+00 1.158000e+01
    endloop
  endfacet
  facet normal 1.400055e-16 8.492022e-01 5.280679e-01
    outer loop
      vertex   6.700000e+00 -9.330127e+00 1.158000e+01
      vertex   -1.603639e-15 -9.157348e+00 1.130215e+01
      vertex   -1.665335e-15 -9.330127e+00 1.158000e+01
    endloop
  endfacet
  facet normal 1.249804e-16 8.819213e-01 4.713967e-01
    outer loop
      vertex   6.700000e+00 -9.330127e+00 1.158000e+01
      vertex   -1.665335e-15 -9.330127e+00 1.158000e+01
      vertex   6.700000e+00 -9.484364e+00 1.186856e+01
    endloop
  endfacet
  facet normal 0.000000e+00 8.819213e-01 4.713967e-01
    outer loop
      vertex   6.700000e+00 -9.484364e+00 1.186856e+01
      vertex   -1.665335e-15 -9.330127e+00 1.158000e+01
      vertex   -1.729407e-15 -9.484364e+00 1.186856e+01
    endloop
  endfacet
  facet normal 0.000000e+00 9.108638e-01 4.127070e-01
    outer loop
      vertex   6.700000e+00 -9.484364e+00 1.186856e+01
      vertex   -1.729407e-15 -9.484364e+00 1.186856e+01
      vertex   6.700000e+00 -9.619398e+00 1.216658e+01
    endloop
  endfacet
  facet normal 0.000000e+00 9.108638e-01 4.127070e-01
    outer loop
      vertex   6.700000e+00 -9.619398e+00 1.216658e+01
      vertex   -1.729407e-15 -9.484364e+00 1.186856e+01
      vertex   -1.795582e-15 -9.619398e+00 1.216658e+01
    endloop
  endfacet
  facet normal 0.000000e+00 9.359059e-01 3.522500e-01
    outer loop
      vertex   6.700000e+00 -9.619398e+00 1.216658e+01
      vertex   -1.795582e-15 -9.619398e+00 1.216658e+01
      vertex   6.700000e+00 -9.734651e+00 1.247280e+01
    endloop
  endfacet
  facet normal 9.339131e-17 9.359059e-01 3.522500e-01
    outer loop
      vertex   6.700000e+00 -9.734651e+00 1.247280e+01
      vertex   -1.795582e-15 -9.619398e+00 1.216658e+01
      vertex   -1.863577e-15 -9.734651e+00 1.247280e+01
    endloop
  endfacet
  facet normal 7.696256e-17 9.569403e-01 2.902847e-01
    outer loop
      vertex   6.700000e+00 -9.734651e+00 1.247280e+01
      vertex   -1.863577e-15 -9.734651e+00 1.247280e+01
      vertex   6.700000e+00 -9.829629e+00 1.278590e+01
    endloop
  endfacet
  facet normal 0.000000e+00 9.569403e-01 2.902847e-01
    outer loop
      vertex   6.700000e+00 -9.829629e+00 1.278590e+01
      vertex   -1.863577e-15 -9.734651e+00 1.247280e+01
      vertex   -1.933099e-15 -9.829629e+00 1.278590e+01
    endloop
  endfacet
  facet normal 0.000000e+00 9.738770e-01 2.270763e-01
    outer loop
      vertex   6.700000e+00 -9.829629e+00 1.278590e+01
      vertex   -1.933099e-15 -9.829629e+00 1.278590e+01
      vertex   6.700000e+00 -9.903926e+00 1.310455e+01
    endloop
  endfacet
  facet normal 6.020425e-17 9.738770e-01 2.270763e-01
    outer loop
      vertex   6.700000e+00 -9.903926e+00 1.310455e+01
      vertex   -1.933099e-15 -9.829629e+00 1.278590e+01
      vertex   -2.003852e-15 -9.903926e+00 1.310455e+01
    endloop
  endfacet
  facet normal 4.318813e-17 9.866433e-01 1.628955e-01
    outer loop
      vertex   6.700000e+00 -9.903926e+00 1.310455e+01
      vertex   -2.003852e-15 -9.903926e+00 1.310455e+01
      vertex   6.700000e+00 -9.957224e+00 1.342737e+01
    endloop
  endfacet
  facet normal 0.000000e+00 9.866433e-01 1.628955e-01
    outer loop
      vertex   6.700000e+00 -9.957224e+00 1.342737e+01
      vertex   -2.003852e-15 -9.903926e+00 1.310455e+01
      vertex   -2.075533e-15 -9.957224e+00 1.342737e+01
    endloop
  endfacet
  facet normal 0.000000e+00 9.951847e-01 9.801714e-02
    outer loop
      vertex   6.700000e+00 -9.957224e+00 1.342737e+01
      vertex   -2.075533e-15 -9.957224e+00 1.342737e+01
      vertex   6.700000e+00 -9.989295e+00 1.375298e+01
    endloop
  endfacet
  facet normal 0.000000e+00 9.951847e-01 9.801714e-02
    outer loop
      vertex   6.700000e+00 -9.989295e+00 1.375298e+01
      vertex   -2.075533e-15 -9.957224e+00 1.342737e+01
      vertex   -2.147834e-15 -9.989295e+00 1.375298e+01
    endloop
  endfacet
  facet normal 0.000000e+00 9.994646e-01 3.271908e-02
    outer loop
      vertex   6.700000e+00 -9.989295e+00 1.375298e+01
      vertex   -2.147834e-15 -9.989295e+00 1.375298e+01
      vertex   6.700000e+00 -1.000000e+01 1.408000e+01
    endloop
  endfacet
  facet normal 0.000000e+00 9.994646e-01 3.271908e-02
    outer loop
      vertex   6.700000e+00 -1.000000e+01 1.408000e+01
      vertex   -2.147834e-15 -9.989295e+00 1.375298e+01
      vertex   -4.440892e-15 -1.000000e+01 1.408000e+01
    endloop
  endfacet
endsolid
