solid ASCII
  facet normal 1.000000e+00 0.000000e+00 0.000000e+00
    outer loop
      vertex   0.000000e+00 2.750000e+01 2.500000e+00
      vertex   0.000000e+00 2.732635e+01 2.515192e+00
      vertex   0.000000e+00 1.250000e+00 2.500000e+00
    endloop
  endfacet
  facet normal 1.000000e+00 0.000000e+00 0.000000e+00
    outer loop
      vertex   0.000000e+00 1.250000e+00 2.500000e+00
      vertex   0.000000e+00 2.732635e+01 2.515192e+00
      vertex   0.000000e+00 2.715798e+01 2.560307e+00
    endloop
  endfacet
  facet normal 1.000000e+00 0.000000e+00 0.000000e+00
    outer loop
      vertex   0.000000e+00 1.250000e+00 2.500000e+00
      vertex   0.000000e+00 2.715798e+01 2.560307e+00
      vertex   0.000000e+00 2.700000e+01 2.633975e+00
    endloop
  endfacet
  facet normal 1.000000e+00 0.000000e+00 0.000000e+00
    outer loop
      vertex   0.000000e+00 2.700000e+01 2.633975e+00
      vertex   0.000000e+00 2.685721e+01 2.733955e+00
      vertex   0.000000e+00 1.250000e+00 2.500000e+00
    endloop
  endfacet
  facet normal 1.000000e+00 0.000000e+00 0.000000e+00
    outer loop
      vertex   0.000000e+00 1.250000e+00 2.500000e+00
      vertex   0.000000e+00 2.685721e+01 2.733955e+00
      vertex   0.000000e+00 2.673396e+01 2.857212e+00
    endloop
  endfacet
  facet normal 1.000000e+00 0.000000e+00 0.000000e+00
    outer loop
      vertex   0.000000e+00 1.250000e+00 2.500000e+00
      vertex   0.000000e+00 2.673396e+01 2.857212e+00
      vertex   0.000000e+00 2.663397e+01 3.000000e+00
    endloop
  endfacet
  facet normal 1.000000e+00 0.000000e+00 0.000000e+00
    outer loop
      vertex   0.000000e+00 2.663397e+01 3.000000e+00
      vertex   0.000000e+00 2.656031e+01 3.157980e+00
      vertex   0.000000e+00 1.250000e+00 2.500000e+00
    endloop
  endfacet
  facet normal 1.000000e+00 0.000000e+00 0.000000e+00
    outer loop
      vertex   0.000000e+00 1.250000e+00 2.500000e+00
      vertex   0.000000e+00 2.656031e+01 3.157980e+00
      vertex   0.000000e+00 2.651519e+01 3.326352e+00
    endloop
  endfacet
  facet normal 1.000000e+00 0.000000e+00 0.000000e+00
    outer loop
      vertex   0.000000e+00 1.250000e+00 2.500000e+00
      vertex   0.000000e+00 2.651519e+01 3.326352e+00
      vertex   0.000000e+00 2.650000e+01 3.500000e+00
    endloop
  endfacet
  facet normal 1.000000e+00 -1.048308e-24 4.967054e-09
    outer loop
      vertex   -4.470348e-08 2.650000e+01 1.250000e+01
      vertex   -4.470348e-08 1.250000e+00 1.250000e+01
      vertex   0.000000e+00 2.650000e+01 3.500000e+00
    endloop
  endfacet
  facet normal 1.000000e+00 -1.770435e-10 4.470348e-09
    outer loop
      vertex   0.000000e+00 2.650000e+01 3.500000e+00
      vertex   -4.470348e-08 1.250000e+00 1.250000e+01
      vertex   0.000000e+00 1.250000e+00 2.500000e+00
    endloop
  endfacet
  facet normal -1.000000e+00 -0.000000e+00 0.000000e+00
    outer loop
      vertex   1.214000e+02 2.651519e+01 3.326352e+00
      vertex   1.214000e+02 1.250000e+00 2.500000e+00
      vertex   1.214000e+02 2.650000e+01 3.500000e+00
    endloop
  endfacet
  facet normal -1.000000e+00 1.770435e-10 -4.470348e-09
    outer loop
      vertex   1.214000e+02 2.650000e+01 3.500000e+00
      vertex   1.214000e+02 1.250000e+00 2.500000e+00
      vertex   1.214000e+02 1.250000e+00 1.250000e+01
    endloop
  endfacet
  facet normal -1.000000e+00 9.318294e-25 -4.967054e-09
    outer loop
      vertex   1.214000e+02 2.650000e+01 3.500000e+00
      vertex   1.214000e+02 1.250000e+00 1.250000e+01
      vertex   1.214000e+02 2.650000e+01 1.250000e+01
    endloop
  endfacet
  facet normal -1.000000e+00 0.000000e+00 -0.000000e+00
    outer loop
      vertex   1.214000e+02 2.651519e+01 3.326352e+00
      vertex   1.214000e+02 2.656031e+01 3.157980e+00
      vertex   1.214000e+02 1.250000e+00 2.500000e+00
    endloop
  endfacet
  facet normal -1.000000e+00 0.000000e+00 0.000000e+00
    outer loop
      vertex   1.214000e+02 1.250000e+00 2.500000e+00
      vertex   1.214000e+02 2.656031e+01 3.157980e+00
      vertex   1.214000e+02 2.663397e+01 3.000000e+00
    endloop
  endfacet
  facet normal -1.000000e+00 0.000000e+00 0.000000e+00
    outer loop
      vertex   1.214000e+02 1.250000e+00 2.500000e+00
      vertex   1.214000e+02 2.663397e+01 3.000000e+00
      vertex   1.214000e+02 2.673396e+01 2.857212e+00
    endloop
  endfacet
  facet normal -1.000000e+00 0.000000e+00 -0.000000e+00
    outer loop
      vertex   1.214000e+02 2.673396e+01 2.857212e+00
      vertex   1.214000e+02 2.685721e+01 2.733955e+00
      vertex   1.214000e+02 1.250000e+00 2.500000e+00
    endloop
  endfacet
  facet normal -1.000000e+00 0.000000e+00 0.000000e+00
    outer loop
      vertex   1.214000e+02 1.250000e+00 2.500000e+00
      vertex   1.214000e+02 2.685721e+01 2.733955e+00
      vertex   1.214000e+02 2.700000e+01 2.633975e+00
    endloop
  endfacet
  facet normal -1.000000e+00 0.000000e+00 0.000000e+00
    outer loop
      vertex   1.214000e+02 1.250000e+00 2.500000e+00
      vertex   1.214000e+02 2.700000e+01 2.633975e+00
      vertex   1.214000e+02 2.715798e+01 2.560307e+00
    endloop
  endfacet
  facet normal -1.000000e+00 0.000000e+00 -0.000000e+00
    outer loop
      vertex   1.214000e+02 2.715798e+01 2.560307e+00
      vertex   1.214000e+02 2.732635e+01 2.515192e+00
      vertex   1.214000e+02 1.250000e+00 2.500000e+00
    endloop
  endfacet
  facet normal -1.000000e+00 0.000000e+00 0.000000e+00
    outer loop
      vertex   1.214000e+02 1.250000e+00 2.500000e+00
      vertex   1.214000e+02 2.732635e+01 2.515192e+00
      vertex   1.214000e+02 2.750000e+01 2.500000e+00
    endloop
  endfacet
  facet normal 0.000000e+00 1.000000e+00 0.000000e+00
    outer loop
      vertex   -5.572042e+00 3.150000e+01 1.514244e+01
      vertex   5.354083e+01 3.150000e+01 1.274677e+01
      vertex   -5.600000e+00 3.150000e+01 1.439519e+01
    endloop
  endfacet
  facet normal 3.757125e-16 1.000000e+00 1.347959e-14
    outer loop
      vertex   -5.600000e+00 3.150000e+01 1.439519e+01
      vertex   5.354083e+01 3.150000e+01 1.274677e+01
      vertex   5.286348e+01 3.150000e+01 1.223853e+01
    endloop
  endfacet
  facet normal -1.165491e-16 1.000000e+00 1.351924e-16
    outer loop
      vertex   -5.600000e+00 3.150000e+01 1.439519e+01
      vertex   5.286348e+01 3.150000e+01 1.223853e+01
      vertex   5.222209e+01 3.150000e+01 1.168559e+01
    endloop
  endfacet
  facet normal 0.000000e+00 1.000000e+00 -0.000000e+00
    outer loop
      vertex   5.354083e+01 3.150000e+01 1.274677e+01
      vertex   -5.572042e+00 3.150000e+01 1.514244e+01
      vertex   5.425105e+01 3.150000e+01 1.320799e+01
    endloop
  endfacet
  facet normal 0.000000e+00 1.000000e+00 0.000000e+00
    outer loop
      vertex   5.425105e+01 3.150000e+01 1.320799e+01
      vertex   -5.572042e+00 3.150000e+01 1.514244e+01
      vertex   -5.488324e+00 3.150000e+01 1.588550e+01
    endloop
  endfacet
  facet normal 0.000000e+00 1.000000e+00 0.000000e+00
    outer loop
      vertex   5.425105e+01 3.150000e+01 1.320799e+01
      vertex   -5.488324e+00 3.150000e+01 1.588550e+01
      vertex   -5.349315e+00 3.150000e+01 1.662024e+01
    endloop
  endfacet
  facet normal 0.000000e+00 1.000000e+00 -0.000000e+00
    outer loop
      vertex   5.425105e+01 3.150000e+01 1.320799e+01
      vertex   -5.349315e+00 3.150000e+01 1.662024e+01
      vertex   5.499086e+01 3.150000e+01 1.362006e+01
    endloop
  endfacet
  facet normal 0.000000e+00 1.000000e+00 0.000000e+00
    outer loop
      vertex   5.499086e+01 3.150000e+01 1.362006e+01
      vertex   -5.349315e+00 3.150000e+01 1.662024e+01
      vertex   -5.155791e+00 3.150000e+01 1.734253e+01
    endloop
  endfacet
  facet normal 0.000000e+00 1.000000e+00 -0.000000e+00
    outer loop
      vertex   5.499086e+01 3.150000e+01 1.362006e+01
      vertex   -5.155791e+00 3.150000e+01 1.734253e+01
      vertex   5.575688e+01 3.150000e+01 1.398110e+01
    endloop
  endfacet
  facet normal 0.000000e+00 1.000000e+00 0.000000e+00
    outer loop
      vertex   5.575688e+01 3.150000e+01 1.398110e+01
      vertex   -5.155791e+00 3.150000e+01 1.734253e+01
      vertex   -4.908835e+00 3.150000e+01 1.804835e+01
    endloop
  endfacet
  facet normal 0.000000e+00 1.000000e+00 0.000000e+00
    outer loop
      vertex   5.575688e+01 3.150000e+01 1.398110e+01
      vertex   -4.908835e+00 3.150000e+01 1.804835e+01
      vertex   -4.609828e+00 3.150000e+01 1.873374e+01
    endloop
  endfacet
  facet normal 0.000000e+00 1.000000e+00 -0.000000e+00
    outer loop
      vertex   5.575688e+01 3.150000e+01 1.398110e+01
      vertex   -4.609828e+00 3.150000e+01 1.873374e+01
      vertex   5.654558e+01 3.150000e+01 1.428944e+01
    endloop
  endfacet
  facet normal 0.000000e+00 1.000000e+00 0.000000e+00
    outer loop
      vertex   5.654558e+01 3.150000e+01 1.428944e+01
      vertex   -4.609828e+00 3.150000e+01 1.873374e+01
      vertex   -4.260441e+00 3.150000e+01 1.939486e+01
    endloop
  endfacet
  facet normal 0.000000e+00 1.000000e+00 0.000000e+00
    outer loop
      vertex   5.654558e+01 3.150000e+01 1.428944e+01
      vertex   -4.260441e+00 3.150000e+01 1.939486e+01
      vertex   -3.862628e+00 3.150000e+01 2.002803e+01
    endloop
  endfacet
  facet normal 0.000000e+00 1.000000e+00 -0.000000e+00
    outer loop
      vertex   5.654558e+01 3.150000e+01 1.428944e+01
      vertex   -3.862628e+00 3.150000e+01 2.002803e+01
      vertex   5.735335e+01 3.150000e+01 1.454367e+01
    endloop
  endfacet
  facet normal 0.000000e+00 1.000000e+00 0.000000e+00
    outer loop
      vertex   5.735335e+01 3.150000e+01 1.454367e+01
      vertex   -3.862628e+00 3.150000e+01 2.002803e+01
      vertex   -3.418615e+00 3.150000e+01 2.062971e+01
    endloop
  endfacet
  facet normal 0.000000e+00 1.000000e+00 0.000000e+00
    outer loop
      vertex   5.735335e+01 3.150000e+01 1.454367e+01
      vertex   -3.418615e+00 3.150000e+01 2.062971e+01
      vertex   -2.930882e+00 3.150000e+01 2.119652e+01
    endloop
  endfacet
  facet normal -0.000000e+00 1.000000e+00 0.000000e+00
    outer loop
      vertex   -2.930882e+00 3.150000e+01 2.119652e+01
      vertex   -2.402158e+00 3.150000e+01 2.172531e+01
      vertex   5.735335e+01 3.150000e+01 1.454367e+01
    endloop
  endfacet
  facet normal 0.000000e+00 1.000000e+00 0.000000e+00
    outer loop
      vertex   5.735335e+01 3.150000e+01 1.454367e+01
      vertex   -2.402158e+00 3.150000e+01 2.172531e+01
      vertex   2.908574e+00 3.150000e+01 2.428334e+01
    endloop
  endfacet
  facet normal 0.000000e+00 1.000000e+00 -0.000000e+00
    outer loop
      vertex   5.735335e+01 3.150000e+01 1.454367e+01
      vertex   2.908574e+00 3.150000e+01 2.428334e+01
      vertex   5.817648e+01 3.150000e+01 1.474262e+01
    endloop
  endfacet
  facet normal 0.000000e+00 1.000000e+00 -0.000000e+00
    outer loop
      vertex   5.817648e+01 3.150000e+01 1.474262e+01
      vertex   2.908574e+00 3.150000e+01 2.428334e+01
      vertex   5.901119e+01 3.150000e+01 1.488539e+01
    endloop
  endfacet
  facet normal 0.000000e+00 1.000000e+00 -0.000000e+00
    outer loop
      vertex   5.901119e+01 3.150000e+01 1.488539e+01
      vertex   2.908574e+00 3.150000e+01 2.428334e+01
      vertex   5.985365e+01 3.150000e+01 1.497131e+01
    endloop
  endfacet
  facet normal 3.282601e-17 1.000000e+00 2.007382e-16
    outer loop
      vertex   5.985365e+01 3.150000e+01 1.497131e+01
      vertex   2.908574e+00 3.150000e+01 2.428334e+01
      vertex   5.920857e+01 3.150000e+01 3.277505e+01
    endloop
  endfacet
  facet normal -6.754964e-18 1.000000e+00 1.993040e-16
    outer loop
      vertex   5.985365e+01 3.150000e+01 1.497131e+01
      vertex   5.920857e+01 3.150000e+01 3.277505e+01
      vertex   6.070000e+01 3.150000e+01 1.500000e+01
    endloop
  endfacet
  facet normal 0.000000e+00 1.000000e+00 1.998708e-16
    outer loop
      vertex   6.070000e+01 3.150000e+01 1.500000e+01
      vertex   5.920857e+01 3.150000e+01 3.277505e+01
      vertex   6.219143e+01 3.150000e+01 3.277505e+01
    endloop
  endfacet
  facet normal 6.754964e-18 1.000000e+00 1.993040e-16
    outer loop
      vertex   6.070000e+01 3.150000e+01 1.500000e+01
      vertex   6.219143e+01 3.150000e+01 3.277505e+01
      vertex   6.154635e+01 3.150000e+01 1.497131e+01
    endloop
  endfacet
  facet normal -3.282601e-17 1.000000e+00 2.007382e-16
    outer loop
      vertex   6.154635e+01 3.150000e+01 1.497131e+01
      vertex   6.219143e+01 3.150000e+01 3.277505e+01
      vertex   1.184914e+02 3.150000e+01 2.428334e+01
    endloop
  endfacet
  facet normal -0.000000e+00 1.000000e+00 0.000000e+00
    outer loop
      vertex   6.154635e+01 3.150000e+01 1.497131e+01
      vertex   1.184914e+02 3.150000e+01 2.428334e+01
      vertex   6.238881e+01 3.150000e+01 1.488539e+01
    endloop
  endfacet
  facet normal -0.000000e+00 1.000000e+00 0.000000e+00
    outer loop
      vertex   6.238881e+01 3.150000e+01 1.488539e+01
      vertex   1.184914e+02 3.150000e+01 2.428334e+01
      vertex   6.322352e+01 3.150000e+01 1.474262e+01
    endloop
  endfacet
  facet normal -0.000000e+00 1.000000e+00 0.000000e+00
    outer loop
      vertex   6.322352e+01 3.150000e+01 1.474262e+01
      vertex   1.184914e+02 3.150000e+01 2.428334e+01
      vertex   6.404665e+01 3.150000e+01 1.454367e+01
    endloop
  endfacet
  facet normal 0.000000e+00 1.000000e+00 0.000000e+00
    outer loop
      vertex   6.404665e+01 3.150000e+01 1.454367e+01
      vertex   1.184914e+02 3.150000e+01 2.428334e+01
      vertex   1.238022e+02 3.150000e+01 2.172531e+01
    endloop
  endfacet
  facet normal 0.000000e+00 1.000000e+00 0.000000e+00
    outer loop
      vertex   6.404665e+01 3.150000e+01 1.454367e+01
      vertex   1.238022e+02 3.150000e+01 2.172531e+01
      vertex   1.243309e+02 3.150000e+01 2.119652e+01
    endloop
  endfacet
  facet normal 0.000000e+00 1.000000e+00 0.000000e+00
    outer loop
      vertex   -2.402158e+00 3.150000e+01 2.172531e+01
      vertex   -1.835399e+00 3.150000e+01 2.221310e+01
      vertex   2.908574e+00 3.150000e+01 2.428334e+01
    endloop
  endfacet
  facet normal 0.000000e+00 1.000000e+00 0.000000e+00
    outer loop
      vertex   2.908574e+00 3.150000e+01 2.428334e+01
      vertex   -1.835399e+00 3.150000e+01 2.221310e+01
      vertex   -1.233774e+00 3.150000e+01 2.265718e+01
    endloop
  endfacet
  facet normal 0.000000e+00 1.000000e+00 0.000000e+00
    outer loop
      vertex   2.908574e+00 3.150000e+01 2.428334e+01
      vertex   -1.233774e+00 3.150000e+01 2.265718e+01
      vertex   -6.006477e-01 3.150000e+01 2.305507e+01
    endloop
  endfacet
  facet normal 0.000000e+00 1.000000e+00 0.000000e+00
    outer loop
      vertex   -6.006477e-01 3.150000e+01 2.305507e+01
      vertex   6.044061e-02 3.150000e+01 2.340453e+01
      vertex   2.908574e+00 3.150000e+01 2.428334e+01
    endloop
  endfacet
  facet normal 0.000000e+00 1.000000e+00 0.000000e+00
    outer loop
      vertex   2.908574e+00 3.150000e+01 2.428334e+01
      vertex   6.044061e-02 3.150000e+01 2.340453e+01
      vertex   7.457941e-01 3.150000e+01 2.370361e+01
    endloop
  endfacet
  facet normal 0.000000e+00 1.000000e+00 0.000000e+00
    outer loop
      vertex   2.908574e+00 3.150000e+01 2.428334e+01
      vertex   7.457941e-01 3.150000e+01 2.370361e+01
      vertex   1.451580e+00 3.150000e+01 2.395065e+01
    endloop
  endfacet
  facet normal 0.000000e+00 1.000000e+00 0.000000e+00
    outer loop
      vertex   1.451580e+00 3.150000e+01 2.395065e+01
      vertex   2.173853e+00 3.150000e+01 2.414425e+01
      vertex   2.908574e+00 3.150000e+01 2.428334e+01
    endloop
  endfacet
  facet normal 0.000000e+00 1.000000e+00 -4.237335e-14
    outer loop
      vertex   6.219143e+01 3.150000e+01 3.277505e+01
      vertex   5.920857e+01 3.150000e+01 3.277505e+01
      vertex   6.144781e+01 3.150000e+01 3.285889e+01
    endloop
  endfacet
  facet normal 0.000000e+00 1.000000e+00 -4.237335e-14
    outer loop
      vertex   6.144781e+01 3.150000e+01 3.285889e+01
      vertex   5.920857e+01 3.150000e+01 3.277505e+01
      vertex   5.995219e+01 3.150000e+01 3.285889e+01
    endloop
  endfacet
  facet normal 0.000000e+00 1.000000e+00 1.268828e-13
    outer loop
      vertex   6.144781e+01 3.150000e+01 3.285889e+01
      vertex   5.995219e+01 3.150000e+01 3.285889e+01
      vertex   6.070000e+01 3.150000e+01 3.288689e+01
    endloop
  endfacet
  facet normal 0.000000e+00 1.000000e+00 0.000000e+00
    outer loop
      vertex   1.192261e+02 3.150000e+01 2.414425e+01
      vertex   1.199484e+02 3.150000e+01 2.395065e+01
      vertex   1.184914e+02 3.150000e+01 2.428334e+01
    endloop
  endfacet
  facet normal 0.000000e+00 1.000000e+00 0.000000e+00
    outer loop
      vertex   1.184914e+02 3.150000e+01 2.428334e+01
      vertex   1.199484e+02 3.150000e+01 2.395065e+01
      vertex   1.206542e+02 3.150000e+01 2.370361e+01
    endloop
  endfacet
  facet normal 0.000000e+00 1.000000e+00 0.000000e+00
    outer loop
      vertex   1.184914e+02 3.150000e+01 2.428334e+01
      vertex   1.206542e+02 3.150000e+01 2.370361e+01
      vertex   1.213396e+02 3.150000e+01 2.340453e+01
    endloop
  endfacet
  facet normal 0.000000e+00 1.000000e+00 0.000000e+00
    outer loop
      vertex   1.213396e+02 3.150000e+01 2.340453e+01
      vertex   1.220006e+02 3.150000e+01 2.305507e+01
      vertex   1.184914e+02 3.150000e+01 2.428334e+01
    endloop
  endfacet
  facet normal 0.000000e+00 1.000000e+00 0.000000e+00
    outer loop
      vertex   1.184914e+02 3.150000e+01 2.428334e+01
      vertex   1.220006e+02 3.150000e+01 2.305507e+01
      vertex   1.226338e+02 3.150000e+01 2.265718e+01
    endloop
  endfacet
  facet normal 0.000000e+00 1.000000e+00 0.000000e+00
    outer loop
      vertex   1.184914e+02 3.150000e+01 2.428334e+01
      vertex   1.226338e+02 3.150000e+01 2.265718e+01
      vertex   1.232354e+02 3.150000e+01 2.221310e+01
    endloop
  endfacet
  facet normal 0.000000e+00 1.000000e+00 0.000000e+00
    outer loop
      vertex   1.232354e+02 3.150000e+01 2.221310e+01
      vertex   1.238022e+02 3.150000e+01 2.172531e+01
      vertex   1.184914e+02 3.150000e+01 2.428334e+01
    endloop
  endfacet
  facet normal 0.000000e+00 1.000000e+00 0.000000e+00
    outer loop
      vertex   1.243309e+02 3.150000e+01 2.119652e+01
      vertex   1.248186e+02 3.150000e+01 2.062971e+01
      vertex   6.404665e+01 3.150000e+01 1.454367e+01
    endloop
  endfacet
  facet normal 0.000000e+00 1.000000e+00 0.000000e+00
    outer loop
      vertex   6.404665e+01 3.150000e+01 1.454367e+01
      vertex   1.248186e+02 3.150000e+01 2.062971e+01
      vertex   1.252626e+02 3.150000e+01 2.002803e+01
    endloop
  endfacet
  facet normal -0.000000e+00 1.000000e+00 0.000000e+00
    outer loop
      vertex   6.404665e+01 3.150000e+01 1.454367e+01
      vertex   1.252626e+02 3.150000e+01 2.002803e+01
      vertex   6.485442e+01 3.150000e+01 1.428944e+01
    endloop
  endfacet
  facet normal 0.000000e+00 1.000000e+00 0.000000e+00
    outer loop
      vertex   6.485442e+01 3.150000e+01 1.428944e+01
      vertex   1.252626e+02 3.150000e+01 2.002803e+01
      vertex   1.256604e+02 3.150000e+01 1.939486e+01
    endloop
  endfacet
  facet normal 0.000000e+00 1.000000e+00 0.000000e+00
    outer loop
      vertex   6.485442e+01 3.150000e+01 1.428944e+01
      vertex   1.256604e+02 3.150000e+01 1.939486e+01
      vertex   1.260098e+02 3.150000e+01 1.873374e+01
    endloop
  endfacet
  facet normal -0.000000e+00 1.000000e+00 0.000000e+00
    outer loop
      vertex   6.485442e+01 3.150000e+01 1.428944e+01
      vertex   1.260098e+02 3.150000e+01 1.873374e+01
      vertex   6.564312e+01 3.150000e+01 1.398110e+01
    endloop
  endfacet
  facet normal 0.000000e+00 1.000000e+00 0.000000e+00
    outer loop
      vertex   6.564312e+01 3.150000e+01 1.398110e+01
      vertex   1.260098e+02 3.150000e+01 1.873374e+01
      vertex   1.263088e+02 3.150000e+01 1.804835e+01
    endloop
  endfacet
  facet normal 0.000000e+00 1.000000e+00 0.000000e+00
    outer loop
      vertex   6.564312e+01 3.150000e+01 1.398110e+01
      vertex   1.263088e+02 3.150000e+01 1.804835e+01
      vertex   1.265558e+02 3.150000e+01 1.734253e+01
    endloop
  endfacet
  facet normal -0.000000e+00 1.000000e+00 0.000000e+00
    outer loop
      vertex   6.564312e+01 3.150000e+01 1.398110e+01
      vertex   1.265558e+02 3.150000e+01 1.734253e+01
      vertex   6.640914e+01 3.150000e+01 1.362006e+01
    endloop
  endfacet
  facet normal 0.000000e+00 1.000000e+00 0.000000e+00
    outer loop
      vertex   6.640914e+01 3.150000e+01 1.362006e+01
      vertex   1.265558e+02 3.150000e+01 1.734253e+01
      vertex   1.267493e+02 3.150000e+01 1.662024e+01
    endloop
  endfacet
  facet normal -0.000000e+00 1.000000e+00 0.000000e+00
    outer loop
      vertex   6.640914e+01 3.150000e+01 1.362006e+01
      vertex   1.267493e+02 3.150000e+01 1.662024e+01
      vertex   6.714895e+01 3.150000e+01 1.320799e+01
    endloop
  endfacet
  facet normal 0.000000e+00 1.000000e+00 0.000000e+00
    outer loop
      vertex   6.714895e+01 3.150000e+01 1.320799e+01
      vertex   1.267493e+02 3.150000e+01 1.662024e+01
      vertex   1.268883e+02 3.150000e+01 1.588550e+01
    endloop
  endfacet
  facet normal 0.000000e+00 1.000000e+00 0.000000e+00
    outer loop
      vertex   6.714895e+01 3.150000e+01 1.320799e+01
      vertex   1.268883e+02 3.150000e+01 1.588550e+01
      vertex   1.269720e+02 3.150000e+01 1.514244e+01
    endloop
  endfacet
  facet normal -0.000000e+00 1.000000e+00 0.000000e+00
    outer loop
      vertex   6.714895e+01 3.150000e+01 1.320799e+01
      vertex   1.269720e+02 3.150000e+01 1.514244e+01
      vertex   6.785917e+01 3.150000e+01 1.274677e+01
    endloop
  endfacet
  facet normal 0.000000e+00 1.000000e+00 0.000000e+00
    outer loop
      vertex   6.785917e+01 3.150000e+01 1.274677e+01
      vertex   1.269720e+02 3.150000e+01 1.514244e+01
      vertex   1.270000e+02 3.150000e+01 1.439519e+01
    endloop
  endfacet
  facet normal -3.757125e-16 1.000000e+00 1.347959e-14
    outer loop
      vertex   6.785917e+01 3.150000e+01 1.274677e+01
      vertex   1.270000e+02 3.150000e+01 1.439519e+01
      vertex   6.853652e+01 3.150000e+01 1.223853e+01
    endloop
  endfacet
  facet normal 1.165491e-16 1.000000e+00 1.351924e-16
    outer loop
      vertex   6.853652e+01 3.150000e+01 1.223853e+01
      vertex   1.270000e+02 3.150000e+01 1.439519e+01
      vertex   6.917791e+01 3.150000e+01 1.168559e+01
    endloop
  endfacet
  facet normal 1.173185e-16 1.000000e+00 1.187735e-16
    outer loop
      vertex   6.917791e+01 3.150000e+01 1.168559e+01
      vertex   1.270000e+02 3.150000e+01 1.439519e+01
      vertex   6.978039e+01 3.150000e+01 1.109049e+01
    endloop
  endfacet
  facet normal 1.181474e-16 1.000000e+00 1.044206e-16
    outer loop
      vertex   6.978039e+01 3.150000e+01 1.109049e+01
      vertex   1.270000e+02 3.150000e+01 1.439519e+01
      vertex   7.034120e+01 3.150000e+01 1.045596e+01
    endloop
  endfacet
  facet normal 1.190365e-16 1.000000e+00 9.163221e-17
    outer loop
      vertex   7.034120e+01 3.150000e+01 1.045596e+01
      vertex   1.270000e+02 3.150000e+01 1.439519e+01
      vertex   7.085775e+01 3.150000e+01 9.784920e+00
    endloop
  endfacet
  facet normal 1.199884e-16 1.000000e+00 8.004077e-17
    outer loop
      vertex   7.085775e+01 3.150000e+01 9.784920e+00
      vertex   1.270000e+02 3.150000e+01 1.439519e+01
      vertex   7.132769e+01 3.150000e+01 9.080444e+00
    endloop
  endfacet
  facet normal 1.210072e-16 1.000000e+00 6.936817e-17
    outer loop
      vertex   7.132769e+01 3.150000e+01 9.080444e+00
      vertex   1.270000e+02 3.150000e+01 1.439519e+01
      vertex   7.174885e+01 3.150000e+01 8.345766e+00
    endloop
  endfacet
  facet normal 5.719744e-17 1.000000e+00 6.521620e-16
    outer loop
      vertex   7.174885e+01 3.150000e+01 8.345766e+00
      vertex   1.270000e+02 3.150000e+01 1.439519e+01
      vertex   1.270000e+02 3.150000e+01 3.500000e+00
    endloop
  endfacet
  facet normal 0.000000e+00 1.000000e+00 0.000000e+00
    outer loop
      vertex   7.174885e+01 3.150000e+01 8.345766e+00
      vertex   1.270000e+02 3.150000e+01 3.500000e+00
      vertex   7.211930e+01 3.150000e+01 7.584259e+00
    endloop
  endfacet
  facet normal 0.000000e+00 1.000000e+00 0.000000e+00
    outer loop
      vertex   7.211930e+01 3.150000e+01 7.584259e+00
      vertex   1.270000e+02 3.150000e+01 3.500000e+00
      vertex   7.243733e+01 3.150000e+01 6.799417e+00
    endloop
  endfacet
  facet normal 0.000000e+00 1.000000e+00 0.000000e+00
    outer loop
      vertex   7.243733e+01 3.150000e+01 6.799417e+00
      vertex   1.270000e+02 3.150000e+01 3.500000e+00
      vertex   7.270150e+01 3.150000e+01 5.994842e+00
    endloop
  endfacet
  facet normal 0.000000e+00 1.000000e+00 0.000000e+00
    outer loop
      vertex   7.270150e+01 3.150000e+01 5.994842e+00
      vertex   1.270000e+02 3.150000e+01 3.500000e+00
      vertex   7.291059e+01 3.150000e+01 5.174227e+00
    endloop
  endfacet
  facet normal 0.000000e+00 1.000000e+00 0.000000e+00
    outer loop
      vertex   7.291059e+01 3.150000e+01 5.174227e+00
      vertex   1.270000e+02 3.150000e+01 3.500000e+00
      vertex   7.306363e+01 3.150000e+01 4.341339e+00
    endloop
  endfacet
  facet normal 0.000000e+00 1.000000e+00 0.000000e+00
    outer loop
      vertex   7.306363e+01 3.150000e+01 4.341339e+00
      vertex   1.270000e+02 3.150000e+01 3.500000e+00
      vertex   7.315994e+01 3.150000e+01 3.500000e+00
    endloop
  endfacet
  facet normal -1.173185e-16 1.000000e+00 1.187735e-16
    outer loop
      vertex   5.222209e+01 3.150000e+01 1.168559e+01
      vertex   5.161961e+01 3.150000e+01 1.109049e+01
      vertex   -5.600000e+00 3.150000e+01 1.439519e+01
    endloop
  endfacet
  facet normal -1.181474e-16 1.000000e+00 1.044206e-16
    outer loop
      vertex   -5.600000e+00 3.150000e+01 1.439519e+01
      vertex   5.161961e+01 3.150000e+01 1.109049e+01
      vertex   5.105880e+01 3.150000e+01 1.045596e+01
    endloop
  endfacet
  facet normal -1.190365e-16 1.000000e+00 9.163221e-17
    outer loop
      vertex   -5.600000e+00 3.150000e+01 1.439519e+01
      vertex   5.105880e+01 3.150000e+01 1.045596e+01
      vertex   5.054225e+01 3.150000e+01 9.784920e+00
    endloop
  endfacet
  facet normal -1.199884e-16 1.000000e+00 8.004077e-17
    outer loop
      vertex   5.054225e+01 3.150000e+01 9.784920e+00
      vertex   5.007231e+01 3.150000e+01 9.080444e+00
      vertex   -5.600000e+00 3.150000e+01 1.439519e+01
    endloop
  endfacet
  facet normal -1.210072e-16 1.000000e+00 6.936817e-17
    outer loop
      vertex   -5.600000e+00 3.150000e+01 1.439519e+01
      vertex   5.007231e+01 3.150000e+01 9.080444e+00
      vertex   4.965115e+01 3.150000e+01 8.345766e+00
    endloop
  endfacet
  facet normal -5.719744e-17 1.000000e+00 6.521620e-16
    outer loop
      vertex   -5.600000e+00 3.150000e+01 1.439519e+01
      vertex   4.965115e+01 3.150000e+01 8.345766e+00
      vertex   -5.600000e+00 3.150000e+01 3.500000e+00
    endloop
  endfacet
  facet normal 0.000000e+00 1.000000e+00 0.000000e+00
    outer loop
      vertex   -5.600000e+00 3.150000e+01 3.500000e+00
      vertex   4.965115e+01 3.150000e+01 8.345766e+00
      vertex   4.928070e+01 3.150000e+01 7.584259e+00
    endloop
  endfacet
  facet normal 0.000000e+00 1.000000e+00 0.000000e+00
    outer loop
      vertex   -5.600000e+00 3.150000e+01 3.500000e+00
      vertex   4.928070e+01 3.150000e+01 7.584259e+00
      vertex   4.896267e+01 3.150000e+01 6.799417e+00
    endloop
  endfacet
  facet normal 0.000000e+00 1.000000e+00 0.000000e+00
    outer loop
      vertex   4.896267e+01 3.150000e+01 6.799417e+00
      vertex   4.869850e+01 3.150000e+01 5.994842e+00
      vertex   -5.600000e+00 3.150000e+01 3.500000e+00
    endloop
  endfacet
  facet normal 0.000000e+00 1.000000e+00 0.000000e+00
    outer loop
      vertex   -5.600000e+00 3.150000e+01 3.500000e+00
      vertex   4.869850e+01 3.150000e+01 5.994842e+00
      vertex   4.848941e+01 3.150000e+01 5.174227e+00
    endloop
  endfacet
  facet normal 0.000000e+00 1.000000e+00 0.000000e+00
    outer loop
      vertex   -5.600000e+00 3.150000e+01 3.500000e+00
      vertex   4.848941e+01 3.150000e+01 5.174227e+00
      vertex   4.833637e+01 3.150000e+01 4.341339e+00
    endloop
  endfacet
  facet normal 0.000000e+00 1.000000e+00 0.000000e+00
    outer loop
      vertex   4.833637e+01 3.150000e+01 4.341339e+00
      vertex   4.824006e+01 3.150000e+01 3.500000e+00
      vertex   -5.600000e+00 3.150000e+01 3.500000e+00
    endloop
  endfacet
  facet normal -6.652304e-09 1.892839e-16 -1.000000e+00
    outer loop
      vertex   -5.600000e+00 3.050000e+01 2.500000e+00
      vertex   0.000000e+00 2.750000e+01 2.500000e+00
      vertex   -5.600000e+00 -3.725290e-08 2.500000e+00
    endloop
  endfacet
  facet normal -6.652304e-09 2.030122e-16 -1.000000e+00
    outer loop
      vertex   -5.600000e+00 -3.725290e-08 2.500000e+00
      vertex   0.000000e+00 2.750000e+01 2.500000e+00
      vertex   0.000000e+00 1.250000e+00 2.500000e+00
    endloop
  endfacet
  facet normal -1.308226e-25 -2.980232e-08 -1.000000e+00
    outer loop
      vertex   -5.600000e+00 -3.725290e-08 2.500000e+00
      vertex   0.000000e+00 1.250000e+00 2.500000e+00
      vertex   1.214000e+02 1.250000e+00 2.500000e+00
    endloop
  endfacet
  facet normal -6.797975e-10 1.114868e-08 -1.000000e+00
    outer loop
      vertex   -5.600000e+00 3.050000e+01 2.500000e+00
      vertex   4.920000e+01 3.050000e+01 2.500000e+00
      vertex   0.000000e+00 2.750000e+01 2.500000e+00
    endloop
  endfacet
  facet normal 0.000000e+00 1.480297e-16 -1.000000e+00
    outer loop
      vertex   0.000000e+00 2.750000e+01 2.500000e+00
      vertex   4.920000e+01 3.050000e+01 2.500000e+00
      vertex   4.920000e+01 2.750000e+01 2.500000e+00
    endloop
  endfacet
  facet normal 0.000000e+00 -2.980232e-08 -1.000000e+00
    outer loop
      vertex   -5.600000e+00 -3.725290e-08 2.500000e+00
      vertex   1.214000e+02 1.250000e+00 2.500000e+00
      vertex   1.270000e+02 -3.725290e-08 2.500000e+00
    endloop
  endfacet
  facet normal 6.652304e-09 2.030122e-16 -1.000000e+00
    outer loop
      vertex   1.270000e+02 -3.725290e-08 2.500000e+00
      vertex   1.214000e+02 1.250000e+00 2.500000e+00
      vertex   1.214000e+02 2.750000e+01 2.500000e+00
    endloop
  endfacet
  facet normal 6.652304e-09 1.892839e-16 -1.000000e+00
    outer loop
      vertex   1.270000e+02 -3.725290e-08 2.500000e+00
      vertex   1.214000e+02 2.750000e+01 2.500000e+00
      vertex   1.270000e+02 3.050000e+01 2.500000e+00
    endloop
  endfacet
  facet normal 6.797975e-10 1.114868e-08 -1.000000e+00
    outer loop
      vertex   1.270000e+02 3.050000e+01 2.500000e+00
      vertex   1.214000e+02 2.750000e+01 2.500000e+00
      vertex   7.220000e+01 3.050000e+01 2.500000e+00
    endloop
  endfacet
  facet normal 0.000000e+00 1.480297e-16 -1.000000e+00
    outer loop
      vertex   7.220000e+01 3.050000e+01 2.500000e+00
      vertex   1.214000e+02 2.750000e+01 2.500000e+00
      vertex   7.220000e+01 2.750000e+01 2.500000e+00
    endloop
  endfacet
  facet normal -9.993908e-01 5.166163e-18 -3.489950e-02
    outer loop
      vertex   7.220000e+01 3.050000e+01 2.500000e+00
      vertex   7.220000e+01 2.750000e+01 2.500000e+00
      vertex   7.217199e+01 3.050000e+01 3.302199e+00
    endloop
  endfacet
  facet normal -9.993908e-01 -0.000000e+00 -3.489950e-02
    outer loop
      vertex   7.217199e+01 3.050000e+01 3.302199e+00
      vertex   7.220000e+01 2.750000e+01 2.500000e+00
      vertex   7.217199e+01 2.750000e+01 3.302199e+00
    endloop
  endfacet
  facet normal -9.945219e-01 -0.000000e+00 -1.045285e-01
    outer loop
      vertex   7.217199e+01 3.050000e+01 3.302199e+00
      vertex   7.217199e+01 2.750000e+01 3.302199e+00
      vertex   7.208808e+01 3.050000e+01 4.100491e+00
    endloop
  endfacet
  facet normal -9.945219e-01 1.237866e-16 -1.045285e-01
    outer loop
      vertex   7.208808e+01 3.050000e+01 4.100491e+00
      vertex   7.217199e+01 2.750000e+01 3.302199e+00
      vertex   7.208808e+01 2.750000e+01 4.100491e+00
    endloop
  endfacet
  facet normal -9.848078e-01 2.056408e-16 -1.736482e-01
    outer loop
      vertex   7.208808e+01 3.050000e+01 4.100491e+00
      vertex   7.208808e+01 2.750000e+01 4.100491e+00
      vertex   7.194870e+01 3.050000e+01 4.890984e+00
    endloop
  endfacet
  facet normal -9.848078e-01 1.542306e-16 -1.736482e-01
    outer loop
      vertex   7.194870e+01 3.050000e+01 4.890984e+00
      vertex   7.208808e+01 2.750000e+01 4.100491e+00
      vertex   7.194870e+01 2.750000e+01 4.890984e+00
    endloop
  endfacet
  facet normal -9.702957e-01 2.148698e-16 -2.419219e-01
    outer loop
      vertex   7.194870e+01 3.050000e+01 4.890984e+00
      vertex   7.194870e+01 2.750000e+01 4.890984e+00
      vertex   7.175451e+01 3.050000e+01 5.669830e+00
    endloop
  endfacet
  facet normal -9.702957e-01 -0.000000e+00 -2.419219e-01
    outer loop
      vertex   7.175451e+01 3.050000e+01 5.669830e+00
      vertex   7.194870e+01 2.750000e+01 4.890984e+00
      vertex   7.175451e+01 2.750000e+01 5.669830e+00
    endloop
  endfacet
  facet normal -9.510565e-01 -0.000000e+00 -3.090170e-01
    outer loop
      vertex   7.175451e+01 3.050000e+01 5.669830e+00
      vertex   7.175451e+01 2.750000e+01 5.669830e+00
      vertex   7.150647e+01 3.050000e+01 6.433232e+00
    endloop
  endfacet
  facet normal -9.510565e-01 -0.000000e+00 -3.090170e-01
    outer loop
      vertex   7.150647e+01 3.050000e+01 6.433232e+00
      vertex   7.175451e+01 2.750000e+01 5.669830e+00
      vertex   7.150647e+01 2.750000e+01 6.433232e+00
    endloop
  endfacet
  facet normal -9.271839e-01 -0.000000e+00 -3.746066e-01
    outer loop
      vertex   7.150647e+01 3.050000e+01 6.433232e+00
      vertex   7.150647e+01 2.750000e+01 6.433232e+00
      vertex   7.120577e+01 3.050000e+01 7.177471e+00
    endloop
  endfacet
  facet normal -9.271839e-01 -0.000000e+00 -3.746066e-01
    outer loop
      vertex   7.120577e+01 3.050000e+01 7.177471e+00
      vertex   7.150647e+01 2.750000e+01 6.433232e+00
      vertex   7.120577e+01 2.750000e+01 7.177471e+00
    endloop
  endfacet
  facet normal -8.987940e-01 -0.000000e+00 -4.383711e-01
    outer loop
      vertex   7.120577e+01 3.050000e+01 7.177471e+00
      vertex   7.120577e+01 2.750000e+01 7.177471e+00
      vertex   7.085390e+01 3.050000e+01 7.898923e+00
    endloop
  endfacet
  facet normal -8.987940e-01 5.191357e-16 -4.383711e-01
    outer loop
      vertex   7.085390e+01 3.050000e+01 7.898923e+00
      vertex   7.120577e+01 2.750000e+01 7.177471e+00
      vertex   7.085390e+01 2.750000e+01 7.898923e+00
    endloop
  endfacet
  facet normal -8.660254e-01 5.921189e-16 -5.000000e-01
    outer loop
      vertex   7.085390e+01 3.050000e+01 7.898923e+00
      vertex   7.085390e+01 2.750000e+01 7.898923e+00
      vertex   7.045255e+01 3.050000e+01 8.594071e+00
    endloop
  endfacet
  facet normal -8.660254e-01 2.960595e-16 -5.000000e-01
    outer loop
      vertex   7.045255e+01 3.050000e+01 8.594071e+00
      vertex   7.085390e+01 2.750000e+01 7.898923e+00
      vertex   7.045255e+01 2.750000e+01 8.594071e+00
    endloop
  endfacet
  facet normal -8.290376e-01 3.311087e-16 -5.591929e-01
    outer loop
      vertex   7.045255e+01 3.050000e+01 8.594071e+00
      vertex   7.045255e+01 2.750000e+01 8.594071e+00
      vertex   7.000370e+01 3.050000e+01 9.259530e+00
    endloop
  endfacet
  facet normal -8.290376e-01 -0.000000e+00 -5.591929e-01
    outer loop
      vertex   7.000370e+01 3.050000e+01 9.259530e+00
      vertex   7.045255e+01 2.750000e+01 8.594071e+00
      vertex   7.000370e+01 2.750000e+01 9.259530e+00
    endloop
  endfacet
  facet normal -7.880108e-01 -0.000000e+00 -6.156615e-01
    outer loop
      vertex   7.000370e+01 3.050000e+01 9.259530e+00
      vertex   7.000370e+01 2.750000e+01 9.259530e+00
      vertex   6.950951e+01 3.050000e+01 9.892057e+00
    endloop
  endfacet
  facet normal -7.880108e-01 -0.000000e+00 -6.156615e-01
    outer loop
      vertex   6.950951e+01 3.050000e+01 9.892057e+00
      vertex   7.000370e+01 2.750000e+01 9.259530e+00
      vertex   6.950951e+01 2.750000e+01 9.892057e+00
    endloop
  endfacet
  facet normal -7.431448e-01 -0.000000e+00 -6.691306e-01
    outer loop
      vertex   6.950951e+01 3.050000e+01 9.892057e+00
      vertex   6.950951e+01 2.750000e+01 9.892057e+00
      vertex   6.897241e+01 3.050000e+01 1.048857e+01
    endloop
  endfacet
  facet normal -7.431448e-01 7.924098e-16 -6.691306e-01
    outer loop
      vertex   6.897241e+01 3.050000e+01 1.048857e+01
      vertex   6.950951e+01 2.750000e+01 9.892057e+00
      vertex   6.897241e+01 2.750000e+01 1.048857e+01
    endloop
  endfacet
  facet normal -6.946584e-01 8.518694e-16 -7.193398e-01
    outer loop
      vertex   6.897241e+01 3.050000e+01 1.048857e+01
      vertex   6.897241e+01 2.750000e+01 1.048857e+01
      vertex   6.839500e+01 3.050000e+01 1.104617e+01
    endloop
  endfacet
  facet normal -6.946584e-01 -2.864628e-15 -7.193398e-01
    outer loop
      vertex   6.839500e+01 3.050000e+01 1.104617e+01
      vertex   6.897241e+01 2.750000e+01 1.048857e+01
      vertex   6.839500e+01 2.750000e+01 1.104617e+01
    endloop
  endfacet
  facet normal -6.427876e-01 -2.591264e-15 -7.660444e-01
    outer loop
      vertex   6.839500e+01 3.050000e+01 1.104617e+01
      vertex   6.839500e+01 2.750000e+01 1.104617e+01
      vertex   6.778011e+01 3.050000e+01 1.156212e+01
    endloop
  endfacet
  facet normal -6.427876e-01 4.535894e-16 -7.660444e-01
    outer loop
      vertex   6.778011e+01 3.050000e+01 1.156212e+01
      vertex   6.839500e+01 2.750000e+01 1.104617e+01
      vertex   6.778011e+01 2.750000e+01 1.156212e+01
    endloop
  endfacet
  facet normal -5.877853e-01 4.790343e-16 -8.090170e-01
    outer loop
      vertex   6.778011e+01 3.050000e+01 1.156212e+01
      vertex   6.778011e+01 2.750000e+01 1.156212e+01
      vertex   6.713072e+01 3.050000e+01 1.203393e+01
    endloop
  endfacet
  facet normal -5.877853e-01 -0.000000e+00 -8.090170e-01
    outer loop
      vertex   6.713072e+01 3.050000e+01 1.203393e+01
      vertex   6.778011e+01 2.750000e+01 1.156212e+01
      vertex   6.713072e+01 2.750000e+01 1.203393e+01
    endloop
  endfacet
  facet normal -5.299193e-01 -0.000000e+00 -8.480481e-01
    outer loop
      vertex   6.713072e+01 3.050000e+01 1.203393e+01
      vertex   6.713072e+01 2.750000e+01 1.203393e+01
      vertex   6.645000e+01 3.050000e+01 1.245929e+01
    endloop
  endfacet
  facet normal -5.299193e-01 -0.000000e+00 -8.480481e-01
    outer loop
      vertex   6.645000e+01 3.050000e+01 1.245929e+01
      vertex   6.713072e+01 2.750000e+01 1.203393e+01
      vertex   6.645000e+01 2.750000e+01 1.245929e+01
    endloop
  endfacet
  facet normal -4.694716e-01 -0.000000e+00 -8.829476e-01
    outer loop
      vertex   6.645000e+01 3.050000e+01 1.245929e+01
      vertex   6.645000e+01 2.750000e+01 1.245929e+01
      vertex   6.574127e+01 3.050000e+01 1.283613e+01
    endloop
  endfacet
  facet normal -4.694716e-01 1.045620e-15 -8.829476e-01
    outer loop
      vertex   6.574127e+01 3.050000e+01 1.283613e+01
      vertex   6.645000e+01 2.750000e+01 1.245929e+01
      vertex   6.574127e+01 2.750000e+01 1.283613e+01
    endloop
  endfacet
  facet normal -4.067366e-01 1.081855e-15 -9.135455e-01
    outer loop
      vertex   6.574127e+01 3.050000e+01 1.283613e+01
      vertex   6.574127e+01 2.750000e+01 1.283613e+01
      vertex   6.500798e+01 3.050000e+01 1.316261e+01
    endloop
  endfacet
  facet normal -4.067366e-01 -0.000000e+00 -9.135455e-01
    outer loop
      vertex   6.500798e+01 3.050000e+01 1.316261e+01
      vertex   6.574127e+01 2.750000e+01 1.283613e+01
      vertex   6.500798e+01 2.750000e+01 1.316261e+01
    endloop
  endfacet
  facet normal -3.420201e-01 -0.000000e+00 -9.396926e-01
    outer loop
      vertex   6.500798e+01 3.050000e+01 1.316261e+01
      vertex   6.500798e+01 2.750000e+01 1.316261e+01
      vertex   6.425370e+01 3.050000e+01 1.343715e+01
    endloop
  endfacet
  facet normal -3.420201e-01 -0.000000e+00 -9.396926e-01
    outer loop
      vertex   6.425370e+01 3.050000e+01 1.343715e+01
      vertex   6.500798e+01 2.750000e+01 1.316261e+01
      vertex   6.425370e+01 2.750000e+01 1.343715e+01
    endloop
  endfacet
  facet normal -2.756374e-01 -0.000000e+00 -9.612617e-01
    outer loop
      vertex   6.425370e+01 3.050000e+01 1.343715e+01
      vertex   6.425370e+01 2.750000e+01 1.343715e+01
      vertex   6.348210e+01 3.050000e+01 1.365840e+01
    endloop
  endfacet
  facet normal -2.756374e-01 -1.305681e-15 -9.612617e-01
    outer loop
      vertex   6.348210e+01 3.050000e+01 1.365840e+01
      vertex   6.425370e+01 2.750000e+01 1.343715e+01
      vertex   6.348210e+01 2.750000e+01 1.365840e+01
    endloop
  endfacet
  facet normal -2.079117e-01 -9.848676e-16 -9.781476e-01
    outer loop
      vertex   6.348210e+01 3.050000e+01 1.365840e+01
      vertex   6.348210e+01 2.750000e+01 1.365840e+01
      vertex   6.269695e+01 3.050000e+01 1.382529e+01
    endloop
  endfacet
  facet normal -2.079117e-01 -0.000000e+00 -9.781476e-01
    outer loop
      vertex   6.269695e+01 3.050000e+01 1.382529e+01
      vertex   6.348210e+01 2.750000e+01 1.365840e+01
      vertex   6.269695e+01 2.750000e+01 1.382529e+01
    endloop
  endfacet
  facet normal -1.391731e-01 -0.000000e+00 -9.902681e-01
    outer loop
      vertex   6.269695e+01 3.050000e+01 1.382529e+01
      vertex   6.269695e+01 2.750000e+01 1.382529e+01
      vertex   6.190208e+01 3.050000e+01 1.393700e+01
    endloop
  endfacet
  facet normal -1.391731e-01 -0.000000e+00 -9.902681e-01
    outer loop
      vertex   6.190208e+01 3.050000e+01 1.393700e+01
      vertex   6.269695e+01 2.750000e+01 1.382529e+01
      vertex   6.190208e+01 2.750000e+01 1.393700e+01
    endloop
  endfacet
  facet normal -6.975647e-02 -0.000000e+00 -9.975641e-01
    outer loop
      vertex   6.190208e+01 3.050000e+01 1.393700e+01
      vertex   6.190208e+01 2.750000e+01 1.393700e+01
      vertex   6.110134e+01 3.050000e+01 1.399299e+01
    endloop
  endfacet
  facet normal -6.975647e-02 -0.000000e+00 -9.975641e-01
    outer loop
      vertex   6.110134e+01 3.050000e+01 1.399299e+01
      vertex   6.190208e+01 2.750000e+01 1.393700e+01
      vertex   6.110134e+01 2.750000e+01 1.399299e+01
    endloop
  endfacet
  facet normal -0.000000e+00 -0.000000e+00 -1.000000e+00
    outer loop
      vertex   6.110134e+01 3.050000e+01 1.399299e+01
      vertex   6.110134e+01 2.750000e+01 1.399299e+01
      vertex   6.029866e+01 3.050000e+01 1.399299e+01
    endloop
  endfacet
  facet normal 0.000000e+00 0.000000e+00 -1.000000e+00
    outer loop
      vertex   6.029866e+01 3.050000e+01 1.399299e+01
      vertex   6.110134e+01 2.750000e+01 1.399299e+01
      vertex   6.029866e+01 2.750000e+01 1.399299e+01
    endloop
  endfacet
  facet normal 6.975647e-02 0.000000e+00 -9.975641e-01
    outer loop
      vertex   6.029866e+01 3.050000e+01 1.399299e+01
      vertex   6.029866e+01 2.750000e+01 1.399299e+01
      vertex   5.949792e+01 3.050000e+01 1.393700e+01
    endloop
  endfacet
  facet normal 6.975647e-02 0.000000e+00 -9.975641e-01
    outer loop
      vertex   5.949792e+01 3.050000e+01 1.393700e+01
      vertex   6.029866e+01 2.750000e+01 1.399299e+01
      vertex   5.949792e+01 2.750000e+01 1.393700e+01
    endloop
  endfacet
  facet normal 1.391731e-01 0.000000e+00 -9.902681e-01
    outer loop
      vertex   5.949792e+01 3.050000e+01 1.393700e+01
      vertex   5.949792e+01 2.750000e+01 1.393700e+01
      vertex   5.870305e+01 3.050000e+01 1.382529e+01
    endloop
  endfacet
  facet normal 1.391731e-01 0.000000e+00 -9.902681e-01
    outer loop
      vertex   5.870305e+01 3.050000e+01 1.382529e+01
      vertex   5.949792e+01 2.750000e+01 1.393700e+01
      vertex   5.870305e+01 2.750000e+01 1.382529e+01
    endloop
  endfacet
  facet normal 2.079117e-01 0.000000e+00 -9.781476e-01
    outer loop
      vertex   5.870305e+01 3.050000e+01 1.382529e+01
      vertex   5.870305e+01 2.750000e+01 1.382529e+01
      vertex   5.791790e+01 3.050000e+01 1.365840e+01
    endloop
  endfacet
  facet normal 2.079117e-01 9.848676e-16 -9.781476e-01
    outer loop
      vertex   5.791790e+01 3.050000e+01 1.365840e+01
      vertex   5.870305e+01 2.750000e+01 1.382529e+01
      vertex   5.791790e+01 2.750000e+01 1.365840e+01
    endloop
  endfacet
  facet normal 2.756374e-01 1.305681e-15 -9.612617e-01
    outer loop
      vertex   5.791790e+01 3.050000e+01 1.365840e+01
      vertex   5.791790e+01 2.750000e+01 1.365840e+01
      vertex   5.714630e+01 3.050000e+01 1.343715e+01
    endloop
  endfacet
  facet normal 2.756374e-01 0.000000e+00 -9.612617e-01
    outer loop
      vertex   5.714630e+01 3.050000e+01 1.343715e+01
      vertex   5.791790e+01 2.750000e+01 1.365840e+01
      vertex   5.714630e+01 2.750000e+01 1.343715e+01
    endloop
  endfacet
  facet normal 3.420201e-01 0.000000e+00 -9.396926e-01
    outer loop
      vertex   5.714630e+01 3.050000e+01 1.343715e+01
      vertex   5.714630e+01 2.750000e+01 1.343715e+01
      vertex   5.639202e+01 3.050000e+01 1.316261e+01
    endloop
  endfacet
  facet normal 3.420201e-01 8.100664e-16 -9.396926e-01
    outer loop
      vertex   5.639202e+01 3.050000e+01 1.316261e+01
      vertex   5.714630e+01 2.750000e+01 1.343715e+01
      vertex   5.639202e+01 2.750000e+01 1.316261e+01
    endloop
  endfacet
  facet normal 4.067366e-01 9.633459e-16 -9.135455e-01
    outer loop
      vertex   5.639202e+01 3.050000e+01 1.316261e+01
      vertex   5.639202e+01 2.750000e+01 1.316261e+01
      vertex   5.565873e+01 3.050000e+01 1.283613e+01
    endloop
  endfacet
  facet normal 4.067366e-01 -1.081855e-15 -9.135455e-01
    outer loop
      vertex   5.565873e+01 3.050000e+01 1.283613e+01
      vertex   5.639202e+01 2.750000e+01 1.316261e+01
      vertex   5.565873e+01 2.750000e+01 1.283613e+01
    endloop
  endfacet
  facet normal 4.694716e-01 -1.045620e-15 -8.829476e-01
    outer loop
      vertex   5.565873e+01 3.050000e+01 1.283613e+01
      vertex   5.565873e+01 2.750000e+01 1.283613e+01
      vertex   5.495000e+01 3.050000e+01 1.245929e+01
    endloop
  endfacet
  facet normal 4.694716e-01 0.000000e+00 -8.829476e-01
    outer loop
      vertex   5.495000e+01 3.050000e+01 1.245929e+01
      vertex   5.565873e+01 2.750000e+01 1.283613e+01
      vertex   5.495000e+01 2.750000e+01 1.245929e+01
    endloop
  endfacet
  facet normal 5.299193e-01 0.000000e+00 -8.480481e-01
    outer loop
      vertex   5.495000e+01 3.050000e+01 1.245929e+01
      vertex   5.495000e+01 2.750000e+01 1.245929e+01
      vertex   5.426928e+01 3.050000e+01 1.203393e+01
    endloop
  endfacet
  facet normal 5.299193e-01 0.000000e+00 -8.480481e-01
    outer loop
      vertex   5.426928e+01 3.050000e+01 1.203393e+01
      vertex   5.495000e+01 2.750000e+01 1.245929e+01
      vertex   5.426928e+01 2.750000e+01 1.203393e+01
    endloop
  endfacet
  facet normal 5.877853e-01 0.000000e+00 -8.090170e-01
    outer loop
      vertex   5.426928e+01 3.050000e+01 1.203393e+01
      vertex   5.426928e+01 2.750000e+01 1.203393e+01
      vertex   5.361989e+01 3.050000e+01 1.156212e+01
    endloop
  endfacet
  facet normal 5.877853e-01 -4.790343e-16 -8.090170e-01
    outer loop
      vertex   5.361989e+01 3.050000e+01 1.156212e+01
      vertex   5.426928e+01 2.750000e+01 1.203393e+01
      vertex   5.361989e+01 2.750000e+01 1.156212e+01
    endloop
  endfacet
  facet normal 6.427876e-01 -4.535894e-16 -7.660444e-01
    outer loop
      vertex   5.361989e+01 3.050000e+01 1.156212e+01
      vertex   5.361989e+01 2.750000e+01 1.156212e+01
      vertex   5.300500e+01 3.050000e+01 1.104617e+01
    endloop
  endfacet
  facet normal 6.427876e-01 1.068837e-15 -7.660444e-01
    outer loop
      vertex   5.300500e+01 3.050000e+01 1.104617e+01
      vertex   5.361989e+01 2.750000e+01 1.156212e+01
      vertex   5.300500e+01 2.750000e+01 1.104617e+01
    endloop
  endfacet
  facet normal 6.946584e-01 1.219347e-15 -7.193398e-01
    outer loop
      vertex   5.300500e+01 3.050000e+01 1.104617e+01
      vertex   5.300500e+01 2.750000e+01 1.104617e+01
      vertex   5.242759e+01 3.050000e+01 1.048857e+01
    endloop
  endfacet
  facet normal 6.946584e-01 -8.518694e-16 -7.193398e-01
    outer loop
      vertex   5.242759e+01 3.050000e+01 1.048857e+01
      vertex   5.300500e+01 2.750000e+01 1.104617e+01
      vertex   5.242759e+01 2.750000e+01 1.048857e+01
    endloop
  endfacet
  facet normal 7.431448e-01 -7.924098e-16 -6.691306e-01
    outer loop
      vertex   5.242759e+01 3.050000e+01 1.048857e+01
      vertex   5.242759e+01 2.750000e+01 1.048857e+01
      vertex   5.189049e+01 3.050000e+01 9.892057e+00
    endloop
  endfacet
  facet normal 7.431448e-01 7.924098e-16 -6.691306e-01
    outer loop
      vertex   5.189049e+01 3.050000e+01 9.892057e+00
      vertex   5.242759e+01 2.750000e+01 1.048857e+01
      vertex   5.189049e+01 2.750000e+01 9.892057e+00
    endloop
  endfacet
  facet normal 7.880108e-01 7.290896e-16 -6.156615e-01
    outer loop
      vertex   5.189049e+01 3.050000e+01 9.892057e+00
      vertex   5.189049e+01 2.750000e+01 9.892057e+00
      vertex   5.139630e+01 3.050000e+01 9.259530e+00
    endloop
  endfacet
  facet normal 7.880108e-01 0.000000e+00 -6.156615e-01
    outer loop
      vertex   5.139630e+01 3.050000e+01 9.259530e+00
      vertex   5.189049e+01 2.750000e+01 9.892057e+00
      vertex   5.139630e+01 2.750000e+01 9.259530e+00
    endloop
  endfacet
  facet normal 8.290376e-01 0.000000e+00 -5.591929e-01
    outer loop
      vertex   5.139630e+01 3.050000e+01 9.259530e+00
      vertex   5.139630e+01 2.750000e+01 9.259530e+00
      vertex   5.094745e+01 3.050000e+01 8.594071e+00
    endloop
  endfacet
  facet normal 8.290376e-01 3.311087e-16 -5.591929e-01
    outer loop
      vertex   5.094745e+01 3.050000e+01 8.594071e+00
      vertex   5.139630e+01 2.750000e+01 9.259530e+00
      vertex   5.094745e+01 2.750000e+01 8.594071e+00
    endloop
  endfacet
  facet normal 8.660254e-01 2.960595e-16 -5.000000e-01
    outer loop
      vertex   5.094745e+01 3.050000e+01 8.594071e+00
      vertex   5.094745e+01 2.750000e+01 8.594071e+00
      vertex   5.054610e+01 3.050000e+01 7.898923e+00
    endloop
  endfacet
  facet normal 8.660254e-01 -2.960595e-16 -5.000000e-01
    outer loop
      vertex   5.054610e+01 3.050000e+01 7.898923e+00
      vertex   5.094745e+01 2.750000e+01 8.594071e+00
      vertex   5.054610e+01 2.750000e+01 7.898923e+00
    endloop
  endfacet
  facet normal 8.987940e-01 -2.595679e-16 -4.383711e-01
    outer loop
      vertex   5.054610e+01 3.050000e+01 7.898923e+00
      vertex   5.054610e+01 2.750000e+01 7.898923e+00
      vertex   5.019423e+01 3.050000e+01 7.177471e+00
    endloop
  endfacet
  facet normal 8.987940e-01 0.000000e+00 -4.383711e-01
    outer loop
      vertex   5.019423e+01 3.050000e+01 7.177471e+00
      vertex   5.054610e+01 2.750000e+01 7.898923e+00
      vertex   5.019423e+01 2.750000e+01 7.177471e+00
    endloop
  endfacet
  facet normal 9.271839e-01 0.000000e+00 -3.746066e-01
    outer loop
      vertex   5.019423e+01 3.050000e+01 7.177471e+00
      vertex   5.019423e+01 2.750000e+01 7.177471e+00
      vertex   4.989353e+01 3.050000e+01 6.433232e+00
    endloop
  endfacet
  facet normal 9.271839e-01 0.000000e+00 -3.746066e-01
    outer loop
      vertex   4.989353e+01 3.050000e+01 6.433232e+00
      vertex   5.019423e+01 2.750000e+01 7.177471e+00
      vertex   4.989353e+01 2.750000e+01 6.433232e+00
    endloop
  endfacet
  facet normal 9.510565e-01 0.000000e+00 -3.090170e-01
    outer loop
      vertex   4.989353e+01 3.050000e+01 6.433232e+00
      vertex   4.989353e+01 2.750000e+01 6.433232e+00
      vertex   4.964549e+01 3.050000e+01 5.669830e+00
    endloop
  endfacet
  facet normal 9.510565e-01 0.000000e+00 -3.090170e-01
    outer loop
      vertex   4.964549e+01 3.050000e+01 5.669830e+00
      vertex   4.989353e+01 2.750000e+01 6.433232e+00
      vertex   4.964549e+01 2.750000e+01 5.669830e+00
    endloop
  endfacet
  facet normal 9.702957e-01 0.000000e+00 -2.419219e-01
    outer loop
      vertex   4.964549e+01 3.050000e+01 5.669830e+00
      vertex   4.964549e+01 2.750000e+01 5.669830e+00
      vertex   4.945130e+01 3.050000e+01 4.890984e+00
    endloop
  endfacet
  facet normal 9.702957e-01 -2.148698e-16 -2.419219e-01
    outer loop
      vertex   4.945130e+01 3.050000e+01 4.890984e+00
      vertex   4.964549e+01 2.750000e+01 5.669830e+00
      vertex   4.945130e+01 2.750000e+01 4.890984e+00
    endloop
  endfacet
  facet normal 9.848078e-01 -1.542306e-16 -1.736482e-01
    outer loop
      vertex   4.945130e+01 3.050000e+01 4.890984e+00
      vertex   4.945130e+01 2.750000e+01 4.890984e+00
      vertex   4.931192e+01 3.050000e+01 4.100491e+00
    endloop
  endfacet
  facet normal 9.848078e-01 -1.028204e-16 -1.736482e-01
    outer loop
      vertex   4.931192e+01 3.050000e+01 4.100491e+00
      vertex   4.945130e+01 2.750000e+01 4.890984e+00
      vertex   4.931192e+01 2.750000e+01 4.100491e+00
    endloop
  endfacet
  facet normal 9.945219e-01 -6.189328e-17 -1.045285e-01
    outer loop
      vertex   4.931192e+01 3.050000e+01 4.100491e+00
      vertex   4.931192e+01 2.750000e+01 4.100491e+00
      vertex   4.922801e+01 3.050000e+01 3.302199e+00
    endloop
  endfacet
  facet normal 9.945219e-01 0.000000e+00 -1.045285e-01
    outer loop
      vertex   4.922801e+01 3.050000e+01 3.302199e+00
      vertex   4.931192e+01 2.750000e+01 4.100491e+00
      vertex   4.922801e+01 2.750000e+01 3.302199e+00
    endloop
  endfacet
  facet normal 9.993908e-01 0.000000e+00 -3.489950e-02
    outer loop
      vertex   4.922801e+01 3.050000e+01 3.302199e+00
      vertex   4.922801e+01 2.750000e+01 3.302199e+00
      vertex   4.920000e+01 3.050000e+01 2.500000e+00
    endloop
  endfacet
  facet normal 9.993908e-01 5.166163e-18 -3.489950e-02
    outer loop
      vertex   4.920000e+01 3.050000e+01 2.500000e+00
      vertex   4.922801e+01 2.750000e+01 3.302199e+00
      vertex   4.920000e+01 2.750000e+01 2.500000e+00
    endloop
  endfacet
  facet normal 0.000000e+00 9.999975e-01 -2.230037e-03
    outer loop
      vertex   7.315994e+01 3.150000e+01 3.500000e+00
      vertex   1.270000e+02 3.150000e+01 3.500000e+00
      vertex   7.315582e+01 3.149999e+01 3.495540e+00
    endloop
  endfacet
  facet normal 7.121563e-06 9.961031e-01 -8.819653e-02
    outer loop
      vertex   7.315582e+01 3.149999e+01 3.495540e+00
      vertex   1.270000e+02 3.150000e+01 3.500000e+00
      vertex   1.014267e+02 3.148481e+01 3.326352e+00
    endloop
  endfacet
  facet normal -2.943615e-20 9.959979e-01 -8.937708e-02
    outer loop
      vertex   7.315582e+01 3.149999e+01 3.495540e+00
      vertex   1.014267e+02 3.148481e+01 3.326352e+00
      vertex   9.777333e+01 3.148481e+01 3.326352e+00
    endloop
  endfacet
  facet normal 0.000000e+00 9.659258e-01 -2.588190e-01
    outer loop
      vertex   9.777333e+01 3.148481e+01 3.326352e+00
      vertex   1.014267e+02 3.148481e+01 3.326352e+00
      vertex   9.777333e+01 3.143969e+01 3.157980e+00
    endloop
  endfacet
  facet normal -5.699830e-19 9.659258e-01 -2.588190e-01
    outer loop
      vertex   9.777333e+01 3.148481e+01 3.326352e+00
      vertex   9.777333e+01 3.143969e+01 3.157980e+00
      vertex   9.412000e+01 3.143969e+01 3.157980e+00
    endloop
  endfacet
  facet normal 0.000000e+00 9.063078e-01 -4.226183e-01
    outer loop
      vertex   9.412000e+01 3.143969e+01 3.157980e+00
      vertex   9.777333e+01 3.143969e+01 3.157980e+00
      vertex   9.412000e+01 3.136603e+01 3.000000e+00
    endloop
  endfacet
  facet normal 1.032861e-18 9.063078e-01 -4.226183e-01
    outer loop
      vertex   9.412000e+01 3.143969e+01 3.157980e+00
      vertex   9.412000e+01 3.136603e+01 3.000000e+00
      vertex   9.046667e+01 3.136603e+01 3.000000e+00
    endloop
  endfacet
  facet normal 0.000000e+00 8.191520e-01 -5.735764e-01
    outer loop
      vertex   9.046667e+01 3.136603e+01 3.000000e+00
      vertex   9.412000e+01 3.136603e+01 3.000000e+00
      vertex   9.046667e+01 3.126604e+01 2.857212e+00
    endloop
  endfacet
  facet normal -3.933386e-19 8.191520e-01 -5.735764e-01
    outer loop
      vertex   9.046667e+01 3.136603e+01 3.000000e+00
      vertex   9.046667e+01 3.126604e+01 2.857212e+00
      vertex   8.681333e+01 3.126604e+01 2.857212e+00
    endloop
  endfacet
  facet normal 0.000000e+00 7.071068e-01 -7.071068e-01
    outer loop
      vertex   8.681333e+01 3.126604e+01 2.857212e+00
      vertex   9.046667e+01 3.126604e+01 2.857212e+00
      vertex   8.681333e+01 3.114279e+01 2.733955e+00
    endloop
  endfacet
  facet normal -2.970782e-19 7.071068e-01 -7.071068e-01
    outer loop
      vertex   8.681333e+01 3.126604e+01 2.857212e+00
      vertex   8.681333e+01 3.114279e+01 2.733955e+00
      vertex   8.316000e+01 3.114279e+01 2.733955e+00
    endloop
  endfacet
  facet normal 0.000000e+00 5.735764e-01 -8.191520e-01
    outer loop
      vertex   8.316000e+01 3.114279e+01 2.733955e+00
      vertex   8.681333e+01 3.114279e+01 2.733955e+00
      vertex   8.316000e+01 3.100000e+01 2.633975e+00
    endloop
  endfacet
  facet normal -9.917623e-17 5.735764e-01 -8.191520e-01
    outer loop
      vertex   8.316000e+01 3.114279e+01 2.733955e+00
      vertex   8.316000e+01 3.100000e+01 2.633975e+00
      vertex   7.950667e+01 3.100000e+01 2.633975e+00
    endloop
  endfacet
  facet normal -1.101683e-16 4.226183e-01 -9.063078e-01
    outer loop
      vertex   7.950667e+01 3.100000e+01 2.633975e+00
      vertex   8.316000e+01 3.100000e+01 2.633975e+00
      vertex   7.950667e+01 3.084202e+01 2.560307e+00
    endloop
  endfacet
  facet normal 9.071600e-19 4.226183e-01 -9.063078e-01
    outer loop
      vertex   7.950667e+01 3.100000e+01 2.633975e+00
      vertex   7.950667e+01 3.084202e+01 2.560307e+00
      vertex   7.585333e+01 3.084202e+01 2.560307e+00
    endloop
  endfacet
  facet normal 0.000000e+00 2.588190e-01 -9.659258e-01
    outer loop
      vertex   7.585333e+01 3.084202e+01 2.560307e+00
      vertex   7.950667e+01 3.084202e+01 2.560307e+00
      vertex   7.585333e+01 3.067365e+01 2.515192e+00
    endloop
  endfacet
  facet normal 9.084054e-04 2.588189e-01 -9.659254e-01
    outer loop
      vertex   7.585333e+01 3.084202e+01 2.560307e+00
      vertex   7.585333e+01 3.067365e+01 2.515192e+00
      vertex   7.222626e+01 3.072781e+01 2.526294e+00
    endloop
  endfacet
  facet normal -4.461355e-04 1.720381e-01 -9.850902e-01
    outer loop
      vertex   7.222626e+01 3.072781e+01 2.526294e+00
      vertex   7.585333e+01 3.067365e+01 2.515192e+00
      vertex   7.220669e+01 3.061552e+01 2.506692e+00
    endloop
  endfacet
  facet normal 1.406448e-03 5.775271e-02 -9.983299e-01
    outer loop
      vertex   7.220669e+01 3.061552e+01 2.506692e+00
      vertex   7.585333e+01 3.067365e+01 2.515192e+00
      vertex   7.220000e+01 3.050000e+01 2.500000e+00
    endloop
  endfacet
  facet normal -2.716849e-19 8.715574e-02 -9.961947e-01
    outer loop
      vertex   7.220000e+01 3.050000e+01 2.500000e+00
      vertex   7.585333e+01 3.067365e+01 2.515192e+00
      vertex   7.950667e+01 3.067365e+01 2.515192e+00
    endloop
  endfacet
  facet normal -2.716849e-19 8.715574e-02 -9.961947e-01
    outer loop
      vertex   7.220000e+01 3.050000e+01 2.500000e+00
      vertex   7.950667e+01 3.067365e+01 2.515192e+00
      vertex   8.316000e+01 3.067365e+01 2.515192e+00
    endloop
  endfacet
  facet normal 0.000000e+00 2.588190e-01 -9.659258e-01
    outer loop
      vertex   8.316000e+01 3.067365e+01 2.515192e+00
      vertex   7.950667e+01 3.067365e+01 2.515192e+00
      vertex   8.316000e+01 3.084202e+01 2.560307e+00
    endloop
  endfacet
  facet normal -5.789438e-19 2.588190e-01 -9.659258e-01
    outer loop
      vertex   8.316000e+01 3.067365e+01 2.515192e+00
      vertex   8.316000e+01 3.084202e+01 2.560307e+00
      vertex   8.681333e+01 3.084202e+01 2.560307e+00
    endloop
  endfacet
  facet normal 0.000000e+00 4.226183e-01 -9.063078e-01
    outer loop
      vertex   8.681333e+01 3.084202e+01 2.560307e+00
      vertex   8.316000e+01 3.084202e+01 2.560307e+00
      vertex   8.681333e+01 3.100000e+01 2.633975e+00
    endloop
  endfacet
  facet normal -2.991669e-19 4.226183e-01 -9.063078e-01
    outer loop
      vertex   8.681333e+01 3.084202e+01 2.560307e+00
      vertex   8.681333e+01 3.100000e+01 2.633975e+00
      vertex   9.046667e+01 3.100000e+01 2.633975e+00
    endloop
  endfacet
  facet normal 0.000000e+00 5.735764e-01 -8.191520e-01
    outer loop
      vertex   9.046667e+01 3.100000e+01 2.633975e+00
      vertex   8.681333e+01 3.100000e+01 2.633975e+00
      vertex   9.046667e+01 3.114279e+01 2.733955e+00
    endloop
  endfacet
  facet normal 3.976574e-19 5.735764e-01 -8.191520e-01
    outer loop
      vertex   9.046667e+01 3.100000e+01 2.633975e+00
      vertex   9.046667e+01 3.114279e+01 2.733955e+00
      vertex   9.412000e+01 3.114279e+01 2.733955e+00
    endloop
  endfacet
  facet normal 0.000000e+00 7.071068e-01 -7.071068e-01
    outer loop
      vertex   9.412000e+01 3.114279e+01 2.733955e+00
      vertex   9.046667e+01 3.114279e+01 2.733955e+00
      vertex   9.412000e+01 3.126604e+01 2.857212e+00
    endloop
  endfacet
  facet normal -2.970782e-19 7.071068e-01 -7.071068e-01
    outer loop
      vertex   9.412000e+01 3.114279e+01 2.733955e+00
      vertex   9.412000e+01 3.126604e+01 2.857212e+00
      vertex   9.777333e+01 3.126604e+01 2.857212e+00
    endloop
  endfacet
  facet normal 0.000000e+00 8.191520e-01 -5.735764e-01
    outer loop
      vertex   9.777333e+01 3.126604e+01 2.857212e+00
      vertex   9.412000e+01 3.126604e+01 2.857212e+00
      vertex   9.777333e+01 3.136603e+01 3.000000e+00
    endloop
  endfacet
  facet normal -3.933386e-19 8.191520e-01 -5.735764e-01
    outer loop
      vertex   9.777333e+01 3.126604e+01 2.857212e+00
      vertex   9.777333e+01 3.136603e+01 3.000000e+00
      vertex   1.014267e+02 3.136603e+01 3.000000e+00
    endloop
  endfacet
  facet normal 0.000000e+00 9.063078e-01 -4.226183e-01
    outer loop
      vertex   1.014267e+02 3.136603e+01 3.000000e+00
      vertex   9.777333e+01 3.136603e+01 3.000000e+00
      vertex   1.014267e+02 3.143969e+01 3.157980e+00
    endloop
  endfacet
  facet normal 1.032861e-18 9.063078e-01 -4.226183e-01
    outer loop
      vertex   1.014267e+02 3.136603e+01 3.000000e+00
      vertex   1.014267e+02 3.143969e+01 3.157980e+00
      vertex   1.050800e+02 3.143969e+01 3.157980e+00
    endloop
  endfacet
  facet normal 0.000000e+00 9.659258e-01 -2.588190e-01
    outer loop
      vertex   1.050800e+02 3.143969e+01 3.157980e+00
      vertex   1.014267e+02 3.143969e+01 3.157980e+00
      vertex   1.050800e+02 3.148481e+01 3.326352e+00
    endloop
  endfacet
  facet normal -5.699830e-19 9.659258e-01 -2.588190e-01
    outer loop
      vertex   1.050800e+02 3.143969e+01 3.157980e+00
      vertex   1.050800e+02 3.148481e+01 3.326352e+00
      vertex   1.087333e+02 3.148481e+01 3.326352e+00
    endloop
  endfacet
  facet normal 0.000000e+00 9.961947e-01 -8.715574e-02
    outer loop
      vertex   1.087333e+02 3.148481e+01 3.326352e+00
      vertex   1.050800e+02 3.148481e+01 3.326352e+00
      vertex   1.270000e+02 3.150000e+01 3.500000e+00
    endloop
  endfacet
  facet normal 0.000000e+00 9.961947e-01 -8.715574e-02
    outer loop
      vertex   1.087333e+02 3.148481e+01 3.326352e+00
      vertex   1.270000e+02 3.150000e+01 3.500000e+00
      vertex   1.123867e+02 3.148481e+01 3.326352e+00
    endloop
  endfacet
  facet normal 0.000000e+00 9.961947e-01 -8.715574e-02
    outer loop
      vertex   1.123867e+02 3.148481e+01 3.326352e+00
      vertex   1.270000e+02 3.150000e+01 3.500000e+00
      vertex   1.160400e+02 3.148481e+01 3.326352e+00
    endloop
  endfacet
  facet normal 0.000000e+00 9.659258e-01 -2.588190e-01
    outer loop
      vertex   1.123867e+02 3.148481e+01 3.326352e+00
      vertex   1.160400e+02 3.148481e+01 3.326352e+00
      vertex   1.123867e+02 3.143969e+01 3.157980e+00
    endloop
  endfacet
  facet normal 0.000000e+00 9.659258e-01 -2.588190e-01
    outer loop
      vertex   1.123867e+02 3.143969e+01 3.157980e+00
      vertex   1.160400e+02 3.148481e+01 3.326352e+00
      vertex   1.160400e+02 3.143969e+01 3.157980e+00
    endloop
  endfacet
  facet normal 0.000000e+00 9.063078e-01 -4.226183e-01
    outer loop
      vertex   1.123867e+02 3.143969e+01 3.157980e+00
      vertex   1.160400e+02 3.143969e+01 3.157980e+00
      vertex   1.123867e+02 3.136603e+01 3.000000e+00
    endloop
  endfacet
  facet normal 0.000000e+00 9.063078e-01 -4.226183e-01
    outer loop
      vertex   1.123867e+02 3.136603e+01 3.000000e+00
      vertex   1.160400e+02 3.143969e+01 3.157980e+00
      vertex   1.160400e+02 3.136603e+01 3.000000e+00
    endloop
  endfacet
  facet normal 0.000000e+00 8.191520e-01 -5.735764e-01
    outer loop
      vertex   1.123867e+02 3.136603e+01 3.000000e+00
      vertex   1.160400e+02 3.136603e+01 3.000000e+00
      vertex   1.123867e+02 3.126604e+01 2.857212e+00
    endloop
  endfacet
  facet normal 0.000000e+00 8.191520e-01 -5.735764e-01
    outer loop
      vertex   1.123867e+02 3.126604e+01 2.857212e+00
      vertex   1.160400e+02 3.136603e+01 3.000000e+00
      vertex   1.160400e+02 3.126604e+01 2.857212e+00
    endloop
  endfacet
  facet normal 0.000000e+00 7.071068e-01 -7.071068e-01
    outer loop
      vertex   1.123867e+02 3.126604e+01 2.857212e+00
      vertex   1.160400e+02 3.126604e+01 2.857212e+00
      vertex   1.123867e+02 3.114279e+01 2.733955e+00
    endloop
  endfacet
  facet normal 0.000000e+00 7.071068e-01 -7.071068e-01
    outer loop
      vertex   1.123867e+02 3.114279e+01 2.733955e+00
      vertex   1.160400e+02 3.126604e+01 2.857212e+00
      vertex   1.160400e+02 3.114279e+01 2.733955e+00
    endloop
  endfacet
  facet normal 0.000000e+00 5.735764e-01 -8.191520e-01
    outer loop
      vertex   1.123867e+02 3.114279e+01 2.733955e+00
      vertex   1.160400e+02 3.114279e+01 2.733955e+00
      vertex   1.123867e+02 3.100000e+01 2.633975e+00
    endloop
  endfacet
  facet normal 0.000000e+00 5.735764e-01 -8.191520e-01
    outer loop
      vertex   1.123867e+02 3.100000e+01 2.633975e+00
      vertex   1.160400e+02 3.114279e+01 2.733955e+00
      vertex   1.160400e+02 3.100000e+01 2.633975e+00
    endloop
  endfacet
  facet normal 0.000000e+00 4.226183e-01 -9.063078e-01
    outer loop
      vertex   1.123867e+02 3.100000e+01 2.633975e+00
      vertex   1.160400e+02 3.100000e+01 2.633975e+00
      vertex   1.123867e+02 3.084202e+01 2.560307e+00
    endloop
  endfacet
  facet normal 0.000000e+00 4.226183e-01 -9.063078e-01
    outer loop
      vertex   1.123867e+02 3.084202e+01 2.560307e+00
      vertex   1.160400e+02 3.100000e+01 2.633975e+00
      vertex   1.160400e+02 3.084202e+01 2.560307e+00
    endloop
  endfacet
  facet normal 0.000000e+00 2.588190e-01 -9.659258e-01
    outer loop
      vertex   1.123867e+02 3.084202e+01 2.560307e+00
      vertex   1.160400e+02 3.084202e+01 2.560307e+00
      vertex   1.123867e+02 3.067365e+01 2.515192e+00
    endloop
  endfacet
  facet normal 0.000000e+00 2.588190e-01 -9.659258e-01
    outer loop
      vertex   1.123867e+02 3.067365e+01 2.515192e+00
      vertex   1.160400e+02 3.084202e+01 2.560307e+00
      vertex   1.160400e+02 3.067365e+01 2.515192e+00
    endloop
  endfacet
  facet normal 0.000000e+00 8.715553e-02 -9.961947e-01
    outer loop
      vertex   1.123867e+02 3.067365e+01 2.515192e+00
      vertex   1.160400e+02 3.067365e+01 2.515192e+00
      vertex   1.270000e+02 3.050000e+01 2.500000e+00
    endloop
  endfacet
  facet normal -1.283664e-19 8.715553e-02 -9.961947e-01
    outer loop
      vertex   1.270000e+02 3.050000e+01 2.500000e+00
      vertex   1.160400e+02 3.067365e+01 2.515192e+00
      vertex   1.196933e+02 3.067365e+01 2.515192e+00
    endloop
  endfacet
  facet normal -1.283664e-19 8.715553e-02 -9.961947e-01
    outer loop
      vertex   1.270000e+02 3.050000e+01 2.500000e+00
      vertex   1.196933e+02 3.067365e+01 2.515192e+00
      vertex   1.233467e+02 3.067365e+01 2.515192e+00
    endloop
  endfacet
  facet normal 0.000000e+00 2.588190e-01 -9.659258e-01
    outer loop
      vertex   1.233467e+02 3.067365e+01 2.515192e+00
      vertex   1.196933e+02 3.067365e+01 2.515192e+00
      vertex   1.233467e+02 3.084202e+01 2.560307e+00
    endloop
  endfacet
  facet normal 1.168364e-16 2.588190e-01 -9.659258e-01
    outer loop
      vertex   1.233467e+02 3.067365e+01 2.515192e+00
      vertex   1.233467e+02 3.084202e+01 2.560307e+00
      vertex   1.270000e+02 3.084202e+01 2.560307e+00
    endloop
  endfacet
  facet normal 1.101683e-16 4.226183e-01 -9.063078e-01
    outer loop
      vertex   1.270000e+02 3.084202e+01 2.560307e+00
      vertex   1.233467e+02 3.084202e+01 2.560307e+00
      vertex   1.270000e+02 3.100000e+01 2.633975e+00
    endloop
  endfacet
  facet normal 2.203366e-16 4.226183e-01 -9.063078e-01
    outer loop
      vertex   1.270000e+02 3.100000e+01 2.633975e+00
      vertex   1.233467e+02 3.084202e+01 2.560307e+00
      vertex   1.233467e+02 3.100000e+01 2.633975e+00
    endloop
  endfacet
  facet normal 1.991478e-16 5.735764e-01 -8.191520e-01
    outer loop
      vertex   1.270000e+02 3.100000e+01 2.633975e+00
      vertex   1.233467e+02 3.100000e+01 2.633975e+00
      vertex   1.270000e+02 3.114279e+01 2.733955e+00
    endloop
  endfacet
  facet normal -9.957388e-17 5.735764e-01 -8.191520e-01
    outer loop
      vertex   1.270000e+02 3.114279e+01 2.733955e+00
      vertex   1.233467e+02 3.100000e+01 2.633975e+00
      vertex   1.233467e+02 3.114279e+01 2.733955e+00
    endloop
  endfacet
  facet normal -8.595397e-17 7.071068e-01 -7.071068e-01
    outer loop
      vertex   1.270000e+02 3.114279e+01 2.733955e+00
      vertex   1.233467e+02 3.114279e+01 2.733955e+00
      vertex   1.270000e+02 3.126604e+01 2.857212e+00
    endloop
  endfacet
  facet normal 1.719079e-16 7.071068e-01 -7.071068e-01
    outer loop
      vertex   1.270000e+02 3.126604e+01 2.857212e+00
      vertex   1.233467e+02 3.114279e+01 2.733955e+00
      vertex   1.233467e+02 3.126604e+01 2.857212e+00
    endloop
  endfacet
  facet normal 1.394448e-16 8.191520e-01 -5.735764e-01
    outer loop
      vertex   1.270000e+02 3.126604e+01 2.857212e+00
      vertex   1.233467e+02 3.126604e+01 2.857212e+00
      vertex   1.270000e+02 3.136603e+01 3.000000e+00
    endloop
  endfacet
  facet normal 6.972238e-17 8.191520e-01 -5.735764e-01
    outer loop
      vertex   1.270000e+02 3.136603e+01 3.000000e+00
      vertex   1.233467e+02 3.126604e+01 2.857212e+00
      vertex   1.233467e+02 3.136603e+01 3.000000e+00
    endloop
  endfacet
  facet normal 5.137232e-17 9.063078e-01 -4.226183e-01
    outer loop
      vertex   1.270000e+02 3.136603e+01 3.000000e+00
      vertex   1.233467e+02 3.136603e+01 3.000000e+00
      vertex   1.270000e+02 3.143969e+01 3.157980e+00
    endloop
  endfacet
  facet normal 0.000000e+00 9.063078e-01 -4.226183e-01
    outer loop
      vertex   1.270000e+02 3.143969e+01 3.157980e+00
      vertex   1.233467e+02 3.136603e+01 3.000000e+00
      vertex   1.233467e+02 3.143969e+01 3.157980e+00
    endloop
  endfacet
  facet normal 0.000000e+00 9.659258e-01 -2.588190e-01
    outer loop
      vertex   1.270000e+02 3.143969e+01 3.157980e+00
      vertex   1.233467e+02 3.143969e+01 3.157980e+00
      vertex   1.270000e+02 3.148481e+01 3.326352e+00
    endloop
  endfacet
  facet normal 9.707838e-16 9.659258e-01 -2.588190e-01
    outer loop
      vertex   1.270000e+02 3.148481e+01 3.326352e+00
      vertex   1.233467e+02 3.143969e+01 3.157980e+00
      vertex   1.233467e+02 3.148481e+01 3.326352e+00
    endloop
  endfacet
  facet normal 9.793521e-16 9.961947e-01 -8.715574e-02
    outer loop
      vertex   1.270000e+02 3.148481e+01 3.326352e+00
      vertex   1.233467e+02 3.148481e+01 3.326352e+00
      vertex   1.270000e+02 3.150000e+01 3.500000e+00
    endloop
  endfacet
  facet normal -1.486646e-19 9.961947e-01 -8.715574e-02
    outer loop
      vertex   1.270000e+02 3.150000e+01 3.500000e+00
      vertex   1.233467e+02 3.148481e+01 3.326352e+00
      vertex   1.196933e+02 3.148481e+01 3.326352e+00
    endloop
  endfacet
  facet normal -1.486646e-19 9.961947e-01 -8.715574e-02
    outer loop
      vertex   1.270000e+02 3.150000e+01 3.500000e+00
      vertex   1.196933e+02 3.148481e+01 3.326352e+00
      vertex   1.160400e+02 3.148481e+01 3.326352e+00
    endloop
  endfacet
  facet normal 0.000000e+00 9.659258e-01 -2.588190e-01
    outer loop
      vertex   1.160400e+02 3.148481e+01 3.326352e+00
      vertex   1.196933e+02 3.148481e+01 3.326352e+00
      vertex   1.160400e+02 3.143969e+01 3.157980e+00
    endloop
  endfacet
  facet normal -2.977587e-19 2.588190e-01 -9.659258e-01
    outer loop
      vertex   1.270000e+02 3.084202e+01 2.560307e+00
      vertex   1.270000e+02 3.067365e+01 2.515192e+00
      vertex   1.233467e+02 3.067365e+01 2.515192e+00
    endloop
  endfacet
  facet normal 0.000000e+00 8.715553e-02 -9.961947e-01
    outer loop
      vertex   1.233467e+02 3.067365e+01 2.515192e+00
      vertex   1.270000e+02 3.067365e+01 2.515192e+00
      vertex   1.270000e+02 3.050000e+01 2.500000e+00
    endloop
  endfacet
  facet normal 6.772107e-10 8.715563e-02 -9.961947e-01
    outer loop
      vertex   7.220000e+01 3.050000e+01 2.500000e+00
      vertex   1.014267e+02 3.067365e+01 2.515192e+00
      vertex   1.270000e+02 3.050000e+01 2.500000e+00
    endloop
  endfacet
  facet normal -1.283664e-19 8.715553e-02 -9.961947e-01
    outer loop
      vertex   1.270000e+02 3.050000e+01 2.500000e+00
      vertex   1.014267e+02 3.067365e+01 2.515192e+00
      vertex   1.050800e+02 3.067365e+01 2.515192e+00
    endloop
  endfacet
  facet normal -1.283664e-19 8.715553e-02 -9.961947e-01
    outer loop
      vertex   1.270000e+02 3.050000e+01 2.500000e+00
      vertex   1.050800e+02 3.067365e+01 2.515192e+00
      vertex   1.087333e+02 3.067365e+01 2.515192e+00
    endloop
  endfacet
  facet normal 0.000000e+00 2.588190e-01 -9.659258e-01
    outer loop
      vertex   1.087333e+02 3.067365e+01 2.515192e+00
      vertex   1.050800e+02 3.067365e+01 2.515192e+00
      vertex   1.087333e+02 3.084202e+01 2.560307e+00
    endloop
  endfacet
  facet normal -5.789438e-19 2.588190e-01 -9.659258e-01
    outer loop
      vertex   1.087333e+02 3.067365e+01 2.515192e+00
      vertex   1.087333e+02 3.084202e+01 2.560307e+00
      vertex   1.123867e+02 3.084202e+01 2.560307e+00
    endloop
  endfacet
  facet normal 0.000000e+00 4.226183e-01 -9.063078e-01
    outer loop
      vertex   1.123867e+02 3.084202e+01 2.560307e+00
      vertex   1.087333e+02 3.084202e+01 2.560307e+00
      vertex   1.123867e+02 3.100000e+01 2.633975e+00
    endloop
  endfacet
  facet normal 1.171201e-04 2.820087e-01 -9.594118e-01
    outer loop
      vertex   7.222626e+01 3.072781e+01 2.526294e+00
      vertex   7.225778e+01 3.083542e+01 2.557928e+00
      vertex   7.585333e+01 3.084202e+01 2.560307e+00
    endloop
  endfacet
  facet normal -9.856747e-05 3.861586e-01 -9.224324e-01
    outer loop
      vertex   7.585333e+01 3.084202e+01 2.560307e+00
      vertex   7.225778e+01 3.083542e+01 2.557928e+00
      vertex   7.229947e+01 3.093569e+01 2.599900e+00
    endloop
  endfacet
  facet normal 1.042040e-03 4.226180e-01 -9.063073e-01
    outer loop
      vertex   7.585333e+01 3.084202e+01 2.560307e+00
      vertex   7.229947e+01 3.093569e+01 2.599900e+00
      vertex   7.585333e+01 3.100000e+01 2.633975e+00
    endloop
  endfacet
  facet normal -3.369973e-04 4.826638e-01 -8.758057e-01
    outer loop
      vertex   7.585333e+01 3.100000e+01 2.633975e+00
      vertex   7.229947e+01 3.093569e+01 2.599900e+00
      vertex   7.234976e+01 3.102797e+01 2.650739e+00
    endloop
  endfacet
  facet normal 6.229936e-04 5.703108e-01 -8.214287e-01
    outer loop
      vertex   7.585333e+01 3.100000e+01 2.633975e+00
      vertex   7.234976e+01 3.102797e+01 2.650739e+00
      vertex   7.240714e+01 3.111184e+01 2.709010e+00
    endloop
  endfacet
  facet normal 7.785441e-04 5.735763e-01 -8.191518e-01
    outer loop
      vertex   7.585333e+01 3.100000e+01 2.633975e+00
      vertex   7.240714e+01 3.111184e+01 2.709010e+00
      vertex   7.585333e+01 3.114279e+01 2.733955e+00
    endloop
  endfacet
  facet normal -3.429865e-04 6.504335e-01 -7.595631e-01
    outer loop
      vertex   7.585333e+01 3.114279e+01 2.733955e+00
      vertex   7.240714e+01 3.111184e+01 2.709010e+00
      vertex   7.247026e+01 3.118711e+01 2.773441e+00
    endloop
  endfacet
  facet normal 1.011822e-03 7.071064e-01 -7.071064e-01
    outer loop
      vertex   7.585333e+01 3.114279e+01 2.733955e+00
      vertex   7.247026e+01 3.118711e+01 2.773441e+00
      vertex   7.585333e+01 3.126604e+01 2.857212e+00
    endloop
  endfacet
  facet normal 3.273490e-04 7.211917e-01 -6.927354e-01
    outer loop
      vertex   7.585333e+01 3.126604e+01 2.857212e+00
      vertex   7.247026e+01 3.118711e+01 2.773441e+00
      vertex   7.253796e+01 3.125383e+01 2.842930e+00
    endloop
  endfacet
  facet normal -4.736132e-04 8.116425e-01 -5.841543e-01
    outer loop
      vertex   7.585333e+01 3.126604e+01 2.857212e+00
      vertex   7.253796e+01 3.125383e+01 2.842930e+00
      vertex   7.268305e+01 3.136207e+01 2.993197e+00
    endloop
  endfacet
  facet normal 2.075562e-04 8.191520e-01 -5.735764e-01
    outer loop
      vertex   7.585333e+01 3.126604e+01 2.857212e+00
      vertex   7.268305e+01 3.136207e+01 2.993197e+00
      vertex   7.585333e+01 3.136603e+01 3.000000e+00
    endloop
  endfacet
  facet normal -2.116803e-04 9.039730e-01 -4.275895e-01
    outer loop
      vertex   7.585333e+01 3.136603e+01 3.000000e+00
      vertex   7.268305e+01 3.136207e+01 2.993197e+00
      vertex   7.283704e+01 3.143849e+01 3.154685e+00
    endloop
  endfacet
  facet normal 9.934770e-05 9.063078e-01 -4.226183e-01
    outer loop
      vertex   7.585333e+01 3.136603e+01 3.000000e+00
      vertex   7.283704e+01 3.143849e+01 3.154685e+00
      vertex   7.585333e+01 3.143969e+01 3.157980e+00
    endloop
  endfacet
  facet normal -9.957740e-05 9.650598e-01 -2.620299e-01
    outer loop
      vertex   7.585333e+01 3.143969e+01 3.157980e+00
      vertex   7.283704e+01 3.143849e+01 3.154685e+00
      vertex   7.299557e+01 3.148423e+01 3.323090e+00
    endloop
  endfacet
  facet normal 9.942806e-05 9.659258e-01 -2.588190e-01
    outer loop
      vertex   7.585333e+01 3.143969e+01 3.157980e+00
      vertex   7.299557e+01 3.148423e+01 3.323090e+00
      vertex   7.585333e+01 3.148481e+01 3.326352e+00
    endloop
  endfacet
  facet normal -9.827136e-05 9.958572e-01 -9.093128e-02
    outer loop
      vertex   7.585333e+01 3.148481e+01 3.326352e+00
      vertex   7.299557e+01 3.148423e+01 3.323090e+00
      vertex   7.315582e+01 3.149999e+01 3.495540e+00
    endloop
  endfacet
  facet normal -1.086443e-17 9.959979e-01 -8.937708e-02
    outer loop
      vertex   7.585333e+01 3.148481e+01 3.326352e+00
      vertex   7.315582e+01 3.149999e+01 3.495540e+00
      vertex   7.950667e+01 3.148481e+01 3.326352e+00
    endloop
  endfacet
  facet normal 0.000000e+00 9.959979e-01 -8.937708e-02
    outer loop
      vertex   7.950667e+01 3.148481e+01 3.326352e+00
      vertex   7.315582e+01 3.149999e+01 3.495540e+00
      vertex   8.316000e+01 3.148481e+01 3.326352e+00
    endloop
  endfacet
  facet normal 0.000000e+00 9.659258e-01 -2.588190e-01
    outer loop
      vertex   7.950667e+01 3.148481e+01 3.326352e+00
      vertex   8.316000e+01 3.148481e+01 3.326352e+00
      vertex   7.950667e+01 3.143969e+01 3.157980e+00
    endloop
  endfacet
  facet normal 0.000000e+00 9.659258e-01 -2.588190e-01
    outer loop
      vertex   7.950667e+01 3.143969e+01 3.157980e+00
      vertex   8.316000e+01 3.148481e+01 3.326352e+00
      vertex   8.316000e+01 3.143969e+01 3.157980e+00
    endloop
  endfacet
  facet normal 0.000000e+00 9.063078e-01 -4.226183e-01
    outer loop
      vertex   7.950667e+01 3.143969e+01 3.157980e+00
      vertex   8.316000e+01 3.143969e+01 3.157980e+00
      vertex   7.950667e+01 3.136603e+01 3.000000e+00
    endloop
  endfacet
  facet normal 0.000000e+00 9.063078e-01 -4.226183e-01
    outer loop
      vertex   7.950667e+01 3.136603e+01 3.000000e+00
      vertex   8.316000e+01 3.143969e+01 3.157980e+00
      vertex   8.316000e+01 3.136603e+01 3.000000e+00
    endloop
  endfacet
  facet normal 0.000000e+00 8.191520e-01 -5.735764e-01
    outer loop
      vertex   7.950667e+01 3.136603e+01 3.000000e+00
      vertex   8.316000e+01 3.136603e+01 3.000000e+00
      vertex   7.950667e+01 3.126604e+01 2.857212e+00
    endloop
  endfacet
  facet normal 0.000000e+00 8.191520e-01 -5.735764e-01
    outer loop
      vertex   7.950667e+01 3.126604e+01 2.857212e+00
      vertex   8.316000e+01 3.136603e+01 3.000000e+00
      vertex   8.316000e+01 3.126604e+01 2.857212e+00
    endloop
  endfacet
  facet normal 0.000000e+00 7.071068e-01 -7.071068e-01
    outer loop
      vertex   7.950667e+01 3.126604e+01 2.857212e+00
      vertex   8.316000e+01 3.126604e+01 2.857212e+00
      vertex   7.950667e+01 3.114279e+01 2.733955e+00
    endloop
  endfacet
  facet normal 0.000000e+00 7.071068e-01 -7.071068e-01
    outer loop
      vertex   7.950667e+01 3.114279e+01 2.733955e+00
      vertex   8.316000e+01 3.126604e+01 2.857212e+00
      vertex   8.316000e+01 3.114279e+01 2.733955e+00
    endloop
  endfacet
  facet normal 0.000000e+00 5.735764e-01 -8.191520e-01
    outer loop
      vertex   7.950667e+01 3.114279e+01 2.733955e+00
      vertex   8.316000e+01 3.114279e+01 2.733955e+00
      vertex   7.950667e+01 3.100000e+01 2.633975e+00
    endloop
  endfacet
  facet normal 0.000000e+00 9.659258e-01 -2.588190e-01
    outer loop
      vertex   1.196933e+02 3.148481e+01 3.326352e+00
      vertex   1.233467e+02 3.148481e+01 3.326352e+00
      vertex   1.196933e+02 3.143969e+01 3.157980e+00
    endloop
  endfacet
  facet normal 0.000000e+00 9.659258e-01 -2.588190e-01
    outer loop
      vertex   1.196933e+02 3.143969e+01 3.157980e+00
      vertex   1.233467e+02 3.148481e+01 3.326352e+00
      vertex   1.233467e+02 3.143969e+01 3.157980e+00
    endloop
  endfacet
  facet normal 0.000000e+00 9.063078e-01 -4.226183e-01
    outer loop
      vertex   1.196933e+02 3.143969e+01 3.157980e+00
      vertex   1.233467e+02 3.143969e+01 3.157980e+00
      vertex   1.196933e+02 3.136603e+01 3.000000e+00
    endloop
  endfacet
  facet normal 0.000000e+00 9.063078e-01 -4.226183e-01
    outer loop
      vertex   1.196933e+02 3.136603e+01 3.000000e+00
      vertex   1.233467e+02 3.143969e+01 3.157980e+00
      vertex   1.233467e+02 3.136603e+01 3.000000e+00
    endloop
  endfacet
  facet normal 0.000000e+00 8.191520e-01 -5.735764e-01
    outer loop
      vertex   1.196933e+02 3.136603e+01 3.000000e+00
      vertex   1.233467e+02 3.136603e+01 3.000000e+00
      vertex   1.196933e+02 3.126604e+01 2.857212e+00
    endloop
  endfacet
  facet normal 0.000000e+00 8.191520e-01 -5.735764e-01
    outer loop
      vertex   1.196933e+02 3.126604e+01 2.857212e+00
      vertex   1.233467e+02 3.136603e+01 3.000000e+00
      vertex   1.233467e+02 3.126604e+01 2.857212e+00
    endloop
  endfacet
  facet normal 0.000000e+00 7.071068e-01 -7.071068e-01
    outer loop
      vertex   1.196933e+02 3.126604e+01 2.857212e+00
      vertex   1.233467e+02 3.126604e+01 2.857212e+00
      vertex   1.196933e+02 3.114279e+01 2.733955e+00
    endloop
  endfacet
  facet normal 0.000000e+00 7.071068e-01 -7.071068e-01
    outer loop
      vertex   1.196933e+02 3.114279e+01 2.733955e+00
      vertex   1.233467e+02 3.126604e+01 2.857212e+00
      vertex   1.233467e+02 3.114279e+01 2.733955e+00
    endloop
  endfacet
  facet normal 0.000000e+00 5.735764e-01 -8.191520e-01
    outer loop
      vertex   1.196933e+02 3.114279e+01 2.733955e+00
      vertex   1.233467e+02 3.114279e+01 2.733955e+00
      vertex   1.196933e+02 3.100000e+01 2.633975e+00
    endloop
  endfacet
  facet normal 0.000000e+00 5.735764e-01 -8.191520e-01
    outer loop
      vertex   1.196933e+02 3.100000e+01 2.633975e+00
      vertex   1.233467e+02 3.114279e+01 2.733955e+00
      vertex   1.233467e+02 3.100000e+01 2.633975e+00
    endloop
  endfacet
  facet normal 0.000000e+00 4.226183e-01 -9.063078e-01
    outer loop
      vertex   1.196933e+02 3.100000e+01 2.633975e+00
      vertex   1.233467e+02 3.100000e+01 2.633975e+00
      vertex   1.196933e+02 3.084202e+01 2.560307e+00
    endloop
  endfacet
  facet normal 0.000000e+00 4.226183e-01 -9.063078e-01
    outer loop
      vertex   1.196933e+02 3.084202e+01 2.560307e+00
      vertex   1.233467e+02 3.100000e+01 2.633975e+00
      vertex   1.233467e+02 3.084202e+01 2.560307e+00
    endloop
  endfacet
  facet normal 0.000000e+00 2.588190e-01 -9.659258e-01
    outer loop
      vertex   1.196933e+02 3.084202e+01 2.560307e+00
      vertex   1.233467e+02 3.084202e+01 2.560307e+00
      vertex   1.196933e+02 3.067365e+01 2.515192e+00
    endloop
  endfacet
  facet normal 0.000000e+00 9.961947e-01 -8.715574e-02
    outer loop
      vertex   1.014267e+02 3.148481e+01 3.326352e+00
      vertex   1.270000e+02 3.150000e+01 3.500000e+00
      vertex   1.050800e+02 3.148481e+01 3.326352e+00
    endloop
  endfacet
  facet normal 0.000000e+00 9.659258e-01 -2.588190e-01
    outer loop
      vertex   1.087333e+02 3.148481e+01 3.326352e+00
      vertex   1.123867e+02 3.148481e+01 3.326352e+00
      vertex   1.087333e+02 3.143969e+01 3.157980e+00
    endloop
  endfacet
  facet normal 0.000000e+00 9.659258e-01 -2.588190e-01
    outer loop
      vertex   1.087333e+02 3.143969e+01 3.157980e+00
      vertex   1.123867e+02 3.148481e+01 3.326352e+00
      vertex   1.123867e+02 3.143969e+01 3.157980e+00
    endloop
  endfacet
  facet normal 0.000000e+00 9.063078e-01 -4.226183e-01
    outer loop
      vertex   1.087333e+02 3.143969e+01 3.157980e+00
      vertex   1.123867e+02 3.143969e+01 3.157980e+00
      vertex   1.087333e+02 3.136603e+01 3.000000e+00
    endloop
  endfacet
  facet normal 0.000000e+00 9.063078e-01 -4.226183e-01
    outer loop
      vertex   1.087333e+02 3.136603e+01 3.000000e+00
      vertex   1.123867e+02 3.143969e+01 3.157980e+00
      vertex   1.123867e+02 3.136603e+01 3.000000e+00
    endloop
  endfacet
  facet normal 0.000000e+00 8.191520e-01 -5.735764e-01
    outer loop
      vertex   1.087333e+02 3.136603e+01 3.000000e+00
      vertex   1.123867e+02 3.136603e+01 3.000000e+00
      vertex   1.087333e+02 3.126604e+01 2.857212e+00
    endloop
  endfacet
  facet normal 0.000000e+00 8.191520e-01 -5.735764e-01
    outer loop
      vertex   1.087333e+02 3.126604e+01 2.857212e+00
      vertex   1.123867e+02 3.136603e+01 3.000000e+00
      vertex   1.123867e+02 3.126604e+01 2.857212e+00
    endloop
  endfacet
  facet normal 0.000000e+00 7.071068e-01 -7.071068e-01
    outer loop
      vertex   1.087333e+02 3.126604e+01 2.857212e+00
      vertex   1.123867e+02 3.126604e+01 2.857212e+00
      vertex   1.087333e+02 3.114279e+01 2.733955e+00
    endloop
  endfacet
  facet normal 0.000000e+00 7.071068e-01 -7.071068e-01
    outer loop
      vertex   1.087333e+02 3.114279e+01 2.733955e+00
      vertex   1.123867e+02 3.126604e+01 2.857212e+00
      vertex   1.123867e+02 3.114279e+01 2.733955e+00
    endloop
  endfacet
  facet normal 0.000000e+00 5.735764e-01 -8.191520e-01
    outer loop
      vertex   1.087333e+02 3.114279e+01 2.733955e+00
      vertex   1.123867e+02 3.114279e+01 2.733955e+00
      vertex   1.087333e+02 3.100000e+01 2.633975e+00
    endloop
  endfacet
  facet normal 0.000000e+00 5.735764e-01 -8.191520e-01
    outer loop
      vertex   1.087333e+02 3.100000e+01 2.633975e+00
      vertex   1.123867e+02 3.114279e+01 2.733955e+00
      vertex   1.123867e+02 3.100000e+01 2.633975e+00
    endloop
  endfacet
  facet normal 0.000000e+00 4.226183e-01 -9.063078e-01
    outer loop
      vertex   1.087333e+02 3.100000e+01 2.633975e+00
      vertex   1.123867e+02 3.100000e+01 2.633975e+00
      vertex   1.087333e+02 3.084202e+01 2.560307e+00
    endloop
  endfacet
  facet normal 0.000000e+00 9.659258e-01 -2.588190e-01
    outer loop
      vertex   9.777333e+01 3.143969e+01 3.157980e+00
      vertex   1.014267e+02 3.148481e+01 3.326352e+00
      vertex   1.014267e+02 3.143969e+01 3.157980e+00
    endloop
  endfacet
  facet normal -5.699830e-19 9.659258e-01 -2.588190e-01
    outer loop
      vertex   1.014267e+02 3.143969e+01 3.157980e+00
      vertex   1.014267e+02 3.148481e+01 3.326352e+00
      vertex   1.050800e+02 3.148481e+01 3.326352e+00
    endloop
  endfacet
  facet normal 0.000000e+00 9.959979e-01 -8.937708e-02
    outer loop
      vertex   9.777333e+01 3.148481e+01 3.326352e+00
      vertex   9.412000e+01 3.148481e+01 3.326352e+00
      vertex   7.315582e+01 3.149999e+01 3.495540e+00
    endloop
  endfacet
  facet normal -2.943615e-20 9.959979e-01 -8.937708e-02
    outer loop
      vertex   7.315582e+01 3.149999e+01 3.495540e+00
      vertex   9.412000e+01 3.148481e+01 3.326352e+00
      vertex   9.046667e+01 3.148481e+01 3.326352e+00
    endloop
  endfacet
  facet normal -2.943615e-20 9.959979e-01 -8.937708e-02
    outer loop
      vertex   7.315582e+01 3.149999e+01 3.495540e+00
      vertex   9.046667e+01 3.148481e+01 3.326352e+00
      vertex   8.681333e+01 3.148481e+01 3.326352e+00
    endloop
  endfacet
  facet normal 0.000000e+00 9.659258e-01 -2.588190e-01
    outer loop
      vertex   8.681333e+01 3.148481e+01 3.326352e+00
      vertex   9.046667e+01 3.148481e+01 3.326352e+00
      vertex   8.681333e+01 3.143969e+01 3.157980e+00
    endloop
  endfacet
  facet normal -5.699830e-19 9.659258e-01 -2.588190e-01
    outer loop
      vertex   8.681333e+01 3.148481e+01 3.326352e+00
      vertex   8.681333e+01 3.143969e+01 3.157980e+00
      vertex   8.316000e+01 3.143969e+01 3.157980e+00
    endloop
  endfacet
  facet normal 0.000000e+00 9.063078e-01 -4.226183e-01
    outer loop
      vertex   8.316000e+01 3.143969e+01 3.157980e+00
      vertex   8.681333e+01 3.143969e+01 3.157980e+00
      vertex   8.316000e+01 3.136603e+01 3.000000e+00
    endloop
  endfacet
  facet normal 0.000000e+00 9.659258e-01 -2.588190e-01
    outer loop
      vertex   9.777333e+01 3.148481e+01 3.326352e+00
      vertex   9.412000e+01 3.143969e+01 3.157980e+00
      vertex   9.412000e+01 3.148481e+01 3.326352e+00
    endloop
  endfacet
  facet normal -5.699830e-19 9.659258e-01 -2.588190e-01
    outer loop
      vertex   9.412000e+01 3.148481e+01 3.326352e+00
      vertex   9.412000e+01 3.143969e+01 3.157980e+00
      vertex   9.046667e+01 3.143969e+01 3.157980e+00
    endloop
  endfacet
  facet normal 0.000000e+00 9.659258e-01 -2.588190e-01
    outer loop
      vertex   9.412000e+01 3.148481e+01 3.326352e+00
      vertex   9.046667e+01 3.143969e+01 3.157980e+00
      vertex   9.046667e+01 3.148481e+01 3.326352e+00
    endloop
  endfacet
  facet normal -5.699830e-19 9.659258e-01 -2.588190e-01
    outer loop
      vertex   9.046667e+01 3.148481e+01 3.326352e+00
      vertex   9.046667e+01 3.143969e+01 3.157980e+00
      vertex   8.681333e+01 3.143969e+01 3.157980e+00
    endloop
  endfacet
  facet normal 0.000000e+00 9.959979e-01 -8.937708e-02
    outer loop
      vertex   8.316000e+01 3.148481e+01 3.326352e+00
      vertex   7.315582e+01 3.149999e+01 3.495540e+00
      vertex   8.681333e+01 3.148481e+01 3.326352e+00
    endloop
  endfacet
  facet normal -5.699830e-19 9.659258e-01 -2.588190e-01
    outer loop
      vertex   8.316000e+01 3.143969e+01 3.157980e+00
      vertex   8.316000e+01 3.148481e+01 3.326352e+00
      vertex   8.681333e+01 3.148481e+01 3.326352e+00
    endloop
  endfacet
  facet normal -3.189655e-17 9.659258e-01 -2.588190e-01
    outer loop
      vertex   7.585333e+01 3.143969e+01 3.157980e+00
      vertex   7.585333e+01 3.148481e+01 3.326352e+00
      vertex   7.950667e+01 3.148481e+01 3.326352e+00
    endloop
  endfacet
  facet normal 0.000000e+00 9.659258e-01 -2.588190e-01
    outer loop
      vertex   7.585333e+01 3.143969e+01 3.157980e+00
      vertex   7.950667e+01 3.148481e+01 3.326352e+00
      vertex   7.950667e+01 3.143969e+01 3.157980e+00
    endloop
  endfacet
  facet normal 1.032861e-18 9.063078e-01 -4.226183e-01
    outer loop
      vertex   1.160400e+02 3.136603e+01 3.000000e+00
      vertex   1.160400e+02 3.143969e+01 3.157980e+00
      vertex   1.196933e+02 3.143969e+01 3.157980e+00
    endloop
  endfacet
  facet normal 0.000000e+00 9.659258e-01 -2.588190e-01
    outer loop
      vertex   1.196933e+02 3.143969e+01 3.157980e+00
      vertex   1.160400e+02 3.143969e+01 3.157980e+00
      vertex   1.196933e+02 3.148481e+01 3.326352e+00
    endloop
  endfacet
  facet normal 0.000000e+00 9.063078e-01 -4.226183e-01
    outer loop
      vertex   1.160400e+02 3.136603e+01 3.000000e+00
      vertex   1.196933e+02 3.143969e+01 3.157980e+00
      vertex   1.196933e+02 3.136603e+01 3.000000e+00
    endloop
  endfacet
  facet normal -5.699830e-19 9.659258e-01 -2.588190e-01
    outer loop
      vertex   1.087333e+02 3.148481e+01 3.326352e+00
      vertex   1.087333e+02 3.143969e+01 3.157980e+00
      vertex   1.050800e+02 3.143969e+01 3.157980e+00
    endloop
  endfacet
  facet normal 0.000000e+00 9.063078e-01 -4.226183e-01
    outer loop
      vertex   1.050800e+02 3.143969e+01 3.157980e+00
      vertex   1.087333e+02 3.143969e+01 3.157980e+00
      vertex   1.050800e+02 3.136603e+01 3.000000e+00
    endloop
  endfacet
  facet normal 1.032861e-18 9.063078e-01 -4.226183e-01
    outer loop
      vertex   1.050800e+02 3.143969e+01 3.157980e+00
      vertex   1.050800e+02 3.136603e+01 3.000000e+00
      vertex   1.014267e+02 3.136603e+01 3.000000e+00
    endloop
  endfacet
  facet normal 0.000000e+00 8.191520e-01 -5.735764e-01
    outer loop
      vertex   1.014267e+02 3.136603e+01 3.000000e+00
      vertex   1.050800e+02 3.136603e+01 3.000000e+00
      vertex   1.014267e+02 3.126604e+01 2.857212e+00
    endloop
  endfacet
  facet normal -6.849457e-17 8.191520e-01 -5.735764e-01
    outer loop
      vertex   1.014267e+02 3.136603e+01 3.000000e+00
      vertex   1.014267e+02 3.126604e+01 2.857212e+00
      vertex   9.777333e+01 3.126604e+01 2.857212e+00
    endloop
  endfacet
  facet normal -8.595397e-17 7.071068e-01 -7.071068e-01
    outer loop
      vertex   9.777333e+01 3.126604e+01 2.857212e+00
      vertex   1.014267e+02 3.126604e+01 2.857212e+00
      vertex   9.777333e+01 3.114279e+01 2.733955e+00
    endloop
  endfacet
  facet normal 8.687250e-17 7.071068e-01 -7.071068e-01
    outer loop
      vertex   9.777333e+01 3.126604e+01 2.857212e+00
      vertex   9.777333e+01 3.114279e+01 2.733955e+00
      vertex   9.412000e+01 3.114279e+01 2.733955e+00
    endloop
  endfacet
  facet normal 9.957388e-17 5.735764e-01 -8.191520e-01
    outer loop
      vertex   9.412000e+01 3.114279e+01 2.733955e+00
      vertex   9.777333e+01 3.114279e+01 2.733955e+00
      vertex   9.412000e+01 3.100000e+01 2.633975e+00
    endloop
  endfacet
  facet normal 3.976574e-19 5.735764e-01 -8.191520e-01
    outer loop
      vertex   9.412000e+01 3.114279e+01 2.733955e+00
      vertex   9.412000e+01 3.100000e+01 2.633975e+00
      vertex   9.046667e+01 3.100000e+01 2.633975e+00
    endloop
  endfacet
  facet normal 0.000000e+00 4.226183e-01 -9.063078e-01
    outer loop
      vertex   9.046667e+01 3.100000e+01 2.633975e+00
      vertex   9.412000e+01 3.100000e+01 2.633975e+00
      vertex   9.046667e+01 3.084202e+01 2.560307e+00
    endloop
  endfacet
  facet normal -2.991669e-19 4.226183e-01 -9.063078e-01
    outer loop
      vertex   9.046667e+01 3.100000e+01 2.633975e+00
      vertex   9.046667e+01 3.084202e+01 2.560307e+00
      vertex   8.681333e+01 3.084202e+01 2.560307e+00
    endloop
  endfacet
  facet normal 0.000000e+00 2.588190e-01 -9.659258e-01
    outer loop
      vertex   8.681333e+01 3.084202e+01 2.560307e+00
      vertex   9.046667e+01 3.084202e+01 2.560307e+00
      vertex   8.681333e+01 3.067365e+01 2.515192e+00
    endloop
  endfacet
  facet normal -5.789438e-19 2.588190e-01 -9.659258e-01
    outer loop
      vertex   8.681333e+01 3.084202e+01 2.560307e+00
      vertex   8.681333e+01 3.067365e+01 2.515192e+00
      vertex   8.316000e+01 3.067365e+01 2.515192e+00
    endloop
  endfacet
  facet normal 0.000000e+00 8.715574e-02 -9.961947e-01
    outer loop
      vertex   8.316000e+01 3.067365e+01 2.515192e+00
      vertex   8.681333e+01 3.067365e+01 2.515192e+00
      vertex   7.220000e+01 3.050000e+01 2.500000e+00
    endloop
  endfacet
  facet normal 0.000000e+00 9.063078e-01 -4.226183e-01
    outer loop
      vertex   1.050800e+02 3.136603e+01 3.000000e+00
      vertex   1.087333e+02 3.143969e+01 3.157980e+00
      vertex   1.087333e+02 3.136603e+01 3.000000e+00
    endloop
  endfacet
  facet normal 0.000000e+00 9.063078e-01 -4.226183e-01
    outer loop
      vertex   9.412000e+01 3.136603e+01 3.000000e+00
      vertex   9.777333e+01 3.143969e+01 3.157980e+00
      vertex   9.777333e+01 3.136603e+01 3.000000e+00
    endloop
  endfacet
  facet normal 1.032861e-18 9.063078e-01 -4.226183e-01
    outer loop
      vertex   9.777333e+01 3.136603e+01 3.000000e+00
      vertex   9.777333e+01 3.143969e+01 3.157980e+00
      vertex   1.014267e+02 3.143969e+01 3.157980e+00
    endloop
  endfacet
  facet normal 0.000000e+00 9.063078e-01 -4.226183e-01
    outer loop
      vertex   9.412000e+01 3.143969e+01 3.157980e+00
      vertex   9.046667e+01 3.136603e+01 3.000000e+00
      vertex   9.046667e+01 3.143969e+01 3.157980e+00
    endloop
  endfacet
  facet normal 1.032861e-18 9.063078e-01 -4.226183e-01
    outer loop
      vertex   9.046667e+01 3.143969e+01 3.157980e+00
      vertex   9.046667e+01 3.136603e+01 3.000000e+00
      vertex   8.681333e+01 3.136603e+01 3.000000e+00
    endloop
  endfacet
  facet normal 0.000000e+00 9.063078e-01 -4.226183e-01
    outer loop
      vertex   9.046667e+01 3.143969e+01 3.157980e+00
      vertex   8.681333e+01 3.136603e+01 3.000000e+00
      vertex   8.681333e+01 3.143969e+01 3.157980e+00
    endloop
  endfacet
  facet normal -5.033946e-17 9.063078e-01 -4.226183e-01
    outer loop
      vertex   8.681333e+01 3.143969e+01 3.157980e+00
      vertex   8.681333e+01 3.136603e+01 3.000000e+00
      vertex   8.316000e+01 3.136603e+01 3.000000e+00
    endloop
  endfacet
  facet normal -1.306573e-18 9.063078e-01 -4.226183e-01
    outer loop
      vertex   7.585333e+01 3.136603e+01 3.000000e+00
      vertex   7.585333e+01 3.143969e+01 3.157980e+00
      vertex   7.950667e+01 3.143969e+01 3.157980e+00
    endloop
  endfacet
  facet normal 0.000000e+00 9.063078e-01 -4.226183e-01
    outer loop
      vertex   7.585333e+01 3.136603e+01 3.000000e+00
      vertex   7.950667e+01 3.143969e+01 3.157980e+00
      vertex   7.950667e+01 3.136603e+01 3.000000e+00
    endloop
  endfacet
  facet normal 1.227814e-18 8.191520e-01 -5.735764e-01
    outer loop
      vertex   1.160400e+02 3.126604e+01 2.857212e+00
      vertex   1.160400e+02 3.136603e+01 3.000000e+00
      vertex   1.196933e+02 3.136603e+01 3.000000e+00
    endloop
  endfacet
  facet normal 0.000000e+00 8.191520e-01 -5.735764e-01
    outer loop
      vertex   1.160400e+02 3.126604e+01 2.857212e+00
      vertex   1.196933e+02 3.136603e+01 3.000000e+00
      vertex   1.196933e+02 3.126604e+01 2.857212e+00
    endloop
  endfacet
  facet normal 0.000000e+00 8.191520e-01 -5.735764e-01
    outer loop
      vertex   1.050800e+02 3.136603e+01 3.000000e+00
      vertex   1.087333e+02 3.136603e+01 3.000000e+00
      vertex   1.050800e+02 3.126604e+01 2.857212e+00
    endloop
  endfacet
  facet normal 0.000000e+00 8.191520e-01 -5.735764e-01
    outer loop
      vertex   1.050800e+02 3.126604e+01 2.857212e+00
      vertex   1.087333e+02 3.136603e+01 3.000000e+00
      vertex   1.087333e+02 3.126604e+01 2.857212e+00
    endloop
  endfacet
  facet normal 0.000000e+00 7.071068e-01 -7.071068e-01
    outer loop
      vertex   1.050800e+02 3.126604e+01 2.857212e+00
      vertex   1.087333e+02 3.126604e+01 2.857212e+00
      vertex   1.050800e+02 3.114279e+01 2.733955e+00
    endloop
  endfacet
  facet normal 0.000000e+00 7.071068e-01 -7.071068e-01
    outer loop
      vertex   1.050800e+02 3.114279e+01 2.733955e+00
      vertex   1.087333e+02 3.126604e+01 2.857212e+00
      vertex   1.087333e+02 3.114279e+01 2.733955e+00
    endloop
  endfacet
  facet normal 0.000000e+00 5.735764e-01 -8.191520e-01
    outer loop
      vertex   1.050800e+02 3.114279e+01 2.733955e+00
      vertex   1.087333e+02 3.114279e+01 2.733955e+00
      vertex   1.050800e+02 3.100000e+01 2.633975e+00
    endloop
  endfacet
  facet normal -1.991478e-16 5.735764e-01 -8.191520e-01
    outer loop
      vertex   1.050800e+02 3.100000e+01 2.633975e+00
      vertex   1.087333e+02 3.114279e+01 2.733955e+00
      vertex   1.087333e+02 3.100000e+01 2.633975e+00
    endloop
  endfacet
  facet normal -2.203366e-16 4.226183e-01 -9.063078e-01
    outer loop
      vertex   1.050800e+02 3.100000e+01 2.633975e+00
      vertex   1.087333e+02 3.100000e+01 2.633975e+00
      vertex   1.050800e+02 3.084202e+01 2.560307e+00
    endloop
  endfacet
  facet normal 0.000000e+00 4.226183e-01 -9.063078e-01
    outer loop
      vertex   1.050800e+02 3.084202e+01 2.560307e+00
      vertex   1.087333e+02 3.100000e+01 2.633975e+00
      vertex   1.087333e+02 3.084202e+01 2.560307e+00
    endloop
  endfacet
  facet normal 0.000000e+00 2.588190e-01 -9.659258e-01
    outer loop
      vertex   1.050800e+02 3.084202e+01 2.560307e+00
      vertex   1.087333e+02 3.084202e+01 2.560307e+00
      vertex   1.050800e+02 3.067365e+01 2.515192e+00
    endloop
  endfacet
  facet normal 0.000000e+00 8.191520e-01 -5.735764e-01
    outer loop
      vertex   9.046667e+01 3.126604e+01 2.857212e+00
      vertex   9.412000e+01 3.136603e+01 3.000000e+00
      vertex   9.412000e+01 3.126604e+01 2.857212e+00
    endloop
  endfacet
  facet normal -3.933386e-19 8.191520e-01 -5.735764e-01
    outer loop
      vertex   9.412000e+01 3.126604e+01 2.857212e+00
      vertex   9.412000e+01 3.136603e+01 3.000000e+00
      vertex   9.777333e+01 3.136603e+01 3.000000e+00
    endloop
  endfacet
  facet normal -6.849457e-17 8.191520e-01 -5.735764e-01
    outer loop
      vertex   8.316000e+01 3.126604e+01 2.857212e+00
      vertex   8.316000e+01 3.136603e+01 3.000000e+00
      vertex   8.681333e+01 3.136603e+01 3.000000e+00
    endloop
  endfacet
  facet normal 0.000000e+00 8.191520e-01 -5.735764e-01
    outer loop
      vertex   8.316000e+01 3.126604e+01 2.857212e+00
      vertex   8.681333e+01 3.136603e+01 3.000000e+00
      vertex   8.681333e+01 3.126604e+01 2.857212e+00
    endloop
  endfacet
  facet normal -3.933386e-19 8.191520e-01 -5.735764e-01
    outer loop
      vertex   8.681333e+01 3.126604e+01 2.857212e+00
      vertex   8.681333e+01 3.136603e+01 3.000000e+00
      vertex   9.046667e+01 3.136603e+01 3.000000e+00
    endloop
  endfacet
  facet normal 1.227814e-18 8.191520e-01 -5.735764e-01
    outer loop
      vertex   7.585333e+01 3.126604e+01 2.857212e+00
      vertex   7.585333e+01 3.136603e+01 3.000000e+00
      vertex   7.950667e+01 3.136603e+01 3.000000e+00
    endloop
  endfacet
  facet normal 0.000000e+00 8.191520e-01 -5.735764e-01
    outer loop
      vertex   7.585333e+01 3.126604e+01 2.857212e+00
      vertex   7.950667e+01 3.136603e+01 3.000000e+00
      vertex   7.950667e+01 3.126604e+01 2.857212e+00
    endloop
  endfacet
  facet normal -5.899100e-19 7.071068e-01 -7.071068e-01
    outer loop
      vertex   1.160400e+02 3.114279e+01 2.733955e+00
      vertex   1.160400e+02 3.126604e+01 2.857212e+00
      vertex   1.196933e+02 3.126604e+01 2.857212e+00
    endloop
  endfacet
  facet normal 0.000000e+00 7.071068e-01 -7.071068e-01
    outer loop
      vertex   1.160400e+02 3.114279e+01 2.733955e+00
      vertex   1.196933e+02 3.126604e+01 2.857212e+00
      vertex   1.196933e+02 3.114279e+01 2.733955e+00
    endloop
  endfacet
  facet normal 1.227814e-18 8.191520e-01 -5.735764e-01
    outer loop
      vertex   1.050800e+02 3.136603e+01 3.000000e+00
      vertex   1.050800e+02 3.126604e+01 2.857212e+00
      vertex   1.014267e+02 3.126604e+01 2.857212e+00
    endloop
  endfacet
  facet normal 0.000000e+00 7.071068e-01 -7.071068e-01
    outer loop
      vertex   1.014267e+02 3.126604e+01 2.857212e+00
      vertex   1.050800e+02 3.126604e+01 2.857212e+00
      vertex   1.014267e+02 3.114279e+01 2.733955e+00
    endloop
  endfacet
  facet normal -5.899100e-19 7.071068e-01 -7.071068e-01
    outer loop
      vertex   1.014267e+02 3.126604e+01 2.857212e+00
      vertex   1.014267e+02 3.114279e+01 2.733955e+00
      vertex   9.777333e+01 3.114279e+01 2.733955e+00
    endloop
  endfacet
  facet normal 0.000000e+00 5.735764e-01 -8.191520e-01
    outer loop
      vertex   9.777333e+01 3.114279e+01 2.733955e+00
      vertex   1.014267e+02 3.114279e+01 2.733955e+00
      vertex   9.777333e+01 3.100000e+01 2.633975e+00
    endloop
  endfacet
  facet normal -8.182817e-19 5.735764e-01 -8.191520e-01
    outer loop
      vertex   9.777333e+01 3.114279e+01 2.733955e+00
      vertex   9.777333e+01 3.100000e+01 2.633975e+00
      vertex   9.412000e+01 3.100000e+01 2.633975e+00
    endloop
  endfacet
  facet normal 0.000000e+00 4.226183e-01 -9.063078e-01
    outer loop
      vertex   9.412000e+01 3.100000e+01 2.633975e+00
      vertex   9.777333e+01 3.100000e+01 2.633975e+00
      vertex   9.412000e+01 3.084202e+01 2.560307e+00
    endloop
  endfacet
  facet normal -2.991669e-19 4.226183e-01 -9.063078e-01
    outer loop
      vertex   9.412000e+01 3.100000e+01 2.633975e+00
      vertex   9.412000e+01 3.084202e+01 2.560307e+00
      vertex   9.046667e+01 3.084202e+01 2.560307e+00
    endloop
  endfacet
  facet normal 0.000000e+00 2.588190e-01 -9.659258e-01
    outer loop
      vertex   9.046667e+01 3.084202e+01 2.560307e+00
      vertex   9.412000e+01 3.084202e+01 2.560307e+00
      vertex   9.046667e+01 3.067365e+01 2.515192e+00
    endloop
  endfacet
  facet normal -5.789438e-19 2.588190e-01 -9.659258e-01
    outer loop
      vertex   9.046667e+01 3.084202e+01 2.560307e+00
      vertex   9.046667e+01 3.067365e+01 2.515192e+00
      vertex   8.681333e+01 3.067365e+01 2.515192e+00
    endloop
  endfacet
  facet normal 0.000000e+00 8.715574e-02 -9.961947e-01
    outer loop
      vertex   8.681333e+01 3.067365e+01 2.515192e+00
      vertex   9.046667e+01 3.067365e+01 2.515192e+00
      vertex   7.220000e+01 3.050000e+01 2.500000e+00
    endloop
  endfacet
  facet normal 0.000000e+00 7.071068e-01 -7.071068e-01
    outer loop
      vertex   1.014267e+02 3.114279e+01 2.733955e+00
      vertex   1.050800e+02 3.126604e+01 2.857212e+00
      vertex   1.050800e+02 3.114279e+01 2.733955e+00
    endloop
  endfacet
  facet normal 0.000000e+00 7.071068e-01 -7.071068e-01
    outer loop
      vertex   8.681333e+01 3.114279e+01 2.733955e+00
      vertex   9.046667e+01 3.126604e+01 2.857212e+00
      vertex   9.046667e+01 3.114279e+01 2.733955e+00
    endloop
  endfacet
  facet normal -2.970782e-19 7.071068e-01 -7.071068e-01
    outer loop
      vertex   9.046667e+01 3.114279e+01 2.733955e+00
      vertex   9.046667e+01 3.126604e+01 2.857212e+00
      vertex   9.412000e+01 3.126604e+01 2.857212e+00
    endloop
  endfacet
  facet normal -2.970782e-19 7.071068e-01 -7.071068e-01
    outer loop
      vertex   8.316000e+01 3.114279e+01 2.733955e+00
      vertex   8.316000e+01 3.126604e+01 2.857212e+00
      vertex   8.681333e+01 3.126604e+01 2.857212e+00
    endloop
  endfacet
  facet normal 1.211362e-18 7.071068e-01 -7.071068e-01
    outer loop
      vertex   7.585333e+01 3.114279e+01 2.733955e+00
      vertex   7.585333e+01 3.126604e+01 2.857212e+00
      vertex   7.950667e+01 3.126604e+01 2.857212e+00
    endloop
  endfacet
  facet normal 8.595397e-17 7.071068e-01 -7.071068e-01
    outer loop
      vertex   7.585333e+01 3.114279e+01 2.733955e+00
      vertex   7.950667e+01 3.126604e+01 2.857212e+00
      vertex   7.950667e+01 3.114279e+01 2.733955e+00
    endloop
  endfacet
  facet normal -5.261106e-19 5.735764e-01 -8.191520e-01
    outer loop
      vertex   1.160400e+02 3.100000e+01 2.633975e+00
      vertex   1.160400e+02 3.114279e+01 2.733955e+00
      vertex   1.196933e+02 3.114279e+01 2.733955e+00
    endloop
  endfacet
  facet normal 0.000000e+00 5.735764e-01 -8.191520e-01
    outer loop
      vertex   1.160400e+02 3.100000e+01 2.633975e+00
      vertex   1.196933e+02 3.114279e+01 2.733955e+00
      vertex   1.196933e+02 3.100000e+01 2.633975e+00
    endloop
  endfacet
  facet normal 0.000000e+00 5.735764e-01 -8.191520e-01
    outer loop
      vertex   1.014267e+02 3.114279e+01 2.733955e+00
      vertex   1.050800e+02 3.114279e+01 2.733955e+00
      vertex   1.014267e+02 3.100000e+01 2.633975e+00
    endloop
  endfacet
  facet normal 1.991478e-16 5.735764e-01 -8.191520e-01
    outer loop
      vertex   1.014267e+02 3.100000e+01 2.633975e+00
      vertex   1.050800e+02 3.114279e+01 2.733955e+00
      vertex   1.050800e+02 3.100000e+01 2.633975e+00
    endloop
  endfacet
  facet normal 2.203366e-16 4.226183e-01 -9.063078e-01
    outer loop
      vertex   1.014267e+02 3.100000e+01 2.633975e+00
      vertex   1.050800e+02 3.100000e+01 2.633975e+00
      vertex   1.014267e+02 3.084202e+01 2.560307e+00
    endloop
  endfacet
  facet normal 0.000000e+00 4.226183e-01 -9.063078e-01
    outer loop
      vertex   1.014267e+02 3.084202e+01 2.560307e+00
      vertex   1.050800e+02 3.100000e+01 2.633975e+00
      vertex   1.050800e+02 3.084202e+01 2.560307e+00
    endloop
  endfacet
  facet normal 0.000000e+00 2.588190e-01 -9.659258e-01
    outer loop
      vertex   1.014267e+02 3.084202e+01 2.560307e+00
      vertex   1.050800e+02 3.084202e+01 2.560307e+00
      vertex   1.014267e+02 3.067365e+01 2.515192e+00
    endloop
  endfacet
  facet normal 0.000000e+00 2.588190e-01 -9.659258e-01
    outer loop
      vertex   1.014267e+02 3.067365e+01 2.515192e+00
      vertex   1.050800e+02 3.084202e+01 2.560307e+00
      vertex   1.050800e+02 3.067365e+01 2.515192e+00
    endloop
  endfacet
  facet normal 0.000000e+00 5.735764e-01 -8.191520e-01
    outer loop
      vertex   8.316000e+01 3.100000e+01 2.633975e+00
      vertex   8.681333e+01 3.114279e+01 2.733955e+00
      vertex   8.681333e+01 3.100000e+01 2.633975e+00
    endloop
  endfacet
  facet normal 3.976574e-19 5.735764e-01 -8.191520e-01
    outer loop
      vertex   8.681333e+01 3.100000e+01 2.633975e+00
      vertex   8.681333e+01 3.114279e+01 2.733955e+00
      vertex   9.046667e+01 3.114279e+01 2.733955e+00
    endloop
  endfacet
  facet normal 9.967937e-17 5.735764e-01 -8.191520e-01
    outer loop
      vertex   7.585333e+01 3.100000e+01 2.633975e+00
      vertex   7.585333e+01 3.114279e+01 2.733955e+00
      vertex   7.950667e+01 3.114279e+01 2.733955e+00
    endloop
  endfacet
  facet normal 0.000000e+00 5.735764e-01 -8.191520e-01
    outer loop
      vertex   7.585333e+01 3.100000e+01 2.633975e+00
      vertex   7.950667e+01 3.114279e+01 2.733955e+00
      vertex   7.950667e+01 3.100000e+01 2.633975e+00
    endloop
  endfacet
  facet normal 1.222834e-20 4.226183e-01 -9.063078e-01
    outer loop
      vertex   1.160400e+02 3.084202e+01 2.560307e+00
      vertex   1.160400e+02 3.100000e+01 2.633975e+00
      vertex   1.196933e+02 3.100000e+01 2.633975e+00
    endloop
  endfacet
  facet normal 0.000000e+00 4.226183e-01 -9.063078e-01
    outer loop
      vertex   1.160400e+02 3.084202e+01 2.560307e+00
      vertex   1.196933e+02 3.100000e+01 2.633975e+00
      vertex   1.196933e+02 3.084202e+01 2.560307e+00
    endloop
  endfacet
  facet normal -1.996739e-16 5.735764e-01 -8.191520e-01
    outer loop
      vertex   1.014267e+02 3.114279e+01 2.733955e+00
      vertex   1.014267e+02 3.100000e+01 2.633975e+00
      vertex   9.777333e+01 3.100000e+01 2.633975e+00
    endloop
  endfacet
  facet normal -2.203366e-16 4.226183e-01 -9.063078e-01
    outer loop
      vertex   9.777333e+01 3.100000e+01 2.633975e+00
      vertex   1.014267e+02 3.100000e+01 2.633975e+00
      vertex   9.777333e+01 3.084202e+01 2.560307e+00
    endloop
  endfacet
  facet normal -2.991669e-19 4.226183e-01 -9.063078e-01
    outer loop
      vertex   9.777333e+01 3.100000e+01 2.633975e+00
      vertex   9.777333e+01 3.084202e+01 2.560307e+00
      vertex   9.412000e+01 3.084202e+01 2.560307e+00
    endloop
  endfacet
  facet normal 0.000000e+00 2.588190e-01 -9.659258e-01
    outer loop
      vertex   9.412000e+01 3.084202e+01 2.560307e+00
      vertex   9.777333e+01 3.084202e+01 2.560307e+00
      vertex   9.412000e+01 3.067365e+01 2.515192e+00
    endloop
  endfacet
  facet normal -5.789438e-19 2.588190e-01 -9.659258e-01
    outer loop
      vertex   9.412000e+01 3.084202e+01 2.560307e+00
      vertex   9.412000e+01 3.067365e+01 2.515192e+00
      vertex   9.046667e+01 3.067365e+01 2.515192e+00
    endloop
  endfacet
  facet normal 0.000000e+00 8.715574e-02 -9.961947e-01
    outer loop
      vertex   9.046667e+01 3.067365e+01 2.515192e+00
      vertex   9.412000e+01 3.067365e+01 2.515192e+00
      vertex   7.220000e+01 3.050000e+01 2.500000e+00
    endloop
  endfacet
  facet normal 0.000000e+00 4.226183e-01 -9.063078e-01
    outer loop
      vertex   9.777333e+01 3.084202e+01 2.560307e+00
      vertex   1.014267e+02 3.100000e+01 2.633975e+00
      vertex   1.014267e+02 3.084202e+01 2.560307e+00
    endloop
  endfacet
  facet normal 0.000000e+00 4.226183e-01 -9.063078e-01
    outer loop
      vertex   7.950667e+01 3.084202e+01 2.560307e+00
      vertex   8.316000e+01 3.100000e+01 2.633975e+00
      vertex   8.316000e+01 3.084202e+01 2.560307e+00
    endloop
  endfacet
  facet normal -2.991669e-19 4.226183e-01 -9.063078e-01
    outer loop
      vertex   8.316000e+01 3.084202e+01 2.560307e+00
      vertex   8.316000e+01 3.100000e+01 2.633975e+00
      vertex   8.681333e+01 3.100000e+01 2.633975e+00
    endloop
  endfacet
  facet normal 9.071600e-19 4.226183e-01 -9.063078e-01
    outer loop
      vertex   7.585333e+01 3.084202e+01 2.560307e+00
      vertex   7.585333e+01 3.100000e+01 2.633975e+00
      vertex   7.950667e+01 3.100000e+01 2.633975e+00
    endloop
  endfacet
  facet normal -5.789438e-19 2.588190e-01 -9.659258e-01
    outer loop
      vertex   1.160400e+02 3.067365e+01 2.515192e+00
      vertex   1.160400e+02 3.084202e+01 2.560307e+00
      vertex   1.196933e+02 3.084202e+01 2.560307e+00
    endloop
  endfacet
  facet normal 0.000000e+00 2.588190e-01 -9.659258e-01
    outer loop
      vertex   1.160400e+02 3.067365e+01 2.515192e+00
      vertex   1.196933e+02 3.084202e+01 2.560307e+00
      vertex   1.196933e+02 3.067365e+01 2.515192e+00
    endloop
  endfacet
  facet normal 0.000000e+00 2.588190e-01 -9.659258e-01
    outer loop
      vertex   1.087333e+02 3.067365e+01 2.515192e+00
      vertex   1.123867e+02 3.084202e+01 2.560307e+00
      vertex   1.123867e+02 3.067365e+01 2.515192e+00
    endloop
  endfacet
  facet normal 0.000000e+00 2.588190e-01 -9.659258e-01
    outer loop
      vertex   9.777333e+01 3.084202e+01 2.560307e+00
      vertex   1.014267e+02 3.084202e+01 2.560307e+00
      vertex   9.777333e+01 3.067365e+01 2.515192e+00
    endloop
  endfacet
  facet normal 0.000000e+00 2.588190e-01 -9.659258e-01
    outer loop
      vertex   9.777333e+01 3.067365e+01 2.515192e+00
      vertex   1.014267e+02 3.084202e+01 2.560307e+00
      vertex   1.014267e+02 3.067365e+01 2.515192e+00
    endloop
  endfacet
  facet normal 0.000000e+00 8.715574e-02 -9.961947e-01
    outer loop
      vertex   9.777333e+01 3.067365e+01 2.515192e+00
      vertex   1.014267e+02 3.067365e+01 2.515192e+00
      vertex   7.220000e+01 3.050000e+01 2.500000e+00
    endloop
  endfacet
  facet normal 0.000000e+00 2.588190e-01 -9.659258e-01
    outer loop
      vertex   7.585333e+01 3.067365e+01 2.515192e+00
      vertex   7.950667e+01 3.084202e+01 2.560307e+00
      vertex   7.950667e+01 3.067365e+01 2.515192e+00
    endloop
  endfacet
  facet normal -5.789438e-19 2.588190e-01 -9.659258e-01
    outer loop
      vertex   7.950667e+01 3.067365e+01 2.515192e+00
      vertex   7.950667e+01 3.084202e+01 2.560307e+00
      vertex   8.316000e+01 3.084202e+01 2.560307e+00
    endloop
  endfacet
  facet normal -1.283664e-19 8.715553e-02 -9.961947e-01
    outer loop
      vertex   1.270000e+02 3.050000e+01 2.500000e+00
      vertex   1.087333e+02 3.067365e+01 2.515192e+00
      vertex   1.123867e+02 3.067365e+01 2.515192e+00
    endloop
  endfacet
  facet normal -2.716849e-19 8.715574e-02 -9.961947e-01
    outer loop
      vertex   7.220000e+01 3.050000e+01 2.500000e+00
      vertex   9.412000e+01 3.067365e+01 2.515192e+00
      vertex   9.777333e+01 3.067365e+01 2.515192e+00
    endloop
  endfacet
  facet normal 0.000000e+00 2.588190e-01 -9.659258e-01
    outer loop
      vertex   9.777333e+01 3.067365e+01 2.515192e+00
      vertex   9.412000e+01 3.067365e+01 2.515192e+00
      vertex   9.777333e+01 3.084202e+01 2.560307e+00
    endloop
  endfacet
  facet normal 2.149284e-03 9.999977e-01 -2.460100e-04
    outer loop
      vertex   4.824006e+01 3.150000e+01 3.500000e+00
      vertex   4.833637e+01 3.150000e+01 4.341339e+00
      vertex   4.824418e+01 3.149999e+01 3.495540e+00
    endloop
  endfacet
  facet normal 9.000542e-02 9.958928e-01 -9.821405e-03
    outer loop
      vertex   4.824418e+01 3.149999e+01 3.495540e+00
      vertex   4.833637e+01 3.150000e+01 4.341339e+00
      vertex   4.847910e+01 3.148481e+01 4.108912e+00
    endloop
  endfacet
  facet normal 8.816494e-02 9.960642e-01 -9.112261e-03
    outer loop
      vertex   4.824418e+01 3.149999e+01 3.495540e+00
      vertex   4.847910e+01 3.148481e+01 4.108912e+00
      vertex   4.840443e+01 3.148423e+01 3.323090e+00
    endloop
  endfacet
  facet normal 2.577248e-01 9.658897e-01 -2.520129e-02
    outer loop
      vertex   4.840443e+01 3.148423e+01 3.323090e+00
      vertex   4.847910e+01 3.148481e+01 4.108912e+00
      vertex   4.864603e+01 3.143969e+01 4.086935e+00
    endloop
  endfacet
  facet normal 2.585046e-01 9.656744e-01 -2.546048e-02
    outer loop
      vertex   4.840443e+01 3.148423e+01 3.323090e+00
      vertex   4.864603e+01 3.143969e+01 4.086935e+00
      vertex   4.856805e+01 3.143969e+01 3.295170e+00
    endloop
  endfacet
  facet normal 4.207683e-01 9.062211e-01 -4.144206e-02
    outer loop
      vertex   4.856805e+01 3.143969e+01 3.295170e+00
      vertex   4.864603e+01 3.143969e+01 4.086935e+00
      vertex   4.880266e+01 3.136603e+01 4.066314e+00
    endloop
  endfacet
  facet normal 4.207683e-01 9.062211e-01 -4.144206e-02
    outer loop
      vertex   4.856805e+01 3.143969e+01 3.295170e+00
      vertex   4.880266e+01 3.136603e+01 4.066314e+00
      vertex   4.872569e+01 3.136603e+01 3.284837e+00
    endloop
  endfacet
  facet normal 5.710196e-01 8.190077e-01 -5.624053e-02
    outer loop
      vertex   4.872569e+01 3.136603e+01 3.284837e+00
      vertex   4.880266e+01 3.136603e+01 4.066314e+00
      vertex   4.894423e+01 3.126604e+01 4.047677e+00
    endloop
  endfacet
  facet normal 5.710196e-01 8.190077e-01 -5.624053e-02
    outer loop
      vertex   4.872569e+01 3.136603e+01 3.284837e+00
      vertex   4.894423e+01 3.126604e+01 4.047677e+00
      vertex   4.886817e+01 3.126604e+01 3.275499e+00
    endloop
  endfacet
  facet normal 7.038903e-01 7.069174e-01 -6.932714e-02
    outer loop
      vertex   4.886817e+01 3.126604e+01 3.275499e+00
      vertex   4.894423e+01 3.126604e+01 4.047677e+00
      vertex   4.906643e+01 3.114279e+01 4.031588e+00
    endloop
  endfacet
  facet normal 7.038903e-01 7.069174e-01 -6.932714e-02
    outer loop
      vertex   4.886817e+01 3.126604e+01 3.275499e+00
      vertex   4.906643e+01 3.114279e+01 4.031588e+00
      vertex   4.899117e+01 3.114279e+01 3.267437e+00
    endloop
  endfacet
  facet normal 8.153512e-01 5.733703e-01 -8.030508e-02
    outer loop
      vertex   4.899117e+01 3.114279e+01 3.267437e+00
      vertex   4.906643e+01 3.114279e+01 4.031588e+00
      vertex   4.916556e+01 3.100000e+01 4.018538e+00
    endloop
  endfacet
  facet normal 8.153512e-01 5.733703e-01 -8.030508e-02
    outer loop
      vertex   4.899117e+01 3.114279e+01 3.267437e+00
      vertex   4.916556e+01 3.100000e+01 4.018538e+00
      vertex   4.909093e+01 3.100000e+01 3.260898e+00
    endloop
  endfacet
  facet normal 9.020299e-01 4.224324e-01 -8.884219e-02
    outer loop
      vertex   4.909093e+01 3.100000e+01 3.260898e+00
      vertex   4.916556e+01 3.100000e+01 4.018538e+00
      vertex   4.923859e+01 3.084202e+01 4.008923e+00
    endloop
  endfacet
  facet normal 9.020299e-01 4.224324e-01 -8.884219e-02
    outer loop
      vertex   4.909093e+01 3.100000e+01 3.260898e+00
      vertex   4.923859e+01 3.084202e+01 4.008923e+00
      vertex   4.916444e+01 3.084202e+01 3.256080e+00
    endloop
  endfacet
  facet normal 9.613091e-01 2.586897e-01 -9.468068e-02
    outer loop
      vertex   4.916444e+01 3.084202e+01 3.256080e+00
      vertex   4.923859e+01 3.084202e+01 4.008923e+00
      vertex   4.928332e+01 3.067365e+01 4.003034e+00
    endloop
  endfacet
  facet normal 9.613091e-01 2.586897e-01 -9.468068e-02
    outer loop
      vertex   4.916444e+01 3.084202e+01 3.256080e+00
      vertex   4.928332e+01 3.067365e+01 4.003034e+00
      vertex   4.920946e+01 3.067365e+01 3.253130e+00
    endloop
  endfacet
  facet normal 9.921235e-01 7.837544e-02 -9.771563e-02
    outer loop
      vertex   4.920946e+01 3.067365e+01 3.253130e+00
      vertex   4.928332e+01 3.067365e+01 4.003034e+00
      vertex   4.922801e+01 3.050000e+01 3.302199e+00
    endloop
  endfacet
  facet normal 9.947314e-01 9.645073e-02 -3.473679e-02
    outer loop
      vertex   4.920946e+01 3.067365e+01 3.253130e+00
      vertex   4.922801e+01 3.050000e+01 3.302199e+00
      vertex   4.920000e+01 3.050000e+01 2.500000e+00
    endloop
  endfacet
  facet normal 8.358221e-02 9.964053e-01 -1.379948e-02
    outer loop
      vertex   4.847910e+01 3.148481e+01 4.108912e+00
      vertex   4.833637e+01 3.150000e+01 4.341339e+00
      vertex   4.861050e+01 3.148481e+01 4.904752e+00
    endloop
  endfacet
  facet normal 8.868790e-02 9.959261e-01 -1.629659e-02
    outer loop
      vertex   4.861050e+01 3.148481e+01 4.904752e+00
      vertex   4.833637e+01 3.150000e+01 4.341339e+00
      vertex   4.848941e+01 3.150000e+01 5.174227e+00
    endloop
  endfacet
  facet normal 8.230764e-02 9.964222e-01 -1.919145e-02
    outer loop
      vertex   4.861050e+01 3.148481e+01 4.904752e+00
      vertex   4.848941e+01 3.150000e+01 5.174227e+00
      vertex   4.879366e+01 3.148481e+01 5.690295e+00
    endloop
  endfacet
  facet normal 8.757951e-02 9.959076e-01 -2.231464e-02
    outer loop
      vertex   4.879366e+01 3.148481e+01 5.690295e+00
      vertex   4.848941e+01 3.150000e+01 5.174227e+00
      vertex   4.869850e+01 3.150000e+01 5.994842e+00
    endloop
  endfacet
  facet normal 8.071715e-02 9.964363e-01 -2.448528e-02
    outer loop
      vertex   4.879366e+01 3.148481e+01 5.690295e+00
      vertex   4.869850e+01 3.150000e+01 5.994842e+00
      vertex   4.902781e+01 3.148481e+01 6.462176e+00
    endloop
  endfacet
  facet normal 8.602959e-02 9.958921e-01 -2.824641e-02
    outer loop
      vertex   4.902781e+01 3.148481e+01 6.462176e+00
      vertex   4.869850e+01 3.150000e+01 5.994842e+00
      vertex   4.896267e+01 3.150000e+01 6.799417e+00
    endloop
  endfacet
  facet normal 7.881696e-02 9.964476e-01 -2.966460e-02
    outer loop
      vertex   4.902781e+01 3.148481e+01 6.462176e+00
      vertex   4.896267e+01 3.150000e+01 6.799417e+00
      vertex   4.931194e+01 3.148481e+01 7.217091e+00
    endloop
  endfacet
  facet normal 8.404537e-02 9.958797e-01 -3.405740e-02
    outer loop
      vertex   4.931194e+01 3.148481e+01 7.217091e+00
      vertex   4.896267e+01 3.150000e+01 6.799417e+00
      vertex   4.928070e+01 3.150000e+01 7.584259e+00
    endloop
  endfacet
  facet normal 7.661403e-02 9.964564e-01 -3.471337e-02
    outer loop
      vertex   4.931194e+01 3.148481e+01 7.217091e+00
      vertex   4.928070e+01 3.150000e+01 7.584259e+00
      vertex   4.964483e+01 3.148481e+01 7.951806e+00
    endloop
  endfacet
  facet normal 8.163692e-02 9.958706e-01 -3.971372e-02
    outer loop
      vertex   4.964483e+01 3.148481e+01 7.951806e+00
      vertex   4.928070e+01 3.150000e+01 7.584259e+00
      vertex   4.965115e+01 3.150000e+01 8.345766e+00
    endloop
  endfacet
  facet normal 7.411605e-02 9.964624e-01 -3.961585e-02
    outer loop
      vertex   4.964483e+01 3.148481e+01 7.951806e+00
      vertex   4.965115e+01 3.150000e+01 8.345766e+00
      vertex   5.002507e+01 3.148481e+01 8.663176e+00
    endloop
  endfacet
  facet normal 7.881715e-02 9.958647e-01 -4.518243e-02
    outer loop
      vertex   5.002507e+01 3.148481e+01 8.663176e+00
      vertex   4.965115e+01 3.150000e+01 8.345766e+00
      vertex   5.007231e+01 3.150000e+01 9.080444e+00
    endloop
  endfacet
  facet normal 7.133144e-02 9.964659e-01 -4.435674e-02
    outer loop
      vertex   5.002507e+01 3.148481e+01 8.663176e+00
      vertex   5.007231e+01 3.150000e+01 9.080444e+00
      vertex   5.045101e+01 3.148481e+01 9.348154e+00
    endloop
  endfacet
  facet normal 7.560170e-02 9.958620e-01 -5.043170e-02
    outer loop
      vertex   5.045101e+01 3.148481e+01 9.348154e+00
      vertex   5.007231e+01 3.150000e+01 9.080444e+00
      vertex   5.054225e+01 3.150000e+01 9.784920e+00
    endloop
  endfacet
  facet normal 6.826933e-02 9.964668e-01 -4.892111e-02
    outer loop
      vertex   5.045101e+01 3.148481e+01 9.348154e+00
      vertex   5.054225e+01 3.150000e+01 9.784920e+00
      vertex   5.092085e+01 3.148481e+01 1.000381e+01
    endloop
  endfacet
  facet normal 7.200885e-02 9.958625e-01 -5.543113e-02
    outer loop
      vertex   5.092085e+01 3.148481e+01 1.000381e+01
      vertex   5.054225e+01 3.150000e+01 9.784920e+00
      vertex   5.105880e+01 3.150000e+01 1.045596e+01
    endloop
  endfacet
  facet normal 6.493951e-02 9.964650e-01 -5.329448e-02
    outer loop
      vertex   5.092085e+01 3.148481e+01 1.000381e+01
      vertex   5.105880e+01 3.150000e+01 1.045596e+01
      vertex   5.143256e+01 3.148481e+01 1.062733e+01
    endloop
  endfacet
  facet normal 6.805934e-02 9.958663e-01 -6.015196e-02
    outer loop
      vertex   5.143256e+01 3.148481e+01 1.062733e+01
      vertex   5.105880e+01 3.150000e+01 1.045596e+01
      vertex   5.161961e+01 3.150000e+01 1.109049e+01
    endloop
  endfacet
  facet normal 6.135245e-02 9.964607e-01 -5.746284e-02
    outer loop
      vertex   5.143256e+01 3.148481e+01 1.062733e+01
      vertex   5.161961e+01 3.150000e+01 1.109049e+01
      vertex   5.198395e+01 3.148481e+01 1.121605e+01
    endloop
  endfacet
  facet normal 6.377626e-02 9.958733e-01 -6.456725e-02
    outer loop
      vertex   5.198395e+01 3.148481e+01 1.121605e+01
      vertex   5.161961e+01 3.150000e+01 1.109049e+01
      vertex   5.222209e+01 3.150000e+01 1.168559e+01
    endloop
  endfacet
  facet normal 5.751927e-02 9.964537e-01 -6.141270e-02
    outer loop
      vertex   5.198395e+01 3.148481e+01 1.121605e+01
      vertex   5.222209e+01 3.150000e+01 1.168559e+01
      vertex   5.257267e+01 3.148481e+01 1.176744e+01
    endloop
  endfacet
  facet normal 5.918485e-02 9.958835e-01 -6.865214e-02
    outer loop
      vertex   5.257267e+01 3.148481e+01 1.176744e+01
      vertex   5.222209e+01 3.150000e+01 1.168559e+01
      vertex   5.286348e+01 3.150000e+01 1.223853e+01
    endloop
  endfacet
  facet normal 5.345169e-02 9.964441e-01 -6.513108e-02
    outer loop
      vertex   5.257267e+01 3.148481e+01 1.176744e+01
      vertex   5.286348e+01 3.150000e+01 1.223853e+01
      vertex   5.319619e+01 3.148481e+01 1.227915e+01
    endloop
  endfacet
  facet normal 5.431229e-02 9.958969e-01 -7.238398e-02
    outer loop
      vertex   5.319619e+01 3.148481e+01 1.227915e+01
      vertex   5.286348e+01 3.150000e+01 1.223853e+01
      vertex   5.354083e+01 3.150000e+01 1.274677e+01
    endloop
  endfacet
  facet normal 4.916205e-02 9.964318e-01 -6.860556e-02
    outer loop
      vertex   5.319619e+01 3.148481e+01 1.227915e+01
      vertex   5.354083e+01 3.150000e+01 1.274677e+01
      vertex   5.385185e+01 3.148481e+01 1.274899e+01
    endloop
  endfacet
  facet normal 4.918754e-02 9.959135e-01 -7.574253e-02
    outer loop
      vertex   5.385185e+01 3.148481e+01 1.274899e+01
      vertex   5.354083e+01 3.150000e+01 1.274677e+01
      vertex   5.425105e+01 3.150000e+01 1.320799e+01
    endloop
  endfacet
  facet normal 4.466322e-02 9.964168e-01 -7.182431e-02
    outer loop
      vertex   5.385185e+01 3.148481e+01 1.274899e+01
      vertex   5.425105e+01 3.150000e+01 1.320799e+01
      vertex   5.453682e+01 3.148481e+01 1.317493e+01
    endloop
  endfacet
  facet normal 4.384103e-02 9.959331e-01 -7.871008e-02
    outer loop
      vertex   5.453682e+01 3.148481e+01 1.317493e+01
      vertex   5.425105e+01 3.150000e+01 1.320799e+01
      vertex   5.499086e+01 3.150000e+01 1.362006e+01
    endloop
  endfacet
  facet normal 3.996865e-02 9.963990e-01 -7.477609e-02
    outer loop
      vertex   5.453682e+01 3.148481e+01 1.317493e+01
      vertex   5.499086e+01 3.150000e+01 1.362006e+01
      vertex   5.524819e+01 3.148481e+01 1.355517e+01
    endloop
  endfacet
  facet normal 3.830450e-02 9.959557e-01 -8.127157e-02
    outer loop
      vertex   5.524819e+01 3.148481e+01 1.355517e+01
      vertex   5.499086e+01 3.150000e+01 1.362006e+01
      vertex   5.575688e+01 3.150000e+01 1.398110e+01
    endloop
  endfacet
  facet normal 3.509227e-02 9.963784e-01 -7.745029e-02
    outer loop
      vertex   5.524819e+01 3.148481e+01 1.355517e+01
      vertex   5.575688e+01 3.150000e+01 1.398110e+01
      vertex   5.598291e+01 3.148481e+01 1.388806e+01
    endloop
  endfacet
  facet normal 3.261071e-02 9.959812e-01 -8.341469e-02
    outer loop
      vertex   5.598291e+01 3.148481e+01 1.388806e+01
      vertex   5.575688e+01 3.150000e+01 1.398110e+01
      vertex   5.654558e+01 3.150000e+01 1.428944e+01
    endloop
  endfacet
  facet normal 3.004850e-02 9.963549e-01 -7.983694e-02
    outer loop
      vertex   5.598291e+01 3.148481e+01 1.388806e+01
      vertex   5.654558e+01 3.150000e+01 1.428944e+01
      vertex   5.673782e+01 3.148481e+01 1.417219e+01
    endloop
  endfacet
  facet normal 2.679322e-02 9.960095e-01 -8.512993e-02
    outer loop
      vertex   5.673782e+01 3.148481e+01 1.417219e+01
      vertex   5.654558e+01 3.150000e+01 1.428944e+01
      vertex   5.735335e+01 3.150000e+01 1.454367e+01
    endloop
  endfacet
  facet normal 2.485221e-02 9.963284e-01 -8.192675e-02
    outer loop
      vertex   5.673782e+01 3.148481e+01 1.417219e+01
      vertex   5.735335e+01 3.150000e+01 1.454367e+01
      vertex   5.750971e+01 3.148481e+01 1.440634e+01
    endloop
  endfacet
  facet normal 2.088607e-02 9.960406e-01 -8.641064e-02
    outer loop
      vertex   5.750971e+01 3.148481e+01 1.440634e+01
      vertex   5.735335e+01 3.150000e+01 1.454367e+01
      vertex   5.817648e+01 3.150000e+01 1.474262e+01
    endloop
  endfacet
  facet normal 1.951869e-02 9.962989e-01 -8.371109e-02
    outer loop
      vertex   5.750971e+01 3.148481e+01 1.440634e+01
      vertex   5.817648e+01 3.150000e+01 1.474262e+01
      vertex   5.829525e+01 3.148481e+01 1.458950e+01
    endloop
  endfacet
  facet normal 1.492360e-02 9.960744e-01 -8.725304e-02
    outer loop
      vertex   5.829525e+01 3.148481e+01 1.458950e+01
      vertex   5.817648e+01 3.150000e+01 1.474262e+01
      vertex   5.901119e+01 3.150000e+01 1.488539e+01
    endloop
  endfacet
  facet normal 1.406361e-02 9.962661e-01 -8.518201e-02
    outer loop
      vertex   5.829525e+01 3.148481e+01 1.458950e+01
      vertex   5.901119e+01 3.150000e+01 1.488539e+01
      vertex   5.909109e+01 3.148481e+01 1.472090e+01
    endloop
  endfacet
  facet normal 8.940129e-03 9.961107e-01 -8.765622e-02
    outer loop
      vertex   5.909109e+01 3.148481e+01 1.472090e+01
      vertex   5.901119e+01 3.150000e+01 1.488539e+01
      vertex   5.985365e+01 3.150000e+01 1.497131e+01
    endloop
  endfacet
  facet normal 8.502988e-03 9.962301e-01 -8.633229e-02
    outer loop
      vertex   5.909109e+01 3.148481e+01 1.472090e+01
      vertex   5.985365e+01 3.150000e+01 1.497131e+01
      vertex   5.989382e+01 3.148481e+01 1.479996e+01
    endloop
  endfacet
  facet normal 2.969754e-03 9.961494e-01 -8.762209e-02
    outer loop
      vertex   5.989382e+01 3.148481e+01 1.479996e+01
      vertex   5.985365e+01 3.150000e+01 1.497131e+01
      vertex   6.070000e+01 3.150000e+01 1.500000e+01
    endloop
  endfacet
  facet normal 2.853172e-03 9.961906e-01 -8.715539e-02
    outer loop
      vertex   5.989382e+01 3.148481e+01 1.479996e+01
      vertex   6.070000e+01 3.150000e+01 1.500000e+01
      vertex   6.070000e+01 3.148481e+01 1.482635e+01
    endloop
  endfacet
  facet normal -2.853172e-03 9.961906e-01 -8.715539e-02
    outer loop
      vertex   6.070000e+01 3.148481e+01 1.482635e+01
      vertex   6.070000e+01 3.150000e+01 1.500000e+01
      vertex   6.150618e+01 3.148481e+01 1.479996e+01
    endloop
  endfacet
  facet normal -8.472554e-03 9.658912e-01 -2.588098e-01
    outer loop
      vertex   6.070000e+01 3.148481e+01 1.482635e+01
      vertex   6.150618e+01 3.148481e+01 1.479996e+01
      vertex   6.149517e+01 3.143969e+01 1.463195e+01
    endloop
  endfacet
  facet normal -2.538138e-02 9.658912e-01 -2.577015e-01
    outer loop
      vertex   6.149517e+01 3.143969e+01 1.463195e+01
      vertex   6.150618e+01 3.148481e+01 1.479996e+01
      vertex   6.228693e+01 3.143969e+01 1.455397e+01
    endloop
  endfacet
  facet normal -4.144206e-02 9.062211e-01 -4.207683e-01
    outer loop
      vertex   6.149517e+01 3.143969e+01 1.463195e+01
      vertex   6.228693e+01 3.143969e+01 1.455397e+01
      vertex   6.226631e+01 3.136603e+01 1.439734e+01
    endloop
  endfacet
  facet normal -6.887289e-02 9.062211e-01 -4.171569e-01
    outer loop
      vertex   6.226631e+01 3.136603e+01 1.439734e+01
      vertex   6.228693e+01 3.143969e+01 1.455397e+01
      vertex   6.304108e+01 3.136603e+01 1.426942e+01
    endloop
  endfacet
  facet normal -9.346658e-02 8.190077e-01 -5.661187e-01
    outer loop
      vertex   6.226631e+01 3.136603e+01 1.439734e+01
      vertex   6.304108e+01 3.136603e+01 1.426942e+01
      vertex   6.301323e+01 3.126604e+01 1.412938e+01
    endloop
  endfacet
  facet normal -1.302924e-01 8.190077e-01 -5.587936e-01
    outer loop
      vertex   6.301323e+01 3.126604e+01 1.412938e+01
      vertex   6.304108e+01 3.136603e+01 1.426942e+01
      vertex   6.376887e+01 3.126604e+01 1.395319e+01
    endloop
  endfacet
  facet normal -1.606102e-01 7.069174e-01 -6.888194e-01
    outer loop
      vertex   6.301323e+01 3.126604e+01 1.412938e+01
      vertex   6.376887e+01 3.126604e+01 1.395319e+01
      vertex   6.373697e+01 3.114279e+01 1.383413e+01
    endloop
  endfacet
  facet normal -2.053172e-01 7.069174e-01 -6.768402e-01
    outer loop
      vertex   6.373697e+01 3.114279e+01 1.383413e+01
      vertex   6.376887e+01 3.126604e+01 1.395319e+01
      vertex   6.447176e+01 3.114279e+01 1.361124e+01
    endloop
  endfacet
  facet normal -2.378292e-01 5.733703e-01 -7.840177e-01
    outer loop
      vertex   6.373697e+01 3.114279e+01 1.383413e+01
      vertex   6.447176e+01 3.114279e+01 1.361124e+01
      vertex   6.443962e+01 3.100000e+01 1.351656e+01
    endloop
  endfacet
  facet normal -2.885972e-01 5.733703e-01 -7.667843e-01
    outer loop
      vertex   6.443962e+01 3.100000e+01 1.351656e+01
      vertex   6.447176e+01 3.114279e+01 1.361124e+01
      vertex   6.515213e+01 3.100000e+01 1.324839e+01
    endloop
  endfacet
  facet normal -3.192775e-01 4.224324e-01 -8.482999e-01
    outer loop
      vertex   6.443962e+01 3.100000e+01 1.351656e+01
      vertex   6.515213e+01 3.100000e+01 1.324839e+01
      vertex   6.512394e+01 3.084202e+01 1.318033e+01
    endloop
  endfacet
  facet normal -3.740754e-01 4.224324e-01 -8.256019e-01
    outer loop
      vertex   6.512394e+01 3.084202e+01 1.318033e+01
      vertex   6.515213e+01 3.100000e+01 1.324839e+01
      vertex   6.581299e+01 3.084202e+01 1.286812e+01
    endloop
  endfacet
  facet normal -3.986587e-01 2.586897e-01 -8.798584e-01
    outer loop
      vertex   6.512394e+01 3.084202e+01 1.318033e+01
      vertex   6.581299e+01 3.084202e+01 1.286812e+01
      vertex   6.579304e+01 3.067365e+01 1.282766e+01
    endloop
  endfacet
  facet normal -4.553506e-01 2.586897e-01 -8.519011e-01
    outer loop
      vertex   6.579304e+01 3.067365e+01 1.282766e+01
      vertex   6.581299e+01 3.084202e+01 1.286812e+01
      vertex   6.645760e+01 3.067365e+01 1.247245e+01
    endloop
  endfacet
  facet normal -4.696048e-01 8.710943e-02 -8.785689e-01
    outer loop
      vertex   6.579304e+01 3.067365e+01 1.282766e+01
      vertex   6.645760e+01 3.067365e+01 1.247245e+01
      vertex   6.645000e+01 3.050000e+01 1.245929e+01
    endloop
  endfacet
  facet normal -5.260605e-01 8.710943e-02 -8.459742e-01
    outer loop
      vertex   6.645000e+01 3.050000e+01 1.245929e+01
      vertex   6.645760e+01 3.067365e+01 1.247245e+01
      vertex   6.709750e+01 3.067365e+01 1.207453e+01
    endloop
  endfacet
  facet normal -5.274487e-01 9.645073e-02 -8.440943e-01
    outer loop
      vertex   6.645000e+01 3.050000e+01 1.245929e+01
      vertex   6.709750e+01 3.067365e+01 1.207453e+01
      vertex   6.713072e+01 3.050000e+01 1.203393e+01
    endloop
  endfacet
  facet normal -5.806859e-01 7.837544e-02 -8.103463e-01
    outer loop
      vertex   6.713072e+01 3.050000e+01 1.203393e+01
      vertex   6.709750e+01 3.067365e+01 1.207453e+01
      vertex   6.771000e+01 3.067365e+01 1.163562e+01
    endloop
  endfacet
  facet normal -5.845651e-01 1.045319e-01 -8.045848e-01
    outer loop
      vertex   6.713072e+01 3.050000e+01 1.203393e+01
      vertex   6.771000e+01 3.067365e+01 1.163562e+01
      vertex   6.778011e+01 3.050000e+01 1.156212e+01
    endloop
  endfacet
  facet normal -6.327979e-01 7.087438e-02 -7.710665e-01
    outer loop
      vertex   6.778011e+01 3.050000e+01 1.156212e+01
      vertex   6.771000e+01 3.067365e+01 1.163562e+01
      vertex   6.829249e+01 3.067365e+01 1.115758e+01
    endloop
  endfacet
  facet normal -6.387900e-01 1.113540e-01 -7.612803e-01
    outer loop
      vertex   6.778011e+01 3.050000e+01 1.156212e+01
      vertex   6.829249e+01 3.067365e+01 1.115758e+01
      vertex   6.839500e+01 3.050000e+01 1.104617e+01
    endloop
  endfacet
  facet normal -6.821638e-01 6.461403e-02 -7.283389e-01
    outer loop
      vertex   6.839500e+01 3.050000e+01 1.104617e+01
      vertex   6.829249e+01 3.067365e+01 1.115758e+01
      vertex   6.884247e+01 3.067365e+01 1.064247e+01
    endloop
  endfacet
  facet normal -6.898936e-01 1.169243e-01 -7.144057e-01
    outer loop
      vertex   6.839500e+01 3.050000e+01 1.104617e+01
      vertex   6.884247e+01 3.067365e+01 1.064247e+01
      vertex   6.897241e+01 3.050000e+01 1.048857e+01
    endloop
  endfacet
  facet normal -7.285666e-01 5.960007e-02 -6.823771e-01
    outer loop
      vertex   6.897241e+01 3.050000e+01 1.048857e+01
      vertex   6.884247e+01 3.067365e+01 1.064247e+01
      vertex   6.935758e+01 3.067365e+01 1.009249e+01
    endloop
  endfacet
  facet normal -7.376620e-01 1.212492e-01 -6.641938e-01
    outer loop
      vertex   6.897241e+01 3.050000e+01 1.048857e+01
      vertex   6.935758e+01 3.067365e+01 1.009249e+01
      vertex   6.950951e+01 3.050000e+01 9.892057e+00
    endloop
  endfacet
  facet normal -7.718045e-01 5.583653e-02 -6.334036e-01
    outer loop
      vertex   6.950951e+01 3.050000e+01 9.892057e+00
      vertex   6.935758e+01 3.067365e+01 1.009249e+01
      vertex   6.983562e+01 3.067365e+01 9.510005e+00
    endloop
  endfacet
  facet normal -7.818961e-01 1.243343e-01 -6.108842e-01
    outer loop
      vertex   6.950951e+01 3.050000e+01 9.892057e+00
      vertex   6.983562e+01 3.067365e+01 9.510005e+00
      vertex   7.000370e+01 3.050000e+01 9.259530e+00
    endloop
  endfacet
  facet normal -8.116901e-01 5.332613e-02 -5.816489e-01
    outer loop
      vertex   7.000370e+01 3.050000e+01 9.259530e+00
      vertex   6.983562e+01 3.067365e+01 9.510005e+00
      vertex   7.027453e+01 3.067365e+01 8.897498e+00
    endloop
  endfacet
  facet normal -8.224110e-01 1.261837e-01 -5.547232e-01
    outer loop
      vertex   7.000370e+01 3.050000e+01 9.259530e+00
      vertex   7.027453e+01 3.067365e+01 8.897498e+00
      vertex   7.045255e+01 3.050000e+01 8.594071e+00
    endloop
  endfacet
  facet normal -8.480502e-01 5.207054e-02 -5.273515e-01
    outer loop
      vertex   7.045255e+01 3.050000e+01 8.594071e+00
      vertex   7.027453e+01 3.067365e+01 8.897498e+00
      vertex   7.067245e+01 3.067365e+01 8.257596e+00
    endloop
  endfacet
  facet normal -8.590351e-01 1.267999e-01 -4.959642e-01
    outer loop
      vertex   7.045255e+01 3.050000e+01 8.594071e+00
      vertex   7.067245e+01 3.067365e+01 8.257596e+00
      vertex   7.085390e+01 3.050000e+01 7.898923e+00
    endloop
  endfacet
  facet normal -8.807249e-01 5.207054e-02 -4.707572e-01
    outer loop
      vertex   7.085390e+01 3.050000e+01 7.898923e+00
      vertex   7.067245e+01 3.067365e+01 8.257596e+00
      vertex   7.102766e+01 3.067365e+01 7.593039e+00
    endloop
  endfacet
  facet normal -8.916099e-01 1.261837e-01 -4.348672e-01
    outer loop
      vertex   7.085390e+01 3.050000e+01 7.898923e+00
      vertex   7.102766e+01 3.067365e+01 7.593039e+00
      vertex   7.120577e+01 3.050000e+01 7.177471e+00
    endloop
  endfacet
  facet normal -9.095678e-01 5.332613e-02 -4.121198e-01
    outer loop
      vertex   7.120577e+01 3.050000e+01 7.177471e+00
      vertex   7.102766e+01 3.067365e+01 7.593039e+00
      vertex   7.133865e+01 3.067365e+01 6.906673e+00
    endloop
  endfacet
  facet normal -9.199893e-01 1.243343e-01 -3.716998e-01
    outer loop
      vertex   7.120577e+01 3.050000e+01 7.177471e+00
      vertex   7.133865e+01 3.067365e+01 6.906673e+00
      vertex   7.150647e+01 3.050000e+01 6.433232e+00
    endloop
  endfacet
  facet normal -9.344458e-01 5.583653e-02 -3.517005e-01
    outer loop
      vertex   7.150647e+01 3.050000e+01 6.433232e+00
      vertex   7.133865e+01 3.067365e+01 6.906673e+00
      vertex   7.160408e+01 3.067365e+01 6.201437e+00
    endloop
  endfacet
  facet normal -9.440397e-01 1.212492e-01 -3.067371e-01
    outer loop
      vertex   7.150647e+01 3.050000e+01 6.433232e+00
      vertex   7.160408e+01 3.067365e+01 6.201437e+00
      vertex   7.175451e+01 3.050000e+01 5.669830e+00
    endloop
  endfacet
  facet normal -9.552392e-01 5.960007e-02 -2.897686e-01
    outer loop
      vertex   7.175451e+01 3.050000e+01 5.669830e+00
      vertex   7.160408e+01 3.067365e+01 6.201437e+00
      vertex   7.182282e+01 3.067365e+01 5.480351e+00
    endloop
  endfacet
  facet normal -9.636403e-01 1.169243e-01 -2.402625e-01
    outer loop
      vertex   7.175451e+01 3.050000e+01 5.669830e+00
      vertex   7.182282e+01 3.067365e+01 5.480351e+00
      vertex   7.194870e+01 3.050000e+01 4.890984e+00
    endloop
  endfacet
  facet normal -9.718419e-01 6.461403e-02 -2.266017e-01
    outer loop
      vertex   7.194870e+01 3.050000e+01 4.890984e+00
      vertex   7.182282e+01 3.067365e+01 5.480351e+00
      vertex   7.199393e+01 3.067365e+01 4.746502e+00
    endloop
  endfacet
  facet normal -9.786830e-01 1.113540e-01 -1.725682e-01
    outer loop
      vertex   7.194870e+01 3.050000e+01 4.890984e+00
      vertex   7.199393e+01 3.067365e+01 4.746502e+00
      vertex   7.208808e+01 3.050000e+01 4.100491e+00
    endloop
  endfacet
  facet normal -9.841622e-01 7.087438e-02 -1.624858e-01
    outer loop
      vertex   7.208808e+01 3.050000e+01 4.100491e+00
      vertex   7.199393e+01 3.067365e+01 4.746502e+00
      vertex   7.211668e+01 3.067365e+01 4.003034e+00
    endloop
  endfacet
  facet normal -9.890734e-01 1.045319e-01 -1.039558e-01
    outer loop
      vertex   7.208808e+01 3.050000e+01 4.100491e+00
      vertex   7.211668e+01 3.067365e+01 4.003034e+00
      vertex   7.217199e+01 3.050000e+01 3.302199e+00
    endloop
  endfacet
  facet normal -9.921235e-01 7.837544e-02 -9.771563e-02
    outer loop
      vertex   7.217199e+01 3.050000e+01 3.302199e+00
      vertex   7.211668e+01 3.067365e+01 4.003034e+00
      vertex   7.219054e+01 3.067365e+01 3.253130e+00
    endloop
  endfacet
  facet normal -9.947314e-01 9.645073e-02 -3.473679e-02
    outer loop
      vertex   7.217199e+01 3.050000e+01 3.302199e+00
      vertex   7.219054e+01 3.067365e+01 3.253130e+00
      vertex   7.220000e+01 3.050000e+01 2.500000e+00
    endloop
  endfacet
  facet normal -9.978935e-01 5.933822e-02 -2.621953e-02
    outer loop
      vertex   7.220000e+01 3.050000e+01 2.500000e+00
      vertex   7.219054e+01 3.067365e+01 3.253130e+00
      vertex   7.220669e+01 3.061552e+01 2.506692e+00
    endloop
  endfacet
  facet normal -9.650707e-01 2.587554e-01 -4.103846e-02
    outer loop
      vertex   7.220669e+01 3.061552e+01 2.506692e+00
      vertex   7.219054e+01 3.067365e+01 3.253130e+00
      vertex   7.223556e+01 3.084202e+01 3.256080e+00
    endloop
  endfacet
  facet normal -9.846036e-01 1.741808e-01 -1.472379e-02
    outer loop
      vertex   7.220669e+01 3.061552e+01 2.506692e+00
      vertex   7.223556e+01 3.084202e+01 3.256080e+00
      vertex   7.222626e+01 3.072781e+01 2.526294e+00
    endloop
  endfacet
  facet normal -9.564794e-01 2.899060e-01 -3.319253e-02
    outer loop
      vertex   7.222626e+01 3.072781e+01 2.526294e+00
      vertex   7.223556e+01 3.084202e+01 3.256080e+00
      vertex   7.225778e+01 3.083542e+01 2.557928e+00
    endloop
  endfacet
  facet normal -9.057820e-01 4.224701e-01 -3.283194e-02
    outer loop
      vertex   7.225778e+01 3.083542e+01 2.557928e+00
      vertex   7.223556e+01 3.084202e+01 3.256080e+00
      vertex   7.230907e+01 3.100000e+01 3.260898e+00
    endloop
  endfacet
  facet normal -9.193649e-01 3.926200e-01 -2.485248e-02
    outer loop
      vertex   7.225778e+01 3.083542e+01 2.557928e+00
      vertex   7.230907e+01 3.100000e+01 3.260898e+00
      vertex   7.229947e+01 3.093569e+01 2.599900e+00
    endloop
  endfacet
  facet normal -8.692001e-01 4.931941e-01 -3.536591e-02
    outer loop
      vertex   7.229947e+01 3.093569e+01 2.599900e+00
      vertex   7.230907e+01 3.100000e+01 3.260898e+00
      vertex   7.234976e+01 3.102797e+01 2.650739e+00
    endloop
  endfacet
  facet normal -8.158600e-01 5.775742e-01 -2.793954e-02
    outer loop
      vertex   7.234976e+01 3.102797e+01 2.650739e+00
      vertex   7.230907e+01 3.100000e+01 3.260898e+00
      vertex   7.240714e+01 3.111184e+01 2.709010e+00
    endloop
  endfacet
  facet normal -8.187468e-01 5.734069e-01 -2.929704e-02
    outer loop
      vertex   7.240714e+01 3.111184e+01 2.709010e+00
      vertex   7.230907e+01 3.100000e+01 3.260898e+00
      vertex   7.240883e+01 3.114279e+01 3.267437e+00
    endloop
  endfacet
  facet normal -7.512006e-01 6.591845e-01 -3.425547e-02
    outer loop
      vertex   7.240714e+01 3.111184e+01 2.709010e+00
      vertex   7.240883e+01 3.114279e+01 3.267437e+00
      vertex   7.247026e+01 3.118711e+01 2.773441e+00
    endloop
  endfacet
  facet normal -7.068522e-01 7.069383e-01 -2.445617e-02
    outer loop
      vertex   7.247026e+01 3.118711e+01 2.773441e+00
      vertex   7.240883e+01 3.114279e+01 3.267437e+00
      vertex   7.253183e+01 3.126604e+01 3.275499e+00
    endloop
  endfacet
  facet normal -6.856462e-01 7.273057e-01 -3.025876e-02
    outer loop
      vertex   7.247026e+01 3.118711e+01 2.773441e+00
      vertex   7.253183e+01 3.126604e+01 3.275499e+00
      vertex   7.253796e+01 3.125383e+01 2.842930e+00
    endloop
  endfacet
  facet normal -5.766715e-01 8.163791e-01 -3.122838e-02
    outer loop
      vertex   7.253796e+01 3.125383e+01 2.842930e+00
      vertex   7.253183e+01 3.126604e+01 3.275499e+00
      vertex   7.268305e+01 3.136207e+01 2.993197e+00
    endloop
  endfacet
  facet normal -5.729283e-01 8.191171e-01 -2.829196e-02
    outer loop
      vertex   7.268305e+01 3.136207e+01 2.993197e+00
      vertex   7.253183e+01 3.126604e+01 3.275499e+00
      vertex   7.267431e+01 3.136603e+01 3.284837e+00
    endloop
  endfacet
  facet normal -4.232546e-01 9.056663e-01 -2.498206e-02
    outer loop
      vertex   7.268305e+01 3.136207e+01 2.993197e+00
      vertex   7.267431e+01 3.136603e+01 3.284837e+00
      vertex   7.283704e+01 3.143849e+01 3.154685e+00
    endloop
  endfacet
  facet normal -4.220084e-01 9.062983e-01 -2.307202e-02
    outer loop
      vertex   7.283704e+01 3.143849e+01 3.154685e+00
      vertex   7.267431e+01 3.136603e+01 3.284837e+00
      vertex   7.283195e+01 3.143969e+01 3.295170e+00
    endloop
  endfacet
  facet normal -2.597824e-01 9.655049e-01 -1.770165e-02
    outer loop
      vertex   7.283704e+01 3.143849e+01 3.154685e+00
      vertex   7.283195e+01 3.143969e+01 3.295170e+00
      vertex   7.299557e+01 3.148423e+01 3.323090e+00
    endloop
  endfacet
  facet normal -2.585046e-01 9.656744e-01 -2.546048e-02
    outer loop
      vertex   7.299557e+01 3.148423e+01 3.323090e+00
      vertex   7.283195e+01 3.143969e+01 3.295170e+00
      vertex   7.275397e+01 3.143969e+01 4.086935e+00
    endloop
  endfacet
  facet normal -2.577248e-01 9.658897e-01 -2.520129e-02
    outer loop
      vertex   7.299557e+01 3.148423e+01 3.323090e+00
      vertex   7.275397e+01 3.143969e+01 4.086935e+00
      vertex   7.292090e+01 3.148481e+01 4.108912e+00
    endloop
  endfacet
  facet normal -2.554897e-01 9.658912e-01 -4.218152e-02
    outer loop
      vertex   7.292090e+01 3.148481e+01 4.108912e+00
      vertex   7.275397e+01 3.143969e+01 4.086935e+00
      vertex   7.278950e+01 3.148481e+01 4.904752e+00
    endloop
  endfacet
  facet normal -8.358221e-02 9.964053e-01 -1.379948e-02
    outer loop
      vertex   7.292090e+01 3.148481e+01 4.108912e+00
      vertex   7.278950e+01 3.148481e+01 4.904752e+00
      vertex   7.306363e+01 3.150000e+01 4.341339e+00
    endloop
  endfacet
  facet normal -8.868790e-02 9.959261e-01 -1.629659e-02
    outer loop
      vertex   7.306363e+01 3.150000e+01 4.341339e+00
      vertex   7.278950e+01 3.148481e+01 4.904752e+00
      vertex   7.291059e+01 3.150000e+01 5.174227e+00
    endloop
  endfacet
  facet normal -8.230764e-02 9.964222e-01 -1.919145e-02
    outer loop
      vertex   7.291059e+01 3.150000e+01 5.174227e+00
      vertex   7.278950e+01 3.148481e+01 4.904752e+00
      vertex   7.260634e+01 3.148481e+01 5.690295e+00
    endloop
  endfacet
  facet normal -8.757951e-02 9.959076e-01 -2.231464e-02
    outer loop
      vertex   7.291059e+01 3.150000e+01 5.174227e+00
      vertex   7.260634e+01 3.148481e+01 5.690295e+00
      vertex   7.270150e+01 3.150000e+01 5.994842e+00
    endloop
  endfacet
  facet normal -8.071715e-02 9.964363e-01 -2.448528e-02
    outer loop
      vertex   7.270150e+01 3.150000e+01 5.994842e+00
      vertex   7.260634e+01 3.148481e+01 5.690295e+00
      vertex   7.237219e+01 3.148481e+01 6.462176e+00
    endloop
  endfacet
  facet normal -8.602959e-02 9.958921e-01 -2.824641e-02
    outer loop
      vertex   7.270150e+01 3.150000e+01 5.994842e+00
      vertex   7.237219e+01 3.148481e+01 6.462176e+00
      vertex   7.243733e+01 3.150000e+01 6.799417e+00
    endloop
  endfacet
  facet normal -7.881696e-02 9.964476e-01 -2.966460e-02
    outer loop
      vertex   7.243733e+01 3.150000e+01 6.799417e+00
      vertex   7.237219e+01 3.148481e+01 6.462176e+00
      vertex   7.208806e+01 3.148481e+01 7.217091e+00
    endloop
  endfacet
  facet normal -8.404537e-02 9.958797e-01 -3.405740e-02
    outer loop
      vertex   7.243733e+01 3.150000e+01 6.799417e+00
      vertex   7.208806e+01 3.148481e+01 7.217091e+00
      vertex   7.211930e+01 3.150000e+01 7.584259e+00
    endloop
  endfacet
  facet normal -7.661403e-02 9.964564e-01 -3.471337e-02
    outer loop
      vertex   7.211930e+01 3.150000e+01 7.584259e+00
      vertex   7.208806e+01 3.148481e+01 7.217091e+00
      vertex   7.175517e+01 3.148481e+01 7.951806e+00
    endloop
  endfacet
  facet normal -8.163692e-02 9.958706e-01 -3.971372e-02
    outer loop
      vertex   7.211930e+01 3.150000e+01 7.584259e+00
      vertex   7.175517e+01 3.148481e+01 7.951806e+00
      vertex   7.174885e+01 3.150000e+01 8.345766e+00
    endloop
  endfacet
  facet normal -7.411605e-02 9.964624e-01 -3.961585e-02
    outer loop
      vertex   7.174885e+01 3.150000e+01 8.345766e+00
      vertex   7.175517e+01 3.148481e+01 7.951806e+00
      vertex   7.137493e+01 3.148481e+01 8.663176e+00
    endloop
  endfacet
  facet normal -7.881715e-02 9.958647e-01 -4.518243e-02
    outer loop
      vertex   7.174885e+01 3.150000e+01 8.345766e+00
      vertex   7.137493e+01 3.148481e+01 8.663176e+00
      vertex   7.132769e+01 3.150000e+01 9.080444e+00
    endloop
  endfacet
  facet normal -7.133144e-02 9.964659e-01 -4.435674e-02
    outer loop
      vertex   7.132769e+01 3.150000e+01 9.080444e+00
      vertex   7.137493e+01 3.148481e+01 8.663176e+00
      vertex   7.094899e+01 3.148481e+01 9.348154e+00
    endloop
  endfacet
  facet normal -7.560170e-02 9.958620e-01 -5.043170e-02
    outer loop
      vertex   7.132769e+01 3.150000e+01 9.080444e+00
      vertex   7.094899e+01 3.148481e+01 9.348154e+00
      vertex   7.085775e+01 3.150000e+01 9.784920e+00
    endloop
  endfacet
  facet normal -6.826933e-02 9.964668e-01 -4.892111e-02
    outer loop
      vertex   7.085775e+01 3.150000e+01 9.784920e+00
      vertex   7.094899e+01 3.148481e+01 9.348154e+00
      vertex   7.047915e+01 3.148481e+01 1.000381e+01
    endloop
  endfacet
  facet normal -7.200885e-02 9.958625e-01 -5.543113e-02
    outer loop
      vertex   7.085775e+01 3.150000e+01 9.784920e+00
      vertex   7.047915e+01 3.148481e+01 1.000381e+01
      vertex   7.034120e+01 3.150000e+01 1.045596e+01
    endloop
  endfacet
  facet normal -6.493951e-02 9.964650e-01 -5.329448e-02
    outer loop
      vertex   7.034120e+01 3.150000e+01 1.045596e+01
      vertex   7.047915e+01 3.148481e+01 1.000381e+01
      vertex   6.996744e+01 3.148481e+01 1.062733e+01
    endloop
  endfacet
  facet normal -6.805934e-02 9.958663e-01 -6.015196e-02
    outer loop
      vertex   7.034120e+01 3.150000e+01 1.045596e+01
      vertex   6.996744e+01 3.148481e+01 1.062733e+01
      vertex   6.978039e+01 3.150000e+01 1.109049e+01
    endloop
  endfacet
  facet normal -6.135245e-02 9.964607e-01 -5.746284e-02
    outer loop
      vertex   6.978039e+01 3.150000e+01 1.109049e+01
      vertex   6.996744e+01 3.148481e+01 1.062733e+01
      vertex   6.941605e+01 3.148481e+01 1.121605e+01
    endloop
  endfacet
  facet normal -6.377626e-02 9.958733e-01 -6.456725e-02
    outer loop
      vertex   6.978039e+01 3.150000e+01 1.109049e+01
      vertex   6.941605e+01 3.148481e+01 1.121605e+01
      vertex   6.917791e+01 3.150000e+01 1.168559e+01
    endloop
  endfacet
  facet normal -5.751927e-02 9.964537e-01 -6.141270e-02
    outer loop
      vertex   6.917791e+01 3.150000e+01 1.168559e+01
      vertex   6.941605e+01 3.148481e+01 1.121605e+01
      vertex   6.882733e+01 3.148481e+01 1.176744e+01
    endloop
  endfacet
  facet normal -5.918485e-02 9.958835e-01 -6.865214e-02
    outer loop
      vertex   6.917791e+01 3.150000e+01 1.168559e+01
      vertex   6.882733e+01 3.148481e+01 1.176744e+01
      vertex   6.853652e+01 3.150000e+01 1.223853e+01
    endloop
  endfacet
  facet normal -5.345169e-02 9.964441e-01 -6.513108e-02
    outer loop
      vertex   6.853652e+01 3.150000e+01 1.223853e+01
      vertex   6.882733e+01 3.148481e+01 1.176744e+01
      vertex   6.820381e+01 3.148481e+01 1.227915e+01
    endloop
  endfacet
  facet normal -5.431229e-02 9.958969e-01 -7.238398e-02
    outer loop
      vertex   6.853652e+01 3.150000e+01 1.223853e+01
      vertex   6.820381e+01 3.148481e+01 1.227915e+01
      vertex   6.785917e+01 3.150000e+01 1.274677e+01
    endloop
  endfacet
  facet normal -4.916205e-02 9.964318e-01 -6.860556e-02
    outer loop
      vertex   6.785917e+01 3.150000e+01 1.274677e+01
      vertex   6.820381e+01 3.148481e+01 1.227915e+01
      vertex   6.754815e+01 3.148481e+01 1.274899e+01
    endloop
  endfacet
  facet normal -4.918754e-02 9.959135e-01 -7.574253e-02
    outer loop
      vertex   6.785917e+01 3.150000e+01 1.274677e+01
      vertex   6.754815e+01 3.148481e+01 1.274899e+01
      vertex   6.714895e+01 3.150000e+01 1.320799e+01
    endloop
  endfacet
  facet normal -4.466322e-02 9.964168e-01 -7.182431e-02
    outer loop
      vertex   6.714895e+01 3.150000e+01 1.320799e+01
      vertex   6.754815e+01 3.148481e+01 1.274899e+01
      vertex   6.686318e+01 3.148481e+01 1.317493e+01
    endloop
  endfacet
  facet normal -4.384103e-02 9.959331e-01 -7.871008e-02
    outer loop
      vertex   6.714895e+01 3.150000e+01 1.320799e+01
      vertex   6.686318e+01 3.148481e+01 1.317493e+01
      vertex   6.640914e+01 3.150000e+01 1.362006e+01
    endloop
  endfacet
  facet normal -3.996865e-02 9.963990e-01 -7.477609e-02
    outer loop
      vertex   6.640914e+01 3.150000e+01 1.362006e+01
      vertex   6.686318e+01 3.148481e+01 1.317493e+01
      vertex   6.615181e+01 3.148481e+01 1.355517e+01
    endloop
  endfacet
  facet normal -3.830450e-02 9.959557e-01 -8.127157e-02
    outer loop
      vertex   6.640914e+01 3.150000e+01 1.362006e+01
      vertex   6.615181e+01 3.148481e+01 1.355517e+01
      vertex   6.564312e+01 3.150000e+01 1.398110e+01
    endloop
  endfacet
  facet normal -3.509227e-02 9.963784e-01 -7.745029e-02
    outer loop
      vertex   6.564312e+01 3.150000e+01 1.398110e+01
      vertex   6.615181e+01 3.148481e+01 1.355517e+01
      vertex   6.541709e+01 3.148481e+01 1.388806e+01
    endloop
  endfacet
  facet normal -3.261071e-02 9.959812e-01 -8.341469e-02
    outer loop
      vertex   6.564312e+01 3.150000e+01 1.398110e+01
      vertex   6.541709e+01 3.148481e+01 1.388806e+01
      vertex   6.485442e+01 3.150000e+01 1.428944e+01
    endloop
  endfacet
  facet normal -3.004850e-02 9.963549e-01 -7.983694e-02
    outer loop
      vertex   6.485442e+01 3.150000e+01 1.428944e+01
      vertex   6.541709e+01 3.148481e+01 1.388806e+01
      vertex   6.466218e+01 3.148481e+01 1.417219e+01
    endloop
  endfacet
  facet normal -2.679322e-02 9.960095e-01 -8.512993e-02
    outer loop
      vertex   6.485442e+01 3.150000e+01 1.428944e+01
      vertex   6.466218e+01 3.148481e+01 1.417219e+01
      vertex   6.404665e+01 3.150000e+01 1.454367e+01
    endloop
  endfacet
  facet normal -2.485221e-02 9.963284e-01 -8.192675e-02
    outer loop
      vertex   6.404665e+01 3.150000e+01 1.454367e+01
      vertex   6.466218e+01 3.148481e+01 1.417219e+01
      vertex   6.389029e+01 3.148481e+01 1.440634e+01
    endloop
  endfacet
  facet normal -2.088607e-02 9.960406e-01 -8.641064e-02
    outer loop
      vertex   6.404665e+01 3.150000e+01 1.454367e+01
      vertex   6.389029e+01 3.148481e+01 1.440634e+01
      vertex   6.322352e+01 3.150000e+01 1.474262e+01
    endloop
  endfacet
  facet normal -1.951869e-02 9.962989e-01 -8.371109e-02
    outer loop
      vertex   6.322352e+01 3.150000e+01 1.474262e+01
      vertex   6.389029e+01 3.148481e+01 1.440634e+01
      vertex   6.310475e+01 3.148481e+01 1.458950e+01
    endloop
  endfacet
  facet normal -1.492360e-02 9.960744e-01 -8.725304e-02
    outer loop
      vertex   6.322352e+01 3.150000e+01 1.474262e+01
      vertex   6.310475e+01 3.148481e+01 1.458950e+01
      vertex   6.238881e+01 3.150000e+01 1.488539e+01
    endloop
  endfacet
  facet normal -1.406361e-02 9.962661e-01 -8.518201e-02
    outer loop
      vertex   6.238881e+01 3.150000e+01 1.488539e+01
      vertex   6.310475e+01 3.148481e+01 1.458950e+01
      vertex   6.230891e+01 3.148481e+01 1.472090e+01
    endloop
  endfacet
  facet normal -8.940129e-03 9.961107e-01 -8.765622e-02
    outer loop
      vertex   6.238881e+01 3.150000e+01 1.488539e+01
      vertex   6.230891e+01 3.148481e+01 1.472090e+01
      vertex   6.154635e+01 3.150000e+01 1.497131e+01
    endloop
  endfacet
  facet normal -8.502988e-03 9.962301e-01 -8.633229e-02
    outer loop
      vertex   6.154635e+01 3.150000e+01 1.497131e+01
      vertex   6.230891e+01 3.148481e+01 1.472090e+01
      vertex   6.150618e+01 3.148481e+01 1.479996e+01
    endloop
  endfacet
  facet normal -2.969754e-03 9.961494e-01 -8.762209e-02
    outer loop
      vertex   6.154635e+01 3.150000e+01 1.497131e+01
      vertex   6.150618e+01 3.148481e+01 1.479996e+01
      vertex   6.070000e+01 3.150000e+01 1.500000e+01
    endloop
  endfacet
  facet normal -2.149284e-03 9.999977e-01 -2.460100e-04
    outer loop
      vertex   7.315994e+01 3.150000e+01 3.500000e+00
      vertex   7.315582e+01 3.149999e+01 3.495540e+00
      vertex   7.306363e+01 3.150000e+01 4.341339e+00
    endloop
  endfacet
  facet normal -9.000542e-02 9.958928e-01 -9.821405e-03
    outer loop
      vertex   7.306363e+01 3.150000e+01 4.341339e+00
      vertex   7.315582e+01 3.149999e+01 3.495540e+00
      vertex   7.292090e+01 3.148481e+01 4.108912e+00
    endloop
  endfacet
  facet normal -8.816494e-02 9.960642e-01 -9.112261e-03
    outer loop
      vertex   7.315582e+01 3.149999e+01 3.495540e+00
      vertex   7.299557e+01 3.148423e+01 3.323090e+00
      vertex   7.292090e+01 3.148481e+01 4.108912e+00
    endloop
  endfacet
  facet normal -4.672828e-01 9.645073e-02 -8.788311e-01
    outer loop
      vertex   6.645000e+01 3.050000e+01 1.245929e+01
      vertex   6.574127e+01 3.050000e+01 1.283613e+01
      vertex   6.579304e+01 3.067365e+01 1.282766e+01
    endloop
  endfacet
  facet normal -4.114375e-01 7.837544e-02 -9.080619e-01
    outer loop
      vertex   6.579304e+01 3.067365e+01 1.282766e+01
      vertex   6.574127e+01 3.050000e+01 1.283613e+01
      vertex   6.510667e+01 3.067365e+01 1.313865e+01
    endloop
  endfacet
  facet normal -3.986587e-01 2.586897e-01 -8.798584e-01
    outer loop
      vertex   6.579304e+01 3.067365e+01 1.282766e+01
      vertex   6.510667e+01 3.067365e+01 1.313865e+01
      vertex   6.512394e+01 3.084202e+01 1.318033e+01
    endloop
  endfacet
  facet normal -3.402596e-01 2.586897e-01 -9.040481e-01
    outer loop
      vertex   6.512394e+01 3.084202e+01 1.318033e+01
      vertex   6.510667e+01 3.067365e+01 1.313865e+01
      vertex   6.441594e+01 3.084202e+01 1.344680e+01
    endloop
  endfacet
  facet normal -3.192775e-01 4.224324e-01 -8.482999e-01
    outer loop
      vertex   6.512394e+01 3.084202e+01 1.318033e+01
      vertex   6.441594e+01 3.084202e+01 1.344680e+01
      vertex   6.443962e+01 3.100000e+01 1.351656e+01
    endloop
  endfacet
  facet normal -2.631124e-01 4.224324e-01 -8.673654e-01
    outer loop
      vertex   6.443962e+01 3.100000e+01 1.351656e+01
      vertex   6.441594e+01 3.084202e+01 1.344680e+01
      vertex   6.371109e+01 3.100000e+01 1.373756e+01
    endloop
  endfacet
  facet normal -2.378292e-01 5.733703e-01 -7.840177e-01
    outer loop
      vertex   6.443962e+01 3.100000e+01 1.351656e+01
      vertex   6.371109e+01 3.100000e+01 1.373756e+01
      vertex   6.373697e+01 3.114279e+01 1.383413e+01
    endloop
  endfacet
  facet normal -1.860427e-01 5.733703e-01 -7.978938e-01
    outer loop
      vertex   6.373697e+01 3.114279e+01 1.383413e+01
      vertex   6.371109e+01 3.100000e+01 1.373756e+01
      vertex   6.298918e+01 3.114279e+01 1.400849e+01
    endloop
  endfacet
  facet normal -1.606102e-01 7.069174e-01 -6.888194e-01
    outer loop
      vertex   6.373697e+01 3.114279e+01 1.383413e+01
      vertex   6.298918e+01 3.114279e+01 1.400849e+01
      vertex   6.301323e+01 3.126604e+01 1.412938e+01
    endloop
  endfacet
  facet normal -1.152153e-01 7.069174e-01 -6.978490e-01
    outer loop
      vertex   6.301323e+01 3.126604e+01 1.412938e+01
      vertex   6.298918e+01 3.114279e+01 1.400849e+01
      vertex   6.224768e+01 3.126604e+01 1.425577e+01
    endloop
  endfacet
  facet normal -9.346658e-02 8.190077e-01 -5.661187e-01
    outer loop
      vertex   6.301323e+01 3.126604e+01 1.412938e+01
      vertex   6.224768e+01 3.126604e+01 1.425577e+01
      vertex   6.226631e+01 3.136603e+01 1.439734e+01
    endloop
  endfacet
  facet normal -5.624053e-02 8.190077e-01 -5.710196e-01
    outer loop
      vertex   6.226631e+01 3.136603e+01 1.439734e+01
      vertex   6.224768e+01 3.126604e+01 1.425577e+01
      vertex   6.148484e+01 3.136603e+01 1.447431e+01
    endloop
  endfacet
  facet normal -4.144206e-02 9.062211e-01 -4.207683e-01
    outer loop
      vertex   6.226631e+01 3.136603e+01 1.439734e+01
      vertex   6.148484e+01 3.136603e+01 1.447431e+01
      vertex   6.149517e+01 3.143969e+01 1.463195e+01
    endloop
  endfacet
  facet normal -1.383377e-02 9.062211e-01 -4.225778e-01
    outer loop
      vertex   6.149517e+01 3.143969e+01 1.463195e+01
      vertex   6.148484e+01 3.136603e+01 1.447431e+01
      vertex   6.070000e+01 3.143969e+01 1.465798e+01
    endloop
  endfacet
  facet normal -8.472554e-03 9.658912e-01 -2.588098e-01
    outer loop
      vertex   6.149517e+01 3.143969e+01 1.463195e+01
      vertex   6.070000e+01 3.143969e+01 1.465798e+01
      vertex   6.070000e+01 3.148481e+01 1.482635e+01
    endloop
  endfacet
  facet normal 8.472554e-03 9.658912e-01 -2.588098e-01
    outer loop
      vertex   6.070000e+01 3.148481e+01 1.482635e+01
      vertex   6.070000e+01 3.143969e+01 1.465798e+01
      vertex   5.989382e+01 3.148481e+01 1.479996e+01
    endloop
  endfacet
  facet normal -4.045083e-01 1.045319e-01 -9.085406e-01
    outer loop
      vertex   6.574127e+01 3.050000e+01 1.283613e+01
      vertex   6.500798e+01 3.050000e+01 1.316261e+01
      vertex   6.510667e+01 3.067365e+01 1.313865e+01
    endloop
  endfacet
  facet normal -3.513642e-01 7.087438e-02 -9.335524e-01
    outer loop
      vertex   6.510667e+01 3.067365e+01 1.313865e+01
      vertex   6.500798e+01 3.050000e+01 1.316261e+01
      vertex   6.440144e+01 3.067365e+01 1.340408e+01
    endloop
  endfacet
  facet normal -3.402596e-01 2.586897e-01 -9.040481e-01
    outer loop
      vertex   6.510667e+01 3.067365e+01 1.313865e+01
      vertex   6.440144e+01 3.067365e+01 1.340408e+01
      vertex   6.441594e+01 3.084202e+01 1.344680e+01
    endloop
  endfacet
  facet normal -2.804035e-01 2.586897e-01 -9.243665e-01
    outer loop
      vertex   6.441594e+01 3.084202e+01 1.344680e+01
      vertex   6.440144e+01 3.067365e+01 1.340408e+01
      vertex   6.369203e+01 3.084202e+01 1.366640e+01
    endloop
  endfacet
  facet normal -2.631124e-01 4.224324e-01 -8.673654e-01
    outer loop
      vertex   6.441594e+01 3.084202e+01 1.344680e+01
      vertex   6.369203e+01 3.084202e+01 1.366640e+01
      vertex   6.371109e+01 3.100000e+01 1.373756e+01
    endloop
  endfacet
  facet normal -2.058207e-01 4.224324e-01 -8.827167e-01
    outer loop
      vertex   6.371109e+01 3.100000e+01 1.373756e+01
      vertex   6.369203e+01 3.084202e+01 1.366640e+01
      vertex   6.296968e+01 3.100000e+01 1.391043e+01
    endloop
  endfacet
  facet normal -1.860427e-01 5.733703e-01 -7.978938e-01
    outer loop
      vertex   6.371109e+01 3.100000e+01 1.373756e+01
      vertex   6.296968e+01 3.100000e+01 1.391043e+01
      vertex   6.298918e+01 3.114279e+01 1.400849e+01
    endloop
  endfacet
  facet normal -1.334597e-01 5.733703e-01 -8.083533e-01
    outer loop
      vertex   6.298918e+01 3.114279e+01 1.400849e+01
      vertex   6.296968e+01 3.100000e+01 1.391043e+01
      vertex   6.223159e+01 3.114279e+01 1.413357e+01
    endloop
  endfacet
  facet normal -1.152153e-01 7.069174e-01 -6.978490e-01
    outer loop
      vertex   6.298918e+01 3.114279e+01 1.400849e+01
      vertex   6.223159e+01 3.114279e+01 1.413357e+01
      vertex   6.224768e+01 3.126604e+01 1.425577e+01
    endloop
  endfacet
  facet normal -6.932714e-02 7.069174e-01 -7.038903e-01
    outer loop
      vertex   6.224768e+01 3.126604e+01 1.425577e+01
      vertex   6.223159e+01 3.114279e+01 1.413357e+01
      vertex   6.147550e+01 3.126604e+01 1.433183e+01
    endloop
  endfacet
  facet normal -5.624053e-02 8.190077e-01 -5.710196e-01
    outer loop
      vertex   6.224768e+01 3.126604e+01 1.425577e+01
      vertex   6.147550e+01 3.126604e+01 1.433183e+01
      vertex   6.148484e+01 3.136603e+01 1.447431e+01
    endloop
  endfacet
  facet normal -1.877364e-02 8.190077e-01 -5.734753e-01
    outer loop
      vertex   6.148484e+01 3.136603e+01 1.447431e+01
      vertex   6.147550e+01 3.126604e+01 1.433183e+01
      vertex   6.070000e+01 3.136603e+01 1.450000e+01
    endloop
  endfacet
  facet normal -1.383377e-02 9.062211e-01 -4.225778e-01
    outer loop
      vertex   6.148484e+01 3.136603e+01 1.447431e+01
      vertex   6.070000e+01 3.136603e+01 1.450000e+01
      vertex   6.070000e+01 3.143969e+01 1.465798e+01
    endloop
  endfacet
  facet normal 1.383377e-02 9.062211e-01 -4.225778e-01
    outer loop
      vertex   6.070000e+01 3.143969e+01 1.465798e+01
      vertex   6.070000e+01 3.136603e+01 1.450000e+01
      vertex   5.990483e+01 3.143969e+01 1.463195e+01
    endloop
  endfacet
  facet normal 8.472554e-03 9.658912e-01 -2.588098e-01
    outer loop
      vertex   6.070000e+01 3.143969e+01 1.465798e+01
      vertex   5.990483e+01 3.143969e+01 1.463195e+01
      vertex   5.989382e+01 3.148481e+01 1.479996e+01
    endloop
  endfacet
  facet normal 2.538138e-02 9.658912e-01 -2.577015e-01
    outer loop
      vertex   5.989382e+01 3.148481e+01 1.479996e+01
      vertex   5.990483e+01 3.143969e+01 1.463195e+01
      vertex   5.909109e+01 3.148481e+01 1.472090e+01
    endloop
  endfacet
  facet normal -3.398931e-01 1.113540e-01 -9.338485e-01
    outer loop
      vertex   6.500798e+01 3.050000e+01 1.316261e+01
      vertex   6.425370e+01 3.050000e+01 1.343715e+01
      vertex   6.440144e+01 3.067365e+01 1.340408e+01
    endloop
  endfacet
  facet normal -2.896781e-01 6.461403e-02 -9.549406e-01
    outer loop
      vertex   6.440144e+01 3.067365e+01 1.340408e+01
      vertex   6.425370e+01 3.050000e+01 1.343715e+01
      vertex   6.368035e+01 3.067365e+01 1.362282e+01
    endloop
  endfacet
  facet normal -2.804035e-01 2.586897e-01 -9.243665e-01
    outer loop
      vertex   6.440144e+01 3.067365e+01 1.340408e+01
      vertex   6.368035e+01 3.067365e+01 1.362282e+01
      vertex   6.369203e+01 3.084202e+01 1.366640e+01
    endloop
  endfacet
  facet normal -2.193467e-01 2.586897e-01 -9.407267e-01
    outer loop
      vertex   6.369203e+01 3.084202e+01 1.366640e+01
      vertex   6.368035e+01 3.067365e+01 1.362282e+01
      vertex   6.295530e+01 3.084202e+01 1.383818e+01
    endloop
  endfacet
  facet normal -2.058207e-01 4.224324e-01 -8.827167e-01
    outer loop
      vertex   6.369203e+01 3.084202e+01 1.366640e+01
      vertex   6.295530e+01 3.084202e+01 1.383818e+01
      vertex   6.296968e+01 3.100000e+01 1.391043e+01
    endloop
  endfacet
  facet normal -1.476476e-01 4.224324e-01 -8.942880e-01
    outer loop
      vertex   6.296968e+01 3.100000e+01 1.391043e+01
      vertex   6.295530e+01 3.084202e+01 1.383818e+01
      vertex   6.221854e+01 3.100000e+01 1.403444e+01
    endloop
  endfacet
  facet normal -1.334597e-01 5.733703e-01 -8.083533e-01
    outer loop
      vertex   6.296968e+01 3.100000e+01 1.391043e+01
      vertex   6.221854e+01 3.100000e+01 1.403444e+01
      vertex   6.223159e+01 3.114279e+01 1.413357e+01
    endloop
  endfacet
  facet normal -8.030508e-02 5.733703e-01 -8.153512e-01
    outer loop
      vertex   6.223159e+01 3.114279e+01 1.413357e+01
      vertex   6.221854e+01 3.100000e+01 1.403444e+01
      vertex   6.146744e+01 3.114279e+01 1.420883e+01
    endloop
  endfacet
  facet normal -6.932714e-02 7.069174e-01 -7.038903e-01
    outer loop
      vertex   6.223159e+01 3.114279e+01 1.413357e+01
      vertex   6.146744e+01 3.114279e+01 1.420883e+01
      vertex   6.147550e+01 3.126604e+01 1.433183e+01
    endloop
  endfacet
  facet normal -2.314208e-02 7.069174e-01 -7.069174e-01
    outer loop
      vertex   6.147550e+01 3.126604e+01 1.433183e+01
      vertex   6.146744e+01 3.114279e+01 1.420883e+01
      vertex   6.070000e+01 3.126604e+01 1.435721e+01
    endloop
  endfacet
  facet normal -1.877364e-02 8.190077e-01 -5.734753e-01
    outer loop
      vertex   6.147550e+01 3.126604e+01 1.433183e+01
      vertex   6.070000e+01 3.126604e+01 1.435721e+01
      vertex   6.070000e+01 3.136603e+01 1.450000e+01
    endloop
  endfacet
  facet normal 1.877364e-02 8.190077e-01 -5.734753e-01
    outer loop
      vertex   6.070000e+01 3.136603e+01 1.450000e+01
      vertex   6.070000e+01 3.126604e+01 1.435721e+01
      vertex   5.991516e+01 3.136603e+01 1.447431e+01
    endloop
  endfacet
  facet normal 1.383377e-02 9.062211e-01 -4.225778e-01
    outer loop
      vertex   6.070000e+01 3.136603e+01 1.450000e+01
      vertex   5.991516e+01 3.136603e+01 1.447431e+01
      vertex   5.990483e+01 3.143969e+01 1.463195e+01
    endloop
  endfacet
  facet normal 4.144206e-02 9.062211e-01 -4.207683e-01
    outer loop
      vertex   5.990483e+01 3.143969e+01 1.463195e+01
      vertex   5.991516e+01 3.136603e+01 1.447431e+01
      vertex   5.911307e+01 3.143969e+01 1.455397e+01
    endloop
  endfacet
  facet normal 2.538138e-02 9.658912e-01 -2.577015e-01
    outer loop
      vertex   5.990483e+01 3.143969e+01 1.463195e+01
      vertex   5.911307e+01 3.143969e+01 1.455397e+01
      vertex   5.909109e+01 3.148481e+01 1.472090e+01
    endloop
  endfacet
  facet normal 4.218152e-02 9.658912e-01 -2.554897e-01
    outer loop
      vertex   5.909109e+01 3.148481e+01 1.472090e+01
      vertex   5.911307e+01 3.143969e+01 1.455397e+01
      vertex   5.829525e+01 3.148481e+01 1.458950e+01
    endloop
  endfacet
  facet normal -2.737467e-01 1.169243e-01 -9.546682e-01
    outer loop
      vertex   6.425370e+01 3.050000e+01 1.343715e+01
      vertex   6.348210e+01 3.050000e+01 1.365840e+01
      vertex   6.368035e+01 3.067365e+01 1.362282e+01
    endloop
  endfacet
  facet normal -2.266726e-01 5.960007e-02 -9.721458e-01
    outer loop
      vertex   6.368035e+01 3.067365e+01 1.362282e+01
      vertex   6.348210e+01 3.050000e+01 1.365840e+01
      vertex   6.294650e+01 3.067365e+01 1.379393e+01
    endloop
  endfacet
  facet normal -2.193467e-01 2.586897e-01 -9.407267e-01
    outer loop
      vertex   6.368035e+01 3.067365e+01 1.362282e+01
      vertex   6.294650e+01 3.067365e+01 1.379393e+01
      vertex   6.295530e+01 3.084202e+01 1.383818e+01
    endloop
  endfacet
  facet normal -1.573506e-01 2.586897e-01 -9.530584e-01
    outer loop
      vertex   6.295530e+01 3.084202e+01 1.383818e+01
      vertex   6.294650e+01 3.067365e+01 1.379393e+01
      vertex   6.220892e+01 3.084202e+01 1.396141e+01
    endloop
  endfacet
  facet normal -1.476476e-01 4.224324e-01 -8.942880e-01
    outer loop
      vertex   6.295530e+01 3.084202e+01 1.383818e+01
      vertex   6.220892e+01 3.084202e+01 1.396141e+01
      vertex   6.221854e+01 3.100000e+01 1.403444e+01
    endloop
  endfacet
  facet normal -8.884219e-02 4.224324e-01 -9.020299e-01
    outer loop
      vertex   6.221854e+01 3.100000e+01 1.403444e+01
      vertex   6.220892e+01 3.084202e+01 1.396141e+01
      vertex   6.146090e+01 3.100000e+01 1.410907e+01
    endloop
  endfacet
  facet normal -8.030508e-02 5.733703e-01 -8.153512e-01
    outer loop
      vertex   6.221854e+01 3.100000e+01 1.403444e+01
      vertex   6.146090e+01 3.100000e+01 1.410907e+01
      vertex   6.146744e+01 3.114279e+01 1.420883e+01
    endloop
  endfacet
  facet normal -2.680662e-02 5.733703e-01 -8.188577e-01
    outer loop
      vertex   6.146744e+01 3.114279e+01 1.420883e+01
      vertex   6.146090e+01 3.100000e+01 1.410907e+01
      vertex   6.070000e+01 3.114279e+01 1.423396e+01
    endloop
  endfacet
  facet normal -2.314208e-02 7.069174e-01 -7.069174e-01
    outer loop
      vertex   6.146744e+01 3.114279e+01 1.420883e+01
      vertex   6.070000e+01 3.114279e+01 1.423396e+01
      vertex   6.070000e+01 3.126604e+01 1.435721e+01
    endloop
  endfacet
  facet normal 2.314208e-02 7.069174e-01 -7.069174e-01
    outer loop
      vertex   6.070000e+01 3.126604e+01 1.435721e+01
      vertex   6.070000e+01 3.114279e+01 1.423396e+01
      vertex   5.992450e+01 3.126604e+01 1.433183e+01
    endloop
  endfacet
  facet normal 1.877364e-02 8.190077e-01 -5.734753e-01
    outer loop
      vertex   6.070000e+01 3.126604e+01 1.435721e+01
      vertex   5.992450e+01 3.126604e+01 1.433183e+01
      vertex   5.991516e+01 3.136603e+01 1.447431e+01
    endloop
  endfacet
  facet normal 5.624053e-02 8.190077e-01 -5.710196e-01
    outer loop
      vertex   5.991516e+01 3.136603e+01 1.447431e+01
      vertex   5.992450e+01 3.126604e+01 1.433183e+01
      vertex   5.913369e+01 3.136603e+01 1.439734e+01
    endloop
  endfacet
  facet normal 4.144206e-02 9.062211e-01 -4.207683e-01
    outer loop
      vertex   5.991516e+01 3.136603e+01 1.447431e+01
      vertex   5.913369e+01 3.136603e+01 1.439734e+01
      vertex   5.911307e+01 3.143969e+01 1.455397e+01
    endloop
  endfacet
  facet normal 6.887289e-02 9.062211e-01 -4.171569e-01
    outer loop
      vertex   5.911307e+01 3.143969e+01 1.455397e+01
      vertex   5.913369e+01 3.136603e+01 1.439734e+01
      vertex   5.832810e+01 3.143969e+01 1.442437e+01
    endloop
  endfacet
  facet normal 4.218152e-02 9.658912e-01 -2.554897e-01
    outer loop
      vertex   5.911307e+01 3.143969e+01 1.455397e+01
      vertex   5.832810e+01 3.143969e+01 1.442437e+01
      vertex   5.829525e+01 3.148481e+01 1.458950e+01
    endloop
  endfacet
  facet normal 5.880103e-02 9.658912e-01 -2.521839e-01
    outer loop
      vertex   5.829525e+01 3.148481e+01 1.458950e+01
      vertex   5.832810e+01 3.143969e+01 1.442437e+01
      vertex   5.750971e+01 3.148481e+01 1.440634e+01
    endloop
  endfacet
  facet normal -2.063777e-01 1.212492e-01 -9.709309e-01
    outer loop
      vertex   6.348210e+01 3.050000e+01 1.365840e+01
      vertex   6.269695e+01 3.050000e+01 1.382529e+01
      vertex   6.294650e+01 3.067365e+01 1.379393e+01
    endloop
  endfacet
  facet normal -1.626413e-01 5.583653e-02 -9.851041e-01
    outer loop
      vertex   6.294650e+01 3.067365e+01 1.379393e+01
      vertex   6.269695e+01 3.050000e+01 1.382529e+01
      vertex   6.220303e+01 3.067365e+01 1.391668e+01
    endloop
  endfacet
  facet normal -1.573506e-01 2.586897e-01 -9.530584e-01
    outer loop
      vertex   6.294650e+01 3.067365e+01 1.379393e+01
      vertex   6.220303e+01 3.067365e+01 1.391668e+01
      vertex   6.220892e+01 3.084202e+01 1.396141e+01
    endloop
  endfacet
  facet normal -9.468068e-02 2.586897e-01 -9.613091e-01
    outer loop
      vertex   6.220892e+01 3.084202e+01 1.396141e+01
      vertex   6.220303e+01 3.067365e+01 1.391668e+01
      vertex   6.145608e+01 3.084202e+01 1.403556e+01
    endloop
  endfacet
  facet normal -8.884219e-02 4.224324e-01 -9.020299e-01
    outer loop
      vertex   6.220892e+01 3.084202e+01 1.396141e+01
      vertex   6.145608e+01 3.084202e+01 1.403556e+01
      vertex   6.146090e+01 3.100000e+01 1.410907e+01
    endloop
  endfacet
  facet normal -2.965639e-02 4.224324e-01 -9.059091e-01
    outer loop
      vertex   6.146090e+01 3.100000e+01 1.410907e+01
      vertex   6.145608e+01 3.084202e+01 1.403556e+01
      vertex   6.070000e+01 3.100000e+01 1.413397e+01
    endloop
  endfacet
  facet normal -2.680662e-02 5.733703e-01 -8.188577e-01
    outer loop
      vertex   6.146090e+01 3.100000e+01 1.410907e+01
      vertex   6.070000e+01 3.100000e+01 1.413397e+01
      vertex   6.070000e+01 3.114279e+01 1.423396e+01
    endloop
  endfacet
  facet normal 2.680662e-02 5.733703e-01 -8.188577e-01
    outer loop
      vertex   6.070000e+01 3.114279e+01 1.423396e+01
      vertex   6.070000e+01 3.100000e+01 1.413397e+01
      vertex   5.993256e+01 3.114279e+01 1.420883e+01
    endloop
  endfacet
  facet normal 2.314208e-02 7.069174e-01 -7.069174e-01
    outer loop
      vertex   6.070000e+01 3.114279e+01 1.423396e+01
      vertex   5.993256e+01 3.114279e+01 1.420883e+01
      vertex   5.992450e+01 3.126604e+01 1.433183e+01
    endloop
  endfacet
  facet normal 6.932714e-02 7.069174e-01 -7.038903e-01
    outer loop
      vertex   5.992450e+01 3.126604e+01 1.433183e+01
      vertex   5.993256e+01 3.114279e+01 1.420883e+01
      vertex   5.915232e+01 3.126604e+01 1.425577e+01
    endloop
  endfacet
  facet normal 5.624053e-02 8.190077e-01 -5.710196e-01
    outer loop
      vertex   5.992450e+01 3.126604e+01 1.433183e+01
      vertex   5.915232e+01 3.126604e+01 1.425577e+01
      vertex   5.913369e+01 3.136603e+01 1.439734e+01
    endloop
  endfacet
  facet normal 9.346658e-02 8.190077e-01 -5.661187e-01
    outer loop
      vertex   5.913369e+01 3.136603e+01 1.439734e+01
      vertex   5.915232e+01 3.126604e+01 1.425577e+01
      vertex   5.835892e+01 3.136603e+01 1.426942e+01
    endloop
  endfacet
  facet normal 6.887289e-02 9.062211e-01 -4.171569e-01
    outer loop
      vertex   5.913369e+01 3.136603e+01 1.439734e+01
      vertex   5.835892e+01 3.136603e+01 1.426942e+01
      vertex   5.832810e+01 3.143969e+01 1.442437e+01
    endloop
  endfacet
  facet normal 9.600880e-02 9.062211e-01 -4.117593e-01
    outer loop
      vertex   5.832810e+01 3.143969e+01 1.442437e+01
      vertex   5.835892e+01 3.136603e+01 1.426942e+01
      vertex   5.755328e+01 3.143969e+01 1.424371e+01
    endloop
  endfacet
  facet normal 5.880103e-02 9.658912e-01 -2.521839e-01
    outer loop
      vertex   5.832810e+01 3.143969e+01 1.442437e+01
      vertex   5.755328e+01 3.143969e+01 1.424371e+01
      vertex   5.750971e+01 3.148481e+01 1.440634e+01
    endloop
  endfacet
  facet normal 7.516875e-02 9.658912e-01 -2.477982e-01
    outer loop
      vertex   5.750971e+01 3.148481e+01 1.440634e+01
      vertex   5.755328e+01 3.143969e+01 1.424371e+01
      vertex   5.673782e+01 3.148481e+01 1.417219e+01
    endloop
  endfacet
  facet normal -1.380932e-01 1.243343e-01 -9.825840e-01
    outer loop
      vertex   6.269695e+01 3.050000e+01 1.382529e+01
      vertex   6.190208e+01 3.050000e+01 1.393700e+01
      vertex   6.220303e+01 3.067365e+01 1.391668e+01
    endloop
  endfacet
  facet normal -9.787768e-02 5.332613e-02 -9.937687e-01
    outer loop
      vertex   6.220303e+01 3.067365e+01 1.391668e+01
      vertex   6.190208e+01 3.050000e+01 1.393700e+01
      vertex   6.145313e+01 3.067365e+01 1.399054e+01
    endloop
  endfacet
  facet normal -9.468068e-02 2.586897e-01 -9.613091e-01
    outer loop
      vertex   6.220303e+01 3.067365e+01 1.391668e+01
      vertex   6.145313e+01 3.067365e+01 1.399054e+01
      vertex   6.145608e+01 3.084202e+01 1.403556e+01
    endloop
  endfacet
  facet normal -3.160534e-02 2.586897e-01 -9.654433e-01
    outer loop
      vertex   6.145608e+01 3.084202e+01 1.403556e+01
      vertex   6.145313e+01 3.067365e+01 1.399054e+01
      vertex   6.070000e+01 3.084202e+01 1.406031e+01
    endloop
  endfacet
  facet normal -2.965639e-02 4.224324e-01 -9.059091e-01
    outer loop
      vertex   6.145608e+01 3.084202e+01 1.403556e+01
      vertex   6.070000e+01 3.084202e+01 1.406031e+01
      vertex   6.070000e+01 3.100000e+01 1.413397e+01
    endloop
  endfacet
  facet normal 2.965639e-02 4.224324e-01 -9.059091e-01
    outer loop
      vertex   6.070000e+01 3.100000e+01 1.413397e+01
      vertex   6.070000e+01 3.084202e+01 1.406031e+01
      vertex   5.993910e+01 3.100000e+01 1.410907e+01
    endloop
  endfacet
  facet normal 2.680662e-02 5.733703e-01 -8.188577e-01
    outer loop
      vertex   6.070000e+01 3.100000e+01 1.413397e+01
      vertex   5.993910e+01 3.100000e+01 1.410907e+01
      vertex   5.993256e+01 3.114279e+01 1.420883e+01
    endloop
  endfacet
  facet normal 8.030508e-02 5.733703e-01 -8.153512e-01
    outer loop
      vertex   5.993256e+01 3.114279e+01 1.420883e+01
      vertex   5.993910e+01 3.100000e+01 1.410907e+01
      vertex   5.916841e+01 3.114279e+01 1.413357e+01
    endloop
  endfacet
  facet normal 6.932714e-02 7.069174e-01 -7.038903e-01
    outer loop
      vertex   5.993256e+01 3.114279e+01 1.420883e+01
      vertex   5.916841e+01 3.114279e+01 1.413357e+01
      vertex   5.915232e+01 3.126604e+01 1.425577e+01
    endloop
  endfacet
  facet normal 1.152153e-01 7.069174e-01 -6.978490e-01
    outer loop
      vertex   5.915232e+01 3.126604e+01 1.425577e+01
      vertex   5.916841e+01 3.114279e+01 1.413357e+01
      vertex   5.838677e+01 3.126604e+01 1.412938e+01
    endloop
  endfacet
  facet normal 9.346658e-02 8.190077e-01 -5.661187e-01
    outer loop
      vertex   5.915232e+01 3.126604e+01 1.425577e+01
      vertex   5.838677e+01 3.126604e+01 1.412938e+01
      vertex   5.835892e+01 3.136603e+01 1.426942e+01
    endloop
  endfacet
  facet normal 1.302924e-01 8.190077e-01 -5.587936e-01
    outer loop
      vertex   5.835892e+01 3.136603e+01 1.426942e+01
      vertex   5.838677e+01 3.126604e+01 1.412938e+01
      vertex   5.759417e+01 3.136603e+01 1.409111e+01
    endloop
  endfacet
  facet normal 9.600880e-02 9.062211e-01 -4.117593e-01
    outer loop
      vertex   5.835892e+01 3.136603e+01 1.426942e+01
      vertex   5.759417e+01 3.136603e+01 1.409111e+01
      vertex   5.755328e+01 3.143969e+01 1.424371e+01
    endloop
  endfacet
  facet normal 1.227336e-01 9.062211e-01 -4.045984e-01
    outer loop
      vertex   5.755328e+01 3.143969e+01 1.424371e+01
      vertex   5.759417e+01 3.136603e+01 1.409111e+01
      vertex   5.679195e+01 3.143969e+01 1.401276e+01
    endloop
  endfacet
  facet normal 7.516875e-02 9.658912e-01 -2.477982e-01
    outer loop
      vertex   5.755328e+01 3.143969e+01 1.424371e+01
      vertex   5.679195e+01 3.143969e+01 1.401276e+01
      vertex   5.673782e+01 3.148481e+01 1.417219e+01
    endloop
  endfacet
  facet normal 9.121459e-02 9.658912e-01 -2.423513e-01
    outer loop
      vertex   5.673782e+01 3.148481e+01 1.417219e+01
      vertex   5.679195e+01 3.143969e+01 1.401276e+01
      vertex   5.598291e+01 3.148481e+01 1.388806e+01
    endloop
  endfacet
  facet normal -6.919890e-02 1.261837e-01 -9.895904e-01
    outer loop
      vertex   6.190208e+01 3.050000e+01 1.393700e+01
      vertex   6.110134e+01 3.050000e+01 1.399299e+01
      vertex   6.145313e+01 3.067365e+01 1.399054e+01
    endloop
  endfacet
  facet normal -3.267470e-02 5.207054e-02 -9.981087e-01
    outer loop
      vertex   6.145313e+01 3.067365e+01 1.399054e+01
      vertex   6.110134e+01 3.050000e+01 1.399299e+01
      vertex   6.070000e+01 3.067365e+01 1.401519e+01
    endloop
  endfacet
  facet normal -3.160534e-02 2.586897e-01 -9.654433e-01
    outer loop
      vertex   6.145313e+01 3.067365e+01 1.399054e+01
      vertex   6.070000e+01 3.067365e+01 1.401519e+01
      vertex   6.070000e+01 3.084202e+01 1.406031e+01
    endloop
  endfacet
  facet normal 3.160534e-02 2.586897e-01 -9.654433e-01
    outer loop
      vertex   6.070000e+01 3.084202e+01 1.406031e+01
      vertex   6.070000e+01 3.067365e+01 1.401519e+01
      vertex   5.994392e+01 3.084202e+01 1.403556e+01
    endloop
  endfacet
  facet normal 2.965639e-02 4.224324e-01 -9.059091e-01
    outer loop
      vertex   6.070000e+01 3.084202e+01 1.406031e+01
      vertex   5.994392e+01 3.084202e+01 1.403556e+01
      vertex   5.993910e+01 3.100000e+01 1.410907e+01
    endloop
  endfacet
  facet normal 8.884219e-02 4.224324e-01 -9.020299e-01
    outer loop
      vertex   5.993910e+01 3.100000e+01 1.410907e+01
      vertex   5.994392e+01 3.084202e+01 1.403556e+01
      vertex   5.918146e+01 3.100000e+01 1.403444e+01
    endloop
  endfacet
  facet normal 8.030508e-02 5.733703e-01 -8.153512e-01
    outer loop
      vertex   5.993910e+01 3.100000e+01 1.410907e+01
      vertex   5.918146e+01 3.100000e+01 1.403444e+01
      vertex   5.916841e+01 3.114279e+01 1.413357e+01
    endloop
  endfacet
  facet normal 1.334597e-01 5.733703e-01 -8.083533e-01
    outer loop
      vertex   5.916841e+01 3.114279e+01 1.413357e+01
      vertex   5.918146e+01 3.100000e+01 1.403444e+01
      vertex   5.841082e+01 3.114279e+01 1.400849e+01
    endloop
  endfacet
  facet normal 1.152153e-01 7.069174e-01 -6.978490e-01
    outer loop
      vertex   5.916841e+01 3.114279e+01 1.413357e+01
      vertex   5.841082e+01 3.114279e+01 1.400849e+01
      vertex   5.838677e+01 3.126604e+01 1.412938e+01
    endloop
  endfacet
  facet normal 1.606102e-01 7.069174e-01 -6.888194e-01
    outer loop
      vertex   5.838677e+01 3.126604e+01 1.412938e+01
      vertex   5.841082e+01 3.114279e+01 1.400849e+01
      vertex   5.763113e+01 3.126604e+01 1.395319e+01
    endloop
  endfacet
  facet normal 1.302924e-01 8.190077e-01 -5.587936e-01
    outer loop
      vertex   5.838677e+01 3.126604e+01 1.412938e+01
      vertex   5.763113e+01 3.126604e+01 1.395319e+01
      vertex   5.759417e+01 3.136603e+01 1.409111e+01
    endloop
  endfacet
  facet normal 1.665603e-01 8.190077e-01 -5.490757e-01
    outer loop
      vertex   5.759417e+01 3.136603e+01 1.409111e+01
      vertex   5.763113e+01 3.126604e+01 1.395319e+01
      vertex   5.684273e+01 3.136603e+01 1.386316e+01
    endloop
  endfacet
  facet normal 1.227336e-01 9.062211e-01 -4.045984e-01
    outer loop
      vertex   5.759417e+01 3.136603e+01 1.409111e+01
      vertex   5.684273e+01 3.136603e+01 1.386316e+01
      vertex   5.679195e+01 3.143969e+01 1.401276e+01
    endloop
  endfacet
  facet normal 1.489328e-01 9.062211e-01 -3.957050e-01
    outer loop
      vertex   5.679195e+01 3.143969e+01 1.401276e+01
      vertex   5.684273e+01 3.136603e+01 1.386316e+01
      vertex   5.604734e+01 3.143969e+01 1.373251e+01
    endloop
  endfacet
  facet normal 9.121459e-02 9.658912e-01 -2.423513e-01
    outer loop
      vertex   5.679195e+01 3.143969e+01 1.401276e+01
      vertex   5.604734e+01 3.143969e+01 1.373251e+01
      vertex   5.598291e+01 3.148481e+01 1.388806e+01
    endloop
  endfacet
  facet normal 1.068698e-01 9.658912e-01 -2.358667e-01
    outer loop
      vertex   5.598291e+01 3.148481e+01 1.388806e+01
      vertex   5.604734e+01 3.143969e+01 1.373251e+01
      vertex   5.524819e+01 3.148481e+01 1.355517e+01
    endloop
  endfacet
  facet normal 0.000000e+00 1.267999e-01 -9.919283e-01
    outer loop
      vertex   6.110134e+01 3.050000e+01 1.399299e+01
      vertex   6.029866e+01 3.050000e+01 1.399299e+01
      vertex   6.070000e+01 3.067365e+01 1.401519e+01
    endloop
  endfacet
  facet normal 3.267470e-02 5.207054e-02 -9.981087e-01
    outer loop
      vertex   6.070000e+01 3.067365e+01 1.401519e+01
      vertex   6.029866e+01 3.050000e+01 1.399299e+01
      vertex   5.994687e+01 3.067365e+01 1.399054e+01
    endloop
  endfacet
  facet normal 3.160534e-02 2.586897e-01 -9.654433e-01
    outer loop
      vertex   6.070000e+01 3.067365e+01 1.401519e+01
      vertex   5.994687e+01 3.067365e+01 1.399054e+01
      vertex   5.994392e+01 3.084202e+01 1.403556e+01
    endloop
  endfacet
  facet normal 9.468068e-02 2.586897e-01 -9.613091e-01
    outer loop
      vertex   5.994392e+01 3.084202e+01 1.403556e+01
      vertex   5.994687e+01 3.067365e+01 1.399054e+01
      vertex   5.919108e+01 3.084202e+01 1.396141e+01
    endloop
  endfacet
  facet normal 8.884219e-02 4.224324e-01 -9.020299e-01
    outer loop
      vertex   5.994392e+01 3.084202e+01 1.403556e+01
      vertex   5.919108e+01 3.084202e+01 1.396141e+01
      vertex   5.918146e+01 3.100000e+01 1.403444e+01
    endloop
  endfacet
  facet normal 1.476476e-01 4.224324e-01 -8.942880e-01
    outer loop
      vertex   5.918146e+01 3.100000e+01 1.403444e+01
      vertex   5.919108e+01 3.084202e+01 1.396141e+01
      vertex   5.843032e+01 3.100000e+01 1.391043e+01
    endloop
  endfacet
  facet normal 1.334597e-01 5.733703e-01 -8.083533e-01
    outer loop
      vertex   5.918146e+01 3.100000e+01 1.403444e+01
      vertex   5.843032e+01 3.100000e+01 1.391043e+01
      vertex   5.841082e+01 3.114279e+01 1.400849e+01
    endloop
  endfacet
  facet normal 1.860427e-01 5.733703e-01 -7.978938e-01
    outer loop
      vertex   5.841082e+01 3.114279e+01 1.400849e+01
      vertex   5.843032e+01 3.100000e+01 1.391043e+01
      vertex   5.766303e+01 3.114279e+01 1.383413e+01
    endloop
  endfacet
  facet normal 1.606102e-01 7.069174e-01 -6.888194e-01
    outer loop
      vertex   5.841082e+01 3.114279e+01 1.400849e+01
      vertex   5.766303e+01 3.114279e+01 1.383413e+01
      vertex   5.763113e+01 3.126604e+01 1.395319e+01
    endloop
  endfacet
  facet normal 2.053172e-01 7.069174e-01 -6.768402e-01
    outer loop
      vertex   5.763113e+01 3.126604e+01 1.395319e+01
      vertex   5.766303e+01 3.114279e+01 1.383413e+01
      vertex   5.688862e+01 3.126604e+01 1.372795e+01
    endloop
  endfacet
  facet normal 1.665603e-01 8.190077e-01 -5.490757e-01
    outer loop
      vertex   5.763113e+01 3.126604e+01 1.395319e+01
      vertex   5.688862e+01 3.126604e+01 1.372795e+01
      vertex   5.684273e+01 3.136603e+01 1.386316e+01
    endloop
  endfacet
  facet normal 2.021149e-01 8.190077e-01 -5.370065e-01
    outer loop
      vertex   5.684273e+01 3.136603e+01 1.386316e+01
      vertex   5.688862e+01 3.126604e+01 1.372795e+01
      vertex   5.610780e+01 3.136603e+01 1.358655e+01
    endloop
  endfacet
  facet normal 1.489328e-01 9.062211e-01 -3.957050e-01
    outer loop
      vertex   5.684273e+01 3.136603e+01 1.386316e+01
      vertex   5.610780e+01 3.136603e+01 1.358655e+01
      vertex   5.604734e+01 3.143969e+01 1.373251e+01
    endloop
  endfacet
  facet normal 1.744943e-01 9.062211e-01 -3.851170e-01
    outer loop
      vertex   5.604734e+01 3.143969e+01 1.373251e+01
      vertex   5.610780e+01 3.136603e+01 1.358655e+01
      vertex   5.532266e+01 3.143969e+01 1.340416e+01
    endloop
  endfacet
  facet normal 1.068698e-01 9.658912e-01 -2.358667e-01
    outer loop
      vertex   5.604734e+01 3.143969e+01 1.373251e+01
      vertex   5.532266e+01 3.143969e+01 1.340416e+01
      vertex   5.524819e+01 3.148481e+01 1.355517e+01
    endloop
  endfacet
  facet normal 1.220674e-01 9.658912e-01 -2.283721e-01
    outer loop
      vertex   5.524819e+01 3.148481e+01 1.355517e+01
      vertex   5.532266e+01 3.143969e+01 1.340416e+01
      vertex   5.453682e+01 3.148481e+01 1.317493e+01
    endloop
  endfacet
  facet normal 6.919890e-02 1.261837e-01 -9.895904e-01
    outer loop
      vertex   6.029866e+01 3.050000e+01 1.399299e+01
      vertex   5.949792e+01 3.050000e+01 1.393700e+01
      vertex   5.994687e+01 3.067365e+01 1.399054e+01
    endloop
  endfacet
  facet normal 9.787768e-02 5.332613e-02 -9.937687e-01
    outer loop
      vertex   5.994687e+01 3.067365e+01 1.399054e+01
      vertex   5.949792e+01 3.050000e+01 1.393700e+01
      vertex   5.919697e+01 3.067365e+01 1.391668e+01
    endloop
  endfacet
  facet normal 9.468068e-02 2.586897e-01 -9.613091e-01
    outer loop
      vertex   5.994687e+01 3.067365e+01 1.399054e+01
      vertex   5.919697e+01 3.067365e+01 1.391668e+01
      vertex   5.919108e+01 3.084202e+01 1.396141e+01
    endloop
  endfacet
  facet normal 1.573506e-01 2.586897e-01 -9.530584e-01
    outer loop
      vertex   5.919108e+01 3.084202e+01 1.396141e+01
      vertex   5.919697e+01 3.067365e+01 1.391668e+01
      vertex   5.844470e+01 3.084202e+01 1.383818e+01
    endloop
  endfacet
  facet normal 1.476476e-01 4.224324e-01 -8.942880e-01
    outer loop
      vertex   5.919108e+01 3.084202e+01 1.396141e+01
      vertex   5.844470e+01 3.084202e+01 1.383818e+01
      vertex   5.843032e+01 3.100000e+01 1.391043e+01
    endloop
  endfacet
  facet normal 2.058207e-01 4.224324e-01 -8.827167e-01
    outer loop
      vertex   5.843032e+01 3.100000e+01 1.391043e+01
      vertex   5.844470e+01 3.084202e+01 1.383818e+01
      vertex   5.768891e+01 3.100000e+01 1.373756e+01
    endloop
  endfacet
  facet normal 1.860427e-01 5.733703e-01 -7.978938e-01
    outer loop
      vertex   5.843032e+01 3.100000e+01 1.391043e+01
      vertex   5.768891e+01 3.100000e+01 1.373756e+01
      vertex   5.766303e+01 3.114279e+01 1.383413e+01
    endloop
  endfacet
  facet normal 2.378292e-01 5.733703e-01 -7.840177e-01
    outer loop
      vertex   5.766303e+01 3.114279e+01 1.383413e+01
      vertex   5.768891e+01 3.100000e+01 1.373756e+01
      vertex   5.692824e+01 3.114279e+01 1.361124e+01
    endloop
  endfacet
  facet normal 2.053172e-01 7.069174e-01 -6.768402e-01
    outer loop
      vertex   5.766303e+01 3.114279e+01 1.383413e+01
      vertex   5.692824e+01 3.114279e+01 1.361124e+01
      vertex   5.688862e+01 3.126604e+01 1.372795e+01
    endloop
  endfacet
  facet normal 2.491451e-01 7.069174e-01 -6.619626e-01
    outer loop
      vertex   5.688862e+01 3.126604e+01 1.372795e+01
      vertex   5.692824e+01 3.114279e+01 1.361124e+01
      vertex   5.616244e+01 3.126604e+01 1.345464e+01
    endloop
  endfacet
  facet normal 2.021149e-01 8.190077e-01 -5.370065e-01
    outer loop
      vertex   5.688862e+01 3.126604e+01 1.372795e+01
      vertex   5.616244e+01 3.126604e+01 1.345464e+01
      vertex   5.610780e+01 3.136603e+01 1.358655e+01
    endloop
  endfacet
  facet normal 2.368041e-01 8.190077e-01 -5.226378e-01
    outer loop
      vertex   5.610780e+01 3.136603e+01 1.358655e+01
      vertex   5.616244e+01 3.126604e+01 1.345464e+01
      vertex   5.539254e+01 3.136603e+01 1.326247e+01
    endloop
  endfacet
  facet normal 1.744943e-01 9.062211e-01 -3.851170e-01
    outer loop
      vertex   5.610780e+01 3.136603e+01 1.358655e+01
      vertex   5.539254e+01 3.136603e+01 1.326247e+01
      vertex   5.532266e+01 3.143969e+01 1.340416e+01
    endloop
  endfacet
  facet normal 1.993085e-01 9.062211e-01 -3.728800e-01
    outer loop
      vertex   5.532266e+01 3.143969e+01 1.340416e+01
      vertex   5.539254e+01 3.136603e+01 1.326247e+01
      vertex   5.462101e+01 3.143969e+01 1.302912e+01
    endloop
  endfacet
  facet normal 1.220674e-01 9.658912e-01 -2.283721e-01
    outer loop
      vertex   5.532266e+01 3.143969e+01 1.340416e+01
      vertex   5.462101e+01 3.143969e+01 1.302912e+01
      vertex   5.453682e+01 3.148481e+01 1.317493e+01
    endloop
  endfacet
  facet normal 1.367423e-01 9.658912e-01 -2.198995e-01
    outer loop
      vertex   5.453682e+01 3.148481e+01 1.317493e+01
      vertex   5.462101e+01 3.143969e+01 1.302912e+01
      vertex   5.385185e+01 3.148481e+01 1.274899e+01
    endloop
  endfacet
  facet normal 1.380932e-01 1.243343e-01 -9.825840e-01
    outer loop
      vertex   5.949792e+01 3.050000e+01 1.393700e+01
      vertex   5.870305e+01 3.050000e+01 1.382529e+01
      vertex   5.919697e+01 3.067365e+01 1.391668e+01
    endloop
  endfacet
  facet normal 1.626413e-01 5.583653e-02 -9.851041e-01
    outer loop
      vertex   5.919697e+01 3.067365e+01 1.391668e+01
      vertex   5.870305e+01 3.050000e+01 1.382529e+01
      vertex   5.845350e+01 3.067365e+01 1.379393e+01
    endloop
  endfacet
  facet normal 1.573506e-01 2.586897e-01 -9.530584e-01
    outer loop
      vertex   5.919697e+01 3.067365e+01 1.391668e+01
      vertex   5.845350e+01 3.067365e+01 1.379393e+01
      vertex   5.844470e+01 3.084202e+01 1.383818e+01
    endloop
  endfacet
  facet normal 2.193467e-01 2.586897e-01 -9.407267e-01
    outer loop
      vertex   5.844470e+01 3.084202e+01 1.383818e+01
      vertex   5.845350e+01 3.067365e+01 1.379393e+01
      vertex   5.770797e+01 3.084202e+01 1.366640e+01
    endloop
  endfacet
  facet normal 2.058207e-01 4.224324e-01 -8.827167e-01
    outer loop
      vertex   5.844470e+01 3.084202e+01 1.383818e+01
      vertex   5.770797e+01 3.084202e+01 1.366640e+01
      vertex   5.768891e+01 3.100000e+01 1.373756e+01
    endloop
  endfacet
  facet normal 2.631124e-01 4.224324e-01 -8.673654e-01
    outer loop
      vertex   5.768891e+01 3.100000e+01 1.373756e+01
      vertex   5.770797e+01 3.084202e+01 1.366640e+01
      vertex   5.696038e+01 3.100000e+01 1.351656e+01
    endloop
  endfacet
  facet normal 2.378292e-01 5.733703e-01 -7.840177e-01
    outer loop
      vertex   5.768891e+01 3.100000e+01 1.373756e+01
      vertex   5.696038e+01 3.100000e+01 1.351656e+01
      vertex   5.692824e+01 3.114279e+01 1.361124e+01
    endloop
  endfacet
  facet normal 2.885972e-01 5.733703e-01 -7.667843e-01
    outer loop
      vertex   5.692824e+01 3.114279e+01 1.361124e+01
      vertex   5.696038e+01 3.100000e+01 1.351656e+01
      vertex   5.620961e+01 3.114279e+01 1.334076e+01
    endloop
  endfacet
  facet normal 2.491451e-01 7.069174e-01 -6.619626e-01
    outer loop
      vertex   5.692824e+01 3.114279e+01 1.361124e+01
      vertex   5.620961e+01 3.114279e+01 1.334076e+01
      vertex   5.616244e+01 3.126604e+01 1.345464e+01
    endloop
  endfacet
  facet normal 2.919061e-01 7.069174e-01 -6.442504e-01
    outer loop
      vertex   5.616244e+01 3.126604e+01 1.345464e+01
      vertex   5.620961e+01 3.114279e+01 1.334076e+01
      vertex   5.545569e+01 3.126604e+01 1.313441e+01
    endloop
  endfacet
  facet normal 2.368041e-01 8.190077e-01 -5.226378e-01
    outer loop
      vertex   5.616244e+01 3.126604e+01 1.345464e+01
      vertex   5.545569e+01 3.126604e+01 1.313441e+01
      vertex   5.539254e+01 3.136603e+01 1.326247e+01
    endloop
  endfacet
  facet normal 2.704792e-01 8.190077e-01 -5.060310e-01
    outer loop
      vertex   5.539254e+01 3.136603e+01 1.326247e+01
      vertex   5.545569e+01 3.126604e+01 1.313441e+01
      vertex   5.470000e+01 3.136603e+01 1.289230e+01
    endloop
  endfacet
  facet normal 1.993085e-01 9.062211e-01 -3.728800e-01
    outer loop
      vertex   5.539254e+01 3.136603e+01 1.326247e+01
      vertex   5.470000e+01 3.136603e+01 1.289230e+01
      vertex   5.462101e+01 3.143969e+01 1.302912e+01
    endloop
  endfacet
  facet normal 2.232693e-01 9.062211e-01 -3.590462e-01
    outer loop
      vertex   5.462101e+01 3.143969e+01 1.302912e+01
      vertex   5.470000e+01 3.136603e+01 1.289230e+01
      vertex   5.394539e+01 3.143969e+01 1.260899e+01
    endloop
  endfacet
  facet normal 1.367423e-01 9.658912e-01 -2.198995e-01
    outer loop
      vertex   5.462101e+01 3.143969e+01 1.302912e+01
      vertex   5.394539e+01 3.143969e+01 1.260899e+01
      vertex   5.385185e+01 3.148481e+01 1.274899e+01
    endloop
  endfacet
  facet normal 1.508317e-01 9.658912e-01 -2.104853e-01
    outer loop
      vertex   5.385185e+01 3.148481e+01 1.274899e+01
      vertex   5.394539e+01 3.143969e+01 1.260899e+01
      vertex   5.319619e+01 3.148481e+01 1.227915e+01
    endloop
  endfacet
  facet normal 2.063777e-01 1.212492e-01 -9.709309e-01
    outer loop
      vertex   5.870305e+01 3.050000e+01 1.382529e+01
      vertex   5.791790e+01 3.050000e+01 1.365840e+01
      vertex   5.845350e+01 3.067365e+01 1.379393e+01
    endloop
  endfacet
  facet normal 2.266726e-01 5.960007e-02 -9.721458e-01
    outer loop
      vertex   5.845350e+01 3.067365e+01 1.379393e+01
      vertex   5.791790e+01 3.050000e+01 1.365840e+01
      vertex   5.771965e+01 3.067365e+01 1.362282e+01
    endloop
  endfacet
  facet normal 2.193467e-01 2.586897e-01 -9.407267e-01
    outer loop
      vertex   5.845350e+01 3.067365e+01 1.379393e+01
      vertex   5.771965e+01 3.067365e+01 1.362282e+01
      vertex   5.770797e+01 3.084202e+01 1.366640e+01
    endloop
  endfacet
  facet normal 2.804035e-01 2.586897e-01 -9.243665e-01
    outer loop
      vertex   5.770797e+01 3.084202e+01 1.366640e+01
      vertex   5.771965e+01 3.067365e+01 1.362282e+01
      vertex   5.698406e+01 3.084202e+01 1.344680e+01
    endloop
  endfacet
  facet normal 2.631124e-01 4.224324e-01 -8.673654e-01
    outer loop
      vertex   5.770797e+01 3.084202e+01 1.366640e+01
      vertex   5.698406e+01 3.084202e+01 1.344680e+01
      vertex   5.696038e+01 3.100000e+01 1.351656e+01
    endloop
  endfacet
  facet normal 3.192775e-01 4.224324e-01 -8.482999e-01
    outer loop
      vertex   5.696038e+01 3.100000e+01 1.351656e+01
      vertex   5.698406e+01 3.084202e+01 1.344680e+01
      vertex   5.624787e+01 3.100000e+01 1.324839e+01
    endloop
  endfacet
  facet normal 2.885972e-01 5.733703e-01 -7.667843e-01
    outer loop
      vertex   5.696038e+01 3.100000e+01 1.351656e+01
      vertex   5.624787e+01 3.100000e+01 1.324839e+01
      vertex   5.620961e+01 3.114279e+01 1.334076e+01
    endloop
  endfacet
  facet normal 3.381294e-01 5.733703e-01 -7.462674e-01
    outer loop
      vertex   5.620961e+01 3.114279e+01 1.334076e+01
      vertex   5.624787e+01 3.100000e+01 1.324839e+01
      vertex   5.551020e+01 3.114279e+01 1.302386e+01
    endloop
  endfacet
  facet normal 2.919061e-01 7.069174e-01 -6.442504e-01
    outer loop
      vertex   5.620961e+01 3.114279e+01 1.334076e+01
      vertex   5.551020e+01 3.114279e+01 1.302386e+01
      vertex   5.545569e+01 3.126604e+01 1.313441e+01
    endloop
  endfacet
  facet normal 3.334171e-01 7.069174e-01 -6.237795e-01
    outer loop
      vertex   5.545569e+01 3.126604e+01 1.313441e+01
      vertex   5.551020e+01 3.114279e+01 1.302386e+01
      vertex   5.477139e+01 3.126604e+01 1.276865e+01
    endloop
  endfacet
  facet normal 2.704792e-01 8.190077e-01 -5.060310e-01
    outer loop
      vertex   5.545569e+01 3.126604e+01 1.313441e+01
      vertex   5.477139e+01 3.126604e+01 1.276865e+01
      vertex   5.470000e+01 3.136603e+01 1.289230e+01
    endloop
  endfacet
  facet normal 3.029961e-01 8.190077e-01 -4.872574e-01
    outer loop
      vertex   5.470000e+01 3.136603e+01 1.289230e+01
      vertex   5.477139e+01 3.126604e+01 1.276865e+01
      vertex   5.403316e+01 3.136603e+01 1.247764e+01
    endloop
  endfacet
  facet normal 2.232693e-01 9.062211e-01 -3.590462e-01
    outer loop
      vertex   5.470000e+01 3.136603e+01 1.289230e+01
      vertex   5.403316e+01 3.136603e+01 1.247764e+01
      vertex   5.394539e+01 3.143969e+01 1.260899e+01
    endloop
  endfacet
  facet normal 2.462740e-01 9.062211e-01 -3.436750e-01
    outer loop
      vertex   5.394539e+01 3.143969e+01 1.260899e+01
      vertex   5.403316e+01 3.136603e+01 1.247764e+01
      vertex   5.329869e+01 3.143969e+01 1.214557e+01
    endloop
  endfacet
  facet normal 1.508317e-01 9.658912e-01 -2.104853e-01
    outer loop
      vertex   5.394539e+01 3.143969e+01 1.260899e+01
      vertex   5.329869e+01 3.143969e+01 1.214557e+01
      vertex   5.319619e+01 3.148481e+01 1.227915e+01
    endloop
  endfacet
  facet normal 1.642751e-01 9.658912e-01 -2.001698e-01
    outer loop
      vertex   5.319619e+01 3.148481e+01 1.227915e+01
      vertex   5.329869e+01 3.143969e+01 1.214557e+01
      vertex   5.257267e+01 3.148481e+01 1.176744e+01
    endloop
  endfacet
  facet normal 2.737467e-01 1.169243e-01 -9.546682e-01
    outer loop
      vertex   5.791790e+01 3.050000e+01 1.365840e+01
      vertex   5.714630e+01 3.050000e+01 1.343715e+01
      vertex   5.771965e+01 3.067365e+01 1.362282e+01
    endloop
  endfacet
  facet normal 2.896781e-01 6.461403e-02 -9.549406e-01
    outer loop
      vertex   5.771965e+01 3.067365e+01 1.362282e+01
      vertex   5.714630e+01 3.050000e+01 1.343715e+01
      vertex   5.699856e+01 3.067365e+01 1.340408e+01
    endloop
  endfacet
  facet normal 2.804035e-01 2.586897e-01 -9.243665e-01
    outer loop
      vertex   5.771965e+01 3.067365e+01 1.362282e+01
      vertex   5.699856e+01 3.067365e+01 1.340408e+01
      vertex   5.698406e+01 3.084202e+01 1.344680e+01
    endloop
  endfacet
  facet normal 3.402596e-01 2.586897e-01 -9.040481e-01
    outer loop
      vertex   5.698406e+01 3.084202e+01 1.344680e+01
      vertex   5.699856e+01 3.067365e+01 1.340408e+01
      vertex   5.627606e+01 3.084202e+01 1.318033e+01
    endloop
  endfacet
  facet normal 3.192775e-01 4.224324e-01 -8.482999e-01
    outer loop
      vertex   5.698406e+01 3.084202e+01 1.344680e+01
      vertex   5.627606e+01 3.084202e+01 1.318033e+01
      vertex   5.624787e+01 3.100000e+01 1.324839e+01
    endloop
  endfacet
  facet normal 3.740754e-01 4.224324e-01 -8.256019e-01
    outer loop
      vertex   5.624787e+01 3.100000e+01 1.324839e+01
      vertex   5.627606e+01 3.084202e+01 1.318033e+01
      vertex   5.555442e+01 3.100000e+01 1.293419e+01
    endloop
  endfacet
  facet normal 3.381294e-01 5.733703e-01 -7.462674e-01
    outer loop
      vertex   5.624787e+01 3.100000e+01 1.324839e+01
      vertex   5.555442e+01 3.100000e+01 1.293419e+01
      vertex   5.551020e+01 3.114279e+01 1.302386e+01
    endloop
  endfacet
  facet normal 3.862136e-01 5.733703e-01 -7.225549e-01
    outer loop
      vertex   5.551020e+01 3.114279e+01 1.302386e+01
      vertex   5.555442e+01 3.100000e+01 1.293419e+01
      vertex   5.483302e+01 3.114279e+01 1.266190e+01
    endloop
  endfacet
  facet normal 3.334171e-01 7.069174e-01 -6.237795e-01
    outer loop
      vertex   5.551020e+01 3.114279e+01 1.302386e+01
      vertex   5.483302e+01 3.114279e+01 1.266190e+01
      vertex   5.477139e+01 3.126604e+01 1.276865e+01
    endloop
  endfacet
  facet normal 3.735003e-01 7.069174e-01 -6.006374e-01
    outer loop
      vertex   5.477139e+01 3.126604e+01 1.276865e+01
      vertex   5.483302e+01 3.114279e+01 1.266190e+01
      vertex   5.411249e+01 3.126604e+01 1.235891e+01
    endloop
  endfacet
  facet normal 3.029961e-01 8.190077e-01 -4.872574e-01
    outer loop
      vertex   5.477139e+01 3.126604e+01 1.276865e+01
      vertex   5.411249e+01 3.126604e+01 1.235891e+01
      vertex   5.403316e+01 3.136603e+01 1.247764e+01
    endloop
  endfacet
  facet normal 3.342155e-01 8.190077e-01 -4.663973e-01
    outer loop
      vertex   5.403316e+01 3.136603e+01 1.247764e+01
      vertex   5.411249e+01 3.126604e+01 1.235891e+01
      vertex   5.339486e+01 3.136603e+01 1.202024e+01
    endloop
  endfacet
  facet normal 2.462740e-01 9.062211e-01 -3.436750e-01
    outer loop
      vertex   5.403316e+01 3.136603e+01 1.247764e+01
      vertex   5.339486e+01 3.136603e+01 1.202024e+01
      vertex   5.329869e+01 3.143969e+01 1.214557e+01
    endloop
  endfacet
  facet normal 2.682241e-01 9.062211e-01 -3.268321e-01
    outer loop
      vertex   5.329869e+01 3.143969e+01 1.214557e+01
      vertex   5.339486e+01 3.136603e+01 1.202024e+01
      vertex   5.268369e+01 3.143969e+01 1.164085e+01
    endloop
  endfacet
  facet normal 1.642751e-01 9.658912e-01 -2.001698e-01
    outer loop
      vertex   5.329869e+01 3.143969e+01 1.214557e+01
      vertex   5.268369e+01 3.143969e+01 1.164085e+01
      vertex   5.257267e+01 3.148481e+01 1.176744e+01
    endloop
  endfacet
  facet normal 1.770151e-01 9.658912e-01 -1.889971e-01
    outer loop
      vertex   5.257267e+01 3.148481e+01 1.176744e+01
      vertex   5.268369e+01 3.143969e+01 1.164085e+01
      vertex   5.198395e+01 3.148481e+01 1.121605e+01
    endloop
  endfacet
  facet normal 3.398931e-01 1.113540e-01 -9.338485e-01
    outer loop
      vertex   5.714630e+01 3.050000e+01 1.343715e+01
      vertex   5.639202e+01 3.050000e+01 1.316261e+01
      vertex   5.699856e+01 3.067365e+01 1.340408e+01
    endloop
  endfacet
  facet normal 3.513642e-01 7.087438e-02 -9.335524e-01
    outer loop
      vertex   5.699856e+01 3.067365e+01 1.340408e+01
      vertex   5.639202e+01 3.050000e+01 1.316261e+01
      vertex   5.629333e+01 3.067365e+01 1.313865e+01
    endloop
  endfacet
  facet normal 3.402596e-01 2.586897e-01 -9.040481e-01
    outer loop
      vertex   5.699856e+01 3.067365e+01 1.340408e+01
      vertex   5.629333e+01 3.067365e+01 1.313865e+01
      vertex   5.627606e+01 3.084202e+01 1.318033e+01
    endloop
  endfacet
  facet normal 3.986587e-01 2.586897e-01 -8.798584e-01
    outer loop
      vertex   5.627606e+01 3.084202e+01 1.318033e+01
      vertex   5.629333e+01 3.067365e+01 1.313865e+01
      vertex   5.558701e+01 3.084202e+01 1.286812e+01
    endloop
  endfacet
  facet normal 3.740754e-01 4.224324e-01 -8.256019e-01
    outer loop
      vertex   5.627606e+01 3.084202e+01 1.318033e+01
      vertex   5.558701e+01 3.084202e+01 1.286812e+01
      vertex   5.555442e+01 3.100000e+01 1.293419e+01
    endloop
  endfacet
  facet normal 4.272714e-01 4.224324e-01 -7.993685e-01
    outer loop
      vertex   5.555442e+01 3.100000e+01 1.293419e+01
      vertex   5.558701e+01 3.084202e+01 1.286812e+01
      vertex   5.488301e+01 3.100000e+01 1.257532e+01
    endloop
  endfacet
  facet normal 3.862136e-01 5.733703e-01 -7.225549e-01
    outer loop
      vertex   5.555442e+01 3.100000e+01 1.293419e+01
      vertex   5.488301e+01 3.100000e+01 1.257532e+01
      vertex   5.483302e+01 3.114279e+01 1.266190e+01
    endloop
  endfacet
  facet normal 4.326441e-01 5.733703e-01 -6.957482e-01
    outer loop
      vertex   5.483302e+01 3.114279e+01 1.266190e+01
      vertex   5.488301e+01 3.100000e+01 1.257532e+01
      vertex   5.418096e+01 3.114279e+01 1.225643e+01
    endloop
  endfacet
  facet normal 3.735003e-01 7.069174e-01 -6.006374e-01
    outer loop
      vertex   5.483302e+01 3.114279e+01 1.266190e+01
      vertex   5.418096e+01 3.114279e+01 1.225643e+01
      vertex   5.411249e+01 3.126604e+01 1.235891e+01
    endloop
  endfacet
  facet normal 4.119842e-01 7.069174e-01 -5.749233e-01
    outer loop
      vertex   5.411249e+01 3.126604e+01 1.235891e+01
      vertex   5.418096e+01 3.114279e+01 1.225643e+01
      vertex   5.348179e+01 3.126604e+01 1.190696e+01
    endloop
  endfacet
  facet normal 3.342155e-01 8.190077e-01 -4.663973e-01
    outer loop
      vertex   5.411249e+01 3.126604e+01 1.235891e+01
      vertex   5.348179e+01 3.126604e+01 1.190696e+01
      vertex   5.339486e+01 3.136603e+01 1.202024e+01
    endloop
  endfacet
  facet normal 3.640038e-01 8.190077e-01 -4.435399e-01
    outer loop
      vertex   5.339486e+01 3.136603e+01 1.202024e+01
      vertex   5.348179e+01 3.126604e+01 1.190696e+01
      vertex   5.278785e+01 3.136603e+01 1.152208e+01
    endloop
  endfacet
  facet normal 2.682241e-01 9.062211e-01 -3.268321e-01
    outer loop
      vertex   5.339486e+01 3.136603e+01 1.202024e+01
      vertex   5.278785e+01 3.136603e+01 1.152208e+01
      vertex   5.268369e+01 3.143969e+01 1.164085e+01
    endloop
  endfacet
  facet normal 2.890257e-01 9.062211e-01 -3.085896e-01
    outer loop
      vertex   5.268369e+01 3.143969e+01 1.164085e+01
      vertex   5.278785e+01 3.136603e+01 1.152208e+01
      vertex   5.210301e+01 3.143969e+01 1.109699e+01
    endloop
  endfacet
  facet normal 1.770151e-01 9.658912e-01 -1.889971e-01
    outer loop
      vertex   5.268369e+01 3.143969e+01 1.164085e+01
      vertex   5.210301e+01 3.143969e+01 1.109699e+01
      vertex   5.198395e+01 3.148481e+01 1.121605e+01
    endloop
  endfacet
  facet normal 1.889971e-01 9.658912e-01 -1.770151e-01
    outer loop
      vertex   5.198395e+01 3.148481e+01 1.121605e+01
      vertex   5.210301e+01 3.143969e+01 1.109699e+01
      vertex   5.143256e+01 3.148481e+01 1.062733e+01
    endloop
  endfacet
  facet normal 4.045083e-01 1.045319e-01 -9.085406e-01
    outer loop
      vertex   5.639202e+01 3.050000e+01 1.316261e+01
      vertex   5.565873e+01 3.050000e+01 1.283613e+01
      vertex   5.629333e+01 3.067365e+01 1.313865e+01
    endloop
  endfacet
  facet normal 4.114375e-01 7.837544e-02 -9.080619e-01
    outer loop
      vertex   5.629333e+01 3.067365e+01 1.313865e+01
      vertex   5.565873e+01 3.050000e+01 1.283613e+01
      vertex   5.560696e+01 3.067365e+01 1.282766e+01
    endloop
  endfacet
  facet normal 3.986587e-01 2.586897e-01 -8.798584e-01
    outer loop
      vertex   5.629333e+01 3.067365e+01 1.313865e+01
      vertex   5.560696e+01 3.067365e+01 1.282766e+01
      vertex   5.558701e+01 3.084202e+01 1.286812e+01
    endloop
  endfacet
  facet normal 4.553506e-01 2.586897e-01 -8.519011e-01
    outer loop
      vertex   5.558701e+01 3.084202e+01 1.286812e+01
      vertex   5.560696e+01 3.067365e+01 1.282766e+01
      vertex   5.491985e+01 3.084202e+01 1.251152e+01
    endloop
  endfacet
  facet normal 4.272714e-01 4.224324e-01 -7.993685e-01
    outer loop
      vertex   5.558701e+01 3.084202e+01 1.286812e+01
      vertex   5.491985e+01 3.084202e+01 1.251152e+01
      vertex   5.488301e+01 3.100000e+01 1.257532e+01
    endloop
  endfacet
  facet normal 4.786378e-01 4.224324e-01 -7.697121e-01
    outer loop
      vertex   5.488301e+01 3.100000e+01 1.257532e+01
      vertex   5.491985e+01 3.084202e+01 1.251152e+01
      vertex   5.423651e+01 3.100000e+01 1.217330e+01
    endloop
  endfacet
  facet normal 4.326441e-01 5.733703e-01 -6.957482e-01
    outer loop
      vertex   5.488301e+01 3.100000e+01 1.257532e+01
      vertex   5.423651e+01 3.100000e+01 1.217330e+01
      vertex   5.418096e+01 3.114279e+01 1.225643e+01
    endloop
  endfacet
  facet normal 4.772218e-01 5.733703e-01 -6.659623e-01
    outer loop
      vertex   5.418096e+01 3.114279e+01 1.225643e+01
      vertex   5.423651e+01 3.100000e+01 1.217330e+01
      vertex   5.355682e+01 3.114279e+01 1.180917e+01
    endloop
  endfacet
  facet normal 4.119842e-01 7.069174e-01 -5.749233e-01
    outer loop
      vertex   5.418096e+01 3.114279e+01 1.225643e+01
      vertex   5.355682e+01 3.114279e+01 1.180917e+01
      vertex   5.348179e+01 3.126604e+01 1.190696e+01
    endloop
  endfacet
  facet normal 4.487039e-01 7.069174e-01 -5.467473e-01
    outer loop
      vertex   5.348179e+01 3.126604e+01 1.190696e+01
      vertex   5.355682e+01 3.114279e+01 1.180917e+01
      vertex   5.288200e+01 3.126604e+01 1.141472e+01
    endloop
  endfacet
  facet normal 3.640038e-01 8.190077e-01 -4.435399e-01
    outer loop
      vertex   5.348179e+01 3.126604e+01 1.190696e+01
      vertex   5.288200e+01 3.126604e+01 1.141472e+01
      vertex   5.278785e+01 3.136603e+01 1.152208e+01
    endloop
  endfacet
  facet normal 3.922333e-01 8.190077e-01 -4.187833e-01
    outer loop
      vertex   5.278785e+01 3.136603e+01 1.152208e+01
      vertex   5.288200e+01 3.126604e+01 1.141472e+01
      vertex   5.221472e+01 3.136603e+01 1.098528e+01
    endloop
  endfacet
  facet normal 2.890257e-01 9.062211e-01 -3.085896e-01
    outer loop
      vertex   5.278785e+01 3.136603e+01 1.152208e+01
      vertex   5.221472e+01 3.136603e+01 1.098528e+01
      vertex   5.210301e+01 3.143969e+01 1.109699e+01
    endloop
  endfacet
  facet normal 3.085896e-01 9.062211e-01 -2.890257e-01
    outer loop
      vertex   5.210301e+01 3.143969e+01 1.109699e+01
      vertex   5.221472e+01 3.136603e+01 1.098528e+01
      vertex   5.155915e+01 3.143969e+01 1.051631e+01
    endloop
  endfacet
  facet normal 1.889971e-01 9.658912e-01 -1.770151e-01
    outer loop
      vertex   5.210301e+01 3.143969e+01 1.109699e+01
      vertex   5.155915e+01 3.143969e+01 1.051631e+01
      vertex   5.143256e+01 3.148481e+01 1.062733e+01
    endloop
  endfacet
  facet normal 2.001698e-01 9.658912e-01 -1.642751e-01
    outer loop
      vertex   5.143256e+01 3.148481e+01 1.062733e+01
      vertex   5.155915e+01 3.143969e+01 1.051631e+01
      vertex   5.092085e+01 3.148481e+01 1.000381e+01
    endloop
  endfacet
  facet normal 4.672828e-01 9.645073e-02 -8.788311e-01
    outer loop
      vertex   5.565873e+01 3.050000e+01 1.283613e+01
      vertex   5.495000e+01 3.050000e+01 1.245929e+01
      vertex   5.560696e+01 3.067365e+01 1.282766e+01
    endloop
  endfacet
  facet normal 4.696048e-01 8.710943e-02 -8.785689e-01
    outer loop
      vertex   5.560696e+01 3.067365e+01 1.282766e+01
      vertex   5.495000e+01 3.050000e+01 1.245929e+01
      vertex   5.494240e+01 3.067365e+01 1.247245e+01
    endloop
  endfacet
  facet normal 4.553506e-01 2.586897e-01 -8.519011e-01
    outer loop
      vertex   5.560696e+01 3.067365e+01 1.282766e+01
      vertex   5.494240e+01 3.067365e+01 1.247245e+01
      vertex   5.491985e+01 3.084202e+01 1.251152e+01
    endloop
  endfacet
  facet normal 5.100927e-01 2.586897e-01 -8.202957e-01
    outer loop
      vertex   5.491985e+01 3.084202e+01 1.251152e+01
      vertex   5.494240e+01 3.067365e+01 1.247245e+01
      vertex   5.427744e+01 3.084202e+01 1.211204e+01
    endloop
  endfacet
  facet normal 4.786378e-01 4.224324e-01 -7.697121e-01
    outer loop
      vertex   5.491985e+01 3.084202e+01 1.251152e+01
      vertex   5.427744e+01 3.084202e+01 1.211204e+01
      vertex   5.423651e+01 3.100000e+01 1.217330e+01
    endloop
  endfacet
  facet normal 5.279545e-01 4.224324e-01 -7.367597e-01
    outer loop
      vertex   5.423651e+01 3.100000e+01 1.217330e+01
      vertex   5.427744e+01 3.084202e+01 1.211204e+01
      vertex   5.361768e+01 3.100000e+01 1.172985e+01
    endloop
  endfacet
  facet normal 4.772218e-01 5.733703e-01 -6.659623e-01
    outer loop
      vertex   5.423651e+01 3.100000e+01 1.217330e+01
      vertex   5.361768e+01 3.100000e+01 1.172985e+01
      vertex   5.355682e+01 3.114279e+01 1.180917e+01
    endloop
  endfacet
  facet normal 5.197561e-01 5.733703e-01 -6.333246e-01
    outer loop
      vertex   5.355682e+01 3.114279e+01 1.180917e+01
      vertex   5.361768e+01 3.100000e+01 1.172985e+01
      vertex   5.296327e+01 3.114279e+01 1.132205e+01
    endloop
  endfacet
  facet normal 4.487039e-01 7.069174e-01 -5.467473e-01
    outer loop
      vertex   5.355682e+01 3.114279e+01 1.180917e+01
      vertex   5.296327e+01 3.114279e+01 1.132205e+01
      vertex   5.288200e+01 3.126604e+01 1.141472e+01
    endloop
  endfacet
  facet normal 4.835022e-01 7.069174e-01 -5.162300e-01
    outer loop
      vertex   5.288200e+01 3.126604e+01 1.141472e+01
      vertex   5.296327e+01 3.114279e+01 1.132205e+01
      vertex   5.231568e+01 3.126604e+01 1.088432e+01
    endloop
  endfacet
  facet normal 3.922333e-01 8.190077e-01 -4.187833e-01
    outer loop
      vertex   5.288200e+01 3.126604e+01 1.141472e+01
      vertex   5.231568e+01 3.126604e+01 1.088432e+01
      vertex   5.221472e+01 3.136603e+01 1.098528e+01
    endloop
  endfacet
  facet normal 4.187833e-01 8.190077e-01 -3.922333e-01
    outer loop
      vertex   5.221472e+01 3.136603e+01 1.098528e+01
      vertex   5.231568e+01 3.126604e+01 1.088432e+01
      vertex   5.167792e+01 3.136603e+01 1.041215e+01
    endloop
  endfacet
  facet normal 3.085896e-01 9.062211e-01 -2.890257e-01
    outer loop
      vertex   5.221472e+01 3.136603e+01 1.098528e+01
      vertex   5.167792e+01 3.136603e+01 1.041215e+01
      vertex   5.155915e+01 3.143969e+01 1.051631e+01
    endloop
  endfacet
  facet normal 3.268321e-01 9.062211e-01 -2.682241e-01
    outer loop
      vertex   5.155915e+01 3.143969e+01 1.051631e+01
      vertex   5.167792e+01 3.136603e+01 1.041215e+01
      vertex   5.105443e+01 3.143969e+01 9.901309e+00
    endloop
  endfacet
  facet normal 2.001698e-01 9.658912e-01 -1.642751e-01
    outer loop
      vertex   5.155915e+01 3.143969e+01 1.051631e+01
      vertex   5.105443e+01 3.143969e+01 9.901309e+00
      vertex   5.092085e+01 3.148481e+01 1.000381e+01
    endloop
  endfacet
  facet normal 2.104853e-01 9.658912e-01 -1.508317e-01
    outer loop
      vertex   5.092085e+01 3.148481e+01 1.000381e+01
      vertex   5.105443e+01 3.143969e+01 9.901309e+00
      vertex   5.045101e+01 3.148481e+01 9.348154e+00
    endloop
  endfacet
  facet normal 5.260605e-01 8.710943e-02 -8.459742e-01
    outer loop
      vertex   5.494240e+01 3.067365e+01 1.247245e+01
      vertex   5.495000e+01 3.050000e+01 1.245929e+01
      vertex   5.430250e+01 3.067365e+01 1.207453e+01
    endloop
  endfacet
  facet normal 5.274487e-01 9.645073e-02 -8.440943e-01
    outer loop
      vertex   5.430250e+01 3.067365e+01 1.207453e+01
      vertex   5.495000e+01 3.050000e+01 1.245929e+01
      vertex   5.426928e+01 3.050000e+01 1.203393e+01
    endloop
  endfacet
  facet normal 5.806859e-01 7.837544e-02 -8.103463e-01
    outer loop
      vertex   5.430250e+01 3.067365e+01 1.207453e+01
      vertex   5.426928e+01 3.050000e+01 1.203393e+01
      vertex   5.369000e+01 3.067365e+01 1.163562e+01
    endloop
  endfacet
  facet normal 5.845651e-01 1.045319e-01 -8.045848e-01
    outer loop
      vertex   5.369000e+01 3.067365e+01 1.163562e+01
      vertex   5.426928e+01 3.050000e+01 1.203393e+01
      vertex   5.361989e+01 3.050000e+01 1.156212e+01
    endloop
  endfacet
  facet normal 6.327979e-01 7.087438e-02 -7.710665e-01
    outer loop
      vertex   5.369000e+01 3.067365e+01 1.163562e+01
      vertex   5.361989e+01 3.050000e+01 1.156212e+01
      vertex   5.310751e+01 3.067365e+01 1.115758e+01
    endloop
  endfacet
  facet normal 6.387900e-01 1.113540e-01 -7.612803e-01
    outer loop
      vertex   5.310751e+01 3.067365e+01 1.115758e+01
      vertex   5.361989e+01 3.050000e+01 1.156212e+01
      vertex   5.300500e+01 3.050000e+01 1.104617e+01
    endloop
  endfacet
  facet normal 6.821638e-01 6.461403e-02 -7.283389e-01
    outer loop
      vertex   5.310751e+01 3.067365e+01 1.115758e+01
      vertex   5.300500e+01 3.050000e+01 1.104617e+01
      vertex   5.255753e+01 3.067365e+01 1.064247e+01
    endloop
  endfacet
  facet normal 6.898936e-01 1.169243e-01 -7.144057e-01
    outer loop
      vertex   5.255753e+01 3.067365e+01 1.064247e+01
      vertex   5.300500e+01 3.050000e+01 1.104617e+01
      vertex   5.242759e+01 3.050000e+01 1.048857e+01
    endloop
  endfacet
  facet normal 7.285666e-01 5.960007e-02 -6.823771e-01
    outer loop
      vertex   5.255753e+01 3.067365e+01 1.064247e+01
      vertex   5.242759e+01 3.050000e+01 1.048857e+01
      vertex   5.204242e+01 3.067365e+01 1.009249e+01
    endloop
  endfacet
  facet normal 7.376620e-01 1.212492e-01 -6.641938e-01
    outer loop
      vertex   5.204242e+01 3.067365e+01 1.009249e+01
      vertex   5.242759e+01 3.050000e+01 1.048857e+01
      vertex   5.189049e+01 3.050000e+01 9.892057e+00
    endloop
  endfacet
  facet normal 7.718045e-01 5.583653e-02 -6.334036e-01
    outer loop
      vertex   5.204242e+01 3.067365e+01 1.009249e+01
      vertex   5.189049e+01 3.050000e+01 9.892057e+00
      vertex   5.156438e+01 3.067365e+01 9.510005e+00
    endloop
  endfacet
  facet normal 7.818961e-01 1.243343e-01 -6.108842e-01
    outer loop
      vertex   5.156438e+01 3.067365e+01 9.510005e+00
      vertex   5.189049e+01 3.050000e+01 9.892057e+00
      vertex   5.139630e+01 3.050000e+01 9.259530e+00
    endloop
  endfacet
  facet normal 8.116901e-01 5.332613e-02 -5.816489e-01
    outer loop
      vertex   5.156438e+01 3.067365e+01 9.510005e+00
      vertex   5.139630e+01 3.050000e+01 9.259530e+00
      vertex   5.112547e+01 3.067365e+01 8.897498e+00
    endloop
  endfacet
  facet normal 8.224110e-01 1.261837e-01 -5.547232e-01
    outer loop
      vertex   5.112547e+01 3.067365e+01 8.897498e+00
      vertex   5.139630e+01 3.050000e+01 9.259530e+00
      vertex   5.094745e+01 3.050000e+01 8.594071e+00
    endloop
  endfacet
  facet normal 8.480502e-01 5.207054e-02 -5.273515e-01
    outer loop
      vertex   5.112547e+01 3.067365e+01 8.897498e+00
      vertex   5.094745e+01 3.050000e+01 8.594071e+00
      vertex   5.072755e+01 3.067365e+01 8.257596e+00
    endloop
  endfacet
  facet normal 8.590351e-01 1.267999e-01 -4.959642e-01
    outer loop
      vertex   5.072755e+01 3.067365e+01 8.257596e+00
      vertex   5.094745e+01 3.050000e+01 8.594071e+00
      vertex   5.054610e+01 3.050000e+01 7.898923e+00
    endloop
  endfacet
  facet normal 8.807249e-01 5.207054e-02 -4.707572e-01
    outer loop
      vertex   5.072755e+01 3.067365e+01 8.257596e+00
      vertex   5.054610e+01 3.050000e+01 7.898923e+00
      vertex   5.037234e+01 3.067365e+01 7.593039e+00
    endloop
  endfacet
  facet normal 8.916099e-01 1.261837e-01 -4.348672e-01
    outer loop
      vertex   5.037234e+01 3.067365e+01 7.593039e+00
      vertex   5.054610e+01 3.050000e+01 7.898923e+00
      vertex   5.019423e+01 3.050000e+01 7.177471e+00
    endloop
  endfacet
  facet normal 9.095678e-01 5.332613e-02 -4.121198e-01
    outer loop
      vertex   5.037234e+01 3.067365e+01 7.593039e+00
      vertex   5.019423e+01 3.050000e+01 7.177471e+00
      vertex   5.006135e+01 3.067365e+01 6.906673e+00
    endloop
  endfacet
  facet normal 9.199893e-01 1.243343e-01 -3.716998e-01
    outer loop
      vertex   5.006135e+01 3.067365e+01 6.906673e+00
      vertex   5.019423e+01 3.050000e+01 7.177471e+00
      vertex   4.989353e+01 3.050000e+01 6.433232e+00
    endloop
  endfacet
  facet normal 9.344458e-01 5.583653e-02 -3.517005e-01
    outer loop
      vertex   5.006135e+01 3.067365e+01 6.906673e+00
      vertex   4.989353e+01 3.050000e+01 6.433232e+00
      vertex   4.979592e+01 3.067365e+01 6.201437e+00
    endloop
  endfacet
  facet normal 9.440397e-01 1.212492e-01 -3.067371e-01
    outer loop
      vertex   4.979592e+01 3.067365e+01 6.201437e+00
      vertex   4.989353e+01 3.050000e+01 6.433232e+00
      vertex   4.964549e+01 3.050000e+01 5.669830e+00
    endloop
  endfacet
  facet normal 9.552392e-01 5.960007e-02 -2.897686e-01
    outer loop
      vertex   4.979592e+01 3.067365e+01 6.201437e+00
      vertex   4.964549e+01 3.050000e+01 5.669830e+00
      vertex   4.957718e+01 3.067365e+01 5.480351e+00
    endloop
  endfacet
  facet normal 9.636403e-01 1.169243e-01 -2.402625e-01
    outer loop
      vertex   4.957718e+01 3.067365e+01 5.480351e+00
      vertex   4.964549e+01 3.050000e+01 5.669830e+00
      vertex   4.945130e+01 3.050000e+01 4.890984e+00
    endloop
  endfacet
  facet normal 9.718419e-01 6.461403e-02 -2.266017e-01
    outer loop
      vertex   4.957718e+01 3.067365e+01 5.480351e+00
      vertex   4.945130e+01 3.050000e+01 4.890984e+00
      vertex   4.940607e+01 3.067365e+01 4.746502e+00
    endloop
  endfacet
  facet normal 9.786830e-01 1.113540e-01 -1.725682e-01
    outer loop
      vertex   4.940607e+01 3.067365e+01 4.746502e+00
      vertex   4.945130e+01 3.050000e+01 4.890984e+00
      vertex   4.931192e+01 3.050000e+01 4.100491e+00
    endloop
  endfacet
  facet normal 9.841622e-01 7.087438e-02 -1.624858e-01
    outer loop
      vertex   4.940607e+01 3.067365e+01 4.746502e+00
      vertex   4.931192e+01 3.050000e+01 4.100491e+00
      vertex   4.928332e+01 3.067365e+01 4.003034e+00
    endloop
  endfacet
  facet normal 9.890734e-01 1.045319e-01 -1.039558e-01
    outer loop
      vertex   4.928332e+01 3.067365e+01 4.003034e+00
      vertex   4.931192e+01 3.050000e+01 4.100491e+00
      vertex   4.922801e+01 3.050000e+01 3.302199e+00
    endloop
  endfacet
  facet normal 9.978935e-01 5.933822e-02 -2.621953e-02
    outer loop
      vertex   4.920000e+01 3.050000e+01 2.500000e+00
      vertex   4.919331e+01 3.061552e+01 2.506692e+00
      vertex   4.920946e+01 3.067365e+01 3.253130e+00
    endloop
  endfacet
  facet normal 9.834860e-01 1.775452e-01 -3.511291e-02
    outer loop
      vertex   4.920946e+01 3.067365e+01 3.253130e+00
      vertex   4.919331e+01 3.061552e+01 2.506692e+00
      vertex   4.917374e+01 3.072781e+01 2.526294e+00
    endloop
  endfacet
  facet normal 9.573126e-01 2.879185e-01 -2.560156e-02
    outer loop
      vertex   4.920946e+01 3.067365e+01 3.253130e+00
      vertex   4.917374e+01 3.072781e+01 2.526294e+00
      vertex   4.914222e+01 3.083542e+01 2.557928e+00
    endloop
  endfacet
  facet normal 9.653870e-01 2.587023e-01 -3.318108e-02
    outer loop
      vertex   4.920946e+01 3.067365e+01 3.253130e+00
      vertex   4.914222e+01 3.083542e+01 2.557928e+00
      vertex   4.916444e+01 3.084202e+01 3.256080e+00
    endloop
  endfacet
  facet normal 9.179127e-01 3.954109e-01 -3.296228e-02
    outer loop
      vertex   4.916444e+01 3.084202e+01 3.256080e+00
      vertex   4.914222e+01 3.083542e+01 2.557928e+00
      vertex   4.910053e+01 3.093569e+01 2.599900e+00
    endloop
  endfacet
  facet normal 8.742496e-01 4.852166e-01 -1.588970e-02
    outer loop
      vertex   4.916444e+01 3.084202e+01 3.256080e+00
      vertex   4.910053e+01 3.093569e+01 2.599900e+00
      vertex   4.905024e+01 3.102797e+01 2.650739e+00
    endloop
  endfacet
  facet normal 9.054120e-01 4.225476e-01 -4.102016e-02
    outer loop
      vertex   4.916444e+01 3.084202e+01 3.256080e+00
      vertex   4.905024e+01 3.102797e+01 2.650739e+00
      vertex   4.909093e+01 3.100000e+01 3.260898e+00
    endloop
  endfacet
  facet normal 8.158600e-01 5.775742e-01 -2.793954e-02
    outer loop
      vertex   4.909093e+01 3.100000e+01 3.260898e+00
      vertex   4.905024e+01 3.102797e+01 2.650739e+00
      vertex   4.899286e+01 3.111184e+01 2.709010e+00
    endloop
  endfacet
  facet normal 8.187468e-01 5.734069e-01 -2.929704e-02
    outer loop
      vertex   4.909093e+01 3.100000e+01 3.260898e+00
      vertex   4.899286e+01 3.111184e+01 2.709010e+00
      vertex   4.899117e+01 3.114279e+01 3.267437e+00
    endloop
  endfacet
  facet normal 7.512006e-01 6.591845e-01 -3.425547e-02
    outer loop
      vertex   4.899117e+01 3.114279e+01 3.267437e+00
      vertex   4.899286e+01 3.111184e+01 2.709010e+00
      vertex   4.892974e+01 3.118711e+01 2.773441e+00
    endloop
  endfacet
  facet normal 7.068522e-01 7.069383e-01 -2.445617e-02
    outer loop
      vertex   4.899117e+01 3.114279e+01 3.267437e+00
      vertex   4.892974e+01 3.118711e+01 2.773441e+00
      vertex   4.886817e+01 3.126604e+01 3.275499e+00
    endloop
  endfacet
  facet normal 6.856462e-01 7.273057e-01 -3.025876e-02
    outer loop
      vertex   4.886817e+01 3.126604e+01 3.275499e+00
      vertex   4.892974e+01 3.118711e+01 2.773441e+00
      vertex   4.886204e+01 3.125383e+01 2.842930e+00
    endloop
  endfacet
  facet normal 5.766715e-01 8.163791e-01 -3.122838e-02
    outer loop
      vertex   4.886817e+01 3.126604e+01 3.275499e+00
      vertex   4.886204e+01 3.125383e+01 2.842930e+00
      vertex   4.871695e+01 3.136207e+01 2.993197e+00
    endloop
  endfacet
  facet normal 5.729283e-01 8.191171e-01 -2.829196e-02
    outer loop
      vertex   4.886817e+01 3.126604e+01 3.275499e+00
      vertex   4.871695e+01 3.136207e+01 2.993197e+00
      vertex   4.872569e+01 3.136603e+01 3.284837e+00
    endloop
  endfacet
  facet normal 4.232546e-01 9.056663e-01 -2.498206e-02
    outer loop
      vertex   4.872569e+01 3.136603e+01 3.284837e+00
      vertex   4.871695e+01 3.136207e+01 2.993197e+00
      vertex   4.856296e+01 3.143849e+01 3.154685e+00
    endloop
  endfacet
  facet normal 4.220084e-01 9.062983e-01 -2.307202e-02
    outer loop
      vertex   4.872569e+01 3.136603e+01 3.284837e+00
      vertex   4.856296e+01 3.143849e+01 3.154685e+00
      vertex   4.856805e+01 3.143969e+01 3.295170e+00
    endloop
  endfacet
  facet normal 2.597824e-01 9.655049e-01 -1.770165e-02
    outer loop
      vertex   4.856805e+01 3.143969e+01 3.295170e+00
      vertex   4.856296e+01 3.143849e+01 3.154685e+00
      vertex   4.840443e+01 3.148423e+01 3.323090e+00
    endloop
  endfacet
  facet normal 2.554897e-01 9.658912e-01 -4.218152e-02
    outer loop
      vertex   4.864603e+01 3.143969e+01 4.086935e+00
      vertex   4.847910e+01 3.148481e+01 4.108912e+00
      vertex   4.877563e+01 3.143969e+01 4.871904e+00
    endloop
  endfacet
  facet normal 2.554897e-01 9.658912e-01 -4.218152e-02
    outer loop
      vertex   4.877563e+01 3.143969e+01 4.871904e+00
      vertex   4.847910e+01 3.148481e+01 4.108912e+00
      vertex   4.861050e+01 3.148481e+01 4.904752e+00
    endloop
  endfacet
  facet normal 2.521839e-01 9.658912e-01 -5.880103e-02
    outer loop
      vertex   4.877563e+01 3.143969e+01 4.871904e+00
      vertex   4.861050e+01 3.148481e+01 4.904752e+00
      vertex   4.895629e+01 3.143969e+01 5.646717e+00
    endloop
  endfacet
  facet normal 2.521839e-01 9.658912e-01 -5.880103e-02
    outer loop
      vertex   4.895629e+01 3.143969e+01 5.646717e+00
      vertex   4.861050e+01 3.148481e+01 4.904752e+00
      vertex   4.879366e+01 3.148481e+01 5.690295e+00
    endloop
  endfacet
  facet normal 2.477982e-01 9.658912e-01 -7.516875e-02
    outer loop
      vertex   4.895629e+01 3.143969e+01 5.646717e+00
      vertex   4.879366e+01 3.148481e+01 5.690295e+00
      vertex   4.918724e+01 3.143969e+01 6.408054e+00
    endloop
  endfacet
  facet normal 2.477982e-01 9.658912e-01 -7.516875e-02
    outer loop
      vertex   4.918724e+01 3.143969e+01 6.408054e+00
      vertex   4.879366e+01 3.148481e+01 5.690295e+00
      vertex   4.902781e+01 3.148481e+01 6.462176e+00
    endloop
  endfacet
  facet normal 2.423513e-01 9.658912e-01 -9.121459e-02
    outer loop
      vertex   4.918724e+01 3.143969e+01 6.408054e+00
      vertex   4.902781e+01 3.148481e+01 6.462176e+00
      vertex   4.946749e+01 3.143969e+01 7.152657e+00
    endloop
  endfacet
  facet normal 2.423513e-01 9.658912e-01 -9.121459e-02
    outer loop
      vertex   4.946749e+01 3.143969e+01 7.152657e+00
      vertex   4.902781e+01 3.148481e+01 6.462176e+00
      vertex   4.931194e+01 3.148481e+01 7.217091e+00
    endloop
  endfacet
  facet normal 2.358667e-01 9.658912e-01 -1.068698e-01
    outer loop
      vertex   4.946749e+01 3.143969e+01 7.152657e+00
      vertex   4.931194e+01 3.148481e+01 7.217091e+00
      vertex   4.979584e+01 3.143969e+01 7.877337e+00
    endloop
  endfacet
  facet normal 2.358667e-01 9.658912e-01 -1.068698e-01
    outer loop
      vertex   4.979584e+01 3.143969e+01 7.877337e+00
      vertex   4.931194e+01 3.148481e+01 7.217091e+00
      vertex   4.964483e+01 3.148481e+01 7.951806e+00
    endloop
  endfacet
  facet normal 2.283721e-01 9.658912e-01 -1.220674e-01
    outer loop
      vertex   4.979584e+01 3.143969e+01 7.877337e+00
      vertex   4.964483e+01 3.148481e+01 7.951806e+00
      vertex   5.017088e+01 3.143969e+01 8.578990e+00
    endloop
  endfacet
  facet normal 2.283721e-01 9.658912e-01 -1.220674e-01
    outer loop
      vertex   5.017088e+01 3.143969e+01 8.578990e+00
      vertex   4.964483e+01 3.148481e+01 7.951806e+00
      vertex   5.002507e+01 3.148481e+01 8.663176e+00
    endloop
  endfacet
  facet normal 2.198995e-01 9.658912e-01 -1.367423e-01
    outer loop
      vertex   5.017088e+01 3.143969e+01 8.578990e+00
      vertex   5.002507e+01 3.148481e+01 8.663176e+00
      vertex   5.059101e+01 3.143969e+01 9.254612e+00
    endloop
  endfacet
  facet normal 2.198995e-01 9.658912e-01 -1.367423e-01
    outer loop
      vertex   5.059101e+01 3.143969e+01 9.254612e+00
      vertex   5.002507e+01 3.148481e+01 8.663176e+00
      vertex   5.045101e+01 3.148481e+01 9.348154e+00
    endloop
  endfacet
  facet normal 2.104853e-01 9.658912e-01 -1.508317e-01
    outer loop
      vertex   5.059101e+01 3.143969e+01 9.254612e+00
      vertex   5.045101e+01 3.148481e+01 9.348154e+00
      vertex   5.105443e+01 3.143969e+01 9.901309e+00
    endloop
  endfacet
  facet normal 4.171569e-01 9.062211e-01 -6.887289e-02
    outer loop
      vertex   4.880266e+01 3.136603e+01 4.066314e+00
      vertex   4.864603e+01 3.143969e+01 4.086935e+00
      vertex   4.893058e+01 3.136603e+01 4.841084e+00
    endloop
  endfacet
  facet normal 4.171569e-01 9.062211e-01 -6.887289e-02
    outer loop
      vertex   4.893058e+01 3.136603e+01 4.841084e+00
      vertex   4.864603e+01 3.143969e+01 4.086935e+00
      vertex   4.877563e+01 3.143969e+01 4.871904e+00
    endloop
  endfacet
  facet normal 4.117593e-01 9.062211e-01 -9.600880e-02
    outer loop
      vertex   4.893058e+01 3.136603e+01 4.841084e+00
      vertex   4.877563e+01 3.143969e+01 4.871904e+00
      vertex   4.910889e+01 3.136603e+01 5.605828e+00
    endloop
  endfacet
  facet normal 4.117593e-01 9.062211e-01 -9.600880e-02
    outer loop
      vertex   4.910889e+01 3.136603e+01 5.605828e+00
      vertex   4.877563e+01 3.143969e+01 4.871904e+00
      vertex   4.895629e+01 3.143969e+01 5.646717e+00
    endloop
  endfacet
  facet normal 4.045984e-01 9.062211e-01 -1.227336e-01
    outer loop
      vertex   4.910889e+01 3.136603e+01 5.605828e+00
      vertex   4.895629e+01 3.143969e+01 5.646717e+00
      vertex   4.933684e+01 3.136603e+01 6.357274e+00
    endloop
  endfacet
  facet normal 4.045984e-01 9.062211e-01 -1.227336e-01
    outer loop
      vertex   4.933684e+01 3.136603e+01 6.357274e+00
      vertex   4.895629e+01 3.143969e+01 5.646717e+00
      vertex   4.918724e+01 3.143969e+01 6.408054e+00
    endloop
  endfacet
  facet normal 3.957050e-01 9.062211e-01 -1.489328e-01
    outer loop
      vertex   4.933684e+01 3.136603e+01 6.357274e+00
      vertex   4.918724e+01 3.143969e+01 6.408054e+00
      vertex   4.961345e+01 3.136603e+01 7.092201e+00
    endloop
  endfacet
  facet normal 3.957050e-01 9.062211e-01 -1.489328e-01
    outer loop
      vertex   4.961345e+01 3.136603e+01 7.092201e+00
      vertex   4.918724e+01 3.143969e+01 6.408054e+00
      vertex   4.946749e+01 3.143969e+01 7.152657e+00
    endloop
  endfacet
  facet normal 3.851170e-01 9.062211e-01 -1.744943e-01
    outer loop
      vertex   4.961345e+01 3.136603e+01 7.092201e+00
      vertex   4.946749e+01 3.143969e+01 7.152657e+00
      vertex   4.993753e+01 3.136603e+01 7.807464e+00
    endloop
  endfacet
  facet normal 3.851170e-01 9.062211e-01 -1.744943e-01
    outer loop
      vertex   4.993753e+01 3.136603e+01 7.807464e+00
      vertex   4.946749e+01 3.143969e+01 7.152657e+00
      vertex   4.979584e+01 3.143969e+01 7.877337e+00
    endloop
  endfacet
  facet normal 3.728800e-01 9.062211e-01 -1.993085e-01
    outer loop
      vertex   4.993753e+01 3.136603e+01 7.807464e+00
      vertex   4.979584e+01 3.143969e+01 7.877337e+00
      vertex   5.030770e+01 3.136603e+01 8.500000e+00
    endloop
  endfacet
  facet normal 3.728800e-01 9.062211e-01 -1.993085e-01
    outer loop
      vertex   5.030770e+01 3.136603e+01 8.500000e+00
      vertex   4.979584e+01 3.143969e+01 7.877337e+00
      vertex   5.017088e+01 3.143969e+01 8.578990e+00
    endloop
  endfacet
  facet normal 3.590462e-01 9.062211e-01 -2.232693e-01
    outer loop
      vertex   5.030770e+01 3.136603e+01 8.500000e+00
      vertex   5.017088e+01 3.143969e+01 8.578990e+00
      vertex   5.072236e+01 3.136603e+01 9.166843e+00
    endloop
  endfacet
  facet normal 3.590462e-01 9.062211e-01 -2.232693e-01
    outer loop
      vertex   5.072236e+01 3.136603e+01 9.166843e+00
      vertex   5.017088e+01 3.143969e+01 8.578990e+00
      vertex   5.059101e+01 3.143969e+01 9.254612e+00
    endloop
  endfacet
  facet normal 3.436750e-01 9.062211e-01 -2.462740e-01
    outer loop
      vertex   5.072236e+01 3.136603e+01 9.166843e+00
      vertex   5.059101e+01 3.143969e+01 9.254612e+00
      vertex   5.117976e+01 3.136603e+01 9.805137e+00
    endloop
  endfacet
  facet normal 3.436750e-01 9.062211e-01 -2.462740e-01
    outer loop
      vertex   5.117976e+01 3.136603e+01 9.805137e+00
      vertex   5.059101e+01 3.143969e+01 9.254612e+00
      vertex   5.105443e+01 3.143969e+01 9.901309e+00
    endloop
  endfacet
  facet normal 3.268321e-01 9.062211e-01 -2.682241e-01
    outer loop
      vertex   5.117976e+01 3.136603e+01 9.805137e+00
      vertex   5.105443e+01 3.143969e+01 9.901309e+00
      vertex   5.167792e+01 3.136603e+01 1.041215e+01
    endloop
  endfacet
  facet normal 5.661187e-01 8.190077e-01 -9.346658e-02
    outer loop
      vertex   4.894423e+01 3.126604e+01 4.047677e+00
      vertex   4.880266e+01 3.136603e+01 4.066314e+00
      vertex   4.907062e+01 3.126604e+01 4.813227e+00
    endloop
  endfacet
  facet normal 5.661187e-01 8.190077e-01 -9.346658e-02
    outer loop
      vertex   4.907062e+01 3.126604e+01 4.813227e+00
      vertex   4.880266e+01 3.136603e+01 4.066314e+00
      vertex   4.893058e+01 3.136603e+01 4.841084e+00
    endloop
  endfacet
  facet normal 5.587936e-01 8.190077e-01 -1.302924e-01
    outer loop
      vertex   4.907062e+01 3.126604e+01 4.813227e+00
      vertex   4.893058e+01 3.136603e+01 4.841084e+00
      vertex   4.924681e+01 3.126604e+01 5.568872e+00
    endloop
  endfacet
  facet normal 5.587936e-01 8.190077e-01 -1.302924e-01
    outer loop
      vertex   4.924681e+01 3.126604e+01 5.568872e+00
      vertex   4.893058e+01 3.136603e+01 4.841084e+00
      vertex   4.910889e+01 3.136603e+01 5.605828e+00
    endloop
  endfacet
  facet normal 5.490757e-01 8.190077e-01 -1.665603e-01
    outer loop
      vertex   4.924681e+01 3.126604e+01 5.568872e+00
      vertex   4.910889e+01 3.136603e+01 5.605828e+00
      vertex   4.947205e+01 3.126604e+01 6.311376e+00
    endloop
  endfacet
  facet normal 5.490757e-01 8.190077e-01 -1.665603e-01
    outer loop
      vertex   4.947205e+01 3.126604e+01 6.311376e+00
      vertex   4.910889e+01 3.136603e+01 5.605828e+00
      vertex   4.933684e+01 3.136603e+01 6.357274e+00
    endloop
  endfacet
  facet normal 5.370065e-01 8.190077e-01 -2.021149e-01
    outer loop
      vertex   4.947205e+01 3.126604e+01 6.311376e+00
      vertex   4.933684e+01 3.136603e+01 6.357274e+00
      vertex   4.974536e+01 3.126604e+01 7.037559e+00
    endloop
  endfacet
  facet normal 5.370065e-01 8.190077e-01 -2.021149e-01
    outer loop
      vertex   4.974536e+01 3.126604e+01 7.037559e+00
      vertex   4.933684e+01 3.136603e+01 6.357274e+00
      vertex   4.961345e+01 3.136603e+01 7.092201e+00
    endloop
  endfacet
  facet normal 5.226378e-01 8.190077e-01 -2.368041e-01
    outer loop
      vertex   4.974536e+01 3.126604e+01 7.037559e+00
      vertex   4.961345e+01 3.136603e+01 7.092201e+00
      vertex   5.006559e+01 3.126604e+01 7.744311e+00
    endloop
  endfacet
  facet normal 5.226378e-01 8.190077e-01 -2.368041e-01
    outer loop
      vertex   5.006559e+01 3.126604e+01 7.744311e+00
      vertex   4.961345e+01 3.136603e+01 7.092201e+00
      vertex   4.993753e+01 3.136603e+01 7.807464e+00
    endloop
  endfacet
  facet normal 5.060310e-01 8.190077e-01 -2.704792e-01
    outer loop
      vertex   5.006559e+01 3.126604e+01 7.744311e+00
      vertex   4.993753e+01 3.136603e+01 7.807464e+00
      vertex   5.043135e+01 3.126604e+01 8.428606e+00
    endloop
  endfacet
  facet normal 5.060310e-01 8.190077e-01 -2.704792e-01
    outer loop
      vertex   5.043135e+01 3.126604e+01 8.428606e+00
      vertex   4.993753e+01 3.136603e+01 7.807464e+00
      vertex   5.030770e+01 3.136603e+01 8.500000e+00
    endloop
  endfacet
  facet normal 4.872574e-01 8.190077e-01 -3.029961e-01
    outer loop
      vertex   5.043135e+01 3.126604e+01 8.428606e+00
      vertex   5.030770e+01 3.136603e+01 8.500000e+00
      vertex   5.084109e+01 3.126604e+01 9.087514e+00
    endloop
  endfacet
  facet normal 4.872574e-01 8.190077e-01 -3.029961e-01
    outer loop
      vertex   5.084109e+01 3.126604e+01 9.087514e+00
      vertex   5.030770e+01 3.136603e+01 8.500000e+00
      vertex   5.072236e+01 3.136603e+01 9.166843e+00
    endloop
  endfacet
  facet normal 4.663973e-01 8.190077e-01 -3.342155e-01
    outer loop
      vertex   5.084109e+01 3.126604e+01 9.087514e+00
      vertex   5.072236e+01 3.136603e+01 9.166843e+00
      vertex   5.129304e+01 3.126604e+01 9.718213e+00
    endloop
  endfacet
  facet normal 4.663973e-01 8.190077e-01 -3.342155e-01
    outer loop
      vertex   5.129304e+01 3.126604e+01 9.718213e+00
      vertex   5.072236e+01 3.136603e+01 9.166843e+00
      vertex   5.117976e+01 3.136603e+01 9.805137e+00
    endloop
  endfacet
  facet normal 4.435399e-01 8.190077e-01 -3.640038e-01
    outer loop
      vertex   5.129304e+01 3.126604e+01 9.718213e+00
      vertex   5.117976e+01 3.136603e+01 9.805137e+00
      vertex   5.178528e+01 3.126604e+01 1.031800e+01
    endloop
  endfacet
  facet normal 4.435399e-01 8.190077e-01 -3.640038e-01
    outer loop
      vertex   5.178528e+01 3.126604e+01 1.031800e+01
      vertex   5.117976e+01 3.136603e+01 9.805137e+00
      vertex   5.167792e+01 3.136603e+01 1.041215e+01
    endloop
  endfacet
  facet normal 4.187833e-01 8.190077e-01 -3.922333e-01
    outer loop
      vertex   5.178528e+01 3.126604e+01 1.031800e+01
      vertex   5.167792e+01 3.136603e+01 1.041215e+01
      vertex   5.231568e+01 3.126604e+01 1.088432e+01
    endloop
  endfacet
  facet normal 6.978490e-01 7.069174e-01 -1.152153e-01
    outer loop
      vertex   4.906643e+01 3.114279e+01 4.031588e+00
      vertex   4.894423e+01 3.126604e+01 4.047677e+00
      vertex   4.919151e+01 3.114279e+01 4.789181e+00
    endloop
  endfacet
  facet normal 6.978490e-01 7.069174e-01 -1.152153e-01
    outer loop
      vertex   4.919151e+01 3.114279e+01 4.789181e+00
      vertex   4.894423e+01 3.126604e+01 4.047677e+00
      vertex   4.907062e+01 3.126604e+01 4.813227e+00
    endloop
  endfacet
  facet normal 6.888194e-01 7.069174e-01 -1.606102e-01
    outer loop
      vertex   4.919151e+01 3.114279e+01 4.789181e+00
      vertex   4.907062e+01 3.126604e+01 4.813227e+00
      vertex   4.936587e+01 3.114279e+01 5.536971e+00
    endloop
  endfacet
  facet normal 6.888194e-01 7.069174e-01 -1.606102e-01
    outer loop
      vertex   4.936587e+01 3.114279e+01 5.536971e+00
      vertex   4.907062e+01 3.126604e+01 4.813227e+00
      vertex   4.924681e+01 3.126604e+01 5.568872e+00
    endloop
  endfacet
  facet normal 6.768402e-01 7.069174e-01 -2.053172e-01
    outer loop
      vertex   4.936587e+01 3.114279e+01 5.536971e+00
      vertex   4.924681e+01 3.126604e+01 5.568872e+00
      vertex   4.958876e+01 3.114279e+01 6.271756e+00
    endloop
  endfacet
  facet normal 6.768402e-01 7.069174e-01 -2.053172e-01
    outer loop
      vertex   4.958876e+01 3.114279e+01 6.271756e+00
      vertex   4.924681e+01 3.126604e+01 5.568872e+00
      vertex   4.947205e+01 3.126604e+01 6.311376e+00
    endloop
  endfacet
  facet normal 6.619626e-01 7.069174e-01 -2.491451e-01
    outer loop
      vertex   4.958876e+01 3.114279e+01 6.271756e+00
      vertex   4.947205e+01 3.126604e+01 6.311376e+00
      vertex   4.985924e+01 3.114279e+01 6.990390e+00
    endloop
  endfacet
  facet normal 6.619626e-01 7.069174e-01 -2.491451e-01
    outer loop
      vertex   4.985924e+01 3.114279e+01 6.990390e+00
      vertex   4.947205e+01 3.126604e+01 6.311376e+00
      vertex   4.974536e+01 3.126604e+01 7.037559e+00
    endloop
  endfacet
  facet normal 6.442504e-01 7.069174e-01 -2.919061e-01
    outer loop
      vertex   4.985924e+01 3.114279e+01 6.990390e+00
      vertex   4.974536e+01 3.126604e+01 7.037559e+00
      vertex   5.017614e+01 3.114279e+01 7.689796e+00
    endloop
  endfacet
  facet normal 6.442504e-01 7.069174e-01 -2.919061e-01
    outer loop
      vertex   5.017614e+01 3.114279e+01 7.689796e+00
      vertex   4.974536e+01 3.126604e+01 7.037559e+00
      vertex   5.006559e+01 3.126604e+01 7.744311e+00
    endloop
  endfacet
  facet normal 6.237795e-01 7.069174e-01 -3.334171e-01
    outer loop
      vertex   5.017614e+01 3.114279e+01 7.689796e+00
      vertex   5.006559e+01 3.126604e+01 7.744311e+00
      vertex   5.053810e+01 3.114279e+01 8.366978e+00
    endloop
  endfacet
  facet normal 6.237795e-01 7.069174e-01 -3.334171e-01
    outer loop
      vertex   5.053810e+01 3.114279e+01 8.366978e+00
      vertex   5.006559e+01 3.126604e+01 7.744311e+00
      vertex   5.043135e+01 3.126604e+01 8.428606e+00
    endloop
  endfacet
  facet normal 6.006374e-01 7.069174e-01 -3.735003e-01
    outer loop
      vertex   5.053810e+01 3.114279e+01 8.366978e+00
      vertex   5.043135e+01 3.126604e+01 8.428606e+00
      vertex   5.094357e+01 3.114279e+01 9.019036e+00
    endloop
  endfacet
  facet normal 6.006374e-01 7.069174e-01 -3.735003e-01
    outer loop
      vertex   5.094357e+01 3.114279e+01 9.019036e+00
      vertex   5.043135e+01 3.126604e+01 8.428606e+00
      vertex   5.084109e+01 3.126604e+01 9.087514e+00
    endloop
  endfacet
  facet normal 5.749233e-01 7.069174e-01 -4.119842e-01
    outer loop
      vertex   5.094357e+01 3.114279e+01 9.019036e+00
      vertex   5.084109e+01 3.126604e+01 9.087514e+00
      vertex   5.139083e+01 3.114279e+01 9.643179e+00
    endloop
  endfacet
  facet normal 5.749233e-01 7.069174e-01 -4.119842e-01
    outer loop
      vertex   5.139083e+01 3.114279e+01 9.643179e+00
      vertex   5.084109e+01 3.126604e+01 9.087514e+00
      vertex   5.129304e+01 3.126604e+01 9.718213e+00
    endloop
  endfacet
  facet normal 5.467473e-01 7.069174e-01 -4.487039e-01
    outer loop
      vertex   5.139083e+01 3.114279e+01 9.643179e+00
      vertex   5.129304e+01 3.126604e+01 9.718213e+00
      vertex   5.187795e+01 3.114279e+01 1.023673e+01
    endloop
  endfacet
  facet normal 5.467473e-01 7.069174e-01 -4.487039e-01
    outer loop
      vertex   5.187795e+01 3.114279e+01 1.023673e+01
      vertex   5.129304e+01 3.126604e+01 9.718213e+00
      vertex   5.178528e+01 3.126604e+01 1.031800e+01
    endloop
  endfacet
  facet normal 5.162300e-01 7.069174e-01 -4.835022e-01
    outer loop
      vertex   5.187795e+01 3.114279e+01 1.023673e+01
      vertex   5.178528e+01 3.126604e+01 1.031800e+01
      vertex   5.240284e+01 3.114279e+01 1.079716e+01
    endloop
  endfacet
  facet normal 5.162300e-01 7.069174e-01 -4.835022e-01
    outer loop
      vertex   5.240284e+01 3.114279e+01 1.079716e+01
      vertex   5.178528e+01 3.126604e+01 1.031800e+01
      vertex   5.231568e+01 3.126604e+01 1.088432e+01
    endloop
  endfacet
  facet normal 4.835022e-01 7.069174e-01 -5.162300e-01
    outer loop
      vertex   5.240284e+01 3.114279e+01 1.079716e+01
      vertex   5.231568e+01 3.126604e+01 1.088432e+01
      vertex   5.296327e+01 3.114279e+01 1.132205e+01
    endloop
  endfacet
  facet normal 8.083533e-01 5.733703e-01 -1.334597e-01
    outer loop
      vertex   4.916556e+01 3.100000e+01 4.018538e+00
      vertex   4.906643e+01 3.114279e+01 4.031588e+00
      vertex   4.928957e+01 3.100000e+01 4.769676e+00
    endloop
  endfacet
  facet normal 8.083533e-01 5.733703e-01 -1.334597e-01
    outer loop
      vertex   4.928957e+01 3.100000e+01 4.769676e+00
      vertex   4.906643e+01 3.114279e+01 4.031588e+00
      vertex   4.919151e+01 3.114279e+01 4.789181e+00
    endloop
  endfacet
  facet normal 7.978938e-01 5.733703e-01 -1.860427e-01
    outer loop
      vertex   4.928957e+01 3.100000e+01 4.769676e+00
      vertex   4.919151e+01 3.114279e+01 4.789181e+00
      vertex   4.946244e+01 3.100000e+01 5.511094e+00
    endloop
  endfacet
  facet normal 7.978938e-01 5.733703e-01 -1.860427e-01
    outer loop
      vertex   4.946244e+01 3.100000e+01 5.511094e+00
      vertex   4.919151e+01 3.114279e+01 4.789181e+00
      vertex   4.936587e+01 3.114279e+01 5.536971e+00
    endloop
  endfacet
  facet normal 7.840177e-01 5.733703e-01 -2.378292e-01
    outer loop
      vertex   4.946244e+01 3.100000e+01 5.511094e+00
      vertex   4.936587e+01 3.114279e+01 5.536971e+00
      vertex   4.968344e+01 3.100000e+01 6.239618e+00
    endloop
  endfacet
  facet normal 7.840177e-01 5.733703e-01 -2.378292e-01
    outer loop
      vertex   4.968344e+01 3.100000e+01 6.239618e+00
      vertex   4.936587e+01 3.114279e+01 5.536971e+00
      vertex   4.958876e+01 3.114279e+01 6.271756e+00
    endloop
  endfacet
  facet normal 7.667843e-01 5.733703e-01 -2.885972e-01
    outer loop
      vertex   4.968344e+01 3.100000e+01 6.239618e+00
      vertex   4.958876e+01 3.114279e+01 6.271756e+00
      vertex   4.995161e+01 3.100000e+01 6.952129e+00
    endloop
  endfacet
  facet normal 7.667843e-01 5.733703e-01 -2.885972e-01
    outer loop
      vertex   4.995161e+01 3.100000e+01 6.952129e+00
      vertex   4.958876e+01 3.114279e+01 6.271756e+00
      vertex   4.985924e+01 3.114279e+01 6.990390e+00
    endloop
  endfacet
  facet normal 7.462674e-01 5.733703e-01 -3.381294e-01
    outer loop
      vertex   4.995161e+01 3.100000e+01 6.952129e+00
      vertex   4.985924e+01 3.114279e+01 6.990390e+00
      vertex   5.026581e+01 3.100000e+01 7.645575e+00
    endloop
  endfacet
  facet normal 7.462674e-01 5.733703e-01 -3.381294e-01
    outer loop
      vertex   5.026581e+01 3.100000e+01 7.645575e+00
      vertex   4.985924e+01 3.114279e+01 6.990390e+00
      vertex   5.017614e+01 3.114279e+01 7.689796e+00
    endloop
  endfacet
  facet normal 7.225549e-01 5.733703e-01 -3.862136e-01
    outer loop
      vertex   5.026581e+01 3.100000e+01 7.645575e+00
      vertex   5.017614e+01 3.114279e+01 7.689796e+00
      vertex   5.062468e+01 3.100000e+01 8.316987e+00
    endloop
  endfacet
  facet normal 7.225549e-01 5.733703e-01 -3.862136e-01
    outer loop
      vertex   5.062468e+01 3.100000e+01 8.316987e+00
      vertex   5.017614e+01 3.114279e+01 7.689796e+00
      vertex   5.053810e+01 3.114279e+01 8.366978e+00
    endloop
  endfacet
  facet normal 6.957482e-01 5.733703e-01 -4.326441e-01
    outer loop
      vertex   5.062468e+01 3.100000e+01 8.316987e+00
      vertex   5.053810e+01 3.114279e+01 8.366978e+00
      vertex   5.102670e+01 3.100000e+01 8.963490e+00
    endloop
  endfacet
  facet normal 6.957482e-01 5.733703e-01 -4.326441e-01
    outer loop
      vertex   5.102670e+01 3.100000e+01 8.963490e+00
      vertex   5.053810e+01 3.114279e+01 8.366978e+00
      vertex   5.094357e+01 3.114279e+01 9.019036e+00
    endloop
  endfacet
  facet normal 6.659623e-01 5.733703e-01 -4.772218e-01
    outer loop
      vertex   5.102670e+01 3.100000e+01 8.963490e+00
      vertex   5.094357e+01 3.114279e+01 9.019036e+00
      vertex   5.147015e+01 3.100000e+01 9.582315e+00
    endloop
  endfacet
  facet normal 6.659623e-01 5.733703e-01 -4.772218e-01
    outer loop
      vertex   5.147015e+01 3.100000e+01 9.582315e+00
      vertex   5.094357e+01 3.114279e+01 9.019036e+00
      vertex   5.139083e+01 3.114279e+01 9.643179e+00
    endloop
  endfacet
  facet normal 6.333246e-01 5.733703e-01 -5.197561e-01
    outer loop
      vertex   5.147015e+01 3.100000e+01 9.582315e+00
      vertex   5.139083e+01 3.114279e+01 9.643179e+00
      vertex   5.195311e+01 3.100000e+01 1.017081e+01
    endloop
  endfacet
  facet normal 6.333246e-01 5.733703e-01 -5.197561e-01
    outer loop
      vertex   5.195311e+01 3.100000e+01 1.017081e+01
      vertex   5.139083e+01 3.114279e+01 9.643179e+00
      vertex   5.187795e+01 3.114279e+01 1.023673e+01
    endloop
  endfacet
  facet normal 5.979750e-01 5.733703e-01 -5.600647e-01
    outer loop
      vertex   5.195311e+01 3.100000e+01 1.017081e+01
      vertex   5.187795e+01 3.114279e+01 1.023673e+01
      vertex   5.247354e+01 3.100000e+01 1.072646e+01
    endloop
  endfacet
  facet normal 5.979750e-01 5.733703e-01 -5.600647e-01
    outer loop
      vertex   5.247354e+01 3.100000e+01 1.072646e+01
      vertex   5.187795e+01 3.114279e+01 1.023673e+01
      vertex   5.240284e+01 3.114279e+01 1.079716e+01
    endloop
  endfacet
  facet normal 5.600647e-01 5.733703e-01 -5.979750e-01
    outer loop
      vertex   5.247354e+01 3.100000e+01 1.072646e+01
      vertex   5.240284e+01 3.114279e+01 1.079716e+01
      vertex   5.302919e+01 3.100000e+01 1.124689e+01
    endloop
  endfacet
  facet normal 5.600647e-01 5.733703e-01 -5.979750e-01
    outer loop
      vertex   5.302919e+01 3.100000e+01 1.124689e+01
      vertex   5.240284e+01 3.114279e+01 1.079716e+01
      vertex   5.296327e+01 3.114279e+01 1.132205e+01
    endloop
  endfacet
  facet normal 5.197561e-01 5.733703e-01 -6.333246e-01
    outer loop
      vertex   5.302919e+01 3.100000e+01 1.124689e+01
      vertex   5.296327e+01 3.114279e+01 1.132205e+01
      vertex   5.361768e+01 3.100000e+01 1.172985e+01
    endloop
  endfacet
  facet normal 9.530584e-01 2.586897e-01 -1.573506e-01
    outer loop
      vertex   4.940607e+01 3.067365e+01 4.746502e+00
      vertex   4.928332e+01 3.067365e+01 4.003034e+00
      vertex   4.923859e+01 3.084202e+01 4.008923e+00
    endloop
  endfacet
  facet normal 8.942880e-01 4.224324e-01 -1.476476e-01
    outer loop
      vertex   4.923859e+01 3.084202e+01 4.008923e+00
      vertex   4.916556e+01 3.100000e+01 4.018538e+00
      vertex   4.936182e+01 3.084202e+01 4.755304e+00
    endloop
  endfacet
  facet normal 8.942880e-01 4.224324e-01 -1.476476e-01
    outer loop
      vertex   4.936182e+01 3.084202e+01 4.755304e+00
      vertex   4.916556e+01 3.100000e+01 4.018538e+00
      vertex   4.928957e+01 3.100000e+01 4.769676e+00
    endloop
  endfacet
  facet normal 8.827167e-01 4.224324e-01 -2.058207e-01
    outer loop
      vertex   4.936182e+01 3.084202e+01 4.755304e+00
      vertex   4.928957e+01 3.100000e+01 4.769676e+00
      vertex   4.953360e+01 3.084202e+01 5.492028e+00
    endloop
  endfacet
  facet normal 8.827167e-01 4.224324e-01 -2.058207e-01
    outer loop
      vertex   4.953360e+01 3.084202e+01 5.492028e+00
      vertex   4.928957e+01 3.100000e+01 4.769676e+00
      vertex   4.946244e+01 3.100000e+01 5.511094e+00
    endloop
  endfacet
  facet normal 8.673654e-01 4.224324e-01 -2.631124e-01
    outer loop
      vertex   4.953360e+01 3.084202e+01 5.492028e+00
      vertex   4.946244e+01 3.100000e+01 5.511094e+00
      vertex   4.975320e+01 3.084202e+01 6.215939e+00
    endloop
  endfacet
  facet normal 8.673654e-01 4.224324e-01 -2.631124e-01
    outer loop
      vertex   4.975320e+01 3.084202e+01 6.215939e+00
      vertex   4.946244e+01 3.100000e+01 5.511094e+00
      vertex   4.968344e+01 3.100000e+01 6.239618e+00
    endloop
  endfacet
  facet normal 8.482999e-01 4.224324e-01 -3.192775e-01
    outer loop
      vertex   4.975320e+01 3.084202e+01 6.215939e+00
      vertex   4.968344e+01 3.100000e+01 6.239618e+00
      vertex   5.001967e+01 3.084202e+01 6.923938e+00
    endloop
  endfacet
  facet normal 8.482999e-01 4.224324e-01 -3.192775e-01
    outer loop
      vertex   5.001967e+01 3.084202e+01 6.923938e+00
      vertex   4.968344e+01 3.100000e+01 6.239618e+00
      vertex   4.995161e+01 3.100000e+01 6.952129e+00
    endloop
  endfacet
  facet normal 8.256019e-01 4.224324e-01 -3.740754e-01
    outer loop
      vertex   5.001967e+01 3.084202e+01 6.923938e+00
      vertex   4.995161e+01 3.100000e+01 6.952129e+00
      vertex   5.033188e+01 3.084202e+01 7.612993e+00
    endloop
  endfacet
  facet normal 8.256019e-01 4.224324e-01 -3.740754e-01
    outer loop
      vertex   5.033188e+01 3.084202e+01 7.612993e+00
      vertex   4.995161e+01 3.100000e+01 6.952129e+00
      vertex   5.026581e+01 3.100000e+01 7.645575e+00
    endloop
  endfacet
  facet normal 7.993685e-01 4.224324e-01 -4.272714e-01
    outer loop
      vertex   5.033188e+01 3.084202e+01 7.612993e+00
      vertex   5.026581e+01 3.100000e+01 7.645575e+00
      vertex   5.068848e+01 3.084202e+01 8.280154e+00
    endloop
  endfacet
  facet normal 7.993685e-01 4.224324e-01 -4.272714e-01
    outer loop
      vertex   5.068848e+01 3.084202e+01 8.280154e+00
      vertex   5.026581e+01 3.100000e+01 7.645575e+00
      vertex   5.062468e+01 3.100000e+01 8.316987e+00
    endloop
  endfacet
  facet normal 7.697121e-01 4.224324e-01 -4.786378e-01
    outer loop
      vertex   5.068848e+01 3.084202e+01 8.280154e+00
      vertex   5.062468e+01 3.100000e+01 8.316987e+00
      vertex   5.108796e+01 3.084202e+01 8.922563e+00
    endloop
  endfacet
  facet normal 7.697121e-01 4.224324e-01 -4.786378e-01
    outer loop
      vertex   5.108796e+01 3.084202e+01 8.922563e+00
      vertex   5.062468e+01 3.100000e+01 8.316987e+00
      vertex   5.102670e+01 3.100000e+01 8.963490e+00
    endloop
  endfacet
  facet normal 7.367597e-01 4.224324e-01 -5.279545e-01
    outer loop
      vertex   5.108796e+01 3.084202e+01 8.922563e+00
      vertex   5.102670e+01 3.100000e+01 8.963490e+00
      vertex   5.152859e+01 3.084202e+01 9.537469e+00
    endloop
  endfacet
  facet normal 7.367597e-01 4.224324e-01 -5.279545e-01
    outer loop
      vertex   5.152859e+01 3.084202e+01 9.537469e+00
      vertex   5.102670e+01 3.100000e+01 8.963490e+00
      vertex   5.147015e+01 3.100000e+01 9.582315e+00
    endloop
  endfacet
  facet normal 7.006524e-01 4.224324e-01 -5.750105e-01
    outer loop
      vertex   5.152859e+01 3.084202e+01 9.537469e+00
      vertex   5.147015e+01 3.100000e+01 9.582315e+00
      vertex   5.200850e+01 3.084202e+01 1.012224e+01
    endloop
  endfacet
  facet normal 7.006524e-01 4.224324e-01 -5.750105e-01
    outer loop
      vertex   5.200850e+01 3.084202e+01 1.012224e+01
      vertex   5.147015e+01 3.100000e+01 9.582315e+00
      vertex   5.195311e+01 3.100000e+01 1.017081e+01
    endloop
  endfacet
  facet normal 6.615447e-01 4.224324e-01 -6.196043e-01
    outer loop
      vertex   5.200850e+01 3.084202e+01 1.012224e+01
      vertex   5.195311e+01 3.100000e+01 1.017081e+01
      vertex   5.252563e+01 3.084202e+01 1.067437e+01
    endloop
  endfacet
  facet normal 6.615447e-01 4.224324e-01 -6.196043e-01
    outer loop
      vertex   5.252563e+01 3.084202e+01 1.067437e+01
      vertex   5.195311e+01 3.100000e+01 1.017081e+01
      vertex   5.247354e+01 3.100000e+01 1.072646e+01
    endloop
  endfacet
  facet normal 6.196043e-01 4.224324e-01 -6.615447e-01
    outer loop
      vertex   5.252563e+01 3.084202e+01 1.067437e+01
      vertex   5.247354e+01 3.100000e+01 1.072646e+01
      vertex   5.307776e+01 3.084202e+01 1.119150e+01
    endloop
  endfacet
  facet normal 6.196043e-01 4.224324e-01 -6.615447e-01
    outer loop
      vertex   5.307776e+01 3.084202e+01 1.119150e+01
      vertex   5.247354e+01 3.100000e+01 1.072646e+01
      vertex   5.302919e+01 3.100000e+01 1.124689e+01
    endloop
  endfacet
  facet normal 5.750105e-01 4.224324e-01 -7.006524e-01
    outer loop
      vertex   5.307776e+01 3.084202e+01 1.119150e+01
      vertex   5.302919e+01 3.100000e+01 1.124689e+01
      vertex   5.366253e+01 3.084202e+01 1.167141e+01
    endloop
  endfacet
  facet normal 5.750105e-01 4.224324e-01 -7.006524e-01
    outer loop
      vertex   5.366253e+01 3.084202e+01 1.167141e+01
      vertex   5.302919e+01 3.100000e+01 1.124689e+01
      vertex   5.361768e+01 3.100000e+01 1.172985e+01
    endloop
  endfacet
  facet normal 5.279545e-01 4.224324e-01 -7.367597e-01
    outer loop
      vertex   5.366253e+01 3.084202e+01 1.167141e+01
      vertex   5.361768e+01 3.100000e+01 1.172985e+01
      vertex   5.427744e+01 3.084202e+01 1.211204e+01
    endloop
  endfacet
  facet normal 9.407267e-01 2.586897e-01 -2.193467e-01
    outer loop
      vertex   4.957718e+01 3.067365e+01 5.480351e+00
      vertex   4.940607e+01 3.067365e+01 4.746502e+00
      vertex   4.936182e+01 3.084202e+01 4.755304e+00
    endloop
  endfacet
  facet normal 9.530584e-01 2.586897e-01 -1.573506e-01
    outer loop
      vertex   4.936182e+01 3.084202e+01 4.755304e+00
      vertex   4.940607e+01 3.067365e+01 4.746502e+00
      vertex   4.923859e+01 3.084202e+01 4.008923e+00
    endloop
  endfacet
  facet normal 9.407267e-01 2.586897e-01 -2.193467e-01
    outer loop
      vertex   4.957718e+01 3.067365e+01 5.480351e+00
      vertex   4.936182e+01 3.084202e+01 4.755304e+00
      vertex   4.953360e+01 3.084202e+01 5.492028e+00
    endloop
  endfacet
  facet normal 9.243665e-01 2.586897e-01 -2.804035e-01
    outer loop
      vertex   4.979592e+01 3.067365e+01 6.201437e+00
      vertex   4.957718e+01 3.067365e+01 5.480351e+00
      vertex   4.953360e+01 3.084202e+01 5.492028e+00
    endloop
  endfacet
  facet normal 9.243665e-01 2.586897e-01 -2.804035e-01
    outer loop
      vertex   4.979592e+01 3.067365e+01 6.201437e+00
      vertex   4.953360e+01 3.084202e+01 5.492028e+00
      vertex   4.975320e+01 3.084202e+01 6.215939e+00
    endloop
  endfacet
  facet normal 9.040481e-01 2.586897e-01 -3.402596e-01
    outer loop
      vertex   5.006135e+01 3.067365e+01 6.906673e+00
      vertex   4.979592e+01 3.067365e+01 6.201437e+00
      vertex   4.975320e+01 3.084202e+01 6.215939e+00
    endloop
  endfacet
  facet normal 9.040481e-01 2.586897e-01 -3.402596e-01
    outer loop
      vertex   5.006135e+01 3.067365e+01 6.906673e+00
      vertex   4.975320e+01 3.084202e+01 6.215939e+00
      vertex   5.001967e+01 3.084202e+01 6.923938e+00
    endloop
  endfacet
  facet normal 8.798584e-01 2.586897e-01 -3.986587e-01
    outer loop
      vertex   5.037234e+01 3.067365e+01 7.593039e+00
      vertex   5.006135e+01 3.067365e+01 6.906673e+00
      vertex   5.001967e+01 3.084202e+01 6.923938e+00
    endloop
  endfacet
  facet normal 8.798584e-01 2.586897e-01 -3.986587e-01
    outer loop
      vertex   5.037234e+01 3.067365e+01 7.593039e+00
      vertex   5.001967e+01 3.084202e+01 6.923938e+00
      vertex   5.033188e+01 3.084202e+01 7.612993e+00
    endloop
  endfacet
  facet normal 8.519011e-01 2.586897e-01 -4.553506e-01
    outer loop
      vertex   5.072755e+01 3.067365e+01 8.257596e+00
      vertex   5.037234e+01 3.067365e+01 7.593039e+00
      vertex   5.033188e+01 3.084202e+01 7.612993e+00
    endloop
  endfacet
  facet normal 8.519011e-01 2.586897e-01 -4.553506e-01
    outer loop
      vertex   5.072755e+01 3.067365e+01 8.257596e+00
      vertex   5.033188e+01 3.084202e+01 7.612993e+00
      vertex   5.068848e+01 3.084202e+01 8.280154e+00
    endloop
  endfacet
  facet normal 8.202957e-01 2.586897e-01 -5.100927e-01
    outer loop
      vertex   5.112547e+01 3.067365e+01 8.897498e+00
      vertex   5.072755e+01 3.067365e+01 8.257596e+00
      vertex   5.068848e+01 3.084202e+01 8.280154e+00
    endloop
  endfacet
  facet normal 8.202957e-01 2.586897e-01 -5.100927e-01
    outer loop
      vertex   5.112547e+01 3.067365e+01 8.897498e+00
      vertex   5.068848e+01 3.084202e+01 8.280154e+00
      vertex   5.108796e+01 3.084202e+01 8.922563e+00
    endloop
  endfacet
  facet normal 7.851778e-01 2.586897e-01 -5.626504e-01
    outer loop
      vertex   5.156438e+01 3.067365e+01 9.510005e+00
      vertex   5.112547e+01 3.067365e+01 8.897498e+00
      vertex   5.108796e+01 3.084202e+01 8.922563e+00
    endloop
  endfacet
  facet normal 7.851778e-01 2.586897e-01 -5.626504e-01
    outer loop
      vertex   5.156438e+01 3.067365e+01 9.510005e+00
      vertex   5.108796e+01 3.084202e+01 8.922563e+00
      vertex   5.152859e+01 3.084202e+01 9.537469e+00
    endloop
  endfacet
  facet normal 7.466975e-01 2.586897e-01 -6.127988e-01
    outer loop
      vertex   5.204242e+01 3.067365e+01 1.009249e+01
      vertex   5.156438e+01 3.067365e+01 9.510005e+00
      vertex   5.152859e+01 3.084202e+01 9.537469e+00
    endloop
  endfacet
  facet normal 7.466975e-01 2.586897e-01 -6.127988e-01
    outer loop
      vertex   5.204242e+01 3.067365e+01 1.009249e+01
      vertex   5.152859e+01 3.084202e+01 9.537469e+00
      vertex   5.200850e+01 3.084202e+01 1.012224e+01
    endloop
  endfacet
  facet normal 7.050198e-01 2.586897e-01 -6.603231e-01
    outer loop
      vertex   5.255753e+01 3.067365e+01 1.064247e+01
      vertex   5.204242e+01 3.067365e+01 1.009249e+01
      vertex   5.200850e+01 3.084202e+01 1.012224e+01
    endloop
  endfacet
  facet normal 7.050198e-01 2.586897e-01 -6.603231e-01
    outer loop
      vertex   5.255753e+01 3.067365e+01 1.064247e+01
      vertex   5.200850e+01 3.084202e+01 1.012224e+01
      vertex   5.252563e+01 3.084202e+01 1.067437e+01
    endloop
  endfacet
  facet normal 6.603231e-01 2.586897e-01 -7.050198e-01
    outer loop
      vertex   5.310751e+01 3.067365e+01 1.115758e+01
      vertex   5.255753e+01 3.067365e+01 1.064247e+01
      vertex   5.252563e+01 3.084202e+01 1.067437e+01
    endloop
  endfacet
  facet normal 6.603231e-01 2.586897e-01 -7.050198e-01
    outer loop
      vertex   5.310751e+01 3.067365e+01 1.115758e+01
      vertex   5.252563e+01 3.084202e+01 1.067437e+01
      vertex   5.307776e+01 3.084202e+01 1.119150e+01
    endloop
  endfacet
  facet normal 6.127988e-01 2.586897e-01 -7.466975e-01
    outer loop
      vertex   5.369000e+01 3.067365e+01 1.163562e+01
      vertex   5.310751e+01 3.067365e+01 1.115758e+01
      vertex   5.307776e+01 3.084202e+01 1.119150e+01
    endloop
  endfacet
  facet normal 6.127988e-01 2.586897e-01 -7.466975e-01
    outer loop
      vertex   5.369000e+01 3.067365e+01 1.163562e+01
      vertex   5.307776e+01 3.084202e+01 1.119150e+01
      vertex   5.366253e+01 3.084202e+01 1.167141e+01
    endloop
  endfacet
  facet normal 5.626504e-01 2.586897e-01 -7.851778e-01
    outer loop
      vertex   5.430250e+01 3.067365e+01 1.207453e+01
      vertex   5.369000e+01 3.067365e+01 1.163562e+01
      vertex   5.366253e+01 3.084202e+01 1.167141e+01
    endloop
  endfacet
  facet normal 5.626504e-01 2.586897e-01 -7.851778e-01
    outer loop
      vertex   5.430250e+01 3.067365e+01 1.207453e+01
      vertex   5.366253e+01 3.084202e+01 1.167141e+01
      vertex   5.427744e+01 3.084202e+01 1.211204e+01
    endloop
  endfacet
  facet normal 5.100927e-01 2.586897e-01 -8.202957e-01
    outer loop
      vertex   5.494240e+01 3.067365e+01 1.247245e+01
      vertex   5.430250e+01 3.067365e+01 1.207453e+01
      vertex   5.427744e+01 3.084202e+01 1.211204e+01
    endloop
  endfacet
  facet normal -2.538138e-02 9.658912e-01 -2.577015e-01
    outer loop
      vertex   6.150618e+01 3.148481e+01 1.479996e+01
      vertex   6.230891e+01 3.148481e+01 1.472090e+01
      vertex   6.228693e+01 3.143969e+01 1.455397e+01
    endloop
  endfacet
  facet normal -4.218152e-02 9.658912e-01 -2.554897e-01
    outer loop
      vertex   6.228693e+01 3.143969e+01 1.455397e+01
      vertex   6.230891e+01 3.148481e+01 1.472090e+01
      vertex   6.307190e+01 3.143969e+01 1.442437e+01
    endloop
  endfacet
  facet normal -6.887289e-02 9.062211e-01 -4.171569e-01
    outer loop
      vertex   6.228693e+01 3.143969e+01 1.455397e+01
      vertex   6.307190e+01 3.143969e+01 1.442437e+01
      vertex   6.304108e+01 3.136603e+01 1.426942e+01
    endloop
  endfacet
  facet normal -9.600880e-02 9.062211e-01 -4.117593e-01
    outer loop
      vertex   6.304108e+01 3.136603e+01 1.426942e+01
      vertex   6.307190e+01 3.143969e+01 1.442437e+01
      vertex   6.380583e+01 3.136603e+01 1.409111e+01
    endloop
  endfacet
  facet normal -1.302924e-01 8.190077e-01 -5.587936e-01
    outer loop
      vertex   6.304108e+01 3.136603e+01 1.426942e+01
      vertex   6.380583e+01 3.136603e+01 1.409111e+01
      vertex   6.376887e+01 3.126604e+01 1.395319e+01
    endloop
  endfacet
  facet normal -1.665603e-01 8.190077e-01 -5.490757e-01
    outer loop
      vertex   6.376887e+01 3.126604e+01 1.395319e+01
      vertex   6.380583e+01 3.136603e+01 1.409111e+01
      vertex   6.451138e+01 3.126604e+01 1.372795e+01
    endloop
  endfacet
  facet normal -2.053172e-01 7.069174e-01 -6.768402e-01
    outer loop
      vertex   6.376887e+01 3.126604e+01 1.395319e+01
      vertex   6.451138e+01 3.126604e+01 1.372795e+01
      vertex   6.447176e+01 3.114279e+01 1.361124e+01
    endloop
  endfacet
  facet normal -2.491451e-01 7.069174e-01 -6.619626e-01
    outer loop
      vertex   6.447176e+01 3.114279e+01 1.361124e+01
      vertex   6.451138e+01 3.126604e+01 1.372795e+01
      vertex   6.519039e+01 3.114279e+01 1.334076e+01
    endloop
  endfacet
  facet normal -2.885972e-01 5.733703e-01 -7.667843e-01
    outer loop
      vertex   6.447176e+01 3.114279e+01 1.361124e+01
      vertex   6.519039e+01 3.114279e+01 1.334076e+01
      vertex   6.515213e+01 3.100000e+01 1.324839e+01
    endloop
  endfacet
  facet normal -3.381294e-01 5.733703e-01 -7.462674e-01
    outer loop
      vertex   6.515213e+01 3.100000e+01 1.324839e+01
      vertex   6.519039e+01 3.114279e+01 1.334076e+01
      vertex   6.584558e+01 3.100000e+01 1.293419e+01
    endloop
  endfacet
  facet normal -3.740754e-01 4.224324e-01 -8.256019e-01
    outer loop
      vertex   6.515213e+01 3.100000e+01 1.324839e+01
      vertex   6.584558e+01 3.100000e+01 1.293419e+01
      vertex   6.581299e+01 3.084202e+01 1.286812e+01
    endloop
  endfacet
  facet normal -4.272714e-01 4.224324e-01 -7.993685e-01
    outer loop
      vertex   6.581299e+01 3.084202e+01 1.286812e+01
      vertex   6.584558e+01 3.100000e+01 1.293419e+01
      vertex   6.648015e+01 3.084202e+01 1.251152e+01
    endloop
  endfacet
  facet normal -4.553506e-01 2.586897e-01 -8.519011e-01
    outer loop
      vertex   6.581299e+01 3.084202e+01 1.286812e+01
      vertex   6.648015e+01 3.084202e+01 1.251152e+01
      vertex   6.645760e+01 3.067365e+01 1.247245e+01
    endloop
  endfacet
  facet normal -5.100927e-01 2.586897e-01 -8.202957e-01
    outer loop
      vertex   6.645760e+01 3.067365e+01 1.247245e+01
      vertex   6.648015e+01 3.084202e+01 1.251152e+01
      vertex   6.709750e+01 3.067365e+01 1.207453e+01
    endloop
  endfacet
  facet normal -4.218152e-02 9.658912e-01 -2.554897e-01
    outer loop
      vertex   6.230891e+01 3.148481e+01 1.472090e+01
      vertex   6.310475e+01 3.148481e+01 1.458950e+01
      vertex   6.307190e+01 3.143969e+01 1.442437e+01
    endloop
  endfacet
  facet normal -5.880103e-02 9.658912e-01 -2.521839e-01
    outer loop
      vertex   6.307190e+01 3.143969e+01 1.442437e+01
      vertex   6.310475e+01 3.148481e+01 1.458950e+01
      vertex   6.384672e+01 3.143969e+01 1.424371e+01
    endloop
  endfacet
  facet normal -9.600880e-02 9.062211e-01 -4.117593e-01
    outer loop
      vertex   6.307190e+01 3.143969e+01 1.442437e+01
      vertex   6.384672e+01 3.143969e+01 1.424371e+01
      vertex   6.380583e+01 3.136603e+01 1.409111e+01
    endloop
  endfacet
  facet normal -1.227336e-01 9.062211e-01 -4.045984e-01
    outer loop
      vertex   6.380583e+01 3.136603e+01 1.409111e+01
      vertex   6.384672e+01 3.143969e+01 1.424371e+01
      vertex   6.455727e+01 3.136603e+01 1.386316e+01
    endloop
  endfacet
  facet normal -1.665603e-01 8.190077e-01 -5.490757e-01
    outer loop
      vertex   6.380583e+01 3.136603e+01 1.409111e+01
      vertex   6.455727e+01 3.136603e+01 1.386316e+01
      vertex   6.451138e+01 3.126604e+01 1.372795e+01
    endloop
  endfacet
  facet normal -2.021149e-01 8.190077e-01 -5.370065e-01
    outer loop
      vertex   6.451138e+01 3.126604e+01 1.372795e+01
      vertex   6.455727e+01 3.136603e+01 1.386316e+01
      vertex   6.523756e+01 3.126604e+01 1.345464e+01
    endloop
  endfacet
  facet normal -2.491451e-01 7.069174e-01 -6.619626e-01
    outer loop
      vertex   6.451138e+01 3.126604e+01 1.372795e+01
      vertex   6.523756e+01 3.126604e+01 1.345464e+01
      vertex   6.519039e+01 3.114279e+01 1.334076e+01
    endloop
  endfacet
  facet normal -2.919061e-01 7.069174e-01 -6.442504e-01
    outer loop
      vertex   6.519039e+01 3.114279e+01 1.334076e+01
      vertex   6.523756e+01 3.126604e+01 1.345464e+01
      vertex   6.588980e+01 3.114279e+01 1.302386e+01
    endloop
  endfacet
  facet normal -3.381294e-01 5.733703e-01 -7.462674e-01
    outer loop
      vertex   6.519039e+01 3.114279e+01 1.334076e+01
      vertex   6.588980e+01 3.114279e+01 1.302386e+01
      vertex   6.584558e+01 3.100000e+01 1.293419e+01
    endloop
  endfacet
  facet normal -3.862136e-01 5.733703e-01 -7.225549e-01
    outer loop
      vertex   6.584558e+01 3.100000e+01 1.293419e+01
      vertex   6.588980e+01 3.114279e+01 1.302386e+01
      vertex   6.651699e+01 3.100000e+01 1.257532e+01
    endloop
  endfacet
  facet normal -4.272714e-01 4.224324e-01 -7.993685e-01
    outer loop
      vertex   6.584558e+01 3.100000e+01 1.293419e+01
      vertex   6.651699e+01 3.100000e+01 1.257532e+01
      vertex   6.648015e+01 3.084202e+01 1.251152e+01
    endloop
  endfacet
  facet normal -4.786378e-01 4.224324e-01 -7.697121e-01
    outer loop
      vertex   6.648015e+01 3.084202e+01 1.251152e+01
      vertex   6.651699e+01 3.100000e+01 1.257532e+01
      vertex   6.712256e+01 3.084202e+01 1.211204e+01
    endloop
  endfacet
  facet normal -5.100927e-01 2.586897e-01 -8.202957e-01
    outer loop
      vertex   6.648015e+01 3.084202e+01 1.251152e+01
      vertex   6.712256e+01 3.084202e+01 1.211204e+01
      vertex   6.709750e+01 3.067365e+01 1.207453e+01
    endloop
  endfacet
  facet normal -5.626504e-01 2.586897e-01 -7.851778e-01
    outer loop
      vertex   6.709750e+01 3.067365e+01 1.207453e+01
      vertex   6.712256e+01 3.084202e+01 1.211204e+01
      vertex   6.771000e+01 3.067365e+01 1.163562e+01
    endloop
  endfacet
  facet normal -5.880103e-02 9.658912e-01 -2.521839e-01
    outer loop
      vertex   6.310475e+01 3.148481e+01 1.458950e+01
      vertex   6.389029e+01 3.148481e+01 1.440634e+01
      vertex   6.384672e+01 3.143969e+01 1.424371e+01
    endloop
  endfacet
  facet normal -7.516875e-02 9.658912e-01 -2.477982e-01
    outer loop
      vertex   6.384672e+01 3.143969e+01 1.424371e+01
      vertex   6.389029e+01 3.148481e+01 1.440634e+01
      vertex   6.460805e+01 3.143969e+01 1.401276e+01
    endloop
  endfacet
  facet normal -1.227336e-01 9.062211e-01 -4.045984e-01
    outer loop
      vertex   6.384672e+01 3.143969e+01 1.424371e+01
      vertex   6.460805e+01 3.143969e+01 1.401276e+01
      vertex   6.455727e+01 3.136603e+01 1.386316e+01
    endloop
  endfacet
  facet normal -1.489328e-01 9.062211e-01 -3.957050e-01
    outer loop
      vertex   6.455727e+01 3.136603e+01 1.386316e+01
      vertex   6.460805e+01 3.143969e+01 1.401276e+01
      vertex   6.529220e+01 3.136603e+01 1.358655e+01
    endloop
  endfacet
  facet normal -2.021149e-01 8.190077e-01 -5.370065e-01
    outer loop
      vertex   6.455727e+01 3.136603e+01 1.386316e+01
      vertex   6.529220e+01 3.136603e+01 1.358655e+01
      vertex   6.523756e+01 3.126604e+01 1.345464e+01
    endloop
  endfacet
  facet normal -2.368041e-01 8.190077e-01 -5.226378e-01
    outer loop
      vertex   6.523756e+01 3.126604e+01 1.345464e+01
      vertex   6.529220e+01 3.136603e+01 1.358655e+01
      vertex   6.594431e+01 3.126604e+01 1.313441e+01
    endloop
  endfacet
  facet normal -2.919061e-01 7.069174e-01 -6.442504e-01
    outer loop
      vertex   6.523756e+01 3.126604e+01 1.345464e+01
      vertex   6.594431e+01 3.126604e+01 1.313441e+01
      vertex   6.588980e+01 3.114279e+01 1.302386e+01
    endloop
  endfacet
  facet normal -3.334171e-01 7.069174e-01 -6.237795e-01
    outer loop
      vertex   6.588980e+01 3.114279e+01 1.302386e+01
      vertex   6.594431e+01 3.126604e+01 1.313441e+01
      vertex   6.656698e+01 3.114279e+01 1.266190e+01
    endloop
  endfacet
  facet normal -3.862136e-01 5.733703e-01 -7.225549e-01
    outer loop
      vertex   6.588980e+01 3.114279e+01 1.302386e+01
      vertex   6.656698e+01 3.114279e+01 1.266190e+01
      vertex   6.651699e+01 3.100000e+01 1.257532e+01
    endloop
  endfacet
  facet normal -4.326441e-01 5.733703e-01 -6.957482e-01
    outer loop
      vertex   6.651699e+01 3.100000e+01 1.257532e+01
      vertex   6.656698e+01 3.114279e+01 1.266190e+01
      vertex   6.716349e+01 3.100000e+01 1.217330e+01
    endloop
  endfacet
  facet normal -4.786378e-01 4.224324e-01 -7.697121e-01
    outer loop
      vertex   6.651699e+01 3.100000e+01 1.257532e+01
      vertex   6.716349e+01 3.100000e+01 1.217330e+01
      vertex   6.712256e+01 3.084202e+01 1.211204e+01
    endloop
  endfacet
  facet normal -5.279545e-01 4.224324e-01 -7.367597e-01
    outer loop
      vertex   6.712256e+01 3.084202e+01 1.211204e+01
      vertex   6.716349e+01 3.100000e+01 1.217330e+01
      vertex   6.773747e+01 3.084202e+01 1.167141e+01
    endloop
  endfacet
  facet normal -5.626504e-01 2.586897e-01 -7.851778e-01
    outer loop
      vertex   6.712256e+01 3.084202e+01 1.211204e+01
      vertex   6.773747e+01 3.084202e+01 1.167141e+01
      vertex   6.771000e+01 3.067365e+01 1.163562e+01
    endloop
  endfacet
  facet normal -6.127988e-01 2.586897e-01 -7.466975e-01
    outer loop
      vertex   6.771000e+01 3.067365e+01 1.163562e+01
      vertex   6.773747e+01 3.084202e+01 1.167141e+01
      vertex   6.829249e+01 3.067365e+01 1.115758e+01
    endloop
  endfacet
  facet normal -7.516875e-02 9.658912e-01 -2.477982e-01
    outer loop
      vertex   6.389029e+01 3.148481e+01 1.440634e+01
      vertex   6.466218e+01 3.148481e+01 1.417219e+01
      vertex   6.460805e+01 3.143969e+01 1.401276e+01
    endloop
  endfacet
  facet normal -9.121459e-02 9.658912e-01 -2.423513e-01
    outer loop
      vertex   6.460805e+01 3.143969e+01 1.401276e+01
      vertex   6.466218e+01 3.148481e+01 1.417219e+01
      vertex   6.535266e+01 3.143969e+01 1.373251e+01
    endloop
  endfacet
  facet normal -1.489328e-01 9.062211e-01 -3.957050e-01
    outer loop
      vertex   6.460805e+01 3.143969e+01 1.401276e+01
      vertex   6.535266e+01 3.143969e+01 1.373251e+01
      vertex   6.529220e+01 3.136603e+01 1.358655e+01
    endloop
  endfacet
  facet normal -1.744943e-01 9.062211e-01 -3.851170e-01
    outer loop
      vertex   6.529220e+01 3.136603e+01 1.358655e+01
      vertex   6.535266e+01 3.143969e+01 1.373251e+01
      vertex   6.600746e+01 3.136603e+01 1.326247e+01
    endloop
  endfacet
  facet normal -2.368041e-01 8.190077e-01 -5.226378e-01
    outer loop
      vertex   6.529220e+01 3.136603e+01 1.358655e+01
      vertex   6.600746e+01 3.136603e+01 1.326247e+01
      vertex   6.594431e+01 3.126604e+01 1.313441e+01
    endloop
  endfacet
  facet normal -2.704792e-01 8.190077e-01 -5.060310e-01
    outer loop
      vertex   6.594431e+01 3.126604e+01 1.313441e+01
      vertex   6.600746e+01 3.136603e+01 1.326247e+01
      vertex   6.662861e+01 3.126604e+01 1.276865e+01
    endloop
  endfacet
  facet normal -3.334171e-01 7.069174e-01 -6.237795e-01
    outer loop
      vertex   6.594431e+01 3.126604e+01 1.313441e+01
      vertex   6.662861e+01 3.126604e+01 1.276865e+01
      vertex   6.656698e+01 3.114279e+01 1.266190e+01
    endloop
  endfacet
  facet normal -3.735003e-01 7.069174e-01 -6.006374e-01
    outer loop
      vertex   6.656698e+01 3.114279e+01 1.266190e+01
      vertex   6.662861e+01 3.126604e+01 1.276865e+01
      vertex   6.721904e+01 3.114279e+01 1.225643e+01
    endloop
  endfacet
  facet normal -4.326441e-01 5.733703e-01 -6.957482e-01
    outer loop
      vertex   6.656698e+01 3.114279e+01 1.266190e+01
      vertex   6.721904e+01 3.114279e+01 1.225643e+01
      vertex   6.716349e+01 3.100000e+01 1.217330e+01
    endloop
  endfacet
  facet normal -4.772218e-01 5.733703e-01 -6.659623e-01
    outer loop
      vertex   6.716349e+01 3.100000e+01 1.217330e+01
      vertex   6.721904e+01 3.114279e+01 1.225643e+01
      vertex   6.778232e+01 3.100000e+01 1.172985e+01
    endloop
  endfacet
  facet normal -5.279545e-01 4.224324e-01 -7.367597e-01
    outer loop
      vertex   6.716349e+01 3.100000e+01 1.217330e+01
      vertex   6.778232e+01 3.100000e+01 1.172985e+01
      vertex   6.773747e+01 3.084202e+01 1.167141e+01
    endloop
  endfacet
  facet normal -5.750105e-01 4.224324e-01 -7.006524e-01
    outer loop
      vertex   6.773747e+01 3.084202e+01 1.167141e+01
      vertex   6.778232e+01 3.100000e+01 1.172985e+01
      vertex   6.832224e+01 3.084202e+01 1.119150e+01
    endloop
  endfacet
  facet normal -6.127988e-01 2.586897e-01 -7.466975e-01
    outer loop
      vertex   6.773747e+01 3.084202e+01 1.167141e+01
      vertex   6.832224e+01 3.084202e+01 1.119150e+01
      vertex   6.829249e+01 3.067365e+01 1.115758e+01
    endloop
  endfacet
  facet normal -6.603231e-01 2.586897e-01 -7.050198e-01
    outer loop
      vertex   6.829249e+01 3.067365e+01 1.115758e+01
      vertex   6.832224e+01 3.084202e+01 1.119150e+01
      vertex   6.884247e+01 3.067365e+01 1.064247e+01
    endloop
  endfacet
  facet normal -9.121459e-02 9.658912e-01 -2.423513e-01
    outer loop
      vertex   6.466218e+01 3.148481e+01 1.417219e+01
      vertex   6.541709e+01 3.148481e+01 1.388806e+01
      vertex   6.535266e+01 3.143969e+01 1.373251e+01
    endloop
  endfacet
  facet normal -1.068698e-01 9.658912e-01 -2.358667e-01
    outer loop
      vertex   6.535266e+01 3.143969e+01 1.373251e+01
      vertex   6.541709e+01 3.148481e+01 1.388806e+01
      vertex   6.607734e+01 3.143969e+01 1.340416e+01
    endloop
  endfacet
  facet normal -1.744943e-01 9.062211e-01 -3.851170e-01
    outer loop
      vertex   6.535266e+01 3.143969e+01 1.373251e+01
      vertex   6.607734e+01 3.143969e+01 1.340416e+01
      vertex   6.600746e+01 3.136603e+01 1.326247e+01
    endloop
  endfacet
  facet normal -1.993085e-01 9.062211e-01 -3.728800e-01
    outer loop
      vertex   6.600746e+01 3.136603e+01 1.326247e+01
      vertex   6.607734e+01 3.143969e+01 1.340416e+01
      vertex   6.670000e+01 3.136603e+01 1.289230e+01
    endloop
  endfacet
  facet normal -2.704792e-01 8.190077e-01 -5.060310e-01
    outer loop
      vertex   6.600746e+01 3.136603e+01 1.326247e+01
      vertex   6.670000e+01 3.136603e+01 1.289230e+01
      vertex   6.662861e+01 3.126604e+01 1.276865e+01
    endloop
  endfacet
  facet normal -3.029961e-01 8.190077e-01 -4.872574e-01
    outer loop
      vertex   6.662861e+01 3.126604e+01 1.276865e+01
      vertex   6.670000e+01 3.136603e+01 1.289230e+01
      vertex   6.728751e+01 3.126604e+01 1.235891e+01
    endloop
  endfacet
  facet normal -3.735003e-01 7.069174e-01 -6.006374e-01
    outer loop
      vertex   6.662861e+01 3.126604e+01 1.276865e+01
      vertex   6.728751e+01 3.126604e+01 1.235891e+01
      vertex   6.721904e+01 3.114279e+01 1.225643e+01
    endloop
  endfacet
  facet normal -4.119842e-01 7.069174e-01 -5.749233e-01
    outer loop
      vertex   6.721904e+01 3.114279e+01 1.225643e+01
      vertex   6.728751e+01 3.126604e+01 1.235891e+01
      vertex   6.784318e+01 3.114279e+01 1.180917e+01
    endloop
  endfacet
  facet normal -4.772218e-01 5.733703e-01 -6.659623e-01
    outer loop
      vertex   6.721904e+01 3.114279e+01 1.225643e+01
      vertex   6.784318e+01 3.114279e+01 1.180917e+01
      vertex   6.778232e+01 3.100000e+01 1.172985e+01
    endloop
  endfacet
  facet normal -5.197561e-01 5.733703e-01 -6.333246e-01
    outer loop
      vertex   6.778232e+01 3.100000e+01 1.172985e+01
      vertex   6.784318e+01 3.114279e+01 1.180917e+01
      vertex   6.837081e+01 3.100000e+01 1.124689e+01
    endloop
  endfacet
  facet normal -5.750105e-01 4.224324e-01 -7.006524e-01
    outer loop
      vertex   6.778232e+01 3.100000e+01 1.172985e+01
      vertex   6.837081e+01 3.100000e+01 1.124689e+01
      vertex   6.832224e+01 3.084202e+01 1.119150e+01
    endloop
  endfacet
  facet normal -6.196043e-01 4.224324e-01 -6.615447e-01
    outer loop
      vertex   6.832224e+01 3.084202e+01 1.119150e+01
      vertex   6.837081e+01 3.100000e+01 1.124689e+01
      vertex   6.887437e+01 3.084202e+01 1.067437e+01
    endloop
  endfacet
  facet normal -6.603231e-01 2.586897e-01 -7.050198e-01
    outer loop
      vertex   6.832224e+01 3.084202e+01 1.119150e+01
      vertex   6.887437e+01 3.084202e+01 1.067437e+01
      vertex   6.884247e+01 3.067365e+01 1.064247e+01
    endloop
  endfacet
  facet normal -7.050198e-01 2.586897e-01 -6.603231e-01
    outer loop
      vertex   6.884247e+01 3.067365e+01 1.064247e+01
      vertex   6.887437e+01 3.084202e+01 1.067437e+01
      vertex   6.935758e+01 3.067365e+01 1.009249e+01
    endloop
  endfacet
  facet normal -1.068698e-01 9.658912e-01 -2.358667e-01
    outer loop
      vertex   6.541709e+01 3.148481e+01 1.388806e+01
      vertex   6.615181e+01 3.148481e+01 1.355517e+01
      vertex   6.607734e+01 3.143969e+01 1.340416e+01
    endloop
  endfacet
  facet normal -1.220674e-01 9.658912e-01 -2.283721e-01
    outer loop
      vertex   6.607734e+01 3.143969e+01 1.340416e+01
      vertex   6.615181e+01 3.148481e+01 1.355517e+01
      vertex   6.677899e+01 3.143969e+01 1.302912e+01
    endloop
  endfacet
  facet normal -1.993085e-01 9.062211e-01 -3.728800e-01
    outer loop
      vertex   6.607734e+01 3.143969e+01 1.340416e+01
      vertex   6.677899e+01 3.143969e+01 1.302912e+01
      vertex   6.670000e+01 3.136603e+01 1.289230e+01
    endloop
  endfacet
  facet normal -2.232693e-01 9.062211e-01 -3.590462e-01
    outer loop
      vertex   6.670000e+01 3.136603e+01 1.289230e+01
      vertex   6.677899e+01 3.143969e+01 1.302912e+01
      vertex   6.736684e+01 3.136603e+01 1.247764e+01
    endloop
  endfacet
  facet normal -3.029961e-01 8.190077e-01 -4.872574e-01
    outer loop
      vertex   6.670000e+01 3.136603e+01 1.289230e+01
      vertex   6.736684e+01 3.136603e+01 1.247764e+01
      vertex   6.728751e+01 3.126604e+01 1.235891e+01
    endloop
  endfacet
  facet normal -3.342155e-01 8.190077e-01 -4.663973e-01
    outer loop
      vertex   6.728751e+01 3.126604e+01 1.235891e+01
      vertex   6.736684e+01 3.136603e+01 1.247764e+01
      vertex   6.791821e+01 3.126604e+01 1.190696e+01
    endloop
  endfacet
  facet normal -4.119842e-01 7.069174e-01 -5.749233e-01
    outer loop
      vertex   6.728751e+01 3.126604e+01 1.235891e+01
      vertex   6.791821e+01 3.126604e+01 1.190696e+01
      vertex   6.784318e+01 3.114279e+01 1.180917e+01
    endloop
  endfacet
  facet normal -4.487039e-01 7.069174e-01 -5.467473e-01
    outer loop
      vertex   6.784318e+01 3.114279e+01 1.180917e+01
      vertex   6.791821e+01 3.126604e+01 1.190696e+01
      vertex   6.843673e+01 3.114279e+01 1.132205e+01
    endloop
  endfacet
  facet normal -5.197561e-01 5.733703e-01 -6.333246e-01
    outer loop
      vertex   6.784318e+01 3.114279e+01 1.180917e+01
      vertex   6.843673e+01 3.114279e+01 1.132205e+01
      vertex   6.837081e+01 3.100000e+01 1.124689e+01
    endloop
  endfacet
  facet normal -5.600647e-01 5.733703e-01 -5.979750e-01
    outer loop
      vertex   6.837081e+01 3.100000e+01 1.124689e+01
      vertex   6.843673e+01 3.114279e+01 1.132205e+01
      vertex   6.892646e+01 3.100000e+01 1.072646e+01
    endloop
  endfacet
  facet normal -6.196043e-01 4.224324e-01 -6.615447e-01
    outer loop
      vertex   6.837081e+01 3.100000e+01 1.124689e+01
      vertex   6.892646e+01 3.100000e+01 1.072646e+01
      vertex   6.887437e+01 3.084202e+01 1.067437e+01
    endloop
  endfacet
  facet normal -6.615447e-01 4.224324e-01 -6.196043e-01
    outer loop
      vertex   6.887437e+01 3.084202e+01 1.067437e+01
      vertex   6.892646e+01 3.100000e+01 1.072646e+01
      vertex   6.939150e+01 3.084202e+01 1.012224e+01
    endloop
  endfacet
  facet normal -7.050198e-01 2.586897e-01 -6.603231e-01
    outer loop
      vertex   6.887437e+01 3.084202e+01 1.067437e+01
      vertex   6.939150e+01 3.084202e+01 1.012224e+01
      vertex   6.935758e+01 3.067365e+01 1.009249e+01
    endloop
  endfacet
  facet normal -7.466975e-01 2.586897e-01 -6.127988e-01
    outer loop
      vertex   6.935758e+01 3.067365e+01 1.009249e+01
      vertex   6.939150e+01 3.084202e+01 1.012224e+01
      vertex   6.983562e+01 3.067365e+01 9.510005e+00
    endloop
  endfacet
  facet normal -1.220674e-01 9.658912e-01 -2.283721e-01
    outer loop
      vertex   6.615181e+01 3.148481e+01 1.355517e+01
      vertex   6.686318e+01 3.148481e+01 1.317493e+01
      vertex   6.677899e+01 3.143969e+01 1.302912e+01
    endloop
  endfacet
  facet normal -1.367423e-01 9.658912e-01 -2.198995e-01
    outer loop
      vertex   6.677899e+01 3.143969e+01 1.302912e+01
      vertex   6.686318e+01 3.148481e+01 1.317493e+01
      vertex   6.745461e+01 3.143969e+01 1.260899e+01
    endloop
  endfacet
  facet normal -2.232693e-01 9.062211e-01 -3.590462e-01
    outer loop
      vertex   6.677899e+01 3.143969e+01 1.302912e+01
      vertex   6.745461e+01 3.143969e+01 1.260899e+01
      vertex   6.736684e+01 3.136603e+01 1.247764e+01
    endloop
  endfacet
  facet normal -2.462740e-01 9.062211e-01 -3.436750e-01
    outer loop
      vertex   6.736684e+01 3.136603e+01 1.247764e+01
      vertex   6.745461e+01 3.143969e+01 1.260899e+01
      vertex   6.800514e+01 3.136603e+01 1.202024e+01
    endloop
  endfacet
  facet normal -3.342155e-01 8.190077e-01 -4.663973e-01
    outer loop
      vertex   6.736684e+01 3.136603e+01 1.247764e+01
      vertex   6.800514e+01 3.136603e+01 1.202024e+01
      vertex   6.791821e+01 3.126604e+01 1.190696e+01
    endloop
  endfacet
  facet normal -3.640038e-01 8.190077e-01 -4.435399e-01
    outer loop
      vertex   6.791821e+01 3.126604e+01 1.190696e+01
      vertex   6.800514e+01 3.136603e+01 1.202024e+01
      vertex   6.851800e+01 3.126604e+01 1.141472e+01
    endloop
  endfacet
  facet normal -4.487039e-01 7.069174e-01 -5.467473e-01
    outer loop
      vertex   6.791821e+01 3.126604e+01 1.190696e+01
      vertex   6.851800e+01 3.126604e+01 1.141472e+01
      vertex   6.843673e+01 3.114279e+01 1.132205e+01
    endloop
  endfacet
  facet normal -4.835022e-01 7.069174e-01 -5.162300e-01
    outer loop
      vertex   6.843673e+01 3.114279e+01 1.132205e+01
      vertex   6.851800e+01 3.126604e+01 1.141472e+01
      vertex   6.899716e+01 3.114279e+01 1.079716e+01
    endloop
  endfacet
  facet normal -5.600647e-01 5.733703e-01 -5.979750e-01
    outer loop
      vertex   6.843673e+01 3.114279e+01 1.132205e+01
      vertex   6.899716e+01 3.114279e+01 1.079716e+01
      vertex   6.892646e+01 3.100000e+01 1.072646e+01
    endloop
  endfacet
  facet normal -5.979750e-01 5.733703e-01 -5.600647e-01
    outer loop
      vertex   6.892646e+01 3.100000e+01 1.072646e+01
      vertex   6.899716e+01 3.114279e+01 1.079716e+01
      vertex   6.944689e+01 3.100000e+01 1.017081e+01
    endloop
  endfacet
  facet normal -6.615447e-01 4.224324e-01 -6.196043e-01
    outer loop
      vertex   6.892646e+01 3.100000e+01 1.072646e+01
      vertex   6.944689e+01 3.100000e+01 1.017081e+01
      vertex   6.939150e+01 3.084202e+01 1.012224e+01
    endloop
  endfacet
  facet normal -7.006524e-01 4.224324e-01 -5.750105e-01
    outer loop
      vertex   6.939150e+01 3.084202e+01 1.012224e+01
      vertex   6.944689e+01 3.100000e+01 1.017081e+01
      vertex   6.987141e+01 3.084202e+01 9.537469e+00
    endloop
  endfacet
  facet normal -7.466975e-01 2.586897e-01 -6.127988e-01
    outer loop
      vertex   6.939150e+01 3.084202e+01 1.012224e+01
      vertex   6.987141e+01 3.084202e+01 9.537469e+00
      vertex   6.983562e+01 3.067365e+01 9.510005e+00
    endloop
  endfacet
  facet normal -7.851778e-01 2.586897e-01 -5.626504e-01
    outer loop
      vertex   6.983562e+01 3.067365e+01 9.510005e+00
      vertex   6.987141e+01 3.084202e+01 9.537469e+00
      vertex   7.027453e+01 3.067365e+01 8.897498e+00
    endloop
  endfacet
  facet normal -1.367423e-01 9.658912e-01 -2.198995e-01
    outer loop
      vertex   6.686318e+01 3.148481e+01 1.317493e+01
      vertex   6.754815e+01 3.148481e+01 1.274899e+01
      vertex   6.745461e+01 3.143969e+01 1.260899e+01
    endloop
  endfacet
  facet normal -1.508317e-01 9.658912e-01 -2.104853e-01
    outer loop
      vertex   6.745461e+01 3.143969e+01 1.260899e+01
      vertex   6.754815e+01 3.148481e+01 1.274899e+01
      vertex   6.810131e+01 3.143969e+01 1.214557e+01
    endloop
  endfacet
  facet normal -2.462740e-01 9.062211e-01 -3.436750e-01
    outer loop
      vertex   6.745461e+01 3.143969e+01 1.260899e+01
      vertex   6.810131e+01 3.143969e+01 1.214557e+01
      vertex   6.800514e+01 3.136603e+01 1.202024e+01
    endloop
  endfacet
  facet normal -2.682241e-01 9.062211e-01 -3.268321e-01
    outer loop
      vertex   6.800514e+01 3.136603e+01 1.202024e+01
      vertex   6.810131e+01 3.143969e+01 1.214557e+01
      vertex   6.861215e+01 3.136603e+01 1.152208e+01
    endloop
  endfacet
  facet normal -3.640038e-01 8.190077e-01 -4.435399e-01
    outer loop
      vertex   6.800514e+01 3.136603e+01 1.202024e+01
      vertex   6.861215e+01 3.136603e+01 1.152208e+01
      vertex   6.851800e+01 3.126604e+01 1.141472e+01
    endloop
  endfacet
  facet normal -3.922333e-01 8.190077e-01 -4.187833e-01
    outer loop
      vertex   6.851800e+01 3.126604e+01 1.141472e+01
      vertex   6.861215e+01 3.136603e+01 1.152208e+01
      vertex   6.908432e+01 3.126604e+01 1.088432e+01
    endloop
  endfacet
  facet normal -4.835022e-01 7.069174e-01 -5.162300e-01
    outer loop
      vertex   6.851800e+01 3.126604e+01 1.141472e+01
      vertex   6.908432e+01 3.126604e+01 1.088432e+01
      vertex   6.899716e+01 3.114279e+01 1.079716e+01
    endloop
  endfacet
  facet normal -5.162300e-01 7.069174e-01 -4.835022e-01
    outer loop
      vertex   6.899716e+01 3.114279e+01 1.079716e+01
      vertex   6.908432e+01 3.126604e+01 1.088432e+01
      vertex   6.952205e+01 3.114279e+01 1.023673e+01
    endloop
  endfacet
  facet normal -5.979750e-01 5.733703e-01 -5.600647e-01
    outer loop
      vertex   6.899716e+01 3.114279e+01 1.079716e+01
      vertex   6.952205e+01 3.114279e+01 1.023673e+01
      vertex   6.944689e+01 3.100000e+01 1.017081e+01
    endloop
  endfacet
  facet normal -6.333246e-01 5.733703e-01 -5.197561e-01
    outer loop
      vertex   6.944689e+01 3.100000e+01 1.017081e+01
      vertex   6.952205e+01 3.114279e+01 1.023673e+01
      vertex   6.992985e+01 3.100000e+01 9.582315e+00
    endloop
  endfacet
  facet normal -7.006524e-01 4.224324e-01 -5.750105e-01
    outer loop
      vertex   6.944689e+01 3.100000e+01 1.017081e+01
      vertex   6.992985e+01 3.100000e+01 9.582315e+00
      vertex   6.987141e+01 3.084202e+01 9.537469e+00
    endloop
  endfacet
  facet normal -7.367597e-01 4.224324e-01 -5.279545e-01
    outer loop
      vertex   6.987141e+01 3.084202e+01 9.537469e+00
      vertex   6.992985e+01 3.100000e+01 9.582315e+00
      vertex   7.031204e+01 3.084202e+01 8.922563e+00
    endloop
  endfacet
  facet normal -7.851778e-01 2.586897e-01 -5.626504e-01
    outer loop
      vertex   6.987141e+01 3.084202e+01 9.537469e+00
      vertex   7.031204e+01 3.084202e+01 8.922563e+00
      vertex   7.027453e+01 3.067365e+01 8.897498e+00
    endloop
  endfacet
  facet normal -8.202957e-01 2.586897e-01 -5.100927e-01
    outer loop
      vertex   7.027453e+01 3.067365e+01 8.897498e+00
      vertex   7.031204e+01 3.084202e+01 8.922563e+00
      vertex   7.067245e+01 3.067365e+01 8.257596e+00
    endloop
  endfacet
  facet normal -1.508317e-01 9.658912e-01 -2.104853e-01
    outer loop
      vertex   6.754815e+01 3.148481e+01 1.274899e+01
      vertex   6.820381e+01 3.148481e+01 1.227915e+01
      vertex   6.810131e+01 3.143969e+01 1.214557e+01
    endloop
  endfacet
  facet normal -1.642751e-01 9.658912e-01 -2.001698e-01
    outer loop
      vertex   6.810131e+01 3.143969e+01 1.214557e+01
      vertex   6.820381e+01 3.148481e+01 1.227915e+01
      vertex   6.871631e+01 3.143969e+01 1.164085e+01
    endloop
  endfacet
  facet normal -2.682241e-01 9.062211e-01 -3.268321e-01
    outer loop
      vertex   6.810131e+01 3.143969e+01 1.214557e+01
      vertex   6.871631e+01 3.143969e+01 1.164085e+01
      vertex   6.861215e+01 3.136603e+01 1.152208e+01
    endloop
  endfacet
  facet normal -2.890257e-01 9.062211e-01 -3.085896e-01
    outer loop
      vertex   6.861215e+01 3.136603e+01 1.152208e+01
      vertex   6.871631e+01 3.143969e+01 1.164085e+01
      vertex   6.918528e+01 3.136603e+01 1.098528e+01
    endloop
  endfacet
  facet normal -3.922333e-01 8.190077e-01 -4.187833e-01
    outer loop
      vertex   6.861215e+01 3.136603e+01 1.152208e+01
      vertex   6.918528e+01 3.136603e+01 1.098528e+01
      vertex   6.908432e+01 3.126604e+01 1.088432e+01
    endloop
  endfacet
  facet normal -4.187833e-01 8.190077e-01 -3.922333e-01
    outer loop
      vertex   6.908432e+01 3.126604e+01 1.088432e+01
      vertex   6.918528e+01 3.136603e+01 1.098528e+01
      vertex   6.961472e+01 3.126604e+01 1.031800e+01
    endloop
  endfacet
  facet normal -5.162300e-01 7.069174e-01 -4.835022e-01
    outer loop
      vertex   6.908432e+01 3.126604e+01 1.088432e+01
      vertex   6.961472e+01 3.126604e+01 1.031800e+01
      vertex   6.952205e+01 3.114279e+01 1.023673e+01
    endloop
  endfacet
  facet normal -5.467473e-01 7.069174e-01 -4.487039e-01
    outer loop
      vertex   6.952205e+01 3.114279e+01 1.023673e+01
      vertex   6.961472e+01 3.126604e+01 1.031800e+01
      vertex   7.000917e+01 3.114279e+01 9.643179e+00
    endloop
  endfacet
  facet normal -6.333246e-01 5.733703e-01 -5.197561e-01
    outer loop
      vertex   6.952205e+01 3.114279e+01 1.023673e+01
      vertex   7.000917e+01 3.114279e+01 9.643179e+00
      vertex   6.992985e+01 3.100000e+01 9.582315e+00
    endloop
  endfacet
  facet normal -6.659623e-01 5.733703e-01 -4.772218e-01
    outer loop
      vertex   6.992985e+01 3.100000e+01 9.582315e+00
      vertex   7.000917e+01 3.114279e+01 9.643179e+00
      vertex   7.037330e+01 3.100000e+01 8.963490e+00
    endloop
  endfacet
  facet normal -7.367597e-01 4.224324e-01 -5.279545e-01
    outer loop
      vertex   6.992985e+01 3.100000e+01 9.582315e+00
      vertex   7.037330e+01 3.100000e+01 8.963490e+00
      vertex   7.031204e+01 3.084202e+01 8.922563e+00
    endloop
  endfacet
  facet normal -7.697121e-01 4.224324e-01 -4.786378e-01
    outer loop
      vertex   7.031204e+01 3.084202e+01 8.922563e+00
      vertex   7.037330e+01 3.100000e+01 8.963490e+00
      vertex   7.071152e+01 3.084202e+01 8.280154e+00
    endloop
  endfacet
  facet normal -8.202957e-01 2.586897e-01 -5.100927e-01
    outer loop
      vertex   7.031204e+01 3.084202e+01 8.922563e+00
      vertex   7.071152e+01 3.084202e+01 8.280154e+00
      vertex   7.067245e+01 3.067365e+01 8.257596e+00
    endloop
  endfacet
  facet normal -8.519011e-01 2.586897e-01 -4.553506e-01
    outer loop
      vertex   7.067245e+01 3.067365e+01 8.257596e+00
      vertex   7.071152e+01 3.084202e+01 8.280154e+00
      vertex   7.102766e+01 3.067365e+01 7.593039e+00
    endloop
  endfacet
  facet normal -1.642751e-01 9.658912e-01 -2.001698e-01
    outer loop
      vertex   6.820381e+01 3.148481e+01 1.227915e+01
      vertex   6.882733e+01 3.148481e+01 1.176744e+01
      vertex   6.871631e+01 3.143969e+01 1.164085e+01
    endloop
  endfacet
  facet normal -1.770151e-01 9.658912e-01 -1.889971e-01
    outer loop
      vertex   6.871631e+01 3.143969e+01 1.164085e+01
      vertex   6.882733e+01 3.148481e+01 1.176744e+01
      vertex   6.929699e+01 3.143969e+01 1.109699e+01
    endloop
  endfacet
  facet normal -2.890257e-01 9.062211e-01 -3.085896e-01
    outer loop
      vertex   6.871631e+01 3.143969e+01 1.164085e+01
      vertex   6.929699e+01 3.143969e+01 1.109699e+01
      vertex   6.918528e+01 3.136603e+01 1.098528e+01
    endloop
  endfacet
  facet normal -3.085896e-01 9.062211e-01 -2.890257e-01
    outer loop
      vertex   6.918528e+01 3.136603e+01 1.098528e+01
      vertex   6.929699e+01 3.143969e+01 1.109699e+01
      vertex   6.972208e+01 3.136603e+01 1.041215e+01
    endloop
  endfacet
  facet normal -4.187833e-01 8.190077e-01 -3.922333e-01
    outer loop
      vertex   6.918528e+01 3.136603e+01 1.098528e+01
      vertex   6.972208e+01 3.136603e+01 1.041215e+01
      vertex   6.961472e+01 3.126604e+01 1.031800e+01
    endloop
  endfacet
  facet normal -4.435399e-01 8.190077e-01 -3.640038e-01
    outer loop
      vertex   6.961472e+01 3.126604e+01 1.031800e+01
      vertex   6.972208e+01 3.136603e+01 1.041215e+01
      vertex   7.010696e+01 3.126604e+01 9.718213e+00
    endloop
  endfacet
  facet normal -5.467473e-01 7.069174e-01 -4.487039e-01
    outer loop
      vertex   6.961472e+01 3.126604e+01 1.031800e+01
      vertex   7.010696e+01 3.126604e+01 9.718213e+00
      vertex   7.000917e+01 3.114279e+01 9.643179e+00
    endloop
  endfacet
  facet normal -5.749233e-01 7.069174e-01 -4.119842e-01
    outer loop
      vertex   7.000917e+01 3.114279e+01 9.643179e+00
      vertex   7.010696e+01 3.126604e+01 9.718213e+00
      vertex   7.045643e+01 3.114279e+01 9.019036e+00
    endloop
  endfacet
  facet normal -6.659623e-01 5.733703e-01 -4.772218e-01
    outer loop
      vertex   7.000917e+01 3.114279e+01 9.643179e+00
      vertex   7.045643e+01 3.114279e+01 9.019036e+00
      vertex   7.037330e+01 3.100000e+01 8.963490e+00
    endloop
  endfacet
  facet normal -6.957482e-01 5.733703e-01 -4.326441e-01
    outer loop
      vertex   7.037330e+01 3.100000e+01 8.963490e+00
      vertex   7.045643e+01 3.114279e+01 9.019036e+00
      vertex   7.077532e+01 3.100000e+01 8.316987e+00
    endloop
  endfacet
  facet normal -7.697121e-01 4.224324e-01 -4.786378e-01
    outer loop
      vertex   7.037330e+01 3.100000e+01 8.963490e+00
      vertex   7.077532e+01 3.100000e+01 8.316987e+00
      vertex   7.071152e+01 3.084202e+01 8.280154e+00
    endloop
  endfacet
  facet normal -7.993685e-01 4.224324e-01 -4.272714e-01
    outer loop
      vertex   7.071152e+01 3.084202e+01 8.280154e+00
      vertex   7.077532e+01 3.100000e+01 8.316987e+00
      vertex   7.106812e+01 3.084202e+01 7.612993e+00
    endloop
  endfacet
  facet normal -8.519011e-01 2.586897e-01 -4.553506e-01
    outer loop
      vertex   7.071152e+01 3.084202e+01 8.280154e+00
      vertex   7.106812e+01 3.084202e+01 7.612993e+00
      vertex   7.102766e+01 3.067365e+01 7.593039e+00
    endloop
  endfacet
  facet normal -8.798584e-01 2.586897e-01 -3.986587e-01
    outer loop
      vertex   7.102766e+01 3.067365e+01 7.593039e+00
      vertex   7.106812e+01 3.084202e+01 7.612993e+00
      vertex   7.133865e+01 3.067365e+01 6.906673e+00
    endloop
  endfacet
  facet normal -1.770151e-01 9.658912e-01 -1.889971e-01
    outer loop
      vertex   6.882733e+01 3.148481e+01 1.176744e+01
      vertex   6.941605e+01 3.148481e+01 1.121605e+01
      vertex   6.929699e+01 3.143969e+01 1.109699e+01
    endloop
  endfacet
  facet normal -1.889971e-01 9.658912e-01 -1.770151e-01
    outer loop
      vertex   6.929699e+01 3.143969e+01 1.109699e+01
      vertex   6.941605e+01 3.148481e+01 1.121605e+01
      vertex   6.984085e+01 3.143969e+01 1.051631e+01
    endloop
  endfacet
  facet normal -3.085896e-01 9.062211e-01 -2.890257e-01
    outer loop
      vertex   6.929699e+01 3.143969e+01 1.109699e+01
      vertex   6.984085e+01 3.143969e+01 1.051631e+01
      vertex   6.972208e+01 3.136603e+01 1.041215e+01
    endloop
  endfacet
  facet normal -3.268321e-01 9.062211e-01 -2.682241e-01
    outer loop
      vertex   6.972208e+01 3.136603e+01 1.041215e+01
      vertex   6.984085e+01 3.143969e+01 1.051631e+01
      vertex   7.022024e+01 3.136603e+01 9.805137e+00
    endloop
  endfacet
  facet normal -4.435399e-01 8.190077e-01 -3.640038e-01
    outer loop
      vertex   6.972208e+01 3.136603e+01 1.041215e+01
      vertex   7.022024e+01 3.136603e+01 9.805137e+00
      vertex   7.010696e+01 3.126604e+01 9.718213e+00
    endloop
  endfacet
  facet normal -4.663973e-01 8.190077e-01 -3.342155e-01
    outer loop
      vertex   7.010696e+01 3.126604e+01 9.718213e+00
      vertex   7.022024e+01 3.136603e+01 9.805137e+00
      vertex   7.055891e+01 3.126604e+01 9.087514e+00
    endloop
  endfacet
  facet normal -5.749233e-01 7.069174e-01 -4.119842e-01
    outer loop
      vertex   7.010696e+01 3.126604e+01 9.718213e+00
      vertex   7.055891e+01 3.126604e+01 9.087514e+00
      vertex   7.045643e+01 3.114279e+01 9.019036e+00
    endloop
  endfacet
  facet normal -6.006374e-01 7.069174e-01 -3.735003e-01
    outer loop
      vertex   7.045643e+01 3.114279e+01 9.019036e+00
      vertex   7.055891e+01 3.126604e+01 9.087514e+00
      vertex   7.086190e+01 3.114279e+01 8.366978e+00
    endloop
  endfacet
  facet normal -6.957482e-01 5.733703e-01 -4.326441e-01
    outer loop
      vertex   7.045643e+01 3.114279e+01 9.019036e+00
      vertex   7.086190e+01 3.114279e+01 8.366978e+00
      vertex   7.077532e+01 3.100000e+01 8.316987e+00
    endloop
  endfacet
  facet normal -7.225549e-01 5.733703e-01 -3.862136e-01
    outer loop
      vertex   7.077532e+01 3.100000e+01 8.316987e+00
      vertex   7.086190e+01 3.114279e+01 8.366978e+00
      vertex   7.113419e+01 3.100000e+01 7.645575e+00
    endloop
  endfacet
  facet normal -7.993685e-01 4.224324e-01 -4.272714e-01
    outer loop
      vertex   7.077532e+01 3.100000e+01 8.316987e+00
      vertex   7.113419e+01 3.100000e+01 7.645575e+00
      vertex   7.106812e+01 3.084202e+01 7.612993e+00
    endloop
  endfacet
  facet normal -8.256019e-01 4.224324e-01 -3.740754e-01
    outer loop
      vertex   7.106812e+01 3.084202e+01 7.612993e+00
      vertex   7.113419e+01 3.100000e+01 7.645575e+00
      vertex   7.138033e+01 3.084202e+01 6.923938e+00
    endloop
  endfacet
  facet normal -8.798584e-01 2.586897e-01 -3.986587e-01
    outer loop
      vertex   7.106812e+01 3.084202e+01 7.612993e+00
      vertex   7.138033e+01 3.084202e+01 6.923938e+00
      vertex   7.133865e+01 3.067365e+01 6.906673e+00
    endloop
  endfacet
  facet normal -9.040481e-01 2.586897e-01 -3.402596e-01
    outer loop
      vertex   7.133865e+01 3.067365e+01 6.906673e+00
      vertex   7.138033e+01 3.084202e+01 6.923938e+00
      vertex   7.160408e+01 3.067365e+01 6.201437e+00
    endloop
  endfacet
  facet normal -1.889971e-01 9.658912e-01 -1.770151e-01
    outer loop
      vertex   6.941605e+01 3.148481e+01 1.121605e+01
      vertex   6.996744e+01 3.148481e+01 1.062733e+01
      vertex   6.984085e+01 3.143969e+01 1.051631e+01
    endloop
  endfacet
  facet normal -2.001698e-01 9.658912e-01 -1.642751e-01
    outer loop
      vertex   6.984085e+01 3.143969e+01 1.051631e+01
      vertex   6.996744e+01 3.148481e+01 1.062733e+01
      vertex   7.034557e+01 3.143969e+01 9.901309e+00
    endloop
  endfacet
  facet normal -3.268321e-01 9.062211e-01 -2.682241e-01
    outer loop
      vertex   6.984085e+01 3.143969e+01 1.051631e+01
      vertex   7.034557e+01 3.143969e+01 9.901309e+00
      vertex   7.022024e+01 3.136603e+01 9.805137e+00
    endloop
  endfacet
  facet normal -3.436750e-01 9.062211e-01 -2.462740e-01
    outer loop
      vertex   7.022024e+01 3.136603e+01 9.805137e+00
      vertex   7.034557e+01 3.143969e+01 9.901309e+00
      vertex   7.067764e+01 3.136603e+01 9.166843e+00
    endloop
  endfacet
  facet normal -4.663973e-01 8.190077e-01 -3.342155e-01
    outer loop
      vertex   7.022024e+01 3.136603e+01 9.805137e+00
      vertex   7.067764e+01 3.136603e+01 9.166843e+00
      vertex   7.055891e+01 3.126604e+01 9.087514e+00
    endloop
  endfacet
  facet normal -4.872574e-01 8.190077e-01 -3.029961e-01
    outer loop
      vertex   7.055891e+01 3.126604e+01 9.087514e+00
      vertex   7.067764e+01 3.136603e+01 9.166843e+00
      vertex   7.096865e+01 3.126604e+01 8.428606e+00
    endloop
  endfacet
  facet normal -6.006374e-01 7.069174e-01 -3.735003e-01
    outer loop
      vertex   7.055891e+01 3.126604e+01 9.087514e+00
      vertex   7.096865e+01 3.126604e+01 8.428606e+00
      vertex   7.086190e+01 3.114279e+01 8.366978e+00
    endloop
  endfacet
  facet normal -6.237795e-01 7.069174e-01 -3.334171e-01
    outer loop
      vertex   7.086190e+01 3.114279e+01 8.366978e+00
      vertex   7.096865e+01 3.126604e+01 8.428606e+00
      vertex   7.122386e+01 3.114279e+01 7.689796e+00
    endloop
  endfacet
  facet normal -7.225549e-01 5.733703e-01 -3.862136e-01
    outer loop
      vertex   7.086190e+01 3.114279e+01 8.366978e+00
      vertex   7.122386e+01 3.114279e+01 7.689796e+00
      vertex   7.113419e+01 3.100000e+01 7.645575e+00
    endloop
  endfacet
  facet normal -7.462674e-01 5.733703e-01 -3.381294e-01
    outer loop
      vertex   7.113419e+01 3.100000e+01 7.645575e+00
      vertex   7.122386e+01 3.114279e+01 7.689796e+00
      vertex   7.144839e+01 3.100000e+01 6.952129e+00
    endloop
  endfacet
  facet normal -8.256019e-01 4.224324e-01 -3.740754e-01
    outer loop
      vertex   7.113419e+01 3.100000e+01 7.645575e+00
      vertex   7.144839e+01 3.100000e+01 6.952129e+00
      vertex   7.138033e+01 3.084202e+01 6.923938e+00
    endloop
  endfacet
  facet normal -8.482999e-01 4.224324e-01 -3.192775e-01
    outer loop
      vertex   7.138033e+01 3.084202e+01 6.923938e+00
      vertex   7.144839e+01 3.100000e+01 6.952129e+00
      vertex   7.164680e+01 3.084202e+01 6.215939e+00
    endloop
  endfacet
  facet normal -9.040481e-01 2.586897e-01 -3.402596e-01
    outer loop
      vertex   7.138033e+01 3.084202e+01 6.923938e+00
      vertex   7.164680e+01 3.084202e+01 6.215939e+00
      vertex   7.160408e+01 3.067365e+01 6.201437e+00
    endloop
  endfacet
  facet normal -9.243665e-01 2.586897e-01 -2.804035e-01
    outer loop
      vertex   7.160408e+01 3.067365e+01 6.201437e+00
      vertex   7.164680e+01 3.084202e+01 6.215939e+00
      vertex   7.182282e+01 3.067365e+01 5.480351e+00
    endloop
  endfacet
  facet normal -2.001698e-01 9.658912e-01 -1.642751e-01
    outer loop
      vertex   6.996744e+01 3.148481e+01 1.062733e+01
      vertex   7.047915e+01 3.148481e+01 1.000381e+01
      vertex   7.034557e+01 3.143969e+01 9.901309e+00
    endloop
  endfacet
  facet normal -2.104853e-01 9.658912e-01 -1.508317e-01
    outer loop
      vertex   7.034557e+01 3.143969e+01 9.901309e+00
      vertex   7.047915e+01 3.148481e+01 1.000381e+01
      vertex   7.080899e+01 3.143969e+01 9.254612e+00
    endloop
  endfacet
  facet normal -3.436750e-01 9.062211e-01 -2.462740e-01
    outer loop
      vertex   7.034557e+01 3.143969e+01 9.901309e+00
      vertex   7.080899e+01 3.143969e+01 9.254612e+00
      vertex   7.067764e+01 3.136603e+01 9.166843e+00
    endloop
  endfacet
  facet normal -3.590462e-01 9.062211e-01 -2.232693e-01
    outer loop
      vertex   7.067764e+01 3.136603e+01 9.166843e+00
      vertex   7.080899e+01 3.143969e+01 9.254612e+00
      vertex   7.109230e+01 3.136603e+01 8.500000e+00
    endloop
  endfacet
  facet normal -4.872574e-01 8.190077e-01 -3.029961e-01
    outer loop
      vertex   7.067764e+01 3.136603e+01 9.166843e+00
      vertex   7.109230e+01 3.136603e+01 8.500000e+00
      vertex   7.096865e+01 3.126604e+01 8.428606e+00
    endloop
  endfacet
  facet normal -5.060310e-01 8.190077e-01 -2.704792e-01
    outer loop
      vertex   7.096865e+01 3.126604e+01 8.428606e+00
      vertex   7.109230e+01 3.136603e+01 8.500000e+00
      vertex   7.133441e+01 3.126604e+01 7.744311e+00
    endloop
  endfacet
  facet normal -6.237795e-01 7.069174e-01 -3.334171e-01
    outer loop
      vertex   7.096865e+01 3.126604e+01 8.428606e+00
      vertex   7.133441e+01 3.126604e+01 7.744311e+00
      vertex   7.122386e+01 3.114279e+01 7.689796e+00
    endloop
  endfacet
  facet normal -6.442504e-01 7.069174e-01 -2.919061e-01
    outer loop
      vertex   7.122386e+01 3.114279e+01 7.689796e+00
      vertex   7.133441e+01 3.126604e+01 7.744311e+00
      vertex   7.154076e+01 3.114279e+01 6.990390e+00
    endloop
  endfacet
  facet normal -7.462674e-01 5.733703e-01 -3.381294e-01
    outer loop
      vertex   7.122386e+01 3.114279e+01 7.689796e+00
      vertex   7.154076e+01 3.114279e+01 6.990390e+00
      vertex   7.144839e+01 3.100000e+01 6.952129e+00
    endloop
  endfacet
  facet normal -7.667843e-01 5.733703e-01 -2.885972e-01
    outer loop
      vertex   7.144839e+01 3.100000e+01 6.952129e+00
      vertex   7.154076e+01 3.114279e+01 6.990390e+00
      vertex   7.171656e+01 3.100000e+01 6.239618e+00
    endloop
  endfacet
  facet normal -8.482999e-01 4.224324e-01 -3.192775e-01
    outer loop
      vertex   7.144839e+01 3.100000e+01 6.952129e+00
      vertex   7.171656e+01 3.100000e+01 6.239618e+00
      vertex   7.164680e+01 3.084202e+01 6.215939e+00
    endloop
  endfacet
  facet normal -8.673654e-01 4.224324e-01 -2.631124e-01
    outer loop
      vertex   7.164680e+01 3.084202e+01 6.215939e+00
      vertex   7.171656e+01 3.100000e+01 6.239618e+00
      vertex   7.186640e+01 3.084202e+01 5.492028e+00
    endloop
  endfacet
  facet normal -9.243665e-01 2.586897e-01 -2.804035e-01
    outer loop
      vertex   7.164680e+01 3.084202e+01 6.215939e+00
      vertex   7.186640e+01 3.084202e+01 5.492028e+00
      vertex   7.182282e+01 3.067365e+01 5.480351e+00
    endloop
  endfacet
  facet normal -9.407267e-01 2.586897e-01 -2.193467e-01
    outer loop
      vertex   7.182282e+01 3.067365e+01 5.480351e+00
      vertex   7.186640e+01 3.084202e+01 5.492028e+00
      vertex   7.199393e+01 3.067365e+01 4.746502e+00
    endloop
  endfacet
  facet normal -2.104853e-01 9.658912e-01 -1.508317e-01
    outer loop
      vertex   7.047915e+01 3.148481e+01 1.000381e+01
      vertex   7.094899e+01 3.148481e+01 9.348154e+00
      vertex   7.080899e+01 3.143969e+01 9.254612e+00
    endloop
  endfacet
  facet normal -2.198995e-01 9.658912e-01 -1.367423e-01
    outer loop
      vertex   7.080899e+01 3.143969e+01 9.254612e+00
      vertex   7.094899e+01 3.148481e+01 9.348154e+00
      vertex   7.122912e+01 3.143969e+01 8.578990e+00
    endloop
  endfacet
  facet normal -3.590462e-01 9.062211e-01 -2.232693e-01
    outer loop
      vertex   7.080899e+01 3.143969e+01 9.254612e+00
      vertex   7.122912e+01 3.143969e+01 8.578990e+00
      vertex   7.109230e+01 3.136603e+01 8.500000e+00
    endloop
  endfacet
  facet normal -3.728800e-01 9.062211e-01 -1.993085e-01
    outer loop
      vertex   7.109230e+01 3.136603e+01 8.500000e+00
      vertex   7.122912e+01 3.143969e+01 8.578990e+00
      vertex   7.146247e+01 3.136603e+01 7.807464e+00
    endloop
  endfacet
  facet normal -5.060310e-01 8.190077e-01 -2.704792e-01
    outer loop
      vertex   7.109230e+01 3.136603e+01 8.500000e+00
      vertex   7.146247e+01 3.136603e+01 7.807464e+00
      vertex   7.133441e+01 3.126604e+01 7.744311e+00
    endloop
  endfacet
  facet normal -5.226378e-01 8.190077e-01 -2.368041e-01
    outer loop
      vertex   7.133441e+01 3.126604e+01 7.744311e+00
      vertex   7.146247e+01 3.136603e+01 7.807464e+00
      vertex   7.165464e+01 3.126604e+01 7.037559e+00
    endloop
  endfacet
  facet normal -6.442504e-01 7.069174e-01 -2.919061e-01
    outer loop
      vertex   7.133441e+01 3.126604e+01 7.744311e+00
      vertex   7.165464e+01 3.126604e+01 7.037559e+00
      vertex   7.154076e+01 3.114279e+01 6.990390e+00
    endloop
  endfacet
  facet normal -6.619626e-01 7.069174e-01 -2.491451e-01
    outer loop
      vertex   7.154076e+01 3.114279e+01 6.990390e+00
      vertex   7.165464e+01 3.126604e+01 7.037559e+00
      vertex   7.181124e+01 3.114279e+01 6.271756e+00
    endloop
  endfacet
  facet normal -7.667843e-01 5.733703e-01 -2.885972e-01
    outer loop
      vertex   7.154076e+01 3.114279e+01 6.990390e+00
      vertex   7.181124e+01 3.114279e+01 6.271756e+00
      vertex   7.171656e+01 3.100000e+01 6.239618e+00
    endloop
  endfacet
  facet normal -7.840177e-01 5.733703e-01 -2.378292e-01
    outer loop
      vertex   7.171656e+01 3.100000e+01 6.239618e+00
      vertex   7.181124e+01 3.114279e+01 6.271756e+00
      vertex   7.193756e+01 3.100000e+01 5.511094e+00
    endloop
  endfacet
  facet normal -8.673654e-01 4.224324e-01 -2.631124e-01
    outer loop
      vertex   7.171656e+01 3.100000e+01 6.239618e+00
      vertex   7.193756e+01 3.100000e+01 5.511094e+00
      vertex   7.186640e+01 3.084202e+01 5.492028e+00
    endloop
  endfacet
  facet normal -8.827167e-01 4.224324e-01 -2.058207e-01
    outer loop
      vertex   7.186640e+01 3.084202e+01 5.492028e+00
      vertex   7.193756e+01 3.100000e+01 5.511094e+00
      vertex   7.203818e+01 3.084202e+01 4.755304e+00
    endloop
  endfacet
  facet normal -9.407267e-01 2.586897e-01 -2.193467e-01
    outer loop
      vertex   7.186640e+01 3.084202e+01 5.492028e+00
      vertex   7.203818e+01 3.084202e+01 4.755304e+00
      vertex   7.199393e+01 3.067365e+01 4.746502e+00
    endloop
  endfacet
  facet normal -9.530584e-01 2.586897e-01 -1.573506e-01
    outer loop
      vertex   7.199393e+01 3.067365e+01 4.746502e+00
      vertex   7.203818e+01 3.084202e+01 4.755304e+00
      vertex   7.211668e+01 3.067365e+01 4.003034e+00
    endloop
  endfacet
  facet normal -2.198995e-01 9.658912e-01 -1.367423e-01
    outer loop
      vertex   7.094899e+01 3.148481e+01 9.348154e+00
      vertex   7.137493e+01 3.148481e+01 8.663176e+00
      vertex   7.122912e+01 3.143969e+01 8.578990e+00
    endloop
  endfacet
  facet normal -2.283721e-01 9.658912e-01 -1.220674e-01
    outer loop
      vertex   7.122912e+01 3.143969e+01 8.578990e+00
      vertex   7.137493e+01 3.148481e+01 8.663176e+00
      vertex   7.160416e+01 3.143969e+01 7.877337e+00
    endloop
  endfacet
  facet normal -3.728800e-01 9.062211e-01 -1.993085e-01
    outer loop
      vertex   7.122912e+01 3.143969e+01 8.578990e+00
      vertex   7.160416e+01 3.143969e+01 7.877337e+00
      vertex   7.146247e+01 3.136603e+01 7.807464e+00
    endloop
  endfacet
  facet normal -3.851170e-01 9.062211e-01 -1.744943e-01
    outer loop
      vertex   7.146247e+01 3.136603e+01 7.807464e+00
      vertex   7.160416e+01 3.143969e+01 7.877337e+00
      vertex   7.178655e+01 3.136603e+01 7.092201e+00
    endloop
  endfacet
  facet normal -5.226378e-01 8.190077e-01 -2.368041e-01
    outer loop
      vertex   7.146247e+01 3.136603e+01 7.807464e+00
      vertex   7.178655e+01 3.136603e+01 7.092201e+00
      vertex   7.165464e+01 3.126604e+01 7.037559e+00
    endloop
  endfacet
  facet normal -5.370065e-01 8.190077e-01 -2.021149e-01
    outer loop
      vertex   7.165464e+01 3.126604e+01 7.037559e+00
      vertex   7.178655e+01 3.136603e+01 7.092201e+00
      vertex   7.192795e+01 3.126604e+01 6.311376e+00
    endloop
  endfacet
  facet normal -6.619626e-01 7.069174e-01 -2.491451e-01
    outer loop
      vertex   7.165464e+01 3.126604e+01 7.037559e+00
      vertex   7.192795e+01 3.126604e+01 6.311376e+00
      vertex   7.181124e+01 3.114279e+01 6.271756e+00
    endloop
  endfacet
  facet normal -6.768402e-01 7.069174e-01 -2.053172e-01
    outer loop
      vertex   7.181124e+01 3.114279e+01 6.271756e+00
      vertex   7.192795e+01 3.126604e+01 6.311376e+00
      vertex   7.203413e+01 3.114279e+01 5.536971e+00
    endloop
  endfacet
  facet normal -7.840177e-01 5.733703e-01 -2.378292e-01
    outer loop
      vertex   7.181124e+01 3.114279e+01 6.271756e+00
      vertex   7.203413e+01 3.114279e+01 5.536971e+00
      vertex   7.193756e+01 3.100000e+01 5.511094e+00
    endloop
  endfacet
  facet normal -7.978938e-01 5.733703e-01 -1.860427e-01
    outer loop
      vertex   7.193756e+01 3.100000e+01 5.511094e+00
      vertex   7.203413e+01 3.114279e+01 5.536971e+00
      vertex   7.211043e+01 3.100000e+01 4.769676e+00
    endloop
  endfacet
  facet normal -8.827167e-01 4.224324e-01 -2.058207e-01
    outer loop
      vertex   7.193756e+01 3.100000e+01 5.511094e+00
      vertex   7.211043e+01 3.100000e+01 4.769676e+00
      vertex   7.203818e+01 3.084202e+01 4.755304e+00
    endloop
  endfacet
  facet normal -8.942880e-01 4.224324e-01 -1.476476e-01
    outer loop
      vertex   7.203818e+01 3.084202e+01 4.755304e+00
      vertex   7.211043e+01 3.100000e+01 4.769676e+00
      vertex   7.216141e+01 3.084202e+01 4.008923e+00
    endloop
  endfacet
  facet normal -9.530584e-01 2.586897e-01 -1.573506e-01
    outer loop
      vertex   7.203818e+01 3.084202e+01 4.755304e+00
      vertex   7.216141e+01 3.084202e+01 4.008923e+00
      vertex   7.211668e+01 3.067365e+01 4.003034e+00
    endloop
  endfacet
  facet normal -9.613091e-01 2.586897e-01 -9.468068e-02
    outer loop
      vertex   7.211668e+01 3.067365e+01 4.003034e+00
      vertex   7.216141e+01 3.084202e+01 4.008923e+00
      vertex   7.219054e+01 3.067365e+01 3.253130e+00
    endloop
  endfacet
  facet normal -2.283721e-01 9.658912e-01 -1.220674e-01
    outer loop
      vertex   7.137493e+01 3.148481e+01 8.663176e+00
      vertex   7.175517e+01 3.148481e+01 7.951806e+00
      vertex   7.160416e+01 3.143969e+01 7.877337e+00
    endloop
  endfacet
  facet normal -2.358667e-01 9.658912e-01 -1.068698e-01
    outer loop
      vertex   7.160416e+01 3.143969e+01 7.877337e+00
      vertex   7.175517e+01 3.148481e+01 7.951806e+00
      vertex   7.193251e+01 3.143969e+01 7.152657e+00
    endloop
  endfacet
  facet normal -3.851170e-01 9.062211e-01 -1.744943e-01
    outer loop
      vertex   7.160416e+01 3.143969e+01 7.877337e+00
      vertex   7.193251e+01 3.143969e+01 7.152657e+00
      vertex   7.178655e+01 3.136603e+01 7.092201e+00
    endloop
  endfacet
  facet normal -3.957050e-01 9.062211e-01 -1.489328e-01
    outer loop
      vertex   7.178655e+01 3.136603e+01 7.092201e+00
      vertex   7.193251e+01 3.143969e+01 7.152657e+00
      vertex   7.206316e+01 3.136603e+01 6.357274e+00
    endloop
  endfacet
  facet normal -5.370065e-01 8.190077e-01 -2.021149e-01
    outer loop
      vertex   7.178655e+01 3.136603e+01 7.092201e+00
      vertex   7.206316e+01 3.136603e+01 6.357274e+00
      vertex   7.192795e+01 3.126604e+01 6.311376e+00
    endloop
  endfacet
  facet normal -5.490757e-01 8.190077e-01 -1.665603e-01
    outer loop
      vertex   7.192795e+01 3.126604e+01 6.311376e+00
      vertex   7.206316e+01 3.136603e+01 6.357274e+00
      vertex   7.215319e+01 3.126604e+01 5.568872e+00
    endloop
  endfacet
  facet normal -6.768402e-01 7.069174e-01 -2.053172e-01
    outer loop
      vertex   7.192795e+01 3.126604e+01 6.311376e+00
      vertex   7.215319e+01 3.126604e+01 5.568872e+00
      vertex   7.203413e+01 3.114279e+01 5.536971e+00
    endloop
  endfacet
  facet normal -6.888194e-01 7.069174e-01 -1.606102e-01
    outer loop
      vertex   7.203413e+01 3.114279e+01 5.536971e+00
      vertex   7.215319e+01 3.126604e+01 5.568872e+00
      vertex   7.220849e+01 3.114279e+01 4.789181e+00
    endloop
  endfacet
  facet normal -7.978938e-01 5.733703e-01 -1.860427e-01
    outer loop
      vertex   7.203413e+01 3.114279e+01 5.536971e+00
      vertex   7.220849e+01 3.114279e+01 4.789181e+00
      vertex   7.211043e+01 3.100000e+01 4.769676e+00
    endloop
  endfacet
  facet normal -8.083533e-01 5.733703e-01 -1.334597e-01
    outer loop
      vertex   7.211043e+01 3.100000e+01 4.769676e+00
      vertex   7.220849e+01 3.114279e+01 4.789181e+00
      vertex   7.223444e+01 3.100000e+01 4.018538e+00
    endloop
  endfacet
  facet normal -8.942880e-01 4.224324e-01 -1.476476e-01
    outer loop
      vertex   7.211043e+01 3.100000e+01 4.769676e+00
      vertex   7.223444e+01 3.100000e+01 4.018538e+00
      vertex   7.216141e+01 3.084202e+01 4.008923e+00
    endloop
  endfacet
  facet normal -9.020299e-01 4.224324e-01 -8.884219e-02
    outer loop
      vertex   7.216141e+01 3.084202e+01 4.008923e+00
      vertex   7.223444e+01 3.100000e+01 4.018538e+00
      vertex   7.223556e+01 3.084202e+01 3.256080e+00
    endloop
  endfacet
  facet normal -9.613091e-01 2.586897e-01 -9.468068e-02
    outer loop
      vertex   7.216141e+01 3.084202e+01 4.008923e+00
      vertex   7.223556e+01 3.084202e+01 3.256080e+00
      vertex   7.219054e+01 3.067365e+01 3.253130e+00
    endloop
  endfacet
  facet normal -2.358667e-01 9.658912e-01 -1.068698e-01
    outer loop
      vertex   7.175517e+01 3.148481e+01 7.951806e+00
      vertex   7.208806e+01 3.148481e+01 7.217091e+00
      vertex   7.193251e+01 3.143969e+01 7.152657e+00
    endloop
  endfacet
  facet normal -2.423513e-01 9.658912e-01 -9.121459e-02
    outer loop
      vertex   7.193251e+01 3.143969e+01 7.152657e+00
      vertex   7.208806e+01 3.148481e+01 7.217091e+00
      vertex   7.221276e+01 3.143969e+01 6.408054e+00
    endloop
  endfacet
  facet normal -3.957050e-01 9.062211e-01 -1.489328e-01
    outer loop
      vertex   7.193251e+01 3.143969e+01 7.152657e+00
      vertex   7.221276e+01 3.143969e+01 6.408054e+00
      vertex   7.206316e+01 3.136603e+01 6.357274e+00
    endloop
  endfacet
  facet normal -4.045984e-01 9.062211e-01 -1.227336e-01
    outer loop
      vertex   7.206316e+01 3.136603e+01 6.357274e+00
      vertex   7.221276e+01 3.143969e+01 6.408054e+00
      vertex   7.229111e+01 3.136603e+01 5.605828e+00
    endloop
  endfacet
  facet normal -5.490757e-01 8.190077e-01 -1.665603e-01
    outer loop
      vertex   7.206316e+01 3.136603e+01 6.357274e+00
      vertex   7.229111e+01 3.136603e+01 5.605828e+00
      vertex   7.215319e+01 3.126604e+01 5.568872e+00
    endloop
  endfacet
  facet normal -5.587936e-01 8.190077e-01 -1.302924e-01
    outer loop
      vertex   7.215319e+01 3.126604e+01 5.568872e+00
      vertex   7.229111e+01 3.136603e+01 5.605828e+00
      vertex   7.232938e+01 3.126604e+01 4.813227e+00
    endloop
  endfacet
  facet normal -6.888194e-01 7.069174e-01 -1.606102e-01
    outer loop
      vertex   7.215319e+01 3.126604e+01 5.568872e+00
      vertex   7.232938e+01 3.126604e+01 4.813227e+00
      vertex   7.220849e+01 3.114279e+01 4.789181e+00
    endloop
  endfacet
  facet normal -6.978490e-01 7.069174e-01 -1.152153e-01
    outer loop
      vertex   7.220849e+01 3.114279e+01 4.789181e+00
      vertex   7.232938e+01 3.126604e+01 4.813227e+00
      vertex   7.233357e+01 3.114279e+01 4.031588e+00
    endloop
  endfacet
  facet normal -8.083533e-01 5.733703e-01 -1.334597e-01
    outer loop
      vertex   7.220849e+01 3.114279e+01 4.789181e+00
      vertex   7.233357e+01 3.114279e+01 4.031588e+00
      vertex   7.223444e+01 3.100000e+01 4.018538e+00
    endloop
  endfacet
  facet normal -8.153512e-01 5.733703e-01 -8.030508e-02
    outer loop
      vertex   7.223444e+01 3.100000e+01 4.018538e+00
      vertex   7.233357e+01 3.114279e+01 4.031588e+00
      vertex   7.230907e+01 3.100000e+01 3.260898e+00
    endloop
  endfacet
  facet normal -9.020299e-01 4.224324e-01 -8.884219e-02
    outer loop
      vertex   7.223444e+01 3.100000e+01 4.018538e+00
      vertex   7.230907e+01 3.100000e+01 3.260898e+00
      vertex   7.223556e+01 3.084202e+01 3.256080e+00
    endloop
  endfacet
  facet normal -2.423513e-01 9.658912e-01 -9.121459e-02
    outer loop
      vertex   7.208806e+01 3.148481e+01 7.217091e+00
      vertex   7.237219e+01 3.148481e+01 6.462176e+00
      vertex   7.221276e+01 3.143969e+01 6.408054e+00
    endloop
  endfacet
  facet normal -2.477982e-01 9.658912e-01 -7.516875e-02
    outer loop
      vertex   7.221276e+01 3.143969e+01 6.408054e+00
      vertex   7.237219e+01 3.148481e+01 6.462176e+00
      vertex   7.244371e+01 3.143969e+01 5.646717e+00
    endloop
  endfacet
  facet normal -4.045984e-01 9.062211e-01 -1.227336e-01
    outer loop
      vertex   7.221276e+01 3.143969e+01 6.408054e+00
      vertex   7.244371e+01 3.143969e+01 5.646717e+00
      vertex   7.229111e+01 3.136603e+01 5.605828e+00
    endloop
  endfacet
  facet normal -4.117593e-01 9.062211e-01 -9.600880e-02
    outer loop
      vertex   7.229111e+01 3.136603e+01 5.605828e+00
      vertex   7.244371e+01 3.143969e+01 5.646717e+00
      vertex   7.246942e+01 3.136603e+01 4.841084e+00
    endloop
  endfacet
  facet normal -5.587936e-01 8.190077e-01 -1.302924e-01
    outer loop
      vertex   7.229111e+01 3.136603e+01 5.605828e+00
      vertex   7.246942e+01 3.136603e+01 4.841084e+00
      vertex   7.232938e+01 3.126604e+01 4.813227e+00
    endloop
  endfacet
  facet normal -5.661187e-01 8.190077e-01 -9.346658e-02
    outer loop
      vertex   7.232938e+01 3.126604e+01 4.813227e+00
      vertex   7.246942e+01 3.136603e+01 4.841084e+00
      vertex   7.245577e+01 3.126604e+01 4.047677e+00
    endloop
  endfacet
  facet normal -6.978490e-01 7.069174e-01 -1.152153e-01
    outer loop
      vertex   7.232938e+01 3.126604e+01 4.813227e+00
      vertex   7.245577e+01 3.126604e+01 4.047677e+00
      vertex   7.233357e+01 3.114279e+01 4.031588e+00
    endloop
  endfacet
  facet normal -7.038903e-01 7.069174e-01 -6.932714e-02
    outer loop
      vertex   7.233357e+01 3.114279e+01 4.031588e+00
      vertex   7.245577e+01 3.126604e+01 4.047677e+00
      vertex   7.240883e+01 3.114279e+01 3.267437e+00
    endloop
  endfacet
  facet normal -8.153512e-01 5.733703e-01 -8.030508e-02
    outer loop
      vertex   7.233357e+01 3.114279e+01 4.031588e+00
      vertex   7.240883e+01 3.114279e+01 3.267437e+00
      vertex   7.230907e+01 3.100000e+01 3.260898e+00
    endloop
  endfacet
  facet normal -2.477982e-01 9.658912e-01 -7.516875e-02
    outer loop
      vertex   7.237219e+01 3.148481e+01 6.462176e+00
      vertex   7.260634e+01 3.148481e+01 5.690295e+00
      vertex   7.244371e+01 3.143969e+01 5.646717e+00
    endloop
  endfacet
  facet normal -2.521839e-01 9.658912e-01 -5.880103e-02
    outer loop
      vertex   7.244371e+01 3.143969e+01 5.646717e+00
      vertex   7.260634e+01 3.148481e+01 5.690295e+00
      vertex   7.262437e+01 3.143969e+01 4.871904e+00
    endloop
  endfacet
  facet normal -4.117593e-01 9.062211e-01 -9.600880e-02
    outer loop
      vertex   7.244371e+01 3.143969e+01 5.646717e+00
      vertex   7.262437e+01 3.143969e+01 4.871904e+00
      vertex   7.246942e+01 3.136603e+01 4.841084e+00
    endloop
  endfacet
  facet normal -4.171569e-01 9.062211e-01 -6.887289e-02
    outer loop
      vertex   7.246942e+01 3.136603e+01 4.841084e+00
      vertex   7.262437e+01 3.143969e+01 4.871904e+00
      vertex   7.259734e+01 3.136603e+01 4.066314e+00
    endloop
  endfacet
  facet normal -5.661187e-01 8.190077e-01 -9.346658e-02
    outer loop
      vertex   7.246942e+01 3.136603e+01 4.841084e+00
      vertex   7.259734e+01 3.136603e+01 4.066314e+00
      vertex   7.245577e+01 3.126604e+01 4.047677e+00
    endloop
  endfacet
  facet normal -5.710196e-01 8.190077e-01 -5.624053e-02
    outer loop
      vertex   7.245577e+01 3.126604e+01 4.047677e+00
      vertex   7.259734e+01 3.136603e+01 4.066314e+00
      vertex   7.253183e+01 3.126604e+01 3.275499e+00
    endloop
  endfacet
  facet normal -7.038903e-01 7.069174e-01 -6.932714e-02
    outer loop
      vertex   7.245577e+01 3.126604e+01 4.047677e+00
      vertex   7.253183e+01 3.126604e+01 3.275499e+00
      vertex   7.240883e+01 3.114279e+01 3.267437e+00
    endloop
  endfacet
  facet normal -2.521839e-01 9.658912e-01 -5.880103e-02
    outer loop
      vertex   7.260634e+01 3.148481e+01 5.690295e+00
      vertex   7.278950e+01 3.148481e+01 4.904752e+00
      vertex   7.262437e+01 3.143969e+01 4.871904e+00
    endloop
  endfacet
  facet normal -2.554897e-01 9.658912e-01 -4.218152e-02
    outer loop
      vertex   7.262437e+01 3.143969e+01 4.871904e+00
      vertex   7.278950e+01 3.148481e+01 4.904752e+00
      vertex   7.275397e+01 3.143969e+01 4.086935e+00
    endloop
  endfacet
  facet normal -4.171569e-01 9.062211e-01 -6.887289e-02
    outer loop
      vertex   7.262437e+01 3.143969e+01 4.871904e+00
      vertex   7.275397e+01 3.143969e+01 4.086935e+00
      vertex   7.259734e+01 3.136603e+01 4.066314e+00
    endloop
  endfacet
  facet normal -4.207683e-01 9.062211e-01 -4.144206e-02
    outer loop
      vertex   7.259734e+01 3.136603e+01 4.066314e+00
      vertex   7.275397e+01 3.143969e+01 4.086935e+00
      vertex   7.267431e+01 3.136603e+01 3.284837e+00
    endloop
  endfacet
  facet normal -5.710196e-01 8.190077e-01 -5.624053e-02
    outer loop
      vertex   7.259734e+01 3.136603e+01 4.066314e+00
      vertex   7.267431e+01 3.136603e+01 3.284837e+00
      vertex   7.253183e+01 3.126604e+01 3.275499e+00
    endloop
  endfacet
  facet normal -4.207683e-01 9.062211e-01 -4.144206e-02
    outer loop
      vertex   7.283195e+01 3.143969e+01 3.295170e+00
      vertex   7.267431e+01 3.136603e+01 3.284837e+00
      vertex   7.275397e+01 3.143969e+01 4.086935e+00
    endloop
  endfacet
  facet normal -6.786597e-10 5.783399e-02 -9.983262e-01
    outer loop
      vertex   4.920000e+01 3.050000e+01 2.500000e+00
      vertex   -5.600000e+00 3.050000e+01 2.500000e+00
      vertex   4.919331e+01 3.061552e+01 2.506692e+00
    endloop
  endfacet
  facet normal -1.113068e-04 1.103714e-01 -9.938904e-01
    outer loop
      vertex   4.919331e+01 3.061552e+01 2.506692e+00
      vertex   -5.600000e+00 3.050000e+01 2.500000e+00
      vertex   3.093333e+01 3.067365e+01 2.515192e+00
    endloop
  endfacet
  facet normal -1.176998e-19 1.446914e-01 -9.894768e-01
    outer loop
      vertex   4.919331e+01 3.061552e+01 2.506692e+00
      vertex   3.093333e+01 3.067365e+01 2.515192e+00
      vertex   3.458667e+01 3.067365e+01 2.515192e+00
    endloop
  endfacet
  facet normal 0.000000e+00 2.588190e-01 -9.659258e-01
    outer loop
      vertex   3.458667e+01 3.067365e+01 2.515192e+00
      vertex   3.093333e+01 3.067365e+01 2.515192e+00
      vertex   3.458667e+01 3.084202e+01 2.560307e+00
    endloop
  endfacet
  facet normal 1.168364e-16 2.588190e-01 -9.659258e-01
    outer loop
      vertex   3.458667e+01 3.067365e+01 2.515192e+00
      vertex   3.458667e+01 3.084202e+01 2.560307e+00
      vertex   3.824000e+01 3.084202e+01 2.560307e+00
    endloop
  endfacet
  facet normal 1.101683e-16 4.226183e-01 -9.063078e-01
    outer loop
      vertex   3.824000e+01 3.084202e+01 2.560307e+00
      vertex   3.458667e+01 3.084202e+01 2.560307e+00
      vertex   3.824000e+01 3.100000e+01 2.633975e+00
    endloop
  endfacet
  facet normal -2.991669e-19 4.226183e-01 -9.063078e-01
    outer loop
      vertex   3.824000e+01 3.084202e+01 2.560307e+00
      vertex   3.824000e+01 3.100000e+01 2.633975e+00
      vertex   4.189333e+01 3.100000e+01 2.633975e+00
    endloop
  endfacet
  facet normal 0.000000e+00 5.735764e-01 -8.191520e-01
    outer loop
      vertex   4.189333e+01 3.100000e+01 2.633975e+00
      vertex   3.824000e+01 3.100000e+01 2.633975e+00
      vertex   4.189333e+01 3.114279e+01 2.733955e+00
    endloop
  endfacet
  facet normal -1.110453e-18 5.735764e-01 -8.191520e-01
    outer loop
      vertex   4.189333e+01 3.100000e+01 2.633975e+00
      vertex   4.189333e+01 3.114279e+01 2.733955e+00
      vertex   4.554667e+01 3.114279e+01 2.733955e+00
    endloop
  endfacet
  facet normal 0.000000e+00 7.071068e-01 -7.071068e-01
    outer loop
      vertex   4.554667e+01 3.114279e+01 2.733955e+00
      vertex   4.189333e+01 3.114279e+01 2.733955e+00
      vertex   4.554667e+01 3.126604e+01 2.857212e+00
    endloop
  endfacet
  facet normal -1.011822e-03 7.071064e-01 -7.071064e-01
    outer loop
      vertex   4.554667e+01 3.114279e+01 2.733955e+00
      vertex   4.554667e+01 3.126604e+01 2.857212e+00
      vertex   4.892974e+01 3.118711e+01 2.773441e+00
    endloop
  endfacet
  facet normal -3.273490e-04 7.211917e-01 -6.927354e-01
    outer loop
      vertex   4.892974e+01 3.118711e+01 2.773441e+00
      vertex   4.554667e+01 3.126604e+01 2.857212e+00
      vertex   4.886204e+01 3.125383e+01 2.842930e+00
    endloop
  endfacet
  facet normal 4.736132e-04 8.116425e-01 -5.841543e-01
    outer loop
      vertex   4.886204e+01 3.125383e+01 2.842930e+00
      vertex   4.554667e+01 3.126604e+01 2.857212e+00
      vertex   4.871695e+01 3.136207e+01 2.993197e+00
    endloop
  endfacet
  facet normal -2.075562e-04 8.191520e-01 -5.735764e-01
    outer loop
      vertex   4.871695e+01 3.136207e+01 2.993197e+00
      vertex   4.554667e+01 3.126604e+01 2.857212e+00
      vertex   4.554667e+01 3.136603e+01 3.000000e+00
    endloop
  endfacet
  facet normal 2.116803e-04 9.039730e-01 -4.275895e-01
    outer loop
      vertex   4.871695e+01 3.136207e+01 2.993197e+00
      vertex   4.554667e+01 3.136603e+01 3.000000e+00
      vertex   4.856296e+01 3.143849e+01 3.154685e+00
    endloop
  endfacet
  facet normal -9.934770e-05 9.063078e-01 -4.226183e-01
    outer loop
      vertex   4.856296e+01 3.143849e+01 3.154685e+00
      vertex   4.554667e+01 3.136603e+01 3.000000e+00
      vertex   4.554667e+01 3.143969e+01 3.157980e+00
    endloop
  endfacet
  facet normal 9.957740e-05 9.650598e-01 -2.620299e-01
    outer loop
      vertex   4.856296e+01 3.143849e+01 3.154685e+00
      vertex   4.554667e+01 3.143969e+01 3.157980e+00
      vertex   4.840443e+01 3.148423e+01 3.323090e+00
    endloop
  endfacet
  facet normal -9.942806e-05 9.659258e-01 -2.588190e-01
    outer loop
      vertex   4.840443e+01 3.148423e+01 3.323090e+00
      vertex   4.554667e+01 3.143969e+01 3.157980e+00
      vertex   4.554667e+01 3.148481e+01 3.326352e+00
    endloop
  endfacet
  facet normal 9.827136e-05 9.958572e-01 -9.093128e-02
    outer loop
      vertex   4.840443e+01 3.148423e+01 3.323090e+00
      vertex   4.554667e+01 3.148481e+01 3.326352e+00
      vertex   4.824418e+01 3.149999e+01 3.495540e+00
    endloop
  endfacet
  facet normal -5.187816e-03 9.999619e-01 -7.018887e-03
    outer loop
      vertex   4.824418e+01 3.149999e+01 3.495540e+00
      vertex   4.554667e+01 3.148481e+01 3.326352e+00
      vertex   4.824006e+01 3.150000e+01 3.500000e+00
    endloop
  endfacet
  facet normal -3.035565e-19 9.961947e-01 -8.715574e-02
    outer loop
      vertex   4.824006e+01 3.150000e+01 3.500000e+00
      vertex   4.554667e+01 3.148481e+01 3.326352e+00
      vertex   4.189333e+01 3.148481e+01 3.326352e+00
    endloop
  endfacet
  facet normal -3.035565e-19 9.961947e-01 -8.715574e-02
    outer loop
      vertex   4.824006e+01 3.150000e+01 3.500000e+00
      vertex   4.189333e+01 3.148481e+01 3.326352e+00
      vertex   3.824000e+01 3.148481e+01 3.326352e+00
    endloop
  endfacet
  facet normal 0.000000e+00 9.659258e-01 -2.588190e-01
    outer loop
      vertex   3.824000e+01 3.148481e+01 3.326352e+00
      vertex   4.189333e+01 3.148481e+01 3.326352e+00
      vertex   3.824000e+01 3.143969e+01 3.157980e+00
    endloop
  endfacet
  facet normal -4.352138e-19 9.659258e-01 -2.588190e-01
    outer loop
      vertex   3.824000e+01 3.148481e+01 3.326352e+00
      vertex   3.824000e+01 3.143969e+01 3.157980e+00
      vertex   3.458667e+01 3.143969e+01 3.157980e+00
    endloop
  endfacet
  facet normal 0.000000e+00 9.063078e-01 -4.226183e-01
    outer loop
      vertex   3.458667e+01 3.143969e+01 3.157980e+00
      vertex   3.824000e+01 3.143969e+01 3.157980e+00
      vertex   3.458667e+01 3.136603e+01 3.000000e+00
    endloop
  endfacet
  facet normal -1.306573e-18 9.063078e-01 -4.226183e-01
    outer loop
      vertex   3.458667e+01 3.143969e+01 3.157980e+00
      vertex   3.458667e+01 3.136603e+01 3.000000e+00
      vertex   3.093333e+01 3.136603e+01 3.000000e+00
    endloop
  endfacet
  facet normal 0.000000e+00 8.191520e-01 -5.735764e-01
    outer loop
      vertex   3.093333e+01 3.136603e+01 3.000000e+00
      vertex   3.458667e+01 3.136603e+01 3.000000e+00
      vertex   3.093333e+01 3.126604e+01 2.857212e+00
    endloop
  endfacet
  facet normal 1.227814e-18 8.191520e-01 -5.735764e-01
    outer loop
      vertex   3.093333e+01 3.136603e+01 3.000000e+00
      vertex   3.093333e+01 3.126604e+01 2.857212e+00
      vertex   2.728000e+01 3.126604e+01 2.857212e+00
    endloop
  endfacet
  facet normal 0.000000e+00 7.071068e-01 -7.071068e-01
    outer loop
      vertex   2.728000e+01 3.126604e+01 2.857212e+00
      vertex   3.093333e+01 3.126604e+01 2.857212e+00
      vertex   2.728000e+01 3.114279e+01 2.733955e+00
    endloop
  endfacet
  facet normal 9.185305e-19 7.071068e-01 -7.071068e-01
    outer loop
      vertex   2.728000e+01 3.126604e+01 2.857212e+00
      vertex   2.728000e+01 3.114279e+01 2.733955e+00
      vertex   2.362667e+01 3.114279e+01 2.733955e+00
    endloop
  endfacet
  facet normal 0.000000e+00 5.735764e-01 -8.191520e-01
    outer loop
      vertex   2.362667e+01 3.114279e+01 2.733955e+00
      vertex   2.728000e+01 3.114279e+01 2.733955e+00
      vertex   2.362667e+01 3.100000e+01 2.633975e+00
    endloop
  endfacet
  facet normal -8.182817e-19 5.735764e-01 -8.191520e-01
    outer loop
      vertex   2.362667e+01 3.114279e+01 2.733955e+00
      vertex   2.362667e+01 3.100000e+01 2.633975e+00
      vertex   1.997333e+01 3.100000e+01 2.633975e+00
    endloop
  endfacet
  facet normal 0.000000e+00 4.226183e-01 -9.063078e-01
    outer loop
      vertex   1.997333e+01 3.100000e+01 2.633975e+00
      vertex   2.362667e+01 3.100000e+01 2.633975e+00
      vertex   1.997333e+01 3.084202e+01 2.560307e+00
    endloop
  endfacet
  facet normal -2.991669e-19 4.226183e-01 -9.063078e-01
    outer loop
      vertex   1.997333e+01 3.100000e+01 2.633975e+00
      vertex   1.997333e+01 3.084202e+01 2.560307e+00
      vertex   1.632000e+01 3.084202e+01 2.560307e+00
    endloop
  endfacet
  facet normal 0.000000e+00 2.588190e-01 -9.659258e-01
    outer loop
      vertex   1.632000e+01 3.084202e+01 2.560307e+00
      vertex   1.997333e+01 3.084202e+01 2.560307e+00
      vertex   1.632000e+01 3.067365e+01 2.515192e+00
    endloop
  endfacet
  facet normal -5.789438e-19 2.588190e-01 -9.659258e-01
    outer loop
      vertex   1.632000e+01 3.084202e+01 2.560307e+00
      vertex   1.632000e+01 3.067365e+01 2.515192e+00
      vertex   1.266667e+01 3.067365e+01 2.515192e+00
    endloop
  endfacet
  facet normal 0.000000e+00 8.715553e-02 -9.961947e-01
    outer loop
      vertex   1.266667e+01 3.067365e+01 2.515192e+00
      vertex   1.632000e+01 3.067365e+01 2.515192e+00
      vertex   -5.600000e+00 3.050000e+01 2.500000e+00
    endloop
  endfacet
  facet normal 0.000000e+00 8.715553e-02 -9.961947e-01
    outer loop
      vertex   1.266667e+01 3.067365e+01 2.515192e+00
      vertex   -5.600000e+00 3.050000e+01 2.500000e+00
      vertex   9.013333e+00 3.067365e+01 2.515192e+00
    endloop
  endfacet
  facet normal 0.000000e+00 8.715553e-02 -9.961947e-01
    outer loop
      vertex   9.013333e+00 3.067365e+01 2.515192e+00
      vertex   -5.600000e+00 3.050000e+01 2.500000e+00
      vertex   5.360000e+00 3.067365e+01 2.515192e+00
    endloop
  endfacet
  facet normal 0.000000e+00 2.588190e-01 -9.659258e-01
    outer loop
      vertex   9.013333e+00 3.067365e+01 2.515192e+00
      vertex   5.360000e+00 3.067365e+01 2.515192e+00
      vertex   9.013333e+00 3.084202e+01 2.560307e+00
    endloop
  endfacet
  facet normal 0.000000e+00 2.588190e-01 -9.659258e-01
    outer loop
      vertex   9.013333e+00 3.084202e+01 2.560307e+00
      vertex   5.360000e+00 3.067365e+01 2.515192e+00
      vertex   5.360000e+00 3.084202e+01 2.560307e+00
    endloop
  endfacet
  facet normal 0.000000e+00 4.226183e-01 -9.063078e-01
    outer loop
      vertex   9.013333e+00 3.084202e+01 2.560307e+00
      vertex   5.360000e+00 3.084202e+01 2.560307e+00
      vertex   9.013333e+00 3.100000e+01 2.633975e+00
    endloop
  endfacet
  facet normal 2.203366e-16 4.226183e-01 -9.063078e-01
    outer loop
      vertex   9.013333e+00 3.100000e+01 2.633975e+00
      vertex   5.360000e+00 3.084202e+01 2.560307e+00
      vertex   5.360000e+00 3.100000e+01 2.633975e+00
    endloop
  endfacet
  facet normal 1.991478e-16 5.735764e-01 -8.191520e-01
    outer loop
      vertex   9.013333e+00 3.100000e+01 2.633975e+00
      vertex   5.360000e+00 3.100000e+01 2.633975e+00
      vertex   9.013333e+00 3.114279e+01 2.733955e+00
    endloop
  endfacet
  facet normal 0.000000e+00 5.735764e-01 -8.191520e-01
    outer loop
      vertex   9.013333e+00 3.114279e+01 2.733955e+00
      vertex   5.360000e+00 3.100000e+01 2.633975e+00
      vertex   5.360000e+00 3.114279e+01 2.733955e+00
    endloop
  endfacet
  facet normal 0.000000e+00 7.071068e-01 -7.071068e-01
    outer loop
      vertex   9.013333e+00 3.114279e+01 2.733955e+00
      vertex   5.360000e+00 3.114279e+01 2.733955e+00
      vertex   9.013333e+00 3.126604e+01 2.857212e+00
    endloop
  endfacet
  facet normal 0.000000e+00 7.071068e-01 -7.071068e-01
    outer loop
      vertex   9.013333e+00 3.126604e+01 2.857212e+00
      vertex   5.360000e+00 3.114279e+01 2.733955e+00
      vertex   5.360000e+00 3.126604e+01 2.857212e+00
    endloop
  endfacet
  facet normal 0.000000e+00 8.191520e-01 -5.735764e-01
    outer loop
      vertex   9.013333e+00 3.126604e+01 2.857212e+00
      vertex   5.360000e+00 3.126604e+01 2.857212e+00
      vertex   9.013333e+00 3.136603e+01 3.000000e+00
    endloop
  endfacet
  facet normal 0.000000e+00 8.191520e-01 -5.735764e-01
    outer loop
      vertex   9.013333e+00 3.136603e+01 3.000000e+00
      vertex   5.360000e+00 3.126604e+01 2.857212e+00
      vertex   5.360000e+00 3.136603e+01 3.000000e+00
    endloop
  endfacet
  facet normal 0.000000e+00 9.063078e-01 -4.226183e-01
    outer loop
      vertex   9.013333e+00 3.136603e+01 3.000000e+00
      vertex   5.360000e+00 3.136603e+01 3.000000e+00
      vertex   9.013333e+00 3.143969e+01 3.157980e+00
    endloop
  endfacet
  facet normal 0.000000e+00 9.063078e-01 -4.226183e-01
    outer loop
      vertex   9.013333e+00 3.143969e+01 3.157980e+00
      vertex   5.360000e+00 3.136603e+01 3.000000e+00
      vertex   5.360000e+00 3.143969e+01 3.157980e+00
    endloop
  endfacet
  facet normal 0.000000e+00 9.659258e-01 -2.588190e-01
    outer loop
      vertex   9.013333e+00 3.143969e+01 3.157980e+00
      vertex   5.360000e+00 3.143969e+01 3.157980e+00
      vertex   9.013333e+00 3.148481e+01 3.326352e+00
    endloop
  endfacet
  facet normal 6.292267e-17 9.659258e-01 -2.588190e-01
    outer loop
      vertex   9.013333e+00 3.148481e+01 3.326352e+00
      vertex   5.360000e+00 3.143969e+01 3.157980e+00
      vertex   5.360000e+00 3.148481e+01 3.326352e+00
    endloop
  endfacet
  facet normal 2.118883e-17 9.961947e-01 -8.715574e-02
    outer loop
      vertex   9.013333e+00 3.148481e+01 3.326352e+00
      vertex   5.360000e+00 3.148481e+01 3.326352e+00
      vertex   -5.600000e+00 3.150000e+01 3.500000e+00
    endloop
  endfacet
  facet normal -7.121862e-20 9.961947e-01 -8.715574e-02
    outer loop
      vertex   -5.600000e+00 3.150000e+01 3.500000e+00
      vertex   5.360000e+00 3.148481e+01 3.326352e+00
      vertex   1.706667e+00 3.148481e+01 3.326352e+00
    endloop
  endfacet
  facet normal -7.121862e-20 9.961947e-01 -8.715574e-02
    outer loop
      vertex   -5.600000e+00 3.150000e+01 3.500000e+00
      vertex   1.706667e+00 3.148481e+01 3.326352e+00
      vertex   -1.946667e+00 3.148481e+01 3.326352e+00
    endloop
  endfacet
  facet normal 0.000000e+00 9.659258e-01 -2.588190e-01
    outer loop
      vertex   -1.946667e+00 3.148481e+01 3.326352e+00
      vertex   1.706667e+00 3.148481e+01 3.326352e+00
      vertex   -1.946667e+00 3.143969e+01 3.157980e+00
    endloop
  endfacet
  facet normal 6.572724e-19 9.659258e-01 -2.588190e-01
    outer loop
      vertex   -1.946667e+00 3.148481e+01 3.326352e+00
      vertex   -1.946667e+00 3.143969e+01 3.157980e+00
      vertex   -5.600000e+00 3.143969e+01 3.157980e+00
    endloop
  endfacet
  facet normal 0.000000e+00 9.063078e-01 -4.226183e-01
    outer loop
      vertex   -5.600000e+00 3.143969e+01 3.157980e+00
      vertex   -1.946667e+00 3.143969e+01 3.157980e+00
      vertex   -5.600000e+00 3.136603e+01 3.000000e+00
    endloop
  endfacet
  facet normal 0.000000e+00 9.063078e-01 -4.226183e-01
    outer loop
      vertex   -5.600000e+00 3.136603e+01 3.000000e+00
      vertex   -1.946667e+00 3.143969e+01 3.157980e+00
      vertex   -1.946667e+00 3.136603e+01 3.000000e+00
    endloop
  endfacet
  facet normal 0.000000e+00 8.191520e-01 -5.735764e-01
    outer loop
      vertex   -5.600000e+00 3.136603e+01 3.000000e+00
      vertex   -1.946667e+00 3.136603e+01 3.000000e+00
      vertex   -5.600000e+00 3.126604e+01 2.857212e+00
    endloop
  endfacet
  facet normal -1.394448e-16 8.191520e-01 -5.735764e-01
    outer loop
      vertex   -5.600000e+00 3.126604e+01 2.857212e+00
      vertex   -1.946667e+00 3.136603e+01 3.000000e+00
      vertex   -1.946667e+00 3.126604e+01 2.857212e+00
    endloop
  endfacet
  facet normal -1.719079e-16 7.071068e-01 -7.071068e-01
    outer loop
      vertex   -5.600000e+00 3.126604e+01 2.857212e+00
      vertex   -1.946667e+00 3.126604e+01 2.857212e+00
      vertex   -5.600000e+00 3.114279e+01 2.733955e+00
    endloop
  endfacet
  facet normal 8.595397e-17 7.071068e-01 -7.071068e-01
    outer loop
      vertex   -5.600000e+00 3.114279e+01 2.733955e+00
      vertex   -1.946667e+00 3.126604e+01 2.857212e+00
      vertex   -1.946667e+00 3.114279e+01 2.733955e+00
    endloop
  endfacet
  facet normal 9.957388e-17 5.735764e-01 -8.191520e-01
    outer loop
      vertex   -5.600000e+00 3.114279e+01 2.733955e+00
      vertex   -1.946667e+00 3.114279e+01 2.733955e+00
      vertex   -5.600000e+00 3.100000e+01 2.633975e+00
    endloop
  endfacet
  facet normal -2.987216e-16 5.735764e-01 -8.191520e-01
    outer loop
      vertex   -5.600000e+00 3.100000e+01 2.633975e+00
      vertex   -1.946667e+00 3.114279e+01 2.733955e+00
      vertex   -1.946667e+00 3.100000e+01 2.633975e+00
    endloop
  endfacet
  facet normal -3.305049e-16 4.226183e-01 -9.063078e-01
    outer loop
      vertex   -5.600000e+00 3.100000e+01 2.633975e+00
      vertex   -1.946667e+00 3.100000e+01 2.633975e+00
      vertex   -5.600000e+00 3.084202e+01 2.560307e+00
    endloop
  endfacet
  facet normal -1.101683e-16 4.226183e-01 -9.063078e-01
    outer loop
      vertex   -5.600000e+00 3.084202e+01 2.560307e+00
      vertex   -1.946667e+00 3.100000e+01 2.633975e+00
      vertex   -1.946667e+00 3.084202e+01 2.560307e+00
    endloop
  endfacet
  facet normal -1.174153e-16 2.588190e-01 -9.659258e-01
    outer loop
      vertex   -5.600000e+00 3.084202e+01 2.560307e+00
      vertex   -1.946667e+00 3.084202e+01 2.560307e+00
      vertex   -5.600000e+00 3.067365e+01 2.515192e+00
    endloop
  endfacet
  facet normal 0.000000e+00 2.588190e-01 -9.659258e-01
    outer loop
      vertex   -5.600000e+00 3.067365e+01 2.515192e+00
      vertex   -1.946667e+00 3.084202e+01 2.560307e+00
      vertex   -1.946667e+00 3.067365e+01 2.515192e+00
    endloop
  endfacet
  facet normal 0.000000e+00 8.715553e-02 -9.961947e-01
    outer loop
      vertex   -5.600000e+00 3.067365e+01 2.515192e+00
      vertex   -1.946667e+00 3.067365e+01 2.515192e+00
      vertex   -5.600000e+00 3.050000e+01 2.500000e+00
    endloop
  endfacet
  facet normal -1.283664e-19 8.715553e-02 -9.961947e-01
    outer loop
      vertex   -5.600000e+00 3.050000e+01 2.500000e+00
      vertex   -1.946667e+00 3.067365e+01 2.515192e+00
      vertex   1.706667e+00 3.067365e+01 2.515192e+00
    endloop
  endfacet
  facet normal -1.283664e-19 8.715553e-02 -9.961947e-01
    outer loop
      vertex   -5.600000e+00 3.050000e+01 2.500000e+00
      vertex   1.706667e+00 3.067365e+01 2.515192e+00
      vertex   5.360000e+00 3.067365e+01 2.515192e+00
    endloop
  endfacet
  facet normal 0.000000e+00 2.588190e-01 -9.659258e-01
    outer loop
      vertex   5.360000e+00 3.067365e+01 2.515192e+00
      vertex   1.706667e+00 3.067365e+01 2.515192e+00
      vertex   5.360000e+00 3.084202e+01 2.560307e+00
    endloop
  endfacet
  facet normal -1.002680e-15 9.659258e-01 -2.588190e-01
    outer loop
      vertex   -5.600000e+00 3.143969e+01 3.157980e+00
      vertex   -5.600000e+00 3.148481e+01 3.326352e+00
      vertex   -1.946667e+00 3.148481e+01 3.326352e+00
    endloop
  endfacet
  facet normal -9.899465e-16 9.961947e-01 -8.715574e-02
    outer loop
      vertex   -1.946667e+00 3.148481e+01 3.326352e+00
      vertex   -5.600000e+00 3.148481e+01 3.326352e+00
      vertex   -5.600000e+00 3.150000e+01 3.500000e+00
    endloop
  endfacet
  facet normal -2.156661e-18 9.961947e-01 -8.715574e-02
    outer loop
      vertex   4.824006e+01 3.150000e+01 3.500000e+00
      vertex   1.997333e+01 3.148481e+01 3.326352e+00
      vertex   -5.600000e+00 3.150000e+01 3.500000e+00
    endloop
  endfacet
  facet normal -1.486646e-19 9.961947e-01 -8.715574e-02
    outer loop
      vertex   -5.600000e+00 3.150000e+01 3.500000e+00
      vertex   1.997333e+01 3.148481e+01 3.326352e+00
      vertex   1.632000e+01 3.148481e+01 3.326352e+00
    endloop
  endfacet
  facet normal -1.486646e-19 9.961947e-01 -8.715574e-02
    outer loop
      vertex   -5.600000e+00 3.150000e+01 3.500000e+00
      vertex   1.632000e+01 3.148481e+01 3.326352e+00
      vertex   1.266667e+01 3.148481e+01 3.326352e+00
    endloop
  endfacet
  facet normal 0.000000e+00 9.659258e-01 -2.588190e-01
    outer loop
      vertex   1.266667e+01 3.148481e+01 3.326352e+00
      vertex   1.632000e+01 3.148481e+01 3.326352e+00
      vertex   1.266667e+01 3.143969e+01 3.157980e+00
    endloop
  endfacet
  facet normal -4.352138e-19 9.659258e-01 -2.588190e-01
    outer loop
      vertex   1.266667e+01 3.148481e+01 3.326352e+00
      vertex   1.266667e+01 3.143969e+01 3.157980e+00
      vertex   9.013333e+00 3.143969e+01 3.157980e+00
    endloop
  endfacet
  facet normal 0.000000e+00 9.063078e-01 -4.226183e-01
    outer loop
      vertex   9.013333e+00 3.143969e+01 3.157980e+00
      vertex   1.266667e+01 3.143969e+01 3.157980e+00
      vertex   9.013333e+00 3.136603e+01 3.000000e+00
    endloop
  endfacet
  facet normal 3.429865e-04 6.504335e-01 -7.595631e-01
    outer loop
      vertex   4.892974e+01 3.118711e+01 2.773441e+00
      vertex   4.899286e+01 3.111184e+01 2.709010e+00
      vertex   4.554667e+01 3.114279e+01 2.733955e+00
    endloop
  endfacet
  facet normal -7.785441e-04 5.735763e-01 -8.191518e-01
    outer loop
      vertex   4.554667e+01 3.114279e+01 2.733955e+00
      vertex   4.899286e+01 3.111184e+01 2.709010e+00
      vertex   4.554667e+01 3.100000e+01 2.633975e+00
    endloop
  endfacet
  facet normal -1.110453e-18 5.735764e-01 -8.191520e-01
    outer loop
      vertex   4.554667e+01 3.114279e+01 2.733955e+00
      vertex   4.554667e+01 3.100000e+01 2.633975e+00
      vertex   4.189333e+01 3.100000e+01 2.633975e+00
    endloop
  endfacet
  facet normal 0.000000e+00 4.226183e-01 -9.063078e-01
    outer loop
      vertex   4.189333e+01 3.100000e+01 2.633975e+00
      vertex   4.554667e+01 3.100000e+01 2.633975e+00
      vertex   4.189333e+01 3.084202e+01 2.560307e+00
    endloop
  endfacet
  facet normal -2.991669e-19 4.226183e-01 -9.063078e-01
    outer loop
      vertex   4.189333e+01 3.100000e+01 2.633975e+00
      vertex   4.189333e+01 3.084202e+01 2.560307e+00
      vertex   3.824000e+01 3.084202e+01 2.560307e+00
    endloop
  endfacet
  facet normal 0.000000e+00 2.588190e-01 -9.659258e-01
    outer loop
      vertex   3.824000e+01 3.084202e+01 2.560307e+00
      vertex   4.189333e+01 3.084202e+01 2.560307e+00
      vertex   3.824000e+01 3.067365e+01 2.515192e+00
    endloop
  endfacet
  facet normal -2.977587e-19 2.588190e-01 -9.659258e-01
    outer loop
      vertex   3.824000e+01 3.084202e+01 2.560307e+00
      vertex   3.824000e+01 3.067365e+01 2.515192e+00
      vertex   3.458667e+01 3.067365e+01 2.515192e+00
    endloop
  endfacet
  facet normal 0.000000e+00 1.446914e-01 -9.894768e-01
    outer loop
      vertex   3.458667e+01 3.067365e+01 2.515192e+00
      vertex   3.824000e+01 3.067365e+01 2.515192e+00
      vertex   4.919331e+01 3.061552e+01 2.506692e+00
    endloop
  endfacet
  facet normal -6.229936e-04 5.703108e-01 -8.214287e-01
    outer loop
      vertex   4.899286e+01 3.111184e+01 2.709010e+00
      vertex   4.905024e+01 3.102797e+01 2.650739e+00
      vertex   4.554667e+01 3.100000e+01 2.633975e+00
    endloop
  endfacet
  facet normal 3.369973e-04 4.826638e-01 -8.758057e-01
    outer loop
      vertex   4.554667e+01 3.100000e+01 2.633975e+00
      vertex   4.905024e+01 3.102797e+01 2.650739e+00
      vertex   4.910053e+01 3.093569e+01 2.599900e+00
    endloop
  endfacet
  facet normal -1.042040e-03 4.226180e-01 -9.063073e-01
    outer loop
      vertex   4.554667e+01 3.100000e+01 2.633975e+00
      vertex   4.910053e+01 3.093569e+01 2.599900e+00
      vertex   4.554667e+01 3.084202e+01 2.560307e+00
    endloop
  endfacet
  facet normal 9.856747e-05 3.861586e-01 -9.224324e-01
    outer loop
      vertex   4.554667e+01 3.084202e+01 2.560307e+00
      vertex   4.910053e+01 3.093569e+01 2.599900e+00
      vertex   4.914222e+01 3.083542e+01 2.557928e+00
    endloop
  endfacet
  facet normal -1.171201e-04 2.820087e-01 -9.594118e-01
    outer loop
      vertex   4.554667e+01 3.084202e+01 2.560307e+00
      vertex   4.914222e+01 3.083542e+01 2.557928e+00
      vertex   4.917374e+01 3.072781e+01 2.526294e+00
    endloop
  endfacet
  facet normal -9.084054e-04 2.588189e-01 -9.659254e-01
    outer loop
      vertex   4.554667e+01 3.084202e+01 2.560307e+00
      vertex   4.917374e+01 3.072781e+01 2.526294e+00
      vertex   4.554667e+01 3.067365e+01 2.515192e+00
    endloop
  endfacet
  facet normal 4.461355e-04 1.720381e-01 -9.850902e-01
    outer loop
      vertex   4.554667e+01 3.067365e+01 2.515192e+00
      vertex   4.917374e+01 3.072781e+01 2.526294e+00
      vertex   4.919331e+01 3.061552e+01 2.506692e+00
    endloop
  endfacet
  facet normal 0.000000e+00 1.446914e-01 -9.894768e-01
    outer loop
      vertex   4.554667e+01 3.067365e+01 2.515192e+00
      vertex   4.919331e+01 3.061552e+01 2.506692e+00
      vertex   4.189333e+01 3.067365e+01 2.515192e+00
    endloop
  endfacet
  facet normal 0.000000e+00 1.446914e-01 -9.894768e-01
    outer loop
      vertex   4.189333e+01 3.067365e+01 2.515192e+00
      vertex   4.919331e+01 3.061552e+01 2.506692e+00
      vertex   3.824000e+01 3.067365e+01 2.515192e+00
    endloop
  endfacet
  facet normal 0.000000e+00 2.588190e-01 -9.659258e-01
    outer loop
      vertex   4.189333e+01 3.067365e+01 2.515192e+00
      vertex   3.824000e+01 3.067365e+01 2.515192e+00
      vertex   4.189333e+01 3.084202e+01 2.560307e+00
    endloop
  endfacet
  facet normal 0.000000e+00 2.588190e-01 -9.659258e-01
    outer loop
      vertex   1.706667e+00 3.067365e+01 2.515192e+00
      vertex   -1.946667e+00 3.067365e+01 2.515192e+00
      vertex   1.706667e+00 3.084202e+01 2.560307e+00
    endloop
  endfacet
  facet normal 0.000000e+00 2.588190e-01 -9.659258e-01
    outer loop
      vertex   1.706667e+00 3.084202e+01 2.560307e+00
      vertex   -1.946667e+00 3.067365e+01 2.515192e+00
      vertex   -1.946667e+00 3.084202e+01 2.560307e+00
    endloop
  endfacet
  facet normal 0.000000e+00 4.226183e-01 -9.063078e-01
    outer loop
      vertex   1.706667e+00 3.084202e+01 2.560307e+00
      vertex   -1.946667e+00 3.084202e+01 2.560307e+00
      vertex   1.706667e+00 3.100000e+01 2.633975e+00
    endloop
  endfacet
  facet normal 2.203366e-16 4.226183e-01 -9.063078e-01
    outer loop
      vertex   1.706667e+00 3.100000e+01 2.633975e+00
      vertex   -1.946667e+00 3.084202e+01 2.560307e+00
      vertex   -1.946667e+00 3.100000e+01 2.633975e+00
    endloop
  endfacet
  facet normal 1.991478e-16 5.735764e-01 -8.191520e-01
    outer loop
      vertex   1.706667e+00 3.100000e+01 2.633975e+00
      vertex   -1.946667e+00 3.100000e+01 2.633975e+00
      vertex   1.706667e+00 3.114279e+01 2.733955e+00
    endloop
  endfacet
  facet normal 0.000000e+00 5.735764e-01 -8.191520e-01
    outer loop
      vertex   1.706667e+00 3.114279e+01 2.733955e+00
      vertex   -1.946667e+00 3.100000e+01 2.633975e+00
      vertex   -1.946667e+00 3.114279e+01 2.733955e+00
    endloop
  endfacet
  facet normal 0.000000e+00 7.071068e-01 -7.071068e-01
    outer loop
      vertex   1.706667e+00 3.114279e+01 2.733955e+00
      vertex   -1.946667e+00 3.114279e+01 2.733955e+00
      vertex   1.706667e+00 3.126604e+01 2.857212e+00
    endloop
  endfacet
  facet normal 0.000000e+00 7.071068e-01 -7.071068e-01
    outer loop
      vertex   1.706667e+00 3.126604e+01 2.857212e+00
      vertex   -1.946667e+00 3.114279e+01 2.733955e+00
      vertex   -1.946667e+00 3.126604e+01 2.857212e+00
    endloop
  endfacet
  facet normal 0.000000e+00 8.191520e-01 -5.735764e-01
    outer loop
      vertex   1.706667e+00 3.126604e+01 2.857212e+00
      vertex   -1.946667e+00 3.126604e+01 2.857212e+00
      vertex   1.706667e+00 3.136603e+01 3.000000e+00
    endloop
  endfacet
  facet normal 0.000000e+00 8.191520e-01 -5.735764e-01
    outer loop
      vertex   1.706667e+00 3.136603e+01 3.000000e+00
      vertex   -1.946667e+00 3.126604e+01 2.857212e+00
      vertex   -1.946667e+00 3.136603e+01 3.000000e+00
    endloop
  endfacet
  facet normal 0.000000e+00 9.063078e-01 -4.226183e-01
    outer loop
      vertex   1.706667e+00 3.136603e+01 3.000000e+00
      vertex   -1.946667e+00 3.136603e+01 3.000000e+00
      vertex   1.706667e+00 3.143969e+01 3.157980e+00
    endloop
  endfacet
  facet normal 0.000000e+00 9.063078e-01 -4.226183e-01
    outer loop
      vertex   1.706667e+00 3.143969e+01 3.157980e+00
      vertex   -1.946667e+00 3.136603e+01 3.000000e+00
      vertex   -1.946667e+00 3.143969e+01 3.157980e+00
    endloop
  endfacet
  facet normal 0.000000e+00 9.659258e-01 -2.588190e-01
    outer loop
      vertex   1.706667e+00 3.143969e+01 3.157980e+00
      vertex   -1.946667e+00 3.143969e+01 3.157980e+00
      vertex   1.706667e+00 3.148481e+01 3.326352e+00
    endloop
  endfacet
  facet normal 0.000000e+00 2.588190e-01 -9.659258e-01
    outer loop
      vertex   1.266667e+01 3.067365e+01 2.515192e+00
      vertex   9.013333e+00 3.067365e+01 2.515192e+00
      vertex   1.266667e+01 3.084202e+01 2.560307e+00
    endloop
  endfacet
  facet normal 0.000000e+00 2.588190e-01 -9.659258e-01
    outer loop
      vertex   1.266667e+01 3.084202e+01 2.560307e+00
      vertex   9.013333e+00 3.067365e+01 2.515192e+00
      vertex   9.013333e+00 3.084202e+01 2.560307e+00
    endloop
  endfacet
  facet normal 0.000000e+00 4.226183e-01 -9.063078e-01
    outer loop
      vertex   1.266667e+01 3.084202e+01 2.560307e+00
      vertex   9.013333e+00 3.084202e+01 2.560307e+00
      vertex   1.266667e+01 3.100000e+01 2.633975e+00
    endloop
  endfacet
  facet normal 0.000000e+00 4.226183e-01 -9.063078e-01
    outer loop
      vertex   1.266667e+01 3.100000e+01 2.633975e+00
      vertex   9.013333e+00 3.084202e+01 2.560307e+00
      vertex   9.013333e+00 3.100000e+01 2.633975e+00
    endloop
  endfacet
  facet normal 0.000000e+00 5.735764e-01 -8.191520e-01
    outer loop
      vertex   1.266667e+01 3.100000e+01 2.633975e+00
      vertex   9.013333e+00 3.100000e+01 2.633975e+00
      vertex   1.266667e+01 3.114279e+01 2.733955e+00
    endloop
  endfacet
  facet normal 0.000000e+00 5.735764e-01 -8.191520e-01
    outer loop
      vertex   1.266667e+01 3.114279e+01 2.733955e+00
      vertex   9.013333e+00 3.100000e+01 2.633975e+00
      vertex   9.013333e+00 3.114279e+01 2.733955e+00
    endloop
  endfacet
  facet normal 0.000000e+00 7.071068e-01 -7.071068e-01
    outer loop
      vertex   1.266667e+01 3.114279e+01 2.733955e+00
      vertex   9.013333e+00 3.114279e+01 2.733955e+00
      vertex   1.266667e+01 3.126604e+01 2.857212e+00
    endloop
  endfacet
  facet normal 0.000000e+00 7.071068e-01 -7.071068e-01
    outer loop
      vertex   1.266667e+01 3.126604e+01 2.857212e+00
      vertex   9.013333e+00 3.114279e+01 2.733955e+00
      vertex   9.013333e+00 3.126604e+01 2.857212e+00
    endloop
  endfacet
  facet normal 0.000000e+00 8.191520e-01 -5.735764e-01
    outer loop
      vertex   1.266667e+01 3.126604e+01 2.857212e+00
      vertex   9.013333e+00 3.126604e+01 2.857212e+00
      vertex   1.266667e+01 3.136603e+01 3.000000e+00
    endloop
  endfacet
  facet normal 0.000000e+00 8.191520e-01 -5.735764e-01
    outer loop
      vertex   1.266667e+01 3.136603e+01 3.000000e+00
      vertex   9.013333e+00 3.126604e+01 2.857212e+00
      vertex   9.013333e+00 3.136603e+01 3.000000e+00
    endloop
  endfacet
  facet normal 0.000000e+00 9.063078e-01 -4.226183e-01
    outer loop
      vertex   1.266667e+01 3.136603e+01 3.000000e+00
      vertex   9.013333e+00 3.136603e+01 3.000000e+00
      vertex   1.266667e+01 3.143969e+01 3.157980e+00
    endloop
  endfacet
  facet normal 0.000000e+00 8.715553e-02 -9.961947e-01
    outer loop
      vertex   1.632000e+01 3.067365e+01 2.515192e+00
      vertex   1.997333e+01 3.067365e+01 2.515192e+00
      vertex   -5.600000e+00 3.050000e+01 2.500000e+00
    endloop
  endfacet
  facet normal -1.283664e-19 8.715553e-02 -9.961947e-01
    outer loop
      vertex   -5.600000e+00 3.050000e+01 2.500000e+00
      vertex   1.997333e+01 3.067365e+01 2.515192e+00
      vertex   2.362667e+01 3.067365e+01 2.515192e+00
    endloop
  endfacet
  facet normal -1.283664e-19 8.715553e-02 -9.961947e-01
    outer loop
      vertex   -5.600000e+00 3.050000e+01 2.500000e+00
      vertex   2.362667e+01 3.067365e+01 2.515192e+00
      vertex   2.728000e+01 3.067365e+01 2.515192e+00
    endloop
  endfacet
  facet normal 0.000000e+00 2.588190e-01 -9.659258e-01
    outer loop
      vertex   2.728000e+01 3.067365e+01 2.515192e+00
      vertex   2.362667e+01 3.067365e+01 2.515192e+00
      vertex   2.728000e+01 3.084202e+01 2.560307e+00
    endloop
  endfacet
  facet normal -5.789438e-19 2.588190e-01 -9.659258e-01
    outer loop
      vertex   2.728000e+01 3.067365e+01 2.515192e+00
      vertex   2.728000e+01 3.084202e+01 2.560307e+00
      vertex   3.093333e+01 3.084202e+01 2.560307e+00
    endloop
  endfacet
  facet normal 0.000000e+00 4.226183e-01 -9.063078e-01
    outer loop
      vertex   3.093333e+01 3.084202e+01 2.560307e+00
      vertex   2.728000e+01 3.084202e+01 2.560307e+00
      vertex   3.093333e+01 3.100000e+01 2.633975e+00
    endloop
  endfacet
  facet normal 9.071600e-19 4.226183e-01 -9.063078e-01
    outer loop
      vertex   3.093333e+01 3.084202e+01 2.560307e+00
      vertex   3.093333e+01 3.100000e+01 2.633975e+00
      vertex   3.458667e+01 3.100000e+01 2.633975e+00
    endloop
  endfacet
  facet normal 0.000000e+00 5.735764e-01 -8.191520e-01
    outer loop
      vertex   3.458667e+01 3.100000e+01 2.633975e+00
      vertex   3.093333e+01 3.100000e+01 2.633975e+00
      vertex   3.458667e+01 3.114279e+01 2.733955e+00
    endloop
  endfacet
  facet normal -1.110453e-18 5.735764e-01 -8.191520e-01
    outer loop
      vertex   3.458667e+01 3.100000e+01 2.633975e+00
      vertex   3.458667e+01 3.114279e+01 2.733955e+00
      vertex   3.824000e+01 3.114279e+01 2.733955e+00
    endloop
  endfacet
  facet normal 0.000000e+00 7.071068e-01 -7.071068e-01
    outer loop
      vertex   3.824000e+01 3.114279e+01 2.733955e+00
      vertex   3.458667e+01 3.114279e+01 2.733955e+00
      vertex   3.824000e+01 3.126604e+01 2.857212e+00
    endloop
  endfacet
  facet normal -2.970782e-19 7.071068e-01 -7.071068e-01
    outer loop
      vertex   3.824000e+01 3.114279e+01 2.733955e+00
      vertex   3.824000e+01 3.126604e+01 2.857212e+00
      vertex   4.189333e+01 3.126604e+01 2.857212e+00
    endloop
  endfacet
  facet normal 0.000000e+00 8.191520e-01 -5.735764e-01
    outer loop
      vertex   4.189333e+01 3.126604e+01 2.857212e+00
      vertex   3.824000e+01 3.126604e+01 2.857212e+00
      vertex   4.189333e+01 3.136603e+01 3.000000e+00
    endloop
  endfacet
  facet normal 1.227814e-18 8.191520e-01 -5.735764e-01
    outer loop
      vertex   4.189333e+01 3.126604e+01 2.857212e+00
      vertex   4.189333e+01 3.136603e+01 3.000000e+00
      vertex   4.554667e+01 3.136603e+01 3.000000e+00
    endloop
  endfacet
  facet normal 0.000000e+00 9.063078e-01 -4.226183e-01
    outer loop
      vertex   4.554667e+01 3.136603e+01 3.000000e+00
      vertex   4.189333e+01 3.136603e+01 3.000000e+00
      vertex   4.554667e+01 3.143969e+01 3.157980e+00
    endloop
  endfacet
  facet normal 0.000000e+00 2.588190e-01 -9.659258e-01
    outer loop
      vertex   1.632000e+01 3.067365e+01 2.515192e+00
      vertex   1.997333e+01 3.084202e+01 2.560307e+00
      vertex   1.997333e+01 3.067365e+01 2.515192e+00
    endloop
  endfacet
  facet normal -5.789438e-19 2.588190e-01 -9.659258e-01
    outer loop
      vertex   1.997333e+01 3.067365e+01 2.515192e+00
      vertex   1.997333e+01 3.084202e+01 2.560307e+00
      vertex   2.362667e+01 3.084202e+01 2.560307e+00
    endloop
  endfacet
  facet normal 0.000000e+00 2.588190e-01 -9.659258e-01
    outer loop
      vertex   1.997333e+01 3.067365e+01 2.515192e+00
      vertex   2.362667e+01 3.084202e+01 2.560307e+00
      vertex   2.362667e+01 3.067365e+01 2.515192e+00
    endloop
  endfacet
  facet normal -5.789438e-19 2.588190e-01 -9.659258e-01
    outer loop
      vertex   2.362667e+01 3.067365e+01 2.515192e+00
      vertex   2.362667e+01 3.084202e+01 2.560307e+00
      vertex   2.728000e+01 3.084202e+01 2.560307e+00
    endloop
  endfacet
  facet normal 0.000000e+00 8.715553e-02 -9.961947e-01
    outer loop
      vertex   3.093333e+01 3.067365e+01 2.515192e+00
      vertex   -5.600000e+00 3.050000e+01 2.500000e+00
      vertex   2.728000e+01 3.067365e+01 2.515192e+00
    endloop
  endfacet
  facet normal 0.000000e+00 2.588190e-01 -9.659258e-01
    outer loop
      vertex   3.458667e+01 3.084202e+01 2.560307e+00
      vertex   3.093333e+01 3.067365e+01 2.515192e+00
      vertex   3.093333e+01 3.084202e+01 2.560307e+00
    endloop
  endfacet
  facet normal -5.789438e-19 2.588190e-01 -9.659258e-01
    outer loop
      vertex   3.093333e+01 3.084202e+01 2.560307e+00
      vertex   3.093333e+01 3.067365e+01 2.515192e+00
      vertex   2.728000e+01 3.067365e+01 2.515192e+00
    endloop
  endfacet
  facet normal -5.789438e-19 2.588190e-01 -9.659258e-01
    outer loop
      vertex   4.554667e+01 3.084202e+01 2.560307e+00
      vertex   4.554667e+01 3.067365e+01 2.515192e+00
      vertex   4.189333e+01 3.067365e+01 2.515192e+00
    endloop
  endfacet
  facet normal -1.174153e-16 2.588190e-01 -9.659258e-01
    outer loop
      vertex   4.554667e+01 3.084202e+01 2.560307e+00
      vertex   4.189333e+01 3.067365e+01 2.515192e+00
      vertex   4.189333e+01 3.084202e+01 2.560307e+00
    endloop
  endfacet
  facet normal 1.222834e-20 4.226183e-01 -9.063078e-01
    outer loop
      vertex   5.360000e+00 3.100000e+01 2.633975e+00
      vertex   5.360000e+00 3.084202e+01 2.560307e+00
      vertex   1.706667e+00 3.084202e+01 2.560307e+00
    endloop
  endfacet
  facet normal 0.000000e+00 2.588190e-01 -9.659258e-01
    outer loop
      vertex   1.706667e+00 3.084202e+01 2.560307e+00
      vertex   5.360000e+00 3.084202e+01 2.560307e+00
      vertex   1.706667e+00 3.067365e+01 2.515192e+00
    endloop
  endfacet
  facet normal -2.203366e-16 4.226183e-01 -9.063078e-01
    outer loop
      vertex   5.360000e+00 3.100000e+01 2.633975e+00
      vertex   1.706667e+00 3.084202e+01 2.560307e+00
      vertex   1.706667e+00 3.100000e+01 2.633975e+00
    endloop
  endfacet
  facet normal -5.789438e-19 2.588190e-01 -9.659258e-01
    outer loop
      vertex   1.266667e+01 3.067365e+01 2.515192e+00
      vertex   1.266667e+01 3.084202e+01 2.560307e+00
      vertex   1.632000e+01 3.084202e+01 2.560307e+00
    endloop
  endfacet
  facet normal 0.000000e+00 4.226183e-01 -9.063078e-01
    outer loop
      vertex   1.632000e+01 3.084202e+01 2.560307e+00
      vertex   1.266667e+01 3.084202e+01 2.560307e+00
      vertex   1.632000e+01 3.100000e+01 2.633975e+00
    endloop
  endfacet
  facet normal -2.991669e-19 4.226183e-01 -9.063078e-01
    outer loop
      vertex   1.632000e+01 3.084202e+01 2.560307e+00
      vertex   1.632000e+01 3.100000e+01 2.633975e+00
      vertex   1.997333e+01 3.100000e+01 2.633975e+00
    endloop
  endfacet
  facet normal 0.000000e+00 5.735764e-01 -8.191520e-01
    outer loop
      vertex   1.997333e+01 3.100000e+01 2.633975e+00
      vertex   1.632000e+01 3.100000e+01 2.633975e+00
      vertex   1.997333e+01 3.114279e+01 2.733955e+00
    endloop
  endfacet
  facet normal -8.182817e-19 5.735764e-01 -8.191520e-01
    outer loop
      vertex   1.997333e+01 3.100000e+01 2.633975e+00
      vertex   1.997333e+01 3.114279e+01 2.733955e+00
      vertex   2.362667e+01 3.114279e+01 2.733955e+00
    endloop
  endfacet
  facet normal 0.000000e+00 7.071068e-01 -7.071068e-01
    outer loop
      vertex   2.362667e+01 3.114279e+01 2.733955e+00
      vertex   1.997333e+01 3.114279e+01 2.733955e+00
      vertex   2.362667e+01 3.126604e+01 2.857212e+00
    endloop
  endfacet
  facet normal 8.536406e-17 7.071068e-01 -7.071068e-01
    outer loop
      vertex   2.362667e+01 3.114279e+01 2.733955e+00
      vertex   2.362667e+01 3.126604e+01 2.857212e+00
      vertex   2.728000e+01 3.126604e+01 2.857212e+00
    endloop
  endfacet
  facet normal 6.972238e-17 8.191520e-01 -5.735764e-01
    outer loop
      vertex   2.728000e+01 3.126604e+01 2.857212e+00
      vertex   2.362667e+01 3.126604e+01 2.857212e+00
      vertex   2.728000e+01 3.136603e+01 3.000000e+00
    endloop
  endfacet
  facet normal 1.227814e-18 8.191520e-01 -5.735764e-01
    outer loop
      vertex   2.728000e+01 3.126604e+01 2.857212e+00
      vertex   2.728000e+01 3.136603e+01 3.000000e+00
      vertex   3.093333e+01 3.136603e+01 3.000000e+00
    endloop
  endfacet
  facet normal 0.000000e+00 9.063078e-01 -4.226183e-01
    outer loop
      vertex   3.093333e+01 3.136603e+01 3.000000e+00
      vertex   2.728000e+01 3.136603e+01 3.000000e+00
      vertex   3.093333e+01 3.143969e+01 3.157980e+00
    endloop
  endfacet
  facet normal -1.306573e-18 9.063078e-01 -4.226183e-01
    outer loop
      vertex   3.093333e+01 3.136603e+01 3.000000e+00
      vertex   3.093333e+01 3.143969e+01 3.157980e+00
      vertex   3.458667e+01 3.143969e+01 3.157980e+00
    endloop
  endfacet
  facet normal 0.000000e+00 9.659258e-01 -2.588190e-01
    outer loop
      vertex   3.458667e+01 3.143969e+01 3.157980e+00
      vertex   3.093333e+01 3.143969e+01 3.157980e+00
      vertex   3.458667e+01 3.148481e+01 3.326352e+00
    endloop
  endfacet
  facet normal 3.089135e-17 9.659258e-01 -2.588190e-01
    outer loop
      vertex   3.458667e+01 3.143969e+01 3.157980e+00
      vertex   3.458667e+01 3.148481e+01 3.326352e+00
      vertex   3.824000e+01 3.148481e+01 3.326352e+00
    endloop
  endfacet
  facet normal 1.059441e-17 9.961947e-01 -8.715574e-02
    outer loop
      vertex   3.824000e+01 3.148481e+01 3.326352e+00
      vertex   3.458667e+01 3.148481e+01 3.326352e+00
      vertex   4.824006e+01 3.150000e+01 3.500000e+00
    endloop
  endfacet
  facet normal 0.000000e+00 4.226183e-01 -9.063078e-01
    outer loop
      vertex   1.632000e+01 3.100000e+01 2.633975e+00
      vertex   1.266667e+01 3.084202e+01 2.560307e+00
      vertex   1.266667e+01 3.100000e+01 2.633975e+00
    endloop
  endfacet
  facet normal 0.000000e+00 4.226183e-01 -9.063078e-01
    outer loop
      vertex   1.997333e+01 3.084202e+01 2.560307e+00
      vertex   2.362667e+01 3.100000e+01 2.633975e+00
      vertex   2.362667e+01 3.084202e+01 2.560307e+00
    endloop
  endfacet
  facet normal -2.991669e-19 4.226183e-01 -9.063078e-01
    outer loop
      vertex   2.362667e+01 3.084202e+01 2.560307e+00
      vertex   2.362667e+01 3.100000e+01 2.633975e+00
      vertex   2.728000e+01 3.100000e+01 2.633975e+00
    endloop
  endfacet
  facet normal 0.000000e+00 4.226183e-01 -9.063078e-01
    outer loop
      vertex   2.362667e+01 3.084202e+01 2.560307e+00
      vertex   2.728000e+01 3.100000e+01 2.633975e+00
      vertex   2.728000e+01 3.084202e+01 2.560307e+00
    endloop
  endfacet
  facet normal 1.098691e-16 4.226183e-01 -9.063078e-01
    outer loop
      vertex   2.728000e+01 3.084202e+01 2.560307e+00
      vertex   2.728000e+01 3.100000e+01 2.633975e+00
      vertex   3.093333e+01 3.100000e+01 2.633975e+00
    endloop
  endfacet
  facet normal 0.000000e+00 4.226183e-01 -9.063078e-01
    outer loop
      vertex   3.824000e+01 3.100000e+01 2.633975e+00
      vertex   3.458667e+01 3.084202e+01 2.560307e+00
      vertex   3.458667e+01 3.100000e+01 2.633975e+00
    endloop
  endfacet
  facet normal 9.071600e-19 4.226183e-01 -9.063078e-01
    outer loop
      vertex   3.458667e+01 3.100000e+01 2.633975e+00
      vertex   3.458667e+01 3.084202e+01 2.560307e+00
      vertex   3.093333e+01 3.084202e+01 2.560307e+00
    endloop
  endfacet
  facet normal -1.092611e-16 4.226183e-01 -9.063078e-01
    outer loop
      vertex   4.554667e+01 3.100000e+01 2.633975e+00
      vertex   4.554667e+01 3.084202e+01 2.560307e+00
      vertex   4.189333e+01 3.084202e+01 2.560307e+00
    endloop
  endfacet
  facet normal -1.996739e-16 5.735764e-01 -8.191520e-01
    outer loop
      vertex   5.360000e+00 3.114279e+01 2.733955e+00
      vertex   5.360000e+00 3.100000e+01 2.633975e+00
      vertex   1.706667e+00 3.100000e+01 2.633975e+00
    endloop
  endfacet
  facet normal 0.000000e+00 5.735764e-01 -8.191520e-01
    outer loop
      vertex   5.360000e+00 3.114279e+01 2.733955e+00
      vertex   1.706667e+00 3.100000e+01 2.633975e+00
      vertex   1.706667e+00 3.114279e+01 2.733955e+00
    endloop
  endfacet
  facet normal 0.000000e+00 5.735764e-01 -8.191520e-01
    outer loop
      vertex   1.632000e+01 3.100000e+01 2.633975e+00
      vertex   1.266667e+01 3.100000e+01 2.633975e+00
      vertex   1.632000e+01 3.114279e+01 2.733955e+00
    endloop
  endfacet
  facet normal 0.000000e+00 5.735764e-01 -8.191520e-01
    outer loop
      vertex   1.632000e+01 3.114279e+01 2.733955e+00
      vertex   1.266667e+01 3.100000e+01 2.633975e+00
      vertex   1.266667e+01 3.114279e+01 2.733955e+00
    endloop
  endfacet
  facet normal 0.000000e+00 7.071068e-01 -7.071068e-01
    outer loop
      vertex   1.632000e+01 3.114279e+01 2.733955e+00
      vertex   1.266667e+01 3.114279e+01 2.733955e+00
      vertex   1.632000e+01 3.126604e+01 2.857212e+00
    endloop
  endfacet
  facet normal 0.000000e+00 7.071068e-01 -7.071068e-01
    outer loop
      vertex   1.632000e+01 3.126604e+01 2.857212e+00
      vertex   1.266667e+01 3.114279e+01 2.733955e+00
      vertex   1.266667e+01 3.126604e+01 2.857212e+00
    endloop
  endfacet
  facet normal 0.000000e+00 8.191520e-01 -5.735764e-01
    outer loop
      vertex   1.632000e+01 3.126604e+01 2.857212e+00
      vertex   1.266667e+01 3.126604e+01 2.857212e+00
      vertex   1.632000e+01 3.136603e+01 3.000000e+00
    endloop
  endfacet
  facet normal 0.000000e+00 8.191520e-01 -5.735764e-01
    outer loop
      vertex   1.632000e+01 3.136603e+01 3.000000e+00
      vertex   1.266667e+01 3.126604e+01 2.857212e+00
      vertex   1.266667e+01 3.136603e+01 3.000000e+00
    endloop
  endfacet
  facet normal 0.000000e+00 9.063078e-01 -4.226183e-01
    outer loop
      vertex   1.632000e+01 3.136603e+01 3.000000e+00
      vertex   1.266667e+01 3.136603e+01 3.000000e+00
      vertex   1.632000e+01 3.143969e+01 3.157980e+00
    endloop
  endfacet
  facet normal 0.000000e+00 9.063078e-01 -4.226183e-01
    outer loop
      vertex   1.632000e+01 3.143969e+01 3.157980e+00
      vertex   1.266667e+01 3.136603e+01 3.000000e+00
      vertex   1.266667e+01 3.143969e+01 3.157980e+00
    endloop
  endfacet
  facet normal 0.000000e+00 9.659258e-01 -2.588190e-01
    outer loop
      vertex   1.632000e+01 3.143969e+01 3.157980e+00
      vertex   1.266667e+01 3.143969e+01 3.157980e+00
      vertex   1.632000e+01 3.148481e+01 3.326352e+00
    endloop
  endfacet
  facet normal 0.000000e+00 5.735764e-01 -8.191520e-01
    outer loop
      vertex   2.362667e+01 3.100000e+01 2.633975e+00
      vertex   2.728000e+01 3.114279e+01 2.733955e+00
      vertex   2.728000e+01 3.100000e+01 2.633975e+00
    endloop
  endfacet
  facet normal -1.003922e-16 5.735764e-01 -8.191520e-01
    outer loop
      vertex   2.728000e+01 3.100000e+01 2.633975e+00
      vertex   2.728000e+01 3.114279e+01 2.733955e+00
      vertex   3.093333e+01 3.114279e+01 2.733955e+00
    endloop
  endfacet
  facet normal 9.957388e-17 5.735764e-01 -8.191520e-01
    outer loop
      vertex   2.728000e+01 3.100000e+01 2.633975e+00
      vertex   3.093333e+01 3.114279e+01 2.733955e+00
      vertex   3.093333e+01 3.100000e+01 2.633975e+00
    endloop
  endfacet
  facet normal -1.110453e-18 5.735764e-01 -8.191520e-01
    outer loop
      vertex   3.093333e+01 3.100000e+01 2.633975e+00
      vertex   3.093333e+01 3.114279e+01 2.733955e+00
      vertex   3.458667e+01 3.114279e+01 2.733955e+00
    endloop
  endfacet
  facet normal 0.000000e+00 5.735764e-01 -8.191520e-01
    outer loop
      vertex   4.189333e+01 3.114279e+01 2.733955e+00
      vertex   3.824000e+01 3.100000e+01 2.633975e+00
      vertex   3.824000e+01 3.114279e+01 2.733955e+00
    endloop
  endfacet
  facet normal -1.110453e-18 5.735764e-01 -8.191520e-01
    outer loop
      vertex   3.824000e+01 3.114279e+01 2.733955e+00
      vertex   3.824000e+01 3.100000e+01 2.633975e+00
      vertex   3.458667e+01 3.100000e+01 2.633975e+00
    endloop
  endfacet
  facet normal -5.899100e-19 7.071068e-01 -7.071068e-01
    outer loop
      vertex   5.360000e+00 3.126604e+01 2.857212e+00
      vertex   5.360000e+00 3.114279e+01 2.733955e+00
      vertex   1.706667e+00 3.114279e+01 2.733955e+00
    endloop
  endfacet
  facet normal 8.595397e-17 7.071068e-01 -7.071068e-01
    outer loop
      vertex   5.360000e+00 3.126604e+01 2.857212e+00
      vertex   1.706667e+00 3.114279e+01 2.733955e+00
      vertex   1.706667e+00 3.126604e+01 2.857212e+00
    endloop
  endfacet
  facet normal -8.182817e-19 5.735764e-01 -8.191520e-01
    outer loop
      vertex   1.632000e+01 3.100000e+01 2.633975e+00
      vertex   1.632000e+01 3.114279e+01 2.733955e+00
      vertex   1.997333e+01 3.114279e+01 2.733955e+00
    endloop
  endfacet
  facet normal 0.000000e+00 7.071068e-01 -7.071068e-01
    outer loop
      vertex   1.997333e+01 3.114279e+01 2.733955e+00
      vertex   1.632000e+01 3.114279e+01 2.733955e+00
      vertex   1.997333e+01 3.126604e+01 2.857212e+00
    endloop
  endfacet
  facet normal -5.899100e-19 7.071068e-01 -7.071068e-01
    outer loop
      vertex   1.997333e+01 3.114279e+01 2.733955e+00
      vertex   1.997333e+01 3.126604e+01 2.857212e+00
      vertex   2.362667e+01 3.126604e+01 2.857212e+00
    endloop
  endfacet
  facet normal 0.000000e+00 8.191520e-01 -5.735764e-01
    outer loop
      vertex   2.362667e+01 3.126604e+01 2.857212e+00
      vertex   1.997333e+01 3.126604e+01 2.857212e+00
      vertex   2.362667e+01 3.136603e+01 3.000000e+00
    endloop
  endfacet
  facet normal 1.249169e-19 8.191520e-01 -5.735764e-01
    outer loop
      vertex   2.362667e+01 3.126604e+01 2.857212e+00
      vertex   2.362667e+01 3.136603e+01 3.000000e+00
      vertex   2.728000e+01 3.136603e+01 3.000000e+00
    endloop
  endfacet
  facet normal 0.000000e+00 9.063078e-01 -4.226183e-01
    outer loop
      vertex   2.728000e+01 3.136603e+01 3.000000e+00
      vertex   2.362667e+01 3.136603e+01 3.000000e+00
      vertex   2.728000e+01 3.143969e+01 3.157980e+00
    endloop
  endfacet
  facet normal -1.306573e-18 9.063078e-01 -4.226183e-01
    outer loop
      vertex   2.728000e+01 3.136603e+01 3.000000e+00
      vertex   2.728000e+01 3.143969e+01 3.157980e+00
      vertex   3.093333e+01 3.143969e+01 3.157980e+00
    endloop
  endfacet
  facet normal 0.000000e+00 9.659258e-01 -2.588190e-01
    outer loop
      vertex   3.093333e+01 3.143969e+01 3.157980e+00
      vertex   2.728000e+01 3.143969e+01 3.157980e+00
      vertex   3.093333e+01 3.148481e+01 3.326352e+00
    endloop
  endfacet
  facet normal -5.699830e-19 9.659258e-01 -2.588190e-01
    outer loop
      vertex   3.093333e+01 3.143969e+01 3.157980e+00
      vertex   3.093333e+01 3.148481e+01 3.326352e+00
      vertex   3.458667e+01 3.148481e+01 3.326352e+00
    endloop
  endfacet
  facet normal 0.000000e+00 9.961947e-01 -8.715574e-02
    outer loop
      vertex   3.458667e+01 3.148481e+01 3.326352e+00
      vertex   3.093333e+01 3.148481e+01 3.326352e+00
      vertex   4.824006e+01 3.150000e+01 3.500000e+00
    endloop
  endfacet
  facet normal 0.000000e+00 7.071068e-01 -7.071068e-01
    outer loop
      vertex   1.997333e+01 3.126604e+01 2.857212e+00
      vertex   1.632000e+01 3.114279e+01 2.733955e+00
      vertex   1.632000e+01 3.126604e+01 2.857212e+00
    endloop
  endfacet
  facet normal -8.595397e-17 7.071068e-01 -7.071068e-01
    outer loop
      vertex   2.728000e+01 3.114279e+01 2.733955e+00
      vertex   3.093333e+01 3.126604e+01 2.857212e+00
      vertex   3.093333e+01 3.114279e+01 2.733955e+00
    endloop
  endfacet
  facet normal -2.970782e-19 7.071068e-01 -7.071068e-01
    outer loop
      vertex   3.093333e+01 3.114279e+01 2.733955e+00
      vertex   3.093333e+01 3.126604e+01 2.857212e+00
      vertex   3.458667e+01 3.126604e+01 2.857212e+00
    endloop
  endfacet
  facet normal 0.000000e+00 7.071068e-01 -7.071068e-01
    outer loop
      vertex   3.093333e+01 3.114279e+01 2.733955e+00
      vertex   3.458667e+01 3.126604e+01 2.857212e+00
      vertex   3.458667e+01 3.114279e+01 2.733955e+00
    endloop
  endfacet
  facet normal -2.970782e-19 7.071068e-01 -7.071068e-01
    outer loop
      vertex   3.458667e+01 3.114279e+01 2.733955e+00
      vertex   3.458667e+01 3.126604e+01 2.857212e+00
      vertex   3.824000e+01 3.126604e+01 2.857212e+00
    endloop
  endfacet
  facet normal 0.000000e+00 7.071068e-01 -7.071068e-01
    outer loop
      vertex   4.554667e+01 3.126604e+01 2.857212e+00
      vertex   4.189333e+01 3.114279e+01 2.733955e+00
      vertex   4.189333e+01 3.126604e+01 2.857212e+00
    endloop
  endfacet
  facet normal -2.970782e-19 7.071068e-01 -7.071068e-01
    outer loop
      vertex   4.189333e+01 3.126604e+01 2.857212e+00
      vertex   4.189333e+01 3.114279e+01 2.733955e+00
      vertex   3.824000e+01 3.114279e+01 2.733955e+00
    endloop
  endfacet
  facet normal 6.984730e-17 8.191520e-01 -5.735764e-01
    outer loop
      vertex   5.360000e+00 3.136603e+01 3.000000e+00
      vertex   5.360000e+00 3.126604e+01 2.857212e+00
      vertex   1.706667e+00 3.126604e+01 2.857212e+00
    endloop
  endfacet
  facet normal 0.000000e+00 8.191520e-01 -5.735764e-01
    outer loop
      vertex   5.360000e+00 3.136603e+01 3.000000e+00
      vertex   1.706667e+00 3.126604e+01 2.857212e+00
      vertex   1.706667e+00 3.136603e+01 3.000000e+00
    endloop
  endfacet
  facet normal 0.000000e+00 8.191520e-01 -5.735764e-01
    outer loop
      vertex   1.997333e+01 3.126604e+01 2.857212e+00
      vertex   1.632000e+01 3.126604e+01 2.857212e+00
      vertex   1.997333e+01 3.136603e+01 3.000000e+00
    endloop
  endfacet
  facet normal 0.000000e+00 8.191520e-01 -5.735764e-01
    outer loop
      vertex   1.997333e+01 3.136603e+01 3.000000e+00
      vertex   1.632000e+01 3.126604e+01 2.857212e+00
      vertex   1.632000e+01 3.136603e+01 3.000000e+00
    endloop
  endfacet
  facet normal 0.000000e+00 9.063078e-01 -4.226183e-01
    outer loop
      vertex   1.997333e+01 3.136603e+01 3.000000e+00
      vertex   1.632000e+01 3.136603e+01 3.000000e+00
      vertex   1.997333e+01 3.143969e+01 3.157980e+00
    endloop
  endfacet
  facet normal 5.137232e-17 9.063078e-01 -4.226183e-01
    outer loop
      vertex   1.997333e+01 3.143969e+01 3.157980e+00
      vertex   1.632000e+01 3.136603e+01 3.000000e+00
      vertex   1.632000e+01 3.143969e+01 3.157980e+00
    endloop
  endfacet
  facet normal 3.146134e-17 9.659258e-01 -2.588190e-01
    outer loop
      vertex   1.997333e+01 3.143969e+01 3.157980e+00
      vertex   1.632000e+01 3.143969e+01 3.157980e+00
      vertex   1.997333e+01 3.148481e+01 3.326352e+00
    endloop
  endfacet
  facet normal 0.000000e+00 9.659258e-01 -2.588190e-01
    outer loop
      vertex   1.997333e+01 3.148481e+01 3.326352e+00
      vertex   1.632000e+01 3.143969e+01 3.157980e+00
      vertex   1.632000e+01 3.148481e+01 3.326352e+00
    endloop
  endfacet
  facet normal 0.000000e+00 8.191520e-01 -5.735764e-01
    outer loop
      vertex   3.093333e+01 3.126604e+01 2.857212e+00
      vertex   3.458667e+01 3.136603e+01 3.000000e+00
      vertex   3.458667e+01 3.126604e+01 2.857212e+00
    endloop
  endfacet
  facet normal 1.227814e-18 8.191520e-01 -5.735764e-01
    outer loop
      vertex   3.458667e+01 3.126604e+01 2.857212e+00
      vertex   3.458667e+01 3.136603e+01 3.000000e+00
      vertex   3.824000e+01 3.136603e+01 3.000000e+00
    endloop
  endfacet
  facet normal 0.000000e+00 8.191520e-01 -5.735764e-01
    outer loop
      vertex   3.458667e+01 3.126604e+01 2.857212e+00
      vertex   3.824000e+01 3.136603e+01 3.000000e+00
      vertex   3.824000e+01 3.126604e+01 2.857212e+00
    endloop
  endfacet
  facet normal 1.227814e-18 8.191520e-01 -5.735764e-01
    outer loop
      vertex   3.824000e+01 3.126604e+01 2.857212e+00
      vertex   3.824000e+01 3.136603e+01 3.000000e+00
      vertex   4.189333e+01 3.136603e+01 3.000000e+00
    endloop
  endfacet
  facet normal 1.227814e-18 8.191520e-01 -5.735764e-01
    outer loop
      vertex   4.554667e+01 3.136603e+01 3.000000e+00
      vertex   4.554667e+01 3.126604e+01 2.857212e+00
      vertex   4.189333e+01 3.126604e+01 2.857212e+00
    endloop
  endfacet
  facet normal -9.219575e-19 9.063078e-01 -4.226183e-01
    outer loop
      vertex   5.360000e+00 3.143969e+01 3.157980e+00
      vertex   5.360000e+00 3.136603e+01 3.000000e+00
      vertex   1.706667e+00 3.136603e+01 3.000000e+00
    endloop
  endfacet
  facet normal 0.000000e+00 9.063078e-01 -4.226183e-01
    outer loop
      vertex   5.360000e+00 3.143969e+01 3.157980e+00
      vertex   1.706667e+00 3.136603e+01 3.000000e+00
      vertex   1.706667e+00 3.143969e+01 3.157980e+00
    endloop
  endfacet
  facet normal 1.249169e-19 8.191520e-01 -5.735764e-01
    outer loop
      vertex   1.997333e+01 3.126604e+01 2.857212e+00
      vertex   1.997333e+01 3.136603e+01 3.000000e+00
      vertex   2.362667e+01 3.136603e+01 3.000000e+00
    endloop
  endfacet
  facet normal 0.000000e+00 9.063078e-01 -4.226183e-01
    outer loop
      vertex   2.362667e+01 3.136603e+01 3.000000e+00
      vertex   1.997333e+01 3.136603e+01 3.000000e+00
      vertex   2.362667e+01 3.143969e+01 3.157980e+00
    endloop
  endfacet
  facet normal -1.306573e-18 9.063078e-01 -4.226183e-01
    outer loop
      vertex   2.362667e+01 3.136603e+01 3.000000e+00
      vertex   2.362667e+01 3.143969e+01 3.157980e+00
      vertex   2.728000e+01 3.143969e+01 3.157980e+00
    endloop
  endfacet
  facet normal 0.000000e+00 9.659258e-01 -2.588190e-01
    outer loop
      vertex   2.728000e+01 3.143969e+01 3.157980e+00
      vertex   2.362667e+01 3.143969e+01 3.157980e+00
      vertex   2.728000e+01 3.148481e+01 3.326352e+00
    endloop
  endfacet
  facet normal -5.699830e-19 9.659258e-01 -2.588190e-01
    outer loop
      vertex   2.728000e+01 3.143969e+01 3.157980e+00
      vertex   2.728000e+01 3.148481e+01 3.326352e+00
      vertex   3.093333e+01 3.148481e+01 3.326352e+00
    endloop
  endfacet
  facet normal 0.000000e+00 9.961947e-01 -8.715574e-02
    outer loop
      vertex   3.093333e+01 3.148481e+01 3.326352e+00
      vertex   2.728000e+01 3.148481e+01 3.326352e+00
      vertex   4.824006e+01 3.150000e+01 3.500000e+00
    endloop
  endfacet
  facet normal 0.000000e+00 9.063078e-01 -4.226183e-01
    outer loop
      vertex   2.362667e+01 3.143969e+01 3.157980e+00
      vertex   1.997333e+01 3.136603e+01 3.000000e+00
      vertex   1.997333e+01 3.143969e+01 3.157980e+00
    endloop
  endfacet
  facet normal 0.000000e+00 9.063078e-01 -4.226183e-01
    outer loop
      vertex   3.458667e+01 3.136603e+01 3.000000e+00
      vertex   3.824000e+01 3.143969e+01 3.157980e+00
      vertex   3.824000e+01 3.136603e+01 3.000000e+00
    endloop
  endfacet
  facet normal -1.306573e-18 9.063078e-01 -4.226183e-01
    outer loop
      vertex   3.824000e+01 3.136603e+01 3.000000e+00
      vertex   3.824000e+01 3.143969e+01 3.157980e+00
      vertex   4.189333e+01 3.143969e+01 3.157980e+00
    endloop
  endfacet
  facet normal 0.000000e+00 9.063078e-01 -4.226183e-01
    outer loop
      vertex   3.824000e+01 3.136603e+01 3.000000e+00
      vertex   4.189333e+01 3.143969e+01 3.157980e+00
      vertex   4.189333e+01 3.136603e+01 3.000000e+00
    endloop
  endfacet
  facet normal -1.306573e-18 9.063078e-01 -4.226183e-01
    outer loop
      vertex   4.189333e+01 3.136603e+01 3.000000e+00
      vertex   4.189333e+01 3.143969e+01 3.157980e+00
      vertex   4.554667e+01 3.143969e+01 3.157980e+00
    endloop
  endfacet
  facet normal 6.572724e-19 9.659258e-01 -2.588190e-01
    outer loop
      vertex   5.360000e+00 3.148481e+01 3.326352e+00
      vertex   5.360000e+00 3.143969e+01 3.157980e+00
      vertex   1.706667e+00 3.143969e+01 3.157980e+00
    endloop
  endfacet
  facet normal 0.000000e+00 9.659258e-01 -2.588190e-01
    outer loop
      vertex   5.360000e+00 3.148481e+01 3.326352e+00
      vertex   1.706667e+00 3.143969e+01 3.157980e+00
      vertex   1.706667e+00 3.148481e+01 3.326352e+00
    endloop
  endfacet
  facet normal 0.000000e+00 9.659258e-01 -2.588190e-01
    outer loop
      vertex   1.266667e+01 3.148481e+01 3.326352e+00
      vertex   9.013333e+00 3.143969e+01 3.157980e+00
      vertex   9.013333e+00 3.148481e+01 3.326352e+00
    endloop
  endfacet
  facet normal 0.000000e+00 9.659258e-01 -2.588190e-01
    outer loop
      vertex   2.362667e+01 3.143969e+01 3.157980e+00
      vertex   1.997333e+01 3.143969e+01 3.157980e+00
      vertex   2.362667e+01 3.148481e+01 3.326352e+00
    endloop
  endfacet
  facet normal 0.000000e+00 9.659258e-01 -2.588190e-01
    outer loop
      vertex   2.362667e+01 3.148481e+01 3.326352e+00
      vertex   1.997333e+01 3.143969e+01 3.157980e+00
      vertex   1.997333e+01 3.148481e+01 3.326352e+00
    endloop
  endfacet
  facet normal 0.000000e+00 9.961947e-01 -8.715574e-02
    outer loop
      vertex   2.362667e+01 3.148481e+01 3.326352e+00
      vertex   1.997333e+01 3.148481e+01 3.326352e+00
      vertex   4.824006e+01 3.150000e+01 3.500000e+00
    endloop
  endfacet
  facet normal -4.352138e-19 9.659258e-01 -2.588190e-01
    outer loop
      vertex   4.554667e+01 3.148481e+01 3.326352e+00
      vertex   4.554667e+01 3.143969e+01 3.157980e+00
      vertex   4.189333e+01 3.143969e+01 3.157980e+00
    endloop
  endfacet
  facet normal 0.000000e+00 9.659258e-01 -2.588190e-01
    outer loop
      vertex   4.554667e+01 3.148481e+01 3.326352e+00
      vertex   4.189333e+01 3.143969e+01 3.157980e+00
      vertex   4.189333e+01 3.148481e+01 3.326352e+00
    endloop
  endfacet
  facet normal -4.352138e-19 9.659258e-01 -2.588190e-01
    outer loop
      vertex   4.189333e+01 3.148481e+01 3.326352e+00
      vertex   4.189333e+01 3.143969e+01 3.157980e+00
      vertex   3.824000e+01 3.143969e+01 3.157980e+00
    endloop
  endfacet
  facet normal -1.486646e-19 9.961947e-01 -8.715574e-02
    outer loop
      vertex   -5.600000e+00 3.150000e+01 3.500000e+00
      vertex   1.266667e+01 3.148481e+01 3.326352e+00
      vertex   9.013333e+00 3.148481e+01 3.326352e+00
    endloop
  endfacet
  facet normal 7.567262e-20 9.961947e-01 -8.715574e-02
    outer loop
      vertex   4.824006e+01 3.150000e+01 3.500000e+00
      vertex   2.728000e+01 3.148481e+01 3.326352e+00
      vertex   2.362667e+01 3.148481e+01 3.326352e+00
    endloop
  endfacet
  facet normal 0.000000e+00 9.659258e-01 -2.588190e-01
    outer loop
      vertex   2.362667e+01 3.148481e+01 3.326352e+00
      vertex   2.728000e+01 3.148481e+01 3.326352e+00
      vertex   2.362667e+01 3.143969e+01 3.157980e+00
    endloop
  endfacet
  facet normal 9.978935e-01 -5.933822e-02 -2.621953e-02
    outer loop
      vertex   4.919331e+01 2.738448e+01 2.506692e+00
      vertex   4.920000e+01 2.750000e+01 2.500000e+00
      vertex   4.920946e+01 2.732635e+01 3.253130e+00
    endloop
  endfacet
  facet normal 9.947314e-01 -9.645073e-02 -3.473679e-02
    outer loop
      vertex   4.920946e+01 2.732635e+01 3.253130e+00
      vertex   4.920000e+01 2.750000e+01 2.500000e+00
      vertex   4.922801e+01 2.750000e+01 3.302199e+00
    endloop
  endfacet
  facet normal 9.921235e-01 -7.837544e-02 -9.771563e-02
    outer loop
      vertex   4.920946e+01 2.732635e+01 3.253130e+00
      vertex   4.922801e+01 2.750000e+01 3.302199e+00
      vertex   4.928332e+01 2.732635e+01 4.003034e+00
    endloop
  endfacet
  facet normal 9.890734e-01 -1.045319e-01 -1.039558e-01
    outer loop
      vertex   4.928332e+01 2.732635e+01 4.003034e+00
      vertex   4.922801e+01 2.750000e+01 3.302199e+00
      vertex   4.931192e+01 2.750000e+01 4.100491e+00
    endloop
  endfacet
  facet normal 9.841622e-01 -7.087438e-02 -1.624858e-01
    outer loop
      vertex   4.928332e+01 2.732635e+01 4.003034e+00
      vertex   4.931192e+01 2.750000e+01 4.100491e+00
      vertex   4.940607e+01 2.732635e+01 4.746502e+00
    endloop
  endfacet
  facet normal 9.786830e-01 -1.113540e-01 -1.725682e-01
    outer loop
      vertex   4.940607e+01 2.732635e+01 4.746502e+00
      vertex   4.931192e+01 2.750000e+01 4.100491e+00
      vertex   4.945130e+01 2.750000e+01 4.890984e+00
    endloop
  endfacet
  facet normal 9.718419e-01 -6.461403e-02 -2.266017e-01
    outer loop
      vertex   4.940607e+01 2.732635e+01 4.746502e+00
      vertex   4.945130e+01 2.750000e+01 4.890984e+00
      vertex   4.957718e+01 2.732635e+01 5.480351e+00
    endloop
  endfacet
  facet normal 9.636403e-01 -1.169243e-01 -2.402625e-01
    outer loop
      vertex   4.957718e+01 2.732635e+01 5.480351e+00
      vertex   4.945130e+01 2.750000e+01 4.890984e+00
      vertex   4.964549e+01 2.750000e+01 5.669830e+00
    endloop
  endfacet
  facet normal 9.552392e-01 -5.960007e-02 -2.897686e-01
    outer loop
      vertex   4.957718e+01 2.732635e+01 5.480351e+00
      vertex   4.964549e+01 2.750000e+01 5.669830e+00
      vertex   4.979592e+01 2.732635e+01 6.201437e+00
    endloop
  endfacet
  facet normal 9.440397e-01 -1.212492e-01 -3.067371e-01
    outer loop
      vertex   4.979592e+01 2.732635e+01 6.201437e+00
      vertex   4.964549e+01 2.750000e+01 5.669830e+00
      vertex   4.989353e+01 2.750000e+01 6.433232e+00
    endloop
  endfacet
  facet normal 9.344458e-01 -5.583653e-02 -3.517005e-01
    outer loop
      vertex   4.979592e+01 2.732635e+01 6.201437e+00
      vertex   4.989353e+01 2.750000e+01 6.433232e+00
      vertex   5.006135e+01 2.732635e+01 6.906673e+00
    endloop
  endfacet
  facet normal 9.199893e-01 -1.243343e-01 -3.716998e-01
    outer loop
      vertex   5.006135e+01 2.732635e+01 6.906673e+00
      vertex   4.989353e+01 2.750000e+01 6.433232e+00
      vertex   5.019423e+01 2.750000e+01 7.177471e+00
    endloop
  endfacet
  facet normal 9.095678e-01 -5.332613e-02 -4.121198e-01
    outer loop
      vertex   5.006135e+01 2.732635e+01 6.906673e+00
      vertex   5.019423e+01 2.750000e+01 7.177471e+00
      vertex   5.037234e+01 2.732635e+01 7.593039e+00
    endloop
  endfacet
  facet normal 8.916099e-01 -1.261837e-01 -4.348672e-01
    outer loop
      vertex   5.037234e+01 2.732635e+01 7.593039e+00
      vertex   5.019423e+01 2.750000e+01 7.177471e+00
      vertex   5.054610e+01 2.750000e+01 7.898923e+00
    endloop
  endfacet
  facet normal 8.807249e-01 -5.207054e-02 -4.707572e-01
    outer loop
      vertex   5.037234e+01 2.732635e+01 7.593039e+00
      vertex   5.054610e+01 2.750000e+01 7.898923e+00
      vertex   5.072755e+01 2.732635e+01 8.257596e+00
    endloop
  endfacet
  facet normal 8.590351e-01 -1.267999e-01 -4.959642e-01
    outer loop
      vertex   5.072755e+01 2.732635e+01 8.257596e+00
      vertex   5.054610e+01 2.750000e+01 7.898923e+00
      vertex   5.094745e+01 2.750000e+01 8.594071e+00
    endloop
  endfacet
  facet normal 8.480502e-01 -5.207054e-02 -5.273515e-01
    outer loop
      vertex   5.072755e+01 2.732635e+01 8.257596e+00
      vertex   5.094745e+01 2.750000e+01 8.594071e+00
      vertex   5.112547e+01 2.732635e+01 8.897498e+00
    endloop
  endfacet
  facet normal 8.224110e-01 -1.261837e-01 -5.547232e-01
    outer loop
      vertex   5.112547e+01 2.732635e+01 8.897498e+00
      vertex   5.094745e+01 2.750000e+01 8.594071e+00
      vertex   5.139630e+01 2.750000e+01 9.259530e+00
    endloop
  endfacet
  facet normal 8.116901e-01 -5.332613e-02 -5.816489e-01
    outer loop
      vertex   5.112547e+01 2.732635e+01 8.897498e+00
      vertex   5.139630e+01 2.750000e+01 9.259530e+00
      vertex   5.156438e+01 2.732635e+01 9.510005e+00
    endloop
  endfacet
  facet normal 7.818961e-01 -1.243343e-01 -6.108842e-01
    outer loop
      vertex   5.156438e+01 2.732635e+01 9.510005e+00
      vertex   5.139630e+01 2.750000e+01 9.259530e+00
      vertex   5.189049e+01 2.750000e+01 9.892057e+00
    endloop
  endfacet
  facet normal 7.718045e-01 -5.583653e-02 -6.334036e-01
    outer loop
      vertex   5.156438e+01 2.732635e+01 9.510005e+00
      vertex   5.189049e+01 2.750000e+01 9.892057e+00
      vertex   5.204242e+01 2.732635e+01 1.009249e+01
    endloop
  endfacet
  facet normal 7.376620e-01 -1.212492e-01 -6.641938e-01
    outer loop
      vertex   5.204242e+01 2.732635e+01 1.009249e+01
      vertex   5.189049e+01 2.750000e+01 9.892057e+00
      vertex   5.242759e+01 2.750000e+01 1.048857e+01
    endloop
  endfacet
  facet normal 7.285666e-01 -5.960007e-02 -6.823771e-01
    outer loop
      vertex   5.204242e+01 2.732635e+01 1.009249e+01
      vertex   5.242759e+01 2.750000e+01 1.048857e+01
      vertex   5.255753e+01 2.732635e+01 1.064247e+01
    endloop
  endfacet
  facet normal 6.898936e-01 -1.169243e-01 -7.144057e-01
    outer loop
      vertex   5.255753e+01 2.732635e+01 1.064247e+01
      vertex   5.242759e+01 2.750000e+01 1.048857e+01
      vertex   5.300500e+01 2.750000e+01 1.104617e+01
    endloop
  endfacet
  facet normal 6.821638e-01 -6.461403e-02 -7.283389e-01
    outer loop
      vertex   5.255753e+01 2.732635e+01 1.064247e+01
      vertex   5.300500e+01 2.750000e+01 1.104617e+01
      vertex   5.310751e+01 2.732635e+01 1.115758e+01
    endloop
  endfacet
  facet normal 6.387900e-01 -1.113540e-01 -7.612803e-01
    outer loop
      vertex   5.310751e+01 2.732635e+01 1.115758e+01
      vertex   5.300500e+01 2.750000e+01 1.104617e+01
      vertex   5.361989e+01 2.750000e+01 1.156212e+01
    endloop
  endfacet
  facet normal 6.327979e-01 -7.087438e-02 -7.710665e-01
    outer loop
      vertex   5.310751e+01 2.732635e+01 1.115758e+01
      vertex   5.361989e+01 2.750000e+01 1.156212e+01
      vertex   5.369000e+01 2.732635e+01 1.163562e+01
    endloop
  endfacet
  facet normal 5.845651e-01 -1.045319e-01 -8.045848e-01
    outer loop
      vertex   5.369000e+01 2.732635e+01 1.163562e+01
      vertex   5.361989e+01 2.750000e+01 1.156212e+01
      vertex   5.426928e+01 2.750000e+01 1.203393e+01
    endloop
  endfacet
  facet normal 5.806859e-01 -7.837544e-02 -8.103463e-01
    outer loop
      vertex   5.369000e+01 2.732635e+01 1.163562e+01
      vertex   5.426928e+01 2.750000e+01 1.203393e+01
      vertex   5.430250e+01 2.732635e+01 1.207453e+01
    endloop
  endfacet
  facet normal 5.274487e-01 -9.645073e-02 -8.440943e-01
    outer loop
      vertex   5.430250e+01 2.732635e+01 1.207453e+01
      vertex   5.426928e+01 2.750000e+01 1.203393e+01
      vertex   5.495000e+01 2.750000e+01 1.245929e+01
    endloop
  endfacet
  facet normal 5.260605e-01 -8.710943e-02 -8.459742e-01
    outer loop
      vertex   5.430250e+01 2.732635e+01 1.207453e+01
      vertex   5.495000e+01 2.750000e+01 1.245929e+01
      vertex   5.494240e+01 2.732635e+01 1.247245e+01
    endloop
  endfacet
  facet normal 4.696048e-01 -8.710943e-02 -8.785689e-01
    outer loop
      vertex   5.494240e+01 2.732635e+01 1.247245e+01
      vertex   5.495000e+01 2.750000e+01 1.245929e+01
      vertex   5.560696e+01 2.732635e+01 1.282766e+01
    endloop
  endfacet
  facet normal 4.553506e-01 -2.586897e-01 -8.519011e-01
    outer loop
      vertex   5.494240e+01 2.732635e+01 1.247245e+01
      vertex   5.560696e+01 2.732635e+01 1.282766e+01
      vertex   5.558701e+01 2.715798e+01 1.286812e+01
    endloop
  endfacet
  facet normal 3.986587e-01 -2.586897e-01 -8.798584e-01
    outer loop
      vertex   5.558701e+01 2.715798e+01 1.286812e+01
      vertex   5.560696e+01 2.732635e+01 1.282766e+01
      vertex   5.627606e+01 2.715798e+01 1.318033e+01
    endloop
  endfacet
  facet normal 3.740754e-01 -4.224324e-01 -8.256019e-01
    outer loop
      vertex   5.558701e+01 2.715798e+01 1.286812e+01
      vertex   5.627606e+01 2.715798e+01 1.318033e+01
      vertex   5.624787e+01 2.700000e+01 1.324839e+01
    endloop
  endfacet
  facet normal 3.192775e-01 -4.224324e-01 -8.482999e-01
    outer loop
      vertex   5.624787e+01 2.700000e+01 1.324839e+01
      vertex   5.627606e+01 2.715798e+01 1.318033e+01
      vertex   5.696038e+01 2.700000e+01 1.351656e+01
    endloop
  endfacet
  facet normal 2.885972e-01 -5.733703e-01 -7.667843e-01
    outer loop
      vertex   5.624787e+01 2.700000e+01 1.324839e+01
      vertex   5.696038e+01 2.700000e+01 1.351656e+01
      vertex   5.692824e+01 2.685721e+01 1.361124e+01
    endloop
  endfacet
  facet normal 2.378292e-01 -5.733703e-01 -7.840177e-01
    outer loop
      vertex   5.692824e+01 2.685721e+01 1.361124e+01
      vertex   5.696038e+01 2.700000e+01 1.351656e+01
      vertex   5.766303e+01 2.685721e+01 1.383413e+01
    endloop
  endfacet
  facet normal 2.053172e-01 -7.069174e-01 -6.768402e-01
    outer loop
      vertex   5.692824e+01 2.685721e+01 1.361124e+01
      vertex   5.766303e+01 2.685721e+01 1.383413e+01
      vertex   5.763113e+01 2.673396e+01 1.395319e+01
    endloop
  endfacet
  facet normal 1.606102e-01 -7.069174e-01 -6.888194e-01
    outer loop
      vertex   5.763113e+01 2.673396e+01 1.395319e+01
      vertex   5.766303e+01 2.685721e+01 1.383413e+01
      vertex   5.838677e+01 2.673396e+01 1.412938e+01
    endloop
  endfacet
  facet normal 1.302924e-01 -8.190077e-01 -5.587936e-01
    outer loop
      vertex   5.763113e+01 2.673396e+01 1.395319e+01
      vertex   5.838677e+01 2.673396e+01 1.412938e+01
      vertex   5.835892e+01 2.663397e+01 1.426942e+01
    endloop
  endfacet
  facet normal 9.346658e-02 -8.190077e-01 -5.661187e-01
    outer loop
      vertex   5.835892e+01 2.663397e+01 1.426942e+01
      vertex   5.838677e+01 2.673396e+01 1.412938e+01
      vertex   5.913369e+01 2.663397e+01 1.439734e+01
    endloop
  endfacet
  facet normal 6.887289e-02 -9.062211e-01 -4.171569e-01
    outer loop
      vertex   5.835892e+01 2.663397e+01 1.426942e+01
      vertex   5.913369e+01 2.663397e+01 1.439734e+01
      vertex   5.911307e+01 2.656031e+01 1.455397e+01
    endloop
  endfacet
  facet normal 4.144206e-02 -9.062211e-01 -4.207683e-01
    outer loop
      vertex   5.911307e+01 2.656031e+01 1.455397e+01
      vertex   5.913369e+01 2.663397e+01 1.439734e+01
      vertex   5.990483e+01 2.656031e+01 1.463195e+01
    endloop
  endfacet
  facet normal 2.538138e-02 -9.658912e-01 -2.577015e-01
    outer loop
      vertex   5.911307e+01 2.656031e+01 1.455397e+01
      vertex   5.990483e+01 2.656031e+01 1.463195e+01
      vertex   5.989382e+01 2.651519e+01 1.479996e+01
    endloop
  endfacet
  facet normal 8.472554e-03 -9.658912e-01 -2.588098e-01
    outer loop
      vertex   5.989382e+01 2.651519e+01 1.479996e+01
      vertex   5.990483e+01 2.656031e+01 1.463195e+01
      vertex   6.070000e+01 2.651519e+01 1.482635e+01
    endloop
  endfacet
  facet normal 2.853172e-03 -9.961906e-01 -8.715539e-02
    outer loop
      vertex   5.989382e+01 2.651519e+01 1.479996e+01
      vertex   6.070000e+01 2.651519e+01 1.482635e+01
      vertex   6.070000e+01 2.650000e+01 1.500000e+01
    endloop
  endfacet
  facet normal -2.853172e-03 -9.961906e-01 -8.715539e-02
    outer loop
      vertex   6.070000e+01 2.650000e+01 1.500000e+01
      vertex   6.070000e+01 2.651519e+01 1.482635e+01
      vertex   6.150618e+01 2.651519e+01 1.479996e+01
    endloop
  endfacet
  facet normal -2.969754e-03 -9.961494e-01 -8.762209e-02
    outer loop
      vertex   6.070000e+01 2.650000e+01 1.500000e+01
      vertex   6.150618e+01 2.651519e+01 1.479996e+01
      vertex   6.154635e+01 2.650000e+01 1.497131e+01
    endloop
  endfacet
  facet normal -8.502988e-03 -9.962301e-01 -8.633229e-02
    outer loop
      vertex   6.154635e+01 2.650000e+01 1.497131e+01
      vertex   6.150618e+01 2.651519e+01 1.479996e+01
      vertex   6.230891e+01 2.651519e+01 1.472090e+01
    endloop
  endfacet
  facet normal -8.940129e-03 -9.961107e-01 -8.765622e-02
    outer loop
      vertex   6.154635e+01 2.650000e+01 1.497131e+01
      vertex   6.230891e+01 2.651519e+01 1.472090e+01
      vertex   6.238881e+01 2.650000e+01 1.488539e+01
    endloop
  endfacet
  facet normal -1.406361e-02 -9.962661e-01 -8.518201e-02
    outer loop
      vertex   6.238881e+01 2.650000e+01 1.488539e+01
      vertex   6.230891e+01 2.651519e+01 1.472090e+01
      vertex   6.310475e+01 2.651519e+01 1.458950e+01
    endloop
  endfacet
  facet normal -1.492360e-02 -9.960744e-01 -8.725304e-02
    outer loop
      vertex   6.238881e+01 2.650000e+01 1.488539e+01
      vertex   6.310475e+01 2.651519e+01 1.458950e+01
      vertex   6.322352e+01 2.650000e+01 1.474262e+01
    endloop
  endfacet
  facet normal -1.951869e-02 -9.962989e-01 -8.371109e-02
    outer loop
      vertex   6.322352e+01 2.650000e+01 1.474262e+01
      vertex   6.310475e+01 2.651519e+01 1.458950e+01
      vertex   6.389029e+01 2.651519e+01 1.440634e+01
    endloop
  endfacet
  facet normal -2.088607e-02 -9.960406e-01 -8.641064e-02
    outer loop
      vertex   6.322352e+01 2.650000e+01 1.474262e+01
      vertex   6.389029e+01 2.651519e+01 1.440634e+01
      vertex   6.404665e+01 2.650000e+01 1.454367e+01
    endloop
  endfacet
  facet normal -2.485221e-02 -9.963284e-01 -8.192675e-02
    outer loop
      vertex   6.404665e+01 2.650000e+01 1.454367e+01
      vertex   6.389029e+01 2.651519e+01 1.440634e+01
      vertex   6.466218e+01 2.651519e+01 1.417219e+01
    endloop
  endfacet
  facet normal -2.679322e-02 -9.960095e-01 -8.512993e-02
    outer loop
      vertex   6.404665e+01 2.650000e+01 1.454367e+01
      vertex   6.466218e+01 2.651519e+01 1.417219e+01
      vertex   6.485442e+01 2.650000e+01 1.428944e+01
    endloop
  endfacet
  facet normal -3.004850e-02 -9.963549e-01 -7.983694e-02
    outer loop
      vertex   6.485442e+01 2.650000e+01 1.428944e+01
      vertex   6.466218e+01 2.651519e+01 1.417219e+01
      vertex   6.541709e+01 2.651519e+01 1.388806e+01
    endloop
  endfacet
  facet normal -3.261071e-02 -9.959812e-01 -8.341469e-02
    outer loop
      vertex   6.485442e+01 2.650000e+01 1.428944e+01
      vertex   6.541709e+01 2.651519e+01 1.388806e+01
      vertex   6.564312e+01 2.650000e+01 1.398110e+01
    endloop
  endfacet
  facet normal -3.509227e-02 -9.963784e-01 -7.745029e-02
    outer loop
      vertex   6.564312e+01 2.650000e+01 1.398110e+01
      vertex   6.541709e+01 2.651519e+01 1.388806e+01
      vertex   6.615181e+01 2.651519e+01 1.355517e+01
    endloop
  endfacet
  facet normal -3.830450e-02 -9.959557e-01 -8.127157e-02
    outer loop
      vertex   6.564312e+01 2.650000e+01 1.398110e+01
      vertex   6.615181e+01 2.651519e+01 1.355517e+01
      vertex   6.640914e+01 2.650000e+01 1.362006e+01
    endloop
  endfacet
  facet normal -3.996865e-02 -9.963990e-01 -7.477609e-02
    outer loop
      vertex   6.640914e+01 2.650000e+01 1.362006e+01
      vertex   6.615181e+01 2.651519e+01 1.355517e+01
      vertex   6.686318e+01 2.651519e+01 1.317493e+01
    endloop
  endfacet
  facet normal -4.384103e-02 -9.959331e-01 -7.871008e-02
    outer loop
      vertex   6.640914e+01 2.650000e+01 1.362006e+01
      vertex   6.686318e+01 2.651519e+01 1.317493e+01
      vertex   6.714895e+01 2.650000e+01 1.320799e+01
    endloop
  endfacet
  facet normal -4.466322e-02 -9.964168e-01 -7.182431e-02
    outer loop
      vertex   6.714895e+01 2.650000e+01 1.320799e+01
      vertex   6.686318e+01 2.651519e+01 1.317493e+01
      vertex   6.754815e+01 2.651519e+01 1.274899e+01
    endloop
  endfacet
  facet normal -4.918754e-02 -9.959135e-01 -7.574253e-02
    outer loop
      vertex   6.714895e+01 2.650000e+01 1.320799e+01
      vertex   6.754815e+01 2.651519e+01 1.274899e+01
      vertex   6.785917e+01 2.650000e+01 1.274677e+01
    endloop
  endfacet
  facet normal -4.916205e-02 -9.964318e-01 -6.860556e-02
    outer loop
      vertex   6.785917e+01 2.650000e+01 1.274677e+01
      vertex   6.754815e+01 2.651519e+01 1.274899e+01
      vertex   6.820381e+01 2.651519e+01 1.227915e+01
    endloop
  endfacet
  facet normal -5.431229e-02 -9.958969e-01 -7.238398e-02
    outer loop
      vertex   6.785917e+01 2.650000e+01 1.274677e+01
      vertex   6.820381e+01 2.651519e+01 1.227915e+01
      vertex   6.853652e+01 2.650000e+01 1.223853e+01
    endloop
  endfacet
  facet normal -5.345169e-02 -9.964441e-01 -6.513108e-02
    outer loop
      vertex   6.853652e+01 2.650000e+01 1.223853e+01
      vertex   6.820381e+01 2.651519e+01 1.227915e+01
      vertex   6.882733e+01 2.651519e+01 1.176744e+01
    endloop
  endfacet
  facet normal -5.918485e-02 -9.958835e-01 -6.865214e-02
    outer loop
      vertex   6.853652e+01 2.650000e+01 1.223853e+01
      vertex   6.882733e+01 2.651519e+01 1.176744e+01
      vertex   6.917791e+01 2.650000e+01 1.168559e+01
    endloop
  endfacet
  facet normal -5.751927e-02 -9.964537e-01 -6.141270e-02
    outer loop
      vertex   6.917791e+01 2.650000e+01 1.168559e+01
      vertex   6.882733e+01 2.651519e+01 1.176744e+01
      vertex   6.941605e+01 2.651519e+01 1.121605e+01
    endloop
  endfacet
  facet normal -6.377626e-02 -9.958733e-01 -6.456725e-02
    outer loop
      vertex   6.917791e+01 2.650000e+01 1.168559e+01
      vertex   6.941605e+01 2.651519e+01 1.121605e+01
      vertex   6.978039e+01 2.650000e+01 1.109049e+01
    endloop
  endfacet
  facet normal -6.135245e-02 -9.964607e-01 -5.746284e-02
    outer loop
      vertex   6.978039e+01 2.650000e+01 1.109049e+01
      vertex   6.941605e+01 2.651519e+01 1.121605e+01
      vertex   6.996744e+01 2.651519e+01 1.062733e+01
    endloop
  endfacet
  facet normal -6.805934e-02 -9.958663e-01 -6.015196e-02
    outer loop
      vertex   6.978039e+01 2.650000e+01 1.109049e+01
      vertex   6.996744e+01 2.651519e+01 1.062733e+01
      vertex   7.034120e+01 2.650000e+01 1.045596e+01
    endloop
  endfacet
  facet normal -6.493951e-02 -9.964650e-01 -5.329448e-02
    outer loop
      vertex   7.034120e+01 2.650000e+01 1.045596e+01
      vertex   6.996744e+01 2.651519e+01 1.062733e+01
      vertex   7.047915e+01 2.651519e+01 1.000381e+01
    endloop
  endfacet
  facet normal -7.200885e-02 -9.958625e-01 -5.543113e-02
    outer loop
      vertex   7.034120e+01 2.650000e+01 1.045596e+01
      vertex   7.047915e+01 2.651519e+01 1.000381e+01
      vertex   7.085775e+01 2.650000e+01 9.784920e+00
    endloop
  endfacet
  facet normal -6.826933e-02 -9.964668e-01 -4.892111e-02
    outer loop
      vertex   7.085775e+01 2.650000e+01 9.784920e+00
      vertex   7.047915e+01 2.651519e+01 1.000381e+01
      vertex   7.094899e+01 2.651519e+01 9.348154e+00
    endloop
  endfacet
  facet normal -7.560170e-02 -9.958620e-01 -5.043170e-02
    outer loop
      vertex   7.085775e+01 2.650000e+01 9.784920e+00
      vertex   7.094899e+01 2.651519e+01 9.348154e+00
      vertex   7.132769e+01 2.650000e+01 9.080444e+00
    endloop
  endfacet
  facet normal -7.133144e-02 -9.964659e-01 -4.435674e-02
    outer loop
      vertex   7.132769e+01 2.650000e+01 9.080444e+00
      vertex   7.094899e+01 2.651519e+01 9.348154e+00
      vertex   7.137493e+01 2.651519e+01 8.663176e+00
    endloop
  endfacet
  facet normal -7.881715e-02 -9.958647e-01 -4.518243e-02
    outer loop
      vertex   7.132769e+01 2.650000e+01 9.080444e+00
      vertex   7.137493e+01 2.651519e+01 8.663176e+00
      vertex   7.174885e+01 2.650000e+01 8.345766e+00
    endloop
  endfacet
  facet normal -7.411605e-02 -9.964624e-01 -3.961585e-02
    outer loop
      vertex   7.174885e+01 2.650000e+01 8.345766e+00
      vertex   7.137493e+01 2.651519e+01 8.663176e+00
      vertex   7.175517e+01 2.651519e+01 7.951806e+00
    endloop
  endfacet
  facet normal -8.163692e-02 -9.958706e-01 -3.971372e-02
    outer loop
      vertex   7.174885e+01 2.650000e+01 8.345766e+00
      vertex   7.175517e+01 2.651519e+01 7.951806e+00
      vertex   7.211930e+01 2.650000e+01 7.584259e+00
    endloop
  endfacet
  facet normal -7.661403e-02 -9.964564e-01 -3.471337e-02
    outer loop
      vertex   7.211930e+01 2.650000e+01 7.584259e+00
      vertex   7.175517e+01 2.651519e+01 7.951806e+00
      vertex   7.208806e+01 2.651519e+01 7.217091e+00
    endloop
  endfacet
  facet normal -8.404537e-02 -9.958797e-01 -3.405740e-02
    outer loop
      vertex   7.211930e+01 2.650000e+01 7.584259e+00
      vertex   7.208806e+01 2.651519e+01 7.217091e+00
      vertex   7.243733e+01 2.650000e+01 6.799417e+00
    endloop
  endfacet
  facet normal -7.881696e-02 -9.964476e-01 -2.966460e-02
    outer loop
      vertex   7.243733e+01 2.650000e+01 6.799417e+00
      vertex   7.208806e+01 2.651519e+01 7.217091e+00
      vertex   7.237219e+01 2.651519e+01 6.462176e+00
    endloop
  endfacet
  facet normal -8.602959e-02 -9.958921e-01 -2.824641e-02
    outer loop
      vertex   7.243733e+01 2.650000e+01 6.799417e+00
      vertex   7.237219e+01 2.651519e+01 6.462176e+00
      vertex   7.270150e+01 2.650000e+01 5.994842e+00
    endloop
  endfacet
  facet normal -8.071715e-02 -9.964363e-01 -2.448528e-02
    outer loop
      vertex   7.270150e+01 2.650000e+01 5.994842e+00
      vertex   7.237219e+01 2.651519e+01 6.462176e+00
      vertex   7.260634e+01 2.651519e+01 5.690295e+00
    endloop
  endfacet
  facet normal -8.757951e-02 -9.959076e-01 -2.231464e-02
    outer loop
      vertex   7.270150e+01 2.650000e+01 5.994842e+00
      vertex   7.260634e+01 2.651519e+01 5.690295e+00
      vertex   7.291059e+01 2.650000e+01 5.174227e+00
    endloop
  endfacet
  facet normal -8.230764e-02 -9.964222e-01 -1.919145e-02
    outer loop
      vertex   7.291059e+01 2.650000e+01 5.174227e+00
      vertex   7.260634e+01 2.651519e+01 5.690295e+00
      vertex   7.278950e+01 2.651519e+01 4.904752e+00
    endloop
  endfacet
  facet normal -8.868790e-02 -9.959261e-01 -1.629659e-02
    outer loop
      vertex   7.291059e+01 2.650000e+01 5.174227e+00
      vertex   7.278950e+01 2.651519e+01 4.904752e+00
      vertex   7.306363e+01 2.650000e+01 4.341339e+00
    endloop
  endfacet
  facet normal -8.358221e-02 -9.964053e-01 -1.379948e-02
    outer loop
      vertex   7.306363e+01 2.650000e+01 4.341339e+00
      vertex   7.278950e+01 2.651519e+01 4.904752e+00
      vertex   7.292090e+01 2.651519e+01 4.108912e+00
    endloop
  endfacet
  facet normal -9.000542e-02 -9.958928e-01 -9.821405e-03
    outer loop
      vertex   7.306363e+01 2.650000e+01 4.341339e+00
      vertex   7.292090e+01 2.651519e+01 4.108912e+00
      vertex   7.315582e+01 2.650001e+01 3.495540e+00
    endloop
  endfacet
  facet normal -8.816494e-02 -9.960642e-01 -9.112261e-03
    outer loop
      vertex   7.315582e+01 2.650001e+01 3.495540e+00
      vertex   7.292090e+01 2.651519e+01 4.108912e+00
      vertex   7.299557e+01 2.651577e+01 3.323090e+00
    endloop
  endfacet
  facet normal -2.577248e-01 -9.658897e-01 -2.520129e-02
    outer loop
      vertex   7.299557e+01 2.651577e+01 3.323090e+00
      vertex   7.292090e+01 2.651519e+01 4.108912e+00
      vertex   7.275397e+01 2.656031e+01 4.086935e+00
    endloop
  endfacet
  facet normal -2.585046e-01 -9.656744e-01 -2.546048e-02
    outer loop
      vertex   7.299557e+01 2.651577e+01 3.323090e+00
      vertex   7.275397e+01 2.656031e+01 4.086935e+00
      vertex   7.283195e+01 2.656031e+01 3.295170e+00
    endloop
  endfacet
  facet normal -4.207683e-01 -9.062211e-01 -4.144206e-02
    outer loop
      vertex   7.283195e+01 2.656031e+01 3.295170e+00
      vertex   7.275397e+01 2.656031e+01 4.086935e+00
      vertex   7.259734e+01 2.663397e+01 4.066314e+00
    endloop
  endfacet
  facet normal -4.207683e-01 -9.062211e-01 -4.144206e-02
    outer loop
      vertex   7.283195e+01 2.656031e+01 3.295170e+00
      vertex   7.259734e+01 2.663397e+01 4.066314e+00
      vertex   7.267431e+01 2.663397e+01 3.284837e+00
    endloop
  endfacet
  facet normal -5.710196e-01 -8.190077e-01 -5.624053e-02
    outer loop
      vertex   7.267431e+01 2.663397e+01 3.284837e+00
      vertex   7.259734e+01 2.663397e+01 4.066314e+00
      vertex   7.245577e+01 2.673396e+01 4.047677e+00
    endloop
  endfacet
  facet normal -5.710196e-01 -8.190077e-01 -5.624053e-02
    outer loop
      vertex   7.267431e+01 2.663397e+01 3.284837e+00
      vertex   7.245577e+01 2.673396e+01 4.047677e+00
      vertex   7.253183e+01 2.673396e+01 3.275499e+00
    endloop
  endfacet
  facet normal -7.038903e-01 -7.069174e-01 -6.932714e-02
    outer loop
      vertex   7.253183e+01 2.673396e+01 3.275499e+00
      vertex   7.245577e+01 2.673396e+01 4.047677e+00
      vertex   7.233357e+01 2.685721e+01 4.031588e+00
    endloop
  endfacet
  facet normal -7.038903e-01 -7.069174e-01 -6.932714e-02
    outer loop
      vertex   7.253183e+01 2.673396e+01 3.275499e+00
      vertex   7.233357e+01 2.685721e+01 4.031588e+00
      vertex   7.240883e+01 2.685721e+01 3.267437e+00
    endloop
  endfacet
  facet normal -8.153512e-01 -5.733703e-01 -8.030508e-02
    outer loop
      vertex   7.240883e+01 2.685721e+01 3.267437e+00
      vertex   7.233357e+01 2.685721e+01 4.031588e+00
      vertex   7.223444e+01 2.700000e+01 4.018538e+00
    endloop
  endfacet
  facet normal -8.153512e-01 -5.733703e-01 -8.030508e-02
    outer loop
      vertex   7.240883e+01 2.685721e+01 3.267437e+00
      vertex   7.223444e+01 2.700000e+01 4.018538e+00
      vertex   7.230907e+01 2.700000e+01 3.260898e+00
    endloop
  endfacet
  facet normal -9.020299e-01 -4.224324e-01 -8.884219e-02
    outer loop
      vertex   7.230907e+01 2.700000e+01 3.260898e+00
      vertex   7.223444e+01 2.700000e+01 4.018538e+00
      vertex   7.216141e+01 2.715798e+01 4.008923e+00
    endloop
  endfacet
  facet normal -9.020299e-01 -4.224324e-01 -8.884219e-02
    outer loop
      vertex   7.230907e+01 2.700000e+01 3.260898e+00
      vertex   7.216141e+01 2.715798e+01 4.008923e+00
      vertex   7.223556e+01 2.715798e+01 3.256080e+00
    endloop
  endfacet
  facet normal -9.613091e-01 -2.586897e-01 -9.468068e-02
    outer loop
      vertex   7.223556e+01 2.715798e+01 3.256080e+00
      vertex   7.216141e+01 2.715798e+01 4.008923e+00
      vertex   7.211668e+01 2.732635e+01 4.003034e+00
    endloop
  endfacet
  facet normal -9.613091e-01 -2.586897e-01 -9.468068e-02
    outer loop
      vertex   7.223556e+01 2.715798e+01 3.256080e+00
      vertex   7.211668e+01 2.732635e+01 4.003034e+00
      vertex   7.219054e+01 2.732635e+01 3.253130e+00
    endloop
  endfacet
  facet normal -9.921235e-01 -7.837544e-02 -9.771563e-02
    outer loop
      vertex   7.219054e+01 2.732635e+01 3.253130e+00
      vertex   7.211668e+01 2.732635e+01 4.003034e+00
      vertex   7.217199e+01 2.750000e+01 3.302199e+00
    endloop
  endfacet
  facet normal -9.947314e-01 -9.645073e-02 -3.473679e-02
    outer loop
      vertex   7.219054e+01 2.732635e+01 3.253130e+00
      vertex   7.217199e+01 2.750000e+01 3.302199e+00
      vertex   7.220000e+01 2.750000e+01 2.500000e+00
    endloop
  endfacet
  facet normal 4.672828e-01 -9.645073e-02 -8.788311e-01
    outer loop
      vertex   5.495000e+01 2.750000e+01 1.245929e+01
      vertex   5.565873e+01 2.750000e+01 1.283613e+01
      vertex   5.560696e+01 2.732635e+01 1.282766e+01
    endloop
  endfacet
  facet normal 4.114375e-01 -7.837544e-02 -9.080619e-01
    outer loop
      vertex   5.560696e+01 2.732635e+01 1.282766e+01
      vertex   5.565873e+01 2.750000e+01 1.283613e+01
      vertex   5.629333e+01 2.732635e+01 1.313865e+01
    endloop
  endfacet
  facet normal 3.986587e-01 -2.586897e-01 -8.798584e-01
    outer loop
      vertex   5.560696e+01 2.732635e+01 1.282766e+01
      vertex   5.629333e+01 2.732635e+01 1.313865e+01
      vertex   5.627606e+01 2.715798e+01 1.318033e+01
    endloop
  endfacet
  facet normal 3.402596e-01 -2.586897e-01 -9.040481e-01
    outer loop
      vertex   5.627606e+01 2.715798e+01 1.318033e+01
      vertex   5.629333e+01 2.732635e+01 1.313865e+01
      vertex   5.698406e+01 2.715798e+01 1.344680e+01
    endloop
  endfacet
  facet normal 3.192775e-01 -4.224324e-01 -8.482999e-01
    outer loop
      vertex   5.627606e+01 2.715798e+01 1.318033e+01
      vertex   5.698406e+01 2.715798e+01 1.344680e+01
      vertex   5.696038e+01 2.700000e+01 1.351656e+01
    endloop
  endfacet
  facet normal 2.631124e-01 -4.224324e-01 -8.673654e-01
    outer loop
      vertex   5.696038e+01 2.700000e+01 1.351656e+01
      vertex   5.698406e+01 2.715798e+01 1.344680e+01
      vertex   5.768891e+01 2.700000e+01 1.373756e+01
    endloop
  endfacet
  facet normal 2.378292e-01 -5.733703e-01 -7.840177e-01
    outer loop
      vertex   5.696038e+01 2.700000e+01 1.351656e+01
      vertex   5.768891e+01 2.700000e+01 1.373756e+01
      vertex   5.766303e+01 2.685721e+01 1.383413e+01
    endloop
  endfacet
  facet normal 1.860427e-01 -5.733703e-01 -7.978938e-01
    outer loop
      vertex   5.766303e+01 2.685721e+01 1.383413e+01
      vertex   5.768891e+01 2.700000e+01 1.373756e+01
      vertex   5.841082e+01 2.685721e+01 1.400849e+01
    endloop
  endfacet
  facet normal 1.606102e-01 -7.069174e-01 -6.888194e-01
    outer loop
      vertex   5.766303e+01 2.685721e+01 1.383413e+01
      vertex   5.841082e+01 2.685721e+01 1.400849e+01
      vertex   5.838677e+01 2.673396e+01 1.412938e+01
    endloop
  endfacet
  facet normal 1.152153e-01 -7.069174e-01 -6.978490e-01
    outer loop
      vertex   5.838677e+01 2.673396e+01 1.412938e+01
      vertex   5.841082e+01 2.685721e+01 1.400849e+01
      vertex   5.915232e+01 2.673396e+01 1.425577e+01
    endloop
  endfacet
  facet normal 9.346658e-02 -8.190077e-01 -5.661187e-01
    outer loop
      vertex   5.838677e+01 2.673396e+01 1.412938e+01
      vertex   5.915232e+01 2.673396e+01 1.425577e+01
      vertex   5.913369e+01 2.663397e+01 1.439734e+01
    endloop
  endfacet
  facet normal 5.624053e-02 -8.190077e-01 -5.710196e-01
    outer loop
      vertex   5.913369e+01 2.663397e+01 1.439734e+01
      vertex   5.915232e+01 2.673396e+01 1.425577e+01
      vertex   5.991516e+01 2.663397e+01 1.447431e+01
    endloop
  endfacet
  facet normal 4.144206e-02 -9.062211e-01 -4.207683e-01
    outer loop
      vertex   5.913369e+01 2.663397e+01 1.439734e+01
      vertex   5.991516e+01 2.663397e+01 1.447431e+01
      vertex   5.990483e+01 2.656031e+01 1.463195e+01
    endloop
  endfacet
  facet normal 1.383377e-02 -9.062211e-01 -4.225778e-01
    outer loop
      vertex   5.990483e+01 2.656031e+01 1.463195e+01
      vertex   5.991516e+01 2.663397e+01 1.447431e+01
      vertex   6.070000e+01 2.656031e+01 1.465798e+01
    endloop
  endfacet
  facet normal 8.472554e-03 -9.658912e-01 -2.588098e-01
    outer loop
      vertex   5.990483e+01 2.656031e+01 1.463195e+01
      vertex   6.070000e+01 2.656031e+01 1.465798e+01
      vertex   6.070000e+01 2.651519e+01 1.482635e+01
    endloop
  endfacet
  facet normal -8.472554e-03 -9.658912e-01 -2.588098e-01
    outer loop
      vertex   6.070000e+01 2.651519e+01 1.482635e+01
      vertex   6.070000e+01 2.656031e+01 1.465798e+01
      vertex   6.150618e+01 2.651519e+01 1.479996e+01
    endloop
  endfacet
  facet normal 4.045083e-01 -1.045319e-01 -9.085406e-01
    outer loop
      vertex   5.565873e+01 2.750000e+01 1.283613e+01
      vertex   5.639202e+01 2.750000e+01 1.316261e+01
      vertex   5.629333e+01 2.732635e+01 1.313865e+01
    endloop
  endfacet
  facet normal 3.513642e-01 -7.087438e-02 -9.335524e-01
    outer loop
      vertex   5.629333e+01 2.732635e+01 1.313865e+01
      vertex   5.639202e+01 2.750000e+01 1.316261e+01
      vertex   5.699856e+01 2.732635e+01 1.340408e+01
    endloop
  endfacet
  facet normal 3.402596e-01 -2.586897e-01 -9.040481e-01
    outer loop
      vertex   5.629333e+01 2.732635e+01 1.313865e+01
      vertex   5.699856e+01 2.732635e+01 1.340408e+01
      vertex   5.698406e+01 2.715798e+01 1.344680e+01
    endloop
  endfacet
  facet normal 2.804035e-01 -2.586897e-01 -9.243665e-01
    outer loop
      vertex   5.698406e+01 2.715798e+01 1.344680e+01
      vertex   5.699856e+01 2.732635e+01 1.340408e+01
      vertex   5.770797e+01 2.715798e+01 1.366640e+01
    endloop
  endfacet
  facet normal 2.631124e-01 -4.224324e-01 -8.673654e-01
    outer loop
      vertex   5.698406e+01 2.715798e+01 1.344680e+01
      vertex   5.770797e+01 2.715798e+01 1.366640e+01
      vertex   5.768891e+01 2.700000e+01 1.373756e+01
    endloop
  endfacet
  facet normal 2.058207e-01 -4.224324e-01 -8.827167e-01
    outer loop
      vertex   5.768891e+01 2.700000e+01 1.373756e+01
      vertex   5.770797e+01 2.715798e+01 1.366640e+01
      vertex   5.843032e+01 2.700000e+01 1.391043e+01
    endloop
  endfacet
  facet normal 1.860427e-01 -5.733703e-01 -7.978938e-01
    outer loop
      vertex   5.768891e+01 2.700000e+01 1.373756e+01
      vertex   5.843032e+01 2.700000e+01 1.391043e+01
      vertex   5.841082e+01 2.685721e+01 1.400849e+01
    endloop
  endfacet
  facet normal 1.334597e-01 -5.733703e-01 -8.083533e-01
    outer loop
      vertex   5.841082e+01 2.685721e+01 1.400849e+01
      vertex   5.843032e+01 2.700000e+01 1.391043e+01
      vertex   5.916841e+01 2.685721e+01 1.413357e+01
    endloop
  endfacet
  facet normal 1.152153e-01 -7.069174e-01 -6.978490e-01
    outer loop
      vertex   5.841082e+01 2.685721e+01 1.400849e+01
      vertex   5.916841e+01 2.685721e+01 1.413357e+01
      vertex   5.915232e+01 2.673396e+01 1.425577e+01
    endloop
  endfacet
  facet normal 6.932714e-02 -7.069174e-01 -7.038903e-01
    outer loop
      vertex   5.915232e+01 2.673396e+01 1.425577e+01
      vertex   5.916841e+01 2.685721e+01 1.413357e+01
      vertex   5.992450e+01 2.673396e+01 1.433183e+01
    endloop
  endfacet
  facet normal 5.624053e-02 -8.190077e-01 -5.710196e-01
    outer loop
      vertex   5.915232e+01 2.673396e+01 1.425577e+01
      vertex   5.992450e+01 2.673396e+01 1.433183e+01
      vertex   5.991516e+01 2.663397e+01 1.447431e+01
    endloop
  endfacet
  facet normal 1.877364e-02 -8.190077e-01 -5.734753e-01
    outer loop
      vertex   5.991516e+01 2.663397e+01 1.447431e+01
      vertex   5.992450e+01 2.673396e+01 1.433183e+01
      vertex   6.070000e+01 2.663397e+01 1.450000e+01
    endloop
  endfacet
  facet normal 1.383377e-02 -9.062211e-01 -4.225778e-01
    outer loop
      vertex   5.991516e+01 2.663397e+01 1.447431e+01
      vertex   6.070000e+01 2.663397e+01 1.450000e+01
      vertex   6.070000e+01 2.656031e+01 1.465798e+01
    endloop
  endfacet
  facet normal -1.383377e-02 -9.062211e-01 -4.225778e-01
    outer loop
      vertex   6.070000e+01 2.656031e+01 1.465798e+01
      vertex   6.070000e+01 2.663397e+01 1.450000e+01
      vertex   6.149517e+01 2.656031e+01 1.463195e+01
    endloop
  endfacet
  facet normal -8.472554e-03 -9.658912e-01 -2.588098e-01
    outer loop
      vertex   6.070000e+01 2.656031e+01 1.465798e+01
      vertex   6.149517e+01 2.656031e+01 1.463195e+01
      vertex   6.150618e+01 2.651519e+01 1.479996e+01
    endloop
  endfacet
  facet normal -2.538138e-02 -9.658912e-01 -2.577015e-01
    outer loop
      vertex   6.150618e+01 2.651519e+01 1.479996e+01
      vertex   6.149517e+01 2.656031e+01 1.463195e+01
      vertex   6.230891e+01 2.651519e+01 1.472090e+01
    endloop
  endfacet
  facet normal 3.398931e-01 -1.113540e-01 -9.338485e-01
    outer loop
      vertex   5.639202e+01 2.750000e+01 1.316261e+01
      vertex   5.714630e+01 2.750000e+01 1.343715e+01
      vertex   5.699856e+01 2.732635e+01 1.340408e+01
    endloop
  endfacet
  facet normal 2.896781e-01 -6.461403e-02 -9.549406e-01
    outer loop
      vertex   5.699856e+01 2.732635e+01 1.340408e+01
      vertex   5.714630e+01 2.750000e+01 1.343715e+01
      vertex   5.771965e+01 2.732635e+01 1.362282e+01
    endloop
  endfacet
  facet normal 2.804035e-01 -2.586897e-01 -9.243665e-01
    outer loop
      vertex   5.699856e+01 2.732635e+01 1.340408e+01
      vertex   5.771965e+01 2.732635e+01 1.362282e+01
      vertex   5.770797e+01 2.715798e+01 1.366640e+01
    endloop
  endfacet
  facet normal 2.193467e-01 -2.586897e-01 -9.407267e-01
    outer loop
      vertex   5.770797e+01 2.715798e+01 1.366640e+01
      vertex   5.771965e+01 2.732635e+01 1.362282e+01
      vertex   5.844470e+01 2.715798e+01 1.383818e+01
    endloop
  endfacet
  facet normal 2.058207e-01 -4.224324e-01 -8.827167e-01
    outer loop
      vertex   5.770797e+01 2.715798e+01 1.366640e+01
      vertex   5.844470e+01 2.715798e+01 1.383818e+01
      vertex   5.843032e+01 2.700000e+01 1.391043e+01
    endloop
  endfacet
  facet normal 1.476476e-01 -4.224324e-01 -8.942880e-01
    outer loop
      vertex   5.843032e+01 2.700000e+01 1.391043e+01
      vertex   5.844470e+01 2.715798e+01 1.383818e+01
      vertex   5.918146e+01 2.700000e+01 1.403444e+01
    endloop
  endfacet
  facet normal 1.334597e-01 -5.733703e-01 -8.083533e-01
    outer loop
      vertex   5.843032e+01 2.700000e+01 1.391043e+01
      vertex   5.918146e+01 2.700000e+01 1.403444e+01
      vertex   5.916841e+01 2.685721e+01 1.413357e+01
    endloop
  endfacet
  facet normal 8.030508e-02 -5.733703e-01 -8.153512e-01
    outer loop
      vertex   5.916841e+01 2.685721e+01 1.413357e+01
      vertex   5.918146e+01 2.700000e+01 1.403444e+01
      vertex   5.993256e+01 2.685721e+01 1.420883e+01
    endloop
  endfacet
  facet normal 6.932714e-02 -7.069174e-01 -7.038903e-01
    outer loop
      vertex   5.916841e+01 2.685721e+01 1.413357e+01
      vertex   5.993256e+01 2.685721e+01 1.420883e+01
      vertex   5.992450e+01 2.673396e+01 1.433183e+01
    endloop
  endfacet
  facet normal 2.314208e-02 -7.069174e-01 -7.069174e-01
    outer loop
      vertex   5.992450e+01 2.673396e+01 1.433183e+01
      vertex   5.993256e+01 2.685721e+01 1.420883e+01
      vertex   6.070000e+01 2.673396e+01 1.435721e+01
    endloop
  endfacet
  facet normal 1.877364e-02 -8.190077e-01 -5.734753e-01
    outer loop
      vertex   5.992450e+01 2.673396e+01 1.433183e+01
      vertex   6.070000e+01 2.673396e+01 1.435721e+01
      vertex   6.070000e+01 2.663397e+01 1.450000e+01
    endloop
  endfacet
  facet normal -1.877364e-02 -8.190077e-01 -5.734753e-01
    outer loop
      vertex   6.070000e+01 2.663397e+01 1.450000e+01
      vertex   6.070000e+01 2.673396e+01 1.435721e+01
      vertex   6.148484e+01 2.663397e+01 1.447431e+01
    endloop
  endfacet
  facet normal -1.383377e-02 -9.062211e-01 -4.225778e-01
    outer loop
      vertex   6.070000e+01 2.663397e+01 1.450000e+01
      vertex   6.148484e+01 2.663397e+01 1.447431e+01
      vertex   6.149517e+01 2.656031e+01 1.463195e+01
    endloop
  endfacet
  facet normal -4.144206e-02 -9.062211e-01 -4.207683e-01
    outer loop
      vertex   6.149517e+01 2.656031e+01 1.463195e+01
      vertex   6.148484e+01 2.663397e+01 1.447431e+01
      vertex   6.228693e+01 2.656031e+01 1.455397e+01
    endloop
  endfacet
  facet normal -2.538138e-02 -9.658912e-01 -2.577015e-01
    outer loop
      vertex   6.149517e+01 2.656031e+01 1.463195e+01
      vertex   6.228693e+01 2.656031e+01 1.455397e+01
      vertex   6.230891e+01 2.651519e+01 1.472090e+01
    endloop
  endfacet
  facet normal -4.218152e-02 -9.658912e-01 -2.554897e-01
    outer loop
      vertex   6.230891e+01 2.651519e+01 1.472090e+01
      vertex   6.228693e+01 2.656031e+01 1.455397e+01
      vertex   6.310475e+01 2.651519e+01 1.458950e+01
    endloop
  endfacet
  facet normal 2.737467e-01 -1.169243e-01 -9.546682e-01
    outer loop
      vertex   5.714630e+01 2.750000e+01 1.343715e+01
      vertex   5.791790e+01 2.750000e+01 1.365840e+01
      vertex   5.771965e+01 2.732635e+01 1.362282e+01
    endloop
  endfacet
  facet normal 2.266726e-01 -5.960007e-02 -9.721458e-01
    outer loop
      vertex   5.771965e+01 2.732635e+01 1.362282e+01
      vertex   5.791790e+01 2.750000e+01 1.365840e+01
      vertex   5.845350e+01 2.732635e+01 1.379393e+01
    endloop
  endfacet
  facet normal 2.193467e-01 -2.586897e-01 -9.407267e-01
    outer loop
      vertex   5.771965e+01 2.732635e+01 1.362282e+01
      vertex   5.845350e+01 2.732635e+01 1.379393e+01
      vertex   5.844470e+01 2.715798e+01 1.383818e+01
    endloop
  endfacet
  facet normal 1.573506e-01 -2.586897e-01 -9.530584e-01
    outer loop
      vertex   5.844470e+01 2.715798e+01 1.383818e+01
      vertex   5.845350e+01 2.732635e+01 1.379393e+01
      vertex   5.919108e+01 2.715798e+01 1.396141e+01
    endloop
  endfacet
  facet normal 1.476476e-01 -4.224324e-01 -8.942880e-01
    outer loop
      vertex   5.844470e+01 2.715798e+01 1.383818e+01
      vertex   5.919108e+01 2.715798e+01 1.396141e+01
      vertex   5.918146e+01 2.700000e+01 1.403444e+01
    endloop
  endfacet
  facet normal 8.884219e-02 -4.224324e-01 -9.020299e-01
    outer loop
      vertex   5.918146e+01 2.700000e+01 1.403444e+01
      vertex   5.919108e+01 2.715798e+01 1.396141e+01
      vertex   5.993910e+01 2.700000e+01 1.410907e+01
    endloop
  endfacet
  facet normal 8.030508e-02 -5.733703e-01 -8.153512e-01
    outer loop
      vertex   5.918146e+01 2.700000e+01 1.403444e+01
      vertex   5.993910e+01 2.700000e+01 1.410907e+01
      vertex   5.993256e+01 2.685721e+01 1.420883e+01
    endloop
  endfacet
  facet normal 2.680662e-02 -5.733703e-01 -8.188577e-01
    outer loop
      vertex   5.993256e+01 2.685721e+01 1.420883e+01
      vertex   5.993910e+01 2.700000e+01 1.410907e+01
      vertex   6.070000e+01 2.685721e+01 1.423396e+01
    endloop
  endfacet
  facet normal 2.314208e-02 -7.069174e-01 -7.069174e-01
    outer loop
      vertex   5.993256e+01 2.685721e+01 1.420883e+01
      vertex   6.070000e+01 2.685721e+01 1.423396e+01
      vertex   6.070000e+01 2.673396e+01 1.435721e+01
    endloop
  endfacet
  facet normal -2.314208e-02 -7.069174e-01 -7.069174e-01
    outer loop
      vertex   6.070000e+01 2.673396e+01 1.435721e+01
      vertex   6.070000e+01 2.685721e+01 1.423396e+01
      vertex   6.147550e+01 2.673396e+01 1.433183e+01
    endloop
  endfacet
  facet normal -1.877364e-02 -8.190077e-01 -5.734753e-01
    outer loop
      vertex   6.070000e+01 2.673396e+01 1.435721e+01
      vertex   6.147550e+01 2.673396e+01 1.433183e+01
      vertex   6.148484e+01 2.663397e+01 1.447431e+01
    endloop
  endfacet
  facet normal -5.624053e-02 -8.190077e-01 -5.710196e-01
    outer loop
      vertex   6.148484e+01 2.663397e+01 1.447431e+01
      vertex   6.147550e+01 2.673396e+01 1.433183e+01
      vertex   6.226631e+01 2.663397e+01 1.439734e+01
    endloop
  endfacet
  facet normal -4.144206e-02 -9.062211e-01 -4.207683e-01
    outer loop
      vertex   6.148484e+01 2.663397e+01 1.447431e+01
      vertex   6.226631e+01 2.663397e+01 1.439734e+01
      vertex   6.228693e+01 2.656031e+01 1.455397e+01
    endloop
  endfacet
  facet normal -6.887289e-02 -9.062211e-01 -4.171569e-01
    outer loop
      vertex   6.228693e+01 2.656031e+01 1.455397e+01
      vertex   6.226631e+01 2.663397e+01 1.439734e+01
      vertex   6.307190e+01 2.656031e+01 1.442437e+01
    endloop
  endfacet
  facet normal -4.218152e-02 -9.658912e-01 -2.554897e-01
    outer loop
      vertex   6.228693e+01 2.656031e+01 1.455397e+01
      vertex   6.307190e+01 2.656031e+01 1.442437e+01
      vertex   6.310475e+01 2.651519e+01 1.458950e+01
    endloop
  endfacet
  facet normal -5.880103e-02 -9.658912e-01 -2.521839e-01
    outer loop
      vertex   6.310475e+01 2.651519e+01 1.458950e+01
      vertex   6.307190e+01 2.656031e+01 1.442437e+01
      vertex   6.389029e+01 2.651519e+01 1.440634e+01
    endloop
  endfacet
  facet normal 2.063777e-01 -1.212492e-01 -9.709309e-01
    outer loop
      vertex   5.791790e+01 2.750000e+01 1.365840e+01
      vertex   5.870305e+01 2.750000e+01 1.382529e+01
      vertex   5.845350e+01 2.732635e+01 1.379393e+01
    endloop
  endfacet
  facet normal 1.626413e-01 -5.583653e-02 -9.851041e-01
    outer loop
      vertex   5.845350e+01 2.732635e+01 1.379393e+01
      vertex   5.870305e+01 2.750000e+01 1.382529e+01
      vertex   5.919697e+01 2.732635e+01 1.391668e+01
    endloop
  endfacet
  facet normal 1.573506e-01 -2.586897e-01 -9.530584e-01
    outer loop
      vertex   5.845350e+01 2.732635e+01 1.379393e+01
      vertex   5.919697e+01 2.732635e+01 1.391668e+01
      vertex   5.919108e+01 2.715798e+01 1.396141e+01
    endloop
  endfacet
  facet normal 9.468068e-02 -2.586897e-01 -9.613091e-01
    outer loop
      vertex   5.919108e+01 2.715798e+01 1.396141e+01
      vertex   5.919697e+01 2.732635e+01 1.391668e+01
      vertex   5.994392e+01 2.715798e+01 1.403556e+01
    endloop
  endfacet
  facet normal 8.884219e-02 -4.224324e-01 -9.020299e-01
    outer loop
      vertex   5.919108e+01 2.715798e+01 1.396141e+01
      vertex   5.994392e+01 2.715798e+01 1.403556e+01
      vertex   5.993910e+01 2.700000e+01 1.410907e+01
    endloop
  endfacet
  facet normal 2.965639e-02 -4.224324e-01 -9.059091e-01
    outer loop
      vertex   5.993910e+01 2.700000e+01 1.410907e+01
      vertex   5.994392e+01 2.715798e+01 1.403556e+01
      vertex   6.070000e+01 2.700000e+01 1.413397e+01
    endloop
  endfacet
  facet normal 2.680662e-02 -5.733703e-01 -8.188577e-01
    outer loop
      vertex   5.993910e+01 2.700000e+01 1.410907e+01
      vertex   6.070000e+01 2.700000e+01 1.413397e+01
      vertex   6.070000e+01 2.685721e+01 1.423396e+01
    endloop
  endfacet
  facet normal -2.680662e-02 -5.733703e-01 -8.188577e-01
    outer loop
      vertex   6.070000e+01 2.685721e+01 1.423396e+01
      vertex   6.070000e+01 2.700000e+01 1.413397e+01
      vertex   6.146744e+01 2.685721e+01 1.420883e+01
    endloop
  endfacet
  facet normal -2.314208e-02 -7.069174e-01 -7.069174e-01
    outer loop
      vertex   6.070000e+01 2.685721e+01 1.423396e+01
      vertex   6.146744e+01 2.685721e+01 1.420883e+01
      vertex   6.147550e+01 2.673396e+01 1.433183e+01
    endloop
  endfacet
  facet normal -6.932714e-02 -7.069174e-01 -7.038903e-01
    outer loop
      vertex   6.147550e+01 2.673396e+01 1.433183e+01
      vertex   6.146744e+01 2.685721e+01 1.420883e+01
      vertex   6.224768e+01 2.673396e+01 1.425577e+01
    endloop
  endfacet
  facet normal -5.624053e-02 -8.190077e-01 -5.710196e-01
    outer loop
      vertex   6.147550e+01 2.673396e+01 1.433183e+01
      vertex   6.224768e+01 2.673396e+01 1.425577e+01
      vertex   6.226631e+01 2.663397e+01 1.439734e+01
    endloop
  endfacet
  facet normal -9.346658e-02 -8.190077e-01 -5.661187e-01
    outer loop
      vertex   6.226631e+01 2.663397e+01 1.439734e+01
      vertex   6.224768e+01 2.673396e+01 1.425577e+01
      vertex   6.304108e+01 2.663397e+01 1.426942e+01
    endloop
  endfacet
  facet normal -6.887289e-02 -9.062211e-01 -4.171569e-01
    outer loop
      vertex   6.226631e+01 2.663397e+01 1.439734e+01
      vertex   6.304108e+01 2.663397e+01 1.426942e+01
      vertex   6.307190e+01 2.656031e+01 1.442437e+01
    endloop
  endfacet
  facet normal -9.600880e-02 -9.062211e-01 -4.117593e-01
    outer loop
      vertex   6.307190e+01 2.656031e+01 1.442437e+01
      vertex   6.304108e+01 2.663397e+01 1.426942e+01
      vertex   6.384672e+01 2.656031e+01 1.424371e+01
    endloop
  endfacet
  facet normal -5.880103e-02 -9.658912e-01 -2.521839e-01
    outer loop
      vertex   6.307190e+01 2.656031e+01 1.442437e+01
      vertex   6.384672e+01 2.656031e+01 1.424371e+01
      vertex   6.389029e+01 2.651519e+01 1.440634e+01
    endloop
  endfacet
  facet normal -7.516875e-02 -9.658912e-01 -2.477982e-01
    outer loop
      vertex   6.389029e+01 2.651519e+01 1.440634e+01
      vertex   6.384672e+01 2.656031e+01 1.424371e+01
      vertex   6.466218e+01 2.651519e+01 1.417219e+01
    endloop
  endfacet
  facet normal 1.380932e-01 -1.243343e-01 -9.825840e-01
    outer loop
      vertex   5.870305e+01 2.750000e+01 1.382529e+01
      vertex   5.949792e+01 2.750000e+01 1.393700e+01
      vertex   5.919697e+01 2.732635e+01 1.391668e+01
    endloop
  endfacet
  facet normal 9.787768e-02 -5.332613e-02 -9.937687e-01
    outer loop
      vertex   5.919697e+01 2.732635e+01 1.391668e+01
      vertex   5.949792e+01 2.750000e+01 1.393700e+01
      vertex   5.994687e+01 2.732635e+01 1.399054e+01
    endloop
  endfacet
  facet normal 9.468068e-02 -2.586897e-01 -9.613091e-01
    outer loop
      vertex   5.919697e+01 2.732635e+01 1.391668e+01
      vertex   5.994687e+01 2.732635e+01 1.399054e+01
      vertex   5.994392e+01 2.715798e+01 1.403556e+01
    endloop
  endfacet
  facet normal 3.160534e-02 -2.586897e-01 -9.654433e-01
    outer loop
      vertex   5.994392e+01 2.715798e+01 1.403556e+01
      vertex   5.994687e+01 2.732635e+01 1.399054e+01
      vertex   6.070000e+01 2.715798e+01 1.406031e+01
    endloop
  endfacet
  facet normal 2.965639e-02 -4.224324e-01 -9.059091e-01
    outer loop
      vertex   5.994392e+01 2.715798e+01 1.403556e+01
      vertex   6.070000e+01 2.715798e+01 1.406031e+01
      vertex   6.070000e+01 2.700000e+01 1.413397e+01
    endloop
  endfacet
  facet normal -2.965639e-02 -4.224324e-01 -9.059091e-01
    outer loop
      vertex   6.070000e+01 2.700000e+01 1.413397e+01
      vertex   6.070000e+01 2.715798e+01 1.406031e+01
      vertex   6.146090e+01 2.700000e+01 1.410907e+01
    endloop
  endfacet
  facet normal -2.680662e-02 -5.733703e-01 -8.188577e-01
    outer loop
      vertex   6.070000e+01 2.700000e+01 1.413397e+01
      vertex   6.146090e+01 2.700000e+01 1.410907e+01
      vertex   6.146744e+01 2.685721e+01 1.420883e+01
    endloop
  endfacet
  facet normal -8.030508e-02 -5.733703e-01 -8.153512e-01
    outer loop
      vertex   6.146744e+01 2.685721e+01 1.420883e+01
      vertex   6.146090e+01 2.700000e+01 1.410907e+01
      vertex   6.223159e+01 2.685721e+01 1.413357e+01
    endloop
  endfacet
  facet normal -6.932714e-02 -7.069174e-01 -7.038903e-01
    outer loop
      vertex   6.146744e+01 2.685721e+01 1.420883e+01
      vertex   6.223159e+01 2.685721e+01 1.413357e+01
      vertex   6.224768e+01 2.673396e+01 1.425577e+01
    endloop
  endfacet
  facet normal -1.152153e-01 -7.069174e-01 -6.978490e-01
    outer loop
      vertex   6.224768e+01 2.673396e+01 1.425577e+01
      vertex   6.223159e+01 2.685721e+01 1.413357e+01
      vertex   6.301323e+01 2.673396e+01 1.412938e+01
    endloop
  endfacet
  facet normal -9.346658e-02 -8.190077e-01 -5.661187e-01
    outer loop
      vertex   6.224768e+01 2.673396e+01 1.425577e+01
      vertex   6.301323e+01 2.673396e+01 1.412938e+01
      vertex   6.304108e+01 2.663397e+01 1.426942e+01
    endloop
  endfacet
  facet normal -1.302924e-01 -8.190077e-01 -5.587936e-01
    outer loop
      vertex   6.304108e+01 2.663397e+01 1.426942e+01
      vertex   6.301323e+01 2.673396e+01 1.412938e+01
      vertex   6.380583e+01 2.663397e+01 1.409111e+01
    endloop
  endfacet
  facet normal -9.600880e-02 -9.062211e-01 -4.117593e-01
    outer loop
      vertex   6.304108e+01 2.663397e+01 1.426942e+01
      vertex   6.380583e+01 2.663397e+01 1.409111e+01
      vertex   6.384672e+01 2.656031e+01 1.424371e+01
    endloop
  endfacet
  facet normal -1.227336e-01 -9.062211e-01 -4.045984e-01
    outer loop
      vertex   6.384672e+01 2.656031e+01 1.424371e+01
      vertex   6.380583e+01 2.663397e+01 1.409111e+01
      vertex   6.460805e+01 2.656031e+01 1.401276e+01
    endloop
  endfacet
  facet normal -7.516875e-02 -9.658912e-01 -2.477982e-01
    outer loop
      vertex   6.384672e+01 2.656031e+01 1.424371e+01
      vertex   6.460805e+01 2.656031e+01 1.401276e+01
      vertex   6.466218e+01 2.651519e+01 1.417219e+01
    endloop
  endfacet
  facet normal -9.121459e-02 -9.658912e-01 -2.423513e-01
    outer loop
      vertex   6.466218e+01 2.651519e+01 1.417219e+01
      vertex   6.460805e+01 2.656031e+01 1.401276e+01
      vertex   6.541709e+01 2.651519e+01 1.388806e+01
    endloop
  endfacet
  facet normal 6.919890e-02 -1.261837e-01 -9.895904e-01
    outer loop
      vertex   5.949792e+01 2.750000e+01 1.393700e+01
      vertex   6.029866e+01 2.750000e+01 1.399299e+01
      vertex   5.994687e+01 2.732635e+01 1.399054e+01
    endloop
  endfacet
  facet normal 3.267470e-02 -5.207054e-02 -9.981087e-01
    outer loop
      vertex   5.994687e+01 2.732635e+01 1.399054e+01
      vertex   6.029866e+01 2.750000e+01 1.399299e+01
      vertex   6.070000e+01 2.732635e+01 1.401519e+01
    endloop
  endfacet
  facet normal 3.160534e-02 -2.586897e-01 -9.654433e-01
    outer loop
      vertex   5.994687e+01 2.732635e+01 1.399054e+01
      vertex   6.070000e+01 2.732635e+01 1.401519e+01
      vertex   6.070000e+01 2.715798e+01 1.406031e+01
    endloop
  endfacet
  facet normal -3.160534e-02 -2.586897e-01 -9.654433e-01
    outer loop
      vertex   6.070000e+01 2.715798e+01 1.406031e+01
      vertex   6.070000e+01 2.732635e+01 1.401519e+01
      vertex   6.145608e+01 2.715798e+01 1.403556e+01
    endloop
  endfacet
  facet normal -2.965639e-02 -4.224324e-01 -9.059091e-01
    outer loop
      vertex   6.070000e+01 2.715798e+01 1.406031e+01
      vertex   6.145608e+01 2.715798e+01 1.403556e+01
      vertex   6.146090e+01 2.700000e+01 1.410907e+01
    endloop
  endfacet
  facet normal -8.884219e-02 -4.224324e-01 -9.020299e-01
    outer loop
      vertex   6.146090e+01 2.700000e+01 1.410907e+01
      vertex   6.145608e+01 2.715798e+01 1.403556e+01
      vertex   6.221854e+01 2.700000e+01 1.403444e+01
    endloop
  endfacet
  facet normal -8.030508e-02 -5.733703e-01 -8.153512e-01
    outer loop
      vertex   6.146090e+01 2.700000e+01 1.410907e+01
      vertex   6.221854e+01 2.700000e+01 1.403444e+01
      vertex   6.223159e+01 2.685721e+01 1.413357e+01
    endloop
  endfacet
  facet normal -1.334597e-01 -5.733703e-01 -8.083533e-01
    outer loop
      vertex   6.223159e+01 2.685721e+01 1.413357e+01
      vertex   6.221854e+01 2.700000e+01 1.403444e+01
      vertex   6.298918e+01 2.685721e+01 1.400849e+01
    endloop
  endfacet
  facet normal -1.152153e-01 -7.069174e-01 -6.978490e-01
    outer loop
      vertex   6.223159e+01 2.685721e+01 1.413357e+01
      vertex   6.298918e+01 2.685721e+01 1.400849e+01
      vertex   6.301323e+01 2.673396e+01 1.412938e+01
    endloop
  endfacet
  facet normal -1.606102e-01 -7.069174e-01 -6.888194e-01
    outer loop
      vertex   6.301323e+01 2.673396e+01 1.412938e+01
      vertex   6.298918e+01 2.685721e+01 1.400849e+01
      vertex   6.376887e+01 2.673396e+01 1.395319e+01
    endloop
  endfacet
  facet normal -1.302924e-01 -8.190077e-01 -5.587936e-01
    outer loop
      vertex   6.301323e+01 2.673396e+01 1.412938e+01
      vertex   6.376887e+01 2.673396e+01 1.395319e+01
      vertex   6.380583e+01 2.663397e+01 1.409111e+01
    endloop
  endfacet
  facet normal -1.665603e-01 -8.190077e-01 -5.490757e-01
    outer loop
      vertex   6.380583e+01 2.663397e+01 1.409111e+01
      vertex   6.376887e+01 2.673396e+01 1.395319e+01
      vertex   6.455727e+01 2.663397e+01 1.386316e+01
    endloop
  endfacet
  facet normal -1.227336e-01 -9.062211e-01 -4.045984e-01
    outer loop
      vertex   6.380583e+01 2.663397e+01 1.409111e+01
      vertex   6.455727e+01 2.663397e+01 1.386316e+01
      vertex   6.460805e+01 2.656031e+01 1.401276e+01
    endloop
  endfacet
  facet normal -1.489328e-01 -9.062211e-01 -3.957050e-01
    outer loop
      vertex   6.460805e+01 2.656031e+01 1.401276e+01
      vertex   6.455727e+01 2.663397e+01 1.386316e+01
      vertex   6.535266e+01 2.656031e+01 1.373251e+01
    endloop
  endfacet
  facet normal -9.121459e-02 -9.658912e-01 -2.423513e-01
    outer loop
      vertex   6.460805e+01 2.656031e+01 1.401276e+01
      vertex   6.535266e+01 2.656031e+01 1.373251e+01
      vertex   6.541709e+01 2.651519e+01 1.388806e+01
    endloop
  endfacet
  facet normal -1.068698e-01 -9.658912e-01 -2.358667e-01
    outer loop
      vertex   6.541709e+01 2.651519e+01 1.388806e+01
      vertex   6.535266e+01 2.656031e+01 1.373251e+01
      vertex   6.615181e+01 2.651519e+01 1.355517e+01
    endloop
  endfacet
  facet normal 0.000000e+00 -1.267999e-01 -9.919283e-01
    outer loop
      vertex   6.029866e+01 2.750000e+01 1.399299e+01
      vertex   6.110134e+01 2.750000e+01 1.399299e+01
      vertex   6.070000e+01 2.732635e+01 1.401519e+01
    endloop
  endfacet
  facet normal -3.267470e-02 -5.207054e-02 -9.981087e-01
    outer loop
      vertex   6.070000e+01 2.732635e+01 1.401519e+01
      vertex   6.110134e+01 2.750000e+01 1.399299e+01
      vertex   6.145313e+01 2.732635e+01 1.399054e+01
    endloop
  endfacet
  facet normal -3.160534e-02 -2.586897e-01 -9.654433e-01
    outer loop
      vertex   6.070000e+01 2.732635e+01 1.401519e+01
      vertex   6.145313e+01 2.732635e+01 1.399054e+01
      vertex   6.145608e+01 2.715798e+01 1.403556e+01
    endloop
  endfacet
  facet normal -9.468068e-02 -2.586897e-01 -9.613091e-01
    outer loop
      vertex   6.145608e+01 2.715798e+01 1.403556e+01
      vertex   6.145313e+01 2.732635e+01 1.399054e+01
      vertex   6.220892e+01 2.715798e+01 1.396141e+01
    endloop
  endfacet
  facet normal -8.884219e-02 -4.224324e-01 -9.020299e-01
    outer loop
      vertex   6.145608e+01 2.715798e+01 1.403556e+01
      vertex   6.220892e+01 2.715798e+01 1.396141e+01
      vertex   6.221854e+01 2.700000e+01 1.403444e+01
    endloop
  endfacet
  facet normal -1.476476e-01 -4.224324e-01 -8.942880e-01
    outer loop
      vertex   6.221854e+01 2.700000e+01 1.403444e+01
      vertex   6.220892e+01 2.715798e+01 1.396141e+01
      vertex   6.296968e+01 2.700000e+01 1.391043e+01
    endloop
  endfacet
  facet normal -1.334597e-01 -5.733703e-01 -8.083533e-01
    outer loop
      vertex   6.221854e+01 2.700000e+01 1.403444e+01
      vertex   6.296968e+01 2.700000e+01 1.391043e+01
      vertex   6.298918e+01 2.685721e+01 1.400849e+01
    endloop
  endfacet
  facet normal -1.860427e-01 -5.733703e-01 -7.978938e-01
    outer loop
      vertex   6.298918e+01 2.685721e+01 1.400849e+01
      vertex   6.296968e+01 2.700000e+01 1.391043e+01
      vertex   6.373697e+01 2.685721e+01 1.383413e+01
    endloop
  endfacet
  facet normal -1.606102e-01 -7.069174e-01 -6.888194e-01
    outer loop
      vertex   6.298918e+01 2.685721e+01 1.400849e+01
      vertex   6.373697e+01 2.685721e+01 1.383413e+01
      vertex   6.376887e+01 2.673396e+01 1.395319e+01
    endloop
  endfacet
  facet normal -2.053172e-01 -7.069174e-01 -6.768402e-01
    outer loop
      vertex   6.376887e+01 2.673396e+01 1.395319e+01
      vertex   6.373697e+01 2.685721e+01 1.383413e+01
      vertex   6.451138e+01 2.673396e+01 1.372795e+01
    endloop
  endfacet
  facet normal -1.665603e-01 -8.190077e-01 -5.490757e-01
    outer loop
      vertex   6.376887e+01 2.673396e+01 1.395319e+01
      vertex   6.451138e+01 2.673396e+01 1.372795e+01
      vertex   6.455727e+01 2.663397e+01 1.386316e+01
    endloop
  endfacet
  facet normal -2.021149e-01 -8.190077e-01 -5.370065e-01
    outer loop
      vertex   6.455727e+01 2.663397e+01 1.386316e+01
      vertex   6.451138e+01 2.673396e+01 1.372795e+01
      vertex   6.529220e+01 2.663397e+01 1.358655e+01
    endloop
  endfacet
  facet normal -1.489328e-01 -9.062211e-01 -3.957050e-01
    outer loop
      vertex   6.455727e+01 2.663397e+01 1.386316e+01
      vertex   6.529220e+01 2.663397e+01 1.358655e+01
      vertex   6.535266e+01 2.656031e+01 1.373251e+01
    endloop
  endfacet
  facet normal -1.744943e-01 -9.062211e-01 -3.851170e-01
    outer loop
      vertex   6.535266e+01 2.656031e+01 1.373251e+01
      vertex   6.529220e+01 2.663397e+01 1.358655e+01
      vertex   6.607734e+01 2.656031e+01 1.340416e+01
    endloop
  endfacet
  facet normal -1.068698e-01 -9.658912e-01 -2.358667e-01
    outer loop
      vertex   6.535266e+01 2.656031e+01 1.373251e+01
      vertex   6.607734e+01 2.656031e+01 1.340416e+01
      vertex   6.615181e+01 2.651519e+01 1.355517e+01
    endloop
  endfacet
  facet normal -1.220674e-01 -9.658912e-01 -2.283721e-01
    outer loop
      vertex   6.615181e+01 2.651519e+01 1.355517e+01
      vertex   6.607734e+01 2.656031e+01 1.340416e+01
      vertex   6.686318e+01 2.651519e+01 1.317493e+01
    endloop
  endfacet
  facet normal -6.919890e-02 -1.261837e-01 -9.895904e-01
    outer loop
      vertex   6.110134e+01 2.750000e+01 1.399299e+01
      vertex   6.190208e+01 2.750000e+01 1.393700e+01
      vertex   6.145313e+01 2.732635e+01 1.399054e+01
    endloop
  endfacet
  facet normal -9.787768e-02 -5.332613e-02 -9.937687e-01
    outer loop
      vertex   6.145313e+01 2.732635e+01 1.399054e+01
      vertex   6.190208e+01 2.750000e+01 1.393700e+01
      vertex   6.220303e+01 2.732635e+01 1.391668e+01
    endloop
  endfacet
  facet normal -9.468068e-02 -2.586897e-01 -9.613091e-01
    outer loop
      vertex   6.145313e+01 2.732635e+01 1.399054e+01
      vertex   6.220303e+01 2.732635e+01 1.391668e+01
      vertex   6.220892e+01 2.715798e+01 1.396141e+01
    endloop
  endfacet
  facet normal -1.573506e-01 -2.586897e-01 -9.530584e-01
    outer loop
      vertex   6.220892e+01 2.715798e+01 1.396141e+01
      vertex   6.220303e+01 2.732635e+01 1.391668e+01
      vertex   6.295530e+01 2.715798e+01 1.383818e+01
    endloop
  endfacet
  facet normal -1.476476e-01 -4.224324e-01 -8.942880e-01
    outer loop
      vertex   6.220892e+01 2.715798e+01 1.396141e+01
      vertex   6.295530e+01 2.715798e+01 1.383818e+01
      vertex   6.296968e+01 2.700000e+01 1.391043e+01
    endloop
  endfacet
  facet normal -2.058207e-01 -4.224324e-01 -8.827167e-01
    outer loop
      vertex   6.296968e+01 2.700000e+01 1.391043e+01
      vertex   6.295530e+01 2.715798e+01 1.383818e+01
      vertex   6.371109e+01 2.700000e+01 1.373756e+01
    endloop
  endfacet
  facet normal -1.860427e-01 -5.733703e-01 -7.978938e-01
    outer loop
      vertex   6.296968e+01 2.700000e+01 1.391043e+01
      vertex   6.371109e+01 2.700000e+01 1.373756e+01
      vertex   6.373697e+01 2.685721e+01 1.383413e+01
    endloop
  endfacet
  facet normal -2.378292e-01 -5.733703e-01 -7.840177e-01
    outer loop
      vertex   6.373697e+01 2.685721e+01 1.383413e+01
      vertex   6.371109e+01 2.700000e+01 1.373756e+01
      vertex   6.447176e+01 2.685721e+01 1.361124e+01
    endloop
  endfacet
  facet normal -2.053172e-01 -7.069174e-01 -6.768402e-01
    outer loop
      vertex   6.373697e+01 2.685721e+01 1.383413e+01
      vertex   6.447176e+01 2.685721e+01 1.361124e+01
      vertex   6.451138e+01 2.673396e+01 1.372795e+01
    endloop
  endfacet
  facet normal -2.491451e-01 -7.069174e-01 -6.619626e-01
    outer loop
      vertex   6.451138e+01 2.673396e+01 1.372795e+01
      vertex   6.447176e+01 2.685721e+01 1.361124e+01
      vertex   6.523756e+01 2.673396e+01 1.345464e+01
    endloop
  endfacet
  facet normal -2.021149e-01 -8.190077e-01 -5.370065e-01
    outer loop
      vertex   6.451138e+01 2.673396e+01 1.372795e+01
      vertex   6.523756e+01 2.673396e+01 1.345464e+01
      vertex   6.529220e+01 2.663397e+01 1.358655e+01
    endloop
  endfacet
  facet normal -2.368041e-01 -8.190077e-01 -5.226378e-01
    outer loop
      vertex   6.529220e+01 2.663397e+01 1.358655e+01
      vertex   6.523756e+01 2.673396e+01 1.345464e+01
      vertex   6.600746e+01 2.663397e+01 1.326247e+01
    endloop
  endfacet
  facet normal -1.744943e-01 -9.062211e-01 -3.851170e-01
    outer loop
      vertex   6.529220e+01 2.663397e+01 1.358655e+01
      vertex   6.600746e+01 2.663397e+01 1.326247e+01
      vertex   6.607734e+01 2.656031e+01 1.340416e+01
    endloop
  endfacet
  facet normal -1.993085e-01 -9.062211e-01 -3.728800e-01
    outer loop
      vertex   6.607734e+01 2.656031e+01 1.340416e+01
      vertex   6.600746e+01 2.663397e+01 1.326247e+01
      vertex   6.677899e+01 2.656031e+01 1.302912e+01
    endloop
  endfacet
  facet normal -1.220674e-01 -9.658912e-01 -2.283721e-01
    outer loop
      vertex   6.607734e+01 2.656031e+01 1.340416e+01
      vertex   6.677899e+01 2.656031e+01 1.302912e+01
      vertex   6.686318e+01 2.651519e+01 1.317493e+01
    endloop
  endfacet
  facet normal -1.367423e-01 -9.658912e-01 -2.198995e-01
    outer loop
      vertex   6.686318e+01 2.651519e+01 1.317493e+01
      vertex   6.677899e+01 2.656031e+01 1.302912e+01
      vertex   6.754815e+01 2.651519e+01 1.274899e+01
    endloop
  endfacet
  facet normal -1.380932e-01 -1.243343e-01 -9.825840e-01
    outer loop
      vertex   6.190208e+01 2.750000e+01 1.393700e+01
      vertex   6.269695e+01 2.750000e+01 1.382529e+01
      vertex   6.220303e+01 2.732635e+01 1.391668e+01
    endloop
  endfacet
  facet normal -1.626413e-01 -5.583653e-02 -9.851041e-01
    outer loop
      vertex   6.220303e+01 2.732635e+01 1.391668e+01
      vertex   6.269695e+01 2.750000e+01 1.382529e+01
      vertex   6.294650e+01 2.732635e+01 1.379393e+01
    endloop
  endfacet
  facet normal -1.573506e-01 -2.586897e-01 -9.530584e-01
    outer loop
      vertex   6.220303e+01 2.732635e+01 1.391668e+01
      vertex   6.294650e+01 2.732635e+01 1.379393e+01
      vertex   6.295530e+01 2.715798e+01 1.383818e+01
    endloop
  endfacet
  facet normal -2.193467e-01 -2.586897e-01 -9.407267e-01
    outer loop
      vertex   6.295530e+01 2.715798e+01 1.383818e+01
      vertex   6.294650e+01 2.732635e+01 1.379393e+01
      vertex   6.369203e+01 2.715798e+01 1.366640e+01
    endloop
  endfacet
  facet normal -2.058207e-01 -4.224324e-01 -8.827167e-01
    outer loop
      vertex   6.295530e+01 2.715798e+01 1.383818e+01
      vertex   6.369203e+01 2.715798e+01 1.366640e+01
      vertex   6.371109e+01 2.700000e+01 1.373756e+01
    endloop
  endfacet
  facet normal -2.631124e-01 -4.224324e-01 -8.673654e-01
    outer loop
      vertex   6.371109e+01 2.700000e+01 1.373756e+01
      vertex   6.369203e+01 2.715798e+01 1.366640e+01
      vertex   6.443962e+01 2.700000e+01 1.351656e+01
    endloop
  endfacet
  facet normal -2.378292e-01 -5.733703e-01 -7.840177e-01
    outer loop
      vertex   6.371109e+01 2.700000e+01 1.373756e+01
      vertex   6.443962e+01 2.700000e+01 1.351656e+01
      vertex   6.447176e+01 2.685721e+01 1.361124e+01
    endloop
  endfacet
  facet normal -2.885972e-01 -5.733703e-01 -7.667843e-01
    outer loop
      vertex   6.447176e+01 2.685721e+01 1.361124e+01
      vertex   6.443962e+01 2.700000e+01 1.351656e+01
      vertex   6.519039e+01 2.685721e+01 1.334076e+01
    endloop
  endfacet
  facet normal -2.491451e-01 -7.069174e-01 -6.619626e-01
    outer loop
      vertex   6.447176e+01 2.685721e+01 1.361124e+01
      vertex   6.519039e+01 2.685721e+01 1.334076e+01
      vertex   6.523756e+01 2.673396e+01 1.345464e+01
    endloop
  endfacet
  facet normal -2.919061e-01 -7.069174e-01 -6.442504e-01
    outer loop
      vertex   6.523756e+01 2.673396e+01 1.345464e+01
      vertex   6.519039e+01 2.685721e+01 1.334076e+01
      vertex   6.594431e+01 2.673396e+01 1.313441e+01
    endloop
  endfacet
  facet normal -2.368041e-01 -8.190077e-01 -5.226378e-01
    outer loop
      vertex   6.523756e+01 2.673396e+01 1.345464e+01
      vertex   6.594431e+01 2.673396e+01 1.313441e+01
      vertex   6.600746e+01 2.663397e+01 1.326247e+01
    endloop
  endfacet
  facet normal -2.704792e-01 -8.190077e-01 -5.060310e-01
    outer loop
      vertex   6.600746e+01 2.663397e+01 1.326247e+01
      vertex   6.594431e+01 2.673396e+01 1.313441e+01
      vertex   6.670000e+01 2.663397e+01 1.289230e+01
    endloop
  endfacet
  facet normal -1.993085e-01 -9.062211e-01 -3.728800e-01
    outer loop
      vertex   6.600746e+01 2.663397e+01 1.326247e+01
      vertex   6.670000e+01 2.663397e+01 1.289230e+01
      vertex   6.677899e+01 2.656031e+01 1.302912e+01
    endloop
  endfacet
  facet normal -2.232693e-01 -9.062211e-01 -3.590462e-01
    outer loop
      vertex   6.677899e+01 2.656031e+01 1.302912e+01
      vertex   6.670000e+01 2.663397e+01 1.289230e+01
      vertex   6.745461e+01 2.656031e+01 1.260899e+01
    endloop
  endfacet
  facet normal -1.367423e-01 -9.658912e-01 -2.198995e-01
    outer loop
      vertex   6.677899e+01 2.656031e+01 1.302912e+01
      vertex   6.745461e+01 2.656031e+01 1.260899e+01
      vertex   6.754815e+01 2.651519e+01 1.274899e+01
    endloop
  endfacet
  facet normal -1.508317e-01 -9.658912e-01 -2.104853e-01
    outer loop
      vertex   6.754815e+01 2.651519e+01 1.274899e+01
      vertex   6.745461e+01 2.656031e+01 1.260899e+01
      vertex   6.820381e+01 2.651519e+01 1.227915e+01
    endloop
  endfacet
  facet normal -2.063777e-01 -1.212492e-01 -9.709309e-01
    outer loop
      vertex   6.269695e+01 2.750000e+01 1.382529e+01
      vertex   6.348210e+01 2.750000e+01 1.365840e+01
      vertex   6.294650e+01 2.732635e+01 1.379393e+01
    endloop
  endfacet
  facet normal -2.266726e-01 -5.960007e-02 -9.721458e-01
    outer loop
      vertex   6.294650e+01 2.732635e+01 1.379393e+01
      vertex   6.348210e+01 2.750000e+01 1.365840e+01
      vertex   6.368035e+01 2.732635e+01 1.362282e+01
    endloop
  endfacet
  facet normal -2.193467e-01 -2.586897e-01 -9.407267e-01
    outer loop
      vertex   6.294650e+01 2.732635e+01 1.379393e+01
      vertex   6.368035e+01 2.732635e+01 1.362282e+01
      vertex   6.369203e+01 2.715798e+01 1.366640e+01
    endloop
  endfacet
  facet normal -2.804035e-01 -2.586897e-01 -9.243665e-01
    outer loop
      vertex   6.369203e+01 2.715798e+01 1.366640e+01
      vertex   6.368035e+01 2.732635e+01 1.362282e+01
      vertex   6.441594e+01 2.715798e+01 1.344680e+01
    endloop
  endfacet
  facet normal -2.631124e-01 -4.224324e-01 -8.673654e-01
    outer loop
      vertex   6.369203e+01 2.715798e+01 1.366640e+01
      vertex   6.441594e+01 2.715798e+01 1.344680e+01
      vertex   6.443962e+01 2.700000e+01 1.351656e+01
    endloop
  endfacet
  facet normal -3.192775e-01 -4.224324e-01 -8.482999e-01
    outer loop
      vertex   6.443962e+01 2.700000e+01 1.351656e+01
      vertex   6.441594e+01 2.715798e+01 1.344680e+01
      vertex   6.515213e+01 2.700000e+01 1.324839e+01
    endloop
  endfacet
  facet normal -2.885972e-01 -5.733703e-01 -7.667843e-01
    outer loop
      vertex   6.443962e+01 2.700000e+01 1.351656e+01
      vertex   6.515213e+01 2.700000e+01 1.324839e+01
      vertex   6.519039e+01 2.685721e+01 1.334076e+01
    endloop
  endfacet
  facet normal -3.381294e-01 -5.733703e-01 -7.462674e-01
    outer loop
      vertex   6.519039e+01 2.685721e+01 1.334076e+01
      vertex   6.515213e+01 2.700000e+01 1.324839e+01
      vertex   6.588980e+01 2.685721e+01 1.302386e+01
    endloop
  endfacet
  facet normal -2.919061e-01 -7.069174e-01 -6.442504e-01
    outer loop
      vertex   6.519039e+01 2.685721e+01 1.334076e+01
      vertex   6.588980e+01 2.685721e+01 1.302386e+01
      vertex   6.594431e+01 2.673396e+01 1.313441e+01
    endloop
  endfacet
  facet normal -3.334171e-01 -7.069174e-01 -6.237795e-01
    outer loop
      vertex   6.594431e+01 2.673396e+01 1.313441e+01
      vertex   6.588980e+01 2.685721e+01 1.302386e+01
      vertex   6.662861e+01 2.673396e+01 1.276865e+01
    endloop
  endfacet
  facet normal -2.704792e-01 -8.190077e-01 -5.060310e-01
    outer loop
      vertex   6.594431e+01 2.673396e+01 1.313441e+01
      vertex   6.662861e+01 2.673396e+01 1.276865e+01
      vertex   6.670000e+01 2.663397e+01 1.289230e+01
    endloop
  endfacet
  facet normal -3.029961e-01 -8.190077e-01 -4.872574e-01
    outer loop
      vertex   6.670000e+01 2.663397e+01 1.289230e+01
      vertex   6.662861e+01 2.673396e+01 1.276865e+01
      vertex   6.736684e+01 2.663397e+01 1.247764e+01
    endloop
  endfacet
  facet normal -2.232693e-01 -9.062211e-01 -3.590462e-01
    outer loop
      vertex   6.670000e+01 2.663397e+01 1.289230e+01
      vertex   6.736684e+01 2.663397e+01 1.247764e+01
      vertex   6.745461e+01 2.656031e+01 1.260899e+01
    endloop
  endfacet
  facet normal -2.462740e-01 -9.062211e-01 -3.436750e-01
    outer loop
      vertex   6.745461e+01 2.656031e+01 1.260899e+01
      vertex   6.736684e+01 2.663397e+01 1.247764e+01
      vertex   6.810131e+01 2.656031e+01 1.214557e+01
    endloop
  endfacet
  facet normal -1.508317e-01 -9.658912e-01 -2.104853e-01
    outer loop
      vertex   6.745461e+01 2.656031e+01 1.260899e+01
      vertex   6.810131e+01 2.656031e+01 1.214557e+01
      vertex   6.820381e+01 2.651519e+01 1.227915e+01
    endloop
  endfacet
  facet normal -1.642751e-01 -9.658912e-01 -2.001698e-01
    outer loop
      vertex   6.820381e+01 2.651519e+01 1.227915e+01
      vertex   6.810131e+01 2.656031e+01 1.214557e+01
      vertex   6.882733e+01 2.651519e+01 1.176744e+01
    endloop
  endfacet
  facet normal -2.737467e-01 -1.169243e-01 -9.546682e-01
    outer loop
      vertex   6.348210e+01 2.750000e+01 1.365840e+01
      vertex   6.425370e+01 2.750000e+01 1.343715e+01
      vertex   6.368035e+01 2.732635e+01 1.362282e+01
    endloop
  endfacet
  facet normal -2.896781e-01 -6.461403e-02 -9.549406e-01
    outer loop
      vertex   6.368035e+01 2.732635e+01 1.362282e+01
      vertex   6.425370e+01 2.750000e+01 1.343715e+01
      vertex   6.440144e+01 2.732635e+01 1.340408e+01
    endloop
  endfacet
  facet normal -2.804035e-01 -2.586897e-01 -9.243665e-01
    outer loop
      vertex   6.368035e+01 2.732635e+01 1.362282e+01
      vertex   6.440144e+01 2.732635e+01 1.340408e+01
      vertex   6.441594e+01 2.715798e+01 1.344680e+01
    endloop
  endfacet
  facet normal -3.402596e-01 -2.586897e-01 -9.040481e-01
    outer loop
      vertex   6.441594e+01 2.715798e+01 1.344680e+01
      vertex   6.440144e+01 2.732635e+01 1.340408e+01
      vertex   6.512394e+01 2.715798e+01 1.318033e+01
    endloop
  endfacet
  facet normal -3.192775e-01 -4.224324e-01 -8.482999e-01
    outer loop
      vertex   6.441594e+01 2.715798e+01 1.344680e+01
      vertex   6.512394e+01 2.715798e+01 1.318033e+01
      vertex   6.515213e+01 2.700000e+01 1.324839e+01
    endloop
  endfacet
  facet normal -3.740754e-01 -4.224324e-01 -8.256019e-01
    outer loop
      vertex   6.515213e+01 2.700000e+01 1.324839e+01
      vertex   6.512394e+01 2.715798e+01 1.318033e+01
      vertex   6.584558e+01 2.700000e+01 1.293419e+01
    endloop
  endfacet
  facet normal -3.381294e-01 -5.733703e-01 -7.462674e-01
    outer loop
      vertex   6.515213e+01 2.700000e+01 1.324839e+01
      vertex   6.584558e+01 2.700000e+01 1.293419e+01
      vertex   6.588980e+01 2.685721e+01 1.302386e+01
    endloop
  endfacet
  facet normal -3.862136e-01 -5.733703e-01 -7.225549e-01
    outer loop
      vertex   6.588980e+01 2.685721e+01 1.302386e+01
      vertex   6.584558e+01 2.700000e+01 1.293419e+01
      vertex   6.656698e+01 2.685721e+01 1.266190e+01
    endloop
  endfacet
  facet normal -3.334171e-01 -7.069174e-01 -6.237795e-01
    outer loop
      vertex   6.588980e+01 2.685721e+01 1.302386e+01
      vertex   6.656698e+01 2.685721e+01 1.266190e+01
      vertex   6.662861e+01 2.673396e+01 1.276865e+01
    endloop
  endfacet
  facet normal -3.735003e-01 -7.069174e-01 -6.006374e-01
    outer loop
      vertex   6.662861e+01 2.673396e+01 1.276865e+01
      vertex   6.656698e+01 2.685721e+01 1.266190e+01
      vertex   6.728751e+01 2.673396e+01 1.235891e+01
    endloop
  endfacet
  facet normal -3.029961e-01 -8.190077e-01 -4.872574e-01
    outer loop
      vertex   6.662861e+01 2.673396e+01 1.276865e+01
      vertex   6.728751e+01 2.673396e+01 1.235891e+01
      vertex   6.736684e+01 2.663397e+01 1.247764e+01
    endloop
  endfacet
  facet normal -3.342155e-01 -8.190077e-01 -4.663973e-01
    outer loop
      vertex   6.736684e+01 2.663397e+01 1.247764e+01
      vertex   6.728751e+01 2.673396e+01 1.235891e+01
      vertex   6.800514e+01 2.663397e+01 1.202024e+01
    endloop
  endfacet
  facet normal -2.462740e-01 -9.062211e-01 -3.436750e-01
    outer loop
      vertex   6.736684e+01 2.663397e+01 1.247764e+01
      vertex   6.800514e+01 2.663397e+01 1.202024e+01
      vertex   6.810131e+01 2.656031e+01 1.214557e+01
    endloop
  endfacet
  facet normal -2.682241e-01 -9.062211e-01 -3.268321e-01
    outer loop
      vertex   6.810131e+01 2.656031e+01 1.214557e+01
      vertex   6.800514e+01 2.663397e+01 1.202024e+01
      vertex   6.871631e+01 2.656031e+01 1.164085e+01
    endloop
  endfacet
  facet normal -1.642751e-01 -9.658912e-01 -2.001698e-01
    outer loop
      vertex   6.810131e+01 2.656031e+01 1.214557e+01
      vertex   6.871631e+01 2.656031e+01 1.164085e+01
      vertex   6.882733e+01 2.651519e+01 1.176744e+01
    endloop
  endfacet
  facet normal -1.770151e-01 -9.658912e-01 -1.889971e-01
    outer loop
      vertex   6.882733e+01 2.651519e+01 1.176744e+01
      vertex   6.871631e+01 2.656031e+01 1.164085e+01
      vertex   6.941605e+01 2.651519e+01 1.121605e+01
    endloop
  endfacet
  facet normal -3.398931e-01 -1.113540e-01 -9.338485e-01
    outer loop
      vertex   6.425370e+01 2.750000e+01 1.343715e+01
      vertex   6.500798e+01 2.750000e+01 1.316261e+01
      vertex   6.440144e+01 2.732635e+01 1.340408e+01
    endloop
  endfacet
  facet normal -3.513642e-01 -7.087438e-02 -9.335524e-01
    outer loop
      vertex   6.440144e+01 2.732635e+01 1.340408e+01
      vertex   6.500798e+01 2.750000e+01 1.316261e+01
      vertex   6.510667e+01 2.732635e+01 1.313865e+01
    endloop
  endfacet
  facet normal -3.402596e-01 -2.586897e-01 -9.040481e-01
    outer loop
      vertex   6.440144e+01 2.732635e+01 1.340408e+01
      vertex   6.510667e+01 2.732635e+01 1.313865e+01
      vertex   6.512394e+01 2.715798e+01 1.318033e+01
    endloop
  endfacet
  facet normal -3.986587e-01 -2.586897e-01 -8.798584e-01
    outer loop
      vertex   6.512394e+01 2.715798e+01 1.318033e+01
      vertex   6.510667e+01 2.732635e+01 1.313865e+01
      vertex   6.581299e+01 2.715798e+01 1.286812e+01
    endloop
  endfacet
  facet normal -3.740754e-01 -4.224324e-01 -8.256019e-01
    outer loop
      vertex   6.512394e+01 2.715798e+01 1.318033e+01
      vertex   6.581299e+01 2.715798e+01 1.286812e+01
      vertex   6.584558e+01 2.700000e+01 1.293419e+01
    endloop
  endfacet
  facet normal -4.272714e-01 -4.224324e-01 -7.993685e-01
    outer loop
      vertex   6.584558e+01 2.700000e+01 1.293419e+01
      vertex   6.581299e+01 2.715798e+01 1.286812e+01
      vertex   6.651699e+01 2.700000e+01 1.257532e+01
    endloop
  endfacet
  facet normal -3.862136e-01 -5.733703e-01 -7.225549e-01
    outer loop
      vertex   6.584558e+01 2.700000e+01 1.293419e+01
      vertex   6.651699e+01 2.700000e+01 1.257532e+01
      vertex   6.656698e+01 2.685721e+01 1.266190e+01
    endloop
  endfacet
  facet normal -4.326441e-01 -5.733703e-01 -6.957482e-01
    outer loop
      vertex   6.656698e+01 2.685721e+01 1.266190e+01
      vertex   6.651699e+01 2.700000e+01 1.257532e+01
      vertex   6.721904e+01 2.685721e+01 1.225643e+01
    endloop
  endfacet
  facet normal -3.735003e-01 -7.069174e-01 -6.006374e-01
    outer loop
      vertex   6.656698e+01 2.685721e+01 1.266190e+01
      vertex   6.721904e+01 2.685721e+01 1.225643e+01
      vertex   6.728751e+01 2.673396e+01 1.235891e+01
    endloop
  endfacet
  facet normal -4.119842e-01 -7.069174e-01 -5.749233e-01
    outer loop
      vertex   6.728751e+01 2.673396e+01 1.235891e+01
      vertex   6.721904e+01 2.685721e+01 1.225643e+01
      vertex   6.791821e+01 2.673396e+01 1.190696e+01
    endloop
  endfacet
  facet normal -3.342155e-01 -8.190077e-01 -4.663973e-01
    outer loop
      vertex   6.728751e+01 2.673396e+01 1.235891e+01
      vertex   6.791821e+01 2.673396e+01 1.190696e+01
      vertex   6.800514e+01 2.663397e+01 1.202024e+01
    endloop
  endfacet
  facet normal -3.640038e-01 -8.190077e-01 -4.435399e-01
    outer loop
      vertex   6.800514e+01 2.663397e+01 1.202024e+01
      vertex   6.791821e+01 2.673396e+01 1.190696e+01
      vertex   6.861215e+01 2.663397e+01 1.152208e+01
    endloop
  endfacet
  facet normal -2.682241e-01 -9.062211e-01 -3.268321e-01
    outer loop
      vertex   6.800514e+01 2.663397e+01 1.202024e+01
      vertex   6.861215e+01 2.663397e+01 1.152208e+01
      vertex   6.871631e+01 2.656031e+01 1.164085e+01
    endloop
  endfacet
  facet normal -2.890257e-01 -9.062211e-01 -3.085896e-01
    outer loop
      vertex   6.871631e+01 2.656031e+01 1.164085e+01
      vertex   6.861215e+01 2.663397e+01 1.152208e+01
      vertex   6.929699e+01 2.656031e+01 1.109699e+01
    endloop
  endfacet
  facet normal -1.770151e-01 -9.658912e-01 -1.889971e-01
    outer loop
      vertex   6.871631e+01 2.656031e+01 1.164085e+01
      vertex   6.929699e+01 2.656031e+01 1.109699e+01
      vertex   6.941605e+01 2.651519e+01 1.121605e+01
    endloop
  endfacet
  facet normal -1.889971e-01 -9.658912e-01 -1.770151e-01
    outer loop
      vertex   6.941605e+01 2.651519e+01 1.121605e+01
      vertex   6.929699e+01 2.656031e+01 1.109699e+01
      vertex   6.996744e+01 2.651519e+01 1.062733e+01
    endloop
  endfacet
  facet normal -4.045083e-01 -1.045319e-01 -9.085406e-01
    outer loop
      vertex   6.500798e+01 2.750000e+01 1.316261e+01
      vertex   6.574127e+01 2.750000e+01 1.283613e+01
      vertex   6.510667e+01 2.732635e+01 1.313865e+01
    endloop
  endfacet
  facet normal -4.114375e-01 -7.837544e-02 -9.080619e-01
    outer loop
      vertex   6.510667e+01 2.732635e+01 1.313865e+01
      vertex   6.574127e+01 2.750000e+01 1.283613e+01
      vertex   6.579304e+01 2.732635e+01 1.282766e+01
    endloop
  endfacet
  facet normal -3.986587e-01 -2.586897e-01 -8.798584e-01
    outer loop
      vertex   6.510667e+01 2.732635e+01 1.313865e+01
      vertex   6.579304e+01 2.732635e+01 1.282766e+01
      vertex   6.581299e+01 2.715798e+01 1.286812e+01
    endloop
  endfacet
  facet normal -4.553506e-01 -2.586897e-01 -8.519011e-01
    outer loop
      vertex   6.581299e+01 2.715798e+01 1.286812e+01
      vertex   6.579304e+01 2.732635e+01 1.282766e+01
      vertex   6.648015e+01 2.715798e+01 1.251152e+01
    endloop
  endfacet
  facet normal -4.272714e-01 -4.224324e-01 -7.993685e-01
    outer loop
      vertex   6.581299e+01 2.715798e+01 1.286812e+01
      vertex   6.648015e+01 2.715798e+01 1.251152e+01
      vertex   6.651699e+01 2.700000e+01 1.257532e+01
    endloop
  endfacet
  facet normal -4.786378e-01 -4.224324e-01 -7.697121e-01
    outer loop
      vertex   6.651699e+01 2.700000e+01 1.257532e+01
      vertex   6.648015e+01 2.715798e+01 1.251152e+01
      vertex   6.716349e+01 2.700000e+01 1.217330e+01
    endloop
  endfacet
  facet normal -4.326441e-01 -5.733703e-01 -6.957482e-01
    outer loop
      vertex   6.651699e+01 2.700000e+01 1.257532e+01
      vertex   6.716349e+01 2.700000e+01 1.217330e+01
      vertex   6.721904e+01 2.685721e+01 1.225643e+01
    endloop
  endfacet
  facet normal -4.772218e-01 -5.733703e-01 -6.659623e-01
    outer loop
      vertex   6.721904e+01 2.685721e+01 1.225643e+01
      vertex   6.716349e+01 2.700000e+01 1.217330e+01
      vertex   6.784318e+01 2.685721e+01 1.180917e+01
    endloop
  endfacet
  facet normal -4.119842e-01 -7.069174e-01 -5.749233e-01
    outer loop
      vertex   6.721904e+01 2.685721e+01 1.225643e+01
      vertex   6.784318e+01 2.685721e+01 1.180917e+01
      vertex   6.791821e+01 2.673396e+01 1.190696e+01
    endloop
  endfacet
  facet normal -4.487039e-01 -7.069174e-01 -5.467473e-01
    outer loop
      vertex   6.791821e+01 2.673396e+01 1.190696e+01
      vertex   6.784318e+01 2.685721e+01 1.180917e+01
      vertex   6.851800e+01 2.673396e+01 1.141472e+01
    endloop
  endfacet
  facet normal -3.640038e-01 -8.190077e-01 -4.435399e-01
    outer loop
      vertex   6.791821e+01 2.673396e+01 1.190696e+01
      vertex   6.851800e+01 2.673396e+01 1.141472e+01
      vertex   6.861215e+01 2.663397e+01 1.152208e+01
    endloop
  endfacet
  facet normal -3.922333e-01 -8.190077e-01 -4.187833e-01
    outer loop
      vertex   6.861215e+01 2.663397e+01 1.152208e+01
      vertex   6.851800e+01 2.673396e+01 1.141472e+01
      vertex   6.918528e+01 2.663397e+01 1.098528e+01
    endloop
  endfacet
  facet normal -2.890257e-01 -9.062211e-01 -3.085896e-01
    outer loop
      vertex   6.861215e+01 2.663397e+01 1.152208e+01
      vertex   6.918528e+01 2.663397e+01 1.098528e+01
      vertex   6.929699e+01 2.656031e+01 1.109699e+01
    endloop
  endfacet
  facet normal -3.085896e-01 -9.062211e-01 -2.890257e-01
    outer loop
      vertex   6.929699e+01 2.656031e+01 1.109699e+01
      vertex   6.918528e+01 2.663397e+01 1.098528e+01
      vertex   6.984085e+01 2.656031e+01 1.051631e+01
    endloop
  endfacet
  facet normal -1.889971e-01 -9.658912e-01 -1.770151e-01
    outer loop
      vertex   6.929699e+01 2.656031e+01 1.109699e+01
      vertex   6.984085e+01 2.656031e+01 1.051631e+01
      vertex   6.996744e+01 2.651519e+01 1.062733e+01
    endloop
  endfacet
  facet normal -2.001698e-01 -9.658912e-01 -1.642751e-01
    outer loop
      vertex   6.996744e+01 2.651519e+01 1.062733e+01
      vertex   6.984085e+01 2.656031e+01 1.051631e+01
      vertex   7.047915e+01 2.651519e+01 1.000381e+01
    endloop
  endfacet
  facet normal -4.672828e-01 -9.645073e-02 -8.788311e-01
    outer loop
      vertex   6.574127e+01 2.750000e+01 1.283613e+01
      vertex   6.645000e+01 2.750000e+01 1.245929e+01
      vertex   6.579304e+01 2.732635e+01 1.282766e+01
    endloop
  endfacet
  facet normal -4.696048e-01 -8.710943e-02 -8.785689e-01
    outer loop
      vertex   6.579304e+01 2.732635e+01 1.282766e+01
      vertex   6.645000e+01 2.750000e+01 1.245929e+01
      vertex   6.645760e+01 2.732635e+01 1.247245e+01
    endloop
  endfacet
  facet normal -4.553506e-01 -2.586897e-01 -8.519011e-01
    outer loop
      vertex   6.579304e+01 2.732635e+01 1.282766e+01
      vertex   6.645760e+01 2.732635e+01 1.247245e+01
      vertex   6.648015e+01 2.715798e+01 1.251152e+01
    endloop
  endfacet
  facet normal -5.100927e-01 -2.586897e-01 -8.202957e-01
    outer loop
      vertex   6.648015e+01 2.715798e+01 1.251152e+01
      vertex   6.645760e+01 2.732635e+01 1.247245e+01
      vertex   6.712256e+01 2.715798e+01 1.211204e+01
    endloop
  endfacet
  facet normal -4.786378e-01 -4.224324e-01 -7.697121e-01
    outer loop
      vertex   6.648015e+01 2.715798e+01 1.251152e+01
      vertex   6.712256e+01 2.715798e+01 1.211204e+01
      vertex   6.716349e+01 2.700000e+01 1.217330e+01
    endloop
  endfacet
  facet normal -5.279545e-01 -4.224324e-01 -7.367597e-01
    outer loop
      vertex   6.716349e+01 2.700000e+01 1.217330e+01
      vertex   6.712256e+01 2.715798e+01 1.211204e+01
      vertex   6.778232e+01 2.700000e+01 1.172985e+01
    endloop
  endfacet
  facet normal -4.772218e-01 -5.733703e-01 -6.659623e-01
    outer loop
      vertex   6.716349e+01 2.700000e+01 1.217330e+01
      vertex   6.778232e+01 2.700000e+01 1.172985e+01
      vertex   6.784318e+01 2.685721e+01 1.180917e+01
    endloop
  endfacet
  facet normal -5.197561e-01 -5.733703e-01 -6.333246e-01
    outer loop
      vertex   6.784318e+01 2.685721e+01 1.180917e+01
      vertex   6.778232e+01 2.700000e+01 1.172985e+01
      vertex   6.843673e+01 2.685721e+01 1.132205e+01
    endloop
  endfacet
  facet normal -4.487039e-01 -7.069174e-01 -5.467473e-01
    outer loop
      vertex   6.784318e+01 2.685721e+01 1.180917e+01
      vertex   6.843673e+01 2.685721e+01 1.132205e+01
      vertex   6.851800e+01 2.673396e+01 1.141472e+01
    endloop
  endfacet
  facet normal -4.835022e-01 -7.069174e-01 -5.162300e-01
    outer loop
      vertex   6.851800e+01 2.673396e+01 1.141472e+01
      vertex   6.843673e+01 2.685721e+01 1.132205e+01
      vertex   6.908432e+01 2.673396e+01 1.088432e+01
    endloop
  endfacet
  facet normal -3.922333e-01 -8.190077e-01 -4.187833e-01
    outer loop
      vertex   6.851800e+01 2.673396e+01 1.141472e+01
      vertex   6.908432e+01 2.673396e+01 1.088432e+01
      vertex   6.918528e+01 2.663397e+01 1.098528e+01
    endloop
  endfacet
  facet normal -4.187833e-01 -8.190077e-01 -3.922333e-01
    outer loop
      vertex   6.918528e+01 2.663397e+01 1.098528e+01
      vertex   6.908432e+01 2.673396e+01 1.088432e+01
      vertex   6.972208e+01 2.663397e+01 1.041215e+01
    endloop
  endfacet
  facet normal -3.085896e-01 -9.062211e-01 -2.890257e-01
    outer loop
      vertex   6.918528e+01 2.663397e+01 1.098528e+01
      vertex   6.972208e+01 2.663397e+01 1.041215e+01
      vertex   6.984085e+01 2.656031e+01 1.051631e+01
    endloop
  endfacet
  facet normal -3.268321e-01 -9.062211e-01 -2.682241e-01
    outer loop
      vertex   6.984085e+01 2.656031e+01 1.051631e+01
      vertex   6.972208e+01 2.663397e+01 1.041215e+01
      vertex   7.034557e+01 2.656031e+01 9.901309e+00
    endloop
  endfacet
  facet normal -2.001698e-01 -9.658912e-01 -1.642751e-01
    outer loop
      vertex   6.984085e+01 2.656031e+01 1.051631e+01
      vertex   7.034557e+01 2.656031e+01 9.901309e+00
      vertex   7.047915e+01 2.651519e+01 1.000381e+01
    endloop
  endfacet
  facet normal -2.104853e-01 -9.658912e-01 -1.508317e-01
    outer loop
      vertex   7.047915e+01 2.651519e+01 1.000381e+01
      vertex   7.034557e+01 2.656031e+01 9.901309e+00
      vertex   7.094899e+01 2.651519e+01 9.348154e+00
    endloop
  endfacet
  facet normal -5.260605e-01 -8.710943e-02 -8.459742e-01
    outer loop
      vertex   6.645760e+01 2.732635e+01 1.247245e+01
      vertex   6.645000e+01 2.750000e+01 1.245929e+01
      vertex   6.709750e+01 2.732635e+01 1.207453e+01
    endloop
  endfacet
  facet normal -5.274487e-01 -9.645073e-02 -8.440943e-01
    outer loop
      vertex   6.709750e+01 2.732635e+01 1.207453e+01
      vertex   6.645000e+01 2.750000e+01 1.245929e+01
      vertex   6.713072e+01 2.750000e+01 1.203393e+01
    endloop
  endfacet
  facet normal -5.806859e-01 -7.837544e-02 -8.103463e-01
    outer loop
      vertex   6.709750e+01 2.732635e+01 1.207453e+01
      vertex   6.713072e+01 2.750000e+01 1.203393e+01
      vertex   6.771000e+01 2.732635e+01 1.163562e+01
    endloop
  endfacet
  facet normal -5.845651e-01 -1.045319e-01 -8.045848e-01
    outer loop
      vertex   6.771000e+01 2.732635e+01 1.163562e+01
      vertex   6.713072e+01 2.750000e+01 1.203393e+01
      vertex   6.778011e+01 2.750000e+01 1.156212e+01
    endloop
  endfacet
  facet normal -6.327979e-01 -7.087438e-02 -7.710665e-01
    outer loop
      vertex   6.771000e+01 2.732635e+01 1.163562e+01
      vertex   6.778011e+01 2.750000e+01 1.156212e+01
      vertex   6.829249e+01 2.732635e+01 1.115758e+01
    endloop
  endfacet
  facet normal -6.387900e-01 -1.113540e-01 -7.612803e-01
    outer loop
      vertex   6.829249e+01 2.732635e+01 1.115758e+01
      vertex   6.778011e+01 2.750000e+01 1.156212e+01
      vertex   6.839500e+01 2.750000e+01 1.104617e+01
    endloop
  endfacet
  facet normal -6.821638e-01 -6.461403e-02 -7.283389e-01
    outer loop
      vertex   6.829249e+01 2.732635e+01 1.115758e+01
      vertex   6.839500e+01 2.750000e+01 1.104617e+01
      vertex   6.884247e+01 2.732635e+01 1.064247e+01
    endloop
  endfacet
  facet normal -6.898936e-01 -1.169243e-01 -7.144057e-01
    outer loop
      vertex   6.884247e+01 2.732635e+01 1.064247e+01
      vertex   6.839500e+01 2.750000e+01 1.104617e+01
      vertex   6.897241e+01 2.750000e+01 1.048857e+01
    endloop
  endfacet
  facet normal -7.285666e-01 -5.960007e-02 -6.823771e-01
    outer loop
      vertex   6.884247e+01 2.732635e+01 1.064247e+01
      vertex   6.897241e+01 2.750000e+01 1.048857e+01
      vertex   6.935758e+01 2.732635e+01 1.009249e+01
    endloop
  endfacet
  facet normal -7.376620e-01 -1.212492e-01 -6.641938e-01
    outer loop
      vertex   6.935758e+01 2.732635e+01 1.009249e+01
      vertex   6.897241e+01 2.750000e+01 1.048857e+01
      vertex   6.950951e+01 2.750000e+01 9.892057e+00
    endloop
  endfacet
  facet normal -7.718045e-01 -5.583653e-02 -6.334036e-01
    outer loop
      vertex   6.935758e+01 2.732635e+01 1.009249e+01
      vertex   6.950951e+01 2.750000e+01 9.892057e+00
      vertex   6.983562e+01 2.732635e+01 9.510005e+00
    endloop
  endfacet
  facet normal -7.818961e-01 -1.243343e-01 -6.108842e-01
    outer loop
      vertex   6.983562e+01 2.732635e+01 9.510005e+00
      vertex   6.950951e+01 2.750000e+01 9.892057e+00
      vertex   7.000370e+01 2.750000e+01 9.259530e+00
    endloop
  endfacet
  facet normal -8.116901e-01 -5.332613e-02 -5.816489e-01
    outer loop
      vertex   6.983562e+01 2.732635e+01 9.510005e+00
      vertex   7.000370e+01 2.750000e+01 9.259530e+00
      vertex   7.027453e+01 2.732635e+01 8.897498e+00
    endloop
  endfacet
  facet normal -8.224110e-01 -1.261837e-01 -5.547232e-01
    outer loop
      vertex   7.027453e+01 2.732635e+01 8.897498e+00
      vertex   7.000370e+01 2.750000e+01 9.259530e+00
      vertex   7.045255e+01 2.750000e+01 8.594071e+00
    endloop
  endfacet
  facet normal -8.480502e-01 -5.207054e-02 -5.273515e-01
    outer loop
      vertex   7.027453e+01 2.732635e+01 8.897498e+00
      vertex   7.045255e+01 2.750000e+01 8.594071e+00
      vertex   7.067245e+01 2.732635e+01 8.257596e+00
    endloop
  endfacet
  facet normal -8.590351e-01 -1.267999e-01 -4.959642e-01
    outer loop
      vertex   7.067245e+01 2.732635e+01 8.257596e+00
      vertex   7.045255e+01 2.750000e+01 8.594071e+00
      vertex   7.085390e+01 2.750000e+01 7.898923e+00
    endloop
  endfacet
  facet normal -8.807249e-01 -5.207054e-02 -4.707572e-01
    outer loop
      vertex   7.067245e+01 2.732635e+01 8.257596e+00
      vertex   7.085390e+01 2.750000e+01 7.898923e+00
      vertex   7.102766e+01 2.732635e+01 7.593039e+00
    endloop
  endfacet
  facet normal -8.916099e-01 -1.261837e-01 -4.348672e-01
    outer loop
      vertex   7.102766e+01 2.732635e+01 7.593039e+00
      vertex   7.085390e+01 2.750000e+01 7.898923e+00
      vertex   7.120577e+01 2.750000e+01 7.177471e+00
    endloop
  endfacet
  facet normal -9.095678e-01 -5.332613e-02 -4.121198e-01
    outer loop
      vertex   7.102766e+01 2.732635e+01 7.593039e+00
      vertex   7.120577e+01 2.750000e+01 7.177471e+00
      vertex   7.133865e+01 2.732635e+01 6.906673e+00
    endloop
  endfacet
  facet normal -9.199893e-01 -1.243343e-01 -3.716998e-01
    outer loop
      vertex   7.133865e+01 2.732635e+01 6.906673e+00
      vertex   7.120577e+01 2.750000e+01 7.177471e+00
      vertex   7.150647e+01 2.750000e+01 6.433232e+00
    endloop
  endfacet
  facet normal -9.344458e-01 -5.583653e-02 -3.517005e-01
    outer loop
      vertex   7.133865e+01 2.732635e+01 6.906673e+00
      vertex   7.150647e+01 2.750000e+01 6.433232e+00
      vertex   7.160408e+01 2.732635e+01 6.201437e+00
    endloop
  endfacet
  facet normal -9.440397e-01 -1.212492e-01 -3.067371e-01
    outer loop
      vertex   7.160408e+01 2.732635e+01 6.201437e+00
      vertex   7.150647e+01 2.750000e+01 6.433232e+00
      vertex   7.175451e+01 2.750000e+01 5.669830e+00
    endloop
  endfacet
  facet normal -9.552392e-01 -5.960007e-02 -2.897686e-01
    outer loop
      vertex   7.160408e+01 2.732635e+01 6.201437e+00
      vertex   7.175451e+01 2.750000e+01 5.669830e+00
      vertex   7.182282e+01 2.732635e+01 5.480351e+00
    endloop
  endfacet
  facet normal -9.636403e-01 -1.169243e-01 -2.402625e-01
    outer loop
      vertex   7.182282e+01 2.732635e+01 5.480351e+00
      vertex   7.175451e+01 2.750000e+01 5.669830e+00
      vertex   7.194870e+01 2.750000e+01 4.890984e+00
    endloop
  endfacet
  facet normal -9.718419e-01 -6.461403e-02 -2.266017e-01
    outer loop
      vertex   7.182282e+01 2.732635e+01 5.480351e+00
      vertex   7.194870e+01 2.750000e+01 4.890984e+00
      vertex   7.199393e+01 2.732635e+01 4.746502e+00
    endloop
  endfacet
  facet normal -9.786830e-01 -1.113540e-01 -1.725682e-01
    outer loop
      vertex   7.199393e+01 2.732635e+01 4.746502e+00
      vertex   7.194870e+01 2.750000e+01 4.890984e+00
      vertex   7.208808e+01 2.750000e+01 4.100491e+00
    endloop
  endfacet
  facet normal -9.841622e-01 -7.087438e-02 -1.624858e-01
    outer loop
      vertex   7.199393e+01 2.732635e+01 4.746502e+00
      vertex   7.208808e+01 2.750000e+01 4.100491e+00
      vertex   7.211668e+01 2.732635e+01 4.003034e+00
    endloop
  endfacet
  facet normal -9.890734e-01 -1.045319e-01 -1.039558e-01
    outer loop
      vertex   7.211668e+01 2.732635e+01 4.003034e+00
      vertex   7.208808e+01 2.750000e+01 4.100491e+00
      vertex   7.217199e+01 2.750000e+01 3.302199e+00
    endloop
  endfacet
  facet normal -9.978935e-01 -5.933822e-02 -2.621953e-02
    outer loop
      vertex   7.220000e+01 2.750000e+01 2.500000e+00
      vertex   7.220669e+01 2.738448e+01 2.506692e+00
      vertex   7.219054e+01 2.732635e+01 3.253130e+00
    endloop
  endfacet
  facet normal -9.834860e-01 -1.775452e-01 -3.511291e-02
    outer loop
      vertex   7.219054e+01 2.732635e+01 3.253130e+00
      vertex   7.220669e+01 2.738448e+01 2.506692e+00
      vertex   7.222626e+01 2.727219e+01 2.526294e+00
    endloop
  endfacet
  facet normal -9.573126e-01 -2.879185e-01 -2.560156e-02
    outer loop
      vertex   7.219054e+01 2.732635e+01 3.253130e+00
      vertex   7.222626e+01 2.727219e+01 2.526294e+00
      vertex   7.225778e+01 2.716458e+01 2.557928e+00
    endloop
  endfacet
  facet normal -9.653870e-01 -2.587023e-01 -3.318108e-02
    outer loop
      vertex   7.219054e+01 2.732635e+01 3.253130e+00
      vertex   7.225778e+01 2.716458e+01 2.557928e+00
      vertex   7.223556e+01 2.715798e+01 3.256080e+00
    endloop
  endfacet
  facet normal -9.179127e-01 -3.954109e-01 -3.296228e-02
    outer loop
      vertex   7.223556e+01 2.715798e+01 3.256080e+00
      vertex   7.225778e+01 2.716458e+01 2.557928e+00
      vertex   7.229947e+01 2.706431e+01 2.599900e+00
    endloop
  endfacet
  facet normal -8.742496e-01 -4.852166e-01 -1.588970e-02
    outer loop
      vertex   7.223556e+01 2.715798e+01 3.256080e+00
      vertex   7.229947e+01 2.706431e+01 2.599900e+00
      vertex   7.234976e+01 2.697203e+01 2.650739e+00
    endloop
  endfacet
  facet normal -9.054120e-01 -4.225476e-01 -4.102016e-02
    outer loop
      vertex   7.223556e+01 2.715798e+01 3.256080e+00
      vertex   7.234976e+01 2.697203e+01 2.650739e+00
      vertex   7.230907e+01 2.700000e+01 3.260898e+00
    endloop
  endfacet
  facet normal -8.158600e-01 -5.775742e-01 -2.793954e-02
    outer loop
      vertex   7.230907e+01 2.700000e+01 3.260898e+00
      vertex   7.234976e+01 2.697203e+01 2.650739e+00
      vertex   7.240714e+01 2.688816e+01 2.709010e+00
    endloop
  endfacet
  facet normal -8.187468e-01 -5.734069e-01 -2.929704e-02
    outer loop
      vertex   7.230907e+01 2.700000e+01 3.260898e+00
      vertex   7.240714e+01 2.688816e+01 2.709010e+00
      vertex   7.240883e+01 2.685721e+01 3.267437e+00
    endloop
  endfacet
  facet normal -7.512006e-01 -6.591845e-01 -3.425547e-02
    outer loop
      vertex   7.240883e+01 2.685721e+01 3.267437e+00
      vertex   7.240714e+01 2.688816e+01 2.709010e+00
      vertex   7.247026e+01 2.681289e+01 2.773441e+00
    endloop
  endfacet
  facet normal -7.068522e-01 -7.069383e-01 -2.445617e-02
    outer loop
      vertex   7.240883e+01 2.685721e+01 3.267437e+00
      vertex   7.247026e+01 2.681289e+01 2.773441e+00
      vertex   7.253183e+01 2.673396e+01 3.275499e+00
    endloop
  endfacet
  facet normal -6.856462e-01 -7.273057e-01 -3.025876e-02
    outer loop
      vertex   7.253183e+01 2.673396e+01 3.275499e+00
      vertex   7.247026e+01 2.681289e+01 2.773441e+00
      vertex   7.253796e+01 2.674617e+01 2.842930e+00
    endloop
  endfacet
  facet normal -5.766715e-01 -8.163791e-01 -3.122838e-02
    outer loop
      vertex   7.253183e+01 2.673396e+01 3.275499e+00
      vertex   7.253796e+01 2.674617e+01 2.842930e+00
      vertex   7.268305e+01 2.663793e+01 2.993197e+00
    endloop
  endfacet
  facet normal -5.729283e-01 -8.191171e-01 -2.829196e-02
    outer loop
      vertex   7.253183e+01 2.673396e+01 3.275499e+00
      vertex   7.268305e+01 2.663793e+01 2.993197e+00
      vertex   7.267431e+01 2.663397e+01 3.284837e+00
    endloop
  endfacet
  facet normal -4.232546e-01 -9.056663e-01 -2.498206e-02
    outer loop
      vertex   7.267431e+01 2.663397e+01 3.284837e+00
      vertex   7.268305e+01 2.663793e+01 2.993197e+00
      vertex   7.283704e+01 2.656151e+01 3.154685e+00
    endloop
  endfacet
  facet normal -4.220084e-01 -9.062983e-01 -2.307202e-02
    outer loop
      vertex   7.267431e+01 2.663397e+01 3.284837e+00
      vertex   7.283704e+01 2.656151e+01 3.154685e+00
      vertex   7.283195e+01 2.656031e+01 3.295170e+00
    endloop
  endfacet
  facet normal -2.597824e-01 -9.655049e-01 -1.770165e-02
    outer loop
      vertex   7.283195e+01 2.656031e+01 3.295170e+00
      vertex   7.283704e+01 2.656151e+01 3.154685e+00
      vertex   7.299557e+01 2.651577e+01 3.323090e+00
    endloop
  endfacet
  facet normal -2.149284e-03 -9.999977e-01 -2.460100e-04
    outer loop
      vertex   7.315582e+01 2.650001e+01 3.495540e+00
      vertex   7.315994e+01 2.650000e+01 3.500000e+00
      vertex   7.306363e+01 2.650000e+01 4.341339e+00
    endloop
  endfacet
  facet normal 2.969754e-03 -9.961494e-01 -8.762209e-02
    outer loop
      vertex   6.070000e+01 2.650000e+01 1.500000e+01
      vertex   5.985365e+01 2.650000e+01 1.497131e+01
      vertex   5.989382e+01 2.651519e+01 1.479996e+01
    endloop
  endfacet
  facet normal 8.502988e-03 -9.962301e-01 -8.633229e-02
    outer loop
      vertex   5.989382e+01 2.651519e+01 1.479996e+01
      vertex   5.985365e+01 2.650000e+01 1.497131e+01
      vertex   5.909109e+01 2.651519e+01 1.472090e+01
    endloop
  endfacet
  facet normal 2.538138e-02 -9.658912e-01 -2.577015e-01
    outer loop
      vertex   5.989382e+01 2.651519e+01 1.479996e+01
      vertex   5.909109e+01 2.651519e+01 1.472090e+01
      vertex   5.911307e+01 2.656031e+01 1.455397e+01
    endloop
  endfacet
  facet normal 4.218152e-02 -9.658912e-01 -2.554897e-01
    outer loop
      vertex   5.911307e+01 2.656031e+01 1.455397e+01
      vertex   5.909109e+01 2.651519e+01 1.472090e+01
      vertex   5.832810e+01 2.656031e+01 1.442437e+01
    endloop
  endfacet
  facet normal 6.887289e-02 -9.062211e-01 -4.171569e-01
    outer loop
      vertex   5.911307e+01 2.656031e+01 1.455397e+01
      vertex   5.832810e+01 2.656031e+01 1.442437e+01
      vertex   5.835892e+01 2.663397e+01 1.426942e+01
    endloop
  endfacet
  facet normal 9.600880e-02 -9.062211e-01 -4.117593e-01
    outer loop
      vertex   5.835892e+01 2.663397e+01 1.426942e+01
      vertex   5.832810e+01 2.656031e+01 1.442437e+01
      vertex   5.759417e+01 2.663397e+01 1.409111e+01
    endloop
  endfacet
  facet normal 1.302924e-01 -8.190077e-01 -5.587936e-01
    outer loop
      vertex   5.835892e+01 2.663397e+01 1.426942e+01
      vertex   5.759417e+01 2.663397e+01 1.409111e+01
      vertex   5.763113e+01 2.673396e+01 1.395319e+01
    endloop
  endfacet
  facet normal 1.665603e-01 -8.190077e-01 -5.490757e-01
    outer loop
      vertex   5.763113e+01 2.673396e+01 1.395319e+01
      vertex   5.759417e+01 2.663397e+01 1.409111e+01
      vertex   5.688862e+01 2.673396e+01 1.372795e+01
    endloop
  endfacet
  facet normal 2.053172e-01 -7.069174e-01 -6.768402e-01
    outer loop
      vertex   5.763113e+01 2.673396e+01 1.395319e+01
      vertex   5.688862e+01 2.673396e+01 1.372795e+01
      vertex   5.692824e+01 2.685721e+01 1.361124e+01
    endloop
  endfacet
  facet normal 2.491451e-01 -7.069174e-01 -6.619626e-01
    outer loop
      vertex   5.692824e+01 2.685721e+01 1.361124e+01
      vertex   5.688862e+01 2.673396e+01 1.372795e+01
      vertex   5.620961e+01 2.685721e+01 1.334076e+01
    endloop
  endfacet
  facet normal 2.885972e-01 -5.733703e-01 -7.667843e-01
    outer loop
      vertex   5.692824e+01 2.685721e+01 1.361124e+01
      vertex   5.620961e+01 2.685721e+01 1.334076e+01
      vertex   5.624787e+01 2.700000e+01 1.324839e+01
    endloop
  endfacet
  facet normal 3.381294e-01 -5.733703e-01 -7.462674e-01
    outer loop
      vertex   5.624787e+01 2.700000e+01 1.324839e+01
      vertex   5.620961e+01 2.685721e+01 1.334076e+01
      vertex   5.555442e+01 2.700000e+01 1.293419e+01
    endloop
  endfacet
  facet normal 3.740754e-01 -4.224324e-01 -8.256019e-01
    outer loop
      vertex   5.624787e+01 2.700000e+01 1.324839e+01
      vertex   5.555442e+01 2.700000e+01 1.293419e+01
      vertex   5.558701e+01 2.715798e+01 1.286812e+01
    endloop
  endfacet
  facet normal 4.272714e-01 -4.224324e-01 -7.993685e-01
    outer loop
      vertex   5.558701e+01 2.715798e+01 1.286812e+01
      vertex   5.555442e+01 2.700000e+01 1.293419e+01
      vertex   5.491985e+01 2.715798e+01 1.251152e+01
    endloop
  endfacet
  facet normal 4.553506e-01 -2.586897e-01 -8.519011e-01
    outer loop
      vertex   5.558701e+01 2.715798e+01 1.286812e+01
      vertex   5.491985e+01 2.715798e+01 1.251152e+01
      vertex   5.494240e+01 2.732635e+01 1.247245e+01
    endloop
  endfacet
  facet normal 5.100927e-01 -2.586897e-01 -8.202957e-01
    outer loop
      vertex   5.494240e+01 2.732635e+01 1.247245e+01
      vertex   5.491985e+01 2.715798e+01 1.251152e+01
      vertex   5.430250e+01 2.732635e+01 1.207453e+01
    endloop
  endfacet
  facet normal 8.940129e-03 -9.961107e-01 -8.765622e-02
    outer loop
      vertex   5.985365e+01 2.650000e+01 1.497131e+01
      vertex   5.901119e+01 2.650000e+01 1.488539e+01
      vertex   5.909109e+01 2.651519e+01 1.472090e+01
    endloop
  endfacet
  facet normal 1.406361e-02 -9.962661e-01 -8.518201e-02
    outer loop
      vertex   5.909109e+01 2.651519e+01 1.472090e+01
      vertex   5.901119e+01 2.650000e+01 1.488539e+01
      vertex   5.829525e+01 2.651519e+01 1.458950e+01
    endloop
  endfacet
  facet normal 4.218152e-02 -9.658912e-01 -2.554897e-01
    outer loop
      vertex   5.909109e+01 2.651519e+01 1.472090e+01
      vertex   5.829525e+01 2.651519e+01 1.458950e+01
      vertex   5.832810e+01 2.656031e+01 1.442437e+01
    endloop
  endfacet
  facet normal 5.880103e-02 -9.658912e-01 -2.521839e-01
    outer loop
      vertex   5.832810e+01 2.656031e+01 1.442437e+01
      vertex   5.829525e+01 2.651519e+01 1.458950e+01
      vertex   5.755328e+01 2.656031e+01 1.424371e+01
    endloop
  endfacet
  facet normal 9.600880e-02 -9.062211e-01 -4.117593e-01
    outer loop
      vertex   5.832810e+01 2.656031e+01 1.442437e+01
      vertex   5.755328e+01 2.656031e+01 1.424371e+01
      vertex   5.759417e+01 2.663397e+01 1.409111e+01
    endloop
  endfacet
  facet normal 1.227336e-01 -9.062211e-01 -4.045984e-01
    outer loop
      vertex   5.759417e+01 2.663397e+01 1.409111e+01
      vertex   5.755328e+01 2.656031e+01 1.424371e+01
      vertex   5.684273e+01 2.663397e+01 1.386316e+01
    endloop
  endfacet
  facet normal 1.665603e-01 -8.190077e-01 -5.490757e-01
    outer loop
      vertex   5.759417e+01 2.663397e+01 1.409111e+01
      vertex   5.684273e+01 2.663397e+01 1.386316e+01
      vertex   5.688862e+01 2.673396e+01 1.372795e+01
    endloop
  endfacet
  facet normal 2.021149e-01 -8.190077e-01 -5.370065e-01
    outer loop
      vertex   5.688862e+01 2.673396e+01 1.372795e+01
      vertex   5.684273e+01 2.663397e+01 1.386316e+01
      vertex   5.616244e+01 2.673396e+01 1.345464e+01
    endloop
  endfacet
  facet normal 2.491451e-01 -7.069174e-01 -6.619626e-01
    outer loop
      vertex   5.688862e+01 2.673396e+01 1.372795e+01
      vertex   5.616244e+01 2.673396e+01 1.345464e+01
      vertex   5.620961e+01 2.685721e+01 1.334076e+01
    endloop
  endfacet
  facet normal 2.919061e-01 -7.069174e-01 -6.442504e-01
    outer loop
      vertex   5.620961e+01 2.685721e+01 1.334076e+01
      vertex   5.616244e+01 2.673396e+01 1.345464e+01
      vertex   5.551020e+01 2.685721e+01 1.302386e+01
    endloop
  endfacet
  facet normal 3.381294e-01 -5.733703e-01 -7.462674e-01
    outer loop
      vertex   5.620961e+01 2.685721e+01 1.334076e+01
      vertex   5.551020e+01 2.685721e+01 1.302386e+01
      vertex   5.555442e+01 2.700000e+01 1.293419e+01
    endloop
  endfacet
  facet normal 3.862136e-01 -5.733703e-01 -7.225549e-01
    outer loop
      vertex   5.555442e+01 2.700000e+01 1.293419e+01
      vertex   5.551020e+01 2.685721e+01 1.302386e+01
      vertex   5.488301e+01 2.700000e+01 1.257532e+01
    endloop
  endfacet
  facet normal 4.272714e-01 -4.224324e-01 -7.993685e-01
    outer loop
      vertex   5.555442e+01 2.700000e+01 1.293419e+01
      vertex   5.488301e+01 2.700000e+01 1.257532e+01
      vertex   5.491985e+01 2.715798e+01 1.251152e+01
    endloop
  endfacet
  facet normal 4.786378e-01 -4.224324e-01 -7.697121e-01
    outer loop
      vertex   5.491985e+01 2.715798e+01 1.251152e+01
      vertex   5.488301e+01 2.700000e+01 1.257532e+01
      vertex   5.427744e+01 2.715798e+01 1.211204e+01
    endloop
  endfacet
  facet normal 5.100927e-01 -2.586897e-01 -8.202957e-01
    outer loop
      vertex   5.491985e+01 2.715798e+01 1.251152e+01
      vertex   5.427744e+01 2.715798e+01 1.211204e+01
      vertex   5.430250e+01 2.732635e+01 1.207453e+01
    endloop
  endfacet
  facet normal 5.626504e-01 -2.586897e-01 -7.851778e-01
    outer loop
      vertex   5.430250e+01 2.732635e+01 1.207453e+01
      vertex   5.427744e+01 2.715798e+01 1.211204e+01
      vertex   5.369000e+01 2.732635e+01 1.163562e+01
    endloop
  endfacet
  facet normal 1.492360e-02 -9.960744e-01 -8.725304e-02
    outer loop
      vertex   5.901119e+01 2.650000e+01 1.488539e+01
      vertex   5.817648e+01 2.650000e+01 1.474262e+01
      vertex   5.829525e+01 2.651519e+01 1.458950e+01
    endloop
  endfacet
  facet normal 1.951869e-02 -9.962989e-01 -8.371109e-02
    outer loop
      vertex   5.829525e+01 2.651519e+01 1.458950e+01
      vertex   5.817648e+01 2.650000e+01 1.474262e+01
      vertex   5.750971e+01 2.651519e+01 1.440634e+01
    endloop
  endfacet
  facet normal 5.880103e-02 -9.658912e-01 -2.521839e-01
    outer loop
      vertex   5.829525e+01 2.651519e+01 1.458950e+01
      vertex   5.750971e+01 2.651519e+01 1.440634e+01
      vertex   5.755328e+01 2.656031e+01 1.424371e+01
    endloop
  endfacet
  facet normal 7.516875e-02 -9.658912e-01 -2.477982e-01
    outer loop
      vertex   5.755328e+01 2.656031e+01 1.424371e+01
      vertex   5.750971e+01 2.651519e+01 1.440634e+01
      vertex   5.679195e+01 2.656031e+01 1.401276e+01
    endloop
  endfacet
  facet normal 1.227336e-01 -9.062211e-01 -4.045984e-01
    outer loop
      vertex   5.755328e+01 2.656031e+01 1.424371e+01
      vertex   5.679195e+01 2.656031e+01 1.401276e+01
      vertex   5.684273e+01 2.663397e+01 1.386316e+01
    endloop
  endfacet
  facet normal 1.489328e-01 -9.062211e-01 -3.957050e-01
    outer loop
      vertex   5.684273e+01 2.663397e+01 1.386316e+01
      vertex   5.679195e+01 2.656031e+01 1.401276e+01
      vertex   5.610780e+01 2.663397e+01 1.358655e+01
    endloop
  endfacet
  facet normal 2.021149e-01 -8.190077e-01 -5.370065e-01
    outer loop
      vertex   5.684273e+01 2.663397e+01 1.386316e+01
      vertex   5.610780e+01 2.663397e+01 1.358655e+01
      vertex   5.616244e+01 2.673396e+01 1.345464e+01
    endloop
  endfacet
  facet normal 2.368041e-01 -8.190077e-01 -5.226378e-01
    outer loop
      vertex   5.616244e+01 2.673396e+01 1.345464e+01
      vertex   5.610780e+01 2.663397e+01 1.358655e+01
      vertex   5.545569e+01 2.673396e+01 1.313441e+01
    endloop
  endfacet
  facet normal 2.919061e-01 -7.069174e-01 -6.442504e-01
    outer loop
      vertex   5.616244e+01 2.673396e+01 1.345464e+01
      vertex   5.545569e+01 2.673396e+01 1.313441e+01
      vertex   5.551020e+01 2.685721e+01 1.302386e+01
    endloop
  endfacet
  facet normal 3.334171e-01 -7.069174e-01 -6.237795e-01
    outer loop
      vertex   5.551020e+01 2.685721e+01 1.302386e+01
      vertex   5.545569e+01 2.673396e+01 1.313441e+01
      vertex   5.483302e+01 2.685721e+01 1.266190e+01
    endloop
  endfacet
  facet normal 3.862136e-01 -5.733703e-01 -7.225549e-01
    outer loop
      vertex   5.551020e+01 2.685721e+01 1.302386e+01
      vertex   5.483302e+01 2.685721e+01 1.266190e+01
      vertex   5.488301e+01 2.700000e+01 1.257532e+01
    endloop
  endfacet
  facet normal 4.326441e-01 -5.733703e-01 -6.957482e-01
    outer loop
      vertex   5.488301e+01 2.700000e+01 1.257532e+01
      vertex   5.483302e+01 2.685721e+01 1.266190e+01
      vertex   5.423651e+01 2.700000e+01 1.217330e+01
    endloop
  endfacet
  facet normal 4.786378e-01 -4.224324e-01 -7.697121e-01
    outer loop
      vertex   5.488301e+01 2.700000e+01 1.257532e+01
      vertex   5.423651e+01 2.700000e+01 1.217330e+01
      vertex   5.427744e+01 2.715798e+01 1.211204e+01
    endloop
  endfacet
  facet normal 5.279545e-01 -4.224324e-01 -7.367597e-01
    outer loop
      vertex   5.427744e+01 2.715798e+01 1.211204e+01
      vertex   5.423651e+01 2.700000e+01 1.217330e+01
      vertex   5.366253e+01 2.715798e+01 1.167141e+01
    endloop
  endfacet
  facet normal 5.626504e-01 -2.586897e-01 -7.851778e-01
    outer loop
      vertex   5.427744e+01 2.715798e+01 1.211204e+01
      vertex   5.366253e+01 2.715798e+01 1.167141e+01
      vertex   5.369000e+01 2.732635e+01 1.163562e+01
    endloop
  endfacet
  facet normal 6.127988e-01 -2.586897e-01 -7.466975e-01
    outer loop
      vertex   5.369000e+01 2.732635e+01 1.163562e+01
      vertex   5.366253e+01 2.715798e+01 1.167141e+01
      vertex   5.310751e+01 2.732635e+01 1.115758e+01
    endloop
  endfacet
  facet normal 2.088607e-02 -9.960406e-01 -8.641064e-02
    outer loop
      vertex   5.817648e+01 2.650000e+01 1.474262e+01
      vertex   5.735335e+01 2.650000e+01 1.454367e+01
      vertex   5.750971e+01 2.651519e+01 1.440634e+01
    endloop
  endfacet
  facet normal 2.485221e-02 -9.963284e-01 -8.192675e-02
    outer loop
      vertex   5.750971e+01 2.651519e+01 1.440634e+01
      vertex   5.735335e+01 2.650000e+01 1.454367e+01
      vertex   5.673782e+01 2.651519e+01 1.417219e+01
    endloop
  endfacet
  facet normal 7.516875e-02 -9.658912e-01 -2.477982e-01
    outer loop
      vertex   5.750971e+01 2.651519e+01 1.440634e+01
      vertex   5.673782e+01 2.651519e+01 1.417219e+01
      vertex   5.679195e+01 2.656031e+01 1.401276e+01
    endloop
  endfacet
  facet normal 9.121459e-02 -9.658912e-01 -2.423513e-01
    outer loop
      vertex   5.679195e+01 2.656031e+01 1.401276e+01
      vertex   5.673782e+01 2.651519e+01 1.417219e+01
      vertex   5.604734e+01 2.656031e+01 1.373251e+01
    endloop
  endfacet
  facet normal 1.489328e-01 -9.062211e-01 -3.957050e-01
    outer loop
      vertex   5.679195e+01 2.656031e+01 1.401276e+01
      vertex   5.604734e+01 2.656031e+01 1.373251e+01
      vertex   5.610780e+01 2.663397e+01 1.358655e+01
    endloop
  endfacet
  facet normal 1.744943e-01 -9.062211e-01 -3.851170e-01
    outer loop
      vertex   5.610780e+01 2.663397e+01 1.358655e+01
      vertex   5.604734e+01 2.656031e+01 1.373251e+01
      vertex   5.539254e+01 2.663397e+01 1.326247e+01
    endloop
  endfacet
  facet normal 2.368041e-01 -8.190077e-01 -5.226378e-01
    outer loop
      vertex   5.610780e+01 2.663397e+01 1.358655e+01
      vertex   5.539254e+01 2.663397e+01 1.326247e+01
      vertex   5.545569e+01 2.673396e+01 1.313441e+01
    endloop
  endfacet
  facet normal 2.704792e-01 -8.190077e-01 -5.060310e-01
    outer loop
      vertex   5.545569e+01 2.673396e+01 1.313441e+01
      vertex   5.539254e+01 2.663397e+01 1.326247e+01
      vertex   5.477139e+01 2.673396e+01 1.276865e+01
    endloop
  endfacet
  facet normal 3.334171e-01 -7.069174e-01 -6.237795e-01
    outer loop
      vertex   5.545569e+01 2.673396e+01 1.313441e+01
      vertex   5.477139e+01 2.673396e+01 1.276865e+01
      vertex   5.483302e+01 2.685721e+01 1.266190e+01
    endloop
  endfacet
  facet normal 3.735003e-01 -7.069174e-01 -6.006374e-01
    outer loop
      vertex   5.483302e+01 2.685721e+01 1.266190e+01
      vertex   5.477139e+01 2.673396e+01 1.276865e+01
      vertex   5.418096e+01 2.685721e+01 1.225643e+01
    endloop
  endfacet
  facet normal 4.326441e-01 -5.733703e-01 -6.957482e-01
    outer loop
      vertex   5.483302e+01 2.685721e+01 1.266190e+01
      vertex   5.418096e+01 2.685721e+01 1.225643e+01
      vertex   5.423651e+01 2.700000e+01 1.217330e+01
    endloop
  endfacet
  facet normal 4.772218e-01 -5.733703e-01 -6.659623e-01
    outer loop
      vertex   5.423651e+01 2.700000e+01 1.217330e+01
      vertex   5.418096e+01 2.685721e+01 1.225643e+01
      vertex   5.361768e+01 2.700000e+01 1.172985e+01
    endloop
  endfacet
  facet normal 5.279545e-01 -4.224324e-01 -7.367597e-01
    outer loop
      vertex   5.423651e+01 2.700000e+01 1.217330e+01
      vertex   5.361768e+01 2.700000e+01 1.172985e+01
      vertex   5.366253e+01 2.715798e+01 1.167141e+01
    endloop
  endfacet
  facet normal 5.750105e-01 -4.224324e-01 -7.006524e-01
    outer loop
      vertex   5.366253e+01 2.715798e+01 1.167141e+01
      vertex   5.361768e+01 2.700000e+01 1.172985e+01
      vertex   5.307776e+01 2.715798e+01 1.119150e+01
    endloop
  endfacet
  facet normal 6.127988e-01 -2.586897e-01 -7.466975e-01
    outer loop
      vertex   5.366253e+01 2.715798e+01 1.167141e+01
      vertex   5.307776e+01 2.715798e+01 1.119150e+01
      vertex   5.310751e+01 2.732635e+01 1.115758e+01
    endloop
  endfacet
  facet normal 6.603231e-01 -2.586897e-01 -7.050198e-01
    outer loop
      vertex   5.310751e+01 2.732635e+01 1.115758e+01
      vertex   5.307776e+01 2.715798e+01 1.119150e+01
      vertex   5.255753e+01 2.732635e+01 1.064247e+01
    endloop
  endfacet
  facet normal 2.679322e-02 -9.960095e-01 -8.512993e-02
    outer loop
      vertex   5.735335e+01 2.650000e+01 1.454367e+01
      vertex   5.654558e+01 2.650000e+01 1.428944e+01
      vertex   5.673782e+01 2.651519e+01 1.417219e+01
    endloop
  endfacet
  facet normal 3.004850e-02 -9.963549e-01 -7.983694e-02
    outer loop
      vertex   5.673782e+01 2.651519e+01 1.417219e+01
      vertex   5.654558e+01 2.650000e+01 1.428944e+01
      vertex   5.598291e+01 2.651519e+01 1.388806e+01
    endloop
  endfacet
  facet normal 9.121459e-02 -9.658912e-01 -2.423513e-01
    outer loop
      vertex   5.673782e+01 2.651519e+01 1.417219e+01
      vertex   5.598291e+01 2.651519e+01 1.388806e+01
      vertex   5.604734e+01 2.656031e+01 1.373251e+01
    endloop
  endfacet
  facet normal 1.068698e-01 -9.658912e-01 -2.358667e-01
    outer loop
      vertex   5.604734e+01 2.656031e+01 1.373251e+01
      vertex   5.598291e+01 2.651519e+01 1.388806e+01
      vertex   5.532266e+01 2.656031e+01 1.340416e+01
    endloop
  endfacet
  facet normal 1.744943e-01 -9.062211e-01 -3.851170e-01
    outer loop
      vertex   5.604734e+01 2.656031e+01 1.373251e+01
      vertex   5.532266e+01 2.656031e+01 1.340416e+01
      vertex   5.539254e+01 2.663397e+01 1.326247e+01
    endloop
  endfacet
  facet normal 1.993085e-01 -9.062211e-01 -3.728800e-01
    outer loop
      vertex   5.539254e+01 2.663397e+01 1.326247e+01
      vertex   5.532266e+01 2.656031e+01 1.340416e+01
      vertex   5.470000e+01 2.663397e+01 1.289230e+01
    endloop
  endfacet
  facet normal 2.704792e-01 -8.190077e-01 -5.060310e-01
    outer loop
      vertex   5.539254e+01 2.663397e+01 1.326247e+01
      vertex   5.470000e+01 2.663397e+01 1.289230e+01
      vertex   5.477139e+01 2.673396e+01 1.276865e+01
    endloop
  endfacet
  facet normal 3.029961e-01 -8.190077e-01 -4.872574e-01
    outer loop
      vertex   5.477139e+01 2.673396e+01 1.276865e+01
      vertex   5.470000e+01 2.663397e+01 1.289230e+01
      vertex   5.411249e+01 2.673396e+01 1.235891e+01
    endloop
  endfacet
  facet normal 3.735003e-01 -7.069174e-01 -6.006374e-01
    outer loop
      vertex   5.477139e+01 2.673396e+01 1.276865e+01
      vertex   5.411249e+01 2.673396e+01 1.235891e+01
      vertex   5.418096e+01 2.685721e+01 1.225643e+01
    endloop
  endfacet
  facet normal 4.119842e-01 -7.069174e-01 -5.749233e-01
    outer loop
      vertex   5.418096e+01 2.685721e+01 1.225643e+01
      vertex   5.411249e+01 2.673396e+01 1.235891e+01
      vertex   5.355682e+01 2.685721e+01 1.180917e+01
    endloop
  endfacet
  facet normal 4.772218e-01 -5.733703e-01 -6.659623e-01
    outer loop
      vertex   5.418096e+01 2.685721e+01 1.225643e+01
      vertex   5.355682e+01 2.685721e+01 1.180917e+01
      vertex   5.361768e+01 2.700000e+01 1.172985e+01
    endloop
  endfacet
  facet normal 5.197561e-01 -5.733703e-01 -6.333246e-01
    outer loop
      vertex   5.361768e+01 2.700000e+01 1.172985e+01
      vertex   5.355682e+01 2.685721e+01 1.180917e+01
      vertex   5.302919e+01 2.700000e+01 1.124689e+01
    endloop
  endfacet
  facet normal 5.750105e-01 -4.224324e-01 -7.006524e-01
    outer loop
      vertex   5.361768e+01 2.700000e+01 1.172985e+01
      vertex   5.302919e+01 2.700000e+01 1.124689e+01
      vertex   5.307776e+01 2.715798e+01 1.119150e+01
    endloop
  endfacet
  facet normal 6.196043e-01 -4.224324e-01 -6.615447e-01
    outer loop
      vertex   5.307776e+01 2.715798e+01 1.119150e+01
      vertex   5.302919e+01 2.700000e+01 1.124689e+01
      vertex   5.252563e+01 2.715798e+01 1.067437e+01
    endloop
  endfacet
  facet normal 6.603231e-01 -2.586897e-01 -7.050198e-01
    outer loop
      vertex   5.307776e+01 2.715798e+01 1.119150e+01
      vertex   5.252563e+01 2.715798e+01 1.067437e+01
      vertex   5.255753e+01 2.732635e+01 1.064247e+01
    endloop
  endfacet
  facet normal 7.050198e-01 -2.586897e-01 -6.603231e-01
    outer loop
      vertex   5.255753e+01 2.732635e+01 1.064247e+01
      vertex   5.252563e+01 2.715798e+01 1.067437e+01
      vertex   5.204242e+01 2.732635e+01 1.009249e+01
    endloop
  endfacet
  facet normal 3.261071e-02 -9.959812e-01 -8.341469e-02
    outer loop
      vertex   5.654558e+01 2.650000e+01 1.428944e+01
      vertex   5.575688e+01 2.650000e+01 1.398110e+01
      vertex   5.598291e+01 2.651519e+01 1.388806e+01
    endloop
  endfacet
  facet normal 3.509227e-02 -9.963784e-01 -7.745029e-02
    outer loop
      vertex   5.598291e+01 2.651519e+01 1.388806e+01
      vertex   5.575688e+01 2.650000e+01 1.398110e+01
      vertex   5.524819e+01 2.651519e+01 1.355517e+01
    endloop
  endfacet
  facet normal 1.068698e-01 -9.658912e-01 -2.358667e-01
    outer loop
      vertex   5.598291e+01 2.651519e+01 1.388806e+01
      vertex   5.524819e+01 2.651519e+01 1.355517e+01
      vertex   5.532266e+01 2.656031e+01 1.340416e+01
    endloop
  endfacet
  facet normal 1.220674e-01 -9.658912e-01 -2.283721e-01
    outer loop
      vertex   5.532266e+01 2.656031e+01 1.340416e+01
      vertex   5.524819e+01 2.651519e+01 1.355517e+01
      vertex   5.462101e+01 2.656031e+01 1.302912e+01
    endloop
  endfacet
  facet normal 1.993085e-01 -9.062211e-01 -3.728800e-01
    outer loop
      vertex   5.532266e+01 2.656031e+01 1.340416e+01
      vertex   5.462101e+01 2.656031e+01 1.302912e+01
      vertex   5.470000e+01 2.663397e+01 1.289230e+01
    endloop
  endfacet
  facet normal 2.232693e-01 -9.062211e-01 -3.590462e-01
    outer loop
      vertex   5.470000e+01 2.663397e+01 1.289230e+01
      vertex   5.462101e+01 2.656031e+01 1.302912e+01
      vertex   5.403316e+01 2.663397e+01 1.247764e+01
    endloop
  endfacet
  facet normal 3.029961e-01 -8.190077e-01 -4.872574e-01
    outer loop
      vertex   5.470000e+01 2.663397e+01 1.289230e+01
      vertex   5.403316e+01 2.663397e+01 1.247764e+01
      vertex   5.411249e+01 2.673396e+01 1.235891e+01
    endloop
  endfacet
  facet normal 3.342155e-01 -8.190077e-01 -4.663973e-01
    outer loop
      vertex   5.411249e+01 2.673396e+01 1.235891e+01
      vertex   5.403316e+01 2.663397e+01 1.247764e+01
      vertex   5.348179e+01 2.673396e+01 1.190696e+01
    endloop
  endfacet
  facet normal 4.119842e-01 -7.069174e-01 -5.749233e-01
    outer loop
      vertex   5.411249e+01 2.673396e+01 1.235891e+01
      vertex   5.348179e+01 2.673396e+01 1.190696e+01
      vertex   5.355682e+01 2.685721e+01 1.180917e+01
    endloop
  endfacet
  facet normal 4.487039e-01 -7.069174e-01 -5.467473e-01
    outer loop
      vertex   5.355682e+01 2.685721e+01 1.180917e+01
      vertex   5.348179e+01 2.673396e+01 1.190696e+01
      vertex   5.296327e+01 2.685721e+01 1.132205e+01
    endloop
  endfacet
  facet normal 5.197561e-01 -5.733703e-01 -6.333246e-01
    outer loop
      vertex   5.355682e+01 2.685721e+01 1.180917e+01
      vertex   5.296327e+01 2.685721e+01 1.132205e+01
      vertex   5.302919e+01 2.700000e+01 1.124689e+01
    endloop
  endfacet
  facet normal 5.600647e-01 -5.733703e-01 -5.979750e-01
    outer loop
      vertex   5.302919e+01 2.700000e+01 1.124689e+01
      vertex   5.296327e+01 2.685721e+01 1.132205e+01
      vertex   5.247354e+01 2.700000e+01 1.072646e+01
    endloop
  endfacet
  facet normal 6.196043e-01 -4.224324e-01 -6.615447e-01
    outer loop
      vertex   5.302919e+01 2.700000e+01 1.124689e+01
      vertex   5.247354e+01 2.700000e+01 1.072646e+01
      vertex   5.252563e+01 2.715798e+01 1.067437e+01
    endloop
  endfacet
  facet normal 6.615447e-01 -4.224324e-01 -6.196043e-01
    outer loop
      vertex   5.252563e+01 2.715798e+01 1.067437e+01
      vertex   5.247354e+01 2.700000e+01 1.072646e+01
      vertex   5.200850e+01 2.715798e+01 1.012224e+01
    endloop
  endfacet
  facet normal 7.050198e-01 -2.586897e-01 -6.603231e-01
    outer loop
      vertex   5.252563e+01 2.715798e+01 1.067437e+01
      vertex   5.200850e+01 2.715798e+01 1.012224e+01
      vertex   5.204242e+01 2.732635e+01 1.009249e+01
    endloop
  endfacet
  facet normal 7.466975e-01 -2.586897e-01 -6.127988e-01
    outer loop
      vertex   5.204242e+01 2.732635e+01 1.009249e+01
      vertex   5.200850e+01 2.715798e+01 1.012224e+01
      vertex   5.156438e+01 2.732635e+01 9.510005e+00
    endloop
  endfacet
  facet normal 3.830450e-02 -9.959557e-01 -8.127157e-02
    outer loop
      vertex   5.575688e+01 2.650000e+01 1.398110e+01
      vertex   5.499086e+01 2.650000e+01 1.362006e+01
      vertex   5.524819e+01 2.651519e+01 1.355517e+01
    endloop
  endfacet
  facet normal 3.996865e-02 -9.963990e-01 -7.477609e-02
    outer loop
      vertex   5.524819e+01 2.651519e+01 1.355517e+01
      vertex   5.499086e+01 2.650000e+01 1.362006e+01
      vertex   5.453682e+01 2.651519e+01 1.317493e+01
    endloop
  endfacet
  facet normal 1.220674e-01 -9.658912e-01 -2.283721e-01
    outer loop
      vertex   5.524819e+01 2.651519e+01 1.355517e+01
      vertex   5.453682e+01 2.651519e+01 1.317493e+01
      vertex   5.462101e+01 2.656031e+01 1.302912e+01
    endloop
  endfacet
  facet normal 1.367423e-01 -9.658912e-01 -2.198995e-01
    outer loop
      vertex   5.462101e+01 2.656031e+01 1.302912e+01
      vertex   5.453682e+01 2.651519e+01 1.317493e+01
      vertex   5.394539e+01 2.656031e+01 1.260899e+01
    endloop
  endfacet
  facet normal 2.232693e-01 -9.062211e-01 -3.590462e-01
    outer loop
      vertex   5.462101e+01 2.656031e+01 1.302912e+01
      vertex   5.394539e+01 2.656031e+01 1.260899e+01
      vertex   5.403316e+01 2.663397e+01 1.247764e+01
    endloop
  endfacet
  facet normal 2.462740e-01 -9.062211e-01 -3.436750e-01
    outer loop
      vertex   5.403316e+01 2.663397e+01 1.247764e+01
      vertex   5.394539e+01 2.656031e+01 1.260899e+01
      vertex   5.339486e+01 2.663397e+01 1.202024e+01
    endloop
  endfacet
  facet normal 3.342155e-01 -8.190077e-01 -4.663973e-01
    outer loop
      vertex   5.403316e+01 2.663397e+01 1.247764e+01
      vertex   5.339486e+01 2.663397e+01 1.202024e+01
      vertex   5.348179e+01 2.673396e+01 1.190696e+01
    endloop
  endfacet
  facet normal 3.640038e-01 -8.190077e-01 -4.435399e-01
    outer loop
      vertex   5.348179e+01 2.673396e+01 1.190696e+01
      vertex   5.339486e+01 2.663397e+01 1.202024e+01
      vertex   5.288200e+01 2.673396e+01 1.141472e+01
    endloop
  endfacet
  facet normal 4.487039e-01 -7.069174e-01 -5.467473e-01
    outer loop
      vertex   5.348179e+01 2.673396e+01 1.190696e+01
      vertex   5.288200e+01 2.673396e+01 1.141472e+01
      vertex   5.296327e+01 2.685721e+01 1.132205e+01
    endloop
  endfacet
  facet normal 4.835022e-01 -7.069174e-01 -5.162300e-01
    outer loop
      vertex   5.296327e+01 2.685721e+01 1.132205e+01
      vertex   5.288200e+01 2.673396e+01 1.141472e+01
      vertex   5.240284e+01 2.685721e+01 1.079716e+01
    endloop
  endfacet
  facet normal 5.600647e-01 -5.733703e-01 -5.979750e-01
    outer loop
      vertex   5.296327e+01 2.685721e+01 1.132205e+01
      vertex   5.240284e+01 2.685721e+01 1.079716e+01
      vertex   5.247354e+01 2.700000e+01 1.072646e+01
    endloop
  endfacet
  facet normal 5.979750e-01 -5.733703e-01 -5.600647e-01
    outer loop
      vertex   5.247354e+01 2.700000e+01 1.072646e+01
      vertex   5.240284e+01 2.685721e+01 1.079716e+01
      vertex   5.195311e+01 2.700000e+01 1.017081e+01
    endloop
  endfacet
  facet normal 6.615447e-01 -4.224324e-01 -6.196043e-01
    outer loop
      vertex   5.247354e+01 2.700000e+01 1.072646e+01
      vertex   5.195311e+01 2.700000e+01 1.017081e+01
      vertex   5.200850e+01 2.715798e+01 1.012224e+01
    endloop
  endfacet
  facet normal 7.006524e-01 -4.224324e-01 -5.750105e-01
    outer loop
      vertex   5.200850e+01 2.715798e+01 1.012224e+01
      vertex   5.195311e+01 2.700000e+01 1.017081e+01
      vertex   5.152859e+01 2.715798e+01 9.537469e+00
    endloop
  endfacet
  facet normal 7.466975e-01 -2.586897e-01 -6.127988e-01
    outer loop
      vertex   5.200850e+01 2.715798e+01 1.012224e+01
      vertex   5.152859e+01 2.715798e+01 9.537469e+00
      vertex   5.156438e+01 2.732635e+01 9.510005e+00
    endloop
  endfacet
  facet normal 7.851778e-01 -2.586897e-01 -5.626504e-01
    outer loop
      vertex   5.156438e+01 2.732635e+01 9.510005e+00
      vertex   5.152859e+01 2.715798e+01 9.537469e+00
      vertex   5.112547e+01 2.732635e+01 8.897498e+00
    endloop
  endfacet
  facet normal 4.384103e-02 -9.959331e-01 -7.871008e-02
    outer loop
      vertex   5.499086e+01 2.650000e+01 1.362006e+01
      vertex   5.425105e+01 2.650000e+01 1.320799e+01
      vertex   5.453682e+01 2.651519e+01 1.317493e+01
    endloop
  endfacet
  facet normal 4.466322e-02 -9.964168e-01 -7.182431e-02
    outer loop
      vertex   5.453682e+01 2.651519e+01 1.317493e+01
      vertex   5.425105e+01 2.650000e+01 1.320799e+01
      vertex   5.385185e+01 2.651519e+01 1.274899e+01
    endloop
  endfacet
  facet normal 1.367423e-01 -9.658912e-01 -2.198995e-01
    outer loop
      vertex   5.453682e+01 2.651519e+01 1.317493e+01
      vertex   5.385185e+01 2.651519e+01 1.274899e+01
      vertex   5.394539e+01 2.656031e+01 1.260899e+01
    endloop
  endfacet
  facet normal 1.508317e-01 -9.658912e-01 -2.104853e-01
    outer loop
      vertex   5.394539e+01 2.656031e+01 1.260899e+01
      vertex   5.385185e+01 2.651519e+01 1.274899e+01
      vertex   5.329869e+01 2.656031e+01 1.214557e+01
    endloop
  endfacet
  facet normal 2.462740e-01 -9.062211e-01 -3.436750e-01
    outer loop
      vertex   5.394539e+01 2.656031e+01 1.260899e+01
      vertex   5.329869e+01 2.656031e+01 1.214557e+01
      vertex   5.339486e+01 2.663397e+01 1.202024e+01
    endloop
  endfacet
  facet normal 2.682241e-01 -9.062211e-01 -3.268321e-01
    outer loop
      vertex   5.339486e+01 2.663397e+01 1.202024e+01
      vertex   5.329869e+01 2.656031e+01 1.214557e+01
      vertex   5.278785e+01 2.663397e+01 1.152208e+01
    endloop
  endfacet
  facet normal 3.640038e-01 -8.190077e-01 -4.435399e-01
    outer loop
      vertex   5.339486e+01 2.663397e+01 1.202024e+01
      vertex   5.278785e+01 2.663397e+01 1.152208e+01
      vertex   5.288200e+01 2.673396e+01 1.141472e+01
    endloop
  endfacet
  facet normal 3.922333e-01 -8.190077e-01 -4.187833e-01
    outer loop
      vertex   5.288200e+01 2.673396e+01 1.141472e+01
      vertex   5.278785e+01 2.663397e+01 1.152208e+01
      vertex   5.231568e+01 2.673396e+01 1.088432e+01
    endloop
  endfacet
  facet normal 4.835022e-01 -7.069174e-01 -5.162300e-01
    outer loop
      vertex   5.288200e+01 2.673396e+01 1.141472e+01
      vertex   5.231568e+01 2.673396e+01 1.088432e+01
      vertex   5.240284e+01 2.685721e+01 1.079716e+01
    endloop
  endfacet
  facet normal 5.162300e-01 -7.069174e-01 -4.835022e-01
    outer loop
      vertex   5.240284e+01 2.685721e+01 1.079716e+01
      vertex   5.231568e+01 2.673396e+01 1.088432e+01
      vertex   5.187795e+01 2.685721e+01 1.023673e+01
    endloop
  endfacet
  facet normal 5.979750e-01 -5.733703e-01 -5.600647e-01
    outer loop
      vertex   5.240284e+01 2.685721e+01 1.079716e+01
      vertex   5.187795e+01 2.685721e+01 1.023673e+01
      vertex   5.195311e+01 2.700000e+01 1.017081e+01
    endloop
  endfacet
  facet normal 6.333246e-01 -5.733703e-01 -5.197561e-01
    outer loop
      vertex   5.195311e+01 2.700000e+01 1.017081e+01
      vertex   5.187795e+01 2.685721e+01 1.023673e+01
      vertex   5.147015e+01 2.700000e+01 9.582315e+00
    endloop
  endfacet
  facet normal 7.006524e-01 -4.224324e-01 -5.750105e-01
    outer loop
      vertex   5.195311e+01 2.700000e+01 1.017081e+01
      vertex   5.147015e+01 2.700000e+01 9.582315e+00
      vertex   5.152859e+01 2.715798e+01 9.537469e+00
    endloop
  endfacet
  facet normal 7.367597e-01 -4.224324e-01 -5.279545e-01
    outer loop
      vertex   5.152859e+01 2.715798e+01 9.537469e+00
      vertex   5.147015e+01 2.700000e+01 9.582315e+00
      vertex   5.108796e+01 2.715798e+01 8.922563e+00
    endloop
  endfacet
  facet normal 7.851778e-01 -2.586897e-01 -5.626504e-01
    outer loop
      vertex   5.152859e+01 2.715798e+01 9.537469e+00
      vertex   5.108796e+01 2.715798e+01 8.922563e+00
      vertex   5.112547e+01 2.732635e+01 8.897498e+00
    endloop
  endfacet
  facet normal 8.202957e-01 -2.586897e-01 -5.100927e-01
    outer loop
      vertex   5.112547e+01 2.732635e+01 8.897498e+00
      vertex   5.108796e+01 2.715798e+01 8.922563e+00
      vertex   5.072755e+01 2.732635e+01 8.257596e+00
    endloop
  endfacet
  facet normal 4.918754e-02 -9.959135e-01 -7.574253e-02
    outer loop
      vertex   5.425105e+01 2.650000e+01 1.320799e+01
      vertex   5.354083e+01 2.650000e+01 1.274677e+01
      vertex   5.385185e+01 2.651519e+01 1.274899e+01
    endloop
  endfacet
  facet normal 4.916205e-02 -9.964318e-01 -6.860556e-02
    outer loop
      vertex   5.385185e+01 2.651519e+01 1.274899e+01
      vertex   5.354083e+01 2.650000e+01 1.274677e+01
      vertex   5.319619e+01 2.651519e+01 1.227915e+01
    endloop
  endfacet
  facet normal 1.508317e-01 -9.658912e-01 -2.104853e-01
    outer loop
      vertex   5.385185e+01 2.651519e+01 1.274899e+01
      vertex   5.319619e+01 2.651519e+01 1.227915e+01
      vertex   5.329869e+01 2.656031e+01 1.214557e+01
    endloop
  endfacet
  facet normal 1.642751e-01 -9.658912e-01 -2.001698e-01
    outer loop
      vertex   5.329869e+01 2.656031e+01 1.214557e+01
      vertex   5.319619e+01 2.651519e+01 1.227915e+01
      vertex   5.268369e+01 2.656031e+01 1.164085e+01
    endloop
  endfacet
  facet normal 2.682241e-01 -9.062211e-01 -3.268321e-01
    outer loop
      vertex   5.329869e+01 2.656031e+01 1.214557e+01
      vertex   5.268369e+01 2.656031e+01 1.164085e+01
      vertex   5.278785e+01 2.663397e+01 1.152208e+01
    endloop
  endfacet
  facet normal 2.890257e-01 -9.062211e-01 -3.085896e-01
    outer loop
      vertex   5.278785e+01 2.663397e+01 1.152208e+01
      vertex   5.268369e+01 2.656031e+01 1.164085e+01
      vertex   5.221472e+01 2.663397e+01 1.098528e+01
    endloop
  endfacet
  facet normal 3.922333e-01 -8.190077e-01 -4.187833e-01
    outer loop
      vertex   5.278785e+01 2.663397e+01 1.152208e+01
      vertex   5.221472e+01 2.663397e+01 1.098528e+01
      vertex   5.231568e+01 2.673396e+01 1.088432e+01
    endloop
  endfacet
  facet normal 4.187833e-01 -8.190077e-01 -3.922333e-01
    outer loop
      vertex   5.231568e+01 2.673396e+01 1.088432e+01
      vertex   5.221472e+01 2.663397e+01 1.098528e+01
      vertex   5.178528e+01 2.673396e+01 1.031800e+01
    endloop
  endfacet
  facet normal 5.162300e-01 -7.069174e-01 -4.835022e-01
    outer loop
      vertex   5.231568e+01 2.673396e+01 1.088432e+01
      vertex   5.178528e+01 2.673396e+01 1.031800e+01
      vertex   5.187795e+01 2.685721e+01 1.023673e+01
    endloop
  endfacet
  facet normal 5.467473e-01 -7.069174e-01 -4.487039e-01
    outer loop
      vertex   5.187795e+01 2.685721e+01 1.023673e+01
      vertex   5.178528e+01 2.673396e+01 1.031800e+01
      vertex   5.139083e+01 2.685721e+01 9.643179e+00
    endloop
  endfacet
  facet normal 6.333246e-01 -5.733703e-01 -5.197561e-01
    outer loop
      vertex   5.187795e+01 2.685721e+01 1.023673e+01
      vertex   5.139083e+01 2.685721e+01 9.643179e+00
      vertex   5.147015e+01 2.700000e+01 9.582315e+00
    endloop
  endfacet
  facet normal 6.659623e-01 -5.733703e-01 -4.772218e-01
    outer loop
      vertex   5.147015e+01 2.700000e+01 9.582315e+00
      vertex   5.139083e+01 2.685721e+01 9.643179e+00
      vertex   5.102670e+01 2.700000e+01 8.963490e+00
    endloop
  endfacet
  facet normal 7.367597e-01 -4.224324e-01 -5.279545e-01
    outer loop
      vertex   5.147015e+01 2.700000e+01 9.582315e+00
      vertex   5.102670e+01 2.700000e+01 8.963490e+00
      vertex   5.108796e+01 2.715798e+01 8.922563e+00
    endloop
  endfacet
  facet normal 7.697121e-01 -4.224324e-01 -4.786378e-01
    outer loop
      vertex   5.108796e+01 2.715798e+01 8.922563e+00
      vertex   5.102670e+01 2.700000e+01 8.963490e+00
      vertex   5.068848e+01 2.715798e+01 8.280154e+00
    endloop
  endfacet
  facet normal 8.202957e-01 -2.586897e-01 -5.100927e-01
    outer loop
      vertex   5.108796e+01 2.715798e+01 8.922563e+00
      vertex   5.068848e+01 2.715798e+01 8.280154e+00
      vertex   5.072755e+01 2.732635e+01 8.257596e+00
    endloop
  endfacet
  facet normal 8.519011e-01 -2.586897e-01 -4.553506e-01
    outer loop
      vertex   5.072755e+01 2.732635e+01 8.257596e+00
      vertex   5.068848e+01 2.715798e+01 8.280154e+00
      vertex   5.037234e+01 2.732635e+01 7.593039e+00
    endloop
  endfacet
  facet normal 5.431229e-02 -9.958969e-01 -7.238398e-02
    outer loop
      vertex   5.354083e+01 2.650000e+01 1.274677e+01
      vertex   5.286348e+01 2.650000e+01 1.223853e+01
      vertex   5.319619e+01 2.651519e+01 1.227915e+01
    endloop
  endfacet
  facet normal 5.345169e-02 -9.964441e-01 -6.513108e-02
    outer loop
      vertex   5.319619e+01 2.651519e+01 1.227915e+01
      vertex   5.286348e+01 2.650000e+01 1.223853e+01
      vertex   5.257267e+01 2.651519e+01 1.176744e+01
    endloop
  endfacet
  facet normal 1.642751e-01 -9.658912e-01 -2.001698e-01
    outer loop
      vertex   5.319619e+01 2.651519e+01 1.227915e+01
      vertex   5.257267e+01 2.651519e+01 1.176744e+01
      vertex   5.268369e+01 2.656031e+01 1.164085e+01
    endloop
  endfacet
  facet normal 1.770151e-01 -9.658912e-01 -1.889971e-01
    outer loop
      vertex   5.268369e+01 2.656031e+01 1.164085e+01
      vertex   5.257267e+01 2.651519e+01 1.176744e+01
      vertex   5.210301e+01 2.656031e+01 1.109699e+01
    endloop
  endfacet
  facet normal 2.890257e-01 -9.062211e-01 -3.085896e-01
    outer loop
      vertex   5.268369e+01 2.656031e+01 1.164085e+01
      vertex   5.210301e+01 2.656031e+01 1.109699e+01
      vertex   5.221472e+01 2.663397e+01 1.098528e+01
    endloop
  endfacet
  facet normal 3.085896e-01 -9.062211e-01 -2.890257e-01
    outer loop
      vertex   5.221472e+01 2.663397e+01 1.098528e+01
      vertex   5.210301e+01 2.656031e+01 1.109699e+01
      vertex   5.167792e+01 2.663397e+01 1.041215e+01
    endloop
  endfacet
  facet normal 4.187833e-01 -8.190077e-01 -3.922333e-01
    outer loop
      vertex   5.221472e+01 2.663397e+01 1.098528e+01
      vertex   5.167792e+01 2.663397e+01 1.041215e+01
      vertex   5.178528e+01 2.673396e+01 1.031800e+01
    endloop
  endfacet
  facet normal 4.435399e-01 -8.190077e-01 -3.640038e-01
    outer loop
      vertex   5.178528e+01 2.673396e+01 1.031800e+01
      vertex   5.167792e+01 2.663397e+01 1.041215e+01
      vertex   5.129304e+01 2.673396e+01 9.718213e+00
    endloop
  endfacet
  facet normal 5.467473e-01 -7.069174e-01 -4.487039e-01
    outer loop
      vertex   5.178528e+01 2.673396e+01 1.031800e+01
      vertex   5.129304e+01 2.673396e+01 9.718213e+00
      vertex   5.139083e+01 2.685721e+01 9.643179e+00
    endloop
  endfacet
  facet normal 5.749233e-01 -7.069174e-01 -4.119842e-01
    outer loop
      vertex   5.139083e+01 2.685721e+01 9.643179e+00
      vertex   5.129304e+01 2.673396e+01 9.718213e+00
      vertex   5.094357e+01 2.685721e+01 9.019036e+00
    endloop
  endfacet
  facet normal 6.659623e-01 -5.733703e-01 -4.772218e-01
    outer loop
      vertex   5.139083e+01 2.685721e+01 9.643179e+00
      vertex   5.094357e+01 2.685721e+01 9.019036e+00
      vertex   5.102670e+01 2.700000e+01 8.963490e+00
    endloop
  endfacet
  facet normal 6.957482e-01 -5.733703e-01 -4.326441e-01
    outer loop
      vertex   5.102670e+01 2.700000e+01 8.963490e+00
      vertex   5.094357e+01 2.685721e+01 9.019036e+00
      vertex   5.062468e+01 2.700000e+01 8.316987e+00
    endloop
  endfacet
  facet normal 7.697121e-01 -4.224324e-01 -4.786378e-01
    outer loop
      vertex   5.102670e+01 2.700000e+01 8.963490e+00
      vertex   5.062468e+01 2.700000e+01 8.316987e+00
      vertex   5.068848e+01 2.715798e+01 8.280154e+00
    endloop
  endfacet
  facet normal 7.993685e-01 -4.224324e-01 -4.272714e-01
    outer loop
      vertex   5.068848e+01 2.715798e+01 8.280154e+00
      vertex   5.062468e+01 2.700000e+01 8.316987e+00
      vertex   5.033188e+01 2.715798e+01 7.612993e+00
    endloop
  endfacet
  facet normal 8.519011e-01 -2.586897e-01 -4.553506e-01
    outer loop
      vertex   5.068848e+01 2.715798e+01 8.280154e+00
      vertex   5.033188e+01 2.715798e+01 7.612993e+00
      vertex   5.037234e+01 2.732635e+01 7.593039e+00
    endloop
  endfacet
  facet normal 8.798584e-01 -2.586897e-01 -3.986587e-01
    outer loop
      vertex   5.037234e+01 2.732635e+01 7.593039e+00
      vertex   5.033188e+01 2.715798e+01 7.612993e+00
      vertex   5.006135e+01 2.732635e+01 6.906673e+00
    endloop
  endfacet
  facet normal 5.918485e-02 -9.958835e-01 -6.865214e-02
    outer loop
      vertex   5.286348e+01 2.650000e+01 1.223853e+01
      vertex   5.222209e+01 2.650000e+01 1.168559e+01
      vertex   5.257267e+01 2.651519e+01 1.176744e+01
    endloop
  endfacet
  facet normal 5.751927e-02 -9.964537e-01 -6.141270e-02
    outer loop
      vertex   5.257267e+01 2.651519e+01 1.176744e+01
      vertex   5.222209e+01 2.650000e+01 1.168559e+01
      vertex   5.198395e+01 2.651519e+01 1.121605e+01
    endloop
  endfacet
  facet normal 1.770151e-01 -9.658912e-01 -1.889971e-01
    outer loop
      vertex   5.257267e+01 2.651519e+01 1.176744e+01
      vertex   5.198395e+01 2.651519e+01 1.121605e+01
      vertex   5.210301e+01 2.656031e+01 1.109699e+01
    endloop
  endfacet
  facet normal 1.889971e-01 -9.658912e-01 -1.770151e-01
    outer loop
      vertex   5.210301e+01 2.656031e+01 1.109699e+01
      vertex   5.198395e+01 2.651519e+01 1.121605e+01
      vertex   5.155915e+01 2.656031e+01 1.051631e+01
    endloop
  endfacet
  facet normal 3.085896e-01 -9.062211e-01 -2.890257e-01
    outer loop
      vertex   5.210301e+01 2.656031e+01 1.109699e+01
      vertex   5.155915e+01 2.656031e+01 1.051631e+01
      vertex   5.167792e+01 2.663397e+01 1.041215e+01
    endloop
  endfacet
  facet normal 3.268321e-01 -9.062211e-01 -2.682241e-01
    outer loop
      vertex   5.167792e+01 2.663397e+01 1.041215e+01
      vertex   5.155915e+01 2.656031e+01 1.051631e+01
      vertex   5.117976e+01 2.663397e+01 9.805137e+00
    endloop
  endfacet
  facet normal 4.435399e-01 -8.190077e-01 -3.640038e-01
    outer loop
      vertex   5.167792e+01 2.663397e+01 1.041215e+01
      vertex   5.117976e+01 2.663397e+01 9.805137e+00
      vertex   5.129304e+01 2.673396e+01 9.718213e+00
    endloop
  endfacet
  facet normal 4.663973e-01 -8.190077e-01 -3.342155e-01
    outer loop
      vertex   5.129304e+01 2.673396e+01 9.718213e+00
      vertex   5.117976e+01 2.663397e+01 9.805137e+00
      vertex   5.084109e+01 2.673396e+01 9.087514e+00
    endloop
  endfacet
  facet normal 5.749233e-01 -7.069174e-01 -4.119842e-01
    outer loop
      vertex   5.129304e+01 2.673396e+01 9.718213e+00
      vertex   5.084109e+01 2.673396e+01 9.087514e+00
      vertex   5.094357e+01 2.685721e+01 9.019036e+00
    endloop
  endfacet
  facet normal 6.006374e-01 -7.069174e-01 -3.735003e-01
    outer loop
      vertex   5.094357e+01 2.685721e+01 9.019036e+00
      vertex   5.084109e+01 2.673396e+01 9.087514e+00
      vertex   5.053810e+01 2.685721e+01 8.366978e+00
    endloop
  endfacet
  facet normal 6.957482e-01 -5.733703e-01 -4.326441e-01
    outer loop
      vertex   5.094357e+01 2.685721e+01 9.019036e+00
      vertex   5.053810e+01 2.685721e+01 8.366978e+00
      vertex   5.062468e+01 2.700000e+01 8.316987e+00
    endloop
  endfacet
  facet normal 7.225549e-01 -5.733703e-01 -3.862136e-01
    outer loop
      vertex   5.062468e+01 2.700000e+01 8.316987e+00
      vertex   5.053810e+01 2.685721e+01 8.366978e+00
      vertex   5.026581e+01 2.700000e+01 7.645575e+00
    endloop
  endfacet
  facet normal 7.993685e-01 -4.224324e-01 -4.272714e-01
    outer loop
      vertex   5.062468e+01 2.700000e+01 8.316987e+00
      vertex   5.026581e+01 2.700000e+01 7.645575e+00
      vertex   5.033188e+01 2.715798e+01 7.612993e+00
    endloop
  endfacet
  facet normal 8.256019e-01 -4.224324e-01 -3.740754e-01
    outer loop
      vertex   5.033188e+01 2.715798e+01 7.612993e+00
      vertex   5.026581e+01 2.700000e+01 7.645575e+00
      vertex   5.001967e+01 2.715798e+01 6.923938e+00
    endloop
  endfacet
  facet normal 8.798584e-01 -2.586897e-01 -3.986587e-01
    outer loop
      vertex   5.033188e+01 2.715798e+01 7.612993e+00
      vertex   5.001967e+01 2.715798e+01 6.923938e+00
      vertex   5.006135e+01 2.732635e+01 6.906673e+00
    endloop
  endfacet
  facet normal 9.040481e-01 -2.586897e-01 -3.402596e-01
    outer loop
      vertex   5.006135e+01 2.732635e+01 6.906673e+00
      vertex   5.001967e+01 2.715798e+01 6.923938e+00
      vertex   4.979592e+01 2.732635e+01 6.201437e+00
    endloop
  endfacet
  facet normal 6.377626e-02 -9.958733e-01 -6.456725e-02
    outer loop
      vertex   5.222209e+01 2.650000e+01 1.168559e+01
      vertex   5.161961e+01 2.650000e+01 1.109049e+01
      vertex   5.198395e+01 2.651519e+01 1.121605e+01
    endloop
  endfacet
  facet normal 6.135245e-02 -9.964607e-01 -5.746284e-02
    outer loop
      vertex   5.198395e+01 2.651519e+01 1.121605e+01
      vertex   5.161961e+01 2.650000e+01 1.109049e+01
      vertex   5.143256e+01 2.651519e+01 1.062733e+01
    endloop
  endfacet
  facet normal 1.889971e-01 -9.658912e-01 -1.770151e-01
    outer loop
      vertex   5.198395e+01 2.651519e+01 1.121605e+01
      vertex   5.143256e+01 2.651519e+01 1.062733e+01
      vertex   5.155915e+01 2.656031e+01 1.051631e+01
    endloop
  endfacet
  facet normal 2.001698e-01 -9.658912e-01 -1.642751e-01
    outer loop
      vertex   5.155915e+01 2.656031e+01 1.051631e+01
      vertex   5.143256e+01 2.651519e+01 1.062733e+01
      vertex   5.105443e+01 2.656031e+01 9.901309e+00
    endloop
  endfacet
  facet normal 3.268321e-01 -9.062211e-01 -2.682241e-01
    outer loop
      vertex   5.155915e+01 2.656031e+01 1.051631e+01
      vertex   5.105443e+01 2.656031e+01 9.901309e+00
      vertex   5.117976e+01 2.663397e+01 9.805137e+00
    endloop
  endfacet
  facet normal 3.436750e-01 -9.062211e-01 -2.462740e-01
    outer loop
      vertex   5.117976e+01 2.663397e+01 9.805137e+00
      vertex   5.105443e+01 2.656031e+01 9.901309e+00
      vertex   5.072236e+01 2.663397e+01 9.166843e+00
    endloop
  endfacet
  facet normal 4.663973e-01 -8.190077e-01 -3.342155e-01
    outer loop
      vertex   5.117976e+01 2.663397e+01 9.805137e+00
      vertex   5.072236e+01 2.663397e+01 9.166843e+00
      vertex   5.084109e+01 2.673396e+01 9.087514e+00
    endloop
  endfacet
  facet normal 4.872574e-01 -8.190077e-01 -3.029961e-01
    outer loop
      vertex   5.084109e+01 2.673396e+01 9.087514e+00
      vertex   5.072236e+01 2.663397e+01 9.166843e+00
      vertex   5.043135e+01 2.673396e+01 8.428606e+00
    endloop
  endfacet
  facet normal 6.006374e-01 -7.069174e-01 -3.735003e-01
    outer loop
      vertex   5.084109e+01 2.673396e+01 9.087514e+00
      vertex   5.043135e+01 2.673396e+01 8.428606e+00
      vertex   5.053810e+01 2.685721e+01 8.366978e+00
    endloop
  endfacet
  facet normal 6.237795e-01 -7.069174e-01 -3.334171e-01
    outer loop
      vertex   5.053810e+01 2.685721e+01 8.366978e+00
      vertex   5.043135e+01 2.673396e+01 8.428606e+00
      vertex   5.017614e+01 2.685721e+01 7.689796e+00
    endloop
  endfacet
  facet normal 7.225549e-01 -5.733703e-01 -3.862136e-01
    outer loop
      vertex   5.053810e+01 2.685721e+01 8.366978e+00
      vertex   5.017614e+01 2.685721e+01 7.689796e+00
      vertex   5.026581e+01 2.700000e+01 7.645575e+00
    endloop
  endfacet
  facet normal 7.462674e-01 -5.733703e-01 -3.381294e-01
    outer loop
      vertex   5.026581e+01 2.700000e+01 7.645575e+00
      vertex   5.017614e+01 2.685721e+01 7.689796e+00
      vertex   4.995161e+01 2.700000e+01 6.952129e+00
    endloop
  endfacet
  facet normal 8.256019e-01 -4.224324e-01 -3.740754e-01
    outer loop
      vertex   5.026581e+01 2.700000e+01 7.645575e+00
      vertex   4.995161e+01 2.700000e+01 6.952129e+00
      vertex   5.001967e+01 2.715798e+01 6.923938e+00
    endloop
  endfacet
  facet normal 8.482999e-01 -4.224324e-01 -3.192775e-01
    outer loop
      vertex   5.001967e+01 2.715798e+01 6.923938e+00
      vertex   4.995161e+01 2.700000e+01 6.952129e+00
      vertex   4.975320e+01 2.715798e+01 6.215939e+00
    endloop
  endfacet
  facet normal 9.040481e-01 -2.586897e-01 -3.402596e-01
    outer loop
      vertex   5.001967e+01 2.715798e+01 6.923938e+00
      vertex   4.975320e+01 2.715798e+01 6.215939e+00
      vertex   4.979592e+01 2.732635e+01 6.201437e+00
    endloop
  endfacet
  facet normal 9.243665e-01 -2.586897e-01 -2.804035e-01
    outer loop
      vertex   4.979592e+01 2.732635e+01 6.201437e+00
      vertex   4.975320e+01 2.715798e+01 6.215939e+00
      vertex   4.957718e+01 2.732635e+01 5.480351e+00
    endloop
  endfacet
  facet normal 6.805934e-02 -9.958663e-01 -6.015196e-02
    outer loop
      vertex   5.161961e+01 2.650000e+01 1.109049e+01
      vertex   5.105880e+01 2.650000e+01 1.045596e+01
      vertex   5.143256e+01 2.651519e+01 1.062733e+01
    endloop
  endfacet
  facet normal 6.493951e-02 -9.964650e-01 -5.329448e-02
    outer loop
      vertex   5.143256e+01 2.651519e+01 1.062733e+01
      vertex   5.105880e+01 2.650000e+01 1.045596e+01
      vertex   5.092085e+01 2.651519e+01 1.000381e+01
    endloop
  endfacet
  facet normal 2.001698e-01 -9.658912e-01 -1.642751e-01
    outer loop
      vertex   5.143256e+01 2.651519e+01 1.062733e+01
      vertex   5.092085e+01 2.651519e+01 1.000381e+01
      vertex   5.105443e+01 2.656031e+01 9.901309e+00
    endloop
  endfacet
  facet normal 2.104853e-01 -9.658912e-01 -1.508317e-01
    outer loop
      vertex   5.105443e+01 2.656031e+01 9.901309e+00
      vertex   5.092085e+01 2.651519e+01 1.000381e+01
      vertex   5.059101e+01 2.656031e+01 9.254612e+00
    endloop
  endfacet
  facet normal 3.436750e-01 -9.062211e-01 -2.462740e-01
    outer loop
      vertex   5.105443e+01 2.656031e+01 9.901309e+00
      vertex   5.059101e+01 2.656031e+01 9.254612e+00
      vertex   5.072236e+01 2.663397e+01 9.166843e+00
    endloop
  endfacet
  facet normal 3.590462e-01 -9.062211e-01 -2.232693e-01
    outer loop
      vertex   5.072236e+01 2.663397e+01 9.166843e+00
      vertex   5.059101e+01 2.656031e+01 9.254612e+00
      vertex   5.030770e+01 2.663397e+01 8.500000e+00
    endloop
  endfacet
  facet normal 4.872574e-01 -8.190077e-01 -3.029961e-01
    outer loop
      vertex   5.072236e+01 2.663397e+01 9.166843e+00
      vertex   5.030770e+01 2.663397e+01 8.500000e+00
      vertex   5.043135e+01 2.673396e+01 8.428606e+00
    endloop
  endfacet
  facet normal 5.060310e-01 -8.190077e-01 -2.704792e-01
    outer loop
      vertex   5.043135e+01 2.673396e+01 8.428606e+00
      vertex   5.030770e+01 2.663397e+01 8.500000e+00
      vertex   5.006559e+01 2.673396e+01 7.744311e+00
    endloop
  endfacet
  facet normal 6.237795e-01 -7.069174e-01 -3.334171e-01
    outer loop
      vertex   5.043135e+01 2.673396e+01 8.428606e+00
      vertex   5.006559e+01 2.673396e+01 7.744311e+00
      vertex   5.017614e+01 2.685721e+01 7.689796e+00
    endloop
  endfacet
  facet normal 6.442504e-01 -7.069174e-01 -2.919061e-01
    outer loop
      vertex   5.017614e+01 2.685721e+01 7.689796e+00
      vertex   5.006559e+01 2.673396e+01 7.744311e+00
      vertex   4.985924e+01 2.685721e+01 6.990390e+00
    endloop
  endfacet
  facet normal 7.462674e-01 -5.733703e-01 -3.381294e-01
    outer loop
      vertex   5.017614e+01 2.685721e+01 7.689796e+00
      vertex   4.985924e+01 2.685721e+01 6.990390e+00
      vertex   4.995161e+01 2.700000e+01 6.952129e+00
    endloop
  endfacet
  facet normal 7.667843e-01 -5.733703e-01 -2.885972e-01
    outer loop
      vertex   4.995161e+01 2.700000e+01 6.952129e+00
      vertex   4.985924e+01 2.685721e+01 6.990390e+00
      vertex   4.968344e+01 2.700000e+01 6.239618e+00
    endloop
  endfacet
  facet normal 8.482999e-01 -4.224324e-01 -3.192775e-01
    outer loop
      vertex   4.995161e+01 2.700000e+01 6.952129e+00
      vertex   4.968344e+01 2.700000e+01 6.239618e+00
      vertex   4.975320e+01 2.715798e+01 6.215939e+00
    endloop
  endfacet
  facet normal 8.673654e-01 -4.224324e-01 -2.631124e-01
    outer loop
      vertex   4.975320e+01 2.715798e+01 6.215939e+00
      vertex   4.968344e+01 2.700000e+01 6.239618e+00
      vertex   4.953360e+01 2.715798e+01 5.492028e+00
    endloop
  endfacet
  facet normal 9.243665e-01 -2.586897e-01 -2.804035e-01
    outer loop
      vertex   4.975320e+01 2.715798e+01 6.215939e+00
      vertex   4.953360e+01 2.715798e+01 5.492028e+00
      vertex   4.957718e+01 2.732635e+01 5.480351e+00
    endloop
  endfacet
  facet normal 9.407267e-01 -2.586897e-01 -2.193467e-01
    outer loop
      vertex   4.957718e+01 2.732635e+01 5.480351e+00
      vertex   4.953360e+01 2.715798e+01 5.492028e+00
      vertex   4.940607e+01 2.732635e+01 4.746502e+00
    endloop
  endfacet
  facet normal 7.200885e-02 -9.958625e-01 -5.543113e-02
    outer loop
      vertex   5.105880e+01 2.650000e+01 1.045596e+01
      vertex   5.054225e+01 2.650000e+01 9.784920e+00
      vertex   5.092085e+01 2.651519e+01 1.000381e+01
    endloop
  endfacet
  facet normal 6.826933e-02 -9.964668e-01 -4.892111e-02
    outer loop
      vertex   5.092085e+01 2.651519e+01 1.000381e+01
      vertex   5.054225e+01 2.650000e+01 9.784920e+00
      vertex   5.045101e+01 2.651519e+01 9.348154e+00
    endloop
  endfacet
  facet normal 2.104853e-01 -9.658912e-01 -1.508317e-01
    outer loop
      vertex   5.092085e+01 2.651519e+01 1.000381e+01
      vertex   5.045101e+01 2.651519e+01 9.348154e+00
      vertex   5.059101e+01 2.656031e+01 9.254612e+00
    endloop
  endfacet
  facet normal 2.198995e-01 -9.658912e-01 -1.367423e-01
    outer loop
      vertex   5.059101e+01 2.656031e+01 9.254612e+00
      vertex   5.045101e+01 2.651519e+01 9.348154e+00
      vertex   5.017088e+01 2.656031e+01 8.578990e+00
    endloop
  endfacet
  facet normal 3.590462e-01 -9.062211e-01 -2.232693e-01
    outer loop
      vertex   5.059101e+01 2.656031e+01 9.254612e+00
      vertex   5.017088e+01 2.656031e+01 8.578990e+00
      vertex   5.030770e+01 2.663397e+01 8.500000e+00
    endloop
  endfacet
  facet normal 3.728800e-01 -9.062211e-01 -1.993085e-01
    outer loop
      vertex   5.030770e+01 2.663397e+01 8.500000e+00
      vertex   5.017088e+01 2.656031e+01 8.578990e+00
      vertex   4.993753e+01 2.663397e+01 7.807464e+00
    endloop
  endfacet
  facet normal 5.060310e-01 -8.190077e-01 -2.704792e-01
    outer loop
      vertex   5.030770e+01 2.663397e+01 8.500000e+00
      vertex   4.993753e+01 2.663397e+01 7.807464e+00
      vertex   5.006559e+01 2.673396e+01 7.744311e+00
    endloop
  endfacet
  facet normal 5.226378e-01 -8.190077e-01 -2.368041e-01
    outer loop
      vertex   5.006559e+01 2.673396e+01 7.744311e+00
      vertex   4.993753e+01 2.663397e+01 7.807464e+00
      vertex   4.974536e+01 2.673396e+01 7.037559e+00
    endloop
  endfacet
  facet normal 6.442504e-01 -7.069174e-01 -2.919061e-01
    outer loop
      vertex   5.006559e+01 2.673396e+01 7.744311e+00
      vertex   4.974536e+01 2.673396e+01 7.037559e+00
      vertex   4.985924e+01 2.685721e+01 6.990390e+00
    endloop
  endfacet
  facet normal 6.619626e-01 -7.069174e-01 -2.491451e-01
    outer loop
      vertex   4.985924e+01 2.685721e+01 6.990390e+00
      vertex   4.974536e+01 2.673396e+01 7.037559e+00
      vertex   4.958876e+01 2.685721e+01 6.271756e+00
    endloop
  endfacet
  facet normal 7.667843e-01 -5.733703e-01 -2.885972e-01
    outer loop
      vertex   4.985924e+01 2.685721e+01 6.990390e+00
      vertex   4.958876e+01 2.685721e+01 6.271756e+00
      vertex   4.968344e+01 2.700000e+01 6.239618e+00
    endloop
  endfacet
  facet normal 7.840177e-01 -5.733703e-01 -2.378292e-01
    outer loop
      vertex   4.968344e+01 2.700000e+01 6.239618e+00
      vertex   4.958876e+01 2.685721e+01 6.271756e+00
      vertex   4.946244e+01 2.700000e+01 5.511094e+00
    endloop
  endfacet
  facet normal 8.673654e-01 -4.224324e-01 -2.631124e-01
    outer loop
      vertex   4.968344e+01 2.700000e+01 6.239618e+00
      vertex   4.946244e+01 2.700000e+01 5.511094e+00
      vertex   4.953360e+01 2.715798e+01 5.492028e+00
    endloop
  endfacet
  facet normal 8.827167e-01 -4.224324e-01 -2.058207e-01
    outer loop
      vertex   4.953360e+01 2.715798e+01 5.492028e+00
      vertex   4.946244e+01 2.700000e+01 5.511094e+00
      vertex   4.936182e+01 2.715798e+01 4.755304e+00
    endloop
  endfacet
  facet normal 9.407267e-01 -2.586897e-01 -2.193467e-01
    outer loop
      vertex   4.953360e+01 2.715798e+01 5.492028e+00
      vertex   4.936182e+01 2.715798e+01 4.755304e+00
      vertex   4.940607e+01 2.732635e+01 4.746502e+00
    endloop
  endfacet
  facet normal 9.530584e-01 -2.586897e-01 -1.573506e-01
    outer loop
      vertex   4.940607e+01 2.732635e+01 4.746502e+00
      vertex   4.936182e+01 2.715798e+01 4.755304e+00
      vertex   4.928332e+01 2.732635e+01 4.003034e+00
    endloop
  endfacet
  facet normal 7.560170e-02 -9.958620e-01 -5.043170e-02
    outer loop
      vertex   5.054225e+01 2.650000e+01 9.784920e+00
      vertex   5.007231e+01 2.650000e+01 9.080444e+00
      vertex   5.045101e+01 2.651519e+01 9.348154e+00
    endloop
  endfacet
  facet normal 7.133144e-02 -9.964659e-01 -4.435674e-02
    outer loop
      vertex   5.045101e+01 2.651519e+01 9.348154e+00
      vertex   5.007231e+01 2.650000e+01 9.080444e+00
      vertex   5.002507e+01 2.651519e+01 8.663176e+00
    endloop
  endfacet
  facet normal 2.198995e-01 -9.658912e-01 -1.367423e-01
    outer loop
      vertex   5.045101e+01 2.651519e+01 9.348154e+00
      vertex   5.002507e+01 2.651519e+01 8.663176e+00
      vertex   5.017088e+01 2.656031e+01 8.578990e+00
    endloop
  endfacet
  facet normal 2.283721e-01 -9.658912e-01 -1.220674e-01
    outer loop
      vertex   5.017088e+01 2.656031e+01 8.578990e+00
      vertex   5.002507e+01 2.651519e+01 8.663176e+00
      vertex   4.979584e+01 2.656031e+01 7.877337e+00
    endloop
  endfacet
  facet normal 3.728800e-01 -9.062211e-01 -1.993085e-01
    outer loop
      vertex   5.017088e+01 2.656031e+01 8.578990e+00
      vertex   4.979584e+01 2.656031e+01 7.877337e+00
      vertex   4.993753e+01 2.663397e+01 7.807464e+00
    endloop
  endfacet
  facet normal 3.851170e-01 -9.062211e-01 -1.744943e-01
    outer loop
      vertex   4.993753e+01 2.663397e+01 7.807464e+00
      vertex   4.979584e+01 2.656031e+01 7.877337e+00
      vertex   4.961345e+01 2.663397e+01 7.092201e+00
    endloop
  endfacet
  facet normal 5.226378e-01 -8.190077e-01 -2.368041e-01
    outer loop
      vertex   4.993753e+01 2.663397e+01 7.807464e+00
      vertex   4.961345e+01 2.663397e+01 7.092201e+00
      vertex   4.974536e+01 2.673396e+01 7.037559e+00
    endloop
  endfacet
  facet normal 5.370065e-01 -8.190077e-01 -2.021149e-01
    outer loop
      vertex   4.974536e+01 2.673396e+01 7.037559e+00
      vertex   4.961345e+01 2.663397e+01 7.092201e+00
      vertex   4.947205e+01 2.673396e+01 6.311376e+00
    endloop
  endfacet
  facet normal 6.619626e-01 -7.069174e-01 -2.491451e-01
    outer loop
      vertex   4.974536e+01 2.673396e+01 7.037559e+00
      vertex   4.947205e+01 2.673396e+01 6.311376e+00
      vertex   4.958876e+01 2.685721e+01 6.271756e+00
    endloop
  endfacet
  facet normal 6.768402e-01 -7.069174e-01 -2.053172e-01
    outer loop
      vertex   4.958876e+01 2.685721e+01 6.271756e+00
      vertex   4.947205e+01 2.673396e+01 6.311376e+00
      vertex   4.936587e+01 2.685721e+01 5.536971e+00
    endloop
  endfacet
  facet normal 7.840177e-01 -5.733703e-01 -2.378292e-01
    outer loop
      vertex   4.958876e+01 2.685721e+01 6.271756e+00
      vertex   4.936587e+01 2.685721e+01 5.536971e+00
      vertex   4.946244e+01 2.700000e+01 5.511094e+00
    endloop
  endfacet
  facet normal 7.978938e-01 -5.733703e-01 -1.860427e-01
    outer loop
      vertex   4.946244e+01 2.700000e+01 5.511094e+00
      vertex   4.936587e+01 2.685721e+01 5.536971e+00
      vertex   4.928957e+01 2.700000e+01 4.769676e+00
    endloop
  endfacet
  facet normal 8.827167e-01 -4.224324e-01 -2.058207e-01
    outer loop
      vertex   4.946244e+01 2.700000e+01 5.511094e+00
      vertex   4.928957e+01 2.700000e+01 4.769676e+00
      vertex   4.936182e+01 2.715798e+01 4.755304e+00
    endloop
  endfacet
  facet normal 8.942880e-01 -4.224324e-01 -1.476476e-01
    outer loop
      vertex   4.936182e+01 2.715798e+01 4.755304e+00
      vertex   4.928957e+01 2.700000e+01 4.769676e+00
      vertex   4.923859e+01 2.715798e+01 4.008923e+00
    endloop
  endfacet
  facet normal 9.530584e-01 -2.586897e-01 -1.573506e-01
    outer loop
      vertex   4.936182e+01 2.715798e+01 4.755304e+00
      vertex   4.923859e+01 2.715798e+01 4.008923e+00
      vertex   4.928332e+01 2.732635e+01 4.003034e+00
    endloop
  endfacet
  facet normal 9.613091e-01 -2.586897e-01 -9.468068e-02
    outer loop
      vertex   4.928332e+01 2.732635e+01 4.003034e+00
      vertex   4.923859e+01 2.715798e+01 4.008923e+00
      vertex   4.920946e+01 2.732635e+01 3.253130e+00
    endloop
  endfacet
  facet normal 7.881715e-02 -9.958647e-01 -4.518243e-02
    outer loop
      vertex   5.007231e+01 2.650000e+01 9.080444e+00
      vertex   4.965115e+01 2.650000e+01 8.345766e+00
      vertex   5.002507e+01 2.651519e+01 8.663176e+00
    endloop
  endfacet
  facet normal 7.411605e-02 -9.964624e-01 -3.961585e-02
    outer loop
      vertex   5.002507e+01 2.651519e+01 8.663176e+00
      vertex   4.965115e+01 2.650000e+01 8.345766e+00
      vertex   4.964483e+01 2.651519e+01 7.951806e+00
    endloop
  endfacet
  facet normal 2.283721e-01 -9.658912e-01 -1.220674e-01
    outer loop
      vertex   5.002507e+01 2.651519e+01 8.663176e+00
      vertex   4.964483e+01 2.651519e+01 7.951806e+00
      vertex   4.979584e+01 2.656031e+01 7.877337e+00
    endloop
  endfacet
  facet normal 2.358667e-01 -9.658912e-01 -1.068698e-01
    outer loop
      vertex   4.979584e+01 2.656031e+01 7.877337e+00
      vertex   4.964483e+01 2.651519e+01 7.951806e+00
      vertex   4.946749e+01 2.656031e+01 7.152657e+00
    endloop
  endfacet
  facet normal 3.851170e-01 -9.062211e-01 -1.744943e-01
    outer loop
      vertex   4.979584e+01 2.656031e+01 7.877337e+00
      vertex   4.946749e+01 2.656031e+01 7.152657e+00
      vertex   4.961345e+01 2.663397e+01 7.092201e+00
    endloop
  endfacet
  facet normal 3.957050e-01 -9.062211e-01 -1.489328e-01
    outer loop
      vertex   4.961345e+01 2.663397e+01 7.092201e+00
      vertex   4.946749e+01 2.656031e+01 7.152657e+00
      vertex   4.933684e+01 2.663397e+01 6.357274e+00
    endloop
  endfacet
  facet normal 5.370065e-01 -8.190077e-01 -2.021149e-01
    outer loop
      vertex   4.961345e+01 2.663397e+01 7.092201e+00
      vertex   4.933684e+01 2.663397e+01 6.357274e+00
      vertex   4.947205e+01 2.673396e+01 6.311376e+00
    endloop
  endfacet
  facet normal 5.490757e-01 -8.190077e-01 -1.665603e-01
    outer loop
      vertex   4.947205e+01 2.673396e+01 6.311376e+00
      vertex   4.933684e+01 2.663397e+01 6.357274e+00
      vertex   4.924681e+01 2.673396e+01 5.568872e+00
    endloop
  endfacet
  facet normal 6.768402e-01 -7.069174e-01 -2.053172e-01
    outer loop
      vertex   4.947205e+01 2.673396e+01 6.311376e+00
      vertex   4.924681e+01 2.673396e+01 5.568872e+00
      vertex   4.936587e+01 2.685721e+01 5.536971e+00
    endloop
  endfacet
  facet normal 6.888194e-01 -7.069174e-01 -1.606102e-01
    outer loop
      vertex   4.936587e+01 2.685721e+01 5.536971e+00
      vertex   4.924681e+01 2.673396e+01 5.568872e+00
      vertex   4.919151e+01 2.685721e+01 4.789181e+00
    endloop
  endfacet
  facet normal 7.978938e-01 -5.733703e-01 -1.860427e-01
    outer loop
      vertex   4.936587e+01 2.685721e+01 5.536971e+00
      vertex   4.919151e+01 2.685721e+01 4.789181e+00
      vertex   4.928957e+01 2.700000e+01 4.769676e+00
    endloop
  endfacet
  facet normal 8.083533e-01 -5.733703e-01 -1.334597e-01
    outer loop
      vertex   4.928957e+01 2.700000e+01 4.769676e+00
      vertex   4.919151e+01 2.685721e+01 4.789181e+00
      vertex   4.916556e+01 2.700000e+01 4.018538e+00
    endloop
  endfacet
  facet normal 8.942880e-01 -4.224324e-01 -1.476476e-01
    outer loop
      vertex   4.928957e+01 2.700000e+01 4.769676e+00
      vertex   4.916556e+01 2.700000e+01 4.018538e+00
      vertex   4.923859e+01 2.715798e+01 4.008923e+00
    endloop
  endfacet
  facet normal 9.020299e-01 -4.224324e-01 -8.884219e-02
    outer loop
      vertex   4.923859e+01 2.715798e+01 4.008923e+00
      vertex   4.916556e+01 2.700000e+01 4.018538e+00
      vertex   4.916444e+01 2.715798e+01 3.256080e+00
    endloop
  endfacet
  facet normal 9.613091e-01 -2.586897e-01 -9.468068e-02
    outer loop
      vertex   4.923859e+01 2.715798e+01 4.008923e+00
      vertex   4.916444e+01 2.715798e+01 3.256080e+00
      vertex   4.920946e+01 2.732635e+01 3.253130e+00
    endloop
  endfacet
  facet normal 9.650707e-01 -2.587554e-01 -4.103846e-02
    outer loop
      vertex   4.920946e+01 2.732635e+01 3.253130e+00
      vertex   4.916444e+01 2.715798e+01 3.256080e+00
      vertex   4.919331e+01 2.738448e+01 2.506692e+00
    endloop
  endfacet
  facet normal 8.163692e-02 -9.958706e-01 -3.971372e-02
    outer loop
      vertex   4.965115e+01 2.650000e+01 8.345766e+00
      vertex   4.928070e+01 2.650000e+01 7.584259e+00
      vertex   4.964483e+01 2.651519e+01 7.951806e+00
    endloop
  endfacet
  facet normal 7.661403e-02 -9.964564e-01 -3.471337e-02
    outer loop
      vertex   4.964483e+01 2.651519e+01 7.951806e+00
      vertex   4.928070e+01 2.650000e+01 7.584259e+00
      vertex   4.931194e+01 2.651519e+01 7.217091e+00
    endloop
  endfacet
  facet normal 2.358667e-01 -9.658912e-01 -1.068698e-01
    outer loop
      vertex   4.964483e+01 2.651519e+01 7.951806e+00
      vertex   4.931194e+01 2.651519e+01 7.217091e+00
      vertex   4.946749e+01 2.656031e+01 7.152657e+00
    endloop
  endfacet
  facet normal 2.423513e-01 -9.658912e-01 -9.121459e-02
    outer loop
      vertex   4.946749e+01 2.656031e+01 7.152657e+00
      vertex   4.931194e+01 2.651519e+01 7.217091e+00
      vertex   4.918724e+01 2.656031e+01 6.408054e+00
    endloop
  endfacet
  facet normal 3.957050e-01 -9.062211e-01 -1.489328e-01
    outer loop
      vertex   4.946749e+01 2.656031e+01 7.152657e+00
      vertex   4.918724e+01 2.656031e+01 6.408054e+00
      vertex   4.933684e+01 2.663397e+01 6.357274e+00
    endloop
  endfacet
  facet normal 4.045984e-01 -9.062211e-01 -1.227336e-01
    outer loop
      vertex   4.933684e+01 2.663397e+01 6.357274e+00
      vertex   4.918724e+01 2.656031e+01 6.408054e+00
      vertex   4.910889e+01 2.663397e+01 5.605828e+00
    endloop
  endfacet
  facet normal 5.490757e-01 -8.190077e-01 -1.665603e-01
    outer loop
      vertex   4.933684e+01 2.663397e+01 6.357274e+00
      vertex   4.910889e+01 2.663397e+01 5.605828e+00
      vertex   4.924681e+01 2.673396e+01 5.568872e+00
    endloop
  endfacet
  facet normal 5.587936e-01 -8.190077e-01 -1.302924e-01
    outer loop
      vertex   4.924681e+01 2.673396e+01 5.568872e+00
      vertex   4.910889e+01 2.663397e+01 5.605828e+00
      vertex   4.907062e+01 2.673396e+01 4.813227e+00
    endloop
  endfacet
  facet normal 6.888194e-01 -7.069174e-01 -1.606102e-01
    outer loop
      vertex   4.924681e+01 2.673396e+01 5.568872e+00
      vertex   4.907062e+01 2.673396e+01 4.813227e+00
      vertex   4.919151e+01 2.685721e+01 4.789181e+00
    endloop
  endfacet
  facet normal 6.978490e-01 -7.069174e-01 -1.152153e-01
    outer loop
      vertex   4.919151e+01 2.685721e+01 4.789181e+00
      vertex   4.907062e+01 2.673396e+01 4.813227e+00
      vertex   4.906643e+01 2.685721e+01 4.031588e+00
    endloop
  endfacet
  facet normal 8.083533e-01 -5.733703e-01 -1.334597e-01
    outer loop
      vertex   4.919151e+01 2.685721e+01 4.789181e+00
      vertex   4.906643e+01 2.685721e+01 4.031588e+00
      vertex   4.916556e+01 2.700000e+01 4.018538e+00
    endloop
  endfacet
  facet normal 8.153512e-01 -5.733703e-01 -8.030508e-02
    outer loop
      vertex   4.916556e+01 2.700000e+01 4.018538e+00
      vertex   4.906643e+01 2.685721e+01 4.031588e+00
      vertex   4.909093e+01 2.700000e+01 3.260898e+00
    endloop
  endfacet
  facet normal 9.020299e-01 -4.224324e-01 -8.884219e-02
    outer loop
      vertex   4.916556e+01 2.700000e+01 4.018538e+00
      vertex   4.909093e+01 2.700000e+01 3.260898e+00
      vertex   4.916444e+01 2.715798e+01 3.256080e+00
    endloop
  endfacet
  facet normal 9.057820e-01 -4.224701e-01 -3.283194e-02
    outer loop
      vertex   4.916444e+01 2.715798e+01 3.256080e+00
      vertex   4.909093e+01 2.700000e+01 3.260898e+00
      vertex   4.914222e+01 2.716458e+01 2.557928e+00
    endloop
  endfacet
  facet normal 9.564794e-01 -2.899060e-01 -3.319253e-02
    outer loop
      vertex   4.916444e+01 2.715798e+01 3.256080e+00
      vertex   4.914222e+01 2.716458e+01 2.557928e+00
      vertex   4.917374e+01 2.727219e+01 2.526294e+00
    endloop
  endfacet
  facet normal 8.404537e-02 -9.958797e-01 -3.405740e-02
    outer loop
      vertex   4.928070e+01 2.650000e+01 7.584259e+00
      vertex   4.896267e+01 2.650000e+01 6.799417e+00
      vertex   4.931194e+01 2.651519e+01 7.217091e+00
    endloop
  endfacet
  facet normal 7.881696e-02 -9.964476e-01 -2.966460e-02
    outer loop
      vertex   4.931194e+01 2.651519e+01 7.217091e+00
      vertex   4.896267e+01 2.650000e+01 6.799417e+00
      vertex   4.902781e+01 2.651519e+01 6.462176e+00
    endloop
  endfacet
  facet normal 2.423513e-01 -9.658912e-01 -9.121459e-02
    outer loop
      vertex   4.931194e+01 2.651519e+01 7.217091e+00
      vertex   4.902781e+01 2.651519e+01 6.462176e+00
      vertex   4.918724e+01 2.656031e+01 6.408054e+00
    endloop
  endfacet
  facet normal 2.477982e-01 -9.658912e-01 -7.516875e-02
    outer loop
      vertex   4.918724e+01 2.656031e+01 6.408054e+00
      vertex   4.902781e+01 2.651519e+01 6.462176e+00
      vertex   4.895629e+01 2.656031e+01 5.646717e+00
    endloop
  endfacet
  facet normal 4.045984e-01 -9.062211e-01 -1.227336e-01
    outer loop
      vertex   4.918724e+01 2.656031e+01 6.408054e+00
      vertex   4.895629e+01 2.656031e+01 5.646717e+00
      vertex   4.910889e+01 2.663397e+01 5.605828e+00
    endloop
  endfacet
  facet normal 4.117593e-01 -9.062211e-01 -9.600880e-02
    outer loop
      vertex   4.910889e+01 2.663397e+01 5.605828e+00
      vertex   4.895629e+01 2.656031e+01 5.646717e+00
      vertex   4.893058e+01 2.663397e+01 4.841084e+00
    endloop
  endfacet
  facet normal 5.587936e-01 -8.190077e-01 -1.302924e-01
    outer loop
      vertex   4.910889e+01 2.663397e+01 5.605828e+00
      vertex   4.893058e+01 2.663397e+01 4.841084e+00
      vertex   4.907062e+01 2.673396e+01 4.813227e+00
    endloop
  endfacet
  facet normal 5.661187e-01 -8.190077e-01 -9.346658e-02
    outer loop
      vertex   4.907062e+01 2.673396e+01 4.813227e+00
      vertex   4.893058e+01 2.663397e+01 4.841084e+00
      vertex   4.894423e+01 2.673396e+01 4.047677e+00
    endloop
  endfacet
  facet normal 6.978490e-01 -7.069174e-01 -1.152153e-01
    outer loop
      vertex   4.907062e+01 2.673396e+01 4.813227e+00
      vertex   4.894423e+01 2.673396e+01 4.047677e+00
      vertex   4.906643e+01 2.685721e+01 4.031588e+00
    endloop
  endfacet
  facet normal 7.038903e-01 -7.069174e-01 -6.932714e-02
    outer loop
      vertex   4.906643e+01 2.685721e+01 4.031588e+00
      vertex   4.894423e+01 2.673396e+01 4.047677e+00
      vertex   4.899117e+01 2.685721e+01 3.267437e+00
    endloop
  endfacet
  facet normal 8.153512e-01 -5.733703e-01 -8.030508e-02
    outer loop
      vertex   4.906643e+01 2.685721e+01 4.031588e+00
      vertex   4.899117e+01 2.685721e+01 3.267437e+00
      vertex   4.909093e+01 2.700000e+01 3.260898e+00
    endloop
  endfacet
  facet normal 8.187468e-01 -5.734069e-01 -2.929704e-02
    outer loop
      vertex   4.909093e+01 2.700000e+01 3.260898e+00
      vertex   4.899117e+01 2.685721e+01 3.267437e+00
      vertex   4.899286e+01 2.688816e+01 2.709010e+00
    endloop
  endfacet
  facet normal 8.158600e-01 -5.775742e-01 -2.793954e-02
    outer loop
      vertex   4.909093e+01 2.700000e+01 3.260898e+00
      vertex   4.899286e+01 2.688816e+01 2.709010e+00
      vertex   4.905024e+01 2.697203e+01 2.650739e+00
    endloop
  endfacet
  facet normal 8.602959e-02 -9.958921e-01 -2.824641e-02
    outer loop
      vertex   4.896267e+01 2.650000e+01 6.799417e+00
      vertex   4.869850e+01 2.650000e+01 5.994842e+00
      vertex   4.902781e+01 2.651519e+01 6.462176e+00
    endloop
  endfacet
  facet normal 8.071715e-02 -9.964363e-01 -2.448528e-02
    outer loop
      vertex   4.902781e+01 2.651519e+01 6.462176e+00
      vertex   4.869850e+01 2.650000e+01 5.994842e+00
      vertex   4.879366e+01 2.651519e+01 5.690295e+00
    endloop
  endfacet
  facet normal 2.477982e-01 -9.658912e-01 -7.516875e-02
    outer loop
      vertex   4.902781e+01 2.651519e+01 6.462176e+00
      vertex   4.879366e+01 2.651519e+01 5.690295e+00
      vertex   4.895629e+01 2.656031e+01 5.646717e+00
    endloop
  endfacet
  facet normal 2.521839e-01 -9.658912e-01 -5.880103e-02
    outer loop
      vertex   4.895629e+01 2.656031e+01 5.646717e+00
      vertex   4.879366e+01 2.651519e+01 5.690295e+00
      vertex   4.877563e+01 2.656031e+01 4.871904e+00
    endloop
  endfacet
  facet normal 4.117593e-01 -9.062211e-01 -9.600880e-02
    outer loop
      vertex   4.895629e+01 2.656031e+01 5.646717e+00
      vertex   4.877563e+01 2.656031e+01 4.871904e+00
      vertex   4.893058e+01 2.663397e+01 4.841084e+00
    endloop
  endfacet
  facet normal 4.171569e-01 -9.062211e-01 -6.887289e-02
    outer loop
      vertex   4.893058e+01 2.663397e+01 4.841084e+00
      vertex   4.877563e+01 2.656031e+01 4.871904e+00
      vertex   4.880266e+01 2.663397e+01 4.066314e+00
    endloop
  endfacet
  facet normal 5.661187e-01 -8.190077e-01 -9.346658e-02
    outer loop
      vertex   4.893058e+01 2.663397e+01 4.841084e+00
      vertex   4.880266e+01 2.663397e+01 4.066314e+00
      vertex   4.894423e+01 2.673396e+01 4.047677e+00
    endloop
  endfacet
  facet normal 5.710196e-01 -8.190077e-01 -5.624053e-02
    outer loop
      vertex   4.894423e+01 2.673396e+01 4.047677e+00
      vertex   4.880266e+01 2.663397e+01 4.066314e+00
      vertex   4.886817e+01 2.673396e+01 3.275499e+00
    endloop
  endfacet
  facet normal 7.038903e-01 -7.069174e-01 -6.932714e-02
    outer loop
      vertex   4.894423e+01 2.673396e+01 4.047677e+00
      vertex   4.886817e+01 2.673396e+01 3.275499e+00
      vertex   4.899117e+01 2.685721e+01 3.267437e+00
    endloop
  endfacet
  facet normal 7.068522e-01 -7.069383e-01 -2.445617e-02
    outer loop
      vertex   4.899117e+01 2.685721e+01 3.267437e+00
      vertex   4.886817e+01 2.673396e+01 3.275499e+00
      vertex   4.892974e+01 2.681289e+01 2.773441e+00
    endloop
  endfacet
  facet normal 7.512006e-01 -6.591845e-01 -3.425547e-02
    outer loop
      vertex   4.899117e+01 2.685721e+01 3.267437e+00
      vertex   4.892974e+01 2.681289e+01 2.773441e+00
      vertex   4.899286e+01 2.688816e+01 2.709010e+00
    endloop
  endfacet
  facet normal 8.757951e-02 -9.959076e-01 -2.231464e-02
    outer loop
      vertex   4.869850e+01 2.650000e+01 5.994842e+00
      vertex   4.848941e+01 2.650000e+01 5.174227e+00
      vertex   4.879366e+01 2.651519e+01 5.690295e+00
    endloop
  endfacet
  facet normal 8.230764e-02 -9.964222e-01 -1.919145e-02
    outer loop
      vertex   4.879366e+01 2.651519e+01 5.690295e+00
      vertex   4.848941e+01 2.650000e+01 5.174227e+00
      vertex   4.861050e+01 2.651519e+01 4.904752e+00
    endloop
  endfacet
  facet normal 2.521839e-01 -9.658912e-01 -5.880103e-02
    outer loop
      vertex   4.879366e+01 2.651519e+01 5.690295e+00
      vertex   4.861050e+01 2.651519e+01 4.904752e+00
      vertex   4.877563e+01 2.656031e+01 4.871904e+00
    endloop
  endfacet
  facet normal 2.554897e-01 -9.658912e-01 -4.218152e-02
    outer loop
      vertex   4.877563e+01 2.656031e+01 4.871904e+00
      vertex   4.861050e+01 2.651519e+01 4.904752e+00
      vertex   4.864603e+01 2.656031e+01 4.086935e+00
    endloop
  endfacet
  facet normal 4.171569e-01 -9.062211e-01 -6.887289e-02
    outer loop
      vertex   4.877563e+01 2.656031e+01 4.871904e+00
      vertex   4.864603e+01 2.656031e+01 4.086935e+00
      vertex   4.880266e+01 2.663397e+01 4.066314e+00
    endloop
  endfacet
  facet normal 4.207683e-01 -9.062211e-01 -4.144206e-02
    outer loop
      vertex   4.880266e+01 2.663397e+01 4.066314e+00
      vertex   4.864603e+01 2.656031e+01 4.086935e+00
      vertex   4.872569e+01 2.663397e+01 3.284837e+00
    endloop
  endfacet
  facet normal 5.710196e-01 -8.190077e-01 -5.624053e-02
    outer loop
      vertex   4.880266e+01 2.663397e+01 4.066314e+00
      vertex   4.872569e+01 2.663397e+01 3.284837e+00
      vertex   4.886817e+01 2.673396e+01 3.275499e+00
    endloop
  endfacet
  facet normal 5.729283e-01 -8.191171e-01 -2.829196e-02
    outer loop
      vertex   4.886817e+01 2.673396e+01 3.275499e+00
      vertex   4.872569e+01 2.663397e+01 3.284837e+00
      vertex   4.871695e+01 2.663793e+01 2.993197e+00
    endloop
  endfacet
  facet normal 5.766715e-01 -8.163791e-01 -3.122838e-02
    outer loop
      vertex   4.886817e+01 2.673396e+01 3.275499e+00
      vertex   4.871695e+01 2.663793e+01 2.993197e+00
      vertex   4.886204e+01 2.674617e+01 2.842930e+00
    endloop
  endfacet
  facet normal 8.868790e-02 -9.959261e-01 -1.629659e-02
    outer loop
      vertex   4.848941e+01 2.650000e+01 5.174227e+00
      vertex   4.833637e+01 2.650000e+01 4.341339e+00
      vertex   4.861050e+01 2.651519e+01 4.904752e+00
    endloop
  endfacet
  facet normal 8.358221e-02 -9.964053e-01 -1.379948e-02
    outer loop
      vertex   4.861050e+01 2.651519e+01 4.904752e+00
      vertex   4.833637e+01 2.650000e+01 4.341339e+00
      vertex   4.847910e+01 2.651519e+01 4.108912e+00
    endloop
  endfacet
  facet normal 2.554897e-01 -9.658912e-01 -4.218152e-02
    outer loop
      vertex   4.861050e+01 2.651519e+01 4.904752e+00
      vertex   4.847910e+01 2.651519e+01 4.108912e+00
      vertex   4.864603e+01 2.656031e+01 4.086935e+00
    endloop
  endfacet
  facet normal 2.577248e-01 -9.658897e-01 -2.520129e-02
    outer loop
      vertex   4.864603e+01 2.656031e+01 4.086935e+00
      vertex   4.847910e+01 2.651519e+01 4.108912e+00
      vertex   4.840443e+01 2.651577e+01 3.323090e+00
    endloop
  endfacet
  facet normal 2.585046e-01 -9.656744e-01 -2.546048e-02
    outer loop
      vertex   4.864603e+01 2.656031e+01 4.086935e+00
      vertex   4.840443e+01 2.651577e+01 3.323090e+00
      vertex   4.856805e+01 2.656031e+01 3.295170e+00
    endloop
  endfacet
  facet normal 2.597824e-01 -9.655049e-01 -1.770165e-02
    outer loop
      vertex   4.856805e+01 2.656031e+01 3.295170e+00
      vertex   4.840443e+01 2.651577e+01 3.323090e+00
      vertex   4.856296e+01 2.656151e+01 3.154685e+00
    endloop
  endfacet
  facet normal 4.220084e-01 -9.062983e-01 -2.307202e-02
    outer loop
      vertex   4.856805e+01 2.656031e+01 3.295170e+00
      vertex   4.856296e+01 2.656151e+01 3.154685e+00
      vertex   4.872569e+01 2.663397e+01 3.284837e+00
    endloop
  endfacet
  facet normal 4.232546e-01 -9.056663e-01 -2.498206e-02
    outer loop
      vertex   4.872569e+01 2.663397e+01 3.284837e+00
      vertex   4.856296e+01 2.656151e+01 3.154685e+00
      vertex   4.871695e+01 2.663793e+01 2.993197e+00
    endloop
  endfacet
  facet normal 2.149284e-03 -9.999977e-01 -2.460100e-04
    outer loop
      vertex   4.824006e+01 2.650000e+01 3.500000e+00
      vertex   4.824418e+01 2.650001e+01 3.495540e+00
      vertex   4.833637e+01 2.650000e+01 4.341339e+00
    endloop
  endfacet
  facet normal 9.000542e-02 -9.958928e-01 -9.821405e-03
    outer loop
      vertex   4.833637e+01 2.650000e+01 4.341339e+00
      vertex   4.824418e+01 2.650001e+01 3.495540e+00
      vertex   4.847910e+01 2.651519e+01 4.108912e+00
    endloop
  endfacet
  facet normal 8.816494e-02 -9.960642e-01 -9.112261e-03
    outer loop
      vertex   4.824418e+01 2.650001e+01 3.495540e+00
      vertex   4.840443e+01 2.651577e+01 3.323090e+00
      vertex   4.847910e+01 2.651519e+01 4.108912e+00
    endloop
  endfacet
  facet normal 6.856462e-01 -7.273057e-01 -3.025876e-02
    outer loop
      vertex   4.886204e+01 2.674617e+01 2.842930e+00
      vertex   4.892974e+01 2.681289e+01 2.773441e+00
      vertex   4.886817e+01 2.673396e+01 3.275499e+00
    endloop
  endfacet
  facet normal 8.692001e-01 -4.931941e-01 -3.536591e-02
    outer loop
      vertex   4.905024e+01 2.697203e+01 2.650739e+00
      vertex   4.910053e+01 2.706431e+01 2.599900e+00
      vertex   4.909093e+01 2.700000e+01 3.260898e+00
    endloop
  endfacet
  facet normal 9.193649e-01 -3.926200e-01 -2.485248e-02
    outer loop
      vertex   4.909093e+01 2.700000e+01 3.260898e+00
      vertex   4.910053e+01 2.706431e+01 2.599900e+00
      vertex   4.914222e+01 2.716458e+01 2.557928e+00
    endloop
  endfacet
  facet normal 9.846036e-01 -1.741808e-01 -1.472379e-02
    outer loop
      vertex   4.917374e+01 2.727219e+01 2.526294e+00
      vertex   4.919331e+01 2.738448e+01 2.506692e+00
      vertex   4.916444e+01 2.715798e+01 3.256080e+00
    endloop
  endfacet
  facet normal 4.207683e-01 -9.062211e-01 -4.144206e-02
    outer loop
      vertex   4.864603e+01 2.656031e+01 4.086935e+00
      vertex   4.856805e+01 2.656031e+01 3.295170e+00
      vertex   4.872569e+01 2.663397e+01 3.284837e+00
    endloop
  endfacet
  facet normal -5.100927e-01 -2.586897e-01 -8.202957e-01
    outer loop
      vertex   6.645760e+01 2.732635e+01 1.247245e+01
      vertex   6.709750e+01 2.732635e+01 1.207453e+01
      vertex   6.712256e+01 2.715798e+01 1.211204e+01
    endloop
  endfacet
  facet normal -5.626504e-01 -2.586897e-01 -7.851778e-01
    outer loop
      vertex   6.712256e+01 2.715798e+01 1.211204e+01
      vertex   6.709750e+01 2.732635e+01 1.207453e+01
      vertex   6.773747e+01 2.715798e+01 1.167141e+01
    endloop
  endfacet
  facet normal -5.279545e-01 -4.224324e-01 -7.367597e-01
    outer loop
      vertex   6.712256e+01 2.715798e+01 1.211204e+01
      vertex   6.773747e+01 2.715798e+01 1.167141e+01
      vertex   6.778232e+01 2.700000e+01 1.172985e+01
    endloop
  endfacet
  facet normal -5.750105e-01 -4.224324e-01 -7.006524e-01
    outer loop
      vertex   6.778232e+01 2.700000e+01 1.172985e+01
      vertex   6.773747e+01 2.715798e+01 1.167141e+01
      vertex   6.837081e+01 2.700000e+01 1.124689e+01
    endloop
  endfacet
  facet normal -5.197561e-01 -5.733703e-01 -6.333246e-01
    outer loop
      vertex   6.778232e+01 2.700000e+01 1.172985e+01
      vertex   6.837081e+01 2.700000e+01 1.124689e+01
      vertex   6.843673e+01 2.685721e+01 1.132205e+01
    endloop
  endfacet
  facet normal -5.600647e-01 -5.733703e-01 -5.979750e-01
    outer loop
      vertex   6.843673e+01 2.685721e+01 1.132205e+01
      vertex   6.837081e+01 2.700000e+01 1.124689e+01
      vertex   6.899716e+01 2.685721e+01 1.079716e+01
    endloop
  endfacet
  facet normal -4.835022e-01 -7.069174e-01 -5.162300e-01
    outer loop
      vertex   6.843673e+01 2.685721e+01 1.132205e+01
      vertex   6.899716e+01 2.685721e+01 1.079716e+01
      vertex   6.908432e+01 2.673396e+01 1.088432e+01
    endloop
  endfacet
  facet normal -5.162300e-01 -7.069174e-01 -4.835022e-01
    outer loop
      vertex   6.908432e+01 2.673396e+01 1.088432e+01
      vertex   6.899716e+01 2.685721e+01 1.079716e+01
      vertex   6.961472e+01 2.673396e+01 1.031800e+01
    endloop
  endfacet
  facet normal -4.187833e-01 -8.190077e-01 -3.922333e-01
    outer loop
      vertex   6.908432e+01 2.673396e+01 1.088432e+01
      vertex   6.961472e+01 2.673396e+01 1.031800e+01
      vertex   6.972208e+01 2.663397e+01 1.041215e+01
    endloop
  endfacet
  facet normal -4.435399e-01 -8.190077e-01 -3.640038e-01
    outer loop
      vertex   6.972208e+01 2.663397e+01 1.041215e+01
      vertex   6.961472e+01 2.673396e+01 1.031800e+01
      vertex   7.022024e+01 2.663397e+01 9.805137e+00
    endloop
  endfacet
  facet normal -3.268321e-01 -9.062211e-01 -2.682241e-01
    outer loop
      vertex   6.972208e+01 2.663397e+01 1.041215e+01
      vertex   7.022024e+01 2.663397e+01 9.805137e+00
      vertex   7.034557e+01 2.656031e+01 9.901309e+00
    endloop
  endfacet
  facet normal -3.436750e-01 -9.062211e-01 -2.462740e-01
    outer loop
      vertex   7.034557e+01 2.656031e+01 9.901309e+00
      vertex   7.022024e+01 2.663397e+01 9.805137e+00
      vertex   7.080899e+01 2.656031e+01 9.254612e+00
    endloop
  endfacet
  facet normal -2.104853e-01 -9.658912e-01 -1.508317e-01
    outer loop
      vertex   7.034557e+01 2.656031e+01 9.901309e+00
      vertex   7.080899e+01 2.656031e+01 9.254612e+00
      vertex   7.094899e+01 2.651519e+01 9.348154e+00
    endloop
  endfacet
  facet normal -2.198995e-01 -9.658912e-01 -1.367423e-01
    outer loop
      vertex   7.094899e+01 2.651519e+01 9.348154e+00
      vertex   7.080899e+01 2.656031e+01 9.254612e+00
      vertex   7.137493e+01 2.651519e+01 8.663176e+00
    endloop
  endfacet
  facet normal -5.626504e-01 -2.586897e-01 -7.851778e-01
    outer loop
      vertex   6.709750e+01 2.732635e+01 1.207453e+01
      vertex   6.771000e+01 2.732635e+01 1.163562e+01
      vertex   6.773747e+01 2.715798e+01 1.167141e+01
    endloop
  endfacet
  facet normal -6.127988e-01 -2.586897e-01 -7.466975e-01
    outer loop
      vertex   6.773747e+01 2.715798e+01 1.167141e+01
      vertex   6.771000e+01 2.732635e+01 1.163562e+01
      vertex   6.832224e+01 2.715798e+01 1.119150e+01
    endloop
  endfacet
  facet normal -5.750105e-01 -4.224324e-01 -7.006524e-01
    outer loop
      vertex   6.773747e+01 2.715798e+01 1.167141e+01
      vertex   6.832224e+01 2.715798e+01 1.119150e+01
      vertex   6.837081e+01 2.700000e+01 1.124689e+01
    endloop
  endfacet
  facet normal -6.196043e-01 -4.224324e-01 -6.615447e-01
    outer loop
      vertex   6.837081e+01 2.700000e+01 1.124689e+01
      vertex   6.832224e+01 2.715798e+01 1.119150e+01
      vertex   6.892646e+01 2.700000e+01 1.072646e+01
    endloop
  endfacet
  facet normal -5.600647e-01 -5.733703e-01 -5.979750e-01
    outer loop
      vertex   6.837081e+01 2.700000e+01 1.124689e+01
      vertex   6.892646e+01 2.700000e+01 1.072646e+01
      vertex   6.899716e+01 2.685721e+01 1.079716e+01
    endloop
  endfacet
  facet normal -5.979750e-01 -5.733703e-01 -5.600647e-01
    outer loop
      vertex   6.899716e+01 2.685721e+01 1.079716e+01
      vertex   6.892646e+01 2.700000e+01 1.072646e+01
      vertex   6.952205e+01 2.685721e+01 1.023673e+01
    endloop
  endfacet
  facet normal -5.162300e-01 -7.069174e-01 -4.835022e-01
    outer loop
      vertex   6.899716e+01 2.685721e+01 1.079716e+01
      vertex   6.952205e+01 2.685721e+01 1.023673e+01
      vertex   6.961472e+01 2.673396e+01 1.031800e+01
    endloop
  endfacet
  facet normal -5.467473e-01 -7.069174e-01 -4.487039e-01
    outer loop
      vertex   6.961472e+01 2.673396e+01 1.031800e+01
      vertex   6.952205e+01 2.685721e+01 1.023673e+01
      vertex   7.010696e+01 2.673396e+01 9.718213e+00
    endloop
  endfacet
  facet normal -4.435399e-01 -8.190077e-01 -3.640038e-01
    outer loop
      vertex   6.961472e+01 2.673396e+01 1.031800e+01
      vertex   7.010696e+01 2.673396e+01 9.718213e+00
      vertex   7.022024e+01 2.663397e+01 9.805137e+00
    endloop
  endfacet
  facet normal -4.663973e-01 -8.190077e-01 -3.342155e-01
    outer loop
      vertex   7.022024e+01 2.663397e+01 9.805137e+00
      vertex   7.010696e+01 2.673396e+01 9.718213e+00
      vertex   7.067764e+01 2.663397e+01 9.166843e+00
    endloop
  endfacet
  facet normal -3.436750e-01 -9.062211e-01 -2.462740e-01
    outer loop
      vertex   7.022024e+01 2.663397e+01 9.805137e+00
      vertex   7.067764e+01 2.663397e+01 9.166843e+00
      vertex   7.080899e+01 2.656031e+01 9.254612e+00
    endloop
  endfacet
  facet normal -3.590462e-01 -9.062211e-01 -2.232693e-01
    outer loop
      vertex   7.080899e+01 2.656031e+01 9.254612e+00
      vertex   7.067764e+01 2.663397e+01 9.166843e+00
      vertex   7.122912e+01 2.656031e+01 8.578990e+00
    endloop
  endfacet
  facet normal -2.198995e-01 -9.658912e-01 -1.367423e-01
    outer loop
      vertex   7.080899e+01 2.656031e+01 9.254612e+00
      vertex   7.122912e+01 2.656031e+01 8.578990e+00
      vertex   7.137493e+01 2.651519e+01 8.663176e+00
    endloop
  endfacet
  facet normal -2.283721e-01 -9.658912e-01 -1.220674e-01
    outer loop
      vertex   7.137493e+01 2.651519e+01 8.663176e+00
      vertex   7.122912e+01 2.656031e+01 8.578990e+00
      vertex   7.175517e+01 2.651519e+01 7.951806e+00
    endloop
  endfacet
  facet normal -6.127988e-01 -2.586897e-01 -7.466975e-01
    outer loop
      vertex   6.771000e+01 2.732635e+01 1.163562e+01
      vertex   6.829249e+01 2.732635e+01 1.115758e+01
      vertex   6.832224e+01 2.715798e+01 1.119150e+01
    endloop
  endfacet
  facet normal -6.603231e-01 -2.586897e-01 -7.050198e-01
    outer loop
      vertex   6.832224e+01 2.715798e+01 1.119150e+01
      vertex   6.829249e+01 2.732635e+01 1.115758e+01
      vertex   6.887437e+01 2.715798e+01 1.067437e+01
    endloop
  endfacet
  facet normal -6.196043e-01 -4.224324e-01 -6.615447e-01
    outer loop
      vertex   6.832224e+01 2.715798e+01 1.119150e+01
      vertex   6.887437e+01 2.715798e+01 1.067437e+01
      vertex   6.892646e+01 2.700000e+01 1.072646e+01
    endloop
  endfacet
  facet normal -6.615447e-01 -4.224324e-01 -6.196043e-01
    outer loop
      vertex   6.892646e+01 2.700000e+01 1.072646e+01
      vertex   6.887437e+01 2.715798e+01 1.067437e+01
      vertex   6.944689e+01 2.700000e+01 1.017081e+01
    endloop
  endfacet
  facet normal -5.979750e-01 -5.733703e-01 -5.600647e-01
    outer loop
      vertex   6.892646e+01 2.700000e+01 1.072646e+01
      vertex   6.944689e+01 2.700000e+01 1.017081e+01
      vertex   6.952205e+01 2.685721e+01 1.023673e+01
    endloop
  endfacet
  facet normal -6.333246e-01 -5.733703e-01 -5.197561e-01
    outer loop
      vertex   6.952205e+01 2.685721e+01 1.023673e+01
      vertex   6.944689e+01 2.700000e+01 1.017081e+01
      vertex   7.000917e+01 2.685721e+01 9.643179e+00
    endloop
  endfacet
  facet normal -5.467473e-01 -7.069174e-01 -4.487039e-01
    outer loop
      vertex   6.952205e+01 2.685721e+01 1.023673e+01
      vertex   7.000917e+01 2.685721e+01 9.643179e+00
      vertex   7.010696e+01 2.673396e+01 9.718213e+00
    endloop
  endfacet
  facet normal -5.749233e-01 -7.069174e-01 -4.119842e-01
    outer loop
      vertex   7.010696e+01 2.673396e+01 9.718213e+00
      vertex   7.000917e+01 2.685721e+01 9.643179e+00
      vertex   7.055891e+01 2.673396e+01 9.087514e+00
    endloop
  endfacet
  facet normal -4.663973e-01 -8.190077e-01 -3.342155e-01
    outer loop
      vertex   7.010696e+01 2.673396e+01 9.718213e+00
      vertex   7.055891e+01 2.673396e+01 9.087514e+00
      vertex   7.067764e+01 2.663397e+01 9.166843e+00
    endloop
  endfacet
  facet normal -4.872574e-01 -8.190077e-01 -3.029961e-01
    outer loop
      vertex   7.067764e+01 2.663397e+01 9.166843e+00
      vertex   7.055891e+01 2.673396e+01 9.087514e+00
      vertex   7.109230e+01 2.663397e+01 8.500000e+00
    endloop
  endfacet
  facet normal -3.590462e-01 -9.062211e-01 -2.232693e-01
    outer loop
      vertex   7.067764e+01 2.663397e+01 9.166843e+00
      vertex   7.109230e+01 2.663397e+01 8.500000e+00
      vertex   7.122912e+01 2.656031e+01 8.578990e+00
    endloop
  endfacet
  facet normal -3.728800e-01 -9.062211e-01 -1.993085e-01
    outer loop
      vertex   7.122912e+01 2.656031e+01 8.578990e+00
      vertex   7.109230e+01 2.663397e+01 8.500000e+00
      vertex   7.160416e+01 2.656031e+01 7.877337e+00
    endloop
  endfacet
  facet normal -2.283721e-01 -9.658912e-01 -1.220674e-01
    outer loop
      vertex   7.122912e+01 2.656031e+01 8.578990e+00
      vertex   7.160416e+01 2.656031e+01 7.877337e+00
      vertex   7.175517e+01 2.651519e+01 7.951806e+00
    endloop
  endfacet
  facet normal -2.358667e-01 -9.658912e-01 -1.068698e-01
    outer loop
      vertex   7.175517e+01 2.651519e+01 7.951806e+00
      vertex   7.160416e+01 2.656031e+01 7.877337e+00
      vertex   7.208806e+01 2.651519e+01 7.217091e+00
    endloop
  endfacet
  facet normal -6.603231e-01 -2.586897e-01 -7.050198e-01
    outer loop
      vertex   6.829249e+01 2.732635e+01 1.115758e+01
      vertex   6.884247e+01 2.732635e+01 1.064247e+01
      vertex   6.887437e+01 2.715798e+01 1.067437e+01
    endloop
  endfacet
  facet normal -7.050198e-01 -2.586897e-01 -6.603231e-01
    outer loop
      vertex   6.887437e+01 2.715798e+01 1.067437e+01
      vertex   6.884247e+01 2.732635e+01 1.064247e+01
      vertex   6.939150e+01 2.715798e+01 1.012224e+01
    endloop
  endfacet
  facet normal -6.615447e-01 -4.224324e-01 -6.196043e-01
    outer loop
      vertex   6.887437e+01 2.715798e+01 1.067437e+01
      vertex   6.939150e+01 2.715798e+01 1.012224e+01
      vertex   6.944689e+01 2.700000e+01 1.017081e+01
    endloop
  endfacet
  facet normal -7.006524e-01 -4.224324e-01 -5.750105e-01
    outer loop
      vertex   6.944689e+01 2.700000e+01 1.017081e+01
      vertex   6.939150e+01 2.715798e+01 1.012224e+01
      vertex   6.992985e+01 2.700000e+01 9.582315e+00
    endloop
  endfacet
  facet normal -6.333246e-01 -5.733703e-01 -5.197561e-01
    outer loop
      vertex   6.944689e+01 2.700000e+01 1.017081e+01
      vertex   6.992985e+01 2.700000e+01 9.582315e+00
      vertex   7.000917e+01 2.685721e+01 9.643179e+00
    endloop
  endfacet
  facet normal -6.659623e-01 -5.733703e-01 -4.772218e-01
    outer loop
      vertex   7.000917e+01 2.685721e+01 9.643179e+00
      vertex   6.992985e+01 2.700000e+01 9.582315e+00
      vertex   7.045643e+01 2.685721e+01 9.019036e+00
    endloop
  endfacet
  facet normal -5.749233e-01 -7.069174e-01 -4.119842e-01
    outer loop
      vertex   7.000917e+01 2.685721e+01 9.643179e+00
      vertex   7.045643e+01 2.685721e+01 9.019036e+00
      vertex   7.055891e+01 2.673396e+01 9.087514e+00
    endloop
  endfacet
  facet normal -6.006374e-01 -7.069174e-01 -3.735003e-01
    outer loop
      vertex   7.055891e+01 2.673396e+01 9.087514e+00
      vertex   7.045643e+01 2.685721e+01 9.019036e+00
      vertex   7.096865e+01 2.673396e+01 8.428606e+00
    endloop
  endfacet
  facet normal -4.872574e-01 -8.190077e-01 -3.029961e-01
    outer loop
      vertex   7.055891e+01 2.673396e+01 9.087514e+00
      vertex   7.096865e+01 2.673396e+01 8.428606e+00
      vertex   7.109230e+01 2.663397e+01 8.500000e+00
    endloop
  endfacet
  facet normal -5.060310e-01 -8.190077e-01 -2.704792e-01
    outer loop
      vertex   7.109230e+01 2.663397e+01 8.500000e+00
      vertex   7.096865e+01 2.673396e+01 8.428606e+00
      vertex   7.146247e+01 2.663397e+01 7.807464e+00
    endloop
  endfacet
  facet normal -3.728800e-01 -9.062211e-01 -1.993085e-01
    outer loop
      vertex   7.109230e+01 2.663397e+01 8.500000e+00
      vertex   7.146247e+01 2.663397e+01 7.807464e+00
      vertex   7.160416e+01 2.656031e+01 7.877337e+00
    endloop
  endfacet
  facet normal -3.851170e-01 -9.062211e-01 -1.744943e-01
    outer loop
      vertex   7.160416e+01 2.656031e+01 7.877337e+00
      vertex   7.146247e+01 2.663397e+01 7.807464e+00
      vertex   7.193251e+01 2.656031e+01 7.152657e+00
    endloop
  endfacet
  facet normal -2.358667e-01 -9.658912e-01 -1.068698e-01
    outer loop
      vertex   7.160416e+01 2.656031e+01 7.877337e+00
      vertex   7.193251e+01 2.656031e+01 7.152657e+00
      vertex   7.208806e+01 2.651519e+01 7.217091e+00
    endloop
  endfacet
  facet normal -2.423513e-01 -9.658912e-01 -9.121459e-02
    outer loop
      vertex   7.208806e+01 2.651519e+01 7.217091e+00
      vertex   7.193251e+01 2.656031e+01 7.152657e+00
      vertex   7.237219e+01 2.651519e+01 6.462176e+00
    endloop
  endfacet
  facet normal -7.050198e-01 -2.586897e-01 -6.603231e-01
    outer loop
      vertex   6.884247e+01 2.732635e+01 1.064247e+01
      vertex   6.935758e+01 2.732635e+01 1.009249e+01
      vertex   6.939150e+01 2.715798e+01 1.012224e+01
    endloop
  endfacet
  facet normal -7.466975e-01 -2.586897e-01 -6.127988e-01
    outer loop
      vertex   6.939150e+01 2.715798e+01 1.012224e+01
      vertex   6.935758e+01 2.732635e+01 1.009249e+01
      vertex   6.987141e+01 2.715798e+01 9.537469e+00
    endloop
  endfacet
  facet normal -7.006524e-01 -4.224324e-01 -5.750105e-01
    outer loop
      vertex   6.939150e+01 2.715798e+01 1.012224e+01
      vertex   6.987141e+01 2.715798e+01 9.537469e+00
      vertex   6.992985e+01 2.700000e+01 9.582315e+00
    endloop
  endfacet
  facet normal -7.367597e-01 -4.224324e-01 -5.279545e-01
    outer loop
      vertex   6.992985e+01 2.700000e+01 9.582315e+00
      vertex   6.987141e+01 2.715798e+01 9.537469e+00
      vertex   7.037330e+01 2.700000e+01 8.963490e+00
    endloop
  endfacet
  facet normal -6.659623e-01 -5.733703e-01 -4.772218e-01
    outer loop
      vertex   6.992985e+01 2.700000e+01 9.582315e+00
      vertex   7.037330e+01 2.700000e+01 8.963490e+00
      vertex   7.045643e+01 2.685721e+01 9.019036e+00
    endloop
  endfacet
  facet normal -6.957482e-01 -5.733703e-01 -4.326441e-01
    outer loop
      vertex   7.045643e+01 2.685721e+01 9.019036e+00
      vertex   7.037330e+01 2.700000e+01 8.963490e+00
      vertex   7.086190e+01 2.685721e+01 8.366978e+00
    endloop
  endfacet
  facet normal -6.006374e-01 -7.069174e-01 -3.735003e-01
    outer loop
      vertex   7.045643e+01 2.685721e+01 9.019036e+00
      vertex   7.086190e+01 2.685721e+01 8.366978e+00
      vertex   7.096865e+01 2.673396e+01 8.428606e+00
    endloop
  endfacet
  facet normal -6.237795e-01 -7.069174e-01 -3.334171e-01
    outer loop
      vertex   7.096865e+01 2.673396e+01 8.428606e+00
      vertex   7.086190e+01 2.685721e+01 8.366978e+00
      vertex   7.133441e+01 2.673396e+01 7.744311e+00
    endloop
  endfacet
  facet normal -5.060310e-01 -8.190077e-01 -2.704792e-01
    outer loop
      vertex   7.096865e+01 2.673396e+01 8.428606e+00
      vertex   7.133441e+01 2.673396e+01 7.744311e+00
      vertex   7.146247e+01 2.663397e+01 7.807464e+00
    endloop
  endfacet
  facet normal -5.226378e-01 -8.190077e-01 -2.368041e-01
    outer loop
      vertex   7.146247e+01 2.663397e+01 7.807464e+00
      vertex   7.133441e+01 2.673396e+01 7.744311e+00
      vertex   7.178655e+01 2.663397e+01 7.092201e+00
    endloop
  endfacet
  facet normal -3.851170e-01 -9.062211e-01 -1.744943e-01
    outer loop
      vertex   7.146247e+01 2.663397e+01 7.807464e+00
      vertex   7.178655e+01 2.663397e+01 7.092201e+00
      vertex   7.193251e+01 2.656031e+01 7.152657e+00
    endloop
  endfacet
  facet normal -3.957050e-01 -9.062211e-01 -1.489328e-01
    outer loop
      vertex   7.193251e+01 2.656031e+01 7.152657e+00
      vertex   7.178655e+01 2.663397e+01 7.092201e+00
      vertex   7.221276e+01 2.656031e+01 6.408054e+00
    endloop
  endfacet
  facet normal -2.423513e-01 -9.658912e-01 -9.121459e-02
    outer loop
      vertex   7.193251e+01 2.656031e+01 7.152657e+00
      vertex   7.221276e+01 2.656031e+01 6.408054e+00
      vertex   7.237219e+01 2.651519e+01 6.462176e+00
    endloop
  endfacet
  facet normal -2.477982e-01 -9.658912e-01 -7.516875e-02
    outer loop
      vertex   7.237219e+01 2.651519e+01 6.462176e+00
      vertex   7.221276e+01 2.656031e+01 6.408054e+00
      vertex   7.260634e+01 2.651519e+01 5.690295e+00
    endloop
  endfacet
  facet normal -7.466975e-01 -2.586897e-01 -6.127988e-01
    outer loop
      vertex   6.935758e+01 2.732635e+01 1.009249e+01
      vertex   6.983562e+01 2.732635e+01 9.510005e+00
      vertex   6.987141e+01 2.715798e+01 9.537469e+00
    endloop
  endfacet
  facet normal -7.851778e-01 -2.586897e-01 -5.626504e-01
    outer loop
      vertex   6.987141e+01 2.715798e+01 9.537469e+00
      vertex   6.983562e+01 2.732635e+01 9.510005e+00
      vertex   7.031204e+01 2.715798e+01 8.922563e+00
    endloop
  endfacet
  facet normal -7.367597e-01 -4.224324e-01 -5.279545e-01
    outer loop
      vertex   6.987141e+01 2.715798e+01 9.537469e+00
      vertex   7.031204e+01 2.715798e+01 8.922563e+00
      vertex   7.037330e+01 2.700000e+01 8.963490e+00
    endloop
  endfacet
  facet normal -7.697121e-01 -4.224324e-01 -4.786378e-01
    outer loop
      vertex   7.037330e+01 2.700000e+01 8.963490e+00
      vertex   7.031204e+01 2.715798e+01 8.922563e+00
      vertex   7.077532e+01 2.700000e+01 8.316987e+00
    endloop
  endfacet
  facet normal -6.957482e-01 -5.733703e-01 -4.326441e-01
    outer loop
      vertex   7.037330e+01 2.700000e+01 8.963490e+00
      vertex   7.077532e+01 2.700000e+01 8.316987e+00
      vertex   7.086190e+01 2.685721e+01 8.366978e+00
    endloop
  endfacet
  facet normal -7.225549e-01 -5.733703e-01 -3.862136e-01
    outer loop
      vertex   7.086190e+01 2.685721e+01 8.366978e+00
      vertex   7.077532e+01 2.700000e+01 8.316987e+00
      vertex   7.122386e+01 2.685721e+01 7.689796e+00
    endloop
  endfacet
  facet normal -6.237795e-01 -7.069174e-01 -3.334171e-01
    outer loop
      vertex   7.086190e+01 2.685721e+01 8.366978e+00
      vertex   7.122386e+01 2.685721e+01 7.689796e+00
      vertex   7.133441e+01 2.673396e+01 7.744311e+00
    endloop
  endfacet
  facet normal -6.442504e-01 -7.069174e-01 -2.919061e-01
    outer loop
      vertex   7.133441e+01 2.673396e+01 7.744311e+00
      vertex   7.122386e+01 2.685721e+01 7.689796e+00
      vertex   7.165464e+01 2.673396e+01 7.037559e+00
    endloop
  endfacet
  facet normal -5.226378e-01 -8.190077e-01 -2.368041e-01
    outer loop
      vertex   7.133441e+01 2.673396e+01 7.744311e+00
      vertex   7.165464e+01 2.673396e+01 7.037559e+00
      vertex   7.178655e+01 2.663397e+01 7.092201e+00
    endloop
  endfacet
  facet normal -5.370065e-01 -8.190077e-01 -2.021149e-01
    outer loop
      vertex   7.178655e+01 2.663397e+01 7.092201e+00
      vertex   7.165464e+01 2.673396e+01 7.037559e+00
      vertex   7.206316e+01 2.663397e+01 6.357274e+00
    endloop
  endfacet
  facet normal -3.957050e-01 -9.062211e-01 -1.489328e-01
    outer loop
      vertex   7.178655e+01 2.663397e+01 7.092201e+00
      vertex   7.206316e+01 2.663397e+01 6.357274e+00
      vertex   7.221276e+01 2.656031e+01 6.408054e+00
    endloop
  endfacet
  facet normal -4.045984e-01 -9.062211e-01 -1.227336e-01
    outer loop
      vertex   7.221276e+01 2.656031e+01 6.408054e+00
      vertex   7.206316e+01 2.663397e+01 6.357274e+00
      vertex   7.244371e+01 2.656031e+01 5.646717e+00
    endloop
  endfacet
  facet normal -2.477982e-01 -9.658912e-01 -7.516875e-02
    outer loop
      vertex   7.221276e+01 2.656031e+01 6.408054e+00
      vertex   7.244371e+01 2.656031e+01 5.646717e+00
      vertex   7.260634e+01 2.651519e+01 5.690295e+00
    endloop
  endfacet
  facet normal -2.521839e-01 -9.658912e-01 -5.880103e-02
    outer loop
      vertex   7.260634e+01 2.651519e+01 5.690295e+00
      vertex   7.244371e+01 2.656031e+01 5.646717e+00
      vertex   7.278950e+01 2.651519e+01 4.904752e+00
    endloop
  endfacet
  facet normal -7.851778e-01 -2.586897e-01 -5.626504e-01
    outer loop
      vertex   6.983562e+01 2.732635e+01 9.510005e+00
      vertex   7.027453e+01 2.732635e+01 8.897498e+00
      vertex   7.031204e+01 2.715798e+01 8.922563e+00
    endloop
  endfacet
  facet normal -8.202957e-01 -2.586897e-01 -5.100927e-01
    outer loop
      vertex   7.031204e+01 2.715798e+01 8.922563e+00
      vertex   7.027453e+01 2.732635e+01 8.897498e+00
      vertex   7.071152e+01 2.715798e+01 8.280154e+00
    endloop
  endfacet
  facet normal -7.697121e-01 -4.224324e-01 -4.786378e-01
    outer loop
      vertex   7.031204e+01 2.715798e+01 8.922563e+00
      vertex   7.071152e+01 2.715798e+01 8.280154e+00
      vertex   7.077532e+01 2.700000e+01 8.316987e+00
    endloop
  endfacet
  facet normal -7.993685e-01 -4.224324e-01 -4.272714e-01
    outer loop
      vertex   7.077532e+01 2.700000e+01 8.316987e+00
      vertex   7.071152e+01 2.715798e+01 8.280154e+00
      vertex   7.113419e+01 2.700000e+01 7.645575e+00
    endloop
  endfacet
  facet normal -7.225549e-01 -5.733703e-01 -3.862136e-01
    outer loop
      vertex   7.077532e+01 2.700000e+01 8.316987e+00
      vertex   7.113419e+01 2.700000e+01 7.645575e+00
      vertex   7.122386e+01 2.685721e+01 7.689796e+00
    endloop
  endfacet
  facet normal -7.462674e-01 -5.733703e-01 -3.381294e-01
    outer loop
      vertex   7.122386e+01 2.685721e+01 7.689796e+00
      vertex   7.113419e+01 2.700000e+01 7.645575e+00
      vertex   7.154076e+01 2.685721e+01 6.990390e+00
    endloop
  endfacet
  facet normal -6.442504e-01 -7.069174e-01 -2.919061e-01
    outer loop
      vertex   7.122386e+01 2.685721e+01 7.689796e+00
      vertex   7.154076e+01 2.685721e+01 6.990390e+00
      vertex   7.165464e+01 2.673396e+01 7.037559e+00
    endloop
  endfacet
  facet normal -6.619626e-01 -7.069174e-01 -2.491451e-01
    outer loop
      vertex   7.165464e+01 2.673396e+01 7.037559e+00
      vertex   7.154076e+01 2.685721e+01 6.990390e+00
      vertex   7.192795e+01 2.673396e+01 6.311376e+00
    endloop
  endfacet
  facet normal -5.370065e-01 -8.190077e-01 -2.021149e-01
    outer loop
      vertex   7.165464e+01 2.673396e+01 7.037559e+00
      vertex   7.192795e+01 2.673396e+01 6.311376e+00
      vertex   7.206316e+01 2.663397e+01 6.357274e+00
    endloop
  endfacet
  facet normal -5.490757e-01 -8.190077e-01 -1.665603e-01
    outer loop
      vertex   7.206316e+01 2.663397e+01 6.357274e+00
      vertex   7.192795e+01 2.673396e+01 6.311376e+00
      vertex   7.229111e+01 2.663397e+01 5.605828e+00
    endloop
  endfacet
  facet normal -4.045984e-01 -9.062211e-01 -1.227336e-01
    outer loop
      vertex   7.206316e+01 2.663397e+01 6.357274e+00
      vertex   7.229111e+01 2.663397e+01 5.605828e+00
      vertex   7.244371e+01 2.656031e+01 5.646717e+00
    endloop
  endfacet
  facet normal -4.117593e-01 -9.062211e-01 -9.600880e-02
    outer loop
      vertex   7.244371e+01 2.656031e+01 5.646717e+00
      vertex   7.229111e+01 2.663397e+01 5.605828e+00
      vertex   7.262437e+01 2.656031e+01 4.871904e+00
    endloop
  endfacet
  facet normal -2.521839e-01 -9.658912e-01 -5.880103e-02
    outer loop
      vertex   7.244371e+01 2.656031e+01 5.646717e+00
      vertex   7.262437e+01 2.656031e+01 4.871904e+00
      vertex   7.278950e+01 2.651519e+01 4.904752e+00
    endloop
  endfacet
  facet normal -2.554897e-01 -9.658912e-01 -4.218152e-02
    outer loop
      vertex   7.278950e+01 2.651519e+01 4.904752e+00
      vertex   7.262437e+01 2.656031e+01 4.871904e+00
      vertex   7.292090e+01 2.651519e+01 4.108912e+00
    endloop
  endfacet
  facet normal -8.202957e-01 -2.586897e-01 -5.100927e-01
    outer loop
      vertex   7.027453e+01 2.732635e+01 8.897498e+00
      vertex   7.067245e+01 2.732635e+01 8.257596e+00
      vertex   7.071152e+01 2.715798e+01 8.280154e+00
    endloop
  endfacet
  facet normal -8.519011e-01 -2.586897e-01 -4.553506e-01
    outer loop
      vertex   7.071152e+01 2.715798e+01 8.280154e+00
      vertex   7.067245e+01 2.732635e+01 8.257596e+00
      vertex   7.106812e+01 2.715798e+01 7.612993e+00
    endloop
  endfacet
  facet normal -7.993685e-01 -4.224324e-01 -4.272714e-01
    outer loop
      vertex   7.071152e+01 2.715798e+01 8.280154e+00
      vertex   7.106812e+01 2.715798e+01 7.612993e+00
      vertex   7.113419e+01 2.700000e+01 7.645575e+00
    endloop
  endfacet
  facet normal -8.256019e-01 -4.224324e-01 -3.740754e-01
    outer loop
      vertex   7.113419e+01 2.700000e+01 7.645575e+00
      vertex   7.106812e+01 2.715798e+01 7.612993e+00
      vertex   7.144839e+01 2.700000e+01 6.952129e+00
    endloop
  endfacet
  facet normal -7.462674e-01 -5.733703e-01 -3.381294e-01
    outer loop
      vertex   7.113419e+01 2.700000e+01 7.645575e+00
      vertex   7.144839e+01 2.700000e+01 6.952129e+00
      vertex   7.154076e+01 2.685721e+01 6.990390e+00
    endloop
  endfacet
  facet normal -7.667843e-01 -5.733703e-01 -2.885972e-01
    outer loop
      vertex   7.154076e+01 2.685721e+01 6.990390e+00
      vertex   7.144839e+01 2.700000e+01 6.952129e+00
      vertex   7.181124e+01 2.685721e+01 6.271756e+00
    endloop
  endfacet
  facet normal -6.619626e-01 -7.069174e-01 -2.491451e-01
    outer loop
      vertex   7.154076e+01 2.685721e+01 6.990390e+00
      vertex   7.181124e+01 2.685721e+01 6.271756e+00
      vertex   7.192795e+01 2.673396e+01 6.311376e+00
    endloop
  endfacet
  facet normal -6.768402e-01 -7.069174e-01 -2.053172e-01
    outer loop
      vertex   7.192795e+01 2.673396e+01 6.311376e+00
      vertex   7.181124e+01 2.685721e+01 6.271756e+00
      vertex   7.215319e+01 2.673396e+01 5.568872e+00
    endloop
  endfacet
  facet normal -5.490757e-01 -8.190077e-01 -1.665603e-01
    outer loop
      vertex   7.192795e+01 2.673396e+01 6.311376e+00
      vertex   7.215319e+01 2.673396e+01 5.568872e+00
      vertex   7.229111e+01 2.663397e+01 5.605828e+00
    endloop
  endfacet
  facet normal -5.587936e-01 -8.190077e-01 -1.302924e-01
    outer loop
      vertex   7.229111e+01 2.663397e+01 5.605828e+00
      vertex   7.215319e+01 2.673396e+01 5.568872e+00
      vertex   7.246942e+01 2.663397e+01 4.841084e+00
    endloop
  endfacet
  facet normal -4.117593e-01 -9.062211e-01 -9.600880e-02
    outer loop
      vertex   7.229111e+01 2.663397e+01 5.605828e+00
      vertex   7.246942e+01 2.663397e+01 4.841084e+00
      vertex   7.262437e+01 2.656031e+01 4.871904e+00
    endloop
  endfacet
  facet normal -4.171569e-01 -9.062211e-01 -6.887289e-02
    outer loop
      vertex   7.262437e+01 2.656031e+01 4.871904e+00
      vertex   7.246942e+01 2.663397e+01 4.841084e+00
      vertex   7.275397e+01 2.656031e+01 4.086935e+00
    endloop
  endfacet
  facet normal -2.554897e-01 -9.658912e-01 -4.218152e-02
    outer loop
      vertex   7.262437e+01 2.656031e+01 4.871904e+00
      vertex   7.275397e+01 2.656031e+01 4.086935e+00
      vertex   7.292090e+01 2.651519e+01 4.108912e+00
    endloop
  endfacet
  facet normal -8.519011e-01 -2.586897e-01 -4.553506e-01
    outer loop
      vertex   7.067245e+01 2.732635e+01 8.257596e+00
      vertex   7.102766e+01 2.732635e+01 7.593039e+00
      vertex   7.106812e+01 2.715798e+01 7.612993e+00
    endloop
  endfacet
  facet normal -8.798584e-01 -2.586897e-01 -3.986587e-01
    outer loop
      vertex   7.106812e+01 2.715798e+01 7.612993e+00
      vertex   7.102766e+01 2.732635e+01 7.593039e+00
      vertex   7.138033e+01 2.715798e+01 6.923938e+00
    endloop
  endfacet
  facet normal -8.256019e-01 -4.224324e-01 -3.740754e-01
    outer loop
      vertex   7.106812e+01 2.715798e+01 7.612993e+00
      vertex   7.138033e+01 2.715798e+01 6.923938e+00
      vertex   7.144839e+01 2.700000e+01 6.952129e+00
    endloop
  endfacet
  facet normal -8.482999e-01 -4.224324e-01 -3.192775e-01
    outer loop
      vertex   7.144839e+01 2.700000e+01 6.952129e+00
      vertex   7.138033e+01 2.715798e+01 6.923938e+00
      vertex   7.171656e+01 2.700000e+01 6.239618e+00
    endloop
  endfacet
  facet normal -7.667843e-01 -5.733703e-01 -2.885972e-01
    outer loop
      vertex   7.144839e+01 2.700000e+01 6.952129e+00
      vertex   7.171656e+01 2.700000e+01 6.239618e+00
      vertex   7.181124e+01 2.685721e+01 6.271756e+00
    endloop
  endfacet
  facet normal -7.840177e-01 -5.733703e-01 -2.378292e-01
    outer loop
      vertex   7.181124e+01 2.685721e+01 6.271756e+00
      vertex   7.171656e+01 2.700000e+01 6.239618e+00
      vertex   7.203413e+01 2.685721e+01 5.536971e+00
    endloop
  endfacet
  facet normal -6.768402e-01 -7.069174e-01 -2.053172e-01
    outer loop
      vertex   7.181124e+01 2.685721e+01 6.271756e+00
      vertex   7.203413e+01 2.685721e+01 5.536971e+00
      vertex   7.215319e+01 2.673396e+01 5.568872e+00
    endloop
  endfacet
  facet normal -6.888194e-01 -7.069174e-01 -1.606102e-01
    outer loop
      vertex   7.215319e+01 2.673396e+01 5.568872e+00
      vertex   7.203413e+01 2.685721e+01 5.536971e+00
      vertex   7.232938e+01 2.673396e+01 4.813227e+00
    endloop
  endfacet
  facet normal -5.587936e-01 -8.190077e-01 -1.302924e-01
    outer loop
      vertex   7.215319e+01 2.673396e+01 5.568872e+00
      vertex   7.232938e+01 2.673396e+01 4.813227e+00
      vertex   7.246942e+01 2.663397e+01 4.841084e+00
    endloop
  endfacet
  facet normal -5.661187e-01 -8.190077e-01 -9.346658e-02
    outer loop
      vertex   7.246942e+01 2.663397e+01 4.841084e+00
      vertex   7.232938e+01 2.673396e+01 4.813227e+00
      vertex   7.259734e+01 2.663397e+01 4.066314e+00
    endloop
  endfacet
  facet normal -4.171569e-01 -9.062211e-01 -6.887289e-02
    outer loop
      vertex   7.246942e+01 2.663397e+01 4.841084e+00
      vertex   7.259734e+01 2.663397e+01 4.066314e+00
      vertex   7.275397e+01 2.656031e+01 4.086935e+00
    endloop
  endfacet
  facet normal -8.798584e-01 -2.586897e-01 -3.986587e-01
    outer loop
      vertex   7.102766e+01 2.732635e+01 7.593039e+00
      vertex   7.133865e+01 2.732635e+01 6.906673e+00
      vertex   7.138033e+01 2.715798e+01 6.923938e+00
    endloop
  endfacet
  facet normal -9.040481e-01 -2.586897e-01 -3.402596e-01
    outer loop
      vertex   7.138033e+01 2.715798e+01 6.923938e+00
      vertex   7.133865e+01 2.732635e+01 6.906673e+00
      vertex   7.164680e+01 2.715798e+01 6.215939e+00
    endloop
  endfacet
  facet normal -8.482999e-01 -4.224324e-01 -3.192775e-01
    outer loop
      vertex   7.138033e+01 2.715798e+01 6.923938e+00
      vertex   7.164680e+01 2.715798e+01 6.215939e+00
      vertex   7.171656e+01 2.700000e+01 6.239618e+00
    endloop
  endfacet
  facet normal -8.673654e-01 -4.224324e-01 -2.631124e-01
    outer loop
      vertex   7.171656e+01 2.700000e+01 6.239618e+00
      vertex   7.164680e+01 2.715798e+01 6.215939e+00
      vertex   7.193756e+01 2.700000e+01 5.511094e+00
    endloop
  endfacet
  facet normal -7.840177e-01 -5.733703e-01 -2.378292e-01
    outer loop
      vertex   7.171656e+01 2.700000e+01 6.239618e+00
      vertex   7.193756e+01 2.700000e+01 5.511094e+00
      vertex   7.203413e+01 2.685721e+01 5.536971e+00
    endloop
  endfacet
  facet normal -7.978938e-01 -5.733703e-01 -1.860427e-01
    outer loop
      vertex   7.203413e+01 2.685721e+01 5.536971e+00
      vertex   7.193756e+01 2.700000e+01 5.511094e+00
      vertex   7.220849e+01 2.685721e+01 4.789181e+00
    endloop
  endfacet
  facet normal -6.888194e-01 -7.069174e-01 -1.606102e-01
    outer loop
      vertex   7.203413e+01 2.685721e+01 5.536971e+00
      vertex   7.220849e+01 2.685721e+01 4.789181e+00
      vertex   7.232938e+01 2.673396e+01 4.813227e+00
    endloop
  endfacet
  facet normal -6.978490e-01 -7.069174e-01 -1.152153e-01
    outer loop
      vertex   7.232938e+01 2.673396e+01 4.813227e+00
      vertex   7.220849e+01 2.685721e+01 4.789181e+00
      vertex   7.245577e+01 2.673396e+01 4.047677e+00
    endloop
  endfacet
  facet normal -5.661187e-01 -8.190077e-01 -9.346658e-02
    outer loop
      vertex   7.232938e+01 2.673396e+01 4.813227e+00
      vertex   7.245577e+01 2.673396e+01 4.047677e+00
      vertex   7.259734e+01 2.663397e+01 4.066314e+00
    endloop
  endfacet
  facet normal -9.040481e-01 -2.586897e-01 -3.402596e-01
    outer loop
      vertex   7.133865e+01 2.732635e+01 6.906673e+00
      vertex   7.160408e+01 2.732635e+01 6.201437e+00
      vertex   7.164680e+01 2.715798e+01 6.215939e+00
    endloop
  endfacet
  facet normal -9.243665e-01 -2.586897e-01 -2.804035e-01
    outer loop
      vertex   7.164680e+01 2.715798e+01 6.215939e+00
      vertex   7.160408e+01 2.732635e+01 6.201437e+00
      vertex   7.186640e+01 2.715798e+01 5.492028e+00
    endloop
  endfacet
  facet normal -8.673654e-01 -4.224324e-01 -2.631124e-01
    outer loop
      vertex   7.164680e+01 2.715798e+01 6.215939e+00
      vertex   7.186640e+01 2.715798e+01 5.492028e+00
      vertex   7.193756e+01 2.700000e+01 5.511094e+00
    endloop
  endfacet
  facet normal -8.827167e-01 -4.224324e-01 -2.058207e-01
    outer loop
      vertex   7.193756e+01 2.700000e+01 5.511094e+00
      vertex   7.186640e+01 2.715798e+01 5.492028e+00
      vertex   7.211043e+01 2.700000e+01 4.769676e+00
    endloop
  endfacet
  facet normal -7.978938e-01 -5.733703e-01 -1.860427e-01
    outer loop
      vertex   7.193756e+01 2.700000e+01 5.511094e+00
      vertex   7.211043e+01 2.700000e+01 4.769676e+00
      vertex   7.220849e+01 2.685721e+01 4.789181e+00
    endloop
  endfacet
  facet normal -8.083533e-01 -5.733703e-01 -1.334597e-01
    outer loop
      vertex   7.220849e+01 2.685721e+01 4.789181e+00
      vertex   7.211043e+01 2.700000e+01 4.769676e+00
      vertex   7.233357e+01 2.685721e+01 4.031588e+00
    endloop
  endfacet
  facet normal -6.978490e-01 -7.069174e-01 -1.152153e-01
    outer loop
      vertex   7.220849e+01 2.685721e+01 4.789181e+00
      vertex   7.233357e+01 2.685721e+01 4.031588e+00
      vertex   7.245577e+01 2.673396e+01 4.047677e+00
    endloop
  endfacet
  facet normal -9.243665e-01 -2.586897e-01 -2.804035e-01
    outer loop
      vertex   7.160408e+01 2.732635e+01 6.201437e+00
      vertex   7.182282e+01 2.732635e+01 5.480351e+00
      vertex   7.186640e+01 2.715798e+01 5.492028e+00
    endloop
  endfacet
  facet normal -9.407267e-01 -2.586897e-01 -2.193467e-01
    outer loop
      vertex   7.186640e+01 2.715798e+01 5.492028e+00
      vertex   7.182282e+01 2.732635e+01 5.480351e+00
      vertex   7.203818e+01 2.715798e+01 4.755304e+00
    endloop
  endfacet
  facet normal -8.827167e-01 -4.224324e-01 -2.058207e-01
    outer loop
      vertex   7.186640e+01 2.715798e+01 5.492028e+00
      vertex   7.203818e+01 2.715798e+01 4.755304e+00
      vertex   7.211043e+01 2.700000e+01 4.769676e+00
    endloop
  endfacet
  facet normal -8.942880e-01 -4.224324e-01 -1.476476e-01
    outer loop
      vertex   7.211043e+01 2.700000e+01 4.769676e+00
      vertex   7.203818e+01 2.715798e+01 4.755304e+00
      vertex   7.223444e+01 2.700000e+01 4.018538e+00
    endloop
  endfacet
  facet normal -8.083533e-01 -5.733703e-01 -1.334597e-01
    outer loop
      vertex   7.211043e+01 2.700000e+01 4.769676e+00
      vertex   7.223444e+01 2.700000e+01 4.018538e+00
      vertex   7.233357e+01 2.685721e+01 4.031588e+00
    endloop
  endfacet
  facet normal -9.407267e-01 -2.586897e-01 -2.193467e-01
    outer loop
      vertex   7.182282e+01 2.732635e+01 5.480351e+00
      vertex   7.199393e+01 2.732635e+01 4.746502e+00
      vertex   7.203818e+01 2.715798e+01 4.755304e+00
    endloop
  endfacet
  facet normal -9.530584e-01 -2.586897e-01 -1.573506e-01
    outer loop
      vertex   7.203818e+01 2.715798e+01 4.755304e+00
      vertex   7.199393e+01 2.732635e+01 4.746502e+00
      vertex   7.216141e+01 2.715798e+01 4.008923e+00
    endloop
  endfacet
  facet normal -8.942880e-01 -4.224324e-01 -1.476476e-01
    outer loop
      vertex   7.203818e+01 2.715798e+01 4.755304e+00
      vertex   7.216141e+01 2.715798e+01 4.008923e+00
      vertex   7.223444e+01 2.700000e+01 4.018538e+00
    endloop
  endfacet
  facet normal -9.530584e-01 -2.586897e-01 -1.573506e-01
    outer loop
      vertex   7.211668e+01 2.732635e+01 4.003034e+00
      vertex   7.216141e+01 2.715798e+01 4.008923e+00
      vertex   7.199393e+01 2.732635e+01 4.746502e+00
    endloop
  endfacet
  facet normal 0.000000e+00 -5.783399e-02 -9.983262e-01
    outer loop
      vertex   7.220000e+01 2.750000e+01 2.500000e+00
      vertex   1.214000e+02 2.750000e+01 2.500000e+00
      vertex   7.220669e+01 2.738448e+01 2.506692e+00
    endloop
  endfacet
  facet normal 1.205659e-04 -1.089281e-01 -9.940496e-01
    outer loop
      vertex   7.220669e+01 2.738448e+01 2.506692e+00
      vertex   1.214000e+02 2.750000e+01 2.500000e+00
      vertex   8.977143e+01 2.732635e+01 2.515192e+00
    endloop
  endfacet
  facet normal -4.223628e-20 -1.446914e-01 -9.894768e-01
    outer loop
      vertex   7.220669e+01 2.738448e+01 2.506692e+00
      vertex   8.977143e+01 2.732635e+01 2.515192e+00
      vertex   8.625714e+01 2.732635e+01 2.515192e+00
    endloop
  endfacet
  facet normal 0.000000e+00 -2.588190e-01 -9.659258e-01
    outer loop
      vertex   8.625714e+01 2.732635e+01 2.515192e+00
      vertex   8.977143e+01 2.732635e+01 2.515192e+00
      vertex   8.625714e+01 2.715798e+01 2.560307e+00
    endloop
  endfacet
  facet normal 6.018505e-19 -2.588190e-01 -9.659258e-01
    outer loop
      vertex   8.625714e+01 2.732635e+01 2.515192e+00
      vertex   8.625714e+01 2.715798e+01 2.560307e+00
      vertex   8.274286e+01 2.715798e+01 2.560307e+00
    endloop
  endfacet
  facet normal 0.000000e+00 -4.226183e-01 -9.063078e-01
    outer loop
      vertex   8.274286e+01 2.715798e+01 2.560307e+00
      vertex   8.625714e+01 2.715798e+01 2.560307e+00
      vertex   8.274286e+01 2.700000e+01 2.633975e+00
    endloop
  endfacet
  facet normal 3.110039e-19 -4.226183e-01 -9.063078e-01
    outer loop
      vertex   8.274286e+01 2.715798e+01 2.560307e+00
      vertex   8.274286e+01 2.700000e+01 2.633975e+00
      vertex   7.922857e+01 2.700000e+01 2.633975e+00
    endloop
  endfacet
  facet normal 0.000000e+00 -5.735764e-01 -8.191520e-01
    outer loop
      vertex   7.922857e+01 2.700000e+01 2.633975e+00
      vertex   8.274286e+01 2.700000e+01 2.633975e+00
      vertex   7.922857e+01 2.685721e+01 2.733955e+00
    endloop
  endfacet
  facet normal 8.506581e-19 -5.735764e-01 -8.191520e-01
    outer loop
      vertex   7.922857e+01 2.700000e+01 2.633975e+00
      vertex   7.922857e+01 2.685721e+01 2.733955e+00
      vertex   7.571429e+01 2.685721e+01 2.733955e+00
    endloop
  endfacet
  facet normal 0.000000e+00 -7.071068e-01 -7.071068e-01
    outer loop
      vertex   7.571429e+01 2.685721e+01 2.733955e+00
      vertex   7.922857e+01 2.685721e+01 2.733955e+00
      vertex   7.571429e+01 2.673396e+01 2.857212e+00
    endloop
  endfacet
  facet normal 1.055191e-03 -7.071064e-01 -7.071064e-01
    outer loop
      vertex   7.571429e+01 2.685721e+01 2.733955e+00
      vertex   7.571429e+01 2.673396e+01 2.857212e+00
      vertex   7.247026e+01 2.681289e+01 2.773441e+00
    endloop
  endfacet
  facet normal 3.417389e-04 -7.211847e-01 -6.927427e-01
    outer loop
      vertex   7.247026e+01 2.681289e+01 2.773441e+00
      vertex   7.571429e+01 2.673396e+01 2.857212e+00
      vertex   7.253796e+01 2.674617e+01 2.842930e+00
    endloop
  endfacet
  facet normal -4.944424e-04 -8.116520e-01 -5.841411e-01
    outer loop
      vertex   7.253796e+01 2.674617e+01 2.842930e+00
      vertex   7.571429e+01 2.673396e+01 2.857212e+00
      vertex   7.268305e+01 2.663793e+01 2.993197e+00
    endloop
  endfacet
  facet normal 2.170772e-04 -8.191520e-01 -5.735764e-01
    outer loop
      vertex   7.268305e+01 2.663793e+01 2.993197e+00
      vertex   7.571429e+01 2.673396e+01 2.857212e+00
      vertex   7.571429e+01 2.663397e+01 3.000000e+00
    endloop
  endfacet
  facet normal -2.214121e-04 -9.039766e-01 -4.275819e-01
    outer loop
      vertex   7.268305e+01 2.663793e+01 2.993197e+00
      vertex   7.571429e+01 2.663397e+01 3.000000e+00
      vertex   7.283704e+01 2.656151e+01 3.154685e+00
    endloop
  endfacet
  facet normal 1.041488e-04 -9.063078e-01 -4.226183e-01
    outer loop
      vertex   7.283704e+01 2.656151e+01 3.154685e+00
      vertex   7.571429e+01 2.663397e+01 3.000000e+00
      vertex   7.571429e+01 2.656031e+01 3.157980e+00
    endloop
  endfacet
  facet normal -1.043950e-04 -9.650609e-01 -2.620257e-01
    outer loop
      vertex   7.283704e+01 2.656151e+01 3.154685e+00
      vertex   7.571429e+01 2.656031e+01 3.157980e+00
      vertex   7.299557e+01 2.651577e+01 3.323090e+00
    endloop
  endfacet
  facet normal 1.045133e-04 -9.659258e-01 -2.588190e-01
    outer loop
      vertex   7.299557e+01 2.651577e+01 3.323090e+00
      vertex   7.571429e+01 2.656031e+01 3.157980e+00
      vertex   7.571429e+01 2.651519e+01 3.326352e+00
    endloop
  endfacet
  facet normal -1.033031e-04 -9.958576e-01 -9.092664e-02
    outer loop
      vertex   7.299557e+01 2.651577e+01 3.323090e+00
      vertex   7.571429e+01 2.651519e+01 3.326352e+00
      vertex   7.315582e+01 2.650001e+01 3.495540e+00
    endloop
  endfacet
  facet normal 5.453525e-03 -9.999587e-01 -7.264158e-03
    outer loop
      vertex   7.315582e+01 2.650001e+01 3.495540e+00
      vertex   7.571429e+01 2.651519e+01 3.326352e+00
      vertex   7.315994e+01 2.650000e+01 3.500000e+00
    endloop
  endfacet
  facet normal -1.071997e-17 -9.961947e-01 -8.715574e-02
    outer loop
      vertex   7.315994e+01 2.650000e+01 3.500000e+00
      vertex   7.571429e+01 2.651519e+01 3.326352e+00
      vertex   7.922857e+01 2.651519e+01 3.326352e+00
    endloop
  endfacet
  facet normal -1.006059e-19 -9.961947e-01 -8.715574e-02
    outer loop
      vertex   7.315994e+01 2.650000e+01 3.500000e+00
      vertex   7.922857e+01 2.651519e+01 3.326352e+00
      vertex   8.274286e+01 2.651519e+01 3.326352e+00
    endloop
  endfacet
  facet normal -0.000000e+00 -9.659258e-01 -2.588190e-01
    outer loop
      vertex   8.274286e+01 2.651519e+01 3.326352e+00
      vertex   7.922857e+01 2.651519e+01 3.326352e+00
      vertex   8.274286e+01 2.656031e+01 3.157980e+00
    endloop
  endfacet
  facet normal -6.832783e-19 -9.659258e-01 -2.588190e-01
    outer loop
      vertex   8.274286e+01 2.651519e+01 3.326352e+00
      vertex   8.274286e+01 2.656031e+01 3.157980e+00
      vertex   8.625714e+01 2.656031e+01 3.157980e+00
    endloop
  endfacet
  facet normal -0.000000e+00 -9.063078e-01 -4.226183e-01
    outer loop
      vertex   8.625714e+01 2.656031e+01 3.157980e+00
      vertex   8.274286e+01 2.656031e+01 3.157980e+00
      vertex   8.625714e+01 2.663397e+01 3.000000e+00
    endloop
  endfacet
  facet normal 6.340477e-20 -9.063078e-01 -4.226183e-01
    outer loop
      vertex   8.625714e+01 2.656031e+01 3.157980e+00
      vertex   8.625714e+01 2.663397e+01 3.000000e+00
      vertex   8.977143e+01 2.663397e+01 3.000000e+00
    endloop
  endfacet
  facet normal -0.000000e+00 -8.191520e-01 -5.735764e-01
    outer loop
      vertex   8.977143e+01 2.663397e+01 3.000000e+00
      vertex   8.625714e+01 2.663397e+01 3.000000e+00
      vertex   8.977143e+01 2.673396e+01 2.857212e+00
    endloop
  endfacet
  facet normal 1.016675e-18 -8.191520e-01 -5.735764e-01
    outer loop
      vertex   8.977143e+01 2.663397e+01 3.000000e+00
      vertex   8.977143e+01 2.673396e+01 2.857212e+00
      vertex   9.328571e+01 2.673396e+01 2.857212e+00
    endloop
  endfacet
  facet normal -0.000000e+00 -7.071068e-01 -7.071068e-01
    outer loop
      vertex   9.328571e+01 2.673396e+01 2.857212e+00
      vertex   8.977143e+01 2.673396e+01 2.857212e+00
      vertex   9.328571e+01 2.685721e+01 2.733955e+00
    endloop
  endfacet
  facet normal 9.637023e-19 -7.071068e-01 -7.071068e-01
    outer loop
      vertex   9.328571e+01 2.673396e+01 2.857212e+00
      vertex   9.328571e+01 2.685721e+01 2.733955e+00
      vertex   9.680000e+01 2.685721e+01 2.733955e+00
    endloop
  endfacet
  facet normal -0.000000e+00 -5.735764e-01 -8.191520e-01
    outer loop
      vertex   9.680000e+01 2.685721e+01 2.733955e+00
      vertex   9.328571e+01 2.685721e+01 2.733955e+00
      vertex   9.680000e+01 2.700000e+01 2.633975e+00
    endloop
  endfacet
  facet normal -1.042308e-16 -5.735764e-01 -8.191520e-01
    outer loop
      vertex   9.680000e+01 2.685721e+01 2.733955e+00
      vertex   9.680000e+01 2.700000e+01 2.633975e+00
      vertex   1.003143e+02 2.700000e+01 2.633975e+00
    endloop
  endfacet
  facet normal -1.145273e-16 -4.226183e-01 -9.063078e-01
    outer loop
      vertex   1.003143e+02 2.700000e+01 2.633975e+00
      vertex   9.680000e+01 2.700000e+01 2.633975e+00
      vertex   1.003143e+02 2.715798e+01 2.560307e+00
    endloop
  endfacet
  facet normal -1.266769e-18 -4.226183e-01 -9.063078e-01
    outer loop
      vertex   1.003143e+02 2.700000e+01 2.633975e+00
      vertex   1.003143e+02 2.715798e+01 2.560307e+00
      vertex   1.038286e+02 2.715798e+01 2.560307e+00
    endloop
  endfacet
  facet normal -0.000000e+00 -2.588190e-01 -9.659258e-01
    outer loop
      vertex   1.038286e+02 2.715798e+01 2.560307e+00
      vertex   1.003143e+02 2.715798e+01 2.560307e+00
      vertex   1.038286e+02 2.732635e+01 2.515192e+00
    endloop
  endfacet
  facet normal 6.018505e-19 -2.588190e-01 -9.659258e-01
    outer loop
      vertex   1.038286e+02 2.715798e+01 2.560307e+00
      vertex   1.038286e+02 2.732635e+01 2.515192e+00
      vertex   1.073429e+02 2.732635e+01 2.515192e+00
    endloop
  endfacet
  facet normal -0.000000e+00 -8.715574e-02 -9.961947e-01
    outer loop
      vertex   1.073429e+02 2.732635e+01 2.515192e+00
      vertex   1.038286e+02 2.732635e+01 2.515192e+00
      vertex   1.214000e+02 2.750000e+01 2.500000e+00
    endloop
  endfacet
  facet normal 0.000000e+00 -8.715574e-02 -9.961947e-01
    outer loop
      vertex   1.073429e+02 2.732635e+01 2.515192e+00
      vertex   1.214000e+02 2.750000e+01 2.500000e+00
      vertex   1.108571e+02 2.732635e+01 2.515192e+00
    endloop
  endfacet
  facet normal 0.000000e+00 -8.715574e-02 -9.961947e-01
    outer loop
      vertex   1.108571e+02 2.732635e+01 2.515192e+00
      vertex   1.214000e+02 2.750000e+01 2.500000e+00
      vertex   1.143714e+02 2.732635e+01 2.515192e+00
    endloop
  endfacet
  facet normal 0.000000e+00 -2.588190e-01 -9.659258e-01
    outer loop
      vertex   1.108571e+02 2.732635e+01 2.515192e+00
      vertex   1.143714e+02 2.732635e+01 2.515192e+00
      vertex   1.108571e+02 2.715798e+01 2.560307e+00
    endloop
  endfacet
  facet normal 0.000000e+00 -2.588190e-01 -9.659258e-01
    outer loop
      vertex   1.108571e+02 2.715798e+01 2.560307e+00
      vertex   1.143714e+02 2.732635e+01 2.515192e+00
      vertex   1.143714e+02 2.715798e+01 2.560307e+00
    endloop
  endfacet
  facet normal 0.000000e+00 -4.226183e-01 -9.063078e-01
    outer loop
      vertex   1.108571e+02 2.715798e+01 2.560307e+00
      vertex   1.143714e+02 2.715798e+01 2.560307e+00
      vertex   1.108571e+02 2.700000e+01 2.633975e+00
    endloop
  endfacet
  facet normal 0.000000e+00 -4.226183e-01 -9.063078e-01
    outer loop
      vertex   1.108571e+02 2.700000e+01 2.633975e+00
      vertex   1.143714e+02 2.715798e+01 2.560307e+00
      vertex   1.143714e+02 2.700000e+01 2.633975e+00
    endloop
  endfacet
  facet normal 0.000000e+00 -5.735764e-01 -8.191520e-01
    outer loop
      vertex   1.108571e+02 2.700000e+01 2.633975e+00
      vertex   1.143714e+02 2.700000e+01 2.633975e+00
      vertex   1.108571e+02 2.685721e+01 2.733955e+00
    endloop
  endfacet
  facet normal 0.000000e+00 -5.735764e-01 -8.191520e-01
    outer loop
      vertex   1.108571e+02 2.685721e+01 2.733955e+00
      vertex   1.143714e+02 2.700000e+01 2.633975e+00
      vertex   1.143714e+02 2.685721e+01 2.733955e+00
    endloop
  endfacet
  facet normal 0.000000e+00 -7.071068e-01 -7.071068e-01
    outer loop
      vertex   1.108571e+02 2.685721e+01 2.733955e+00
      vertex   1.143714e+02 2.685721e+01 2.733955e+00
      vertex   1.108571e+02 2.673396e+01 2.857212e+00
    endloop
  endfacet
  facet normal 0.000000e+00 -7.071068e-01 -7.071068e-01
    outer loop
      vertex   1.108571e+02 2.673396e+01 2.857212e+00
      vertex   1.143714e+02 2.685721e+01 2.733955e+00
      vertex   1.143714e+02 2.673396e+01 2.857212e+00
    endloop
  endfacet
  facet normal 0.000000e+00 -8.191520e-01 -5.735764e-01
    outer loop
      vertex   1.108571e+02 2.673396e+01 2.857212e+00
      vertex   1.143714e+02 2.673396e+01 2.857212e+00
      vertex   1.108571e+02 2.663397e+01 3.000000e+00
    endloop
  endfacet
  facet normal 0.000000e+00 -8.191520e-01 -5.735764e-01
    outer loop
      vertex   1.108571e+02 2.663397e+01 3.000000e+00
      vertex   1.143714e+02 2.673396e+01 2.857212e+00
      vertex   1.143714e+02 2.663397e+01 3.000000e+00
    endloop
  endfacet
  facet normal 0.000000e+00 -9.063078e-01 -4.226183e-01
    outer loop
      vertex   1.108571e+02 2.663397e+01 3.000000e+00
      vertex   1.143714e+02 2.663397e+01 3.000000e+00
      vertex   1.108571e+02 2.656031e+01 3.157980e+00
    endloop
  endfacet
  facet normal 0.000000e+00 -9.063078e-01 -4.226183e-01
    outer loop
      vertex   1.108571e+02 2.656031e+01 3.157980e+00
      vertex   1.143714e+02 2.663397e+01 3.000000e+00
      vertex   1.143714e+02 2.656031e+01 3.157980e+00
    endloop
  endfacet
  facet normal 0.000000e+00 -9.659258e-01 -2.588190e-01
    outer loop
      vertex   1.108571e+02 2.656031e+01 3.157980e+00
      vertex   1.143714e+02 2.656031e+01 3.157980e+00
      vertex   1.108571e+02 2.651519e+01 3.326352e+00
    endloop
  endfacet
  facet normal 0.000000e+00 -9.659258e-01 -2.588190e-01
    outer loop
      vertex   1.108571e+02 2.651519e+01 3.326352e+00
      vertex   1.143714e+02 2.656031e+01 3.157980e+00
      vertex   1.143714e+02 2.651519e+01 3.326352e+00
    endloop
  endfacet
  facet normal 0.000000e+00 -9.961947e-01 -8.715574e-02
    outer loop
      vertex   1.108571e+02 2.651519e+01 3.326352e+00
      vertex   1.143714e+02 2.651519e+01 3.326352e+00
      vertex   1.214000e+02 2.650000e+01 3.500000e+00
    endloop
  endfacet
  facet normal 1.326075e-19 -9.961947e-01 -8.715574e-02
    outer loop
      vertex   1.214000e+02 2.650000e+01 3.500000e+00
      vertex   1.143714e+02 2.651519e+01 3.326352e+00
      vertex   1.178857e+02 2.651519e+01 3.326352e+00
    endloop
  endfacet
  facet normal 1.017862e-15 -9.961947e-01 -8.715574e-02
    outer loop
      vertex   1.214000e+02 2.650000e+01 3.500000e+00
      vertex   1.178857e+02 2.651519e+01 3.326352e+00
      vertex   1.214000e+02 2.651519e+01 3.326352e+00
    endloop
  endfacet
  facet normal 1.009194e-15 -9.659258e-01 -2.588190e-01
    outer loop
      vertex   1.214000e+02 2.651519e+01 3.326352e+00
      vertex   1.178857e+02 2.651519e+01 3.326352e+00
      vertex   1.214000e+02 2.656031e+01 3.157980e+00
    endloop
  endfacet
  facet normal -0.000000e+00 -9.659258e-01 -2.588190e-01
    outer loop
      vertex   1.214000e+02 2.656031e+01 3.157980e+00
      vertex   1.178857e+02 2.651519e+01 3.326352e+00
      vertex   1.178857e+02 2.656031e+01 3.157980e+00
    endloop
  endfacet
  facet normal -0.000000e+00 -9.063078e-01 -4.226183e-01
    outer loop
      vertex   1.214000e+02 2.656031e+01 3.157980e+00
      vertex   1.178857e+02 2.656031e+01 3.157980e+00
      vertex   1.214000e+02 2.663397e+01 3.000000e+00
    endloop
  endfacet
  facet normal -0.000000e+00 -9.063078e-01 -4.226183e-01
    outer loop
      vertex   1.214000e+02 2.663397e+01 3.000000e+00
      vertex   1.178857e+02 2.656031e+01 3.157980e+00
      vertex   1.178857e+02 2.663397e+01 3.000000e+00
    endloop
  endfacet
  facet normal -0.000000e+00 -8.191520e-01 -5.735764e-01
    outer loop
      vertex   1.214000e+02 2.663397e+01 3.000000e+00
      vertex   1.178857e+02 2.663397e+01 3.000000e+00
      vertex   1.214000e+02 2.673396e+01 2.857212e+00
    endloop
  endfacet
  facet normal 7.248105e-17 -8.191520e-01 -5.735764e-01
    outer loop
      vertex   1.214000e+02 2.673396e+01 2.857212e+00
      vertex   1.178857e+02 2.663397e+01 3.000000e+00
      vertex   1.178857e+02 2.673396e+01 2.857212e+00
    endloop
  endfacet
  facet normal 8.935486e-17 -7.071068e-01 -7.071068e-01
    outer loop
      vertex   1.214000e+02 2.673396e+01 2.857212e+00
      vertex   1.178857e+02 2.673396e+01 2.857212e+00
      vertex   1.214000e+02 2.685721e+01 2.733955e+00
    endloop
  endfacet
  facet normal -8.935486e-17 -7.071068e-01 -7.071068e-01
    outer loop
      vertex   1.214000e+02 2.685721e+01 2.733955e+00
      vertex   1.178857e+02 2.673396e+01 2.857212e+00
      vertex   1.178857e+02 2.685721e+01 2.733955e+00
    endloop
  endfacet
  facet normal -1.035137e-16 -5.735764e-01 -8.191520e-01
    outer loop
      vertex   1.214000e+02 2.685721e+01 2.733955e+00
      vertex   1.178857e+02 2.685721e+01 2.733955e+00
      vertex   1.214000e+02 2.700000e+01 2.633975e+00
    endloop
  endfacet
  facet normal 1.035137e-16 -5.735764e-01 -8.191520e-01
    outer loop
      vertex   1.214000e+02 2.700000e+01 2.633975e+00
      vertex   1.178857e+02 2.685721e+01 2.733955e+00
      vertex   1.178857e+02 2.700000e+01 2.633975e+00
    endloop
  endfacet
  facet normal 1.145273e-16 -4.226183e-01 -9.063078e-01
    outer loop
      vertex   1.214000e+02 2.700000e+01 2.633975e+00
      vertex   1.178857e+02 2.700000e+01 2.633975e+00
      vertex   1.214000e+02 2.715798e+01 2.560307e+00
    endloop
  endfacet
  facet normal -0.000000e+00 -4.226183e-01 -9.063078e-01
    outer loop
      vertex   1.214000e+02 2.715798e+01 2.560307e+00
      vertex   1.178857e+02 2.700000e+01 2.633975e+00
      vertex   1.178857e+02 2.715798e+01 2.560307e+00
    endloop
  endfacet
  facet normal -0.000000e+00 -2.588190e-01 -9.659258e-01
    outer loop
      vertex   1.214000e+02 2.715798e+01 2.560307e+00
      vertex   1.178857e+02 2.715798e+01 2.560307e+00
      vertex   1.214000e+02 2.732635e+01 2.515192e+00
    endloop
  endfacet
  facet normal -0.000000e+00 -2.588190e-01 -9.659258e-01
    outer loop
      vertex   1.214000e+02 2.732635e+01 2.515192e+00
      vertex   1.178857e+02 2.715798e+01 2.560307e+00
      vertex   1.178857e+02 2.732635e+01 2.515192e+00
    endloop
  endfacet
  facet normal -0.000000e+00 -8.715574e-02 -9.961947e-01
    outer loop
      vertex   1.214000e+02 2.732635e+01 2.515192e+00
      vertex   1.178857e+02 2.732635e+01 2.515192e+00
      vertex   1.214000e+02 2.750000e+01 2.500000e+00
    endloop
  endfacet
  facet normal 2.152936e-20 -8.715574e-02 -9.961947e-01
    outer loop
      vertex   1.214000e+02 2.750000e+01 2.500000e+00
      vertex   1.178857e+02 2.732635e+01 2.515192e+00
      vertex   1.143714e+02 2.732635e+01 2.515192e+00
    endloop
  endfacet
  facet normal 1.604680e-18 -9.961947e-01 -8.715574e-02
    outer loop
      vertex   7.315994e+01 2.650000e+01 3.500000e+00
      vertex   9.680000e+01 2.651519e+01 3.326352e+00
      vertex   1.214000e+02 2.650000e+01 3.500000e+00
    endloop
  endfacet
  facet normal -1.811162e-19 -9.961947e-01 -8.715574e-02
    outer loop
      vertex   1.214000e+02 2.650000e+01 3.500000e+00
      vertex   9.680000e+01 2.651519e+01 3.326352e+00
      vertex   1.003143e+02 2.651519e+01 3.326352e+00
    endloop
  endfacet
  facet normal -1.811162e-19 -9.961947e-01 -8.715574e-02
    outer loop
      vertex   1.214000e+02 2.650000e+01 3.500000e+00
      vertex   1.003143e+02 2.651519e+01 3.326352e+00
      vertex   1.038286e+02 2.651519e+01 3.326352e+00
    endloop
  endfacet
  facet normal -0.000000e+00 -9.659258e-01 -2.588190e-01
    outer loop
      vertex   1.038286e+02 2.651519e+01 3.326352e+00
      vertex   1.003143e+02 2.651519e+01 3.326352e+00
      vertex   1.038286e+02 2.656031e+01 3.157980e+00
    endloop
  endfacet
  facet normal 5.925352e-19 -9.659258e-01 -2.588190e-01
    outer loop
      vertex   1.038286e+02 2.651519e+01 3.326352e+00
      vertex   1.038286e+02 2.656031e+01 3.157980e+00
      vertex   1.073429e+02 2.656031e+01 3.157980e+00
    endloop
  endfacet
  facet normal -0.000000e+00 -9.063078e-01 -4.226183e-01
    outer loop
      vertex   1.073429e+02 2.656031e+01 3.157980e+00
      vertex   1.038286e+02 2.656031e+01 3.157980e+00
      vertex   1.073429e+02 2.663397e+01 3.000000e+00
    endloop
  endfacet
  facet normal 6.340477e-20 -9.063078e-01 -4.226183e-01
    outer loop
      vertex   1.073429e+02 2.656031e+01 3.157980e+00
      vertex   1.073429e+02 2.663397e+01 3.000000e+00
      vertex   1.108571e+02 2.663397e+01 3.000000e+00
    endloop
  endfacet
  facet normal -0.000000e+00 -8.191520e-01 -5.735764e-01
    outer loop
      vertex   1.108571e+02 2.663397e+01 3.000000e+00
      vertex   1.073429e+02 2.663397e+01 3.000000e+00
      vertex   1.108571e+02 2.673396e+01 2.857212e+00
    endloop
  endfacet
  facet normal -3.575184e-04 -6.504405e-01 -7.595571e-01
    outer loop
      vertex   7.247026e+01 2.681289e+01 2.773441e+00
      vertex   7.240714e+01 2.688816e+01 2.709010e+00
      vertex   7.571429e+01 2.685721e+01 2.733955e+00
    endloop
  endfacet
  facet normal 8.112776e-04 -5.735762e-01 -8.191518e-01
    outer loop
      vertex   7.571429e+01 2.685721e+01 2.733955e+00
      vertex   7.240714e+01 2.688816e+01 2.709010e+00
      vertex   7.571429e+01 2.700000e+01 2.633975e+00
    endloop
  endfacet
  facet normal -1.039271e-16 -5.735764e-01 -8.191520e-01
    outer loop
      vertex   7.571429e+01 2.685721e+01 2.733955e+00
      vertex   7.571429e+01 2.700000e+01 2.633975e+00
      vertex   7.922857e+01 2.700000e+01 2.633975e+00
    endloop
  endfacet
  facet normal -1.145273e-16 -4.226183e-01 -9.063078e-01
    outer loop
      vertex   7.922857e+01 2.700000e+01 2.633975e+00
      vertex   7.571429e+01 2.700000e+01 2.633975e+00
      vertex   7.922857e+01 2.715798e+01 2.560307e+00
    endloop
  endfacet
  facet normal 3.110039e-19 -4.226183e-01 -9.063078e-01
    outer loop
      vertex   7.922857e+01 2.700000e+01 2.633975e+00
      vertex   7.922857e+01 2.715798e+01 2.560307e+00
      vertex   8.274286e+01 2.715798e+01 2.560307e+00
    endloop
  endfacet
  facet normal -0.000000e+00 -2.588190e-01 -9.659258e-01
    outer loop
      vertex   8.274286e+01 2.715798e+01 2.560307e+00
      vertex   7.922857e+01 2.715798e+01 2.560307e+00
      vertex   8.274286e+01 2.732635e+01 2.515192e+00
    endloop
  endfacet
  facet normal 6.018505e-19 -2.588190e-01 -9.659258e-01
    outer loop
      vertex   8.274286e+01 2.715798e+01 2.560307e+00
      vertex   8.274286e+01 2.732635e+01 2.515192e+00
      vertex   8.625714e+01 2.732635e+01 2.515192e+00
    endloop
  endfacet
  facet normal -0.000000e+00 -1.446914e-01 -9.894768e-01
    outer loop
      vertex   8.625714e+01 2.732635e+01 2.515192e+00
      vertex   8.274286e+01 2.732635e+01 2.515192e+00
      vertex   7.220669e+01 2.738448e+01 2.506692e+00
    endloop
  endfacet
  facet normal 6.486013e-04 -5.702990e-01 -8.214369e-01
    outer loop
      vertex   7.240714e+01 2.688816e+01 2.709010e+00
      vertex   7.234976e+01 2.697203e+01 2.650739e+00
      vertex   7.571429e+01 2.700000e+01 2.633975e+00
    endloop
  endfacet
  facet normal -3.508605e-04 -4.826696e-01 -8.758025e-01
    outer loop
      vertex   7.571429e+01 2.700000e+01 2.633975e+00
      vertex   7.234976e+01 2.697203e+01 2.650739e+00
      vertex   7.229947e+01 2.706431e+01 2.599900e+00
    endloop
  endfacet
  facet normal 1.084471e-03 -4.226180e-01 -9.063073e-01
    outer loop
      vertex   7.571429e+01 2.700000e+01 2.633975e+00
      vertex   7.229947e+01 2.706431e+01 2.599900e+00
      vertex   7.571429e+01 2.715798e+01 2.560307e+00
    endloop
  endfacet
  facet normal -1.025357e-04 -3.861600e-01 -9.224318e-01
    outer loop
      vertex   7.571429e+01 2.715798e+01 2.560307e+00
      vertex   7.229947e+01 2.706431e+01 2.599900e+00
      vertex   7.225778e+01 2.716458e+01 2.557928e+00
    endloop
  endfacet
  facet normal 1.218343e-04 -2.820074e-01 -9.594122e-01
    outer loop
      vertex   7.571429e+01 2.715798e+01 2.560307e+00
      vertex   7.225778e+01 2.716458e+01 2.557928e+00
      vertex   7.222626e+01 2.727219e+01 2.526294e+00
    endloop
  endfacet
  facet normal 9.446183e-04 -2.588189e-01 -9.659254e-01
    outer loop
      vertex   7.571429e+01 2.715798e+01 2.560307e+00
      vertex   7.222626e+01 2.727219e+01 2.526294e+00
      vertex   7.571429e+01 2.732635e+01 2.515192e+00
    endloop
  endfacet
  facet normal -4.638721e-04 -1.720411e-01 -9.850897e-01
    outer loop
      vertex   7.571429e+01 2.732635e+01 2.515192e+00
      vertex   7.222626e+01 2.727219e+01 2.526294e+00
      vertex   7.220669e+01 2.738448e+01 2.506692e+00
    endloop
  endfacet
  facet normal 0.000000e+00 -1.446914e-01 -9.894768e-01
    outer loop
      vertex   7.571429e+01 2.732635e+01 2.515192e+00
      vertex   7.220669e+01 2.738448e+01 2.506692e+00
      vertex   7.922857e+01 2.732635e+01 2.515192e+00
    endloop
  endfacet
  facet normal 0.000000e+00 -1.446914e-01 -9.894768e-01
    outer loop
      vertex   7.922857e+01 2.732635e+01 2.515192e+00
      vertex   7.220669e+01 2.738448e+01 2.506692e+00
      vertex   8.274286e+01 2.732635e+01 2.515192e+00
    endloop
  endfacet
  facet normal 0.000000e+00 -2.588190e-01 -9.659258e-01
    outer loop
      vertex   7.922857e+01 2.732635e+01 2.515192e+00
      vertex   8.274286e+01 2.732635e+01 2.515192e+00
      vertex   7.922857e+01 2.715798e+01 2.560307e+00
    endloop
  endfacet
  facet normal 6.018505e-19 -2.588190e-01 -9.659258e-01
    outer loop
      vertex   1.143714e+02 2.715798e+01 2.560307e+00
      vertex   1.143714e+02 2.732635e+01 2.515192e+00
      vertex   1.178857e+02 2.732635e+01 2.515192e+00
    endloop
  endfacet
  facet normal 0.000000e+00 -2.588190e-01 -9.659258e-01
    outer loop
      vertex   1.143714e+02 2.715798e+01 2.560307e+00
      vertex   1.178857e+02 2.732635e+01 2.515192e+00
      vertex   1.178857e+02 2.715798e+01 2.560307e+00
    endloop
  endfacet
  facet normal 0.000000e+00 -2.588190e-01 -9.659258e-01
    outer loop
      vertex   1.073429e+02 2.732635e+01 2.515192e+00
      vertex   1.108571e+02 2.732635e+01 2.515192e+00
      vertex   1.073429e+02 2.715798e+01 2.560307e+00
    endloop
  endfacet
  facet normal 0.000000e+00 -2.588190e-01 -9.659258e-01
    outer loop
      vertex   1.073429e+02 2.715798e+01 2.560307e+00
      vertex   1.108571e+02 2.732635e+01 2.515192e+00
      vertex   1.108571e+02 2.715798e+01 2.560307e+00
    endloop
  endfacet
  facet normal 0.000000e+00 -4.226183e-01 -9.063078e-01
    outer loop
      vertex   1.073429e+02 2.715798e+01 2.560307e+00
      vertex   1.108571e+02 2.715798e+01 2.560307e+00
      vertex   1.073429e+02 2.700000e+01 2.633975e+00
    endloop
  endfacet
  facet normal 0.000000e+00 -4.226183e-01 -9.063078e-01
    outer loop
      vertex   1.073429e+02 2.700000e+01 2.633975e+00
      vertex   1.108571e+02 2.715798e+01 2.560307e+00
      vertex   1.108571e+02 2.700000e+01 2.633975e+00
    endloop
  endfacet
  facet normal 0.000000e+00 -5.735764e-01 -8.191520e-01
    outer loop
      vertex   1.073429e+02 2.700000e+01 2.633975e+00
      vertex   1.108571e+02 2.700000e+01 2.633975e+00
      vertex   1.073429e+02 2.685721e+01 2.733955e+00
    endloop
  endfacet
  facet normal 0.000000e+00 -5.735764e-01 -8.191520e-01
    outer loop
      vertex   1.073429e+02 2.685721e+01 2.733955e+00
      vertex   1.108571e+02 2.700000e+01 2.633975e+00
      vertex   1.108571e+02 2.685721e+01 2.733955e+00
    endloop
  endfacet
  facet normal 0.000000e+00 -7.071068e-01 -7.071068e-01
    outer loop
      vertex   1.073429e+02 2.685721e+01 2.733955e+00
      vertex   1.108571e+02 2.685721e+01 2.733955e+00
      vertex   1.073429e+02 2.673396e+01 2.857212e+00
    endloop
  endfacet
  facet normal 0.000000e+00 -7.071068e-01 -7.071068e-01
    outer loop
      vertex   1.073429e+02 2.673396e+01 2.857212e+00
      vertex   1.108571e+02 2.685721e+01 2.733955e+00
      vertex   1.108571e+02 2.673396e+01 2.857212e+00
    endloop
  endfacet
  facet normal 0.000000e+00 -8.191520e-01 -5.735764e-01
    outer loop
      vertex   1.073429e+02 2.673396e+01 2.857212e+00
      vertex   1.108571e+02 2.673396e+01 2.857212e+00
      vertex   1.073429e+02 2.663397e+01 3.000000e+00
    endloop
  endfacet
  facet normal -0.000000e+00 -8.715574e-02 -9.961947e-01
    outer loop
      vertex   1.038286e+02 2.732635e+01 2.515192e+00
      vertex   1.003143e+02 2.732635e+01 2.515192e+00
      vertex   1.214000e+02 2.750000e+01 2.500000e+00
    endloop
  endfacet
  facet normal 2.152936e-20 -8.715574e-02 -9.961947e-01
    outer loop
      vertex   1.214000e+02 2.750000e+01 2.500000e+00
      vertex   1.003143e+02 2.732635e+01 2.515192e+00
      vertex   9.680000e+01 2.732635e+01 2.515192e+00
    endloop
  endfacet
  facet normal 2.152936e-20 -8.715574e-02 -9.961947e-01
    outer loop
      vertex   1.214000e+02 2.750000e+01 2.500000e+00
      vertex   9.680000e+01 2.732635e+01 2.515192e+00
      vertex   9.328571e+01 2.732635e+01 2.515192e+00
    endloop
  endfacet
  facet normal 0.000000e+00 -2.588190e-01 -9.659258e-01
    outer loop
      vertex   9.328571e+01 2.732635e+01 2.515192e+00
      vertex   9.680000e+01 2.732635e+01 2.515192e+00
      vertex   9.328571e+01 2.715798e+01 2.560307e+00
    endloop
  endfacet
  facet normal 6.018505e-19 -2.588190e-01 -9.659258e-01
    outer loop
      vertex   9.328571e+01 2.732635e+01 2.515192e+00
      vertex   9.328571e+01 2.715798e+01 2.560307e+00
      vertex   8.977143e+01 2.715798e+01 2.560307e+00
    endloop
  endfacet
  facet normal 0.000000e+00 -4.226183e-01 -9.063078e-01
    outer loop
      vertex   8.977143e+01 2.715798e+01 2.560307e+00
      vertex   9.328571e+01 2.715798e+01 2.560307e+00
      vertex   8.977143e+01 2.700000e+01 2.633975e+00
    endloop
  endfacet
  facet normal 3.110039e-19 -4.226183e-01 -9.063078e-01
    outer loop
      vertex   8.977143e+01 2.715798e+01 2.560307e+00
      vertex   8.977143e+01 2.700000e+01 2.633975e+00
      vertex   8.625714e+01 2.700000e+01 2.633975e+00
    endloop
  endfacet
  facet normal 0.000000e+00 -5.735764e-01 -8.191520e-01
    outer loop
      vertex   8.625714e+01 2.700000e+01 2.633975e+00
      vertex   8.977143e+01 2.700000e+01 2.633975e+00
      vertex   8.625714e+01 2.685721e+01 2.733955e+00
    endloop
  endfacet
  facet normal 8.506581e-19 -5.735764e-01 -8.191520e-01
    outer loop
      vertex   8.625714e+01 2.700000e+01 2.633975e+00
      vertex   8.625714e+01 2.685721e+01 2.733955e+00
      vertex   8.274286e+01 2.685721e+01 2.733955e+00
    endloop
  endfacet
  facet normal 0.000000e+00 -7.071068e-01 -7.071068e-01
    outer loop
      vertex   8.274286e+01 2.685721e+01 2.733955e+00
      vertex   8.625714e+01 2.685721e+01 2.733955e+00
      vertex   8.274286e+01 2.673396e+01 2.857212e+00
    endloop
  endfacet
  facet normal -9.088399e-19 -7.071068e-01 -7.071068e-01
    outer loop
      vertex   8.274286e+01 2.685721e+01 2.733955e+00
      vertex   8.274286e+01 2.673396e+01 2.857212e+00
      vertex   7.922857e+01 2.673396e+01 2.857212e+00
    endloop
  endfacet
  facet normal 0.000000e+00 -8.191520e-01 -5.735764e-01
    outer loop
      vertex   7.922857e+01 2.673396e+01 2.857212e+00
      vertex   8.274286e+01 2.673396e+01 2.857212e+00
      vertex   7.922857e+01 2.663397e+01 3.000000e+00
    endloop
  endfacet
  facet normal -1.276394e-18 -8.191520e-01 -5.735764e-01
    outer loop
      vertex   7.922857e+01 2.673396e+01 2.857212e+00
      vertex   7.922857e+01 2.663397e+01 3.000000e+00
      vertex   7.571429e+01 2.663397e+01 3.000000e+00
    endloop
  endfacet
  facet normal 0.000000e+00 -9.063078e-01 -4.226183e-01
    outer loop
      vertex   7.571429e+01 2.663397e+01 3.000000e+00
      vertex   7.922857e+01 2.663397e+01 3.000000e+00
      vertex   7.571429e+01 2.656031e+01 3.157980e+00
    endloop
  endfacet
  facet normal -0.000000e+00 -2.588190e-01 -9.659258e-01
    outer loop
      vertex   1.038286e+02 2.732635e+01 2.515192e+00
      vertex   1.003143e+02 2.715798e+01 2.560307e+00
      vertex   1.003143e+02 2.732635e+01 2.515192e+00
    endloop
  endfacet
  facet normal 6.018505e-19 -2.588190e-01 -9.659258e-01
    outer loop
      vertex   1.003143e+02 2.732635e+01 2.515192e+00
      vertex   1.003143e+02 2.715798e+01 2.560307e+00
      vertex   9.680000e+01 2.715798e+01 2.560307e+00
    endloop
  endfacet
  facet normal -0.000000e+00 -2.588190e-01 -9.659258e-01
    outer loop
      vertex   1.003143e+02 2.732635e+01 2.515192e+00
      vertex   9.680000e+01 2.715798e+01 2.560307e+00
      vertex   9.680000e+01 2.732635e+01 2.515192e+00
    endloop
  endfacet
  facet normal 6.018505e-19 -2.588190e-01 -9.659258e-01
    outer loop
      vertex   9.680000e+01 2.732635e+01 2.515192e+00
      vertex   9.680000e+01 2.715798e+01 2.560307e+00
      vertex   9.328571e+01 2.715798e+01 2.560307e+00
    endloop
  endfacet
  facet normal 0.000000e+00 -8.715574e-02 -9.961947e-01
    outer loop
      vertex   8.977143e+01 2.732635e+01 2.515192e+00
      vertex   1.214000e+02 2.750000e+01 2.500000e+00
      vertex   9.328571e+01 2.732635e+01 2.515192e+00
    endloop
  endfacet
  facet normal 0.000000e+00 -2.588190e-01 -9.659258e-01
    outer loop
      vertex   8.625714e+01 2.715798e+01 2.560307e+00
      vertex   8.977143e+01 2.732635e+01 2.515192e+00
      vertex   8.977143e+01 2.715798e+01 2.560307e+00
    endloop
  endfacet
  facet normal 6.018505e-19 -2.588190e-01 -9.659258e-01
    outer loop
      vertex   8.977143e+01 2.715798e+01 2.560307e+00
      vertex   8.977143e+01 2.732635e+01 2.515192e+00
      vertex   9.328571e+01 2.732635e+01 2.515192e+00
    endloop
  endfacet
  facet normal 3.095399e-19 -2.588190e-01 -9.659258e-01
    outer loop
      vertex   7.571429e+01 2.715798e+01 2.560307e+00
      vertex   7.571429e+01 2.732635e+01 2.515192e+00
      vertex   7.922857e+01 2.732635e+01 2.515192e+00
    endloop
  endfacet
  facet normal -1.220610e-16 -2.588190e-01 -9.659258e-01
    outer loop
      vertex   7.571429e+01 2.715798e+01 2.560307e+00
      vertex   7.922857e+01 2.732635e+01 2.515192e+00
      vertex   7.922857e+01 2.715798e+01 2.560307e+00
    endloop
  endfacet
  facet normal -1.266769e-18 -4.226183e-01 -9.063078e-01
    outer loop
      vertex   1.143714e+02 2.700000e+01 2.633975e+00
      vertex   1.143714e+02 2.715798e+01 2.560307e+00
      vertex   1.178857e+02 2.715798e+01 2.560307e+00
    endloop
  endfacet
  facet normal 0.000000e+00 -4.226183e-01 -9.063078e-01
    outer loop
      vertex   1.143714e+02 2.700000e+01 2.633975e+00
      vertex   1.178857e+02 2.715798e+01 2.560307e+00
      vertex   1.178857e+02 2.700000e+01 2.633975e+00
    endloop
  endfacet
  facet normal 6.018505e-19 -2.588190e-01 -9.659258e-01
    outer loop
      vertex   1.073429e+02 2.732635e+01 2.515192e+00
      vertex   1.073429e+02 2.715798e+01 2.560307e+00
      vertex   1.038286e+02 2.715798e+01 2.560307e+00
    endloop
  endfacet
  facet normal 0.000000e+00 -4.226183e-01 -9.063078e-01
    outer loop
      vertex   1.038286e+02 2.715798e+01 2.560307e+00
      vertex   1.073429e+02 2.715798e+01 2.560307e+00
      vertex   1.038286e+02 2.700000e+01 2.633975e+00
    endloop
  endfacet
  facet normal -1.266769e-18 -4.226183e-01 -9.063078e-01
    outer loop
      vertex   1.038286e+02 2.715798e+01 2.560307e+00
      vertex   1.038286e+02 2.700000e+01 2.633975e+00
      vertex   1.003143e+02 2.700000e+01 2.633975e+00
    endloop
  endfacet
  facet normal 0.000000e+00 -5.735764e-01 -8.191520e-01
    outer loop
      vertex   1.003143e+02 2.700000e+01 2.633975e+00
      vertex   1.038286e+02 2.700000e+01 2.633975e+00
      vertex   1.003143e+02 2.685721e+01 2.733955e+00
    endloop
  endfacet
  facet normal 5.469269e-19 -5.735764e-01 -8.191520e-01
    outer loop
      vertex   1.003143e+02 2.700000e+01 2.633975e+00
      vertex   1.003143e+02 2.685721e+01 2.733955e+00
      vertex   9.680000e+01 2.685721e+01 2.733955e+00
    endloop
  endfacet
  facet normal 0.000000e+00 -7.071068e-01 -7.071068e-01
    outer loop
      vertex   9.680000e+01 2.685721e+01 2.733955e+00
      vertex   1.003143e+02 2.685721e+01 2.733955e+00
      vertex   9.680000e+01 2.673396e+01 2.857212e+00
    endloop
  endfacet
  facet normal 9.637023e-19 -7.071068e-01 -7.071068e-01
    outer loop
      vertex   9.680000e+01 2.685721e+01 2.733955e+00
      vertex   9.680000e+01 2.673396e+01 2.857212e+00
      vertex   9.328571e+01 2.673396e+01 2.857212e+00
    endloop
  endfacet
  facet normal 0.000000e+00 -8.191520e-01 -5.735764e-01
    outer loop
      vertex   9.328571e+01 2.673396e+01 2.857212e+00
      vertex   9.680000e+01 2.673396e+01 2.857212e+00
      vertex   9.328571e+01 2.663397e+01 3.000000e+00
    endloop
  endfacet
  facet normal -7.261091e-17 -8.191520e-01 -5.735764e-01
    outer loop
      vertex   9.328571e+01 2.673396e+01 2.857212e+00
      vertex   9.328571e+01 2.663397e+01 3.000000e+00
      vertex   8.977143e+01 2.663397e+01 3.000000e+00
    endloop
  endfacet
  facet normal -5.340494e-17 -9.063078e-01 -4.226183e-01
    outer loop
      vertex   8.977143e+01 2.663397e+01 3.000000e+00
      vertex   9.328571e+01 2.663397e+01 3.000000e+00
      vertex   8.977143e+01 2.656031e+01 3.157980e+00
    endloop
  endfacet
  facet normal 6.340477e-20 -9.063078e-01 -4.226183e-01
    outer loop
      vertex   8.977143e+01 2.663397e+01 3.000000e+00
      vertex   8.977143e+01 2.656031e+01 3.157980e+00
      vertex   8.625714e+01 2.656031e+01 3.157980e+00
    endloop
  endfacet
  facet normal 0.000000e+00 -9.659258e-01 -2.588190e-01
    outer loop
      vertex   8.625714e+01 2.656031e+01 3.157980e+00
      vertex   8.977143e+01 2.656031e+01 3.157980e+00
      vertex   8.625714e+01 2.651519e+01 3.326352e+00
    endloop
  endfacet
  facet normal -6.832783e-19 -9.659258e-01 -2.588190e-01
    outer loop
      vertex   8.625714e+01 2.656031e+01 3.157980e+00
      vertex   8.625714e+01 2.651519e+01 3.326352e+00
      vertex   8.274286e+01 2.651519e+01 3.326352e+00
    endloop
  endfacet
  facet normal 0.000000e+00 -9.961947e-01 -8.715574e-02
    outer loop
      vertex   8.274286e+01 2.651519e+01 3.326352e+00
      vertex   8.625714e+01 2.651519e+01 3.326352e+00
      vertex   7.315994e+01 2.650000e+01 3.500000e+00
    endloop
  endfacet
  facet normal 0.000000e+00 -4.226183e-01 -9.063078e-01
    outer loop
      vertex   1.038286e+02 2.700000e+01 2.633975e+00
      vertex   1.073429e+02 2.715798e+01 2.560307e+00
      vertex   1.073429e+02 2.700000e+01 2.633975e+00
    endloop
  endfacet
  facet normal -0.000000e+00 -4.226183e-01 -9.063078e-01
    outer loop
      vertex   1.003143e+02 2.715798e+01 2.560307e+00
      vertex   9.680000e+01 2.700000e+01 2.633975e+00
      vertex   9.680000e+01 2.715798e+01 2.560307e+00
    endloop
  endfacet
  facet normal 3.110039e-19 -4.226183e-01 -9.063078e-01
    outer loop
      vertex   9.680000e+01 2.715798e+01 2.560307e+00
      vertex   9.680000e+01 2.700000e+01 2.633975e+00
      vertex   9.328571e+01 2.700000e+01 2.633975e+00
    endloop
  endfacet
  facet normal -0.000000e+00 -4.226183e-01 -9.063078e-01
    outer loop
      vertex   9.680000e+01 2.715798e+01 2.560307e+00
      vertex   9.328571e+01 2.700000e+01 2.633975e+00
      vertex   9.328571e+01 2.715798e+01 2.560307e+00
    endloop
  endfacet
  facet normal 3.110039e-19 -4.226183e-01 -9.063078e-01
    outer loop
      vertex   9.328571e+01 2.715798e+01 2.560307e+00
      vertex   9.328571e+01 2.700000e+01 2.633975e+00
      vertex   8.977143e+01 2.700000e+01 2.633975e+00
    endloop
  endfacet
  facet normal 0.000000e+00 -4.226183e-01 -9.063078e-01
    outer loop
      vertex   8.274286e+01 2.700000e+01 2.633975e+00
      vertex   8.625714e+01 2.715798e+01 2.560307e+00
      vertex   8.625714e+01 2.700000e+01 2.633975e+00
    endloop
  endfacet
  facet normal 3.110039e-19 -4.226183e-01 -9.063078e-01
    outer loop
      vertex   8.625714e+01 2.700000e+01 2.633975e+00
      vertex   8.625714e+01 2.715798e+01 2.560307e+00
      vertex   8.977143e+01 2.715798e+01 2.560307e+00
    endloop
  endfacet
  facet normal -1.142163e-16 -4.226183e-01 -9.063078e-01
    outer loop
      vertex   7.571429e+01 2.700000e+01 2.633975e+00
      vertex   7.571429e+01 2.715798e+01 2.560307e+00
      vertex   7.922857e+01 2.715798e+01 2.560307e+00
    endloop
  endfacet
  facet normal 5.469269e-19 -5.735764e-01 -8.191520e-01
    outer loop
      vertex   1.143714e+02 2.685721e+01 2.733955e+00
      vertex   1.143714e+02 2.700000e+01 2.633975e+00
      vertex   1.178857e+02 2.700000e+01 2.633975e+00
    endloop
  endfacet
  facet normal 0.000000e+00 -5.735764e-01 -8.191520e-01
    outer loop
      vertex   1.143714e+02 2.685721e+01 2.733955e+00
      vertex   1.178857e+02 2.700000e+01 2.633975e+00
      vertex   1.178857e+02 2.685721e+01 2.733955e+00
    endloop
  endfacet
  facet normal 0.000000e+00 -5.735764e-01 -8.191520e-01
    outer loop
      vertex   1.038286e+02 2.700000e+01 2.633975e+00
      vertex   1.073429e+02 2.700000e+01 2.633975e+00
      vertex   1.038286e+02 2.685721e+01 2.733955e+00
    endloop
  endfacet
  facet normal 0.000000e+00 -5.735764e-01 -8.191520e-01
    outer loop
      vertex   1.038286e+02 2.685721e+01 2.733955e+00
      vertex   1.073429e+02 2.700000e+01 2.633975e+00
      vertex   1.073429e+02 2.685721e+01 2.733955e+00
    endloop
  endfacet
  facet normal 0.000000e+00 -7.071068e-01 -7.071068e-01
    outer loop
      vertex   1.038286e+02 2.685721e+01 2.733955e+00
      vertex   1.073429e+02 2.685721e+01 2.733955e+00
      vertex   1.038286e+02 2.673396e+01 2.857212e+00
    endloop
  endfacet
  facet normal 0.000000e+00 -7.071068e-01 -7.071068e-01
    outer loop
      vertex   1.038286e+02 2.673396e+01 2.857212e+00
      vertex   1.073429e+02 2.685721e+01 2.733955e+00
      vertex   1.073429e+02 2.673396e+01 2.857212e+00
    endloop
  endfacet
  facet normal 0.000000e+00 -8.191520e-01 -5.735764e-01
    outer loop
      vertex   1.038286e+02 2.673396e+01 2.857212e+00
      vertex   1.073429e+02 2.673396e+01 2.857212e+00
      vertex   1.038286e+02 2.663397e+01 3.000000e+00
    endloop
  endfacet
  facet normal 0.000000e+00 -8.191520e-01 -5.735764e-01
    outer loop
      vertex   1.038286e+02 2.663397e+01 3.000000e+00
      vertex   1.073429e+02 2.673396e+01 2.857212e+00
      vertex   1.073429e+02 2.663397e+01 3.000000e+00
    endloop
  endfacet
  facet normal 0.000000e+00 -9.063078e-01 -4.226183e-01
    outer loop
      vertex   1.038286e+02 2.663397e+01 3.000000e+00
      vertex   1.073429e+02 2.663397e+01 3.000000e+00
      vertex   1.038286e+02 2.656031e+01 3.157980e+00
    endloop
  endfacet
  facet normal -0.000000e+00 -5.735764e-01 -8.191520e-01
    outer loop
      vertex   9.680000e+01 2.700000e+01 2.633975e+00
      vertex   9.328571e+01 2.685721e+01 2.733955e+00
      vertex   9.328571e+01 2.700000e+01 2.633975e+00
    endloop
  endfacet
  facet normal -7.171225e-19 -5.735764e-01 -8.191520e-01
    outer loop
      vertex   9.328571e+01 2.700000e+01 2.633975e+00
      vertex   9.328571e+01 2.685721e+01 2.733955e+00
      vertex   8.977143e+01 2.685721e+01 2.733955e+00
    endloop
  endfacet
  facet normal -0.000000e+00 -5.735764e-01 -8.191520e-01
    outer loop
      vertex   9.328571e+01 2.700000e+01 2.633975e+00
      vertex   8.977143e+01 2.685721e+01 2.733955e+00
      vertex   8.977143e+01 2.700000e+01 2.633975e+00
    endloop
  endfacet
  facet normal 1.027965e-16 -5.735764e-01 -8.191520e-01
    outer loop
      vertex   8.977143e+01 2.700000e+01 2.633975e+00
      vertex   8.977143e+01 2.685721e+01 2.733955e+00
      vertex   8.625714e+01 2.685721e+01 2.733955e+00
    endloop
  endfacet
  facet normal 0.000000e+00 -5.735764e-01 -8.191520e-01
    outer loop
      vertex   7.922857e+01 2.685721e+01 2.733955e+00
      vertex   8.274286e+01 2.700000e+01 2.633975e+00
      vertex   8.274286e+01 2.685721e+01 2.733955e+00
    endloop
  endfacet
  facet normal 8.506581e-19 -5.735764e-01 -8.191520e-01
    outer loop
      vertex   8.274286e+01 2.685721e+01 2.733955e+00
      vertex   8.274286e+01 2.700000e+01 2.633975e+00
      vertex   8.625714e+01 2.700000e+01 2.633975e+00
    endloop
  endfacet
  facet normal -3.000037e-19 -7.071068e-01 -7.071068e-01
    outer loop
      vertex   1.143714e+02 2.673396e+01 2.857212e+00
      vertex   1.143714e+02 2.685721e+01 2.733955e+00
      vertex   1.178857e+02 2.685721e+01 2.733955e+00
    endloop
  endfacet
  facet normal 0.000000e+00 -7.071068e-01 -7.071068e-01
    outer loop
      vertex   1.143714e+02 2.673396e+01 2.857212e+00
      vertex   1.178857e+02 2.685721e+01 2.733955e+00
      vertex   1.178857e+02 2.673396e+01 2.857212e+00
    endloop
  endfacet
  facet normal 5.469269e-19 -5.735764e-01 -8.191520e-01
    outer loop
      vertex   1.038286e+02 2.700000e+01 2.633975e+00
      vertex   1.038286e+02 2.685721e+01 2.733955e+00
      vertex   1.003143e+02 2.685721e+01 2.733955e+00
    endloop
  endfacet
  facet normal 0.000000e+00 -7.071068e-01 -7.071068e-01
    outer loop
      vertex   1.003143e+02 2.685721e+01 2.733955e+00
      vertex   1.038286e+02 2.685721e+01 2.733955e+00
      vertex   1.003143e+02 2.673396e+01 2.857212e+00
    endloop
  endfacet
  facet normal -8.965486e-17 -7.071068e-01 -7.071068e-01
    outer loop
      vertex   1.003143e+02 2.685721e+01 2.733955e+00
      vertex   1.003143e+02 2.673396e+01 2.857212e+00
      vertex   9.680000e+01 2.673396e+01 2.857212e+00
    endloop
  endfacet
  facet normal -7.248105e-17 -8.191520e-01 -5.735764e-01
    outer loop
      vertex   9.680000e+01 2.673396e+01 2.857212e+00
      vertex   1.003143e+02 2.673396e+01 2.857212e+00
      vertex   9.680000e+01 2.663397e+01 3.000000e+00
    endloop
  endfacet
  facet normal -1.298594e-19 -8.191520e-01 -5.735764e-01
    outer loop
      vertex   9.680000e+01 2.673396e+01 2.857212e+00
      vertex   9.680000e+01 2.663397e+01 3.000000e+00
      vertex   9.328571e+01 2.663397e+01 3.000000e+00
    endloop
  endfacet
  facet normal 0.000000e+00 -9.063078e-01 -4.226183e-01
    outer loop
      vertex   9.328571e+01 2.663397e+01 3.000000e+00
      vertex   9.680000e+01 2.663397e+01 3.000000e+00
      vertex   9.328571e+01 2.656031e+01 3.157980e+00
    endloop
  endfacet
  facet normal 4.632378e-19 -9.063078e-01 -4.226183e-01
    outer loop
      vertex   9.328571e+01 2.663397e+01 3.000000e+00
      vertex   9.328571e+01 2.656031e+01 3.157980e+00
      vertex   8.977143e+01 2.656031e+01 3.157980e+00
    endloop
  endfacet
  facet normal 0.000000e+00 -9.659258e-01 -2.588190e-01
    outer loop
      vertex   8.977143e+01 2.656031e+01 3.157980e+00
      vertex   9.328571e+01 2.656031e+01 3.157980e+00
      vertex   8.977143e+01 2.651519e+01 3.326352e+00
    endloop
  endfacet
  facet normal -6.832783e-19 -9.659258e-01 -2.588190e-01
    outer loop
      vertex   8.977143e+01 2.656031e+01 3.157980e+00
      vertex   8.977143e+01 2.651519e+01 3.326352e+00
      vertex   8.625714e+01 2.651519e+01 3.326352e+00
    endloop
  endfacet
  facet normal 0.000000e+00 -9.961947e-01 -8.715574e-02
    outer loop
      vertex   8.625714e+01 2.651519e+01 3.326352e+00
      vertex   8.977143e+01 2.651519e+01 3.326352e+00
      vertex   7.315994e+01 2.650000e+01 3.500000e+00
    endloop
  endfacet
  facet normal 0.000000e+00 -7.071068e-01 -7.071068e-01
    outer loop
      vertex   1.003143e+02 2.673396e+01 2.857212e+00
      vertex   1.038286e+02 2.685721e+01 2.733955e+00
      vertex   1.038286e+02 2.673396e+01 2.857212e+00
    endloop
  endfacet
  facet normal -0.000000e+00 -7.071068e-01 -7.071068e-01
    outer loop
      vertex   9.328571e+01 2.685721e+01 2.733955e+00
      vertex   8.977143e+01 2.673396e+01 2.857212e+00
      vertex   8.977143e+01 2.685721e+01 2.733955e+00
    endloop
  endfacet
  facet normal -1.777460e-16 -7.071068e-01 -7.071068e-01
    outer loop
      vertex   8.977143e+01 2.685721e+01 2.733955e+00
      vertex   8.977143e+01 2.673396e+01 2.857212e+00
      vertex   8.625714e+01 2.673396e+01 2.857212e+00
    endloop
  endfacet
  facet normal 8.935486e-17 -7.071068e-01 -7.071068e-01
    outer loop
      vertex   8.977143e+01 2.685721e+01 2.733955e+00
      vertex   8.625714e+01 2.673396e+01 2.857212e+00
      vertex   8.625714e+01 2.685721e+01 2.733955e+00
    endloop
  endfacet
  facet normal -9.088399e-19 -7.071068e-01 -7.071068e-01
    outer loop
      vertex   8.625714e+01 2.685721e+01 2.733955e+00
      vertex   8.625714e+01 2.673396e+01 2.857212e+00
      vertex   8.274286e+01 2.673396e+01 2.857212e+00
    endloop
  endfacet
  facet normal 0.000000e+00 -7.071068e-01 -7.071068e-01
    outer loop
      vertex   7.571429e+01 2.673396e+01 2.857212e+00
      vertex   7.922857e+01 2.685721e+01 2.733955e+00
      vertex   7.922857e+01 2.673396e+01 2.857212e+00
    endloop
  endfacet
  facet normal -9.088399e-19 -7.071068e-01 -7.071068e-01
    outer loop
      vertex   7.922857e+01 2.673396e+01 2.857212e+00
      vertex   7.922857e+01 2.685721e+01 2.733955e+00
      vertex   8.274286e+01 2.685721e+01 2.733955e+00
    endloop
  endfacet
  facet normal 1.016675e-18 -8.191520e-01 -5.735764e-01
    outer loop
      vertex   1.143714e+02 2.663397e+01 3.000000e+00
      vertex   1.143714e+02 2.673396e+01 2.857212e+00
      vertex   1.178857e+02 2.673396e+01 2.857212e+00
    endloop
  endfacet
  facet normal 0.000000e+00 -8.191520e-01 -5.735764e-01
    outer loop
      vertex   1.143714e+02 2.663397e+01 3.000000e+00
      vertex   1.178857e+02 2.673396e+01 2.857212e+00
      vertex   1.178857e+02 2.663397e+01 3.000000e+00
    endloop
  endfacet
  facet normal 0.000000e+00 -8.191520e-01 -5.735764e-01
    outer loop
      vertex   1.003143e+02 2.673396e+01 2.857212e+00
      vertex   1.038286e+02 2.673396e+01 2.857212e+00
      vertex   1.003143e+02 2.663397e+01 3.000000e+00
    endloop
  endfacet
  facet normal 0.000000e+00 -8.191520e-01 -5.735764e-01
    outer loop
      vertex   1.003143e+02 2.663397e+01 3.000000e+00
      vertex   1.038286e+02 2.673396e+01 2.857212e+00
      vertex   1.038286e+02 2.663397e+01 3.000000e+00
    endloop
  endfacet
  facet normal 0.000000e+00 -9.063078e-01 -4.226183e-01
    outer loop
      vertex   1.003143e+02 2.663397e+01 3.000000e+00
      vertex   1.038286e+02 2.663397e+01 3.000000e+00
      vertex   1.003143e+02 2.656031e+01 3.157980e+00
    endloop
  endfacet
  facet normal 0.000000e+00 -9.063078e-01 -4.226183e-01
    outer loop
      vertex   1.003143e+02 2.656031e+01 3.157980e+00
      vertex   1.038286e+02 2.663397e+01 3.000000e+00
      vertex   1.038286e+02 2.656031e+01 3.157980e+00
    endloop
  endfacet
  facet normal 0.000000e+00 -9.659258e-01 -2.588190e-01
    outer loop
      vertex   1.003143e+02 2.656031e+01 3.157980e+00
      vertex   1.038286e+02 2.656031e+01 3.157980e+00
      vertex   1.003143e+02 2.651519e+01 3.326352e+00
    endloop
  endfacet
  facet normal -1.449621e-16 -8.191520e-01 -5.735764e-01
    outer loop
      vertex   8.977143e+01 2.673396e+01 2.857212e+00
      vertex   8.625714e+01 2.663397e+01 3.000000e+00
      vertex   8.625714e+01 2.673396e+01 2.857212e+00
    endloop
  endfacet
  facet normal -1.276394e-18 -8.191520e-01 -5.735764e-01
    outer loop
      vertex   8.625714e+01 2.673396e+01 2.857212e+00
      vertex   8.625714e+01 2.663397e+01 3.000000e+00
      vertex   8.274286e+01 2.663397e+01 3.000000e+00
    endloop
  endfacet
  facet normal -0.000000e+00 -8.191520e-01 -5.735764e-01
    outer loop
      vertex   8.625714e+01 2.673396e+01 2.857212e+00
      vertex   8.274286e+01 2.663397e+01 3.000000e+00
      vertex   8.274286e+01 2.673396e+01 2.857212e+00
    endloop
  endfacet
  facet normal -1.276394e-18 -8.191520e-01 -5.735764e-01
    outer loop
      vertex   8.274286e+01 2.673396e+01 2.857212e+00
      vertex   8.274286e+01 2.663397e+01 3.000000e+00
      vertex   7.922857e+01 2.663397e+01 3.000000e+00
    endloop
  endfacet
  facet normal -1.276394e-18 -8.191520e-01 -5.735764e-01
    outer loop
      vertex   7.571429e+01 2.663397e+01 3.000000e+00
      vertex   7.571429e+01 2.673396e+01 2.857212e+00
      vertex   7.922857e+01 2.673396e+01 2.857212e+00
    endloop
  endfacet
  facet normal 6.340477e-20 -9.063078e-01 -4.226183e-01
    outer loop
      vertex   1.143714e+02 2.656031e+01 3.157980e+00
      vertex   1.143714e+02 2.663397e+01 3.000000e+00
      vertex   1.178857e+02 2.663397e+01 3.000000e+00
    endloop
  endfacet
  facet normal 0.000000e+00 -9.063078e-01 -4.226183e-01
    outer loop
      vertex   1.143714e+02 2.656031e+01 3.157980e+00
      vertex   1.178857e+02 2.663397e+01 3.000000e+00
      vertex   1.178857e+02 2.656031e+01 3.157980e+00
    endloop
  endfacet
  facet normal 0.000000e+00 -9.063078e-01 -4.226183e-01
    outer loop
      vertex   1.073429e+02 2.656031e+01 3.157980e+00
      vertex   1.108571e+02 2.663397e+01 3.000000e+00
      vertex   1.108571e+02 2.656031e+01 3.157980e+00
    endloop
  endfacet
  facet normal 1.016675e-18 -8.191520e-01 -5.735764e-01
    outer loop
      vertex   1.003143e+02 2.673396e+01 2.857212e+00
      vertex   1.003143e+02 2.663397e+01 3.000000e+00
      vertex   9.680000e+01 2.663397e+01 3.000000e+00
    endloop
  endfacet
  facet normal 0.000000e+00 -9.063078e-01 -4.226183e-01
    outer loop
      vertex   9.680000e+01 2.663397e+01 3.000000e+00
      vertex   1.003143e+02 2.663397e+01 3.000000e+00
      vertex   9.680000e+01 2.656031e+01 3.157980e+00
    endloop
  endfacet
  facet normal 4.632378e-19 -9.063078e-01 -4.226183e-01
    outer loop
      vertex   9.680000e+01 2.663397e+01 3.000000e+00
      vertex   9.680000e+01 2.656031e+01 3.157980e+00
      vertex   9.328571e+01 2.656031e+01 3.157980e+00
    endloop
  endfacet
  facet normal 0.000000e+00 -9.659258e-01 -2.588190e-01
    outer loop
      vertex   9.328571e+01 2.656031e+01 3.157980e+00
      vertex   9.680000e+01 2.656031e+01 3.157980e+00
      vertex   9.328571e+01 2.651519e+01 3.326352e+00
    endloop
  endfacet
  facet normal -6.832783e-19 -9.659258e-01 -2.588190e-01
    outer loop
      vertex   9.328571e+01 2.656031e+01 3.157980e+00
      vertex   9.328571e+01 2.651519e+01 3.326352e+00
      vertex   8.977143e+01 2.651519e+01 3.326352e+00
    endloop
  endfacet
  facet normal 0.000000e+00 -9.961947e-01 -8.715574e-02
    outer loop
      vertex   8.977143e+01 2.651519e+01 3.326352e+00
      vertex   9.328571e+01 2.651519e+01 3.326352e+00
      vertex   7.315994e+01 2.650000e+01 3.500000e+00
    endloop
  endfacet
  facet normal -5.340494e-17 -9.063078e-01 -4.226183e-01
    outer loop
      vertex   9.680000e+01 2.656031e+01 3.157980e+00
      vertex   1.003143e+02 2.663397e+01 3.000000e+00
      vertex   1.003143e+02 2.656031e+01 3.157980e+00
    endloop
  endfacet
  facet normal -0.000000e+00 -9.063078e-01 -4.226183e-01
    outer loop
      vertex   8.625714e+01 2.663397e+01 3.000000e+00
      vertex   8.274286e+01 2.656031e+01 3.157980e+00
      vertex   8.274286e+01 2.663397e+01 3.000000e+00
    endloop
  endfacet
  facet normal 6.340477e-20 -9.063078e-01 -4.226183e-01
    outer loop
      vertex   8.274286e+01 2.663397e+01 3.000000e+00
      vertex   8.274286e+01 2.656031e+01 3.157980e+00
      vertex   7.922857e+01 2.656031e+01 3.157980e+00
    endloop
  endfacet
  facet normal -0.000000e+00 -9.063078e-01 -4.226183e-01
    outer loop
      vertex   8.274286e+01 2.663397e+01 3.000000e+00
      vertex   7.922857e+01 2.656031e+01 3.157980e+00
      vertex   7.922857e+01 2.663397e+01 3.000000e+00
    endloop
  endfacet
  facet normal 6.340477e-20 -9.063078e-01 -4.226183e-01
    outer loop
      vertex   7.922857e+01 2.663397e+01 3.000000e+00
      vertex   7.922857e+01 2.656031e+01 3.157980e+00
      vertex   7.571429e+01 2.656031e+01 3.157980e+00
    endloop
  endfacet
  facet normal -6.832783e-19 -9.659258e-01 -2.588190e-01
    outer loop
      vertex   1.143714e+02 2.651519e+01 3.326352e+00
      vertex   1.143714e+02 2.656031e+01 3.157980e+00
      vertex   1.178857e+02 2.656031e+01 3.157980e+00
    endloop
  endfacet
  facet normal 0.000000e+00 -9.659258e-01 -2.588190e-01
    outer loop
      vertex   1.143714e+02 2.651519e+01 3.326352e+00
      vertex   1.178857e+02 2.656031e+01 3.157980e+00
      vertex   1.178857e+02 2.651519e+01 3.326352e+00
    endloop
  endfacet
  facet normal 0.000000e+00 -9.659258e-01 -2.588190e-01
    outer loop
      vertex   1.073429e+02 2.656031e+01 3.157980e+00
      vertex   1.108571e+02 2.656031e+01 3.157980e+00
      vertex   1.073429e+02 2.651519e+01 3.326352e+00
    endloop
  endfacet
  facet normal -3.270615e-17 -9.659258e-01 -2.588190e-01
    outer loop
      vertex   1.073429e+02 2.651519e+01 3.326352e+00
      vertex   1.108571e+02 2.656031e+01 3.157980e+00
      vertex   1.108571e+02 2.651519e+01 3.326352e+00
    endloop
  endfacet
  facet normal -1.101360e-17 -9.961947e-01 -8.715574e-02
    outer loop
      vertex   1.073429e+02 2.651519e+01 3.326352e+00
      vertex   1.108571e+02 2.651519e+01 3.326352e+00
      vertex   1.214000e+02 2.650000e+01 3.500000e+00
    endloop
  endfacet
  facet normal -0.000000e+00 -9.659258e-01 -2.588190e-01
    outer loop
      vertex   1.003143e+02 2.651519e+01 3.326352e+00
      vertex   9.680000e+01 2.651519e+01 3.326352e+00
      vertex   1.003143e+02 2.656031e+01 3.157980e+00
    endloop
  endfacet
  facet normal -3.270615e-17 -9.659258e-01 -2.588190e-01
    outer loop
      vertex   1.003143e+02 2.656031e+01 3.157980e+00
      vertex   9.680000e+01 2.651519e+01 3.326352e+00
      vertex   9.680000e+01 2.656031e+01 3.157980e+00
    endloop
  endfacet
  facet normal 5.925352e-19 -9.659258e-01 -2.588190e-01
    outer loop
      vertex   7.571429e+01 2.651519e+01 3.326352e+00
      vertex   7.571429e+01 2.656031e+01 3.157980e+00
      vertex   7.922857e+01 2.656031e+01 3.157980e+00
    endloop
  endfacet
  facet normal -3.270615e-17 -9.659258e-01 -2.588190e-01
    outer loop
      vertex   7.571429e+01 2.651519e+01 3.326352e+00
      vertex   7.922857e+01 2.656031e+01 3.157980e+00
      vertex   7.922857e+01 2.651519e+01 3.326352e+00
    endloop
  endfacet
  facet normal -6.832783e-19 -9.659258e-01 -2.588190e-01
    outer loop
      vertex   7.922857e+01 2.651519e+01 3.326352e+00
      vertex   7.922857e+01 2.656031e+01 3.157980e+00
      vertex   8.274286e+01 2.656031e+01 3.157980e+00
    endloop
  endfacet
  facet normal -1.811162e-19 -9.961947e-01 -8.715574e-02
    outer loop
      vertex   1.214000e+02 2.650000e+01 3.500000e+00
      vertex   1.038286e+02 2.651519e+01 3.326352e+00
      vertex   1.073429e+02 2.651519e+01 3.326352e+00
    endloop
  endfacet
  facet normal -0.000000e+00 -9.659258e-01 -2.588190e-01
    outer loop
      vertex   1.073429e+02 2.651519e+01 3.326352e+00
      vertex   1.038286e+02 2.651519e+01 3.326352e+00
      vertex   1.073429e+02 2.656031e+01 3.157980e+00
    endloop
  endfacet
  facet normal -1.006059e-19 -9.961947e-01 -8.715574e-02
    outer loop
      vertex   7.315994e+01 2.650000e+01 3.500000e+00
      vertex   9.328571e+01 2.651519e+01 3.326352e+00
      vertex   9.680000e+01 2.651519e+01 3.326352e+00
    endloop
  endfacet
  facet normal -0.000000e+00 -9.659258e-01 -2.588190e-01
    outer loop
      vertex   9.680000e+01 2.651519e+01 3.326352e+00
      vertex   9.328571e+01 2.651519e+01 3.326352e+00
      vertex   9.680000e+01 2.656031e+01 3.157980e+00
    endloop
  endfacet
  facet normal -0.000000e+00 -9.999975e-01 -2.230037e-03
    outer loop
      vertex   4.824006e+01 2.650000e+01 3.500000e+00
      vertex   0.000000e+00 2.650000e+01 3.500000e+00
      vertex   4.824418e+01 2.650001e+01 3.495540e+00
    endloop
  endfacet
  facet normal -7.955382e-06 -9.960962e-01 -8.827413e-02
    outer loop
      vertex   4.824418e+01 2.650001e+01 3.495540e+00
      vertex   0.000000e+00 2.650000e+01 3.500000e+00
      vertex   2.460000e+01 2.651519e+01 3.326352e+00
    endloop
  endfacet
  facet normal 2.263422e-20 -9.959979e-01 -8.937708e-02
    outer loop
      vertex   4.824418e+01 2.650001e+01 3.495540e+00
      vertex   2.460000e+01 2.651519e+01 3.326352e+00
      vertex   2.811429e+01 2.651519e+01 3.326352e+00
    endloop
  endfacet
  facet normal -0.000000e+00 -9.659258e-01 -2.588190e-01
    outer loop
      vertex   2.811429e+01 2.651519e+01 3.326352e+00
      vertex   2.460000e+01 2.651519e+01 3.326352e+00
      vertex   2.811429e+01 2.656031e+01 3.157980e+00
    endloop
  endfacet
  facet normal -6.832783e-19 -9.659258e-01 -2.588190e-01
    outer loop
      vertex   2.811429e+01 2.651519e+01 3.326352e+00
      vertex   2.811429e+01 2.656031e+01 3.157980e+00
      vertex   3.162857e+01 2.656031e+01 3.157980e+00
    endloop
  endfacet
  facet normal -0.000000e+00 -9.063078e-01 -4.226183e-01
    outer loop
      vertex   3.162857e+01 2.656031e+01 3.157980e+00
      vertex   2.811429e+01 2.656031e+01 3.157980e+00
      vertex   3.162857e+01 2.663397e+01 3.000000e+00
    endloop
  endfacet
  facet normal 6.340477e-20 -9.063078e-01 -4.226183e-01
    outer loop
      vertex   3.162857e+01 2.656031e+01 3.157980e+00
      vertex   3.162857e+01 2.663397e+01 3.000000e+00
      vertex   3.514286e+01 2.663397e+01 3.000000e+00
    endloop
  endfacet
  facet normal -0.000000e+00 -8.191520e-01 -5.735764e-01
    outer loop
      vertex   3.514286e+01 2.663397e+01 3.000000e+00
      vertex   3.162857e+01 2.663397e+01 3.000000e+00
      vertex   3.514286e+01 2.673396e+01 2.857212e+00
    endloop
  endfacet
  facet normal -1.276394e-18 -8.191520e-01 -5.735764e-01
    outer loop
      vertex   3.514286e+01 2.663397e+01 3.000000e+00
      vertex   3.514286e+01 2.673396e+01 2.857212e+00
      vertex   3.865714e+01 2.673396e+01 2.857212e+00
    endloop
  endfacet
  facet normal -0.000000e+00 -7.071068e-01 -7.071068e-01
    outer loop
      vertex   3.865714e+01 2.673396e+01 2.857212e+00
      vertex   3.514286e+01 2.673396e+01 2.857212e+00
      vertex   3.865714e+01 2.685721e+01 2.733955e+00
    endloop
  endfacet
  facet normal -9.088399e-19 -7.071068e-01 -7.071068e-01
    outer loop
      vertex   3.865714e+01 2.673396e+01 2.857212e+00
      vertex   3.865714e+01 2.685721e+01 2.733955e+00
      vertex   4.217143e+01 2.685721e+01 2.733955e+00
    endloop
  endfacet
  facet normal -0.000000e+00 -5.735764e-01 -8.191520e-01
    outer loop
      vertex   4.217143e+01 2.685721e+01 2.733955e+00
      vertex   3.865714e+01 2.685721e+01 2.733955e+00
      vertex   4.217143e+01 2.700000e+01 2.633975e+00
    endloop
  endfacet
  facet normal 1.043643e-16 -5.735764e-01 -8.191520e-01
    outer loop
      vertex   4.217143e+01 2.685721e+01 2.733955e+00
      vertex   4.217143e+01 2.700000e+01 2.633975e+00
      vertex   4.568571e+01 2.700000e+01 2.633975e+00
    endloop
  endfacet
  facet normal 1.145273e-16 -4.226183e-01 -9.063078e-01
    outer loop
      vertex   4.568571e+01 2.700000e+01 2.633975e+00
      vertex   4.217143e+01 2.700000e+01 2.633975e+00
      vertex   4.568571e+01 2.715798e+01 2.560307e+00
    endloop
  endfacet
  facet normal -1.084471e-03 -4.226180e-01 -9.063073e-01
    outer loop
      vertex   4.568571e+01 2.700000e+01 2.633975e+00
      vertex   4.568571e+01 2.715798e+01 2.560307e+00
      vertex   4.910053e+01 2.706431e+01 2.599900e+00
    endloop
  endfacet
  facet normal 1.025357e-04 -3.861600e-01 -9.224318e-01
    outer loop
      vertex   4.910053e+01 2.706431e+01 2.599900e+00
      vertex   4.568571e+01 2.715798e+01 2.560307e+00
      vertex   4.914222e+01 2.716458e+01 2.557928e+00
    endloop
  endfacet
  facet normal -1.218343e-04 -2.820074e-01 -9.594122e-01
    outer loop
      vertex   4.914222e+01 2.716458e+01 2.557928e+00
      vertex   4.568571e+01 2.715798e+01 2.560307e+00
      vertex   4.917374e+01 2.727219e+01 2.526294e+00
    endloop
  endfacet
  facet normal -9.446183e-04 -2.588189e-01 -9.659254e-01
    outer loop
      vertex   4.917374e+01 2.727219e+01 2.526294e+00
      vertex   4.568571e+01 2.715798e+01 2.560307e+00
      vertex   4.568571e+01 2.732635e+01 2.515192e+00
    endloop
  endfacet
  facet normal 4.638721e-04 -1.720411e-01 -9.850897e-01
    outer loop
      vertex   4.917374e+01 2.727219e+01 2.526294e+00
      vertex   4.568571e+01 2.732635e+01 2.515192e+00
      vertex   4.919331e+01 2.738448e+01 2.506692e+00
    endloop
  endfacet
  facet normal -1.462256e-03 -5.774948e-02 -9.983300e-01
    outer loop
      vertex   4.919331e+01 2.738448e+01 2.506692e+00
      vertex   4.568571e+01 2.732635e+01 2.515192e+00
      vertex   4.920000e+01 2.750000e+01 2.500000e+00
    endloop
  endfacet
  facet normal 2.152936e-20 -8.715574e-02 -9.961947e-01
    outer loop
      vertex   4.920000e+01 2.750000e+01 2.500000e+00
      vertex   4.568571e+01 2.732635e+01 2.515192e+00
      vertex   4.217143e+01 2.732635e+01 2.515192e+00
    endloop
  endfacet
  facet normal 2.152936e-20 -8.715574e-02 -9.961947e-01
    outer loop
      vertex   4.920000e+01 2.750000e+01 2.500000e+00
      vertex   4.217143e+01 2.732635e+01 2.515192e+00
      vertex   3.865714e+01 2.732635e+01 2.515192e+00
    endloop
  endfacet
  facet normal 0.000000e+00 -2.588190e-01 -9.659258e-01
    outer loop
      vertex   3.865714e+01 2.732635e+01 2.515192e+00
      vertex   4.217143e+01 2.732635e+01 2.515192e+00
      vertex   3.865714e+01 2.715798e+01 2.560307e+00
    endloop
  endfacet
  facet normal 6.018505e-19 -2.588190e-01 -9.659258e-01
    outer loop
      vertex   3.865714e+01 2.732635e+01 2.515192e+00
      vertex   3.865714e+01 2.715798e+01 2.560307e+00
      vertex   3.514286e+01 2.715798e+01 2.560307e+00
    endloop
  endfacet
  facet normal 0.000000e+00 -4.226183e-01 -9.063078e-01
    outer loop
      vertex   3.514286e+01 2.715798e+01 2.560307e+00
      vertex   3.865714e+01 2.715798e+01 2.560307e+00
      vertex   3.514286e+01 2.700000e+01 2.633975e+00
    endloop
  endfacet
  facet normal 3.110039e-19 -4.226183e-01 -9.063078e-01
    outer loop
      vertex   3.514286e+01 2.715798e+01 2.560307e+00
      vertex   3.514286e+01 2.700000e+01 2.633975e+00
      vertex   3.162857e+01 2.700000e+01 2.633975e+00
    endloop
  endfacet
  facet normal 0.000000e+00 -5.735764e-01 -8.191520e-01
    outer loop
      vertex   3.162857e+01 2.700000e+01 2.633975e+00
      vertex   3.514286e+01 2.700000e+01 2.633975e+00
      vertex   3.162857e+01 2.685721e+01 2.733955e+00
    endloop
  endfacet
  facet normal -7.171225e-19 -5.735764e-01 -8.191520e-01
    outer loop
      vertex   3.162857e+01 2.700000e+01 2.633975e+00
      vertex   3.162857e+01 2.685721e+01 2.733955e+00
      vertex   2.811429e+01 2.685721e+01 2.733955e+00
    endloop
  endfacet
  facet normal 0.000000e+00 -7.071068e-01 -7.071068e-01
    outer loop
      vertex   2.811429e+01 2.685721e+01 2.733955e+00
      vertex   3.162857e+01 2.685721e+01 2.733955e+00
      vertex   2.811429e+01 2.673396e+01 2.857212e+00
    endloop
  endfacet
  facet normal 9.637023e-19 -7.071068e-01 -7.071068e-01
    outer loop
      vertex   2.811429e+01 2.685721e+01 2.733955e+00
      vertex   2.811429e+01 2.673396e+01 2.857212e+00
      vertex   2.460000e+01 2.673396e+01 2.857212e+00
    endloop
  endfacet
  facet normal 0.000000e+00 -8.191520e-01 -5.735764e-01
    outer loop
      vertex   2.460000e+01 2.673396e+01 2.857212e+00
      vertex   2.811429e+01 2.673396e+01 2.857212e+00
      vertex   2.460000e+01 2.663397e+01 3.000000e+00
    endloop
  endfacet
  facet normal -1.298594e-19 -8.191520e-01 -5.735764e-01
    outer loop
      vertex   2.460000e+01 2.673396e+01 2.857212e+00
      vertex   2.460000e+01 2.663397e+01 3.000000e+00
      vertex   2.108571e+01 2.663397e+01 3.000000e+00
    endloop
  endfacet
  facet normal 0.000000e+00 -9.063078e-01 -4.226183e-01
    outer loop
      vertex   2.108571e+01 2.663397e+01 3.000000e+00
      vertex   2.460000e+01 2.663397e+01 3.000000e+00
      vertex   2.108571e+01 2.656031e+01 3.157980e+00
    endloop
  endfacet
  facet normal 4.632378e-19 -9.063078e-01 -4.226183e-01
    outer loop
      vertex   2.108571e+01 2.663397e+01 3.000000e+00
      vertex   2.108571e+01 2.656031e+01 3.157980e+00
      vertex   1.757143e+01 2.656031e+01 3.157980e+00
    endloop
  endfacet
  facet normal 0.000000e+00 -9.659258e-01 -2.588190e-01
    outer loop
      vertex   1.757143e+01 2.656031e+01 3.157980e+00
      vertex   2.108571e+01 2.656031e+01 3.157980e+00
      vertex   1.757143e+01 2.651519e+01 3.326352e+00
    endloop
  endfacet
  facet normal -6.832783e-19 -9.659258e-01 -2.588190e-01
    outer loop
      vertex   1.757143e+01 2.656031e+01 3.157980e+00
      vertex   1.757143e+01 2.651519e+01 3.326352e+00
      vertex   1.405714e+01 2.651519e+01 3.326352e+00
    endloop
  endfacet
  facet normal 0.000000e+00 -9.961947e-01 -8.715574e-02
    outer loop
      vertex   1.405714e+01 2.651519e+01 3.326352e+00
      vertex   1.757143e+01 2.651519e+01 3.326352e+00
      vertex   0.000000e+00 2.650000e+01 3.500000e+00
    endloop
  endfacet
  facet normal 1.101360e-17 -9.961947e-01 -8.715574e-02
    outer loop
      vertex   1.405714e+01 2.651519e+01 3.326352e+00
      vertex   0.000000e+00 2.650000e+01 3.500000e+00
      vertex   1.054286e+01 2.651519e+01 3.326352e+00
    endloop
  endfacet
  facet normal -0.000000e+00 -9.961947e-01 -8.715574e-02
    outer loop
      vertex   1.054286e+01 2.651519e+01 3.326352e+00
      vertex   0.000000e+00 2.650000e+01 3.500000e+00
      vertex   7.028571e+00 2.651519e+01 3.326352e+00
    endloop
  endfacet
  facet normal -0.000000e+00 -9.659258e-01 -2.588190e-01
    outer loop
      vertex   1.054286e+01 2.651519e+01 3.326352e+00
      vertex   7.028571e+00 2.651519e+01 3.326352e+00
      vertex   1.054286e+01 2.656031e+01 3.157980e+00
    endloop
  endfacet
  facet normal -0.000000e+00 -9.659258e-01 -2.588190e-01
    outer loop
      vertex   1.054286e+01 2.656031e+01 3.157980e+00
      vertex   7.028571e+00 2.651519e+01 3.326352e+00
      vertex   7.028571e+00 2.656031e+01 3.157980e+00
    endloop
  endfacet
  facet normal -0.000000e+00 -9.063078e-01 -4.226183e-01
    outer loop
      vertex   1.054286e+01 2.656031e+01 3.157980e+00
      vertex   7.028571e+00 2.656031e+01 3.157980e+00
      vertex   1.054286e+01 2.663397e+01 3.000000e+00
    endloop
  endfacet
  facet normal -0.000000e+00 -9.063078e-01 -4.226183e-01
    outer loop
      vertex   1.054286e+01 2.663397e+01 3.000000e+00
      vertex   7.028571e+00 2.656031e+01 3.157980e+00
      vertex   7.028571e+00 2.663397e+01 3.000000e+00
    endloop
  endfacet
  facet normal -0.000000e+00 -8.191520e-01 -5.735764e-01
    outer loop
      vertex   1.054286e+01 2.663397e+01 3.000000e+00
      vertex   7.028571e+00 2.663397e+01 3.000000e+00
      vertex   1.054286e+01 2.673396e+01 2.857212e+00
    endloop
  endfacet
  facet normal -0.000000e+00 -8.191520e-01 -5.735764e-01
    outer loop
      vertex   1.054286e+01 2.673396e+01 2.857212e+00
      vertex   7.028571e+00 2.663397e+01 3.000000e+00
      vertex   7.028571e+00 2.673396e+01 2.857212e+00
    endloop
  endfacet
  facet normal -0.000000e+00 -7.071068e-01 -7.071068e-01
    outer loop
      vertex   1.054286e+01 2.673396e+01 2.857212e+00
      vertex   7.028571e+00 2.673396e+01 2.857212e+00
      vertex   1.054286e+01 2.685721e+01 2.733955e+00
    endloop
  endfacet
  facet normal -0.000000e+00 -7.071068e-01 -7.071068e-01
    outer loop
      vertex   1.054286e+01 2.685721e+01 2.733955e+00
      vertex   7.028571e+00 2.673396e+01 2.857212e+00
      vertex   7.028571e+00 2.685721e+01 2.733955e+00
    endloop
  endfacet
  facet normal -0.000000e+00 -5.735764e-01 -8.191520e-01
    outer loop
      vertex   1.054286e+01 2.685721e+01 2.733955e+00
      vertex   7.028571e+00 2.685721e+01 2.733955e+00
      vertex   1.054286e+01 2.700000e+01 2.633975e+00
    endloop
  endfacet
  facet normal -0.000000e+00 -5.735764e-01 -8.191520e-01
    outer loop
      vertex   1.054286e+01 2.700000e+01 2.633975e+00
      vertex   7.028571e+00 2.685721e+01 2.733955e+00
      vertex   7.028571e+00 2.700000e+01 2.633975e+00
    endloop
  endfacet
  facet normal -0.000000e+00 -4.226183e-01 -9.063078e-01
    outer loop
      vertex   1.054286e+01 2.700000e+01 2.633975e+00
      vertex   7.028571e+00 2.700000e+01 2.633975e+00
      vertex   1.054286e+01 2.715798e+01 2.560307e+00
    endloop
  endfacet
  facet normal -0.000000e+00 -4.226183e-01 -9.063078e-01
    outer loop
      vertex   1.054286e+01 2.715798e+01 2.560307e+00
      vertex   7.028571e+00 2.700000e+01 2.633975e+00
      vertex   7.028571e+00 2.715798e+01 2.560307e+00
    endloop
  endfacet
  facet normal -0.000000e+00 -2.588190e-01 -9.659258e-01
    outer loop
      vertex   1.054286e+01 2.715798e+01 2.560307e+00
      vertex   7.028571e+00 2.715798e+01 2.560307e+00
      vertex   1.054286e+01 2.732635e+01 2.515192e+00
    endloop
  endfacet
  facet normal -0.000000e+00 -2.588190e-01 -9.659258e-01
    outer loop
      vertex   1.054286e+01 2.732635e+01 2.515192e+00
      vertex   7.028571e+00 2.715798e+01 2.560307e+00
      vertex   7.028571e+00 2.732635e+01 2.515192e+00
    endloop
  endfacet
  facet normal -0.000000e+00 -8.715574e-02 -9.961947e-01
    outer loop
      vertex   1.054286e+01 2.732635e+01 2.515192e+00
      vertex   7.028571e+00 2.732635e+01 2.515192e+00
      vertex   0.000000e+00 2.750000e+01 2.500000e+00
    endloop
  endfacet
  facet normal 2.152936e-20 -8.715574e-02 -9.961947e-01
    outer loop
      vertex   0.000000e+00 2.750000e+01 2.500000e+00
      vertex   7.028571e+00 2.732635e+01 2.515192e+00
      vertex   3.514286e+00 2.732635e+01 2.515192e+00
    endloop
  endfacet
  facet normal 2.152936e-20 -8.715574e-02 -9.961947e-01
    outer loop
      vertex   0.000000e+00 2.750000e+01 2.500000e+00
      vertex   3.514286e+00 2.732635e+01 2.515192e+00
      vertex   0.000000e+00 2.732635e+01 2.515192e+00
    endloop
  endfacet
  facet normal 0.000000e+00 -2.588190e-01 -9.659258e-01
    outer loop
      vertex   0.000000e+00 2.732635e+01 2.515192e+00
      vertex   3.514286e+00 2.732635e+01 2.515192e+00
      vertex   0.000000e+00 2.715798e+01 2.560307e+00
    endloop
  endfacet
  facet normal 0.000000e+00 -2.588190e-01 -9.659258e-01
    outer loop
      vertex   0.000000e+00 2.715798e+01 2.560307e+00
      vertex   3.514286e+00 2.732635e+01 2.515192e+00
      vertex   3.514286e+00 2.715798e+01 2.560307e+00
    endloop
  endfacet
  facet normal 0.000000e+00 -4.226183e-01 -9.063078e-01
    outer loop
      vertex   0.000000e+00 2.715798e+01 2.560307e+00
      vertex   3.514286e+00 2.715798e+01 2.560307e+00
      vertex   0.000000e+00 2.700000e+01 2.633975e+00
    endloop
  endfacet
  facet normal -1.145273e-16 -4.226183e-01 -9.063078e-01
    outer loop
      vertex   0.000000e+00 2.700000e+01 2.633975e+00
      vertex   3.514286e+00 2.715798e+01 2.560307e+00
      vertex   3.514286e+00 2.700000e+01 2.633975e+00
    endloop
  endfacet
  facet normal -1.035137e-16 -5.735764e-01 -8.191520e-01
    outer loop
      vertex   0.000000e+00 2.700000e+01 2.633975e+00
      vertex   3.514286e+00 2.700000e+01 2.633975e+00
      vertex   0.000000e+00 2.685721e+01 2.733955e+00
    endloop
  endfacet
  facet normal 1.035137e-16 -5.735764e-01 -8.191520e-01
    outer loop
      vertex   0.000000e+00 2.685721e+01 2.733955e+00
      vertex   3.514286e+00 2.700000e+01 2.633975e+00
      vertex   3.514286e+00 2.685721e+01 2.733955e+00
    endloop
  endfacet
  facet normal 8.935486e-17 -7.071068e-01 -7.071068e-01
    outer loop
      vertex   0.000000e+00 2.685721e+01 2.733955e+00
      vertex   3.514286e+00 2.685721e+01 2.733955e+00
      vertex   0.000000e+00 2.673396e+01 2.857212e+00
    endloop
  endfacet
  facet normal -2.680646e-16 -7.071068e-01 -7.071068e-01
    outer loop
      vertex   0.000000e+00 2.673396e+01 2.857212e+00
      vertex   3.514286e+00 2.685721e+01 2.733955e+00
      vertex   3.514286e+00 2.673396e+01 2.857212e+00
    endloop
  endfacet
  facet normal -2.174431e-16 -8.191520e-01 -5.735764e-01
    outer loop
      vertex   0.000000e+00 2.673396e+01 2.857212e+00
      vertex   3.514286e+00 2.673396e+01 2.857212e+00
      vertex   0.000000e+00 2.663397e+01 3.000000e+00
    endloop
  endfacet
  facet normal 0.000000e+00 -8.191520e-01 -5.735764e-01
    outer loop
      vertex   0.000000e+00 2.663397e+01 3.000000e+00
      vertex   3.514286e+00 2.673396e+01 2.857212e+00
      vertex   3.514286e+00 2.663397e+01 3.000000e+00
    endloop
  endfacet
  facet normal 0.000000e+00 -9.063078e-01 -4.226183e-01
    outer loop
      vertex   0.000000e+00 2.663397e+01 3.000000e+00
      vertex   3.514286e+00 2.663397e+01 3.000000e+00
      vertex   0.000000e+00 2.656031e+01 3.157980e+00
    endloop
  endfacet
  facet normal 0.000000e+00 -9.063078e-01 -4.226183e-01
    outer loop
      vertex   0.000000e+00 2.656031e+01 3.157980e+00
      vertex   3.514286e+00 2.663397e+01 3.000000e+00
      vertex   3.514286e+00 2.656031e+01 3.157980e+00
    endloop
  endfacet
  facet normal 0.000000e+00 -9.659258e-01 -2.588190e-01
    outer loop
      vertex   0.000000e+00 2.656031e+01 3.157980e+00
      vertex   3.514286e+00 2.656031e+01 3.157980e+00
      vertex   0.000000e+00 2.651519e+01 3.326352e+00
    endloop
  endfacet
  facet normal -1.009194e-15 -9.659258e-01 -2.588190e-01
    outer loop
      vertex   0.000000e+00 2.651519e+01 3.326352e+00
      vertex   3.514286e+00 2.656031e+01 3.157980e+00
      vertex   3.514286e+00 2.651519e+01 3.326352e+00
    endloop
  endfacet
  facet normal -1.018101e-15 -9.961947e-01 -8.715574e-02
    outer loop
      vertex   0.000000e+00 2.651519e+01 3.326352e+00
      vertex   3.514286e+00 2.651519e+01 3.326352e+00
      vertex   0.000000e+00 2.650000e+01 3.500000e+00
    endloop
  endfacet
  facet normal 1.326075e-19 -9.961947e-01 -8.715574e-02
    outer loop
      vertex   0.000000e+00 2.650000e+01 3.500000e+00
      vertex   3.514286e+00 2.651519e+01 3.326352e+00
      vertex   7.028571e+00 2.651519e+01 3.326352e+00
    endloop
  endfacet
  facet normal -0.000000e+00 -8.715574e-02 -9.961947e-01
    outer loop
      vertex   4.920000e+01 2.750000e+01 2.500000e+00
      vertex   2.460000e+01 2.732635e+01 2.515192e+00
      vertex   0.000000e+00 2.750000e+01 2.500000e+00
    endloop
  endfacet
  facet normal 2.152936e-20 -8.715574e-02 -9.961947e-01
    outer loop
      vertex   0.000000e+00 2.750000e+01 2.500000e+00
      vertex   2.460000e+01 2.732635e+01 2.515192e+00
      vertex   2.108571e+01 2.732635e+01 2.515192e+00
    endloop
  endfacet
  facet normal 2.152936e-20 -8.715574e-02 -9.961947e-01
    outer loop
      vertex   0.000000e+00 2.750000e+01 2.500000e+00
      vertex   2.108571e+01 2.732635e+01 2.515192e+00
      vertex   1.757143e+01 2.732635e+01 2.515192e+00
    endloop
  endfacet
  facet normal 0.000000e+00 -2.588190e-01 -9.659258e-01
    outer loop
      vertex   1.757143e+01 2.732635e+01 2.515192e+00
      vertex   2.108571e+01 2.732635e+01 2.515192e+00
      vertex   1.757143e+01 2.715798e+01 2.560307e+00
    endloop
  endfacet
  facet normal 6.018505e-19 -2.588190e-01 -9.659258e-01
    outer loop
      vertex   1.757143e+01 2.732635e+01 2.515192e+00
      vertex   1.757143e+01 2.715798e+01 2.560307e+00
      vertex   1.405714e+01 2.715798e+01 2.560307e+00
    endloop
  endfacet
  facet normal 0.000000e+00 -4.226183e-01 -9.063078e-01
    outer loop
      vertex   1.405714e+01 2.715798e+01 2.560307e+00
      vertex   1.757143e+01 2.715798e+01 2.560307e+00
      vertex   1.405714e+01 2.700000e+01 2.633975e+00
    endloop
  endfacet
  facet normal -1.266769e-18 -4.226183e-01 -9.063078e-01
    outer loop
      vertex   1.405714e+01 2.715798e+01 2.560307e+00
      vertex   1.405714e+01 2.700000e+01 2.633975e+00
      vertex   1.054286e+01 2.700000e+01 2.633975e+00
    endloop
  endfacet
  facet normal 0.000000e+00 -5.735764e-01 -8.191520e-01
    outer loop
      vertex   1.054286e+01 2.700000e+01 2.633975e+00
      vertex   1.405714e+01 2.700000e+01 2.633975e+00
      vertex   1.054286e+01 2.685721e+01 2.733955e+00
    endloop
  endfacet
  facet normal 3.508605e-04 -4.826696e-01 -8.758025e-01
    outer loop
      vertex   4.910053e+01 2.706431e+01 2.599900e+00
      vertex   4.905024e+01 2.697203e+01 2.650739e+00
      vertex   4.568571e+01 2.700000e+01 2.633975e+00
    endloop
  endfacet
  facet normal -6.486013e-04 -5.702990e-01 -8.214369e-01
    outer loop
      vertex   4.568571e+01 2.700000e+01 2.633975e+00
      vertex   4.905024e+01 2.697203e+01 2.650739e+00
      vertex   4.899286e+01 2.688816e+01 2.709010e+00
    endloop
  endfacet
  facet normal -8.112776e-04 -5.735762e-01 -8.191518e-01
    outer loop
      vertex   4.568571e+01 2.700000e+01 2.633975e+00
      vertex   4.899286e+01 2.688816e+01 2.709010e+00
      vertex   4.568571e+01 2.685721e+01 2.733955e+00
    endloop
  endfacet
  facet normal 3.575184e-04 -6.504405e-01 -7.595571e-01
    outer loop
      vertex   4.568571e+01 2.685721e+01 2.733955e+00
      vertex   4.899286e+01 2.688816e+01 2.709010e+00
      vertex   4.892974e+01 2.681289e+01 2.773441e+00
    endloop
  endfacet
  facet normal -1.055191e-03 -7.071064e-01 -7.071064e-01
    outer loop
      vertex   4.568571e+01 2.685721e+01 2.733955e+00
      vertex   4.892974e+01 2.681289e+01 2.773441e+00
      vertex   4.568571e+01 2.673396e+01 2.857212e+00
    endloop
  endfacet
  facet normal -3.417389e-04 -7.211847e-01 -6.927427e-01
    outer loop
      vertex   4.568571e+01 2.673396e+01 2.857212e+00
      vertex   4.892974e+01 2.681289e+01 2.773441e+00
      vertex   4.886204e+01 2.674617e+01 2.842930e+00
    endloop
  endfacet
  facet normal 4.944424e-04 -8.116520e-01 -5.841411e-01
    outer loop
      vertex   4.568571e+01 2.673396e+01 2.857212e+00
      vertex   4.886204e+01 2.674617e+01 2.842930e+00
      vertex   4.871695e+01 2.663793e+01 2.993197e+00
    endloop
  endfacet
  facet normal -2.170772e-04 -8.191520e-01 -5.735764e-01
    outer loop
      vertex   4.568571e+01 2.673396e+01 2.857212e+00
      vertex   4.871695e+01 2.663793e+01 2.993197e+00
      vertex   4.568571e+01 2.663397e+01 3.000000e+00
    endloop
  endfacet
  facet normal 2.214121e-04 -9.039766e-01 -4.275819e-01
    outer loop
      vertex   4.568571e+01 2.663397e+01 3.000000e+00
      vertex   4.871695e+01 2.663793e+01 2.993197e+00
      vertex   4.856296e+01 2.656151e+01 3.154685e+00
    endloop
  endfacet
  facet normal -1.041488e-04 -9.063078e-01 -4.226183e-01
    outer loop
      vertex   4.568571e+01 2.663397e+01 3.000000e+00
      vertex   4.856296e+01 2.656151e+01 3.154685e+00
      vertex   4.568571e+01 2.656031e+01 3.157980e+00
    endloop
  endfacet
  facet normal 1.043950e-04 -9.650609e-01 -2.620257e-01
    outer loop
      vertex   4.568571e+01 2.656031e+01 3.157980e+00
      vertex   4.856296e+01 2.656151e+01 3.154685e+00
      vertex   4.840443e+01 2.651577e+01 3.323090e+00
    endloop
  endfacet
  facet normal -1.045133e-04 -9.659258e-01 -2.588190e-01
    outer loop
      vertex   4.568571e+01 2.656031e+01 3.157980e+00
      vertex   4.840443e+01 2.651577e+01 3.323090e+00
      vertex   4.568571e+01 2.651519e+01 3.326352e+00
    endloop
  endfacet
  facet normal 1.033031e-04 -9.958576e-01 -9.092664e-02
    outer loop
      vertex   4.568571e+01 2.651519e+01 3.326352e+00
      vertex   4.840443e+01 2.651577e+01 3.323090e+00
      vertex   4.824418e+01 2.650001e+01 3.495540e+00
    endloop
  endfacet
  facet normal 1.129430e-17 -9.959979e-01 -8.937708e-02
    outer loop
      vertex   4.568571e+01 2.651519e+01 3.326352e+00
      vertex   4.824418e+01 2.650001e+01 3.495540e+00
      vertex   4.217143e+01 2.651519e+01 3.326352e+00
    endloop
  endfacet
  facet normal -0.000000e+00 -9.959979e-01 -8.937708e-02
    outer loop
      vertex   4.217143e+01 2.651519e+01 3.326352e+00
      vertex   4.824418e+01 2.650001e+01 3.495540e+00
      vertex   3.865714e+01 2.651519e+01 3.326352e+00
    endloop
  endfacet
  facet normal -0.000000e+00 -9.659258e-01 -2.588190e-01
    outer loop
      vertex   4.217143e+01 2.651519e+01 3.326352e+00
      vertex   3.865714e+01 2.651519e+01 3.326352e+00
      vertex   4.217143e+01 2.656031e+01 3.157980e+00
    endloop
  endfacet
  facet normal -0.000000e+00 -9.659258e-01 -2.588190e-01
    outer loop
      vertex   4.217143e+01 2.656031e+01 3.157980e+00
      vertex   3.865714e+01 2.651519e+01 3.326352e+00
      vertex   3.865714e+01 2.656031e+01 3.157980e+00
    endloop
  endfacet
  facet normal -0.000000e+00 -9.063078e-01 -4.226183e-01
    outer loop
      vertex   4.217143e+01 2.656031e+01 3.157980e+00
      vertex   3.865714e+01 2.656031e+01 3.157980e+00
      vertex   4.217143e+01 2.663397e+01 3.000000e+00
    endloop
  endfacet
  facet normal -0.000000e+00 -9.063078e-01 -4.226183e-01
    outer loop
      vertex   4.217143e+01 2.663397e+01 3.000000e+00
      vertex   3.865714e+01 2.656031e+01 3.157980e+00
      vertex   3.865714e+01 2.663397e+01 3.000000e+00
    endloop
  endfacet
  facet normal -0.000000e+00 -8.191520e-01 -5.735764e-01
    outer loop
      vertex   4.217143e+01 2.663397e+01 3.000000e+00
      vertex   3.865714e+01 2.663397e+01 3.000000e+00
      vertex   4.217143e+01 2.673396e+01 2.857212e+00
    endloop
  endfacet
  facet normal -0.000000e+00 -8.191520e-01 -5.735764e-01
    outer loop
      vertex   4.217143e+01 2.673396e+01 2.857212e+00
      vertex   3.865714e+01 2.663397e+01 3.000000e+00
      vertex   3.865714e+01 2.673396e+01 2.857212e+00
    endloop
  endfacet
  facet normal -0.000000e+00 -7.071068e-01 -7.071068e-01
    outer loop
      vertex   4.217143e+01 2.673396e+01 2.857212e+00
      vertex   3.865714e+01 2.673396e+01 2.857212e+00
      vertex   4.217143e+01 2.685721e+01 2.733955e+00
    endloop
  endfacet
  facet normal -5.431768e-19 -9.659258e-01 -2.588190e-01
    outer loop
      vertex   7.028571e+00 2.656031e+01 3.157980e+00
      vertex   7.028571e+00 2.651519e+01 3.326352e+00
      vertex   3.514286e+00 2.651519e+01 3.326352e+00
    endloop
  endfacet
  facet normal -0.000000e+00 -9.659258e-01 -2.588190e-01
    outer loop
      vertex   7.028571e+00 2.656031e+01 3.157980e+00
      vertex   3.514286e+00 2.651519e+01 3.326352e+00
      vertex   3.514286e+00 2.656031e+01 3.157980e+00
    endloop
  endfacet
  facet normal 3.270615e-17 -9.659258e-01 -2.588190e-01
    outer loop
      vertex   1.405714e+01 2.651519e+01 3.326352e+00
      vertex   1.054286e+01 2.651519e+01 3.326352e+00
      vertex   1.405714e+01 2.656031e+01 3.157980e+00
    endloop
  endfacet
  facet normal -0.000000e+00 -9.659258e-01 -2.588190e-01
    outer loop
      vertex   1.405714e+01 2.656031e+01 3.157980e+00
      vertex   1.054286e+01 2.651519e+01 3.326352e+00
      vertex   1.054286e+01 2.656031e+01 3.157980e+00
    endloop
  endfacet
  facet normal -0.000000e+00 -9.063078e-01 -4.226183e-01
    outer loop
      vertex   1.405714e+01 2.656031e+01 3.157980e+00
      vertex   1.054286e+01 2.656031e+01 3.157980e+00
      vertex   1.405714e+01 2.663397e+01 3.000000e+00
    endloop
  endfacet
  facet normal -0.000000e+00 -9.063078e-01 -4.226183e-01
    outer loop
      vertex   1.405714e+01 2.663397e+01 3.000000e+00
      vertex   1.054286e+01 2.656031e+01 3.157980e+00
      vertex   1.054286e+01 2.663397e+01 3.000000e+00
    endloop
  endfacet
  facet normal -0.000000e+00 -8.191520e-01 -5.735764e-01
    outer loop
      vertex   1.405714e+01 2.663397e+01 3.000000e+00
      vertex   1.054286e+01 2.663397e+01 3.000000e+00
      vertex   1.405714e+01 2.673396e+01 2.857212e+00
    endloop
  endfacet
  facet normal 7.248105e-17 -8.191520e-01 -5.735764e-01
    outer loop
      vertex   1.405714e+01 2.673396e+01 2.857212e+00
      vertex   1.054286e+01 2.663397e+01 3.000000e+00
      vertex   1.054286e+01 2.673396e+01 2.857212e+00
    endloop
  endfacet
  facet normal 8.935486e-17 -7.071068e-01 -7.071068e-01
    outer loop
      vertex   1.405714e+01 2.673396e+01 2.857212e+00
      vertex   1.054286e+01 2.673396e+01 2.857212e+00
      vertex   1.405714e+01 2.685721e+01 2.733955e+00
    endloop
  endfacet
  facet normal -0.000000e+00 -7.071068e-01 -7.071068e-01
    outer loop
      vertex   1.405714e+01 2.685721e+01 2.733955e+00
      vertex   1.054286e+01 2.673396e+01 2.857212e+00
      vertex   1.054286e+01 2.685721e+01 2.733955e+00
    endloop
  endfacet
  facet normal -0.000000e+00 -5.735764e-01 -8.191520e-01
    outer loop
      vertex   1.405714e+01 2.685721e+01 2.733955e+00
      vertex   1.054286e+01 2.685721e+01 2.733955e+00
      vertex   1.405714e+01 2.700000e+01 2.633975e+00
    endloop
  endfacet
  facet normal -0.000000e+00 -9.961947e-01 -8.715574e-02
    outer loop
      vertex   2.460000e+01 2.651519e+01 3.326352e+00
      vertex   0.000000e+00 2.650000e+01 3.500000e+00
      vertex   2.108571e+01 2.651519e+01 3.326352e+00
    endloop
  endfacet
  facet normal -0.000000e+00 -9.961947e-01 -8.715574e-02
    outer loop
      vertex   2.108571e+01 2.651519e+01 3.326352e+00
      vertex   0.000000e+00 2.650000e+01 3.500000e+00
      vertex   1.757143e+01 2.651519e+01 3.326352e+00
    endloop
  endfacet
  facet normal -0.000000e+00 -9.659258e-01 -2.588190e-01
    outer loop
      vertex   2.108571e+01 2.651519e+01 3.326352e+00
      vertex   1.757143e+01 2.651519e+01 3.326352e+00
      vertex   2.108571e+01 2.656031e+01 3.157980e+00
    endloop
  endfacet
  facet normal -0.000000e+00 -9.659258e-01 -2.588190e-01
    outer loop
      vertex   2.460000e+01 2.651519e+01 3.326352e+00
      vertex   2.108571e+01 2.651519e+01 3.326352e+00
      vertex   2.460000e+01 2.656031e+01 3.157980e+00
    endloop
  endfacet
  facet normal -0.000000e+00 -9.659258e-01 -2.588190e-01
    outer loop
      vertex   2.460000e+01 2.656031e+01 3.157980e+00
      vertex   2.108571e+01 2.651519e+01 3.326352e+00
      vertex   2.108571e+01 2.656031e+01 3.157980e+00
    endloop
  endfacet
  facet normal -0.000000e+00 -9.063078e-01 -4.226183e-01
    outer loop
      vertex   2.460000e+01 2.656031e+01 3.157980e+00
      vertex   2.108571e+01 2.656031e+01 3.157980e+00
      vertex   2.460000e+01 2.663397e+01 3.000000e+00
    endloop
  endfacet
  facet normal 0.000000e+00 -9.959979e-01 -8.937708e-02
    outer loop
      vertex   2.811429e+01 2.651519e+01 3.326352e+00
      vertex   3.162857e+01 2.651519e+01 3.326352e+00
      vertex   4.824418e+01 2.650001e+01 3.495540e+00
    endloop
  endfacet
  facet normal 2.263422e-20 -9.959979e-01 -8.937708e-02
    outer loop
      vertex   4.824418e+01 2.650001e+01 3.495540e+00
      vertex   3.162857e+01 2.651519e+01 3.326352e+00
      vertex   3.514286e+01 2.651519e+01 3.326352e+00
    endloop
  endfacet
  facet normal 2.263422e-20 -9.959979e-01 -8.937708e-02
    outer loop
      vertex   4.824418e+01 2.650001e+01 3.495540e+00
      vertex   3.514286e+01 2.651519e+01 3.326352e+00
      vertex   3.865714e+01 2.651519e+01 3.326352e+00
    endloop
  endfacet
  facet normal -0.000000e+00 -9.659258e-01 -2.588190e-01
    outer loop
      vertex   3.865714e+01 2.651519e+01 3.326352e+00
      vertex   3.514286e+01 2.651519e+01 3.326352e+00
      vertex   3.865714e+01 2.656031e+01 3.157980e+00
    endloop
  endfacet
  facet normal 0.000000e+00 -9.659258e-01 -2.588190e-01
    outer loop
      vertex   2.811429e+01 2.651519e+01 3.326352e+00
      vertex   3.162857e+01 2.656031e+01 3.157980e+00
      vertex   3.162857e+01 2.651519e+01 3.326352e+00
    endloop
  endfacet
  facet normal -6.832783e-19 -9.659258e-01 -2.588190e-01
    outer loop
      vertex   3.162857e+01 2.651519e+01 3.326352e+00
      vertex   3.162857e+01 2.656031e+01 3.157980e+00
      vertex   3.514286e+01 2.656031e+01 3.157980e+00
    endloop
  endfacet
  facet normal 0.000000e+00 -9.659258e-01 -2.588190e-01
    outer loop
      vertex   3.162857e+01 2.651519e+01 3.326352e+00
      vertex   3.514286e+01 2.656031e+01 3.157980e+00
      vertex   3.514286e+01 2.651519e+01 3.326352e+00
    endloop
  endfacet
  facet normal -6.832783e-19 -9.659258e-01 -2.588190e-01
    outer loop
      vertex   3.514286e+01 2.651519e+01 3.326352e+00
      vertex   3.514286e+01 2.656031e+01 3.157980e+00
      vertex   3.865714e+01 2.656031e+01 3.157980e+00
    endloop
  endfacet
  facet normal 3.329868e-17 -9.659258e-01 -2.588190e-01
    outer loop
      vertex   4.568571e+01 2.656031e+01 3.157980e+00
      vertex   4.568571e+01 2.651519e+01 3.326352e+00
      vertex   4.217143e+01 2.651519e+01 3.326352e+00
    endloop
  endfacet
  facet normal -0.000000e+00 -9.659258e-01 -2.588190e-01
    outer loop
      vertex   4.568571e+01 2.656031e+01 3.157980e+00
      vertex   4.217143e+01 2.651519e+01 3.326352e+00
      vertex   4.217143e+01 2.656031e+01 3.157980e+00
    endloop
  endfacet
  facet normal 4.632378e-19 -9.063078e-01 -4.226183e-01
    outer loop
      vertex   7.028571e+00 2.663397e+01 3.000000e+00
      vertex   7.028571e+00 2.656031e+01 3.157980e+00
      vertex   3.514286e+00 2.656031e+01 3.157980e+00
    endloop
  endfacet
  facet normal -0.000000e+00 -9.063078e-01 -4.226183e-01
    outer loop
      vertex   7.028571e+00 2.663397e+01 3.000000e+00
      vertex   3.514286e+00 2.656031e+01 3.157980e+00
      vertex   3.514286e+00 2.663397e+01 3.000000e+00
    endloop
  endfacet
  facet normal -6.832783e-19 -9.659258e-01 -2.588190e-01
    outer loop
      vertex   1.405714e+01 2.651519e+01 3.326352e+00
      vertex   1.405714e+01 2.656031e+01 3.157980e+00
      vertex   1.757143e+01 2.656031e+01 3.157980e+00
    endloop
  endfacet
  facet normal -0.000000e+00 -9.063078e-01 -4.226183e-01
    outer loop
      vertex   1.757143e+01 2.656031e+01 3.157980e+00
      vertex   1.405714e+01 2.656031e+01 3.157980e+00
      vertex   1.757143e+01 2.663397e+01 3.000000e+00
    endloop
  endfacet
  facet normal 4.632378e-19 -9.063078e-01 -4.226183e-01
    outer loop
      vertex   1.757143e+01 2.656031e+01 3.157980e+00
      vertex   1.757143e+01 2.663397e+01 3.000000e+00
      vertex   2.108571e+01 2.663397e+01 3.000000e+00
    endloop
  endfacet
  facet normal -0.000000e+00 -8.191520e-01 -5.735764e-01
    outer loop
      vertex   2.108571e+01 2.663397e+01 3.000000e+00
      vertex   1.757143e+01 2.663397e+01 3.000000e+00
      vertex   2.108571e+01 2.673396e+01 2.857212e+00
    endloop
  endfacet
  facet normal -1.298594e-19 -8.191520e-01 -5.735764e-01
    outer loop
      vertex   2.108571e+01 2.663397e+01 3.000000e+00
      vertex   2.108571e+01 2.673396e+01 2.857212e+00
      vertex   2.460000e+01 2.673396e+01 2.857212e+00
    endloop
  endfacet
  facet normal -0.000000e+00 -7.071068e-01 -7.071068e-01
    outer loop
      vertex   2.460000e+01 2.673396e+01 2.857212e+00
      vertex   2.108571e+01 2.673396e+01 2.857212e+00
      vertex   2.460000e+01 2.685721e+01 2.733955e+00
    endloop
  endfacet
  facet normal 9.637023e-19 -7.071068e-01 -7.071068e-01
    outer loop
      vertex   2.460000e+01 2.673396e+01 2.857212e+00
      vertex   2.460000e+01 2.685721e+01 2.733955e+00
      vertex   2.811429e+01 2.685721e+01 2.733955e+00
    endloop
  endfacet
  facet normal -0.000000e+00 -5.735764e-01 -8.191520e-01
    outer loop
      vertex   2.811429e+01 2.685721e+01 2.733955e+00
      vertex   2.460000e+01 2.685721e+01 2.733955e+00
      vertex   2.811429e+01 2.700000e+01 2.633975e+00
    endloop
  endfacet
  facet normal -7.171225e-19 -5.735764e-01 -8.191520e-01
    outer loop
      vertex   2.811429e+01 2.685721e+01 2.733955e+00
      vertex   2.811429e+01 2.700000e+01 2.633975e+00
      vertex   3.162857e+01 2.700000e+01 2.633975e+00
    endloop
  endfacet
  facet normal -0.000000e+00 -4.226183e-01 -9.063078e-01
    outer loop
      vertex   3.162857e+01 2.700000e+01 2.633975e+00
      vertex   2.811429e+01 2.700000e+01 2.633975e+00
      vertex   3.162857e+01 2.715798e+01 2.560307e+00
    endloop
  endfacet
  facet normal 3.110039e-19 -4.226183e-01 -9.063078e-01
    outer loop
      vertex   3.162857e+01 2.700000e+01 2.633975e+00
      vertex   3.162857e+01 2.715798e+01 2.560307e+00
      vertex   3.514286e+01 2.715798e+01 2.560307e+00
    endloop
  endfacet
  facet normal -0.000000e+00 -2.588190e-01 -9.659258e-01
    outer loop
      vertex   3.514286e+01 2.715798e+01 2.560307e+00
      vertex   3.162857e+01 2.715798e+01 2.560307e+00
      vertex   3.514286e+01 2.732635e+01 2.515192e+00
    endloop
  endfacet
  facet normal 6.018505e-19 -2.588190e-01 -9.659258e-01
    outer loop
      vertex   3.514286e+01 2.715798e+01 2.560307e+00
      vertex   3.514286e+01 2.732635e+01 2.515192e+00
      vertex   3.865714e+01 2.732635e+01 2.515192e+00
    endloop
  endfacet
  facet normal -0.000000e+00 -8.715574e-02 -9.961947e-01
    outer loop
      vertex   3.865714e+01 2.732635e+01 2.515192e+00
      vertex   3.514286e+01 2.732635e+01 2.515192e+00
      vertex   4.920000e+01 2.750000e+01 2.500000e+00
    endloop
  endfacet
  facet normal -0.000000e+00 -9.063078e-01 -4.226183e-01
    outer loop
      vertex   1.757143e+01 2.663397e+01 3.000000e+00
      vertex   1.405714e+01 2.656031e+01 3.157980e+00
      vertex   1.405714e+01 2.663397e+01 3.000000e+00
    endloop
  endfacet
  facet normal -6.832783e-19 -9.659258e-01 -2.588190e-01
    outer loop
      vertex   2.460000e+01 2.651519e+01 3.326352e+00
      vertex   2.460000e+01 2.656031e+01 3.157980e+00
      vertex   2.811429e+01 2.656031e+01 3.157980e+00
    endloop
  endfacet
  facet normal -0.000000e+00 -9.063078e-01 -4.226183e-01
    outer loop
      vertex   2.811429e+01 2.656031e+01 3.157980e+00
      vertex   2.460000e+01 2.656031e+01 3.157980e+00
      vertex   2.811429e+01 2.663397e+01 3.000000e+00
    endloop
  endfacet
  facet normal 5.386818e-17 -9.063078e-01 -4.226183e-01
    outer loop
      vertex   2.811429e+01 2.656031e+01 3.157980e+00
      vertex   2.811429e+01 2.663397e+01 3.000000e+00
      vertex   3.162857e+01 2.663397e+01 3.000000e+00
    endloop
  endfacet
  facet normal 7.248105e-17 -8.191520e-01 -5.735764e-01
    outer loop
      vertex   3.162857e+01 2.663397e+01 3.000000e+00
      vertex   2.811429e+01 2.663397e+01 3.000000e+00
      vertex   3.162857e+01 2.673396e+01 2.857212e+00
    endloop
  endfacet
  facet normal -1.276394e-18 -8.191520e-01 -5.735764e-01
    outer loop
      vertex   3.162857e+01 2.663397e+01 3.000000e+00
      vertex   3.162857e+01 2.673396e+01 2.857212e+00
      vertex   3.514286e+01 2.673396e+01 2.857212e+00
    endloop
  endfacet
  facet normal -0.000000e+00 -7.071068e-01 -7.071068e-01
    outer loop
      vertex   3.514286e+01 2.673396e+01 2.857212e+00
      vertex   3.162857e+01 2.673396e+01 2.857212e+00
      vertex   3.514286e+01 2.685721e+01 2.733955e+00
    endloop
  endfacet
  facet normal -9.088399e-19 -7.071068e-01 -7.071068e-01
    outer loop
      vertex   3.514286e+01 2.673396e+01 2.857212e+00
      vertex   3.514286e+01 2.685721e+01 2.733955e+00
      vertex   3.865714e+01 2.685721e+01 2.733955e+00
    endloop
  endfacet
  facet normal -0.000000e+00 -5.735764e-01 -8.191520e-01
    outer loop
      vertex   3.865714e+01 2.685721e+01 2.733955e+00
      vertex   3.514286e+01 2.685721e+01 2.733955e+00
      vertex   3.865714e+01 2.700000e+01 2.633975e+00
    endloop
  endfacet
  facet normal 8.506581e-19 -5.735764e-01 -8.191520e-01
    outer loop
      vertex   3.865714e+01 2.685721e+01 2.733955e+00
      vertex   3.865714e+01 2.700000e+01 2.633975e+00
      vertex   4.217143e+01 2.700000e+01 2.633975e+00
    endloop
  endfacet
  facet normal -0.000000e+00 -4.226183e-01 -9.063078e-01
    outer loop
      vertex   4.217143e+01 2.700000e+01 2.633975e+00
      vertex   3.865714e+01 2.700000e+01 2.633975e+00
      vertex   4.217143e+01 2.715798e+01 2.560307e+00
    endloop
  endfacet
  facet normal 1.148383e-16 -4.226183e-01 -9.063078e-01
    outer loop
      vertex   4.217143e+01 2.700000e+01 2.633975e+00
      vertex   4.217143e+01 2.715798e+01 2.560307e+00
      vertex   4.568571e+01 2.715798e+01 2.560307e+00
    endloop
  endfacet
  facet normal 1.220610e-16 -2.588190e-01 -9.659258e-01
    outer loop
      vertex   4.568571e+01 2.715798e+01 2.560307e+00
      vertex   4.217143e+01 2.715798e+01 2.560307e+00
      vertex   4.568571e+01 2.732635e+01 2.515192e+00
    endloop
  endfacet
  facet normal -0.000000e+00 -9.063078e-01 -4.226183e-01
    outer loop
      vertex   2.811429e+01 2.663397e+01 3.000000e+00
      vertex   2.460000e+01 2.656031e+01 3.157980e+00
      vertex   2.460000e+01 2.663397e+01 3.000000e+00
    endloop
  endfacet
  facet normal 6.340477e-20 -9.063078e-01 -4.226183e-01
    outer loop
      vertex   3.865714e+01 2.663397e+01 3.000000e+00
      vertex   3.865714e+01 2.656031e+01 3.157980e+00
      vertex   3.514286e+01 2.656031e+01 3.157980e+00
    endloop
  endfacet
  facet normal -0.000000e+00 -9.063078e-01 -4.226183e-01
    outer loop
      vertex   3.865714e+01 2.663397e+01 3.000000e+00
      vertex   3.514286e+01 2.656031e+01 3.157980e+00
      vertex   3.514286e+01 2.663397e+01 3.000000e+00
    endloop
  endfacet
  facet normal 6.340477e-20 -9.063078e-01 -4.226183e-01
    outer loop
      vertex   3.514286e+01 2.663397e+01 3.000000e+00
      vertex   3.514286e+01 2.656031e+01 3.157980e+00
      vertex   3.162857e+01 2.656031e+01 3.157980e+00
    endloop
  endfacet
  facet normal 6.340477e-20 -9.063078e-01 -4.226183e-01
    outer loop
      vertex   4.568571e+01 2.663397e+01 3.000000e+00
      vertex   4.568571e+01 2.656031e+01 3.157980e+00
      vertex   4.217143e+01 2.656031e+01 3.157980e+00
    endloop
  endfacet
  facet normal -0.000000e+00 -9.063078e-01 -4.226183e-01
    outer loop
      vertex   4.568571e+01 2.663397e+01 3.000000e+00
      vertex   4.217143e+01 2.656031e+01 3.157980e+00
      vertex   4.217143e+01 2.663397e+01 3.000000e+00
    endloop
  endfacet
  facet normal 1.016675e-18 -8.191520e-01 -5.735764e-01
    outer loop
      vertex   7.028571e+00 2.673396e+01 2.857212e+00
      vertex   7.028571e+00 2.663397e+01 3.000000e+00
      vertex   3.514286e+00 2.663397e+01 3.000000e+00
    endloop
  endfacet
  facet normal -0.000000e+00 -8.191520e-01 -5.735764e-01
    outer loop
      vertex   7.028571e+00 2.673396e+01 2.857212e+00
      vertex   3.514286e+00 2.663397e+01 3.000000e+00
      vertex   3.514286e+00 2.673396e+01 2.857212e+00
    endloop
  endfacet
  facet normal -0.000000e+00 -8.191520e-01 -5.735764e-01
    outer loop
      vertex   1.757143e+01 2.663397e+01 3.000000e+00
      vertex   1.405714e+01 2.663397e+01 3.000000e+00
      vertex   1.757143e+01 2.673396e+01 2.857212e+00
    endloop
  endfacet
  facet normal -0.000000e+00 -8.191520e-01 -5.735764e-01
    outer loop
      vertex   1.757143e+01 2.673396e+01 2.857212e+00
      vertex   1.405714e+01 2.663397e+01 3.000000e+00
      vertex   1.405714e+01 2.673396e+01 2.857212e+00
    endloop
  endfacet
  facet normal -0.000000e+00 -7.071068e-01 -7.071068e-01
    outer loop
      vertex   1.757143e+01 2.673396e+01 2.857212e+00
      vertex   1.405714e+01 2.673396e+01 2.857212e+00
      vertex   1.757143e+01 2.685721e+01 2.733955e+00
    endloop
  endfacet
  facet normal -0.000000e+00 -7.071068e-01 -7.071068e-01
    outer loop
      vertex   1.757143e+01 2.685721e+01 2.733955e+00
      vertex   1.405714e+01 2.673396e+01 2.857212e+00
      vertex   1.405714e+01 2.685721e+01 2.733955e+00
    endloop
  endfacet
  facet normal -0.000000e+00 -5.735764e-01 -8.191520e-01
    outer loop
      vertex   1.757143e+01 2.685721e+01 2.733955e+00
      vertex   1.405714e+01 2.685721e+01 2.733955e+00
      vertex   1.757143e+01 2.700000e+01 2.633975e+00
    endloop
  endfacet
  facet normal -0.000000e+00 -5.735764e-01 -8.191520e-01
    outer loop
      vertex   1.757143e+01 2.700000e+01 2.633975e+00
      vertex   1.405714e+01 2.685721e+01 2.733955e+00
      vertex   1.405714e+01 2.700000e+01 2.633975e+00
    endloop
  endfacet
  facet normal -0.000000e+00 -4.226183e-01 -9.063078e-01
    outer loop
      vertex   1.757143e+01 2.700000e+01 2.633975e+00
      vertex   1.405714e+01 2.700000e+01 2.633975e+00
      vertex   1.757143e+01 2.715798e+01 2.560307e+00
    endloop
  endfacet
  facet normal 1.449621e-16 -8.191520e-01 -5.735764e-01
    outer loop
      vertex   3.162857e+01 2.673396e+01 2.857212e+00
      vertex   2.811429e+01 2.663397e+01 3.000000e+00
      vertex   2.811429e+01 2.673396e+01 2.857212e+00
    endloop
  endfacet
  facet normal -1.298594e-19 -8.191520e-01 -5.735764e-01
    outer loop
      vertex   2.811429e+01 2.673396e+01 2.857212e+00
      vertex   2.811429e+01 2.663397e+01 3.000000e+00
      vertex   2.460000e+01 2.663397e+01 3.000000e+00
    endloop
  endfacet
  facet normal -1.276394e-18 -8.191520e-01 -5.735764e-01
    outer loop
      vertex   3.865714e+01 2.673396e+01 2.857212e+00
      vertex   3.865714e+01 2.663397e+01 3.000000e+00
      vertex   3.514286e+01 2.663397e+01 3.000000e+00
    endloop
  endfacet
  facet normal -1.276394e-18 -8.191520e-01 -5.735764e-01
    outer loop
      vertex   4.568571e+01 2.673396e+01 2.857212e+00
      vertex   4.568571e+01 2.663397e+01 3.000000e+00
      vertex   4.217143e+01 2.663397e+01 3.000000e+00
    endloop
  endfacet
  facet normal -0.000000e+00 -8.191520e-01 -5.735764e-01
    outer loop
      vertex   4.568571e+01 2.673396e+01 2.857212e+00
      vertex   4.217143e+01 2.663397e+01 3.000000e+00
      vertex   4.217143e+01 2.673396e+01 2.857212e+00
    endloop
  endfacet
  facet normal -3.000037e-19 -7.071068e-01 -7.071068e-01
    outer loop
      vertex   7.028571e+00 2.685721e+01 2.733955e+00
      vertex   7.028571e+00 2.673396e+01 2.857212e+00
      vertex   3.514286e+00 2.673396e+01 2.857212e+00
    endloop
  endfacet
  facet normal -0.000000e+00 -7.071068e-01 -7.071068e-01
    outer loop
      vertex   7.028571e+00 2.685721e+01 2.733955e+00
      vertex   3.514286e+00 2.673396e+01 2.857212e+00
      vertex   3.514286e+00 2.685721e+01 2.733955e+00
    endloop
  endfacet
  facet normal -1.298594e-19 -8.191520e-01 -5.735764e-01
    outer loop
      vertex   1.757143e+01 2.663397e+01 3.000000e+00
      vertex   1.757143e+01 2.673396e+01 2.857212e+00
      vertex   2.108571e+01 2.673396e+01 2.857212e+00
    endloop
  endfacet
  facet normal -0.000000e+00 -7.071068e-01 -7.071068e-01
    outer loop
      vertex   2.108571e+01 2.673396e+01 2.857212e+00
      vertex   1.757143e+01 2.673396e+01 2.857212e+00
      vertex   2.108571e+01 2.685721e+01 2.733955e+00
    endloop
  endfacet
  facet normal 9.637023e-19 -7.071068e-01 -7.071068e-01
    outer loop
      vertex   2.108571e+01 2.673396e+01 2.857212e+00
      vertex   2.108571e+01 2.685721e+01 2.733955e+00
      vertex   2.460000e+01 2.685721e+01 2.733955e+00
    endloop
  endfacet
  facet normal -0.000000e+00 -5.735764e-01 -8.191520e-01
    outer loop
      vertex   2.460000e+01 2.685721e+01 2.733955e+00
      vertex   2.108571e+01 2.685721e+01 2.733955e+00
      vertex   2.460000e+01 2.700000e+01 2.633975e+00
    endloop
  endfacet
  facet normal -7.171225e-19 -5.735764e-01 -8.191520e-01
    outer loop
      vertex   2.460000e+01 2.685721e+01 2.733955e+00
      vertex   2.460000e+01 2.700000e+01 2.633975e+00
      vertex   2.811429e+01 2.700000e+01 2.633975e+00
    endloop
  endfacet
  facet normal -0.000000e+00 -4.226183e-01 -9.063078e-01
    outer loop
      vertex   2.811429e+01 2.700000e+01 2.633975e+00
      vertex   2.460000e+01 2.700000e+01 2.633975e+00
      vertex   2.811429e+01 2.715798e+01 2.560307e+00
    endloop
  endfacet
  facet normal 3.110039e-19 -4.226183e-01 -9.063078e-01
    outer loop
      vertex   2.811429e+01 2.700000e+01 2.633975e+00
      vertex   2.811429e+01 2.715798e+01 2.560307e+00
      vertex   3.162857e+01 2.715798e+01 2.560307e+00
    endloop
  endfacet
  facet normal -0.000000e+00 -2.588190e-01 -9.659258e-01
    outer loop
      vertex   3.162857e+01 2.715798e+01 2.560307e+00
      vertex   2.811429e+01 2.715798e+01 2.560307e+00
      vertex   3.162857e+01 2.732635e+01 2.515192e+00
    endloop
  endfacet
  facet normal 6.018505e-19 -2.588190e-01 -9.659258e-01
    outer loop
      vertex   3.162857e+01 2.715798e+01 2.560307e+00
      vertex   3.162857e+01 2.732635e+01 2.515192e+00
      vertex   3.514286e+01 2.732635e+01 2.515192e+00
    endloop
  endfacet
  facet normal -0.000000e+00 -8.715574e-02 -9.961947e-01
    outer loop
      vertex   3.514286e+01 2.732635e+01 2.515192e+00
      vertex   3.162857e+01 2.732635e+01 2.515192e+00
      vertex   4.920000e+01 2.750000e+01 2.500000e+00
    endloop
  endfacet
  facet normal -0.000000e+00 -7.071068e-01 -7.071068e-01
    outer loop
      vertex   2.108571e+01 2.685721e+01 2.733955e+00
      vertex   1.757143e+01 2.673396e+01 2.857212e+00
      vertex   1.757143e+01 2.685721e+01 2.733955e+00
    endloop
  endfacet
  facet normal -8.935486e-17 -7.071068e-01 -7.071068e-01
    outer loop
      vertex   3.514286e+01 2.685721e+01 2.733955e+00
      vertex   3.162857e+01 2.673396e+01 2.857212e+00
      vertex   3.162857e+01 2.685721e+01 2.733955e+00
    endloop
  endfacet
  facet normal 1.793690e-16 -7.071068e-01 -7.071068e-01
    outer loop
      vertex   3.162857e+01 2.685721e+01 2.733955e+00
      vertex   3.162857e+01 2.673396e+01 2.857212e+00
      vertex   2.811429e+01 2.673396e+01 2.857212e+00
    endloop
  endfacet
  facet normal -9.088399e-19 -7.071068e-01 -7.071068e-01
    outer loop
      vertex   4.568571e+01 2.685721e+01 2.733955e+00
      vertex   4.568571e+01 2.673396e+01 2.857212e+00
      vertex   4.217143e+01 2.673396e+01 2.857212e+00
    endloop
  endfacet
  facet normal -0.000000e+00 -7.071068e-01 -7.071068e-01
    outer loop
      vertex   4.568571e+01 2.685721e+01 2.733955e+00
      vertex   4.217143e+01 2.673396e+01 2.857212e+00
      vertex   4.217143e+01 2.685721e+01 2.733955e+00
    endloop
  endfacet
  facet normal 5.469269e-19 -5.735764e-01 -8.191520e-01
    outer loop
      vertex   7.028571e+00 2.700000e+01 2.633975e+00
      vertex   7.028571e+00 2.685721e+01 2.733955e+00
      vertex   3.514286e+00 2.685721e+01 2.733955e+00
    endloop
  endfacet
  facet normal -0.000000e+00 -5.735764e-01 -8.191520e-01
    outer loop
      vertex   7.028571e+00 2.700000e+01 2.633975e+00
      vertex   3.514286e+00 2.685721e+01 2.733955e+00
      vertex   3.514286e+00 2.700000e+01 2.633975e+00
    endloop
  endfacet
  facet normal -0.000000e+00 -5.735764e-01 -8.191520e-01
    outer loop
      vertex   2.108571e+01 2.685721e+01 2.733955e+00
      vertex   1.757143e+01 2.685721e+01 2.733955e+00
      vertex   2.108571e+01 2.700000e+01 2.633975e+00
    endloop
  endfacet
  facet normal -0.000000e+00 -5.735764e-01 -8.191520e-01
    outer loop
      vertex   2.108571e+01 2.700000e+01 2.633975e+00
      vertex   1.757143e+01 2.685721e+01 2.733955e+00
      vertex   1.757143e+01 2.700000e+01 2.633975e+00
    endloop
  endfacet
  facet normal -0.000000e+00 -4.226183e-01 -9.063078e-01
    outer loop
      vertex   2.108571e+01 2.700000e+01 2.633975e+00
      vertex   1.757143e+01 2.700000e+01 2.633975e+00
      vertex   2.108571e+01 2.715798e+01 2.560307e+00
    endloop
  endfacet
  facet normal -0.000000e+00 -4.226183e-01 -9.063078e-01
    outer loop
      vertex   2.108571e+01 2.715798e+01 2.560307e+00
      vertex   1.757143e+01 2.700000e+01 2.633975e+00
      vertex   1.757143e+01 2.715798e+01 2.560307e+00
    endloop
  endfacet
  facet normal -0.000000e+00 -2.588190e-01 -9.659258e-01
    outer loop
      vertex   2.108571e+01 2.715798e+01 2.560307e+00
      vertex   1.757143e+01 2.715798e+01 2.560307e+00
      vertex   2.108571e+01 2.732635e+01 2.515192e+00
    endloop
  endfacet
  facet normal -0.000000e+00 -5.735764e-01 -8.191520e-01
    outer loop
      vertex   3.865714e+01 2.700000e+01 2.633975e+00
      vertex   3.514286e+01 2.685721e+01 2.733955e+00
      vertex   3.514286e+01 2.700000e+01 2.633975e+00
    endloop
  endfacet
  facet normal -1.026630e-16 -5.735764e-01 -8.191520e-01
    outer loop
      vertex   3.514286e+01 2.700000e+01 2.633975e+00
      vertex   3.514286e+01 2.685721e+01 2.733955e+00
      vertex   3.162857e+01 2.685721e+01 2.733955e+00
    endloop
  endfacet
  facet normal -4.133913e-19 -5.735764e-01 -8.191520e-01
    outer loop
      vertex   4.568571e+01 2.700000e+01 2.633975e+00
      vertex   4.568571e+01 2.685721e+01 2.733955e+00
      vertex   4.217143e+01 2.685721e+01 2.733955e+00
    endloop
  endfacet
  facet normal -1.266769e-18 -4.226183e-01 -9.063078e-01
    outer loop
      vertex   7.028571e+00 2.715798e+01 2.560307e+00
      vertex   7.028571e+00 2.700000e+01 2.633975e+00
      vertex   3.514286e+00 2.700000e+01 2.633975e+00
    endloop
  endfacet
  facet normal -0.000000e+00 -4.226183e-01 -9.063078e-01
    outer loop
      vertex   7.028571e+00 2.715798e+01 2.560307e+00
      vertex   3.514286e+00 2.700000e+01 2.633975e+00
      vertex   3.514286e+00 2.715798e+01 2.560307e+00
    endloop
  endfacet
  facet normal -0.000000e+00 -4.226183e-01 -9.063078e-01
    outer loop
      vertex   1.405714e+01 2.715798e+01 2.560307e+00
      vertex   1.054286e+01 2.700000e+01 2.633975e+00
      vertex   1.054286e+01 2.715798e+01 2.560307e+00
    endloop
  endfacet
  facet normal 1.040606e-16 -5.735764e-01 -8.191520e-01
    outer loop
      vertex   2.108571e+01 2.685721e+01 2.733955e+00
      vertex   2.108571e+01 2.700000e+01 2.633975e+00
      vertex   2.460000e+01 2.700000e+01 2.633975e+00
    endloop
  endfacet
  facet normal 1.145273e-16 -4.226183e-01 -9.063078e-01
    outer loop
      vertex   2.460000e+01 2.700000e+01 2.633975e+00
      vertex   2.108571e+01 2.700000e+01 2.633975e+00
      vertex   2.460000e+01 2.715798e+01 2.560307e+00
    endloop
  endfacet
  facet normal 3.110039e-19 -4.226183e-01 -9.063078e-01
    outer loop
      vertex   2.460000e+01 2.700000e+01 2.633975e+00
      vertex   2.460000e+01 2.715798e+01 2.560307e+00
      vertex   2.811429e+01 2.715798e+01 2.560307e+00
    endloop
  endfacet
  facet normal -0.000000e+00 -2.588190e-01 -9.659258e-01
    outer loop
      vertex   2.811429e+01 2.715798e+01 2.560307e+00
      vertex   2.460000e+01 2.715798e+01 2.560307e+00
      vertex   2.811429e+01 2.732635e+01 2.515192e+00
    endloop
  endfacet
  facet normal 6.018505e-19 -2.588190e-01 -9.659258e-01
    outer loop
      vertex   2.811429e+01 2.715798e+01 2.560307e+00
      vertex   2.811429e+01 2.732635e+01 2.515192e+00
      vertex   3.162857e+01 2.732635e+01 2.515192e+00
    endloop
  endfacet
  facet normal -0.000000e+00 -8.715574e-02 -9.961947e-01
    outer loop
      vertex   3.162857e+01 2.732635e+01 2.515192e+00
      vertex   2.811429e+01 2.732635e+01 2.515192e+00
      vertex   4.920000e+01 2.750000e+01 2.500000e+00
    endloop
  endfacet
  facet normal -0.000000e+00 -4.226183e-01 -9.063078e-01
    outer loop
      vertex   2.460000e+01 2.715798e+01 2.560307e+00
      vertex   2.108571e+01 2.700000e+01 2.633975e+00
      vertex   2.108571e+01 2.715798e+01 2.560307e+00
    endloop
  endfacet
  facet normal -0.000000e+00 -4.226183e-01 -9.063078e-01
    outer loop
      vertex   4.217143e+01 2.715798e+01 2.560307e+00
      vertex   3.865714e+01 2.700000e+01 2.633975e+00
      vertex   3.865714e+01 2.715798e+01 2.560307e+00
    endloop
  endfacet
  facet normal 3.110039e-19 -4.226183e-01 -9.063078e-01
    outer loop
      vertex   3.865714e+01 2.715798e+01 2.560307e+00
      vertex   3.865714e+01 2.700000e+01 2.633975e+00
      vertex   3.514286e+01 2.700000e+01 2.633975e+00
    endloop
  endfacet
  facet normal 6.018505e-19 -2.588190e-01 -9.659258e-01
    outer loop
      vertex   7.028571e+00 2.732635e+01 2.515192e+00
      vertex   7.028571e+00 2.715798e+01 2.560307e+00
      vertex   3.514286e+00 2.715798e+01 2.560307e+00
    endloop
  endfacet
  facet normal -0.000000e+00 -2.588190e-01 -9.659258e-01
    outer loop
      vertex   7.028571e+00 2.732635e+01 2.515192e+00
      vertex   3.514286e+00 2.715798e+01 2.560307e+00
      vertex   3.514286e+00 2.732635e+01 2.515192e+00
    endloop
  endfacet
  facet normal -0.000000e+00 -2.588190e-01 -9.659258e-01
    outer loop
      vertex   1.405714e+01 2.715798e+01 2.560307e+00
      vertex   1.054286e+01 2.715798e+01 2.560307e+00
      vertex   1.405714e+01 2.732635e+01 2.515192e+00
    endloop
  endfacet
  facet normal -0.000000e+00 -2.588190e-01 -9.659258e-01
    outer loop
      vertex   1.405714e+01 2.732635e+01 2.515192e+00
      vertex   1.054286e+01 2.715798e+01 2.560307e+00
      vertex   1.054286e+01 2.732635e+01 2.515192e+00
    endloop
  endfacet
  facet normal -0.000000e+00 -8.715574e-02 -9.961947e-01
    outer loop
      vertex   1.405714e+01 2.732635e+01 2.515192e+00
      vertex   1.054286e+01 2.732635e+01 2.515192e+00
      vertex   0.000000e+00 2.750000e+01 2.500000e+00
    endloop
  endfacet
  facet normal 0.000000e+00 -2.588190e-01 -9.659258e-01
    outer loop
      vertex   2.108571e+01 2.732635e+01 2.515192e+00
      vertex   2.460000e+01 2.732635e+01 2.515192e+00
      vertex   2.108571e+01 2.715798e+01 2.560307e+00
    endloop
  endfacet
  facet normal 0.000000e+00 -2.588190e-01 -9.659258e-01
    outer loop
      vertex   2.108571e+01 2.715798e+01 2.560307e+00
      vertex   2.460000e+01 2.732635e+01 2.515192e+00
      vertex   2.460000e+01 2.715798e+01 2.560307e+00
    endloop
  endfacet
  facet normal -0.000000e+00 -2.588190e-01 -9.659258e-01
    outer loop
      vertex   4.568571e+01 2.732635e+01 2.515192e+00
      vertex   4.217143e+01 2.715798e+01 2.560307e+00
      vertex   4.217143e+01 2.732635e+01 2.515192e+00
    endloop
  endfacet
  facet normal 6.018505e-19 -2.588190e-01 -9.659258e-01
    outer loop
      vertex   4.217143e+01 2.732635e+01 2.515192e+00
      vertex   4.217143e+01 2.715798e+01 2.560307e+00
      vertex   3.865714e+01 2.715798e+01 2.560307e+00
    endloop
  endfacet
  facet normal 2.152936e-20 -8.715574e-02 -9.961947e-01
    outer loop
      vertex   0.000000e+00 2.750000e+01 2.500000e+00
      vertex   1.757143e+01 2.732635e+01 2.515192e+00
      vertex   1.405714e+01 2.732635e+01 2.515192e+00
    endloop
  endfacet
  facet normal 0.000000e+00 -2.588190e-01 -9.659258e-01
    outer loop
      vertex   1.405714e+01 2.732635e+01 2.515192e+00
      vertex   1.757143e+01 2.732635e+01 2.515192e+00
      vertex   1.405714e+01 2.715798e+01 2.560307e+00
    endloop
  endfacet
  facet normal 2.152936e-20 -8.715574e-02 -9.961947e-01
    outer loop
      vertex   4.920000e+01 2.750000e+01 2.500000e+00
      vertex   2.811429e+01 2.732635e+01 2.515192e+00
      vertex   2.460000e+01 2.732635e+01 2.515192e+00
    endloop
  endfacet
  facet normal 0.000000e+00 -2.588190e-01 -9.659258e-01
    outer loop
      vertex   2.460000e+01 2.732635e+01 2.515192e+00
      vertex   2.811429e+01 2.732635e+01 2.515192e+00
      vertex   2.460000e+01 2.715798e+01 2.560307e+00
    endloop
  endfacet
  facet normal -1.120401e-01 0.000000e+00 9.937037e-01
    outer loop
      vertex   5.920857e+01 3.150000e+01 3.277505e+01
      vertex   5.920857e+01 2.650000e+01 3.277505e+01
      vertex   5.995219e+01 3.150000e+01 3.285889e+01
    endloop
  endfacet
  facet normal -1.120401e-01 -1.412138e-15 9.937037e-01
    outer loop
      vertex   5.995219e+01 3.150000e+01 3.285889e+01
      vertex   5.920857e+01 2.650000e+01 3.277505e+01
      vertex   5.995219e+01 2.650000e+01 3.285889e+01
    endloop
  endfacet
  facet normal -3.741655e-02 -1.420090e-15 9.992998e-01
    outer loop
      vertex   5.995219e+01 3.150000e+01 3.285889e+01
      vertex   5.995219e+01 2.650000e+01 3.285889e+01
      vertex   6.070000e+01 3.150000e+01 3.288689e+01
    endloop
  endfacet
  facet normal -3.741655e-02 -1.420090e-15 9.992998e-01
    outer loop
      vertex   6.070000e+01 3.150000e+01 3.288689e+01
      vertex   5.995219e+01 2.650000e+01 3.285889e+01
      vertex   6.070000e+01 2.650000e+01 3.288689e+01
    endloop
  endfacet
  facet normal 3.741655e-02 -1.420090e-15 9.992998e-01
    outer loop
      vertex   6.070000e+01 3.150000e+01 3.288689e+01
      vertex   6.070000e+01 2.650000e+01 3.288689e+01
      vertex   6.144781e+01 3.150000e+01 3.285889e+01
    endloop
  endfacet
  facet normal 3.741655e-02 -1.420090e-15 9.992998e-01
    outer loop
      vertex   6.144781e+01 3.150000e+01 3.285889e+01
      vertex   6.070000e+01 2.650000e+01 3.288689e+01
      vertex   6.144781e+01 2.650000e+01 3.285889e+01
    endloop
  endfacet
  facet normal 1.120401e-01 -1.412138e-15 9.937037e-01
    outer loop
      vertex   6.144781e+01 3.150000e+01 3.285889e+01
      vertex   6.144781e+01 2.650000e+01 3.285889e+01
      vertex   6.219143e+01 3.150000e+01 3.277505e+01
    endloop
  endfacet
  facet normal 1.120401e-01 0.000000e+00 9.937037e-01
    outer loop
      vertex   6.219143e+01 3.150000e+01 3.277505e+01
      vertex   6.144781e+01 2.650000e+01 3.285889e+01
      vertex   6.219143e+01 2.650000e+01 3.277505e+01
    endloop
  endfacet
  facet normal 1.491426e-01 -7.025958e-16 9.888157e-01
    outer loop
      vertex   1.184914e+02 3.150000e+01 2.428334e+01
      vertex   6.219143e+01 3.150000e+01 3.277505e+01
      vertex   1.184914e+02 2.650000e+01 2.428334e+01
    endloop
  endfacet
  facet normal 1.491426e-01 2.484567e-17 9.888157e-01
    outer loop
      vertex   1.184914e+02 2.650000e+01 2.428334e+01
      vertex   6.219143e+01 3.150000e+01 3.277505e+01
      vertex   6.219143e+01 2.650000e+01 3.277505e+01
    endloop
  endfacet
  facet normal 9.993008e-01 -0.000000e+00 3.738852e-02
    outer loop
      vertex   1.270000e+02 2.650000e+01 1.439519e+01
      vertex   1.270000e+02 3.150000e+01 1.439519e+01
      vertex   1.269720e+02 2.650000e+01 1.514244e+01
    endloop
  endfacet
  facet normal 9.993008e-01 -2.656614e-17 3.738852e-02
    outer loop
      vertex   1.269720e+02 2.650000e+01 1.514244e+01
      vertex   1.270000e+02 3.150000e+01 1.439519e+01
      vertex   1.269720e+02 3.150000e+01 1.514244e+01
    endloop
  endfacet
  facet normal 9.937131e-01 -7.954989e-17 1.119565e-01
    outer loop
      vertex   1.269720e+02 2.650000e+01 1.514244e+01
      vertex   1.269720e+02 3.150000e+01 1.514244e+01
      vertex   1.268883e+02 2.650000e+01 1.588550e+01
    endloop
  endfacet
  facet normal 9.937131e-01 -0.000000e+00 1.119565e-01
    outer loop
      vertex   1.268883e+02 2.650000e+01 1.588550e+01
      vertex   1.269720e+02 3.150000e+01 1.514244e+01
      vertex   1.268883e+02 3.150000e+01 1.588550e+01
    endloop
  endfacet
  facet normal 9.825690e-01 -0.000000e+00 1.858985e-01
    outer loop
      vertex   1.268883e+02 2.650000e+01 1.588550e+01
      vertex   1.268883e+02 3.150000e+01 1.588550e+01
      vertex   1.267493e+02 2.650000e+01 1.662024e+01
    endloop
  endfacet
  facet normal 9.825690e-01 -0.000000e+00 1.858985e-01
    outer loop
      vertex   1.267493e+02 2.650000e+01 1.662024e+01
      vertex   1.268883e+02 3.150000e+01 1.588550e+01
      vertex   1.267493e+02 3.150000e+01 1.662024e+01
    endloop
  endfacet
  facet normal 9.659307e-01 -0.000000e+00 2.588010e-01
    outer loop
      vertex   1.267493e+02 2.650000e+01 1.662024e+01
      vertex   1.267493e+02 3.150000e+01 1.662024e+01
      vertex   1.265558e+02 2.650000e+01 1.734253e+01
    endloop
  endfacet
  facet normal 9.659307e-01 -0.000000e+00 2.588010e-01
    outer loop
      vertex   1.265558e+02 2.650000e+01 1.734253e+01
      vertex   1.267493e+02 3.150000e+01 1.662024e+01
      vertex   1.265558e+02 3.150000e+01 1.734253e+01
    endloop
  endfacet
  facet normal 9.438913e-01 -0.000000e+00 3.302564e-01
    outer loop
      vertex   1.265558e+02 2.650000e+01 1.734253e+01
      vertex   1.265558e+02 3.150000e+01 1.734253e+01
      vertex   1.263088e+02 2.650000e+01 1.804835e+01
    endloop
  endfacet
  facet normal 9.438913e-01 -0.000000e+00 3.302564e-01
    outer loop
      vertex   1.263088e+02 2.650000e+01 1.804835e+01
      vertex   1.265558e+02 3.150000e+01 1.734253e+01
      vertex   1.263088e+02 3.150000e+01 1.804835e+01
    endloop
  endfacet
  facet normal 9.165740e-01 -0.000000e+00 3.998651e-01
    outer loop
      vertex   1.263088e+02 2.650000e+01 1.804835e+01
      vertex   1.263088e+02 3.150000e+01 1.804835e+01
      vertex   1.260098e+02 2.650000e+01 1.873374e+01
    endloop
  endfacet
  facet normal 9.165740e-01 -0.000000e+00 3.998651e-01
    outer loop
      vertex   1.260098e+02 2.650000e+01 1.873374e+01
      vertex   1.263088e+02 3.150000e+01 1.804835e+01
      vertex   1.260098e+02 3.150000e+01 1.873374e+01
    endloop
  endfacet
  facet normal 8.841316e-01 -0.000000e+00 4.672379e-01
    outer loop
      vertex   1.260098e+02 2.650000e+01 1.873374e+01
      vertex   1.260098e+02 3.150000e+01 1.873374e+01
      vertex   1.256604e+02 2.650000e+01 1.939486e+01
    endloop
  endfacet
  facet normal 8.841316e-01 -0.000000e+00 4.672379e-01
    outer loop
      vertex   1.256604e+02 2.650000e+01 1.939486e+01
      vertex   1.260098e+02 3.150000e+01 1.873374e+01
      vertex   1.256604e+02 3.150000e+01 1.939486e+01
    endloop
  endfacet
  facet normal 8.467455e-01 -0.000000e+00 5.319981e-01
    outer loop
      vertex   1.256604e+02 2.650000e+01 1.939486e+01
      vertex   1.256604e+02 3.150000e+01 1.939486e+01
      vertex   1.252626e+02 2.650000e+01 2.002803e+01
    endloop
  endfacet
  facet normal 8.467455e-01 -3.780074e-16 5.319981e-01
    outer loop
      vertex   1.252626e+02 2.650000e+01 2.002803e+01
      vertex   1.256604e+02 3.150000e+01 1.939486e+01
      vertex   1.252626e+02 3.150000e+01 2.002803e+01
    endloop
  endfacet
  facet normal 8.046247e-01 -4.219087e-16 5.937836e-01
    outer loop
      vertex   1.252626e+02 2.650000e+01 2.002803e+01
      vertex   1.252626e+02 3.150000e+01 2.002803e+01
      vertex   1.248186e+02 2.650000e+01 2.062971e+01
    endloop
  endfacet
  facet normal 8.046247e-01 -0.000000e+00 5.937836e-01
    outer loop
      vertex   1.248186e+02 2.650000e+01 2.062971e+01
      vertex   1.252626e+02 3.150000e+01 2.002803e+01
      vertex   1.248186e+02 3.150000e+01 2.062971e+01
    endloop
  endfacet
  facet normal 7.580048e-01 -0.000000e+00 6.522489e-01
    outer loop
      vertex   1.248186e+02 2.650000e+01 2.062971e+01
      vertex   1.248186e+02 3.150000e+01 2.062971e+01
      vertex   1.243309e+02 2.650000e+01 2.119652e+01
    endloop
  endfacet
  facet normal 7.580048e-01 -0.000000e+00 6.522489e-01
    outer loop
      vertex   1.243309e+02 2.650000e+01 2.119652e+01
      vertex   1.248186e+02 3.150000e+01 2.062971e+01
      vertex   1.243309e+02 3.150000e+01 2.119652e+01
    endloop
  endfacet
  facet normal 7.071464e-01 -0.000000e+00 7.070671e-01
    outer loop
      vertex   1.243309e+02 2.650000e+01 2.119652e+01
      vertex   1.243309e+02 3.150000e+01 2.119652e+01
      vertex   1.238022e+02 2.650000e+01 2.172531e+01
    endloop
  endfacet
  facet normal 7.071464e-01 -0.000000e+00 7.070671e-01
    outer loop
      vertex   1.238022e+02 2.650000e+01 2.172531e+01
      vertex   1.243309e+02 3.150000e+01 2.119652e+01
      vertex   1.238022e+02 3.150000e+01 2.172531e+01
    endloop
  endfacet
  facet normal 6.523340e-01 -0.000000e+00 7.579316e-01
    outer loop
      vertex   1.238022e+02 2.650000e+01 2.172531e+01
      vertex   1.238022e+02 3.150000e+01 2.172531e+01
      vertex   1.232354e+02 2.650000e+01 2.221310e+01
    endloop
  endfacet
  facet normal 6.523340e-01 -0.000000e+00 7.579316e-01
    outer loop
      vertex   1.232354e+02 2.650000e+01 2.221310e+01
      vertex   1.238022e+02 3.150000e+01 2.172531e+01
      vertex   1.232354e+02 3.150000e+01 2.221310e+01
    endloop
  endfacet
  facet normal 5.938739e-01 -0.000000e+00 8.045581e-01
    outer loop
      vertex   1.232354e+02 2.650000e+01 2.221310e+01
      vertex   1.232354e+02 3.150000e+01 2.221310e+01
      vertex   1.226338e+02 2.650000e+01 2.265718e+01
    endloop
  endfacet
  facet normal 5.938739e-01 -0.000000e+00 8.045581e-01
    outer loop
      vertex   1.226338e+02 2.650000e+01 2.265718e+01
      vertex   1.232354e+02 3.150000e+01 2.221310e+01
      vertex   1.226338e+02 3.150000e+01 2.265718e+01
    endloop
  endfacet
  facet normal 5.320931e-01 -0.000000e+00 8.466858e-01
    outer loop
      vertex   1.226338e+02 2.650000e+01 2.265718e+01
      vertex   1.226338e+02 3.150000e+01 2.265718e+01
      vertex   1.220006e+02 2.650000e+01 2.305507e+01
    endloop
  endfacet
  facet normal 5.320931e-01 -0.000000e+00 8.466858e-01
    outer loop
      vertex   1.220006e+02 2.650000e+01 2.305507e+01
      vertex   1.226338e+02 3.150000e+01 2.265718e+01
      vertex   1.220006e+02 3.150000e+01 2.305507e+01
    endloop
  endfacet
  facet normal 4.673371e-01 -0.000000e+00 8.840792e-01
    outer loop
      vertex   1.220006e+02 2.650000e+01 2.305507e+01
      vertex   1.220006e+02 3.150000e+01 2.305507e+01
      vertex   1.213396e+02 2.650000e+01 2.340453e+01
    endloop
  endfacet
  facet normal 4.673371e-01 -0.000000e+00 8.840792e-01
    outer loop
      vertex   1.213396e+02 2.650000e+01 2.340453e+01
      vertex   1.220006e+02 3.150000e+01 2.305507e+01
      vertex   1.213396e+02 3.150000e+01 2.340453e+01
    endloop
  endfacet
  facet normal 3.999679e-01 -0.000000e+00 9.165291e-01
    outer loop
      vertex   1.213396e+02 2.650000e+01 2.340453e+01
      vertex   1.213396e+02 3.150000e+01 2.340453e+01
      vertex   1.206542e+02 2.650000e+01 2.370361e+01
    endloop
  endfacet
  facet normal 3.999679e-01 -0.000000e+00 9.165291e-01
    outer loop
      vertex   1.206542e+02 2.650000e+01 2.370361e+01
      vertex   1.213396e+02 3.150000e+01 2.340453e+01
      vertex   1.206542e+02 3.150000e+01 2.370361e+01
    endloop
  endfacet
  facet normal 3.303623e-01 -0.000000e+00 9.438542e-01
    outer loop
      vertex   1.206542e+02 2.650000e+01 2.370361e+01
      vertex   1.206542e+02 3.150000e+01 2.370361e+01
      vertex   1.199484e+02 2.650000e+01 2.395065e+01
    endloop
  endfacet
  facet normal 3.303623e-01 -0.000000e+00 9.438542e-01
    outer loop
      vertex   1.199484e+02 2.650000e+01 2.395065e+01
      vertex   1.206542e+02 3.150000e+01 2.370361e+01
      vertex   1.199484e+02 3.150000e+01 2.395065e+01
    endloop
  endfacet
  facet normal 2.589094e-01 -0.000000e+00 9.659016e-01
    outer loop
      vertex   1.199484e+02 2.650000e+01 2.395065e+01
      vertex   1.199484e+02 3.150000e+01 2.395065e+01
      vertex   1.192261e+02 2.650000e+01 2.414425e+01
    endloop
  endfacet
  facet normal 2.589094e-01 -0.000000e+00 9.659016e-01
    outer loop
      vertex   1.192261e+02 2.650000e+01 2.414425e+01
      vertex   1.199484e+02 3.150000e+01 2.395065e+01
      vertex   1.192261e+02 3.150000e+01 2.414425e+01
    endloop
  endfacet
  facet normal 1.860087e-01 -0.000000e+00 9.825481e-01
    outer loop
      vertex   1.192261e+02 2.650000e+01 2.414425e+01
      vertex   1.192261e+02 3.150000e+01 2.414425e+01
      vertex   1.184914e+02 2.650000e+01 2.428334e+01
    endloop
  endfacet
  facet normal 1.860087e-01 -6.981424e-16 9.825481e-01
    outer loop
      vertex   1.184914e+02 2.650000e+01 2.428334e+01
      vertex   1.192261e+02 3.150000e+01 2.414425e+01
      vertex   1.184914e+02 3.150000e+01 2.428334e+01
    endloop
  endfacet
  facet normal 0.000000e+00 -1.000000e+00 0.000000e+00
    outer loop
      vertex   0.000000e+00 2.650000e+01 3.500000e+00
      vertex   4.928070e+01 2.650000e+01 7.584259e+00
      vertex   -4.470348e-08 2.650000e+01 1.250000e+01
    endloop
  endfacet
  facet normal 0.000000e+00 -1.000000e+00 0.000000e+00
    outer loop
      vertex   -4.470348e-08 2.650000e+01 1.250000e+01
      vertex   4.928070e+01 2.650000e+01 7.584259e+00
      vertex   4.965115e+01 2.650000e+01 8.345766e+00
    endloop
  endfacet
  facet normal 0.000000e+00 -1.000000e+00 0.000000e+00
    outer loop
      vertex   -4.470348e-08 2.650000e+01 1.250000e+01
      vertex   4.965115e+01 2.650000e+01 8.345766e+00
      vertex   5.007231e+01 2.650000e+01 9.080444e+00
    endloop
  endfacet
  facet normal 0.000000e+00 -1.000000e+00 0.000000e+00
    outer loop
      vertex   4.824006e+01 2.650000e+01 3.500000e+00
      vertex   4.833637e+01 2.650000e+01 4.341339e+00
      vertex   0.000000e+00 2.650000e+01 3.500000e+00
    endloop
  endfacet
  facet normal 0.000000e+00 -1.000000e+00 0.000000e+00
    outer loop
      vertex   0.000000e+00 2.650000e+01 3.500000e+00
      vertex   4.833637e+01 2.650000e+01 4.341339e+00
      vertex   4.848941e+01 2.650000e+01 5.174227e+00
    endloop
  endfacet
  facet normal 0.000000e+00 -1.000000e+00 0.000000e+00
    outer loop
      vertex   0.000000e+00 2.650000e+01 3.500000e+00
      vertex   4.848941e+01 2.650000e+01 5.174227e+00
      vertex   4.869850e+01 2.650000e+01 5.994842e+00
    endloop
  endfacet
  facet normal -0.000000e+00 -1.000000e+00 0.000000e+00
    outer loop
      vertex   4.869850e+01 2.650000e+01 5.994842e+00
      vertex   4.896267e+01 2.650000e+01 6.799417e+00
      vertex   0.000000e+00 2.650000e+01 3.500000e+00
    endloop
  endfacet
  facet normal 0.000000e+00 -1.000000e+00 0.000000e+00
    outer loop
      vertex   0.000000e+00 2.650000e+01 3.500000e+00
      vertex   4.896267e+01 2.650000e+01 6.799417e+00
      vertex   4.928070e+01 2.650000e+01 7.584259e+00
    endloop
  endfacet
  facet normal 0.000000e+00 -1.000000e+00 0.000000e+00
    outer loop
      vertex   5.007231e+01 2.650000e+01 9.080444e+00
      vertex   5.054225e+01 2.650000e+01 9.784920e+00
      vertex   -4.470348e-08 2.650000e+01 1.250000e+01
    endloop
  endfacet
  facet normal 0.000000e+00 -1.000000e+00 0.000000e+00
    outer loop
      vertex   -4.470348e-08 2.650000e+01 1.250000e+01
      vertex   5.054225e+01 2.650000e+01 9.784920e+00
      vertex   5.105880e+01 2.650000e+01 1.045596e+01
    endloop
  endfacet
  facet normal 0.000000e+00 -1.000000e+00 0.000000e+00
    outer loop
      vertex   -4.470348e-08 2.650000e+01 1.250000e+01
      vertex   5.105880e+01 2.650000e+01 1.045596e+01
      vertex   5.161961e+01 2.650000e+01 1.109049e+01
    endloop
  endfacet
  facet normal 0.000000e+00 -1.000000e+00 0.000000e+00
    outer loop
      vertex   5.161961e+01 2.650000e+01 1.109049e+01
      vertex   5.222209e+01 2.650000e+01 1.168559e+01
      vertex   -4.470348e-08 2.650000e+01 1.250000e+01
    endloop
  endfacet
  facet normal 0.000000e+00 -1.000000e+00 0.000000e+00
    outer loop
      vertex   -4.470348e-08 2.650000e+01 1.250000e+01
      vertex   5.222209e+01 2.650000e+01 1.168559e+01
      vertex   5.286348e+01 2.650000e+01 1.223853e+01
    endloop
  endfacet
  facet normal -6.869630e-17 -1.000000e+00 -1.388876e-14
    outer loop
      vertex   -4.470348e-08 2.650000e+01 1.250000e+01
      vertex   5.286348e+01 2.650000e+01 1.223853e+01
      vertex   5.354083e+01 2.650000e+01 1.274677e+01
    endloop
  endfacet
  facet normal -1.336591e-16 -1.000000e+00 2.058179e-16
    outer loop
      vertex   5.354083e+01 2.650000e+01 1.274677e+01
      vertex   5.425105e+01 2.650000e+01 1.320799e+01
      vertex   -4.470348e-08 2.650000e+01 1.250000e+01
    endloop
  endfacet
  facet normal -1.341154e-16 -1.000000e+00 2.407843e-16
    outer loop
      vertex   -4.470348e-08 2.650000e+01 1.250000e+01
      vertex   5.425105e+01 2.650000e+01 1.320799e+01
      vertex   5.499086e+01 2.650000e+01 1.362006e+01
    endloop
  endfacet
  facet normal -9.166196e-17 -1.000000e+00 -1.843522e-15
    outer loop
      vertex   -4.470348e-08 2.650000e+01 1.250000e+01
      vertex   5.499086e+01 2.650000e+01 1.362006e+01
      vertex   -5.349315e+00 2.650000e+01 1.662024e+01
    endloop
  endfacet
  facet normal 0.000000e+00 -1.000000e+00 0.000000e+00
    outer loop
      vertex   -5.349315e+00 2.650000e+01 1.662024e+01
      vertex   5.499086e+01 2.650000e+01 1.362006e+01
      vertex   -5.155791e+00 2.650000e+01 1.734253e+01
    endloop
  endfacet
  facet normal 0.000000e+00 -1.000000e+00 0.000000e+00
    outer loop
      vertex   -5.155791e+00 2.650000e+01 1.734253e+01
      vertex   5.499086e+01 2.650000e+01 1.362006e+01
      vertex   5.575688e+01 2.650000e+01 1.398110e+01
    endloop
  endfacet
  facet normal 0.000000e+00 -1.000000e+00 0.000000e+00
    outer loop
      vertex   -5.155791e+00 2.650000e+01 1.734253e+01
      vertex   5.575688e+01 2.650000e+01 1.398110e+01
      vertex   -4.908835e+00 2.650000e+01 1.804835e+01
    endloop
  endfacet
  facet normal 0.000000e+00 -1.000000e+00 0.000000e+00
    outer loop
      vertex   -4.908835e+00 2.650000e+01 1.804835e+01
      vertex   5.575688e+01 2.650000e+01 1.398110e+01
      vertex   -4.609828e+00 2.650000e+01 1.873374e+01
    endloop
  endfacet
  facet normal 0.000000e+00 -1.000000e+00 0.000000e+00
    outer loop
      vertex   -4.609828e+00 2.650000e+01 1.873374e+01
      vertex   5.575688e+01 2.650000e+01 1.398110e+01
      vertex   5.654558e+01 2.650000e+01 1.428944e+01
    endloop
  endfacet
  facet normal 0.000000e+00 -1.000000e+00 0.000000e+00
    outer loop
      vertex   -4.609828e+00 2.650000e+01 1.873374e+01
      vertex   5.654558e+01 2.650000e+01 1.428944e+01
      vertex   -4.260441e+00 2.650000e+01 1.939486e+01
    endloop
  endfacet
  facet normal 0.000000e+00 -1.000000e+00 0.000000e+00
    outer loop
      vertex   -4.260441e+00 2.650000e+01 1.939486e+01
      vertex   5.654558e+01 2.650000e+01 1.428944e+01
      vertex   -3.862628e+00 2.650000e+01 2.002803e+01
    endloop
  endfacet
  facet normal 0.000000e+00 -1.000000e+00 0.000000e+00
    outer loop
      vertex   -3.862628e+00 2.650000e+01 2.002803e+01
      vertex   5.654558e+01 2.650000e+01 1.428944e+01
      vertex   5.735335e+01 2.650000e+01 1.454367e+01
    endloop
  endfacet
  facet normal 0.000000e+00 -1.000000e+00 0.000000e+00
    outer loop
      vertex   -3.862628e+00 2.650000e+01 2.002803e+01
      vertex   5.735335e+01 2.650000e+01 1.454367e+01
      vertex   -3.418615e+00 2.650000e+01 2.062971e+01
    endloop
  endfacet
  facet normal 0.000000e+00 -1.000000e+00 0.000000e+00
    outer loop
      vertex   -3.418615e+00 2.650000e+01 2.062971e+01
      vertex   5.735335e+01 2.650000e+01 1.454367e+01
      vertex   -2.930882e+00 2.650000e+01 2.119652e+01
    endloop
  endfacet
  facet normal 0.000000e+00 -1.000000e+00 0.000000e+00
    outer loop
      vertex   -2.930882e+00 2.650000e+01 2.119652e+01
      vertex   5.735335e+01 2.650000e+01 1.454367e+01
      vertex   -2.402158e+00 2.650000e+01 2.172531e+01
    endloop
  endfacet
  facet normal 0.000000e+00 -1.000000e+00 0.000000e+00
    outer loop
      vertex   -2.402158e+00 2.650000e+01 2.172531e+01
      vertex   5.735335e+01 2.650000e+01 1.454367e+01
      vertex   2.908574e+00 2.650000e+01 2.428334e+01
    endloop
  endfacet
  facet normal 0.000000e+00 -1.000000e+00 0.000000e+00
    outer loop
      vertex   -2.402158e+00 2.650000e+01 2.172531e+01
      vertex   2.908574e+00 2.650000e+01 2.428334e+01
      vertex   -1.835399e+00 2.650000e+01 2.221310e+01
    endloop
  endfacet
  facet normal 0.000000e+00 -1.000000e+00 0.000000e+00
    outer loop
      vertex   -1.835399e+00 2.650000e+01 2.221310e+01
      vertex   2.908574e+00 2.650000e+01 2.428334e+01
      vertex   -1.233774e+00 2.650000e+01 2.265718e+01
    endloop
  endfacet
  facet normal 0.000000e+00 -1.000000e+00 0.000000e+00
    outer loop
      vertex   -1.233774e+00 2.650000e+01 2.265718e+01
      vertex   2.908574e+00 2.650000e+01 2.428334e+01
      vertex   -6.006477e-01 2.650000e+01 2.305507e+01
    endloop
  endfacet
  facet normal 0.000000e+00 -1.000000e+00 0.000000e+00
    outer loop
      vertex   -6.006477e-01 2.650000e+01 2.305507e+01
      vertex   2.908574e+00 2.650000e+01 2.428334e+01
      vertex   6.044061e-02 2.650000e+01 2.340453e+01
    endloop
  endfacet
  facet normal 0.000000e+00 -1.000000e+00 0.000000e+00
    outer loop
      vertex   6.044061e-02 2.650000e+01 2.340453e+01
      vertex   2.908574e+00 2.650000e+01 2.428334e+01
      vertex   7.457941e-01 2.650000e+01 2.370361e+01
    endloop
  endfacet
  facet normal 0.000000e+00 -1.000000e+00 0.000000e+00
    outer loop
      vertex   7.457941e-01 2.650000e+01 2.370361e+01
      vertex   2.908574e+00 2.650000e+01 2.428334e+01
      vertex   1.451580e+00 2.650000e+01 2.395065e+01
    endloop
  endfacet
  facet normal 0.000000e+00 -1.000000e+00 0.000000e+00
    outer loop
      vertex   1.451580e+00 2.650000e+01 2.395065e+01
      vertex   2.908574e+00 2.650000e+01 2.428334e+01
      vertex   2.173853e+00 2.650000e+01 2.414425e+01
    endloop
  endfacet
  facet normal 0.000000e+00 -1.000000e+00 0.000000e+00
    outer loop
      vertex   5.735335e+01 2.650000e+01 1.454367e+01
      vertex   5.817648e+01 2.650000e+01 1.474262e+01
      vertex   2.908574e+00 2.650000e+01 2.428334e+01
    endloop
  endfacet
  facet normal 0.000000e+00 -1.000000e+00 0.000000e+00
    outer loop
      vertex   2.908574e+00 2.650000e+01 2.428334e+01
      vertex   5.817648e+01 2.650000e+01 1.474262e+01
      vertex   5.901119e+01 2.650000e+01 1.488539e+01
    endloop
  endfacet
  facet normal 0.000000e+00 -1.000000e+00 0.000000e+00
    outer loop
      vertex   2.908574e+00 2.650000e+01 2.428334e+01
      vertex   5.901119e+01 2.650000e+01 1.488539e+01
      vertex   5.985365e+01 2.650000e+01 1.497131e+01
    endloop
  endfacet
  facet normal -3.282601e-17 -1.000000e+00 -2.007382e-16
    outer loop
      vertex   2.908574e+00 2.650000e+01 2.428334e+01
      vertex   5.985365e+01 2.650000e+01 1.497131e+01
      vertex   5.920857e+01 2.650000e+01 3.277505e+01
    endloop
  endfacet
  facet normal 6.754964e-18 -1.000000e+00 -1.993040e-16
    outer loop
      vertex   5.920857e+01 2.650000e+01 3.277505e+01
      vertex   5.985365e+01 2.650000e+01 1.497131e+01
      vertex   6.070000e+01 2.650000e+01 1.500000e+01
    endloop
  endfacet
  facet normal 0.000000e+00 -1.000000e+00 -1.998708e-16
    outer loop
      vertex   5.920857e+01 2.650000e+01 3.277505e+01
      vertex   6.070000e+01 2.650000e+01 1.500000e+01
      vertex   6.219143e+01 2.650000e+01 3.277505e+01
    endloop
  endfacet
  facet normal -6.754964e-18 -1.000000e+00 -1.993040e-16
    outer loop
      vertex   6.219143e+01 2.650000e+01 3.277505e+01
      vertex   6.070000e+01 2.650000e+01 1.500000e+01
      vertex   6.154635e+01 2.650000e+01 1.497131e+01
    endloop
  endfacet
  facet normal 3.282601e-17 -1.000000e+00 -2.007382e-16
    outer loop
      vertex   6.219143e+01 2.650000e+01 3.277505e+01
      vertex   6.154635e+01 2.650000e+01 1.497131e+01
      vertex   1.184914e+02 2.650000e+01 2.428334e+01
    endloop
  endfacet
  facet normal 0.000000e+00 -1.000000e+00 0.000000e+00
    outer loop
      vertex   1.184914e+02 2.650000e+01 2.428334e+01
      vertex   6.154635e+01 2.650000e+01 1.497131e+01
      vertex   6.238881e+01 2.650000e+01 1.488539e+01
    endloop
  endfacet
  facet normal 0.000000e+00 -1.000000e+00 0.000000e+00
    outer loop
      vertex   1.184914e+02 2.650000e+01 2.428334e+01
      vertex   6.238881e+01 2.650000e+01 1.488539e+01
      vertex   6.322352e+01 2.650000e+01 1.474262e+01
    endloop
  endfacet
  facet normal 0.000000e+00 -1.000000e+00 0.000000e+00
    outer loop
      vertex   6.322352e+01 2.650000e+01 1.474262e+01
      vertex   6.404665e+01 2.650000e+01 1.454367e+01
      vertex   1.184914e+02 2.650000e+01 2.428334e+01
    endloop
  endfacet
  facet normal 0.000000e+00 -1.000000e+00 -0.000000e+00
    outer loop
      vertex   1.184914e+02 2.650000e+01 2.428334e+01
      vertex   6.404665e+01 2.650000e+01 1.454367e+01
      vertex   1.238022e+02 2.650000e+01 2.172531e+01
    endloop
  endfacet
  facet normal 0.000000e+00 -1.000000e+00 0.000000e+00
    outer loop
      vertex   1.184914e+02 2.650000e+01 2.428334e+01
      vertex   1.238022e+02 2.650000e+01 2.172531e+01
      vertex   1.232354e+02 2.650000e+01 2.221310e+01
    endloop
  endfacet
  facet normal 0.000000e+00 -1.000000e+00 0.000000e+00
    outer loop
      vertex   6.485442e+01 2.650000e+01 1.428944e+01
      vertex   1.252626e+02 2.650000e+01 2.002803e+01
      vertex   6.404665e+01 2.650000e+01 1.454367e+01
    endloop
  endfacet
  facet normal 0.000000e+00 -1.000000e+00 0.000000e+00
    outer loop
      vertex   6.404665e+01 2.650000e+01 1.454367e+01
      vertex   1.252626e+02 2.650000e+01 2.002803e+01
      vertex   1.248186e+02 2.650000e+01 2.062971e+01
    endloop
  endfacet
  facet normal 0.000000e+00 -1.000000e+00 0.000000e+00
    outer loop
      vertex   6.404665e+01 2.650000e+01 1.454367e+01
      vertex   1.248186e+02 2.650000e+01 2.062971e+01
      vertex   1.243309e+02 2.650000e+01 2.119652e+01
    endloop
  endfacet
  facet normal 0.000000e+00 -1.000000e+00 0.000000e+00
    outer loop
      vertex   6.564312e+01 2.650000e+01 1.398110e+01
      vertex   1.260098e+02 2.650000e+01 1.873374e+01
      vertex   6.485442e+01 2.650000e+01 1.428944e+01
    endloop
  endfacet
  facet normal 0.000000e+00 -1.000000e+00 0.000000e+00
    outer loop
      vertex   6.485442e+01 2.650000e+01 1.428944e+01
      vertex   1.260098e+02 2.650000e+01 1.873374e+01
      vertex   1.256604e+02 2.650000e+01 1.939486e+01
    endloop
  endfacet
  facet normal 0.000000e+00 -1.000000e+00 0.000000e+00
    outer loop
      vertex   6.485442e+01 2.650000e+01 1.428944e+01
      vertex   1.256604e+02 2.650000e+01 1.939486e+01
      vertex   1.252626e+02 2.650000e+01 2.002803e+01
    endloop
  endfacet
  facet normal 0.000000e+00 -1.000000e+00 0.000000e+00
    outer loop
      vertex   6.640914e+01 2.650000e+01 1.362006e+01
      vertex   1.265558e+02 2.650000e+01 1.734253e+01
      vertex   6.564312e+01 2.650000e+01 1.398110e+01
    endloop
  endfacet
  facet normal 0.000000e+00 -1.000000e+00 0.000000e+00
    outer loop
      vertex   6.564312e+01 2.650000e+01 1.398110e+01
      vertex   1.265558e+02 2.650000e+01 1.734253e+01
      vertex   1.263088e+02 2.650000e+01 1.804835e+01
    endloop
  endfacet
  facet normal 0.000000e+00 -1.000000e+00 0.000000e+00
    outer loop
      vertex   6.564312e+01 2.650000e+01 1.398110e+01
      vertex   1.263088e+02 2.650000e+01 1.804835e+01
      vertex   1.260098e+02 2.650000e+01 1.873374e+01
    endloop
  endfacet
  facet normal 1.341154e-16 -1.000000e+00 2.407843e-16
    outer loop
      vertex   6.714895e+01 2.650000e+01 1.320799e+01
      vertex   1.214000e+02 2.650000e+01 1.250000e+01
      vertex   6.640914e+01 2.650000e+01 1.362006e+01
    endloop
  endfacet
  facet normal 9.166196e-17 -1.000000e+00 -1.843522e-15
    outer loop
      vertex   6.640914e+01 2.650000e+01 1.362006e+01
      vertex   1.214000e+02 2.650000e+01 1.250000e+01
      vertex   1.267493e+02 2.650000e+01 1.662024e+01
    endloop
  endfacet
  facet normal 0.000000e+00 -1.000000e+00 0.000000e+00
    outer loop
      vertex   6.640914e+01 2.650000e+01 1.362006e+01
      vertex   1.267493e+02 2.650000e+01 1.662024e+01
      vertex   1.265558e+02 2.650000e+01 1.734253e+01
    endloop
  endfacet
  facet normal 1.336591e-16 -1.000000e+00 2.058179e-16
    outer loop
      vertex   6.714895e+01 2.650000e+01 1.320799e+01
      vertex   6.785917e+01 2.650000e+01 1.274677e+01
      vertex   1.214000e+02 2.650000e+01 1.250000e+01
    endloop
  endfacet
  facet normal 6.869630e-17 -1.000000e+00 -1.388876e-14
    outer loop
      vertex   1.214000e+02 2.650000e+01 1.250000e+01
      vertex   6.785917e+01 2.650000e+01 1.274677e+01
      vertex   6.853652e+01 2.650000e+01 1.223853e+01
    endloop
  endfacet
  facet normal 0.000000e+00 -1.000000e+00 0.000000e+00
    outer loop
      vertex   1.214000e+02 2.650000e+01 1.250000e+01
      vertex   6.853652e+01 2.650000e+01 1.223853e+01
      vertex   6.917791e+01 2.650000e+01 1.168559e+01
    endloop
  endfacet
  facet normal 0.000000e+00 -1.000000e+00 0.000000e+00
    outer loop
      vertex   6.917791e+01 2.650000e+01 1.168559e+01
      vertex   6.978039e+01 2.650000e+01 1.109049e+01
      vertex   1.214000e+02 2.650000e+01 1.250000e+01
    endloop
  endfacet
  facet normal 0.000000e+00 -1.000000e+00 0.000000e+00
    outer loop
      vertex   1.214000e+02 2.650000e+01 1.250000e+01
      vertex   6.978039e+01 2.650000e+01 1.109049e+01
      vertex   7.034120e+01 2.650000e+01 1.045596e+01
    endloop
  endfacet
  facet normal 0.000000e+00 -1.000000e+00 0.000000e+00
    outer loop
      vertex   1.214000e+02 2.650000e+01 1.250000e+01
      vertex   7.034120e+01 2.650000e+01 1.045596e+01
      vertex   7.085775e+01 2.650000e+01 9.784920e+00
    endloop
  endfacet
  facet normal 0.000000e+00 -1.000000e+00 0.000000e+00
    outer loop
      vertex   7.085775e+01 2.650000e+01 9.784920e+00
      vertex   7.132769e+01 2.650000e+01 9.080444e+00
      vertex   1.214000e+02 2.650000e+01 1.250000e+01
    endloop
  endfacet
  facet normal 0.000000e+00 -1.000000e+00 0.000000e+00
    outer loop
      vertex   1.214000e+02 2.650000e+01 1.250000e+01
      vertex   7.132769e+01 2.650000e+01 9.080444e+00
      vertex   7.174885e+01 2.650000e+01 8.345766e+00
    endloop
  endfacet
  facet normal 0.000000e+00 -1.000000e+00 0.000000e+00
    outer loop
      vertex   1.214000e+02 2.650000e+01 1.250000e+01
      vertex   7.174885e+01 2.650000e+01 8.345766e+00
      vertex   7.211930e+01 2.650000e+01 7.584259e+00
    endloop
  endfacet
  facet normal 0.000000e+00 -1.000000e+00 -0.000000e+00
    outer loop
      vertex   1.214000e+02 2.650000e+01 1.250000e+01
      vertex   7.211930e+01 2.650000e+01 7.584259e+00
      vertex   1.214000e+02 2.650000e+01 3.500000e+00
    endloop
  endfacet
  facet normal 0.000000e+00 -1.000000e+00 0.000000e+00
    outer loop
      vertex   1.214000e+02 2.650000e+01 3.500000e+00
      vertex   7.211930e+01 2.650000e+01 7.584259e+00
      vertex   7.243733e+01 2.650000e+01 6.799417e+00
    endloop
  endfacet
  facet normal 0.000000e+00 -1.000000e+00 0.000000e+00
    outer loop
      vertex   1.214000e+02 2.650000e+01 3.500000e+00
      vertex   7.243733e+01 2.650000e+01 6.799417e+00
      vertex   7.270150e+01 2.650000e+01 5.994842e+00
    endloop
  endfacet
  facet normal 0.000000e+00 -1.000000e+00 0.000000e+00
    outer loop
      vertex   7.270150e+01 2.650000e+01 5.994842e+00
      vertex   7.291059e+01 2.650000e+01 5.174227e+00
      vertex   1.214000e+02 2.650000e+01 3.500000e+00
    endloop
  endfacet
  facet normal 0.000000e+00 -1.000000e+00 0.000000e+00
    outer loop
      vertex   1.214000e+02 2.650000e+01 3.500000e+00
      vertex   7.291059e+01 2.650000e+01 5.174227e+00
      vertex   7.306363e+01 2.650000e+01 4.341339e+00
    endloop
  endfacet
  facet normal -0.000000e+00 -1.000000e+00 0.000000e+00
    outer loop
      vertex   1.214000e+02 2.650000e+01 3.500000e+00
      vertex   7.306363e+01 2.650000e+01 4.341339e+00
      vertex   7.315994e+01 2.650000e+01 3.500000e+00
    endloop
  endfacet
  facet normal -0.000000e+00 -1.000000e+00 -3.749195e-15
    outer loop
      vertex   1.270000e+02 2.650000e+01 1.250000e+01
      vertex   1.270000e+02 2.650000e+01 1.439519e+01
      vertex   1.214000e+02 2.650000e+01 1.250000e+01
    endloop
  endfacet
  facet normal -1.252961e-15 -1.000000e+00 -4.687915e-17
    outer loop
      vertex   1.214000e+02 2.650000e+01 1.250000e+01
      vertex   1.270000e+02 2.650000e+01 1.439519e+01
      vertex   1.269720e+02 2.650000e+01 1.514244e+01
    endloop
  endfacet
  facet normal -1.210516e-15 -1.000000e+00 -1.363826e-16
    outer loop
      vertex   1.214000e+02 2.650000e+01 1.250000e+01
      vertex   1.269720e+02 2.650000e+01 1.514244e+01
      vertex   1.268883e+02 2.650000e+01 1.588550e+01
    endloop
  endfacet
  facet normal -1.159341e-15 -1.000000e+00 -2.193431e-16
    outer loop
      vertex   1.268883e+02 2.650000e+01 1.588550e+01
      vertex   1.267493e+02 2.650000e+01 1.662024e+01
      vertex   1.214000e+02 2.650000e+01 1.250000e+01
    endloop
  endfacet
  facet normal -0.000000e+00 -1.000000e+00 0.000000e+00
    outer loop
      vertex   1.243309e+02 2.650000e+01 2.119652e+01
      vertex   1.238022e+02 2.650000e+01 2.172531e+01
      vertex   6.404665e+01 2.650000e+01 1.454367e+01
    endloop
  endfacet
  facet normal 0.000000e+00 -1.000000e+00 0.000000e+00
    outer loop
      vertex   1.232354e+02 2.650000e+01 2.221310e+01
      vertex   1.226338e+02 2.650000e+01 2.265718e+01
      vertex   1.184914e+02 2.650000e+01 2.428334e+01
    endloop
  endfacet
  facet normal 0.000000e+00 -1.000000e+00 0.000000e+00
    outer loop
      vertex   1.184914e+02 2.650000e+01 2.428334e+01
      vertex   1.226338e+02 2.650000e+01 2.265718e+01
      vertex   1.220006e+02 2.650000e+01 2.305507e+01
    endloop
  endfacet
  facet normal 0.000000e+00 -1.000000e+00 0.000000e+00
    outer loop
      vertex   1.184914e+02 2.650000e+01 2.428334e+01
      vertex   1.220006e+02 2.650000e+01 2.305507e+01
      vertex   1.213396e+02 2.650000e+01 2.340453e+01
    endloop
  endfacet
  facet normal 0.000000e+00 -1.000000e+00 0.000000e+00
    outer loop
      vertex   1.213396e+02 2.650000e+01 2.340453e+01
      vertex   1.206542e+02 2.650000e+01 2.370361e+01
      vertex   1.184914e+02 2.650000e+01 2.428334e+01
    endloop
  endfacet
  facet normal 0.000000e+00 -1.000000e+00 0.000000e+00
    outer loop
      vertex   1.184914e+02 2.650000e+01 2.428334e+01
      vertex   1.206542e+02 2.650000e+01 2.370361e+01
      vertex   1.199484e+02 2.650000e+01 2.395065e+01
    endloop
  endfacet
  facet normal 0.000000e+00 -1.000000e+00 0.000000e+00
    outer loop
      vertex   1.184914e+02 2.650000e+01 2.428334e+01
      vertex   1.199484e+02 2.650000e+01 2.395065e+01
      vertex   1.192261e+02 2.650000e+01 2.414425e+01
    endloop
  endfacet
  facet normal 0.000000e+00 -1.000000e+00 4.237335e-14
    outer loop
      vertex   5.920857e+01 2.650000e+01 3.277505e+01
      vertex   6.219143e+01 2.650000e+01 3.277505e+01
      vertex   5.995219e+01 2.650000e+01 3.285889e+01
    endloop
  endfacet
  facet normal 0.000000e+00 -1.000000e+00 4.237335e-14
    outer loop
      vertex   5.995219e+01 2.650000e+01 3.285889e+01
      vertex   6.219143e+01 2.650000e+01 3.277505e+01
      vertex   6.144781e+01 2.650000e+01 3.285889e+01
    endloop
  endfacet
  facet normal 0.000000e+00 -1.000000e+00 -1.268828e-13
    outer loop
      vertex   5.995219e+01 2.650000e+01 3.285889e+01
      vertex   6.144781e+01 2.650000e+01 3.285889e+01
      vertex   6.070000e+01 2.650000e+01 3.288689e+01
    endloop
  endfacet
  facet normal 1.159341e-15 -1.000000e+00 -2.193431e-16
    outer loop
      vertex   -5.349315e+00 2.650000e+01 1.662024e+01
      vertex   -5.488324e+00 2.650000e+01 1.588550e+01
      vertex   -4.470348e-08 2.650000e+01 1.250000e+01
    endloop
  endfacet
  facet normal 1.210516e-15 -1.000000e+00 -1.363826e-16
    outer loop
      vertex   -4.470348e-08 2.650000e+01 1.250000e+01
      vertex   -5.488324e+00 2.650000e+01 1.588550e+01
      vertex   -5.572042e+00 2.650000e+01 1.514244e+01
    endloop
  endfacet
  facet normal 1.252961e-15 -1.000000e+00 -4.687915e-17
    outer loop
      vertex   -4.470348e-08 2.650000e+01 1.250000e+01
      vertex   -5.572042e+00 2.650000e+01 1.514244e+01
      vertex   -5.600000e+00 2.650000e+01 1.439519e+01
    endloop
  endfacet
  facet normal 0.000000e+00 -1.000000e+00 -3.749195e-15
    outer loop
      vertex   -5.600000e+00 2.650000e+01 1.439519e+01
      vertex   -5.600000e+00 2.650000e+01 1.250000e+01
      vertex   -4.470348e-08 2.650000e+01 1.250000e+01
    endloop
  endfacet
  facet normal -1.491426e-01 -7.025958e-16 9.888157e-01
    outer loop
      vertex   2.908574e+00 2.650000e+01 2.428334e+01
      vertex   5.920857e+01 2.650000e+01 3.277505e+01
      vertex   2.908574e+00 3.150000e+01 2.428334e+01
    endloop
  endfacet
  facet normal -1.491426e-01 3.442913e-17 9.888157e-01
    outer loop
      vertex   2.908574e+00 3.150000e+01 2.428334e+01
      vertex   5.920857e+01 2.650000e+01 3.277505e+01
      vertex   5.920857e+01 3.150000e+01 3.277505e+01
    endloop
  endfacet
  facet normal -1.860087e-01 -6.981424e-16 9.825481e-01
    outer loop
      vertex   2.908574e+00 2.650000e+01 2.428334e+01
      vertex   2.908574e+00 3.150000e+01 2.428334e+01
      vertex   2.173853e+00 2.650000e+01 2.414425e+01
    endloop
  endfacet
  facet normal -1.860087e-01 0.000000e+00 9.825481e-01
    outer loop
      vertex   2.173853e+00 2.650000e+01 2.414425e+01
      vertex   2.908574e+00 3.150000e+01 2.428334e+01
      vertex   2.173853e+00 3.150000e+01 2.414425e+01
    endloop
  endfacet
  facet normal -2.589094e-01 0.000000e+00 9.659016e-01
    outer loop
      vertex   2.173853e+00 2.650000e+01 2.414425e+01
      vertex   2.173853e+00 3.150000e+01 2.414425e+01
      vertex   1.451580e+00 2.650000e+01 2.395065e+01
    endloop
  endfacet
  facet normal -2.589094e-01 0.000000e+00 9.659016e-01
    outer loop
      vertex   1.451580e+00 2.650000e+01 2.395065e+01
      vertex   2.173853e+00 3.150000e+01 2.414425e+01
      vertex   1.451580e+00 3.150000e+01 2.395065e+01
    endloop
  endfacet
  facet normal -3.303623e-01 0.000000e+00 9.438542e-01
    outer loop
      vertex   1.451580e+00 2.650000e+01 2.395065e+01
      vertex   1.451580e+00 3.150000e+01 2.395065e+01
      vertex   7.457941e-01 2.650000e+01 2.370361e+01
    endloop
  endfacet
  facet normal -3.303623e-01 0.000000e+00 9.438542e-01
    outer loop
      vertex   7.457941e-01 2.650000e+01 2.370361e+01
      vertex   1.451580e+00 3.150000e+01 2.395065e+01
      vertex   7.457941e-01 3.150000e+01 2.370361e+01
    endloop
  endfacet
  facet normal -3.999679e-01 0.000000e+00 9.165291e-01
    outer loop
      vertex   7.457941e-01 2.650000e+01 2.370361e+01
      vertex   7.457941e-01 3.150000e+01 2.370361e+01
      vertex   6.044061e-02 2.650000e+01 2.340453e+01
    endloop
  endfacet
  facet normal -3.999679e-01 0.000000e+00 9.165291e-01
    outer loop
      vertex   6.044061e-02 2.650000e+01 2.340453e+01
      vertex   7.457941e-01 3.150000e+01 2.370361e+01
      vertex   6.044061e-02 3.150000e+01 2.340453e+01
    endloop
  endfacet
  facet normal -4.673371e-01 0.000000e+00 8.840792e-01
    outer loop
      vertex   6.044061e-02 2.650000e+01 2.340453e+01
      vertex   6.044061e-02 3.150000e+01 2.340453e+01
      vertex   -6.006477e-01 2.650000e+01 2.305507e+01
    endloop
  endfacet
  facet normal -4.673371e-01 5.188484e-17 8.840792e-01
    outer loop
      vertex   -6.006477e-01 2.650000e+01 2.305507e+01
      vertex   6.044061e-02 3.150000e+01 2.340453e+01
      vertex   -6.006477e-01 3.150000e+01 2.305507e+01
    endloop
  endfacet
  facet normal -5.320931e-01 5.907421e-17 8.466858e-01
    outer loop
      vertex   -6.006477e-01 2.650000e+01 2.305507e+01
      vertex   -6.006477e-01 3.150000e+01 2.305507e+01
      vertex   -1.233774e+00 2.650000e+01 2.265718e+01
    endloop
  endfacet
  facet normal -5.320931e-01 7.088905e-17 8.466858e-01
    outer loop
      vertex   -1.233774e+00 2.650000e+01 2.265718e+01
      vertex   -6.006477e-01 3.150000e+01 2.305507e+01
      vertex   -1.233774e+00 3.150000e+01 2.265718e+01
    endloop
  endfacet
  facet normal -5.938739e-01 7.911990e-17 8.045581e-01
    outer loop
      vertex   -1.233774e+00 2.650000e+01 2.265718e+01
      vertex   -1.233774e+00 3.150000e+01 2.265718e+01
      vertex   -1.835399e+00 2.650000e+01 2.221310e+01
    endloop
  endfacet
  facet normal -5.938739e-01 5.274660e-17 8.045581e-01
    outer loop
      vertex   -1.835399e+00 2.650000e+01 2.221310e+01
      vertex   -1.233774e+00 3.150000e+01 2.265718e+01
      vertex   -1.835399e+00 3.150000e+01 2.221310e+01
    endloop
  endfacet
  facet normal -6.523340e-01 5.793890e-17 7.579316e-01
    outer loop
      vertex   -1.835399e+00 2.650000e+01 2.221310e+01
      vertex   -1.835399e+00 3.150000e+01 2.221310e+01
      vertex   -2.402158e+00 2.650000e+01 2.172531e+01
    endloop
  endfacet
  facet normal -6.523340e-01 0.000000e+00 7.579316e-01
    outer loop
      vertex   -2.402158e+00 2.650000e+01 2.172531e+01
      vertex   -1.835399e+00 3.150000e+01 2.221310e+01
      vertex   -2.402158e+00 3.150000e+01 2.172531e+01
    endloop
  endfacet
  facet normal -7.071464e-01 0.000000e+00 7.070671e-01
    outer loop
      vertex   -2.402158e+00 2.650000e+01 2.172531e+01
      vertex   -2.402158e+00 3.150000e+01 2.172531e+01
      vertex   -2.930882e+00 2.650000e+01 2.119652e+01
    endloop
  endfacet
  facet normal -7.071464e-01 0.000000e+00 7.070671e-01
    outer loop
      vertex   -2.930882e+00 2.650000e+01 2.119652e+01
      vertex   -2.402158e+00 3.150000e+01 2.172531e+01
      vertex   -2.930882e+00 3.150000e+01 2.119652e+01
    endloop
  endfacet
  facet normal -7.580048e-01 0.000000e+00 6.522489e-01
    outer loop
      vertex   -2.930882e+00 2.650000e+01 2.119652e+01
      vertex   -2.930882e+00 3.150000e+01 2.119652e+01
      vertex   -3.418615e+00 2.650000e+01 2.062971e+01
    endloop
  endfacet
  facet normal -7.580048e-01 0.000000e+00 6.522489e-01
    outer loop
      vertex   -3.418615e+00 2.650000e+01 2.062971e+01
      vertex   -2.930882e+00 3.150000e+01 2.119652e+01
      vertex   -3.418615e+00 3.150000e+01 2.062971e+01
    endloop
  endfacet
  facet normal -8.046247e-01 0.000000e+00 5.937836e-01
    outer loop
      vertex   -3.418615e+00 2.650000e+01 2.062971e+01
      vertex   -3.418615e+00 3.150000e+01 2.062971e+01
      vertex   -3.862628e+00 2.650000e+01 2.002803e+01
    endloop
  endfacet
  facet normal -8.046247e-01 0.000000e+00 5.937836e-01
    outer loop
      vertex   -3.862628e+00 2.650000e+01 2.002803e+01
      vertex   -3.418615e+00 3.150000e+01 2.062971e+01
      vertex   -3.862628e+00 3.150000e+01 2.002803e+01
    endloop
  endfacet
  facet normal -8.467455e-01 0.000000e+00 5.319981e-01
    outer loop
      vertex   -3.862628e+00 2.650000e+01 2.002803e+01
      vertex   -3.862628e+00 3.150000e+01 2.002803e+01
      vertex   -4.260441e+00 2.650000e+01 1.939486e+01
    endloop
  endfacet
  facet normal -8.467455e-01 -2.275952e-16 5.319981e-01
    outer loop
      vertex   -4.260441e+00 2.650000e+01 1.939486e+01
      vertex   -3.862628e+00 3.150000e+01 2.002803e+01
      vertex   -4.260441e+00 3.150000e+01 1.939486e+01
    endloop
  endfacet
  facet normal -8.841316e-01 -1.749392e-16 4.672379e-01
    outer loop
      vertex   -4.260441e+00 2.650000e+01 1.939486e+01
      vertex   -4.260441e+00 3.150000e+01 1.939486e+01
      vertex   -4.609828e+00 2.650000e+01 1.873374e+01
    endloop
  endfacet
  facet normal -8.841316e-01 -1.749392e-16 4.672379e-01
    outer loop
      vertex   -4.609828e+00 2.650000e+01 1.873374e+01
      vertex   -4.260441e+00 3.150000e+01 1.939486e+01
      vertex   -4.609828e+00 3.150000e+01 1.873374e+01
    endloop
  endfacet
  facet normal -9.165740e-01 -1.213050e-16 3.998651e-01
    outer loop
      vertex   -4.609828e+00 2.650000e+01 1.873374e+01
      vertex   -4.609828e+00 3.150000e+01 1.873374e+01
      vertex   -4.908835e+00 2.650000e+01 1.804835e+01
    endloop
  endfacet
  facet normal -9.165740e-01 0.000000e+00 3.998651e-01
    outer loop
      vertex   -4.908835e+00 2.650000e+01 1.804835e+01
      vertex   -4.609828e+00 3.150000e+01 1.873374e+01
      vertex   -4.908835e+00 3.150000e+01 1.804835e+01
    endloop
  endfacet
  facet normal -9.438913e-01 0.000000e+00 3.302564e-01
    outer loop
      vertex   -4.908835e+00 2.650000e+01 1.804835e+01
      vertex   -4.908835e+00 3.150000e+01 1.804835e+01
      vertex   -5.155791e+00 2.650000e+01 1.734253e+01
    endloop
  endfacet
  facet normal -9.438913e-01 0.000000e+00 3.302564e-01
    outer loop
      vertex   -5.155791e+00 2.650000e+01 1.734253e+01
      vertex   -4.908835e+00 3.150000e+01 1.804835e+01
      vertex   -5.155791e+00 3.150000e+01 1.734253e+01
    endloop
  endfacet
  facet normal -9.659307e-01 0.000000e+00 2.588010e-01
    outer loop
      vertex   -5.155791e+00 2.650000e+01 1.734253e+01
      vertex   -5.155791e+00 3.150000e+01 1.734253e+01
      vertex   -5.349315e+00 2.650000e+01 1.662024e+01
    endloop
  endfacet
  facet normal -9.659307e-01 0.000000e+00 2.588010e-01
    outer loop
      vertex   -5.349315e+00 2.650000e+01 1.662024e+01
      vertex   -5.155791e+00 3.150000e+01 1.734253e+01
      vertex   -5.349315e+00 3.150000e+01 1.662024e+01
    endloop
  endfacet
  facet normal -9.825690e-01 0.000000e+00 1.858985e-01
    outer loop
      vertex   -5.349315e+00 2.650000e+01 1.662024e+01
      vertex   -5.349315e+00 3.150000e+01 1.662024e+01
      vertex   -5.488324e+00 2.650000e+01 1.588550e+01
    endloop
  endfacet
  facet normal -9.825690e-01 0.000000e+00 1.858985e-01
    outer loop
      vertex   -5.488324e+00 2.650000e+01 1.588550e+01
      vertex   -5.349315e+00 3.150000e+01 1.662024e+01
      vertex   -5.488324e+00 3.150000e+01 1.588550e+01
    endloop
  endfacet
  facet normal -9.937131e-01 0.000000e+00 1.119565e-01
    outer loop
      vertex   -5.488324e+00 2.650000e+01 1.588550e+01
      vertex   -5.488324e+00 3.150000e+01 1.588550e+01
      vertex   -5.572042e+00 2.650000e+01 1.514244e+01
    endloop
  endfacet
  facet normal -9.937131e-01 0.000000e+00 1.119565e-01
    outer loop
      vertex   -5.572042e+00 2.650000e+01 1.514244e+01
      vertex   -5.488324e+00 3.150000e+01 1.588550e+01
      vertex   -5.572042e+00 3.150000e+01 1.514244e+01
    endloop
  endfacet
  facet normal -9.993008e-01 0.000000e+00 3.738852e-02
    outer loop
      vertex   -5.572042e+00 2.650000e+01 1.514244e+01
      vertex   -5.572042e+00 3.150000e+01 1.514244e+01
      vertex   -5.600000e+00 2.650000e+01 1.439519e+01
    endloop
  endfacet
  facet normal -9.993008e-01 0.000000e+00 3.738852e-02
    outer loop
      vertex   -5.600000e+00 2.650000e+01 1.439519e+01
      vertex   -5.572042e+00 3.150000e+01 1.514244e+01
      vertex   -5.600000e+00 3.150000e+01 1.439519e+01
    endloop
  endfacet
  facet normal -1.000000e+00 0.000000e+00 2.358789e-08
    outer loop
      vertex   -5.600000e+00 2.650000e+01 1.439519e+01
      vertex   -5.600000e+00 3.150000e+01 1.439519e+01
      vertex   -5.600000e+00 2.650000e+01 1.250000e+01
    endloop
  endfacet
  facet normal -1.000000e+00 8.940697e-09 5.830783e-24
    outer loop
      vertex   -5.600000e+00 2.650000e+01 1.250000e+01
      vertex   -5.600000e+00 3.150000e+01 1.439519e+01
      vertex   -5.600000e+00 3.150000e+01 3.500000e+00
    endloop
  endfacet
  facet normal -1.000000e+00 3.193106e-09 -3.193106e-09
    outer loop
      vertex   -5.600000e+00 2.650000e+01 1.250000e+01
      vertex   -5.600000e+00 3.150000e+01 3.500000e+00
      vertex   -5.600000e+00 3.050000e+01 2.500000e+00
    endloop
  endfacet
  facet normal -1.000000e+00 -3.363124e-14 3.363124e-14
    outer loop
      vertex   -5.600000e+00 3.050000e+01 2.500000e+00
      vertex   -5.600000e+00 3.150000e+01 3.500000e+00
      vertex   -5.600000e+00 3.067365e+01 2.515192e+00
    endloop
  endfacet
  facet normal -1.000000e+00 -1.870505e-15 6.980820e-15
    outer loop
      vertex   -5.600000e+00 3.067365e+01 2.515192e+00
      vertex   -5.600000e+00 3.150000e+01 3.500000e+00
      vertex   -5.600000e+00 3.084202e+01 2.560307e+00
    endloop
  endfacet
  facet normal -1.000000e+00 -3.926526e-15 8.420461e-15
    outer loop
      vertex   -5.600000e+00 3.084202e+01 2.560307e+00
      vertex   -5.600000e+00 3.150000e+01 3.500000e+00
      vertex   -5.600000e+00 3.100000e+01 2.633975e+00
    endloop
  endfacet
  facet normal -1.000000e+00 -7.232601e-15 1.032922e-14
    outer loop
      vertex   -5.600000e+00 3.100000e+01 2.633975e+00
      vertex   -5.600000e+00 3.150000e+01 3.500000e+00
      vertex   -5.600000e+00 3.114279e+01 2.733955e+00
    endloop
  endfacet
  facet normal -1.000000e+00 -1.303486e-14 1.303486e-14
    outer loop
      vertex   -5.600000e+00 3.114279e+01 2.733955e+00
      vertex   -5.600000e+00 3.150000e+01 3.500000e+00
      vertex   -5.600000e+00 3.126604e+01 2.857212e+00
    endloop
  endfacet
  facet normal -1.000000e+00 -2.465688e-14 1.726493e-14
    outer loop
      vertex   -5.600000e+00 3.126604e+01 2.857212e+00
      vertex   -5.600000e+00 3.150000e+01 3.500000e+00
      vertex   -5.600000e+00 3.136603e+01 3.000000e+00
    endloop
  endfacet
  facet normal -1.000000e+00 -5.373172e-14 2.505551e-14
    outer loop
      vertex   -5.600000e+00 3.136603e+01 3.000000e+00
      vertex   -5.600000e+00 3.150000e+01 3.500000e+00
      vertex   -5.600000e+00 3.143969e+01 3.157980e+00
    endloop
  endfacet
  facet normal -1.000000e+00 -1.700588e-13 4.556711e-14
    outer loop
      vertex   -5.600000e+00 3.143969e+01 3.157980e+00
      vertex   -5.600000e+00 3.150000e+01 3.500000e+00
      vertex   -5.600000e+00 3.148481e+01 3.326352e+00
    endloop
  endfacet
  facet normal -1.000000e+00 8.461651e-25 -4.470348e-09
    outer loop
      vertex   -5.600000e+00 3.050000e+01 2.500000e+00
      vertex   -5.600000e+00 -3.725290e-08 2.500000e+00
      vertex   -5.600000e+00 2.650000e+01 1.250000e+01
    endloop
  endfacet
  facet normal -1.000000e+00 9.434773e-25 -4.470348e-09
    outer loop
      vertex   -5.600000e+00 2.650000e+01 1.250000e+01
      vertex   -5.600000e+00 -3.725290e-08 2.500000e+00
      vertex   -5.600000e+00 1.250000e+00 1.250000e+01
    endloop
  endfacet
  facet normal -1.000000e+00 -3.973643e-09 -3.973643e-09
    outer loop
      vertex   -5.600000e+00 1.250000e+00 1.250000e+01
      vertex   -5.600000e+00 -3.725290e-08 2.500000e+00
      vertex   -5.600000e+00 -2.500000e+00 5.000000e+00
    endloop
  endfacet
  facet normal -1.000000e+00 -1.192093e-08 -2.651853e-24
    outer loop
      vertex   -5.600000e+00 1.250000e+00 1.250000e+01
      vertex   -5.600000e+00 -2.500000e+00 5.000000e+00
      vertex   -5.600000e+00 -2.500000e+00 5.025000e+01
    endloop
  endfacet
  facet normal -1.000000e+00 0.000000e+00 1.184198e-09
    outer loop
      vertex   -5.600000e+00 -2.500000e+00 5.025000e+01
      vertex   -5.600000e+00 1.250000e+00 5.025000e+01
      vertex   -5.600000e+00 1.250000e+00 1.250000e+01
    endloop
  endfacet
  facet normal 1.000000e+00 -8.461651e-25 4.470348e-09
    outer loop
      vertex   1.270000e+02 3.050000e+01 2.500000e+00
      vertex   1.270000e+02 2.650000e+01 1.250000e+01
      vertex   1.270000e+02 -3.725290e-08 2.500000e+00
    endloop
  endfacet
  facet normal 1.000000e+00 -1.257970e-24 4.470348e-09
    outer loop
      vertex   1.270000e+02 -3.725290e-08 2.500000e+00
      vertex   1.270000e+02 2.650000e+01 1.250000e+01
      vertex   1.270000e+02 1.250000e+00 1.250000e+01
    endloop
  endfacet
  facet normal 1.000000e+00 -1.192093e-08 5.960465e-09
    outer loop
      vertex   1.270000e+02 -3.725290e-08 2.500000e+00
      vertex   1.270000e+02 1.250000e+00 1.250000e+01
      vertex   1.270000e+02 -2.500000e+00 5.000000e+00
    endloop
  endfacet
  facet normal 1.000000e+00 1.975845e-09 -9.879223e-10
    outer loop
      vertex   1.270000e+02 -2.500000e+00 5.000000e+00
      vertex   1.270000e+02 1.250000e+00 1.250000e+01
      vertex   1.270000e+02 -2.500000e+00 5.025000e+01
    endloop
  endfacet
  facet normal 1.000000e+00 0.000000e+00 -1.184198e-09
    outer loop
      vertex   1.270000e+02 -2.500000e+00 5.025000e+01
      vertex   1.270000e+02 1.250000e+00 1.250000e+01
      vertex   1.270000e+02 1.250000e+00 5.025000e+01
    endloop
  endfacet
  facet normal 1.000000e+00 2.873795e-08 1.596553e-08
    outer loop
      vertex   1.270000e+02 2.650000e+01 1.250000e+01
      vertex   1.270000e+02 3.050000e+01 2.500000e+00
      vertex   1.270000e+02 3.150000e+01 3.500000e+00
    endloop
  endfacet
  facet normal 1.000000e+00 2.778333e-07 -2.331298e-07
    outer loop
      vertex   1.270000e+02 3.150000e+01 3.500000e+00
      vertex   1.270000e+02 3.050000e+01 2.500000e+00
      vertex   1.270000e+02 3.067365e+01 2.515192e+00
    endloop
  endfacet
  facet normal 1.000000e+00 0.000000e+00 0.000000e+00
    outer loop
      vertex   1.270000e+02 3.150000e+01 3.500000e+00
      vertex   1.270000e+02 3.067365e+01 2.515192e+00
      vertex   1.270000e+02 3.084202e+01 2.560307e+00
    endloop
  endfacet
  facet normal 1.000000e+00 0.000000e+00 0.000000e+00
    outer loop
      vertex   1.270000e+02 3.084202e+01 2.560307e+00
      vertex   1.270000e+02 3.100000e+01 2.633975e+00
      vertex   1.270000e+02 3.150000e+01 3.500000e+00
    endloop
  endfacet
  facet normal 1.000000e+00 0.000000e+00 0.000000e+00
    outer loop
      vertex   1.270000e+02 3.150000e+01 3.500000e+00
      vertex   1.270000e+02 3.100000e+01 2.633975e+00
      vertex   1.270000e+02 3.114279e+01 2.733955e+00
    endloop
  endfacet
  facet normal 1.000000e+00 0.000000e+00 0.000000e+00
    outer loop
      vertex   1.270000e+02 3.150000e+01 3.500000e+00
      vertex   1.270000e+02 3.114279e+01 2.733955e+00
      vertex   1.270000e+02 3.126604e+01 2.857212e+00
    endloop
  endfacet
  facet normal 1.000000e+00 0.000000e+00 0.000000e+00
    outer loop
      vertex   1.270000e+02 3.126604e+01 2.857212e+00
      vertex   1.270000e+02 3.136603e+01 3.000000e+00
      vertex   1.270000e+02 3.150000e+01 3.500000e+00
    endloop
  endfacet
  facet normal 1.000000e+00 0.000000e+00 0.000000e+00
    outer loop
      vertex   1.270000e+02 3.150000e+01 3.500000e+00
      vertex   1.270000e+02 3.136603e+01 3.000000e+00
      vertex   1.270000e+02 3.143969e+01 3.157980e+00
    endloop
  endfacet
  facet normal 1.000000e+00 0.000000e+00 0.000000e+00
    outer loop
      vertex   1.270000e+02 3.150000e+01 3.500000e+00
      vertex   1.270000e+02 3.143969e+01 3.157980e+00
      vertex   1.270000e+02 3.148481e+01 3.326352e+00
    endloop
  endfacet
  facet normal 1.000000e+00 0.000000e+00 0.000000e+00
    outer loop
      vertex   1.270000e+02 3.150000e+01 3.500000e+00
      vertex   1.270000e+02 3.150000e+01 1.439519e+01
      vertex   1.270000e+02 2.650000e+01 1.250000e+01
    endloop
  endfacet
  facet normal 1.000000e+00 0.000000e+00 -0.000000e+00
    outer loop
      vertex   1.270000e+02 2.650000e+01 1.250000e+01
      vertex   1.270000e+02 3.150000e+01 1.439519e+01
      vertex   1.270000e+02 2.650000e+01 1.439519e+01
    endloop
  endfacet
  facet normal 3.626051e-01 0.000000e+00 9.319429e-01
    outer loop
      vertex   5.673072e+01 1.250000e+00 2.571654e+01
      vertex   5.673072e+01 -2.500000e+00 2.571654e+01
      vertex   5.742217e+01 1.250000e+00 2.544750e+01
    endloop
  endfacet
  facet normal 3.626051e-01 -6.870571e-16 9.319429e-01
    outer loop
      vertex   5.742217e+01 1.250000e+00 2.544750e+01
      vertex   5.673072e+01 -2.500000e+00 2.571654e+01
      vertex   5.742217e+01 -2.500000e+00 2.544750e+01
    endloop
  endfacet
  facet normal 2.925088e-01 -5.542401e-16 9.562628e-01
    outer loop
      vertex   5.742217e+01 1.250000e+00 2.544750e+01
      vertex   5.742217e+01 -2.500000e+00 2.544750e+01
      vertex   5.813168e+01 1.250000e+00 2.523047e+01
    endloop
  endfacet
  facet normal 2.925088e-01 0.000000e+00 9.562628e-01
    outer loop
      vertex   5.813168e+01 1.250000e+00 2.523047e+01
      vertex   5.742217e+01 -2.500000e+00 2.544750e+01
      vertex   5.813168e+01 -2.500000e+00 2.523047e+01
    endloop
  endfacet
  facet normal 2.208023e-01 0.000000e+00 9.753186e-01
    outer loop
      vertex   5.813168e+01 1.250000e+00 2.523047e+01
      vertex   5.813168e+01 -2.500000e+00 2.523047e+01
      vertex   5.885532e+01 1.250000e+00 2.506665e+01
    endloop
  endfacet
  facet normal 2.208023e-01 0.000000e+00 9.753186e-01
    outer loop
      vertex   5.885532e+01 1.250000e+00 2.506665e+01
      vertex   5.813168e+01 -2.500000e+00 2.523047e+01
      vertex   5.885532e+01 -2.500000e+00 2.506665e+01
    endloop
  endfacet
  facet normal 1.478803e-01 0.000000e+00 9.890053e-01
    outer loop
      vertex   5.885532e+01 1.250000e+00 2.506665e+01
      vertex   5.885532e+01 -2.500000e+00 2.506665e+01
      vertex   5.958911e+01 1.250000e+00 2.495693e+01
    endloop
  endfacet
  facet normal 1.478803e-01 1.873948e-15 9.890053e-01
    outer loop
      vertex   5.958911e+01 1.250000e+00 2.495693e+01
      vertex   5.885532e+01 -2.500000e+00 2.506665e+01
      vertex   5.958911e+01 -2.500000e+00 2.495693e+01
    endloop
  endfacet
  facet normal 7.414424e-02 1.889565e-15 9.972475e-01
    outer loop
      vertex   5.958911e+01 1.250000e+00 2.495693e+01
      vertex   5.958911e+01 -2.500000e+00 2.495693e+01
      vertex   6.032902e+01 1.250000e+00 2.490191e+01
    endloop
  endfacet
  facet normal 7.414424e-02 0.000000e+00 9.972475e-01
    outer loop
      vertex   6.032902e+01 1.250000e+00 2.490191e+01
      vertex   5.958911e+01 -2.500000e+00 2.495693e+01
      vertex   6.032902e+01 -2.500000e+00 2.490191e+01
    endloop
  endfacet
  facet normal 2.299211e-10 0.000000e+00 1.000000e+00
    outer loop
      vertex   6.032902e+01 1.250000e+00 2.490191e+01
      vertex   6.032902e+01 -2.500000e+00 2.490191e+01
      vertex   6.107098e+01 1.250000e+00 2.490191e+01
    endloop
  endfacet
  facet normal 2.299211e-10 0.000000e+00 1.000000e+00
    outer loop
      vertex   6.107098e+01 1.250000e+00 2.490191e+01
      vertex   6.032902e+01 -2.500000e+00 2.490191e+01
      vertex   6.107098e+01 -2.500000e+00 2.490191e+01
    endloop
  endfacet
  facet normal -7.414424e-02 0.000000e+00 9.972475e-01
    outer loop
      vertex   6.107098e+01 1.250000e+00 2.490191e+01
      vertex   6.107098e+01 -2.500000e+00 2.490191e+01
      vertex   6.181089e+01 1.250000e+00 2.495693e+01
    endloop
  endfacet
  facet normal -7.414424e-02 0.000000e+00 9.972475e-01
    outer loop
      vertex   6.181089e+01 1.250000e+00 2.495693e+01
      vertex   6.107098e+01 -2.500000e+00 2.490191e+01
      vertex   6.181089e+01 -2.500000e+00 2.495693e+01
    endloop
  endfacet
  facet normal -1.478803e-01 0.000000e+00 9.890053e-01
    outer loop
      vertex   6.181089e+01 1.250000e+00 2.495693e+01
      vertex   6.181089e+01 -2.500000e+00 2.495693e+01
      vertex   6.254468e+01 1.250000e+00 2.506665e+01
    endloop
  endfacet
  facet normal -1.478803e-01 0.000000e+00 9.890053e-01
    outer loop
      vertex   6.254468e+01 1.250000e+00 2.506665e+01
      vertex   6.181089e+01 -2.500000e+00 2.495693e+01
      vertex   6.254468e+01 -2.500000e+00 2.506665e+01
    endloop
  endfacet
  facet normal -2.208023e-01 0.000000e+00 9.753186e-01
    outer loop
      vertex   6.254468e+01 1.250000e+00 2.506665e+01
      vertex   6.254468e+01 -2.500000e+00 2.506665e+01
      vertex   6.326832e+01 1.250000e+00 2.523047e+01
    endloop
  endfacet
  facet normal -2.208023e-01 0.000000e+00 9.753186e-01
    outer loop
      vertex   6.326832e+01 1.250000e+00 2.523047e+01
      vertex   6.254468e+01 -2.500000e+00 2.506665e+01
      vertex   6.326832e+01 -2.500000e+00 2.523047e+01
    endloop
  endfacet
  facet normal -2.925088e-01 0.000000e+00 9.562628e-01
    outer loop
      vertex   6.326832e+01 1.250000e+00 2.523047e+01
      vertex   6.326832e+01 -2.500000e+00 2.523047e+01
      vertex   6.397783e+01 1.250000e+00 2.544750e+01
    endloop
  endfacet
  facet normal -2.925088e-01 0.000000e+00 9.562628e-01
    outer loop
      vertex   6.397783e+01 1.250000e+00 2.544750e+01
      vertex   6.326832e+01 -2.500000e+00 2.523047e+01
      vertex   6.397783e+01 -2.500000e+00 2.544750e+01
    endloop
  endfacet
  facet normal -3.626051e-01 0.000000e+00 9.319429e-01
    outer loop
      vertex   6.397783e+01 1.250000e+00 2.544750e+01
      vertex   6.397783e+01 -2.500000e+00 2.544750e+01
      vertex   6.466928e+01 1.250000e+00 2.571654e+01
    endloop
  endfacet
  facet normal -3.626051e-01 0.000000e+00 9.319429e-01
    outer loop
      vertex   6.466928e+01 1.250000e+00 2.571654e+01
      vertex   6.397783e+01 -2.500000e+00 2.544750e+01
      vertex   6.466928e+01 -2.500000e+00 2.571654e+01
    endloop
  endfacet
  facet normal -3.969284e-01 0.000000e+00 9.178496e-01
    outer loop
      vertex   6.466928e+01 -2.500000e+00 2.571654e+01
      vertex   1.214000e+02 -2.500000e+00 5.025000e+01
      vertex   6.466928e+01 1.250000e+00 2.571654e+01
    endloop
  endfacet
  facet normal -3.969284e-01 4.321550e-16 9.178496e-01
    outer loop
      vertex   6.466928e+01 1.250000e+00 2.571654e+01
      vertex   1.214000e+02 -2.500000e+00 5.025000e+01
      vertex   1.214000e+02 1.250000e+00 5.025000e+01
    endloop
  endfacet
  facet normal 3.969284e-01 0.000000e+00 9.178496e-01
    outer loop
      vertex   5.673072e+01 1.250000e+00 2.571654e+01
      vertex   -5.551115e-15 1.250000e+00 5.025000e+01
      vertex   5.673072e+01 -2.500000e+00 2.571654e+01
    endloop
  endfacet
  facet normal 3.969284e-01 -8.906502e-17 9.178496e-01
    outer loop
      vertex   5.673072e+01 -2.500000e+00 2.571654e+01
      vertex   -5.551115e-15 1.250000e+00 5.025000e+01
      vertex   -5.551115e-15 -2.500000e+00 5.025000e+01
    endloop
  endfacet
  facet normal 9.879221e-10 -0.000000e+00 1.000000e+00
    outer loop
      vertex   1.214000e+02 -2.500000e+00 5.025000e+01
      vertex   1.270000e+02 -2.500000e+00 5.025000e+01
      vertex   1.214000e+02 1.250000e+00 5.025000e+01
    endloop
  endfacet
  facet normal 9.879221e-10 1.486100e-25 1.000000e+00
    outer loop
      vertex   1.214000e+02 1.250000e+00 5.025000e+01
      vertex   1.270000e+02 -2.500000e+00 5.025000e+01
      vertex   1.270000e+02 1.250000e+00 5.025000e+01
    endloop
  endfacet
  facet normal 0.000000e+00 0.000000e+00 1.000000e+00
    outer loop
      vertex   -5.551115e-15 1.250000e+00 5.025000e+01
      vertex   -5.600000e+00 1.250000e+00 5.025000e+01
      vertex   -5.551115e-15 -2.500000e+00 5.025000e+01
    endloop
  endfacet
  facet normal 0.000000e+00 0.000000e+00 1.000000e+00
    outer loop
      vertex   -5.551115e-15 -2.500000e+00 5.025000e+01
      vertex   -5.600000e+00 1.250000e+00 5.025000e+01
      vertex   -5.600000e+00 -2.500000e+00 5.025000e+01
    endloop
  endfacet
  facet normal -0.000000e+00 1.000000e+00 2.834611e-16
    outer loop
      vertex   -3.800000e+00 1.250000e+00 4.790000e+01
      vertex   -5.600000e+00 1.250000e+00 5.025000e+01
      vertex   -1.800000e+00 1.250000e+00 4.790000e+01
    endloop
  endfacet
  facet normal 0.000000e+00 1.000000e+00 2.834611e-16
    outer loop
      vertex   -1.800000e+00 1.250000e+00 4.790000e+01
      vertex   -5.600000e+00 1.250000e+00 5.025000e+01
      vertex   -5.551115e-15 1.250000e+00 5.025000e+01
    endloop
  endfacet
  facet normal 2.151964e-17 1.000000e+00 2.669780e-16
    outer loop
      vertex   -1.800000e+00 1.250000e+00 4.790000e+01
      vertex   -5.551115e-15 1.250000e+00 5.025000e+01
      vertex   5.673072e+01 1.250000e+00 2.571654e+01
    endloop
  endfacet
  facet normal -8.305291e-17 1.000000e+00 2.198461e-16
    outer loop
      vertex   -3.800000e+00 1.250000e+00 4.790000e+01
      vertex   -3.800000e+00 1.250000e+00 3.780000e+01
      vertex   -5.600000e+00 1.250000e+00 5.025000e+01
    endloop
  endfacet
  facet normal -9.835966e-17 1.000000e+00 2.176331e-16
    outer loop
      vertex   -5.600000e+00 1.250000e+00 5.025000e+01
      vertex   -3.800000e+00 1.250000e+00 3.780000e+01
      vertex   -5.600000e+00 1.250000e+00 1.250000e+01
    endloop
  endfacet
  facet normal 2.042729e-16 1.000000e+00 1.961020e-16
    outer loop
      vertex   -5.600000e+00 1.250000e+00 1.250000e+01
      vertex   -3.800000e+00 1.250000e+00 3.780000e+01
      vertex   -3.850000e+00 1.250000e+00 2.200000e+01
    endloop
  endfacet
  facet normal -0.000000e+00 1.000000e+00 2.337312e-16
    outer loop
      vertex   -5.600000e+00 1.250000e+00 1.250000e+01
      vertex   -3.850000e+00 1.250000e+00 2.200000e+01
      vertex   -3.850000e+00 1.250000e+00 1.250000e+01
    endloop
  endfacet
  facet normal -0.000000e+00 1.000000e+00 1.967484e-16
    outer loop
      vertex   -3.800000e+00 1.250000e+00 3.780000e+01
      vertex   -1.800000e+00 1.250000e+00 3.780000e+01
      vertex   -3.850000e+00 1.250000e+00 2.200000e+01
    endloop
  endfacet
  facet normal -0.000000e+00 1.000000e+00 1.967484e-16
    outer loop
      vertex   -3.850000e+00 1.250000e+00 2.200000e+01
      vertex   -1.800000e+00 1.250000e+00 3.780000e+01
      vertex   -1.750000e+00 1.250000e+00 2.200000e+01
    endloop
  endfacet
  facet normal -1.112767e-18 1.000000e+00 1.967449e-16
    outer loop
      vertex   -1.750000e+00 1.250000e+00 2.200000e+01
      vertex   -1.800000e+00 1.250000e+00 3.780000e+01
      vertex   5.673072e+01 1.250000e+00 2.571654e+01
    endloop
  endfacet
  facet normal -3.423226e-18 1.000000e+00 2.331006e-16
    outer loop
      vertex   -1.750000e+00 1.250000e+00 2.200000e+01
      vertex   5.673072e+01 1.250000e+00 2.571654e+01
      vertex   -4.470348e-08 1.250000e+00 1.250000e+01
    endloop
  endfacet
  facet normal 5.128925e-16 1.000000e+00 -1.983136e-15
    outer loop
      vertex   -4.470348e-08 1.250000e+00 1.250000e+01
      vertex   5.673072e+01 1.250000e+00 2.571654e+01
      vertex   5.742217e+01 1.250000e+00 2.544750e+01
    endloop
  endfacet
  facet normal 3.784225e-17 1.000000e+00 1.237130e-16
    outer loop
      vertex   -4.470348e-08 1.250000e+00 1.250000e+01
      vertex   5.742217e+01 1.250000e+00 2.544750e+01
      vertex   5.813168e+01 1.250000e+00 2.523047e+01
    endloop
  endfacet
  facet normal 3.656412e-18 1.000000e+00 2.198461e-16
    outer loop
      vertex   -1.800000e+00 1.250000e+00 3.780000e+01
      vertex   -1.800000e+00 1.250000e+00 4.790000e+01
      vertex   5.673072e+01 1.250000e+00 2.571654e+01
    endloop
  endfacet
  facet normal 3.300648e-17 1.000000e+00 1.457948e-16
    outer loop
      vertex   5.813168e+01 1.250000e+00 2.523047e+01
      vertex   5.885532e+01 1.250000e+00 2.506665e+01
      vertex   -4.470348e-08 1.250000e+00 1.250000e+01
    endloop
  endfacet
  facet normal 2.641548e-17 1.000000e+00 1.766634e-16
    outer loop
      vertex   -4.470348e-08 1.250000e+00 1.250000e+01
      vertex   5.885532e+01 1.250000e+00 2.506665e+01
      vertex   5.958911e+01 1.250000e+00 2.495693e+01
    endloop
  endfacet
  facet normal 1.692868e-17 1.000000e+00 2.220446e-16
    outer loop
      vertex   -4.470348e-08 1.250000e+00 1.250000e+01
      vertex   5.958911e+01 1.250000e+00 2.495693e+01
      vertex   0.000000e+00 1.250000e+00 2.500000e+00
    endloop
  endfacet
  facet normal 1.657796e-17 1.000000e+00 2.229752e-16
    outer loop
      vertex   0.000000e+00 1.250000e+00 2.500000e+00
      vertex   5.958911e+01 1.250000e+00 2.495693e+01
      vertex   6.032902e+01 1.250000e+00 2.490191e+01
    endloop
  endfacet
  facet normal 6.153137e-26 1.000000e+00 2.676202e-16
    outer loop
      vertex   0.000000e+00 1.250000e+00 2.500000e+00
      vertex   6.032902e+01 1.250000e+00 2.490191e+01
      vertex   6.107098e+01 1.250000e+00 2.490191e+01
    endloop
  endfacet
  facet normal 3.658066e-18 1.000000e+00 2.576477e-16
    outer loop
      vertex   0.000000e+00 1.250000e+00 2.500000e+00
      vertex   6.107098e+01 1.250000e+00 2.490191e+01
      vertex   1.214000e+02 1.250000e+00 2.500000e+00
    endloop
  endfacet
  facet normal -1.534996e-17 1.000000e+00 2.064586e-16
    outer loop
      vertex   1.214000e+02 1.250000e+00 2.500000e+00
      vertex   6.107098e+01 1.250000e+00 2.490191e+01
      vertex   6.181089e+01 1.250000e+00 2.495693e+01
    endloop
  endfacet
  facet normal -2.621223e-17 1.000000e+00 1.776357e-16
    outer loop
      vertex   1.214000e+02 1.250000e+00 2.500000e+00
      vertex   6.181089e+01 1.250000e+00 2.495693e+01
      vertex   1.214000e+02 1.250000e+00 1.250000e+01
    endloop
  endfacet
  facet normal -2.641548e-17 1.000000e+00 1.766634e-16
    outer loop
      vertex   1.214000e+02 1.250000e+00 1.250000e+01
      vertex   6.181089e+01 1.250000e+00 2.495693e+01
      vertex   6.254468e+01 1.250000e+00 2.506665e+01
    endloop
  endfacet
  facet normal -3.300648e-17 1.000000e+00 1.457948e-16
    outer loop
      vertex   1.214000e+02 1.250000e+00 1.250000e+01
      vertex   6.254468e+01 1.250000e+00 2.506665e+01
      vertex   6.326832e+01 1.250000e+00 2.523047e+01
    endloop
  endfacet
  facet normal -3.784225e-17 1.000000e+00 1.237130e-16
    outer loop
      vertex   6.326832e+01 1.250000e+00 2.523047e+01
      vertex   6.397783e+01 1.250000e+00 2.544750e+01
      vertex   1.214000e+02 1.250000e+00 1.250000e+01
    endloop
  endfacet
  facet normal -5.128925e-16 1.000000e+00 -1.983136e-15
    outer loop
      vertex   1.214000e+02 1.250000e+00 1.250000e+01
      vertex   6.397783e+01 1.250000e+00 2.544750e+01
      vertex   6.466928e+01 1.250000e+00 2.571654e+01
    endloop
  endfacet
  facet normal 3.423226e-18 1.000000e+00 2.331006e-16
    outer loop
      vertex   1.214000e+02 1.250000e+00 1.250000e+01
      vertex   6.466928e+01 1.250000e+00 2.571654e+01
      vertex   1.231500e+02 1.250000e+00 2.200000e+01
    endloop
  endfacet
  facet normal 1.112767e-18 1.000000e+00 1.967449e-16
    outer loop
      vertex   1.231500e+02 1.250000e+00 2.200000e+01
      vertex   6.466928e+01 1.250000e+00 2.571654e+01
      vertex   1.232000e+02 1.250000e+00 3.780000e+01
    endloop
  endfacet
  facet normal -9.985581e-32 1.000000e+00 1.967484e-16
    outer loop
      vertex   1.231500e+02 1.250000e+00 2.200000e+01
      vertex   1.232000e+02 1.250000e+00 3.780000e+01
      vertex   1.252000e+02 1.250000e+00 3.780000e+01
    endloop
  endfacet
  facet normal -3.656412e-18 1.000000e+00 2.198461e-16
    outer loop
      vertex   1.232000e+02 1.250000e+00 3.780000e+01
      vertex   6.466928e+01 1.250000e+00 2.571654e+01
      vertex   1.232000e+02 1.250000e+00 4.790000e+01
    endloop
  endfacet
  facet normal -2.151964e-17 1.000000e+00 2.669780e-16
    outer loop
      vertex   1.232000e+02 1.250000e+00 4.790000e+01
      vertex   6.466928e+01 1.250000e+00 2.571654e+01
      vertex   1.214000e+02 1.250000e+00 5.025000e+01
    endloop
  endfacet
  facet normal -0.000000e+00 1.000000e+00 2.834611e-16
    outer loop
      vertex   1.232000e+02 1.250000e+00 4.790000e+01
      vertex   1.214000e+02 1.250000e+00 5.025000e+01
      vertex   1.252000e+02 1.250000e+00 4.790000e+01
    endloop
  endfacet
  facet normal 2.800375e-25 1.000000e+00 2.834611e-16
    outer loop
      vertex   1.252000e+02 1.250000e+00 4.790000e+01
      vertex   1.214000e+02 1.250000e+00 5.025000e+01
      vertex   1.270000e+02 1.250000e+00 5.025000e+01
    endloop
  endfacet
  facet normal 8.305290e-17 1.000000e+00 2.198461e-16
    outer loop
      vertex   1.252000e+02 1.250000e+00 4.790000e+01
      vertex   1.270000e+02 1.250000e+00 5.025000e+01
      vertex   1.252000e+02 1.250000e+00 3.780000e+01
    endloop
  endfacet
  facet normal 9.835965e-17 1.000000e+00 2.176331e-16
    outer loop
      vertex   1.252000e+02 1.250000e+00 3.780000e+01
      vertex   1.270000e+02 1.250000e+00 5.025000e+01
      vertex   1.270000e+02 1.250000e+00 1.250000e+01
    endloop
  endfacet
  facet normal -2.042729e-16 1.000000e+00 1.961020e-16
    outer loop
      vertex   1.252000e+02 1.250000e+00 3.780000e+01
      vertex   1.270000e+02 1.250000e+00 1.250000e+01
      vertex   1.252500e+02 1.250000e+00 2.200000e+01
    endloop
  endfacet
  facet normal 0.000000e+00 1.000000e+00 2.337312e-16
    outer loop
      vertex   1.252500e+02 1.250000e+00 2.200000e+01
      vertex   1.270000e+02 1.250000e+00 1.250000e+01
      vertex   1.252500e+02 1.250000e+00 1.250000e+01
    endloop
  endfacet
  facet normal 0.000000e+00 1.000000e+00 1.967484e-16
    outer loop
      vertex   1.252500e+02 1.250000e+00 2.200000e+01
      vertex   1.231500e+02 1.250000e+00 2.200000e+01
      vertex   1.252000e+02 1.250000e+00 3.780000e+01
    endloop
  endfacet
  facet normal 0.000000e+00 1.000000e+00 2.337312e-16
    outer loop
      vertex   1.231500e+02 1.250000e+00 2.200000e+01
      vertex   1.231500e+02 1.250000e+00 1.250000e+01
      vertex   1.214000e+02 1.250000e+00 1.250000e+01
    endloop
  endfacet
  facet normal 0.000000e+00 1.000000e+00 2.337312e-16
    outer loop
      vertex   -4.470348e-08 1.250000e+00 1.250000e+01
      vertex   -1.750000e+00 1.250000e+00 1.250000e+01
      vertex   -1.750000e+00 1.250000e+00 2.200000e+01
    endloop
  endfacet
  facet normal 1.435154e-13 -7.071068e-01 -7.071068e-01
    outer loop
      vertex   -5.600000e+00 -2.500000e+00 5.000000e+00
      vertex   -5.600000e+00 -3.725290e-08 2.500000e+00
      vertex   1.270000e+02 -2.500000e+00 5.000000e+00
    endloop
  endfacet
  facet normal 8.266649e-19 -7.071068e-01 -7.071068e-01
    outer loop
      vertex   1.270000e+02 -2.500000e+00 5.000000e+00
      vertex   -5.600000e+00 -3.725290e-08 2.500000e+00
      vertex   1.270000e+02 -3.725290e-08 2.500000e+00
    endloop
  endfacet
  facet normal 6.197637e-16 -1.000000e+00 1.415028e-15
    outer loop
      vertex   -5.551115e-15 -2.500000e+00 5.025000e+01
      vertex   -1.800000e+00 -2.500000e+00 4.790000e+01
      vertex   5.673072e+01 -2.500000e+00 2.571654e+01
    endloop
  endfacet
  facet normal -1.652735e-17 -1.000000e+00 -2.638154e-16
    outer loop
      vertex   5.673072e+01 -2.500000e+00 2.571654e+01
      vertex   -1.800000e+00 -2.500000e+00 4.790000e+01
      vertex   -1.800000e+00 -2.500000e+00 3.780000e+01
    endloop
  endfacet
  facet normal -1.926185e-18 -1.000000e+00 -1.930892e-16
    outer loop
      vertex   5.673072e+01 -2.500000e+00 2.571654e+01
      vertex   -1.800000e+00 -2.500000e+00 3.780000e+01
      vertex   -1.750000e+00 -2.500000e+00 2.400000e+01
    endloop
  endfacet
  facet normal 1.143277e-31 -1.000000e+00 -1.930823e-16
    outer loop
      vertex   -1.750000e+00 -2.500000e+00 2.400000e+01
      vertex   -1.800000e+00 -2.500000e+00 3.780000e+01
      vertex   -3.800000e+00 -2.500000e+00 3.780000e+01
    endloop
  endfacet
  facet normal -0.000000e+00 -1.000000e+00 -1.930823e-16
    outer loop
      vertex   -1.750000e+00 -2.500000e+00 2.400000e+01
      vertex   -3.800000e+00 -2.500000e+00 3.780000e+01
      vertex   -3.850000e+00 -2.500000e+00 2.400000e+01
    endloop
  endfacet
  facet normal 3.819559e-16 -1.000000e+00 -1.944662e-16
    outer loop
      vertex   -3.850000e+00 -2.500000e+00 2.400000e+01
      vertex   -3.800000e+00 -2.500000e+00 3.780000e+01
      vertex   -5.600000e+00 -2.500000e+00 5.025000e+01
    endloop
  endfacet
  facet normal -8.692517e-17 -1.000000e+00 -2.257249e-16
    outer loop
      vertex   -3.850000e+00 -2.500000e+00 2.400000e+01
      vertex   -5.600000e+00 -2.500000e+00 5.025000e+01
      vertex   -5.600000e+00 -2.500000e+00 5.000000e+00
    endloop
  endfacet
  facet normal 8.723181e-16 -1.000000e+00 1.221582e-15
    outer loop
      vertex   -5.551115e-15 -2.500000e+00 5.025000e+01
      vertex   -5.600000e+00 -2.500000e+00 5.025000e+01
      vertex   -1.800000e+00 -2.500000e+00 4.790000e+01
    endloop
  endfacet
  facet normal -0.000000e+00 -1.000000e+00 -1.889741e-16
    outer loop
      vertex   -1.800000e+00 -2.500000e+00 4.790000e+01
      vertex   -5.600000e+00 -2.500000e+00 5.025000e+01
      vertex   -3.800000e+00 -2.500000e+00 4.790000e+01
    endloop
  endfacet
  facet normal -9.770950e-17 -1.000000e+00 -2.638154e-16
    outer loop
      vertex   -3.800000e+00 -2.500000e+00 4.790000e+01
      vertex   -5.600000e+00 -2.500000e+00 5.025000e+01
      vertex   -3.800000e+00 -2.500000e+00 3.780000e+01
    endloop
  endfacet
  facet normal 1.203730e-13 -1.000000e+00 -3.990493e-13
    outer loop
      vertex   1.270000e+02 -2.500000e+00 5.000000e+00
      vertex   6.032902e+01 -2.500000e+00 2.490191e+01
      vertex   -5.600000e+00 -2.500000e+00 5.000000e+00
    endloop
  endfacet
  facet normal -1.901612e-17 -1.000000e+00 -2.270860e-16
    outer loop
      vertex   -5.600000e+00 -2.500000e+00 5.000000e+00
      vertex   6.032902e+01 -2.500000e+00 2.490191e+01
      vertex   -1.750000e+00 -2.500000e+00 1.250000e+01
    endloop
  endfacet
  facet normal 0.000000e+00 -1.000000e+00 -2.368476e-16
    outer loop
      vertex   -5.600000e+00 -2.500000e+00 5.000000e+00
      vertex   -1.750000e+00 -2.500000e+00 1.250000e+01
      vertex   -3.850000e+00 -2.500000e+00 1.250000e+01
    endloop
  endfacet
  facet normal 5.291177e-12 -1.000000e+00 -3.529650e-13
    outer loop
      vertex   1.270000e+02 -2.500000e+00 5.025000e+01
      vertex   1.252500e+02 -2.500000e+00 2.400000e+01
      vertex   1.270000e+02 -2.500000e+00 5.000000e+00
    endloop
  endfacet
  facet normal 9.120853e-12 -1.000000e+00 -2.316987e-16
    outer loop
      vertex   1.270000e+02 -2.500000e+00 5.000000e+00
      vertex   1.252500e+02 -2.500000e+00 2.400000e+01
      vertex   1.252500e+02 -2.500000e+00 1.250000e+01
    endloop
  endfacet
  facet normal 1.591746e-28 -1.000000e+00 -2.128431e-12
    outer loop
      vertex   1.270000e+02 -2.500000e+00 5.000000e+00
      vertex   1.252500e+02 -2.500000e+00 1.250000e+01
      vertex   1.231500e+02 -2.500000e+00 1.250000e+01
    endloop
  endfacet
  facet normal -8.723181e-16 -1.000000e+00 4.791843e-16
    outer loop
      vertex   1.214000e+02 -2.500000e+00 5.025000e+01
      vertex   1.252000e+02 -2.500000e+00 4.790000e+01
      vertex   1.270000e+02 -2.500000e+00 5.025000e+01
    endloop
  endfacet
  facet normal 9.770949e-17 -1.000000e+00 -2.638154e-16
    outer loop
      vertex   1.270000e+02 -2.500000e+00 5.025000e+01
      vertex   1.252000e+02 -2.500000e+00 4.790000e+01
      vertex   1.252000e+02 -2.500000e+00 3.780000e+01
    endloop
  endfacet
  facet normal -3.819559e-16 -1.000000e+00 -1.944662e-16
    outer loop
      vertex   1.270000e+02 -2.500000e+00 5.025000e+01
      vertex   1.252000e+02 -2.500000e+00 3.780000e+01
      vertex   1.252500e+02 -2.500000e+00 2.400000e+01
    endloop
  endfacet
  facet normal 1.143277e-31 -1.000000e+00 -1.930823e-16
    outer loop
      vertex   1.252500e+02 -2.500000e+00 2.400000e+01
      vertex   1.252000e+02 -2.500000e+00 3.780000e+01
      vertex   1.232000e+02 -2.500000e+00 3.780000e+01
    endloop
  endfacet
  facet normal -0.000000e+00 -1.000000e+00 -1.930823e-16
    outer loop
      vertex   1.252500e+02 -2.500000e+00 2.400000e+01
      vertex   1.232000e+02 -2.500000e+00 3.780000e+01
      vertex   1.231500e+02 -2.500000e+00 2.400000e+01
    endloop
  endfacet
  facet normal 1.926185e-18 -1.000000e+00 -1.930892e-16
    outer loop
      vertex   1.231500e+02 -2.500000e+00 2.400000e+01
      vertex   1.232000e+02 -2.500000e+00 3.780000e+01
      vertex   6.466928e+01 -2.500000e+00 2.571654e+01
    endloop
  endfacet
  facet normal 7.929133e-19 -1.000000e+00 -2.316987e-16
    outer loop
      vertex   1.231500e+02 -2.500000e+00 2.400000e+01
      vertex   6.466928e+01 -2.500000e+00 2.571654e+01
      vertex   1.231500e+02 -2.500000e+00 1.250000e+01
    endloop
  endfacet
  facet normal 5.055856e-16 -1.000000e+00 2.001915e-15
    outer loop
      vertex   1.231500e+02 -2.500000e+00 1.250000e+01
      vertex   6.466928e+01 -2.500000e+00 2.571654e+01
      vertex   6.397783e+01 -2.500000e+00 2.544750e+01
    endloop
  endfacet
  facet normal 3.937744e-17 -1.000000e+00 -1.287318e-16
    outer loop
      vertex   1.231500e+02 -2.500000e+00 1.250000e+01
      vertex   6.397783e+01 -2.500000e+00 2.544750e+01
      vertex   6.326832e+01 -2.500000e+00 2.523047e+01
    endloop
  endfacet
  facet normal 0.000000e+00 -1.000000e+00 1.889741e-15
    outer loop
      vertex   1.252000e+02 -2.500000e+00 4.790000e+01
      vertex   1.214000e+02 -2.500000e+00 5.025000e+01
      vertex   1.232000e+02 -2.500000e+00 4.790000e+01
    endloop
  endfacet
  facet normal -6.197637e-16 -1.000000e+00 1.415028e-15
    outer loop
      vertex   1.232000e+02 -2.500000e+00 4.790000e+01
      vertex   1.214000e+02 -2.500000e+00 5.025000e+01
      vertex   6.466928e+01 -2.500000e+00 2.571654e+01
    endloop
  endfacet
  facet normal 1.652735e-17 -1.000000e+00 -2.638154e-16
    outer loop
      vertex   1.232000e+02 -2.500000e+00 4.790000e+01
      vertex   6.466928e+01 -2.500000e+00 2.571654e+01
      vertex   1.232000e+02 -2.500000e+00 3.780000e+01
    endloop
  endfacet
  facet normal 3.442132e-17 -1.000000e+00 -1.520444e-16
    outer loop
      vertex   6.326832e+01 -2.500000e+00 2.523047e+01
      vertex   6.254468e+01 -2.500000e+00 2.506665e+01
      vertex   1.231500e+02 -2.500000e+00 1.250000e+01
    endloop
  endfacet
  facet normal 2.763095e-17 -1.000000e+00 -1.847924e-16
    outer loop
      vertex   1.231500e+02 -2.500000e+00 1.250000e+01
      vertex   6.254468e+01 -2.500000e+00 2.506665e+01
      vertex   6.181089e+01 -2.500000e+00 2.495693e+01
    endloop
  endfacet
  facet normal 1.746198e-17 -1.000000e+00 -2.348654e-16
    outer loop
      vertex   1.231500e+02 -2.500000e+00 1.250000e+01
      vertex   6.181089e+01 -2.500000e+00 2.495693e+01
      vertex   6.107098e+01 -2.500000e+00 2.490191e+01
    endloop
  endfacet
  facet normal -4.737271e-13 -1.000000e+00 -2.371611e-12
    outer loop
      vertex   1.231500e+02 -2.500000e+00 1.250000e+01
      vertex   6.107098e+01 -2.500000e+00 2.490191e+01
      vertex   1.270000e+02 -2.500000e+00 5.000000e+00
    endloop
  endfacet
  facet normal -1.844702e-22 -1.000000e+00 -8.022960e-13
    outer loop
      vertex   1.270000e+02 -2.500000e+00 5.000000e+00
      vertex   6.107098e+01 -2.500000e+00 2.490191e+01
      vertex   6.032902e+01 -2.500000e+00 2.490191e+01
    endloop
  endfacet
  facet normal -1.746198e-17 -1.000000e+00 -2.348654e-16
    outer loop
      vertex   6.032902e+01 -2.500000e+00 2.490191e+01
      vertex   5.958911e+01 -2.500000e+00 2.495693e+01
      vertex   -1.750000e+00 -2.500000e+00 1.250000e+01
    endloop
  endfacet
  facet normal -2.763095e-17 -1.000000e+00 -1.847924e-16
    outer loop
      vertex   -1.750000e+00 -2.500000e+00 1.250000e+01
      vertex   5.958911e+01 -2.500000e+00 2.495693e+01
      vertex   5.885532e+01 -2.500000e+00 2.506665e+01
    endloop
  endfacet
  facet normal -3.442132e-17 -1.000000e+00 -1.520444e-16
    outer loop
      vertex   -1.750000e+00 -2.500000e+00 1.250000e+01
      vertex   5.885532e+01 -2.500000e+00 2.506665e+01
      vertex   5.813168e+01 -2.500000e+00 2.523047e+01
    endloop
  endfacet
  facet normal -3.937744e-17 -1.000000e+00 -1.287318e-16
    outer loop
      vertex   5.813168e+01 -2.500000e+00 2.523047e+01
      vertex   5.742217e+01 -2.500000e+00 2.544750e+01
      vertex   -1.750000e+00 -2.500000e+00 1.250000e+01
    endloop
  endfacet
  facet normal -5.055856e-16 -1.000000e+00 2.001915e-15
    outer loop
      vertex   -1.750000e+00 -2.500000e+00 1.250000e+01
      vertex   5.742217e+01 -2.500000e+00 2.544750e+01
      vertex   5.673072e+01 -2.500000e+00 2.571654e+01
    endloop
  endfacet
  facet normal -7.929133e-19 -1.000000e+00 -2.316987e-16
    outer loop
      vertex   -1.750000e+00 -2.500000e+00 1.250000e+01
      vertex   5.673072e+01 -2.500000e+00 2.571654e+01
      vertex   -1.750000e+00 -2.500000e+00 2.400000e+01
    endloop
  endfacet
  facet normal -2.206648e-17 -1.000000e+00 -2.316987e-16
    outer loop
      vertex   -3.850000e+00 -2.500000e+00 1.250000e+01
      vertex   -3.850000e+00 -2.500000e+00 2.400000e+01
      vertex   -5.600000e+00 -2.500000e+00 5.000000e+00
    endloop
  endfacet
  facet normal -1.000000e+00 0.000000e+00 0.000000e+00
    outer loop
      vertex   1.252000e+02 1.250000e+00 3.780000e+01
      vertex   1.252000e+02 -2.500000e+00 3.780000e+01
      vertex   1.252000e+02 1.250000e+00 4.790000e+01
    endloop
  endfacet
  facet normal -1.000000e+00 -0.000000e+00 0.000000e+00
    outer loop
      vertex   1.252000e+02 1.250000e+00 4.790000e+01
      vertex   1.252000e+02 -2.500000e+00 3.780000e+01
      vertex   1.252000e+02 -2.500000e+00 4.790000e+01
    endloop
  endfacet
  facet normal 0.000000e+00 0.000000e+00 1.000000e+00
    outer loop
      vertex   1.252000e+02 1.250000e+00 3.780000e+01
      vertex   1.232000e+02 1.250000e+00 3.780000e+01
      vertex   1.252000e+02 -2.500000e+00 3.780000e+01
    endloop
  endfacet
  facet normal 0.000000e+00 0.000000e+00 1.000000e+00
    outer loop
      vertex   1.252000e+02 -2.500000e+00 3.780000e+01
      vertex   1.232000e+02 1.250000e+00 3.780000e+01
      vertex   1.232000e+02 -2.500000e+00 3.780000e+01
    endloop
  endfacet
  facet normal 1.000000e+00 0.000000e+00 0.000000e+00
    outer loop
      vertex   1.232000e+02 1.250000e+00 4.790000e+01
      vertex   1.232000e+02 -2.500000e+00 4.790000e+01
      vertex   1.232000e+02 1.250000e+00 3.780000e+01
    endloop
  endfacet
  facet normal 1.000000e+00 0.000000e+00 0.000000e+00
    outer loop
      vertex   1.232000e+02 1.250000e+00 3.780000e+01
      vertex   1.232000e+02 -2.500000e+00 4.790000e+01
      vertex   1.232000e+02 -2.500000e+00 3.780000e+01
    endloop
  endfacet
  facet normal 0.000000e+00 0.000000e+00 -1.000000e+00
    outer loop
      vertex   1.252000e+02 -2.500000e+00 4.790000e+01
      vertex   1.232000e+02 -2.500000e+00 4.790000e+01
      vertex   1.252000e+02 1.250000e+00 4.790000e+01
    endloop
  endfacet
  facet normal -0.000000e+00 0.000000e+00 -1.000000e+00
    outer loop
      vertex   1.252000e+02 1.250000e+00 4.790000e+01
      vertex   1.232000e+02 -2.500000e+00 4.790000e+01
      vertex   1.232000e+02 1.250000e+00 4.790000e+01
    endloop
  endfacet
  facet normal 0.000000e+00 -2.912060e-16 1.000000e+00
    outer loop
      vertex   1.252500e+02 1.115000e+01 4.500000e+00
      vertex   1.252500e+02 1.725000e+01 4.500000e+00
      vertex   1.231500e+02 1.115000e+01 4.500000e+00
    endloop
  endfacet
  facet normal 0.000000e+00 -2.912060e-16 1.000000e+00
    outer loop
      vertex   1.231500e+02 1.115000e+01 4.500000e+00
      vertex   1.252500e+02 1.725000e+01 4.500000e+00
      vertex   1.231500e+02 1.725000e+01 4.500000e+00
    endloop
  endfacet
  facet normal -0.000000e+00 -4.705882e-01 -8.823529e-01
    outer loop
      vertex   1.252500e+02 1.250000e+00 2.200000e+01
      vertex   1.252500e+02 -2.500000e+00 2.400000e+01
      vertex   1.231500e+02 1.250000e+00 2.200000e+01
    endloop
  endfacet
  facet normal -3.535511e-31 -4.705882e-01 -8.823529e-01
    outer loop
      vertex   1.231500e+02 1.250000e+00 2.200000e+01
      vertex   1.252500e+02 -2.500000e+00 2.400000e+01
      vertex   1.231500e+02 -2.500000e+00 2.400000e+01
    endloop
  endfacet
  facet normal -1.000000e+00 0.000000e+00 0.000000e+00
    outer loop
      vertex   1.252500e+02 1.250000e+00 1.250000e+01
      vertex   1.252500e+02 -2.500000e+00 1.250000e+01
      vertex   1.252500e+02 1.250000e+00 2.200000e+01
    endloop
  endfacet
  facet normal -1.000000e+00 -0.000000e+00 0.000000e+00
    outer loop
      vertex   1.252500e+02 1.250000e+00 2.200000e+01
      vertex   1.252500e+02 -2.500000e+00 1.250000e+01
      vertex   1.252500e+02 -2.500000e+00 2.400000e+01
    endloop
  endfacet
  facet normal -1.277242e-07 -2.110523e-16 1.000000e+00
    outer loop
      vertex   1.214000e+02 1.250000e+00 1.250000e+01
      vertex   1.231500e+02 1.115000e+01 1.250000e+01
      vertex   1.214000e+02 2.650000e+01 1.250000e+01
    endloop
  endfacet
  facet normal 1.936802e-07 3.664220e-08 1.000000e+00
    outer loop
      vertex   1.214000e+02 2.650000e+01 1.250000e+01
      vertex   1.231500e+02 1.115000e+01 1.250000e+01
      vertex   1.231500e+02 1.725000e+01 1.250000e+01
    endloop
  endfacet
  facet normal 0.000000e+00 0.000000e+00 1.000000e+00
    outer loop
      vertex   1.214000e+02 2.650000e+01 1.250000e+01
      vertex   1.231500e+02 1.725000e+01 1.250000e+01
      vertex   1.252500e+02 1.725000e+01 1.250000e+01
    endloop
  endfacet
  facet normal 0.000000e+00 -2.257752e-08 1.000000e+00
    outer loop
      vertex   1.214000e+02 1.250000e+00 1.250000e+01
      vertex   1.231500e+02 1.250000e+00 1.250000e+01
      vertex   1.231500e+02 1.115000e+01 1.250000e+01
    endloop
  endfacet
  facet normal -2.546394e-25 -2.257752e-08 1.000000e+00
    outer loop
      vertex   1.231500e+02 1.115000e+01 1.250000e+01
      vertex   1.231500e+02 1.250000e+00 1.250000e+01
      vertex   1.252500e+02 1.250000e+00 1.250000e+01
    endloop
  endfacet
  facet normal 0.000000e+00 -2.257752e-08 1.000000e+00
    outer loop
      vertex   1.231500e+02 1.115000e+01 1.250000e+01
      vertex   1.252500e+02 1.250000e+00 1.250000e+01
      vertex   1.252500e+02 1.115000e+01 1.250000e+01
    endloop
  endfacet
  facet normal -3.055673e-25 -2.257752e-08 1.000000e+00
    outer loop
      vertex   1.252500e+02 1.115000e+01 1.250000e+01
      vertex   1.252500e+02 1.250000e+00 1.250000e+01
      vertex   1.270000e+02 1.250000e+00 1.250000e+01
    endloop
  endfacet
  facet normal 1.277242e-07 -2.110523e-16 1.000000e+00
    outer loop
      vertex   1.252500e+02 1.115000e+01 1.250000e+01
      vertex   1.270000e+02 1.250000e+00 1.250000e+01
      vertex   1.270000e+02 2.650000e+01 1.250000e+01
    endloop
  endfacet
  facet normal -0.000000e+00 5.960464e-08 1.000000e+00
    outer loop
      vertex   1.231500e+02 -2.500000e+00 1.250000e+01
      vertex   1.252500e+02 -2.500000e+00 1.250000e+01
      vertex   1.231500e+02 1.250000e+00 1.250000e+01
    endloop
  endfacet
  facet normal -0.000000e+00 5.960464e-08 1.000000e+00
    outer loop
      vertex   1.231500e+02 1.250000e+00 1.250000e+01
      vertex   1.252500e+02 -2.500000e+00 1.250000e+01
      vertex   1.252500e+02 1.250000e+00 1.250000e+01
    endloop
  endfacet
  facet normal -1.936802e-07 3.664220e-08 1.000000e+00
    outer loop
      vertex   1.252500e+02 1.115000e+01 1.250000e+01
      vertex   1.270000e+02 2.650000e+01 1.250000e+01
      vertex   1.252500e+02 1.725000e+01 1.250000e+01
    endloop
  endfacet
  facet normal 0.000000e+00 -0.000000e+00 1.000000e+00
    outer loop
      vertex   1.252500e+02 1.725000e+01 1.250000e+01
      vertex   1.270000e+02 2.650000e+01 1.250000e+01
      vertex   1.214000e+02 2.650000e+01 1.250000e+01
    endloop
  endfacet
  facet normal -0.000000e+00 -1.000000e+00 -0.000000e+00
    outer loop
      vertex   1.252500e+02 1.725000e+01 1.250000e+01
      vertex   1.231500e+02 1.725000e+01 1.250000e+01
      vertex   1.252500e+02 1.725000e+01 4.500000e+00
    endloop
  endfacet
  facet normal 0.000000e+00 -1.000000e+00 0.000000e+00
    outer loop
      vertex   1.252500e+02 1.725000e+01 4.500000e+00
      vertex   1.231500e+02 1.725000e+01 1.250000e+01
      vertex   1.231500e+02 1.725000e+01 4.500000e+00
    endloop
  endfacet
  facet normal -1.000000e+00 0.000000e+00 0.000000e+00
    outer loop
      vertex   1.252500e+02 1.115000e+01 1.250000e+01
      vertex   1.252500e+02 1.725000e+01 1.250000e+01
      vertex   1.252500e+02 1.115000e+01 4.500000e+00
    endloop
  endfacet
  facet normal -1.000000e+00 0.000000e+00 0.000000e+00
    outer loop
      vertex   1.252500e+02 1.115000e+01 4.500000e+00
      vertex   1.252500e+02 1.725000e+01 1.250000e+01
      vertex   1.252500e+02 1.725000e+01 4.500000e+00
    endloop
  endfacet
  facet normal -0.000000e+00 1.000000e+00 2.220446e-16
    outer loop
      vertex   1.231500e+02 1.115000e+01 1.250000e+01
      vertex   1.252500e+02 1.115000e+01 1.250000e+01
      vertex   1.231500e+02 1.115000e+01 4.500000e+00
    endloop
  endfacet
  facet normal -0.000000e+00 1.000000e+00 2.220446e-16
    outer loop
      vertex   1.231500e+02 1.115000e+01 4.500000e+00
      vertex   1.252500e+02 1.115000e+01 1.250000e+01
      vertex   1.252500e+02 1.115000e+01 4.500000e+00
    endloop
  endfacet
  facet normal 1.000000e+00 0.000000e+00 -0.000000e+00
    outer loop
      vertex   1.231500e+02 1.725000e+01 4.500000e+00
      vertex   1.231500e+02 1.725000e+01 1.250000e+01
      vertex   1.231500e+02 1.115000e+01 4.500000e+00
    endloop
  endfacet
  facet normal 1.000000e+00 0.000000e+00 -0.000000e+00
    outer loop
      vertex   1.231500e+02 1.115000e+01 4.500000e+00
      vertex   1.231500e+02 1.725000e+01 1.250000e+01
      vertex   1.231500e+02 1.115000e+01 1.250000e+01
    endloop
  endfacet
  facet normal 1.000000e+00 0.000000e+00 0.000000e+00
    outer loop
      vertex   1.231500e+02 -2.500000e+00 2.400000e+01
      vertex   1.231500e+02 -2.500000e+00 1.250000e+01
      vertex   1.231500e+02 1.250000e+00 2.200000e+01
    endloop
  endfacet
  facet normal 1.000000e+00 0.000000e+00 0.000000e+00
    outer loop
      vertex   1.231500e+02 1.250000e+00 2.200000e+01
      vertex   1.231500e+02 -2.500000e+00 1.250000e+01
      vertex   1.231500e+02 1.250000e+00 1.250000e+01
    endloop
  endfacet
  facet normal -1.000000e+00 0.000000e+00 0.000000e+00
    outer loop
      vertex   -1.800000e+00 1.250000e+00 3.780000e+01
      vertex   -1.800000e+00 -2.500000e+00 3.780000e+01
      vertex   -1.800000e+00 1.250000e+00 4.790000e+01
    endloop
  endfacet
  facet normal -1.000000e+00 -0.000000e+00 0.000000e+00
    outer loop
      vertex   -1.800000e+00 1.250000e+00 4.790000e+01
      vertex   -1.800000e+00 -2.500000e+00 3.780000e+01
      vertex   -1.800000e+00 -2.500000e+00 4.790000e+01
    endloop
  endfacet
  facet normal 0.000000e+00 0.000000e+00 1.000000e+00
    outer loop
      vertex   -1.800000e+00 1.250000e+00 3.780000e+01
      vertex   -3.800000e+00 1.250000e+00 3.780000e+01
      vertex   -1.800000e+00 -2.500000e+00 3.780000e+01
    endloop
  endfacet
  facet normal 0.000000e+00 0.000000e+00 1.000000e+00
    outer loop
      vertex   -1.800000e+00 -2.500000e+00 3.780000e+01
      vertex   -3.800000e+00 1.250000e+00 3.780000e+01
      vertex   -3.800000e+00 -2.500000e+00 3.780000e+01
    endloop
  endfacet
  facet normal 1.000000e+00 0.000000e+00 0.000000e+00
    outer loop
      vertex   -3.800000e+00 1.250000e+00 4.790000e+01
      vertex   -3.800000e+00 -2.500000e+00 4.790000e+01
      vertex   -3.800000e+00 1.250000e+00 3.780000e+01
    endloop
  endfacet
  facet normal 1.000000e+00 0.000000e+00 0.000000e+00
    outer loop
      vertex   -3.800000e+00 1.250000e+00 3.780000e+01
      vertex   -3.800000e+00 -2.500000e+00 4.790000e+01
      vertex   -3.800000e+00 -2.500000e+00 3.780000e+01
    endloop
  endfacet
  facet normal 0.000000e+00 0.000000e+00 -1.000000e+00
    outer loop
      vertex   -1.800000e+00 -2.500000e+00 4.790000e+01
      vertex   -3.800000e+00 -2.500000e+00 4.790000e+01
      vertex   -1.800000e+00 1.250000e+00 4.790000e+01
    endloop
  endfacet
  facet normal -0.000000e+00 0.000000e+00 -1.000000e+00
    outer loop
      vertex   -1.800000e+00 1.250000e+00 4.790000e+01
      vertex   -3.800000e+00 -2.500000e+00 4.790000e+01
      vertex   -3.800000e+00 1.250000e+00 4.790000e+01
    endloop
  endfacet
  facet normal 0.000000e+00 -2.912060e-16 1.000000e+00
    outer loop
      vertex   -1.750000e+00 1.115000e+01 4.500000e+00
      vertex   -1.750000e+00 1.725000e+01 4.500000e+00
      vertex   -3.850000e+00 1.115000e+01 4.500000e+00
    endloop
  endfacet
  facet normal 0.000000e+00 -2.912060e-16 1.000000e+00
    outer loop
      vertex   -3.850000e+00 1.115000e+01 4.500000e+00
      vertex   -1.750000e+00 1.725000e+01 4.500000e+00
      vertex   -3.850000e+00 1.725000e+01 4.500000e+00
    endloop
  endfacet
  facet normal -0.000000e+00 -4.705882e-01 -8.823529e-01
    outer loop
      vertex   -1.750000e+00 1.250000e+00 2.200000e+01
      vertex   -1.750000e+00 -2.500000e+00 2.400000e+01
      vertex   -3.850000e+00 1.250000e+00 2.200000e+01
    endloop
  endfacet
  facet normal -3.535511e-31 -4.705882e-01 -8.823529e-01
    outer loop
      vertex   -3.850000e+00 1.250000e+00 2.200000e+01
      vertex   -1.750000e+00 -2.500000e+00 2.400000e+01
      vertex   -3.850000e+00 -2.500000e+00 2.400000e+01
    endloop
  endfacet
  facet normal -1.000000e+00 0.000000e+00 0.000000e+00
    outer loop
      vertex   -1.750000e+00 1.250000e+00 1.250000e+01
      vertex   -1.750000e+00 -2.500000e+00 1.250000e+01
      vertex   -1.750000e+00 1.250000e+00 2.200000e+01
    endloop
  endfacet
  facet normal -1.000000e+00 -0.000000e+00 0.000000e+00
    outer loop
      vertex   -1.750000e+00 1.250000e+00 2.200000e+01
      vertex   -1.750000e+00 -2.500000e+00 1.250000e+01
      vertex   -1.750000e+00 -2.500000e+00 2.400000e+01
    endloop
  endfacet
  facet normal -1.277242e-07 -2.110523e-16 1.000000e+00
    outer loop
      vertex   -5.600000e+00 1.250000e+00 1.250000e+01
      vertex   -3.850000e+00 1.115000e+01 1.250000e+01
      vertex   -5.600000e+00 2.650000e+01 1.250000e+01
    endloop
  endfacet
  facet normal 1.936802e-07 3.664220e-08 1.000000e+00
    outer loop
      vertex   -5.600000e+00 2.650000e+01 1.250000e+01
      vertex   -3.850000e+00 1.115000e+01 1.250000e+01
      vertex   -3.850000e+00 1.725000e+01 1.250000e+01
    endloop
  endfacet
  facet normal 0.000000e+00 0.000000e+00 1.000000e+00
    outer loop
      vertex   -5.600000e+00 2.650000e+01 1.250000e+01
      vertex   -3.850000e+00 1.725000e+01 1.250000e+01
      vertex   -1.750000e+00 1.725000e+01 1.250000e+01
    endloop
  endfacet
  facet normal 0.000000e+00 -2.257752e-08 1.000000e+00
    outer loop
      vertex   -5.600000e+00 1.250000e+00 1.250000e+01
      vertex   -3.850000e+00 1.250000e+00 1.250000e+01
      vertex   -3.850000e+00 1.115000e+01 1.250000e+01
    endloop
  endfacet
  facet normal -2.546394e-25 -2.257752e-08 1.000000e+00
    outer loop
      vertex   -3.850000e+00 1.115000e+01 1.250000e+01
      vertex   -3.850000e+00 1.250000e+00 1.250000e+01
      vertex   -1.750000e+00 1.250000e+00 1.250000e+01
    endloop
  endfacet
  facet normal 0.000000e+00 -2.257752e-08 1.000000e+00
    outer loop
      vertex   -3.850000e+00 1.115000e+01 1.250000e+01
      vertex   -1.750000e+00 1.250000e+00 1.250000e+01
      vertex   -1.750000e+00 1.115000e+01 1.250000e+01
    endloop
  endfacet
  facet normal -3.055673e-25 -2.257752e-08 1.000000e+00
    outer loop
      vertex   -1.750000e+00 1.115000e+01 1.250000e+01
      vertex   -1.750000e+00 1.250000e+00 1.250000e+01
      vertex   -4.470348e-08 1.250000e+00 1.250000e+01
    endloop
  endfacet
  facet normal 1.277242e-07 -2.110523e-16 1.000000e+00
    outer loop
      vertex   -1.750000e+00 1.115000e+01 1.250000e+01
      vertex   -4.470348e-08 1.250000e+00 1.250000e+01
      vertex   -4.470348e-08 2.650000e+01 1.250000e+01
    endloop
  endfacet
  facet normal -0.000000e+00 5.960464e-08 1.000000e+00
    outer loop
      vertex   -3.850000e+00 -2.500000e+00 1.250000e+01
      vertex   -1.750000e+00 -2.500000e+00 1.250000e+01
      vertex   -3.850000e+00 1.250000e+00 1.250000e+01
    endloop
  endfacet
  facet normal -0.000000e+00 5.960464e-08 1.000000e+00
    outer loop
      vertex   -3.850000e+00 1.250000e+00 1.250000e+01
      vertex   -1.750000e+00 -2.500000e+00 1.250000e+01
      vertex   -1.750000e+00 1.250000e+00 1.250000e+01
    endloop
  endfacet
  facet normal -1.936802e-07 3.664220e-08 1.000000e+00
    outer loop
      vertex   -1.750000e+00 1.115000e+01 1.250000e+01
      vertex   -4.470348e-08 2.650000e+01 1.250000e+01
      vertex   -1.750000e+00 1.725000e+01 1.250000e+01
    endloop
  endfacet
  facet normal 0.000000e+00 -0.000000e+00 1.000000e+00
    outer loop
      vertex   -1.750000e+00 1.725000e+01 1.250000e+01
      vertex   -4.470348e-08 2.650000e+01 1.250000e+01
      vertex   -5.600000e+00 2.650000e+01 1.250000e+01
    endloop
  endfacet
  facet normal -0.000000e+00 -1.000000e+00 -0.000000e+00
    outer loop
      vertex   -1.750000e+00 1.725000e+01 1.250000e+01
      vertex   -3.850000e+00 1.725000e+01 1.250000e+01
      vertex   -1.750000e+00 1.725000e+01 4.500000e+00
    endloop
  endfacet
  facet normal 0.000000e+00 -1.000000e+00 0.000000e+00
    outer loop
      vertex   -1.750000e+00 1.725000e+01 4.500000e+00
      vertex   -3.850000e+00 1.725000e+01 1.250000e+01
      vertex   -3.850000e+00 1.725000e+01 4.500000e+00
    endloop
  endfacet
  facet normal -1.000000e+00 0.000000e+00 0.000000e+00
    outer loop
      vertex   -1.750000e+00 1.115000e+01 1.250000e+01
      vertex   -1.750000e+00 1.725000e+01 1.250000e+01
      vertex   -1.750000e+00 1.115000e+01 4.500000e+00
    endloop
  endfacet
  facet normal -1.000000e+00 0.000000e+00 0.000000e+00
    outer loop
      vertex   -1.750000e+00 1.115000e+01 4.500000e+00
      vertex   -1.750000e+00 1.725000e+01 1.250000e+01
      vertex   -1.750000e+00 1.725000e+01 4.500000e+00
    endloop
  endfacet
  facet normal -0.000000e+00 1.000000e+00 2.220446e-16
    outer loop
      vertex   -3.850000e+00 1.115000e+01 1.250000e+01
      vertex   -1.750000e+00 1.115000e+01 1.250000e+01
      vertex   -3.850000e+00 1.115000e+01 4.500000e+00
    endloop
  endfacet
  facet normal -0.000000e+00 1.000000e+00 2.220446e-16
    outer loop
      vertex   -3.850000e+00 1.115000e+01 4.500000e+00
      vertex   -1.750000e+00 1.115000e+01 1.250000e+01
      vertex   -1.750000e+00 1.115000e+01 4.500000e+00
    endloop
  endfacet
  facet normal 1.000000e+00 0.000000e+00 -0.000000e+00
    outer loop
      vertex   -3.850000e+00 1.725000e+01 4.500000e+00
      vertex   -3.850000e+00 1.725000e+01 1.250000e+01
      vertex   -3.850000e+00 1.115000e+01 4.500000e+00
    endloop
  endfacet
  facet normal 1.000000e+00 0.000000e+00 -0.000000e+00
    outer loop
      vertex   -3.850000e+00 1.115000e+01 4.500000e+00
      vertex   -3.850000e+00 1.725000e+01 1.250000e+01
      vertex   -3.850000e+00 1.115000e+01 1.250000e+01
    endloop
  endfacet
  facet normal 1.000000e+00 0.000000e+00 0.000000e+00
    outer loop
      vertex   -3.850000e+00 -2.500000e+00 2.400000e+01
      vertex   -3.850000e+00 -2.500000e+00 1.250000e+01
      vertex   -3.850000e+00 1.250000e+00 2.200000e+01
    endloop
  endfacet
  facet normal 1.000000e+00 1.184238e-16 -4.674623e-17
    outer loop
      vertex   -3.850000e+00 1.250000e+00 2.200000e+01
      vertex   -3.850000e+00 -2.500000e+00 1.250000e+01
      vertex   -3.850000e+00 1.250000e+00 1.250000e+01
    endloop
  endfacet
endsolid
