solid ASCII
  facet normal -1.996888e-15 -8.682431e-01 4.961389e-01
    outer loop
      vertex   3.229644e+01 -1.515350e+01 2.631137e+01
      vertex   5.040000e+01 -2.500000e+01 9.080000e+00
      vertex   3.230500e+01 -1.495429e+01 2.666000e+01
    endloop
  endfacet
  facet normal -7.808383e-17 -8.682431e-01 4.961389e-01
    outer loop
      vertex   3.230500e+01 -1.495429e+01 2.666000e+01
      vertex   5.040000e+01 -2.500000e+01 9.080000e+00
      vertex   5.040000e+01 -5.000000e+00 4.408000e+01
    endloop
  endfacet
  facet normal -2.597059e-17 -8.682431e-01 4.961389e-01
    outer loop
      vertex   3.230500e+01 -1.495429e+01 2.666000e+01
      vertex   5.040000e+01 -5.000000e+00 4.408000e+01
      vertex   3.230500e+01 -6.765459e+00 4.099045e+01
    endloop
  endfacet
  facet normal -6.273138e-17 -8.682431e-01 4.961389e-01
    outer loop
      vertex   3.230500e+01 -6.765459e+00 4.099045e+01
      vertex   5.040000e+01 -5.000000e+00 4.408000e+01
      vertex   3.692563e+01 -5.000000e+00 4.408000e+01
    endloop
  endfacet
  facet normal 3.060921e-15 -8.682431e-01 4.961389e-01
    outer loop
      vertex   3.230500e+01 -6.765459e+00 4.099045e+01
      vertex   3.692563e+01 -5.000000e+00 4.408000e+01
      vertex   3.245815e+01 -6.574078e+00 4.132536e+01
    endloop
  endfacet
  facet normal -5.417182e-15 -8.682431e-01 4.961389e-01
    outer loop
      vertex   3.245815e+01 -6.574078e+00 4.132536e+01
      vertex   3.692563e+01 -5.000000e+00 4.408000e+01
      vertex   3.674149e+01 -5.001938e+00 4.407661e+01
    endloop
  endfacet
  facet normal -4.242534e-15 -8.682431e-01 4.961389e-01
    outer loop
      vertex   3.245815e+01 -6.574078e+00 4.132536e+01
      vertex   3.674149e+01 -5.001938e+00 4.407661e+01
      vertex   3.655760e+01 -5.007750e+00 4.406644e+01
    endloop
  endfacet
  facet normal -1.894611e-15 -8.682431e-01 4.961389e-01
    outer loop
      vertex   3.229644e+01 -1.515350e+01 2.631137e+01
      vertex   3.227079e+01 -1.535224e+01 2.596359e+01
      vertex   5.040000e+01 -2.500000e+01 9.080000e+00
    endloop
  endfacet
  facet normal 6.453117e-15 -8.682431e-01 4.961389e-01
    outer loop
      vertex   5.040000e+01 -2.500000e+01 9.080000e+00
      vertex   3.227079e+01 -1.535224e+01 2.596359e+01
      vertex   3.222810e+01 -1.555001e+01 2.561748e+01
    endloop
  endfacet
  facet normal 2.812396e-15 -8.682431e-01 4.961389e-01
    outer loop
      vertex   5.040000e+01 -2.500000e+01 9.080000e+00
      vertex   3.222810e+01 -1.555001e+01 2.561748e+01
      vertex   3.216848e+01 -1.574635e+01 2.527388e+01
    endloop
  endfacet
  facet normal -4.138312e-17 -8.682431e-01 4.961389e-01
    outer loop
      vertex   3.216848e+01 -1.574635e+01 2.527388e+01
      vertex   3.209207e+01 -1.594079e+01 2.493363e+01
      vertex   5.040000e+01 -2.500000e+01 9.080000e+00
    endloop
  endfacet
  facet normal -3.633560e-15 -8.682431e-01 4.961389e-01
    outer loop
      vertex   5.040000e+01 -2.500000e+01 9.080000e+00
      vertex   3.209207e+01 -1.594079e+01 2.493363e+01
      vertex   3.199906e+01 -1.613284e+01 2.459753e+01
    endloop
  endfacet
  facet normal -1.393205e-15 -8.682431e-01 4.961389e-01
    outer loop
      vertex   5.040000e+01 -2.500000e+01 9.080000e+00
      vertex   3.199906e+01 -1.613284e+01 2.459753e+01
      vertex   3.188967e+01 -1.632206e+01 2.426640e+01
    endloop
  endfacet
  facet normal 1.520207e-15 -8.682431e-01 4.961389e-01
    outer loop
      vertex   3.188967e+01 -1.632206e+01 2.426640e+01
      vertex   3.176416e+01 -1.650798e+01 2.394103e+01
      vertex   5.040000e+01 -2.500000e+01 9.080000e+00
    endloop
  endfacet
  facet normal 3.546401e-15 -8.682431e-01 4.961389e-01
    outer loop
      vertex   5.040000e+01 -2.500000e+01 9.080000e+00
      vertex   3.176416e+01 -1.650798e+01 2.394103e+01
      vertex   3.162284e+01 -1.669016e+01 2.362222e+01
    endloop
  endfacet
  facet normal -3.470533e-15 -8.682431e-01 4.961389e-01
    outer loop
      vertex   5.040000e+01 -2.500000e+01 9.080000e+00
      vertex   3.162284e+01 -1.669016e+01 2.362222e+01
      vertex   3.146605e+01 -1.686816e+01 2.331073e+01
    endloop
  endfacet
  facet normal 2.965423e-15 -8.682431e-01 4.961389e-01
    outer loop
      vertex   3.146605e+01 -1.686816e+01 2.331073e+01
      vertex   3.129416e+01 -1.704154e+01 2.300730e+01
      vertex   5.040000e+01 -2.500000e+01 9.080000e+00
    endloop
  endfacet
  facet normal 6.105735e-16 -8.682431e-01 4.961389e-01
    outer loop
      vertex   5.040000e+01 -2.500000e+01 9.080000e+00
      vertex   3.129416e+01 -1.704154e+01 2.300730e+01
      vertex   3.110759e+01 -1.720990e+01 2.271267e+01
    endloop
  endfacet
  facet normal -4.825057e-15 -8.682431e-01 4.961389e-01
    outer loop
      vertex   5.040000e+01 -2.500000e+01 9.080000e+00
      vertex   3.110759e+01 -1.720990e+01 2.271267e+01
      vertex   3.090679e+01 -1.737283e+01 2.242756e+01
    endloop
  endfacet
  facet normal 2.735546e-15 -8.682431e-01 4.961389e-01
    outer loop
      vertex   3.090679e+01 -1.737283e+01 2.242756e+01
      vertex   3.069224e+01 -1.752992e+01 2.215264e+01
      vertex   5.040000e+01 -2.500000e+01 9.080000e+00
    endloop
  endfacet
  facet normal -5.077781e-15 -8.682431e-01 4.961389e-01
    outer loop
      vertex   5.040000e+01 -2.500000e+01 9.080000e+00
      vertex   3.069224e+01 -1.752992e+01 2.215264e+01
      vertex   3.046446e+01 -1.768082e+01 2.188857e+01
    endloop
  endfacet
  facet normal 2.984929e-15 -8.682431e-01 4.961389e-01
    outer loop
      vertex   5.040000e+01 -2.500000e+01 9.080000e+00
      vertex   3.046446e+01 -1.768082e+01 2.188857e+01
      vertex   3.022399e+01 -1.782514e+01 2.163601e+01
    endloop
  endfacet
  facet normal 2.648848e-15 -8.682431e-01 4.961389e-01
    outer loop
      vertex   3.022399e+01 -1.782514e+01 2.163601e+01
      vertex   2.997143e+01 -1.796255e+01 2.139554e+01
      vertex   5.040000e+01 -2.500000e+01 9.080000e+00
    endloop
  endfacet
  facet normal -2.460532e-15 -8.682431e-01 4.961389e-01
    outer loop
      vertex   5.040000e+01 -2.500000e+01 9.080000e+00
      vertex   2.997143e+01 -1.796255e+01 2.139554e+01
      vertex   2.970736e+01 -1.809271e+01 2.116776e+01
    endloop
  endfacet
  facet normal -8.607941e-16 -8.682431e-01 4.961389e-01
    outer loop
      vertex   5.040000e+01 -2.500000e+01 9.080000e+00
      vertex   2.970736e+01 -1.809271e+01 2.116776e+01
      vertex   2.943244e+01 -1.821531e+01 2.095321e+01
    endloop
  endfacet
  facet normal 1.954982e-15 -8.682431e-01 4.961389e-01
    outer loop
      vertex   2.943244e+01 -1.821531e+01 2.095321e+01
      vertex   2.914733e+01 -1.833005e+01 2.075241e+01
      vertex   5.040000e+01 -2.500000e+01 9.080000e+00
    endloop
  endfacet
  facet normal -7.353696e-16 -8.682431e-01 4.961389e-01
    outer loop
      vertex   5.040000e+01 -2.500000e+01 9.080000e+00
      vertex   2.914733e+01 -1.833005e+01 2.075241e+01
      vertex   2.885270e+01 -1.843666e+01 2.056584e+01
    endloop
  endfacet
  facet normal 1.902918e-15 -8.682431e-01 4.961389e-01
    outer loop
      vertex   5.040000e+01 -2.500000e+01 9.080000e+00
      vertex   2.885270e+01 -1.843666e+01 2.056584e+01
      vertex   2.854927e+01 -1.853489e+01 2.039395e+01
    endloop
  endfacet
  facet normal 2.839105e-15 -8.682431e-01 4.961389e-01
    outer loop
      vertex   2.854927e+01 -1.853489e+01 2.039395e+01
      vertex   2.823778e+01 -1.862448e+01 2.023716e+01
      vertex   5.040000e+01 -2.500000e+01 9.080000e+00
    endloop
  endfacet
  facet normal 1.804909e-15 -8.682431e-01 4.961389e-01
    outer loop
      vertex   5.040000e+01 -2.500000e+01 9.080000e+00
      vertex   2.823778e+01 -1.862448e+01 2.023716e+01
      vertex   2.791897e+01 -1.870524e+01 2.009584e+01
    endloop
  endfacet
  facet normal -1.588187e-15 -8.682431e-01 4.961389e-01
    outer loop
      vertex   5.040000e+01 -2.500000e+01 9.080000e+00
      vertex   2.791897e+01 -1.870524e+01 2.009584e+01
      vertex   2.759360e+01 -1.877695e+01 1.997033e+01
    endloop
  endfacet
  facet normal -1.575964e-15 -8.682431e-01 4.961389e-01
    outer loop
      vertex   2.759360e+01 -1.877695e+01 1.997033e+01
      vertex   2.726247e+01 -1.883946e+01 1.986094e+01
      vertex   5.040000e+01 -2.500000e+01 9.080000e+00
    endloop
  endfacet
  facet normal -5.178501e-15 -8.682431e-01 4.961389e-01
    outer loop
      vertex   5.040000e+01 -2.500000e+01 9.080000e+00
      vertex   2.726247e+01 -1.883946e+01 1.986094e+01
      vertex   2.692637e+01 -1.889261e+01 1.976793e+01
    endloop
  endfacet
  facet normal 1.385200e-15 -8.682431e-01 4.961389e-01
    outer loop
      vertex   5.040000e+01 -2.500000e+01 9.080000e+00
      vertex   2.692637e+01 -1.889261e+01 1.976793e+01
      vertex   2.658612e+01 -1.893627e+01 1.969152e+01
    endloop
  endfacet
  facet normal 5.509233e-15 -8.682431e-01 4.961389e-01
    outer loop
      vertex   2.658612e+01 -1.893627e+01 1.969152e+01
      vertex   2.624252e+01 -1.897034e+01 1.963190e+01
      vertex   5.040000e+01 -2.500000e+01 9.080000e+00
    endloop
  endfacet
  facet normal -4.519448e-15 -8.682431e-01 4.961389e-01
    outer loop
      vertex   5.040000e+01 -2.500000e+01 9.080000e+00
      vertex   2.624252e+01 -1.897034e+01 1.963190e+01
      vertex   2.589641e+01 -1.899474e+01 1.958921e+01
    endloop
  endfacet
  facet normal -2.832965e-15 -8.682431e-01 4.961389e-01
    outer loop
      vertex   5.040000e+01 -2.500000e+01 9.080000e+00
      vertex   2.589641e+01 -1.899474e+01 1.958921e+01
      vertex   2.554863e+01 -1.900940e+01 1.956356e+01
    endloop
  endfacet
  facet normal -8.493714e-18 -8.682431e-01 4.961389e-01
    outer loop
      vertex   2.554863e+01 -1.900940e+01 1.956356e+01
      vertex   2.520000e+01 -1.901429e+01 1.955500e+01
      vertex   5.040000e+01 -2.500000e+01 9.080000e+00
    endloop
  endfacet
  facet normal 0.000000e+00 -8.682431e-01 4.961389e-01
    outer loop
      vertex   5.040000e+01 -2.500000e+01 9.080000e+00
      vertex   2.520000e+01 -1.901429e+01 1.955500e+01
      vertex   -4.440892e-15 -2.500000e+01 9.080000e+00
    endloop
  endfacet
  facet normal -3.794235e-16 -8.682431e-01 4.961389e-01
    outer loop
      vertex   -4.440892e-15 -2.500000e+01 9.080000e+00
      vertex   2.520000e+01 -1.901429e+01 1.955500e+01
      vertex   2.485137e+01 -1.900940e+01 1.956356e+01
    endloop
  endfacet
  facet normal 3.303954e-15 -8.682431e-01 4.961389e-01
    outer loop
      vertex   -4.440892e-15 -2.500000e+01 9.080000e+00
      vertex   2.485137e+01 -1.900940e+01 1.956356e+01
      vertex   2.450359e+01 -1.899474e+01 1.958921e+01
    endloop
  endfacet
  facet normal 4.968811e-15 -8.682431e-01 4.961389e-01
    outer loop
      vertex   2.450359e+01 -1.899474e+01 1.958921e+01
      vertex   2.415748e+01 -1.897034e+01 1.963190e+01
      vertex   -4.440892e-15 -2.500000e+01 9.080000e+00
    endloop
  endfacet
  facet normal -5.851721e-15 -8.682431e-01 4.961389e-01
    outer loop
      vertex   -4.440892e-15 -2.500000e+01 9.080000e+00
      vertex   2.415748e+01 -1.897034e+01 1.963190e+01
      vertex   2.381388e+01 -1.893627e+01 1.969152e+01
    endloop
  endfacet
  facet normal -2.572036e-15 -8.682431e-01 4.961389e-01
    outer loop
      vertex   -4.440892e-15 -2.500000e+01 9.080000e+00
      vertex   2.381388e+01 -1.893627e+01 1.969152e+01
      vertex   2.347363e+01 -1.889261e+01 1.976793e+01
    endloop
  endfacet
  facet normal 4.133977e-15 -8.682431e-01 4.961389e-01
    outer loop
      vertex   2.347363e+01 -1.889261e+01 1.976793e+01
      vertex   2.313753e+01 -1.883946e+01 1.986094e+01
      vertex   -4.440892e-15 -2.500000e+01 9.080000e+00
    endloop
  endfacet
  facet normal 1.290950e-15 -8.682431e-01 4.961389e-01
    outer loop
      vertex   -4.440892e-15 -2.500000e+01 9.080000e+00
      vertex   2.313753e+01 -1.883946e+01 1.986094e+01
      vertex   2.280640e+01 -1.877695e+01 1.997033e+01
    endloop
  endfacet
  facet normal 2.594138e-15 -8.682431e-01 4.961389e-01
    outer loop
      vertex   -4.440892e-15 -2.500000e+01 9.080000e+00
      vertex   2.280640e+01 -1.877695e+01 1.997033e+01
      vertex   2.248103e+01 -1.870524e+01 2.009584e+01
    endloop
  endfacet
  facet normal -1.468311e-15 -8.682431e-01 4.961389e-01
    outer loop
      vertex   2.248103e+01 -1.870524e+01 2.009584e+01
      vertex   2.216222e+01 -1.862448e+01 2.023716e+01
      vertex   -4.440892e-15 -2.500000e+01 9.080000e+00
    endloop
  endfacet
  facet normal -2.480196e-15 -8.682431e-01 4.961389e-01
    outer loop
      vertex   -4.440892e-15 -2.500000e+01 9.080000e+00
      vertex   2.216222e+01 -1.862448e+01 2.023716e+01
      vertex   2.185073e+01 -1.853489e+01 2.039395e+01
    endloop
  endfacet
  facet normal -1.158312e-15 -8.682431e-01 4.961389e-01
    outer loop
      vertex   -4.440892e-15 -2.500000e+01 9.080000e+00
      vertex   2.185073e+01 -1.853489e+01 2.039395e+01
      vertex   2.154730e+01 -1.843666e+01 2.056584e+01
    endloop
  endfacet
  facet normal 5.756739e-17 -8.682431e-01 4.961389e-01
    outer loop
      vertex   2.154730e+01 -1.843666e+01 2.056584e+01
      vertex   2.125267e+01 -1.833005e+01 2.075241e+01
      vertex   -4.440892e-15 -2.500000e+01 9.080000e+00
    endloop
  endfacet
  facet normal -1.408876e-15 -8.682431e-01 4.961389e-01
    outer loop
      vertex   -4.440892e-15 -2.500000e+01 9.080000e+00
      vertex   2.125267e+01 -1.833005e+01 2.075241e+01
      vertex   2.096756e+01 -1.821531e+01 2.095321e+01
    endloop
  endfacet
  facet normal 2.186239e-15 -8.682431e-01 4.961389e-01
    outer loop
      vertex   -4.440892e-15 -2.500000e+01 9.080000e+00
      vertex   2.096756e+01 -1.821531e+01 2.095321e+01
      vertex   2.069264e+01 -1.809271e+01 2.116776e+01
    endloop
  endfacet
  facet normal 2.110828e-15 -8.682431e-01 4.961389e-01
    outer loop
      vertex   2.069264e+01 -1.809271e+01 2.116776e+01
      vertex   2.042857e+01 -1.796255e+01 2.139554e+01
      vertex   -4.440892e-15 -2.500000e+01 9.080000e+00
    endloop
  endfacet
  facet normal -2.032622e-15 -8.682431e-01 4.961389e-01
    outer loop
      vertex   -4.440892e-15 -2.500000e+01 9.080000e+00
      vertex   2.042857e+01 -1.796255e+01 2.139554e+01
      vertex   2.017601e+01 -1.782514e+01 2.163601e+01
    endloop
  endfacet
  facet normal -2.673471e-15 -8.682431e-01 4.961389e-01
    outer loop
      vertex   -4.440892e-15 -2.500000e+01 9.080000e+00
      vertex   2.017601e+01 -1.782514e+01 2.163601e+01
      vertex   1.993554e+01 -1.768082e+01 2.188857e+01
    endloop
  endfacet
  facet normal 4.995066e-15 -8.682431e-01 4.961389e-01
    outer loop
      vertex   1.993554e+01 -1.768082e+01 2.188857e+01
      vertex   1.970776e+01 -1.752992e+01 2.215264e+01
      vertex   -4.440892e-15 -2.500000e+01 9.080000e+00
    endloop
  endfacet
  facet normal -2.387123e-15 -8.682431e-01 4.961389e-01
    outer loop
      vertex   -4.440892e-15 -2.500000e+01 9.080000e+00
      vertex   1.970776e+01 -1.752992e+01 2.215264e+01
      vertex   1.949321e+01 -1.737283e+01 2.242756e+01
    endloop
  endfacet
  facet normal 4.803215e-15 -8.682431e-01 4.961389e-01
    outer loop
      vertex   -4.440892e-15 -2.500000e+01 9.080000e+00
      vertex   1.949321e+01 -1.737283e+01 2.242756e+01
      vertex   1.929241e+01 -1.720990e+01 2.271267e+01
    endloop
  endfacet
  facet normal -7.059012e-16 -8.682431e-01 4.961389e-01
    outer loop
      vertex   1.929241e+01 -1.720990e+01 2.271267e+01
      vertex   1.910584e+01 -1.704154e+01 2.300730e+01
      vertex   -4.440892e-15 -2.500000e+01 9.080000e+00
    endloop
  endfacet
  facet normal -2.513792e-15 -8.682431e-01 4.961389e-01
    outer loop
      vertex   -4.440892e-15 -2.500000e+01 9.080000e+00
      vertex   1.910584e+01 -1.704154e+01 2.300730e+01
      vertex   1.893395e+01 -1.686816e+01 2.331073e+01
    endloop
  endfacet
  facet normal 3.540362e-15 -8.682431e-01 4.961389e-01
    outer loop
      vertex   -4.440892e-15 -2.500000e+01 9.080000e+00
      vertex   1.893395e+01 -1.686816e+01 2.331073e+01
      vertex   1.877716e+01 -1.669016e+01 2.362222e+01
    endloop
  endfacet
  facet normal -3.129411e-15 -8.682431e-01 4.961389e-01
    outer loop
      vertex   1.877716e+01 -1.669016e+01 2.362222e+01
      vertex   1.863584e+01 -1.650798e+01 2.394103e+01
      vertex   -4.440892e-15 -2.500000e+01 9.080000e+00
    endloop
  endfacet
  facet normal -2.810253e-15 -8.682431e-01 4.961389e-01
    outer loop
      vertex   -4.440892e-15 -2.500000e+01 9.080000e+00
      vertex   1.863584e+01 -1.650798e+01 2.394103e+01
      vertex   1.851033e+01 -1.632206e+01 2.426640e+01
    endloop
  endfacet
  facet normal -1.243367e-15 -8.682431e-01 4.961389e-01
    outer loop
      vertex   -4.440892e-15 -2.500000e+01 9.080000e+00
      vertex   1.851033e+01 -1.632206e+01 2.426640e+01
      vertex   1.840094e+01 -1.613284e+01 2.459753e+01
    endloop
  endfacet
  facet normal 4.644298e-15 -8.682431e-01 4.961389e-01
    outer loop
      vertex   1.840094e+01 -1.613284e+01 2.459753e+01
      vertex   1.830793e+01 -1.594079e+01 2.493363e+01
      vertex   -4.440892e-15 -2.500000e+01 9.080000e+00
    endloop
  endfacet
  facet normal 8.667930e-16 -8.682431e-01 4.961389e-01
    outer loop
      vertex   -4.440892e-15 -2.500000e+01 9.080000e+00
      vertex   1.830793e+01 -1.594079e+01 2.493363e+01
      vertex   1.823152e+01 -1.574635e+01 2.527388e+01
    endloop
  endfacet
  facet normal -3.992626e-15 -8.682431e-01 4.961389e-01
    outer loop
      vertex   -4.440892e-15 -2.500000e+01 9.080000e+00
      vertex   1.823152e+01 -1.574635e+01 2.527388e+01
      vertex   1.817190e+01 -1.555001e+01 2.561748e+01
    endloop
  endfacet
  facet normal -5.072178e-15 -8.682431e-01 4.961389e-01
    outer loop
      vertex   1.817190e+01 -1.555001e+01 2.561748e+01
      vertex   1.812921e+01 -1.535224e+01 2.596359e+01
      vertex   -4.440892e-15 -2.500000e+01 9.080000e+00
    endloop
  endfacet
  facet normal 5.756313e-16 -8.682431e-01 4.961389e-01
    outer loop
      vertex   -4.440892e-15 -2.500000e+01 9.080000e+00
      vertex   1.812921e+01 -1.535224e+01 2.596359e+01
      vertex   1.810356e+01 -1.515350e+01 2.631137e+01
    endloop
  endfacet
  facet normal 2.172993e-15 -8.682431e-01 4.961389e-01
    outer loop
      vertex   -4.440892e-15 -2.500000e+01 9.080000e+00
      vertex   1.810356e+01 -1.515350e+01 2.631137e+01
      vertex   1.809500e+01 -1.495429e+01 2.666000e+01
    endloop
  endfacet
  facet normal 1.290687e-16 -8.682431e-01 4.961389e-01
    outer loop
      vertex   -4.440892e-15 -2.500000e+01 9.080000e+00
      vertex   1.809500e+01 -1.495429e+01 2.666000e+01
      vertex   -4.440892e-15 -5.000000e+00 4.408000e+01
    endloop
  endfacet
  facet normal 3.747489e-17 -8.682431e-01 4.961389e-01
    outer loop
      vertex   -4.440892e-15 -5.000000e+00 4.408000e+01
      vertex   1.809500e+01 -1.495429e+01 2.666000e+01
      vertex   1.809500e+01 -6.765108e+00 4.099106e+01
    endloop
  endfacet
  facet normal 3.515566e-16 -8.682431e-01 4.961389e-01
    outer loop
      vertex   -4.440892e-15 -5.000000e+00 4.408000e+01
      vertex   1.809500e+01 -6.765108e+00 4.099106e+01
      vertex   1.347463e+01 -5.000000e+00 4.408000e+01
    endloop
  endfacet
  facet normal 6.686132e-15 -8.682431e-01 4.961389e-01
    outer loop
      vertex   1.347463e+01 -5.000000e+00 4.408000e+01
      vertex   1.809500e+01 -6.765108e+00 4.099106e+01
      vertex   1.794182e+01 -6.573759e+00 4.132592e+01
    endloop
  endfacet
  facet normal 1.324721e-15 -8.682431e-01 4.961389e-01
    outer loop
      vertex   1.347463e+01 -5.000000e+00 4.408000e+01
      vertex   1.794182e+01 -6.573759e+00 4.132592e+01
      vertex   1.776442e+01 -6.389372e+00 4.164860e+01
    endloop
  endfacet
  facet normal -3.193064e-15 -8.682431e-01 4.961389e-01
    outer loop
      vertex   1.776442e+01 -6.389372e+00 4.164860e+01
      vertex   1.756374e+01 -6.212945e+00 4.195735e+01
      vertex   1.347463e+01 -5.000000e+00 4.408000e+01
    endloop
  endfacet
  facet normal 1.619452e-15 -8.682431e-01 4.961389e-01
    outer loop
      vertex   1.347463e+01 -5.000000e+00 4.408000e+01
      vertex   1.756374e+01 -6.212945e+00 4.195735e+01
      vertex   1.745502e+01 -6.128017e+00 4.210597e+01
    endloop
  endfacet
  facet normal -2.766328e-15 -8.682431e-01 4.961389e-01
    outer loop
      vertex   1.347463e+01 -5.000000e+00 4.408000e+01
      vertex   1.745502e+01 -6.128017e+00 4.210597e+01
      vertex   1.734089e+01 -6.045436e+00 4.225049e+01
    endloop
  endfacet
  facet normal 4.092001e-15 -8.682431e-01 4.961389e-01
    outer loop
      vertex   1.734089e+01 -6.045436e+00 4.225049e+01
      vertex   1.722152e+01 -5.965311e+00 4.239071e+01
      vertex   1.347463e+01 -5.000000e+00 4.408000e+01
    endloop
  endfacet
  facet normal -1.251258e-14 -8.682431e-01 4.961389e-01
    outer loop
      vertex   1.347463e+01 -5.000000e+00 4.408000e+01
      vertex   1.722152e+01 -5.965311e+00 4.239071e+01
      vertex   1.709707e+01 -5.887753e+00 4.252643e+01
    endloop
  endfacet
  facet normal 1.661769e-14 -8.682431e-01 4.961389e-01
    outer loop
      vertex   1.347463e+01 -5.000000e+00 4.408000e+01
      vertex   1.709707e+01 -5.887753e+00 4.252643e+01
      vertex   1.696771e+01 -5.812866e+00 4.265749e+01
    endloop
  endfacet
  facet normal -1.000503e-14 -8.682431e-01 4.961389e-01
    outer loop
      vertex   1.696771e+01 -5.812866e+00 4.265749e+01
      vertex   1.683360e+01 -5.740751e+00 4.278369e+01
      vertex   1.347463e+01 -5.000000e+00 4.408000e+01
    endloop
  endfacet
  facet normal 7.804280e-15 -8.682431e-01 4.961389e-01
    outer loop
      vertex   1.347463e+01 -5.000000e+00 4.408000e+01
      vertex   1.683360e+01 -5.740751e+00 4.278369e+01
      vertex   1.669494e+01 -5.671508e+00 4.290486e+01
    endloop
  endfacet
  facet normal -1.391010e-14 -8.682431e-01 4.961389e-01
    outer loop
      vertex   1.347463e+01 -5.000000e+00 4.408000e+01
      vertex   1.669494e+01 -5.671508e+00 4.290486e+01
      vertex   1.655192e+01 -5.605229e+00 4.302085e+01
    endloop
  endfacet
  facet normal 2.214852e-15 -8.682431e-01 4.961389e-01
    outer loop
      vertex   1.655192e+01 -5.605229e+00 4.302085e+01
      vertex   1.640471e+01 -5.542004e+00 4.313149e+01
      vertex   1.347463e+01 -5.000000e+00 4.408000e+01
    endloop
  endfacet
  facet normal -1.219321e-14 -8.682431e-01 4.961389e-01
    outer loop
      vertex   1.347463e+01 -5.000000e+00 4.408000e+01
      vertex   1.640471e+01 -5.542004e+00 4.313149e+01
      vertex   1.625354e+01 -5.481920e+00 4.323664e+01
    endloop
  endfacet
  facet normal -8.910632e-15 -8.682431e-01 4.961389e-01
    outer loop
      vertex   1.347463e+01 -5.000000e+00 4.408000e+01
      vertex   1.625354e+01 -5.481920e+00 4.323664e+01
      vertex   1.609859e+01 -5.425058e+00 4.333615e+01
    endloop
  endfacet
  facet normal 2.069386e-14 -8.682431e-01 4.961389e-01
    outer loop
      vertex   1.609859e+01 -5.425058e+00 4.333615e+01
      vertex   1.594009e+01 -5.371494e+00 4.342988e+01
      vertex   1.347463e+01 -5.000000e+00 4.408000e+01
    endloop
  endfacet
  facet normal -2.702563e-14 -8.682431e-01 4.961389e-01
    outer loop
      vertex   1.347463e+01 -5.000000e+00 4.408000e+01
      vertex   1.594009e+01 -5.371494e+00 4.342988e+01
      vertex   1.577824e+01 -5.321302e+00 4.351772e+01
    endloop
  endfacet
  facet normal 9.077098e-15 -8.682431e-01 4.961389e-01
    outer loop
      vertex   1.347463e+01 -5.000000e+00 4.408000e+01
      vertex   1.577824e+01 -5.321302e+00 4.351772e+01
      vertex   1.561327e+01 -5.274550e+00 4.359954e+01
    endloop
  endfacet
  facet normal 3.746566e-15 -8.682431e-01 4.961389e-01
    outer loop
      vertex   1.561327e+01 -5.274550e+00 4.359954e+01
      vertex   1.544539e+01 -5.231301e+00 4.367522e+01
      vertex   1.347463e+01 -5.000000e+00 4.408000e+01
    endloop
  endfacet
  facet normal -5.428556e-16 -8.682431e-01 4.961389e-01
    outer loop
      vertex   1.347463e+01 -5.000000e+00 4.408000e+01
      vertex   1.544539e+01 -5.231301e+00 4.367522e+01
      vertex   1.527485e+01 -5.191613e+00 4.374468e+01
    endloop
  endfacet
  facet normal -3.303572e-14 -8.682431e-01 4.961389e-01
    outer loop
      vertex   1.347463e+01 -5.000000e+00 4.408000e+01
      vertex   1.527485e+01 -5.191613e+00 4.374468e+01
      vertex   1.510186e+01 -5.155541e+00 4.380780e+01
    endloop
  endfacet
  facet normal 2.023681e-14 -8.682431e-01 4.961389e-01
    outer loop
      vertex   1.510186e+01 -5.155541e+00 4.380780e+01
      vertex   1.492666e+01 -5.123133e+00 4.386452e+01
      vertex   1.347463e+01 -5.000000e+00 4.408000e+01
    endloop
  endfacet
  facet normal -7.104192e-15 -8.682431e-01 4.961389e-01
    outer loop
      vertex   1.347463e+01 -5.000000e+00 4.408000e+01
      vertex   1.492666e+01 -5.123133e+00 4.386452e+01
      vertex   1.474949e+01 -5.094434e+00 4.391474e+01
    endloop
  endfacet
  facet normal -2.415743e-14 -8.682431e-01 4.961389e-01
    outer loop
      vertex   1.347463e+01 -5.000000e+00 4.408000e+01
      vertex   1.474949e+01 -5.094434e+00 4.391474e+01
      vertex   1.457060e+01 -5.069482e+00 4.395841e+01
    endloop
  endfacet
  facet normal -9.423906e-15 -8.682431e-01 4.961389e-01
    outer loop
      vertex   1.457060e+01 -5.069482e+00 4.395841e+01
      vertex   1.439022e+01 -5.048312e+00 4.399545e+01
      vertex   1.347463e+01 -5.000000e+00 4.408000e+01
    endloop
  endfacet
  facet normal 2.257123e-15 -8.682431e-01 4.961389e-01
    outer loop
      vertex   1.347463e+01 -5.000000e+00 4.408000e+01
      vertex   1.439022e+01 -5.048312e+00 4.399545e+01
      vertex   1.420859e+01 -5.030951e+00 4.402584e+01
    endloop
  endfacet
  facet normal 1.856975e-15 -8.682431e-01 4.961389e-01
    outer loop
      vertex   1.347463e+01 -5.000000e+00 4.408000e+01
      vertex   1.420859e+01 -5.030951e+00 4.402584e+01
      vertex   1.402598e+01 -5.017424e+00 4.404951e+01
    endloop
  endfacet
  facet normal 7.374275e-15 -8.682431e-01 4.961389e-01
    outer loop
      vertex   1.402598e+01 -5.017424e+00 4.404951e+01
      vertex   1.384261e+01 -5.007748e+00 4.406644e+01
      vertex   1.347463e+01 -5.000000e+00 4.408000e+01
    endloop
  endfacet
  facet normal -1.973965e-14 -8.682431e-01 4.961389e-01
    outer loop
      vertex   1.347463e+01 -5.000000e+00 4.408000e+01
      vertex   1.384261e+01 -5.007748e+00 4.406644e+01
      vertex   1.365874e+01 -5.001938e+00 4.407661e+01
    endloop
  endfacet
  facet normal 5.476471e-15 -8.682431e-01 4.961389e-01
    outer loop
      vertex   3.655760e+01 -5.007750e+00 4.406644e+01
      vertex   3.637422e+01 -5.017428e+00 4.404950e+01
      vertex   3.245815e+01 -6.574078e+00 4.132536e+01
    endloop
  endfacet
  facet normal -4.414952e-15 -8.682431e-01 4.961389e-01
    outer loop
      vertex   3.245815e+01 -6.574078e+00 4.132536e+01
      vertex   3.637422e+01 -5.017428e+00 4.404950e+01
      vertex   3.619158e+01 -5.030958e+00 4.402582e+01
    endloop
  endfacet
  facet normal 6.015858e-17 -8.682431e-01 4.961389e-01
    outer loop
      vertex   3.245815e+01 -6.574078e+00 4.132536e+01
      vertex   3.619158e+01 -5.030958e+00 4.402582e+01
      vertex   3.600993e+01 -5.048323e+00 4.399544e+01
    endloop
  endfacet
  facet normal 6.495060e-15 -8.682431e-01 4.961389e-01
    outer loop
      vertex   3.600993e+01 -5.048323e+00 4.399544e+01
      vertex   3.582953e+01 -5.069498e+00 4.395838e+01
      vertex   3.245815e+01 -6.574078e+00 4.132536e+01
    endloop
  endfacet
  facet normal 6.669932e-15 -8.682431e-01 4.961389e-01
    outer loop
      vertex   3.245815e+01 -6.574078e+00 4.132536e+01
      vertex   3.582953e+01 -5.069498e+00 4.395838e+01
      vertex   3.565062e+01 -5.094455e+00 4.391470e+01
    endloop
  endfacet
  facet normal 4.651055e-15 -8.682431e-01 4.961389e-01
    outer loop
      vertex   3.245815e+01 -6.574078e+00 4.132536e+01
      vertex   3.565062e+01 -5.094455e+00 4.391470e+01
      vertex   3.547343e+01 -5.123161e+00 4.386447e+01
    endloop
  endfacet
  facet normal -4.391688e-14 -8.682431e-01 4.961389e-01
    outer loop
      vertex   3.547343e+01 -5.123161e+00 4.386447e+01
      vertex   3.529822e+01 -5.155576e+00 4.380774e+01
      vertex   3.245815e+01 -6.574078e+00 4.132536e+01
    endloop
  endfacet
  facet normal 4.179997e-14 -8.682431e-01 4.961389e-01
    outer loop
      vertex   3.245815e+01 -6.574078e+00 4.132536e+01
      vertex   3.529822e+01 -5.155576e+00 4.380774e+01
      vertex   3.512521e+01 -5.191656e+00 4.374460e+01
    endloop
  endfacet
  facet normal -2.306623e-14 -8.682431e-01 4.961389e-01
    outer loop
      vertex   3.245815e+01 -6.574078e+00 4.132536e+01
      vertex   3.512521e+01 -5.191656e+00 4.374460e+01
      vertex   3.495465e+01 -5.231352e+00 4.367513e+01
    endloop
  endfacet
  facet normal -2.135625e-15 -8.682431e-01 4.961389e-01
    outer loop
      vertex   3.495465e+01 -5.231352e+00 4.367513e+01
      vertex   3.478676e+01 -5.274611e+00 4.359943e+01
      vertex   3.245815e+01 -6.574078e+00 4.132536e+01
    endloop
  endfacet
  facet normal 2.798082e-14 -8.682431e-01 4.961389e-01
    outer loop
      vertex   3.245815e+01 -6.574078e+00 4.132536e+01
      vertex   3.478676e+01 -5.274611e+00 4.359943e+01
      vertex   3.462177e+01 -5.321373e+00 4.351760e+01
    endloop
  endfacet
  facet normal -1.873174e-14 -8.682431e-01 4.961389e-01
    outer loop
      vertex   3.245815e+01 -6.574078e+00 4.132536e+01
      vertex   3.462177e+01 -5.321373e+00 4.351760e+01
      vertex   3.445991e+01 -5.371576e+00 4.342974e+01
    endloop
  endfacet
  facet normal 6.916626e-15 -8.682431e-01 4.961389e-01
    outer loop
      vertex   3.445991e+01 -5.371576e+00 4.342974e+01
      vertex   3.430140e+01 -5.425151e+00 4.333599e+01
      vertex   3.245815e+01 -6.574078e+00 4.132536e+01
    endloop
  endfacet
  facet normal -3.653506e-14 -8.682431e-01 4.961389e-01
    outer loop
      vertex   3.245815e+01 -6.574078e+00 4.132536e+01
      vertex   3.430140e+01 -5.425151e+00 4.333599e+01
      vertex   3.414644e+01 -5.482026e+00 4.323645e+01
    endloop
  endfacet
  facet normal -2.671211e-15 -8.682431e-01 4.961389e-01
    outer loop
      vertex   3.245815e+01 -6.574078e+00 4.132536e+01
      vertex   3.414644e+01 -5.482026e+00 4.323645e+01
      vertex   3.399525e+01 -5.542123e+00 4.313129e+01
    endloop
  endfacet
  facet normal 1.903016e-14 -8.682431e-01 4.961389e-01
    outer loop
      vertex   3.399525e+01 -5.542123e+00 4.313129e+01
      vertex   3.384804e+01 -5.605360e+00 4.302062e+01
      vertex   3.245815e+01 -6.574078e+00 4.132536e+01
    endloop
  endfacet
  facet normal -2.188842e-14 -8.682431e-01 4.961389e-01
    outer loop
      vertex   3.245815e+01 -6.574078e+00 4.132536e+01
      vertex   3.384804e+01 -5.605360e+00 4.302062e+01
      vertex   3.370501e+01 -5.671653e+00 4.290461e+01
    endloop
  endfacet
  facet normal 7.958128e-14 -8.682431e-01 4.961389e-01
    outer loop
      vertex   3.245815e+01 -6.574078e+00 4.132536e+01
      vertex   3.370501e+01 -5.671653e+00 4.290461e+01
      vertex   3.356634e+01 -5.740911e+00 4.278341e+01
    endloop
  endfacet
  facet normal -1.589431e-14 -8.682431e-01 4.961389e-01
    outer loop
      vertex   3.356634e+01 -5.740911e+00 4.278341e+01
      vertex   3.343224e+01 -5.813040e+00 4.265718e+01
      vertex   3.245815e+01 -6.574078e+00 4.132536e+01
    endloop
  endfacet
  facet normal -5.362933e-16 -8.682431e-01 4.961389e-01
    outer loop
      vertex   3.245815e+01 -6.574078e+00 4.132536e+01
      vertex   3.343224e+01 -5.813040e+00 4.265718e+01
      vertex   3.330287e+01 -5.887942e+00 4.252610e+01
    endloop
  endfacet
  facet normal -6.218837e-14 -8.682431e-01 4.961389e-01
    outer loop
      vertex   3.245815e+01 -6.574078e+00 4.132536e+01
      vertex   3.330287e+01 -5.887942e+00 4.252610e+01
      vertex   3.317841e+01 -5.965516e+00 4.239035e+01
    endloop
  endfacet
  facet normal -1.265042e-13 -8.682431e-01 4.961389e-01
    outer loop
      vertex   3.317841e+01 -5.965516e+00 4.239035e+01
      vertex   3.305905e+01 -6.045656e+00 4.225010e+01
      vertex   3.245815e+01 -6.574078e+00 4.132536e+01
    endloop
  endfacet
  facet normal 1.446481e-13 -8.682431e-01 4.961389e-01
    outer loop
      vertex   3.245815e+01 -6.574078e+00 4.132536e+01
      vertex   3.305905e+01 -6.045656e+00 4.225010e+01
      vertex   3.294492e+01 -6.128254e+00 4.210556e+01
    endloop
  endfacet
  facet normal -5.960764e-15 -8.682431e-01 4.961389e-01
    outer loop
      vertex   3.245815e+01 -6.574078e+00 4.132536e+01
      vertex   3.294492e+01 -6.128254e+00 4.210556e+01
      vertex   3.283620e+01 -6.213197e+00 4.195690e+01
    endloop
  endfacet
  facet normal -1.302769e-14 -8.682431e-01 4.961389e-01
    outer loop
      vertex   3.283620e+01 -6.213197e+00 4.195690e+01
      vertex   3.263554e+01 -6.389657e+00 4.164810e+01
      vertex   3.245815e+01 -6.574078e+00 4.132536e+01
    endloop
  endfacet
  facet normal 9.995066e-01 0.000000e+00 3.141076e-02
    outer loop
      vertex   1.809500e+01 -5.075000e+00 2.666000e+01
      vertex   1.809500e+01 -1.495429e+01 2.666000e+01
      vertex   1.810902e+01 -1.204464e+01 2.621387e+01
    endloop
  endfacet
  facet normal 9.996846e-01 -9.692723e-04 2.509475e-02
    outer loop
      vertex   1.810902e+01 -1.204464e+01 2.621387e+01
      vertex   1.809500e+01 -1.495429e+01 2.666000e+01
      vertex   1.810356e+01 -1.515350e+01 2.631137e+01
    endloop
  endfacet
  facet normal 9.973131e-01 5.452971e-04 7.325464e-02
    outer loop
      vertex   1.810902e+01 -1.204464e+01 2.621387e+01
      vertex   1.810356e+01 -1.515350e+01 2.631137e+01
      vertex   1.812921e+01 -1.535224e+01 2.596359e+01
    endloop
  endfacet
  facet normal 9.955614e-01 -1.043388e-03 9.410826e-02
    outer loop
      vertex   1.810902e+01 -1.204464e+01 2.621387e+01
      vertex   1.812921e+01 -1.535224e+01 2.596359e+01
      vertex   1.815103e+01 -1.204464e+01 2.576951e+01
    endloop
  endfacet
  facet normal 9.925221e-01 6.169870e-04 1.220634e-01
    outer loop
      vertex   1.815103e+01 -1.204464e+01 2.576951e+01
      vertex   1.812921e+01 -1.535224e+01 2.596359e+01
      vertex   1.817190e+01 -1.555001e+01 2.561748e+01
    endloop
  endfacet
  facet normal 9.876879e-01 -9.024699e-04 1.564344e-01
    outer loop
      vertex   1.815103e+01 -1.204464e+01 2.576951e+01
      vertex   1.817190e+01 -1.555001e+01 2.561748e+01
      vertex   1.822085e+01 -1.204464e+01 2.532866e+01
    endloop
  endfacet
  facet normal 9.853077e-01 3.134295e-04 1.707880e-01
    outer loop
      vertex   1.822085e+01 -1.204464e+01 2.532866e+01
      vertex   1.817190e+01 -1.555001e+01 2.561748e+01
      vertex   1.823152e+01 -1.574635e+01 2.527388e+01
    endloop
  endfacet
  facet normal 9.759167e-01 -4.143370e-04 2.181432e-01
    outer loop
      vertex   1.822085e+01 -1.204464e+01 2.532866e+01
      vertex   1.823152e+01 -1.574635e+01 2.527388e+01
      vertex   1.831822e+01 -1.204464e+01 2.489306e+01
    endloop
  endfacet
  facet normal 9.756662e-01 -2.934882e-04 2.192609e-01
    outer loop
      vertex   1.831822e+01 -1.204464e+01 2.489306e+01
      vertex   1.823152e+01 -1.574635e+01 2.527388e+01
      vertex   1.830793e+01 -1.594079e+01 2.493363e+01
    endloop
  endfacet
  facet normal 9.638099e-01 2.306256e-04 2.665903e-01
    outer loop
      vertex   1.831822e+01 -1.204464e+01 2.489306e+01
      vertex   1.830793e+01 -1.594079e+01 2.493363e+01
      vertex   1.840094e+01 -1.613284e+01 2.459753e+01
    endloop
  endfacet
  facet normal 9.602934e-01 -7.369596e-04 2.789910e-01
    outer loop
      vertex   1.831822e+01 -1.204464e+01 2.489306e+01
      vertex   1.840094e+01 -1.613284e+01 2.459753e+01
      vertex   1.844274e+01 -1.204464e+01 2.446443e+01
    endloop
  endfacet
  facet normal 9.496120e-01 4.933598e-04 3.134275e-01
    outer loop
      vertex   1.844274e+01 -1.204464e+01 2.446443e+01
      vertex   1.840094e+01 -1.613284e+01 2.459753e+01
      vertex   1.851033e+01 -1.632206e+01 2.426640e+01
    endloop
  endfacet
  facet normal 9.408805e-01 -8.164255e-04 3.387378e-01
    outer loop
      vertex   1.844274e+01 -1.204464e+01 2.446443e+01
      vertex   1.851033e+01 -1.632206e+01 2.426640e+01
      vertex   1.859394e+01 -1.204464e+01 2.404447e+01
    endloop
  endfacet
  facet normal 9.330738e-01 4.229373e-04 3.596846e-01
    outer loop
      vertex   1.859394e+01 -1.204464e+01 2.404447e+01
      vertex   1.851033e+01 -1.632206e+01 2.426640e+01
      vertex   1.863584e+01 -1.650798e+01 2.394103e+01
    endloop
  endfacet
  facet normal 9.177545e-01 -5.891022e-04 3.971478e-01
    outer loop
      vertex   1.859394e+01 -1.204464e+01 2.404447e+01
      vertex   1.863584e+01 -1.650798e+01 2.394103e+01
      vertex   1.877120e+01 -1.204464e+01 2.363484e+01
    endloop
  endfacet
  facet normal 9.142248e-01 7.086185e-05 4.052075e-01
    outer loop
      vertex   1.877120e+01 -1.204464e+01 2.363484e+01
      vertex   1.863584e+01 -1.650798e+01 2.394103e+01
      vertex   1.877716e+01 -1.669016e+01 2.362222e+01
    endloop
  endfacet
  facet normal 8.932067e-01 -7.676300e-05 4.496463e-01
    outer loop
      vertex   1.877120e+01 -1.204464e+01 2.363484e+01
      vertex   1.877716e+01 -1.669016e+01 2.362222e+01
      vertex   1.893395e+01 -1.686816e+01 2.331073e+01
    endloop
  endfacet
  facet normal 8.910064e-01 -4.428995e-04 4.539905e-01
    outer loop
      vertex   1.877120e+01 -1.204464e+01 2.363484e+01
      vertex   1.893395e+01 -1.686816e+01 2.331073e+01
      vertex   1.897384e+01 -1.204464e+01 2.323714e+01
    endloop
  endfacet
  facet normal 8.701656e-01 3.209055e-04 4.927593e-01
    outer loop
      vertex   1.897384e+01 -1.204464e+01 2.323714e+01
      vertex   1.893395e+01 -1.686816e+01 2.331073e+01
      vertex   1.910584e+01 -1.704154e+01 2.300730e+01
    endloop
  endfacet
  facet normal 8.607418e-01 -6.769445e-04 5.090413e-01
    outer loop
      vertex   1.897384e+01 -1.204464e+01 2.323714e+01
      vertex   1.910584e+01 -1.704154e+01 2.300730e+01
      vertex   1.920105e+01 -1.204464e+01 2.285295e+01
    endloop
  endfacet
  facet normal 8.449620e-01 4.201969e-04 5.348262e-01
    outer loop
      vertex   1.920105e+01 -1.204464e+01 2.285295e+01
      vertex   1.910584e+01 -1.704154e+01 2.300730e+01
      vertex   1.929241e+01 -1.720990e+01 2.271267e+01
    endloop
  endfacet
  facet normal 8.270804e-01 -6.363192e-04 5.620833e-01
    outer loop
      vertex   1.920105e+01 -1.204464e+01 2.285295e+01
      vertex   1.929241e+01 -1.720990e+01 2.271267e+01
      vertex   1.945193e+01 -1.204464e+01 2.248379e+01
    endloop
  endfacet
  facet normal 8.176543e-01 2.586122e-04 5.757094e-01
    outer loop
      vertex   1.945193e+01 -1.204464e+01 2.248379e+01
      vertex   1.929241e+01 -1.720990e+01 2.271267e+01
      vertex   1.949321e+01 -1.737283e+01 2.242756e+01
    endloop
  endfacet
  facet normal 7.901550e-01 -3.469732e-04 6.129070e-01
    outer loop
      vertex   1.945193e+01 -1.204464e+01 2.248379e+01
      vertex   1.949321e+01 -1.737283e+01 2.242756e+01
      vertex   1.972550e+01 -1.204464e+01 2.213110e+01
    endloop
  endfacet
  facet normal 7.883091e-01 -1.345067e-04 6.152794e-01
    outer loop
      vertex   1.972550e+01 -1.204464e+01 2.213110e+01
      vertex   1.949321e+01 -1.737283e+01 2.242756e+01
      vertex   1.970776e+01 -1.752992e+01 2.215264e+01
    endloop
  endfacet
  facet normal 7.572412e-01 1.145938e-04 6.531353e-01
    outer loop
      vertex   1.972550e+01 -1.204464e+01 2.213110e+01
      vertex   1.970776e+01 -1.752992e+01 2.215264e+01
      vertex   1.993554e+01 -1.768082e+01 2.188857e+01
    endloop
  endfacet
  facet normal 7.501110e-01 -5.029645e-04 6.613118e-01
    outer loop
      vertex   1.972550e+01 -1.204464e+01 2.213110e+01
      vertex   1.993554e+01 -1.768082e+01 2.188857e+01
      vertex   2.002068e+01 -1.204464e+01 2.179629e+01
    endloop
  endfacet
  facet normal 7.243460e-01 3.467077e-04 6.894366e-01
    outer loop
      vertex   2.002068e+01 -1.204464e+01 2.179629e+01
      vertex   1.993554e+01 -1.768082e+01 2.188857e+01
      vertex   2.017601e+01 -1.782514e+01 2.163601e+01
    endloop
  endfacet
  facet normal 7.071067e-01 -6.065029e-04 7.071067e-01
    outer loop
      vertex   2.002068e+01 -1.204464e+01 2.179629e+01
      vertex   2.017601e+01 -1.782514e+01 2.163601e+01
      vertex   2.033629e+01 -1.204464e+01 2.148068e+01
    endloop
  endfacet
  facet normal 6.896364e-01 3.360549e-04 7.241557e-01
    outer loop
      vertex   2.033629e+01 -1.204464e+01 2.148068e+01
      vertex   2.017601e+01 -1.782514e+01 2.163601e+01
      vertex   2.042857e+01 -1.796255e+01 2.139554e+01
    endloop
  endfacet
  facet normal 6.613118e-01 -4.790200e-04 7.501110e-01
    outer loop
      vertex   2.033629e+01 -1.204464e+01 2.148068e+01
      vertex   2.042857e+01 -1.796255e+01 2.139554e+01
      vertex   2.067110e+01 -1.204464e+01 2.118550e+01
    endloop
  endfacet
  facet normal 6.532023e-01 1.043389e-04 7.571834e-01
    outer loop
      vertex   2.067110e+01 -1.204464e+01 2.118550e+01
      vertex   2.042857e+01 -1.796255e+01 2.139554e+01
      vertex   2.069264e+01 -1.809271e+01 2.116776e+01
    endloop
  endfacet
  facet normal 6.151976e-01 -1.224686e-04 7.883729e-01
    outer loop
      vertex   2.067110e+01 -1.204464e+01 2.118550e+01
      vertex   2.069264e+01 -1.809271e+01 2.116776e+01
      vertex   2.096756e+01 -1.821531e+01 2.095321e+01
    endloop
  endfacet
  facet normal 6.129070e-01 -2.996008e-04 7.901550e-01
    outer loop
      vertex   2.067110e+01 -1.204464e+01 2.118550e+01
      vertex   2.096756e+01 -1.821531e+01 2.095321e+01
      vertex   2.102379e+01 -1.204464e+01 2.091193e+01
    endloop
  endfacet
  facet normal 5.758677e-01 2.211160e-04 8.175429e-01
    outer loop
      vertex   2.102379e+01 -1.204464e+01 2.091193e+01
      vertex   2.096756e+01 -1.821531e+01 2.095321e+01
      vertex   2.125267e+01 -1.833005e+01 2.075241e+01
    endloop
  endfacet
  facet normal 5.620833e-01 -5.229179e-04 8.270805e-01
    outer loop
      vertex   2.102379e+01 -1.204464e+01 2.091193e+01
      vertex   2.125267e+01 -1.833005e+01 2.075241e+01
      vertex   2.139295e+01 -1.204464e+01 2.066105e+01
    endloop
  endfacet
  facet normal 5.350847e-01 3.371642e-04 8.447984e-01
    outer loop
      vertex   2.139295e+01 -1.204464e+01 2.066105e+01
      vertex   2.125267e+01 -1.833005e+01 2.075241e+01
      vertex   2.154730e+01 -1.843666e+01 2.056584e+01
    endloop
  endfacet
  facet normal 5.090413e-01 -5.291948e-04 8.607419e-01
    outer loop
      vertex   2.139295e+01 -1.204464e+01 2.066105e+01
      vertex   2.154730e+01 -1.843666e+01 2.056584e+01
      vertex   2.177714e+01 -1.204464e+01 2.043384e+01
    endloop
  endfacet
  facet normal 4.929573e-01 2.414294e-04 8.700534e-01
    outer loop
      vertex   2.177714e+01 -1.204464e+01 2.043384e+01
      vertex   2.154730e+01 -1.843666e+01 2.056584e+01
      vertex   2.185073e+01 -1.853489e+01 2.039395e+01
    endloop
  endfacet
  facet normal 4.539905e-01 -3.291606e-04 8.910065e-01
    outer loop
      vertex   2.177714e+01 -1.204464e+01 2.043384e+01
      vertex   2.185073e+01 -1.853489e+01 2.039395e+01
      vertex   2.217484e+01 -1.204464e+01 2.023120e+01
    endloop
  endfacet
  facet normal 4.495989e-01 -5.408393e-05 8.932305e-01
    outer loop
      vertex   2.217484e+01 -1.204464e+01 2.023120e+01
      vertex   2.185073e+01 -1.853489e+01 2.039395e+01
      vertex   2.216222e+01 -1.862448e+01 2.023716e+01
    endloop
  endfacet
  facet normal 4.052519e-01 4.992711e-05 9.142051e-01
    outer loop
      vertex   2.217484e+01 -1.204464e+01 2.023120e+01
      vertex   2.216222e+01 -1.862448e+01 2.023716e+01
      vertex   2.248103e+01 -1.870524e+01 2.009584e+01
    endloop
  endfacet
  facet normal 3.971479e-01 -3.947639e-04 9.177546e-01
    outer loop
      vertex   2.217484e+01 -1.204464e+01 2.023120e+01
      vertex   2.248103e+01 -1.870524e+01 2.009584e+01
      vertex   2.258448e+01 -1.204464e+01 2.005394e+01
    endloop
  endfacet
  facet normal 3.599485e-01 2.786772e-04 9.329721e-01
    outer loop
      vertex   2.258448e+01 -1.204464e+01 2.005394e+01
      vertex   2.248103e+01 -1.870524e+01 2.009584e+01
      vertex   2.280640e+01 -1.877695e+01 1.997033e+01
    endloop
  endfacet
  facet normal 3.387379e-01 -5.187211e-04 9.408806e-01
    outer loop
      vertex   2.258448e+01 -1.204464e+01 2.005394e+01
      vertex   2.280640e+01 -1.877695e+01 1.997033e+01
      vertex   2.300443e+01 -1.204464e+01 1.990274e+01
    endloop
  endfacet
  facet normal 3.137334e-01 3.034488e-04 9.495111e-01
    outer loop
      vertex   2.300443e+01 -1.204464e+01 1.990274e+01
      vertex   2.280640e+01 -1.877695e+01 1.997033e+01
      vertex   2.313753e+01 -1.883946e+01 1.986094e+01
    endloop
  endfacet
  facet normal 2.789911e-01 -4.434021e-04 9.602936e-01
    outer loop
      vertex   2.300443e+01 -1.204464e+01 1.990274e+01
      vertex   2.313753e+01 -1.883946e+01 1.986094e+01
      vertex   2.343306e+01 -1.204464e+01 1.977822e+01
    endloop
  endfacet
  facet normal 2.667322e-01 1.321132e-04 9.637707e-01
    outer loop
      vertex   2.343306e+01 -1.204464e+01 1.977822e+01
      vertex   2.313753e+01 -1.883946e+01 1.986094e+01
      vertex   2.347363e+01 -1.889261e+01 1.976793e+01
    endloop
  endfacet
  facet normal 2.190807e-01 -1.681080e-04 9.757067e-01
    outer loop
      vertex   2.343306e+01 -1.204464e+01 1.977822e+01
      vertex   2.347363e+01 -1.889261e+01 1.976793e+01
      vertex   2.381388e+01 -1.893627e+01 1.969152e+01
    endloop
  endfacet
  facet normal 2.181432e-01 -2.225533e-04 9.759167e-01
    outer loop
      vertex   2.343306e+01 -1.204464e+01 1.977822e+01
      vertex   2.381388e+01 -1.893627e+01 1.969152e+01
      vertex   2.386866e+01 -1.204464e+01 1.968085e+01
    endloop
  endfacet
  facet normal 1.709779e-01 1.667923e-04 9.852748e-01
    outer loop
      vertex   2.386866e+01 -1.204464e+01 1.968085e+01
      vertex   2.381388e+01 -1.893627e+01 1.969152e+01
      vertex   2.415748e+01 -1.897034e+01 1.963190e+01
    endloop
  endfacet
  facet normal 1.564344e-01 -4.567756e-04 9.876882e-01
    outer loop
      vertex   2.386866e+01 -1.204464e+01 1.968085e+01
      vertex   2.415748e+01 -1.897034e+01 1.963190e+01
      vertex   2.430951e+01 -1.204464e+01 1.961102e+01
    endloop
  endfacet
  facet normal 1.224318e-01 3.040579e-04 9.924769e-01
    outer loop
      vertex   2.430951e+01 -1.204464e+01 1.961102e+01
      vertex   2.415748e+01 -1.897034e+01 1.963190e+01
      vertex   2.450359e+01 -1.899474e+01 1.958921e+01
    endloop
  endfacet
  facet normal 9.410830e-02 -4.965551e-04 9.955618e-01
    outer loop
      vertex   2.430951e+01 -1.204464e+01 1.961102e+01
      vertex   2.450359e+01 -1.899474e+01 1.958921e+01
      vertex   2.475387e+01 -1.204464e+01 1.956902e+01
    endloop
  endfacet
  facet normal 7.357495e-02 2.479069e-04 9.972897e-01
    outer loop
      vertex   2.475387e+01 -1.204464e+01 1.956902e+01
      vertex   2.450359e+01 -1.899474e+01 1.958921e+01
      vertex   2.485137e+01 -1.900940e+01 1.956356e+01
    endloop
  endfacet
  facet normal 3.141076e-02 -3.440956e-04 9.995065e-01
    outer loop
      vertex   2.475387e+01 -1.204464e+01 1.956902e+01
      vertex   2.485137e+01 -1.900940e+01 1.956356e+01
      vertex   2.520000e+01 -1.204464e+01 1.955500e+01
    endloop
  endfacet
  facet normal 2.454123e-02 0.000000e+00 9.996988e-01
    outer loop
      vertex   2.520000e+01 -1.204464e+01 1.955500e+01
      vertex   2.485137e+01 -1.900940e+01 1.956356e+01
      vertex   2.520000e+01 -1.901429e+01 1.955500e+01
    endloop
  endfacet
  facet normal -2.454123e-02 0.000000e+00 9.996988e-01
    outer loop
      vertex   2.520000e+01 -1.204464e+01 1.955500e+01
      vertex   2.520000e+01 -1.901429e+01 1.955500e+01
      vertex   2.554863e+01 -1.900940e+01 1.956356e+01
    endloop
  endfacet
  facet normal -3.141076e-02 -3.440956e-04 9.995065e-01
    outer loop
      vertex   2.520000e+01 -1.204464e+01 1.955500e+01
      vertex   2.554863e+01 -1.900940e+01 1.956356e+01
      vertex   2.564613e+01 -1.204464e+01 1.956902e+01
    endloop
  endfacet
  facet normal -7.357495e-02 2.479069e-04 9.972897e-01
    outer loop
      vertex   2.564613e+01 -1.204464e+01 1.956902e+01
      vertex   2.554863e+01 -1.900940e+01 1.956356e+01
      vertex   2.589641e+01 -1.899474e+01 1.958921e+01
    endloop
  endfacet
  facet normal -9.410830e-02 -4.965551e-04 9.955618e-01
    outer loop
      vertex   2.564613e+01 -1.204464e+01 1.956902e+01
      vertex   2.589641e+01 -1.899474e+01 1.958921e+01
      vertex   2.609049e+01 -1.204464e+01 1.961102e+01
    endloop
  endfacet
  facet normal -1.224318e-01 3.040579e-04 9.924769e-01
    outer loop
      vertex   2.609049e+01 -1.204464e+01 1.961102e+01
      vertex   2.589641e+01 -1.899474e+01 1.958921e+01
      vertex   2.624252e+01 -1.897034e+01 1.963190e+01
    endloop
  endfacet
  facet normal -1.564344e-01 -4.567756e-04 9.876882e-01
    outer loop
      vertex   2.609049e+01 -1.204464e+01 1.961102e+01
      vertex   2.624252e+01 -1.897034e+01 1.963190e+01
      vertex   2.653134e+01 -1.204464e+01 1.968085e+01
    endloop
  endfacet
  facet normal -1.709779e-01 1.667923e-04 9.852748e-01
    outer loop
      vertex   2.653134e+01 -1.204464e+01 1.968085e+01
      vertex   2.624252e+01 -1.897034e+01 1.963190e+01
      vertex   2.658612e+01 -1.893627e+01 1.969152e+01
    endloop
  endfacet
  facet normal -2.181432e-01 -2.225533e-04 9.759167e-01
    outer loop
      vertex   2.653134e+01 -1.204464e+01 1.968085e+01
      vertex   2.658612e+01 -1.893627e+01 1.969152e+01
      vertex   2.696694e+01 -1.204464e+01 1.977822e+01
    endloop
  endfacet
  facet normal -2.190807e-01 -1.681080e-04 9.757067e-01
    outer loop
      vertex   2.696694e+01 -1.204464e+01 1.977822e+01
      vertex   2.658612e+01 -1.893627e+01 1.969152e+01
      vertex   2.692637e+01 -1.889261e+01 1.976793e+01
    endloop
  endfacet
  facet normal -2.667322e-01 1.321132e-04 9.637707e-01
    outer loop
      vertex   2.696694e+01 -1.204464e+01 1.977822e+01
      vertex   2.692637e+01 -1.889261e+01 1.976793e+01
      vertex   2.726247e+01 -1.883946e+01 1.986094e+01
    endloop
  endfacet
  facet normal -2.789911e-01 -4.434021e-04 9.602936e-01
    outer loop
      vertex   2.696694e+01 -1.204464e+01 1.977822e+01
      vertex   2.726247e+01 -1.883946e+01 1.986094e+01
      vertex   2.739557e+01 -1.204464e+01 1.990274e+01
    endloop
  endfacet
  facet normal -3.137334e-01 3.034488e-04 9.495111e-01
    outer loop
      vertex   2.739557e+01 -1.204464e+01 1.990274e+01
      vertex   2.726247e+01 -1.883946e+01 1.986094e+01
      vertex   2.759360e+01 -1.877695e+01 1.997033e+01
    endloop
  endfacet
  facet normal -3.387379e-01 -5.187211e-04 9.408806e-01
    outer loop
      vertex   2.739557e+01 -1.204464e+01 1.990274e+01
      vertex   2.759360e+01 -1.877695e+01 1.997033e+01
      vertex   2.781552e+01 -1.204464e+01 2.005394e+01
    endloop
  endfacet
  facet normal -3.599485e-01 2.786772e-04 9.329721e-01
    outer loop
      vertex   2.781552e+01 -1.204464e+01 2.005394e+01
      vertex   2.759360e+01 -1.877695e+01 1.997033e+01
      vertex   2.791897e+01 -1.870524e+01 2.009584e+01
    endloop
  endfacet
  facet normal -3.971479e-01 -3.947639e-04 9.177546e-01
    outer loop
      vertex   2.781552e+01 -1.204464e+01 2.005394e+01
      vertex   2.791897e+01 -1.870524e+01 2.009584e+01
      vertex   2.822516e+01 -1.204464e+01 2.023120e+01
    endloop
  endfacet
  facet normal -4.052519e-01 4.992711e-05 9.142051e-01
    outer loop
      vertex   2.822516e+01 -1.204464e+01 2.023120e+01
      vertex   2.791897e+01 -1.870524e+01 2.009584e+01
      vertex   2.823778e+01 -1.862448e+01 2.023716e+01
    endloop
  endfacet
  facet normal -4.495989e-01 -5.408393e-05 8.932305e-01
    outer loop
      vertex   2.822516e+01 -1.204464e+01 2.023120e+01
      vertex   2.823778e+01 -1.862448e+01 2.023716e+01
      vertex   2.854927e+01 -1.853489e+01 2.039395e+01
    endloop
  endfacet
  facet normal -4.539905e-01 -3.291606e-04 8.910065e-01
    outer loop
      vertex   2.822516e+01 -1.204464e+01 2.023120e+01
      vertex   2.854927e+01 -1.853489e+01 2.039395e+01
      vertex   2.862286e+01 -1.204464e+01 2.043384e+01
    endloop
  endfacet
  facet normal -4.929573e-01 2.414294e-04 8.700534e-01
    outer loop
      vertex   2.862286e+01 -1.204464e+01 2.043384e+01
      vertex   2.854927e+01 -1.853489e+01 2.039395e+01
      vertex   2.885270e+01 -1.843666e+01 2.056584e+01
    endloop
  endfacet
  facet normal -5.090413e-01 -5.291948e-04 8.607419e-01
    outer loop
      vertex   2.862286e+01 -1.204464e+01 2.043384e+01
      vertex   2.885270e+01 -1.843666e+01 2.056584e+01
      vertex   2.900705e+01 -1.204464e+01 2.066105e+01
    endloop
  endfacet
  facet normal -5.350847e-01 3.371642e-04 8.447984e-01
    outer loop
      vertex   2.900705e+01 -1.204464e+01 2.066105e+01
      vertex   2.885270e+01 -1.843666e+01 2.056584e+01
      vertex   2.914733e+01 -1.833005e+01 2.075241e+01
    endloop
  endfacet
  facet normal -5.620833e-01 -5.229179e-04 8.270805e-01
    outer loop
      vertex   2.900705e+01 -1.204464e+01 2.066105e+01
      vertex   2.914733e+01 -1.833005e+01 2.075241e+01
      vertex   2.937621e+01 -1.204464e+01 2.091193e+01
    endloop
  endfacet
  facet normal -5.758677e-01 2.211160e-04 8.175429e-01
    outer loop
      vertex   2.937621e+01 -1.204464e+01 2.091193e+01
      vertex   2.914733e+01 -1.833005e+01 2.075241e+01
      vertex   2.943244e+01 -1.821531e+01 2.095321e+01
    endloop
  endfacet
  facet normal -6.129070e-01 -2.996008e-04 7.901550e-01
    outer loop
      vertex   2.937621e+01 -1.204464e+01 2.091193e+01
      vertex   2.943244e+01 -1.821531e+01 2.095321e+01
      vertex   2.972890e+01 -1.204464e+01 2.118550e+01
    endloop
  endfacet
  facet normal -6.151976e-01 -1.224686e-04 7.883729e-01
    outer loop
      vertex   2.972890e+01 -1.204464e+01 2.118550e+01
      vertex   2.943244e+01 -1.821531e+01 2.095321e+01
      vertex   2.970736e+01 -1.809271e+01 2.116776e+01
    endloop
  endfacet
  facet normal -6.532023e-01 1.043389e-04 7.571834e-01
    outer loop
      vertex   2.972890e+01 -1.204464e+01 2.118550e+01
      vertex   2.970736e+01 -1.809271e+01 2.116776e+01
      vertex   2.997143e+01 -1.796255e+01 2.139554e+01
    endloop
  endfacet
  facet normal -6.613118e-01 -4.790200e-04 7.501110e-01
    outer loop
      vertex   2.972890e+01 -1.204464e+01 2.118550e+01
      vertex   2.997143e+01 -1.796255e+01 2.139554e+01
      vertex   3.006371e+01 -1.204464e+01 2.148068e+01
    endloop
  endfacet
  facet normal -6.896364e-01 3.360549e-04 7.241557e-01
    outer loop
      vertex   3.006371e+01 -1.204464e+01 2.148068e+01
      vertex   2.997143e+01 -1.796255e+01 2.139554e+01
      vertex   3.022399e+01 -1.782514e+01 2.163601e+01
    endloop
  endfacet
  facet normal -7.071067e-01 -6.065029e-04 7.071067e-01
    outer loop
      vertex   3.006371e+01 -1.204464e+01 2.148068e+01
      vertex   3.022399e+01 -1.782514e+01 2.163601e+01
      vertex   3.037932e+01 -1.204464e+01 2.179629e+01
    endloop
  endfacet
  facet normal -7.243460e-01 3.467077e-04 6.894366e-01
    outer loop
      vertex   3.037932e+01 -1.204464e+01 2.179629e+01
      vertex   3.022399e+01 -1.782514e+01 2.163601e+01
      vertex   3.046446e+01 -1.768082e+01 2.188857e+01
    endloop
  endfacet
  facet normal -7.501110e-01 -5.029645e-04 6.613118e-01
    outer loop
      vertex   3.037932e+01 -1.204464e+01 2.179629e+01
      vertex   3.046446e+01 -1.768082e+01 2.188857e+01
      vertex   3.067450e+01 -1.204464e+01 2.213110e+01
    endloop
  endfacet
  facet normal -7.572412e-01 1.145938e-04 6.531353e-01
    outer loop
      vertex   3.067450e+01 -1.204464e+01 2.213110e+01
      vertex   3.046446e+01 -1.768082e+01 2.188857e+01
      vertex   3.069224e+01 -1.752992e+01 2.215264e+01
    endloop
  endfacet
  facet normal -7.883091e-01 -1.345067e-04 6.152794e-01
    outer loop
      vertex   3.067450e+01 -1.204464e+01 2.213110e+01
      vertex   3.069224e+01 -1.752992e+01 2.215264e+01
      vertex   3.090679e+01 -1.737283e+01 2.242756e+01
    endloop
  endfacet
  facet normal -7.901550e-01 -3.469732e-04 6.129070e-01
    outer loop
      vertex   3.067450e+01 -1.204464e+01 2.213110e+01
      vertex   3.090679e+01 -1.737283e+01 2.242756e+01
      vertex   3.094807e+01 -1.204464e+01 2.248379e+01
    endloop
  endfacet
  facet normal -8.176543e-01 2.586122e-04 5.757094e-01
    outer loop
      vertex   3.094807e+01 -1.204464e+01 2.248379e+01
      vertex   3.090679e+01 -1.737283e+01 2.242756e+01
      vertex   3.110759e+01 -1.720990e+01 2.271267e+01
    endloop
  endfacet
  facet normal -8.270804e-01 -6.363192e-04 5.620833e-01
    outer loop
      vertex   3.094807e+01 -1.204464e+01 2.248379e+01
      vertex   3.110759e+01 -1.720990e+01 2.271267e+01
      vertex   3.119895e+01 -1.204464e+01 2.285295e+01
    endloop
  endfacet
  facet normal -8.449620e-01 4.201969e-04 5.348262e-01
    outer loop
      vertex   3.119895e+01 -1.204464e+01 2.285295e+01
      vertex   3.110759e+01 -1.720990e+01 2.271267e+01
      vertex   3.129416e+01 -1.704154e+01 2.300730e+01
    endloop
  endfacet
  facet normal -8.607418e-01 -6.769445e-04 5.090413e-01
    outer loop
      vertex   3.119895e+01 -1.204464e+01 2.285295e+01
      vertex   3.129416e+01 -1.704154e+01 2.300730e+01
      vertex   3.142616e+01 -1.204464e+01 2.323714e+01
    endloop
  endfacet
  facet normal -8.701656e-01 3.209055e-04 4.927593e-01
    outer loop
      vertex   3.142616e+01 -1.204464e+01 2.323714e+01
      vertex   3.129416e+01 -1.704154e+01 2.300730e+01
      vertex   3.146605e+01 -1.686816e+01 2.331073e+01
    endloop
  endfacet
  facet normal -8.910064e-01 -4.428995e-04 4.539905e-01
    outer loop
      vertex   3.142616e+01 -1.204464e+01 2.323714e+01
      vertex   3.146605e+01 -1.686816e+01 2.331073e+01
      vertex   3.162880e+01 -1.204464e+01 2.363484e+01
    endloop
  endfacet
  facet normal -8.932067e-01 -7.676300e-05 4.496463e-01
    outer loop
      vertex   3.162880e+01 -1.204464e+01 2.363484e+01
      vertex   3.146605e+01 -1.686816e+01 2.331073e+01
      vertex   3.162284e+01 -1.669016e+01 2.362222e+01
    endloop
  endfacet
  facet normal -9.142248e-01 7.086185e-05 4.052075e-01
    outer loop
      vertex   3.162880e+01 -1.204464e+01 2.363484e+01
      vertex   3.162284e+01 -1.669016e+01 2.362222e+01
      vertex   3.176416e+01 -1.650798e+01 2.394103e+01
    endloop
  endfacet
  facet normal -9.177545e-01 -5.891022e-04 3.971478e-01
    outer loop
      vertex   3.162880e+01 -1.204464e+01 2.363484e+01
      vertex   3.176416e+01 -1.650798e+01 2.394103e+01
      vertex   3.180606e+01 -1.204464e+01 2.404447e+01
    endloop
  endfacet
  facet normal -9.330738e-01 4.229373e-04 3.596846e-01
    outer loop
      vertex   3.180606e+01 -1.204464e+01 2.404447e+01
      vertex   3.176416e+01 -1.650798e+01 2.394103e+01
      vertex   3.188967e+01 -1.632206e+01 2.426640e+01
    endloop
  endfacet
  facet normal -9.408805e-01 -8.164255e-04 3.387378e-01
    outer loop
      vertex   3.180606e+01 -1.204464e+01 2.404447e+01
      vertex   3.188967e+01 -1.632206e+01 2.426640e+01
      vertex   3.195726e+01 -1.204464e+01 2.446443e+01
    endloop
  endfacet
  facet normal -9.496120e-01 4.933598e-04 3.134275e-01
    outer loop
      vertex   3.195726e+01 -1.204464e+01 2.446443e+01
      vertex   3.188967e+01 -1.632206e+01 2.426640e+01
      vertex   3.199906e+01 -1.613284e+01 2.459753e+01
    endloop
  endfacet
  facet normal -9.602934e-01 -7.369596e-04 2.789910e-01
    outer loop
      vertex   3.195726e+01 -1.204464e+01 2.446443e+01
      vertex   3.199906e+01 -1.613284e+01 2.459753e+01
      vertex   3.208178e+01 -1.204464e+01 2.489306e+01
    endloop
  endfacet
  facet normal -9.638099e-01 2.306256e-04 2.665903e-01
    outer loop
      vertex   3.208178e+01 -1.204464e+01 2.489306e+01
      vertex   3.199906e+01 -1.613284e+01 2.459753e+01
      vertex   3.209207e+01 -1.594079e+01 2.493363e+01
    endloop
  endfacet
  facet normal -9.756662e-01 -2.934882e-04 2.192609e-01
    outer loop
      vertex   3.208178e+01 -1.204464e+01 2.489306e+01
      vertex   3.209207e+01 -1.594079e+01 2.493363e+01
      vertex   3.216848e+01 -1.574635e+01 2.527388e+01
    endloop
  endfacet
  facet normal -9.759167e-01 -4.143370e-04 2.181432e-01
    outer loop
      vertex   3.208178e+01 -1.204464e+01 2.489306e+01
      vertex   3.216848e+01 -1.574635e+01 2.527388e+01
      vertex   3.217915e+01 -1.204464e+01 2.532866e+01
    endloop
  endfacet
  facet normal -9.853077e-01 3.134295e-04 1.707880e-01
    outer loop
      vertex   3.217915e+01 -1.204464e+01 2.532866e+01
      vertex   3.216848e+01 -1.574635e+01 2.527388e+01
      vertex   3.222810e+01 -1.555001e+01 2.561748e+01
    endloop
  endfacet
  facet normal -9.876879e-01 -9.024699e-04 1.564344e-01
    outer loop
      vertex   3.217915e+01 -1.204464e+01 2.532866e+01
      vertex   3.222810e+01 -1.555001e+01 2.561748e+01
      vertex   3.224897e+01 -1.204464e+01 2.576951e+01
    endloop
  endfacet
  facet normal -9.925221e-01 6.169870e-04 1.220634e-01
    outer loop
      vertex   3.224897e+01 -1.204464e+01 2.576951e+01
      vertex   3.222810e+01 -1.555001e+01 2.561748e+01
      vertex   3.227079e+01 -1.535224e+01 2.596359e+01
    endloop
  endfacet
  facet normal -9.955614e-01 -1.043388e-03 9.410826e-02
    outer loop
      vertex   3.224897e+01 -1.204464e+01 2.576951e+01
      vertex   3.227079e+01 -1.535224e+01 2.596359e+01
      vertex   3.229098e+01 -1.204464e+01 2.621387e+01
    endloop
  endfacet
  facet normal -9.973131e-01 5.452971e-04 7.325464e-02
    outer loop
      vertex   3.229098e+01 -1.204464e+01 2.621387e+01
      vertex   3.227079e+01 -1.535224e+01 2.596359e+01
      vertex   3.229644e+01 -1.515350e+01 2.631137e+01
    endloop
  endfacet
  facet normal -9.992201e-01 -5.172318e-04 3.948225e-02
    outer loop
      vertex   3.229098e+01 -1.204464e+01 2.621387e+01
      vertex   3.229644e+01 -1.515350e+01 2.631137e+01
      vertex   3.230500e+01 -5.075000e+00 2.666000e+01
    endloop
  endfacet
  facet normal -9.996988e-01 0.000000e+00 2.454123e-02
    outer loop
      vertex   3.230500e+01 -5.075000e+00 2.666000e+01
      vertex   3.229644e+01 -1.515350e+01 2.631137e+01
      vertex   3.230500e+01 -1.495429e+01 2.666000e+01
    endloop
  endfacet
  facet normal -9.995066e-01 -1.417657e-20 3.141076e-02
    outer loop
      vertex   3.230500e+01 -5.075000e+00 2.666000e+01
      vertex   3.229098e+01 -5.075000e+00 2.621387e+01
      vertex   3.229098e+01 -1.204464e+01 2.621387e+01
    endloop
  endfacet
  facet normal -9.955620e-01 0.000000e+00 9.410831e-02
    outer loop
      vertex   3.229098e+01 -1.204464e+01 2.621387e+01
      vertex   3.229098e+01 -5.075000e+00 2.621387e+01
      vertex   3.224897e+01 -1.204464e+01 2.576951e+01
    endloop
  endfacet
  facet normal -9.955620e-01 -2.595425e-20 9.410831e-02
    outer loop
      vertex   3.229098e+01 -5.075000e+00 2.621387e+01
      vertex   3.224897e+01 -5.075000e+00 2.576951e+01
      vertex   3.224897e+01 -1.204464e+01 2.576951e+01
    endloop
  endfacet
  facet normal -9.876883e-01 0.000000e+00 1.564345e-01
    outer loop
      vertex   3.224897e+01 -1.204464e+01 2.576951e+01
      vertex   3.224897e+01 -5.075000e+00 2.576951e+01
      vertex   3.217915e+01 -1.204464e+01 2.532866e+01
    endloop
  endfacet
  facet normal -9.876883e-01 -2.939925e-20 1.564345e-01
    outer loop
      vertex   3.224897e+01 -5.075000e+00 2.576951e+01
      vertex   3.217915e+01 -5.075000e+00 2.532866e+01
      vertex   3.217915e+01 -1.204464e+01 2.532866e+01
    endloop
  endfacet
  facet normal -9.759168e-01 0.000000e+00 2.181432e-01
    outer loop
      vertex   3.217915e+01 -1.204464e+01 2.532866e+01
      vertex   3.217915e+01 -5.075000e+00 2.532866e+01
      vertex   3.208178e+01 -1.204464e+01 2.489306e+01
    endloop
  endfacet
  facet normal -9.759168e-01 -5.059587e-19 2.181432e-01
    outer loop
      vertex   3.217915e+01 -5.075000e+00 2.532866e+01
      vertex   3.208178e+01 -5.075000e+00 2.489306e+01
      vertex   3.208178e+01 -1.204464e+01 2.489306e+01
    endloop
  endfacet
  facet normal -9.602937e-01 0.000000e+00 2.789911e-01
    outer loop
      vertex   3.208178e+01 -1.204464e+01 2.489306e+01
      vertex   3.208178e+01 -5.075000e+00 2.489306e+01
      vertex   3.195726e+01 -1.204464e+01 2.446443e+01
    endloop
  endfacet
  facet normal -9.602937e-01 1.043168e-18 2.789911e-01
    outer loop
      vertex   3.208178e+01 -5.075000e+00 2.489306e+01
      vertex   3.195726e+01 -5.075000e+00 2.446443e+01
      vertex   3.195726e+01 -1.204464e+01 2.446443e+01
    endloop
  endfacet
  facet normal -9.408808e-01 0.000000e+00 3.387379e-01
    outer loop
      vertex   3.195726e+01 -1.204464e+01 2.446443e+01
      vertex   3.195726e+01 -5.075000e+00 2.446443e+01
      vertex   3.180606e+01 -1.204464e+01 2.404447e+01
    endloop
  endfacet
  facet normal -9.408808e-01 -8.988376e-19 3.387379e-01
    outer loop
      vertex   3.195726e+01 -5.075000e+00 2.446443e+01
      vertex   3.180606e+01 -5.075000e+00 2.404447e+01
      vertex   3.180606e+01 -1.204464e+01 2.404447e+01
    endloop
  endfacet
  facet normal -9.177546e-01 0.000000e+00 3.971479e-01
    outer loop
      vertex   3.180606e+01 -1.204464e+01 2.404447e+01
      vertex   3.180606e+01 -5.075000e+00 2.404447e+01
      vertex   3.162880e+01 -1.204464e+01 2.363484e+01
    endloop
  endfacet
  facet normal -9.177546e-01 -2.154573e-18 3.971479e-01
    outer loop
      vertex   3.180606e+01 -5.075000e+00 2.404447e+01
      vertex   3.162880e+01 -5.075000e+00 2.363484e+01
      vertex   3.162880e+01 -1.204464e+01 2.363484e+01
    endloop
  endfacet
  facet normal -8.910065e-01 0.000000e+00 4.539905e-01
    outer loop
      vertex   3.162880e+01 -1.204464e+01 2.363484e+01
      vertex   3.162880e+01 -5.075000e+00 2.363484e+01
      vertex   3.142616e+01 -1.204464e+01 2.323714e+01
    endloop
  endfacet
  facet normal -8.910065e-01 -1.293783e-18 4.539905e-01
    outer loop
      vertex   3.162880e+01 -5.075000e+00 2.363484e+01
      vertex   3.142616e+01 -5.075000e+00 2.323714e+01
      vertex   3.142616e+01 -1.204464e+01 2.323714e+01
    endloop
  endfacet
  facet normal -8.607420e-01 0.000000e+00 5.090414e-01
    outer loop
      vertex   3.142616e+01 -1.204464e+01 2.323714e+01
      vertex   3.142616e+01 -5.075000e+00 2.323714e+01
      vertex   3.119895e+01 -1.204464e+01 2.285295e+01
    endloop
  endfacet
  facet normal -8.607420e-01 8.718200e-19 5.090414e-01
    outer loop
      vertex   3.142616e+01 -5.075000e+00 2.323714e+01
      vertex   3.119895e+01 -5.075000e+00 2.285295e+01
      vertex   3.119895e+01 -1.204464e+01 2.285295e+01
    endloop
  endfacet
  facet normal -8.270806e-01 0.000000e+00 5.620834e-01
    outer loop
      vertex   3.119895e+01 -1.204464e+01 2.285295e+01
      vertex   3.119895e+01 -5.075000e+00 2.285295e+01
      vertex   3.094807e+01 -1.204464e+01 2.248379e+01
    endloop
  endfacet
  facet normal -8.270806e-01 1.338148e-18 5.620834e-01
    outer loop
      vertex   3.119895e+01 -5.075000e+00 2.285295e+01
      vertex   3.094807e+01 -5.075000e+00 2.248379e+01
      vertex   3.094807e+01 -1.204464e+01 2.248379e+01
    endloop
  endfacet
  facet normal -7.901550e-01 0.000000e+00 6.129071e-01
    outer loop
      vertex   3.094807e+01 -1.204464e+01 2.248379e+01
      vertex   3.094807e+01 -5.075000e+00 2.248379e+01
      vertex   3.067450e+01 -1.204464e+01 2.213110e+01
    endloop
  endfacet
  facet normal -7.901550e-01 2.065624e-18 6.129071e-01
    outer loop
      vertex   3.094807e+01 -5.075000e+00 2.248379e+01
      vertex   3.067450e+01 -5.075000e+00 2.213110e+01
      vertex   3.067450e+01 -1.204464e+01 2.213110e+01
    endloop
  endfacet
  facet normal -7.501111e-01 0.000000e+00 6.613119e-01
    outer loop
      vertex   3.067450e+01 -1.204464e+01 2.213110e+01
      vertex   3.067450e+01 -5.075000e+00 2.213110e+01
      vertex   3.037932e+01 -1.204464e+01 2.179629e+01
    endloop
  endfacet
  facet normal -7.501111e-01 1.484526e-18 6.613119e-01
    outer loop
      vertex   3.067450e+01 -5.075000e+00 2.213110e+01
      vertex   3.037932e+01 -5.075000e+00 2.179629e+01
      vertex   3.037932e+01 -1.204464e+01 2.179629e+01
    endloop
  endfacet
  facet normal -7.071068e-01 0.000000e+00 7.071068e-01
    outer loop
      vertex   3.037932e+01 -1.204464e+01 2.179629e+01
      vertex   3.037932e+01 -5.075000e+00 2.179629e+01
      vertex   3.006371e+01 -1.204464e+01 2.148068e+01
    endloop
  endfacet
  facet normal -7.071068e-01 2.283473e-19 7.071068e-01
    outer loop
      vertex   3.037932e+01 -5.075000e+00 2.179629e+01
      vertex   3.006371e+01 -5.075000e+00 2.148068e+01
      vertex   3.006371e+01 -1.204464e+01 2.148068e+01
    endloop
  endfacet
  facet normal -6.613119e-01 0.000000e+00 7.501111e-01
    outer loop
      vertex   3.006371e+01 -1.204464e+01 2.148068e+01
      vertex   3.006371e+01 -5.075000e+00 2.148068e+01
      vertex   2.972890e+01 -1.204464e+01 2.118550e+01
    endloop
  endfacet
  facet normal -6.613119e-01 -1.111599e-18 7.501111e-01
    outer loop
      vertex   3.006371e+01 -5.075000e+00 2.148068e+01
      vertex   2.972890e+01 -5.075000e+00 2.118550e+01
      vertex   2.972890e+01 -1.204464e+01 2.118550e+01
    endloop
  endfacet
  facet normal -6.129071e-01 0.000000e+00 7.901550e-01
    outer loop
      vertex   2.972890e+01 -1.204464e+01 2.118550e+01
      vertex   2.972890e+01 -5.075000e+00 2.118550e+01
      vertex   2.937621e+01 -1.204464e+01 2.091193e+01
    endloop
  endfacet
  facet normal -6.129071e-01 4.850099e-19 7.901550e-01
    outer loop
      vertex   2.972890e+01 -5.075000e+00 2.118550e+01
      vertex   2.937621e+01 -5.075000e+00 2.091193e+01
      vertex   2.937621e+01 -1.204464e+01 2.091193e+01
    endloop
  endfacet
  facet normal -5.620834e-01 0.000000e+00 8.270806e-01
    outer loop
      vertex   2.937621e+01 -1.204464e+01 2.091193e+01
      vertex   2.937621e+01 -5.075000e+00 2.091193e+01
      vertex   2.900705e+01 -1.204464e+01 2.066105e+01
    endloop
  endfacet
  facet normal -5.620834e-01 -1.874467e-18 8.270806e-01
    outer loop
      vertex   2.937621e+01 -5.075000e+00 2.091193e+01
      vertex   2.900705e+01 -5.075000e+00 2.066105e+01
      vertex   2.900705e+01 -1.204464e+01 2.066105e+01
    endloop
  endfacet
  facet normal -5.090414e-01 0.000000e+00 8.607420e-01
    outer loop
      vertex   2.900705e+01 -1.204464e+01 2.066105e+01
      vertex   2.900705e+01 -5.075000e+00 2.066105e+01
      vertex   2.862286e+01 -1.204464e+01 2.043384e+01
    endloop
  endfacet
  facet normal -5.090414e-01 7.759789e-19 8.607420e-01
    outer loop
      vertex   2.900705e+01 -5.075000e+00 2.066105e+01
      vertex   2.862286e+01 -5.075000e+00 2.043384e+01
      vertex   2.862286e+01 -1.204464e+01 2.043384e+01
    endloop
  endfacet
  facet normal -4.539905e-01 0.000000e+00 8.910065e-01
    outer loop
      vertex   2.862286e+01 -1.204464e+01 2.043384e+01
      vertex   2.862286e+01 -5.075000e+00 2.043384e+01
      vertex   2.822516e+01 -1.204464e+01 2.023120e+01
    endloop
  endfacet
  facet normal -4.539905e-01 -7.367538e-19 8.910065e-01
    outer loop
      vertex   2.862286e+01 -5.075000e+00 2.043384e+01
      vertex   2.822516e+01 -5.075000e+00 2.023120e+01
      vertex   2.822516e+01 -1.204464e+01 2.023120e+01
    endloop
  endfacet
  facet normal -3.971479e-01 0.000000e+00 9.177546e-01
    outer loop
      vertex   2.822516e+01 -1.204464e+01 2.023120e+01
      vertex   2.822516e+01 -5.075000e+00 2.023120e+01
      vertex   2.781552e+01 -1.204464e+01 2.005394e+01
    endloop
  endfacet
  facet normal -3.971479e-01 1.807506e-20 9.177546e-01
    outer loop
      vertex   2.822516e+01 -5.075000e+00 2.023120e+01
      vertex   2.781552e+01 -5.075000e+00 2.005394e+01
      vertex   2.781552e+01 -1.204464e+01 2.005394e+01
    endloop
  endfacet
  facet normal -3.387379e-01 0.000000e+00 9.408808e-01
    outer loop
      vertex   2.781552e+01 -1.204464e+01 2.005394e+01
      vertex   2.781552e+01 -5.075000e+00 2.005394e+01
      vertex   2.739557e+01 -1.204464e+01 1.990274e+01
    endloop
  endfacet
  facet normal -3.387379e-01 -2.328475e-20 9.408808e-01
    outer loop
      vertex   2.781552e+01 -5.075000e+00 2.005394e+01
      vertex   2.739557e+01 -5.075000e+00 1.990274e+01
      vertex   2.739557e+01 -1.204464e+01 1.990274e+01
    endloop
  endfacet
  facet normal -2.789911e-01 0.000000e+00 9.602937e-01
    outer loop
      vertex   2.739557e+01 -1.204464e+01 1.990274e+01
      vertex   2.739557e+01 -5.075000e+00 1.990274e+01
      vertex   2.696694e+01 -1.204464e+01 1.977822e+01
    endloop
  endfacet
  facet normal -2.789911e-01 -5.133156e-19 9.602937e-01
    outer loop
      vertex   2.739557e+01 -5.075000e+00 1.990274e+01
      vertex   2.696694e+01 -5.075000e+00 1.977822e+01
      vertex   2.696694e+01 -1.204464e+01 1.977822e+01
    endloop
  endfacet
  facet normal -2.181432e-01 0.000000e+00 9.759168e-01
    outer loop
      vertex   2.696694e+01 -1.204464e+01 1.977822e+01
      vertex   2.696694e+01 -5.075000e+00 1.977822e+01
      vertex   2.653134e+01 -1.204464e+01 1.968085e+01
    endloop
  endfacet
  facet normal -2.181432e-01 -6.084171e-20 9.759168e-01
    outer loop
      vertex   2.696694e+01 -5.075000e+00 1.977822e+01
      vertex   2.653134e+01 -5.075000e+00 1.968085e+01
      vertex   2.653134e+01 -1.204464e+01 1.968085e+01
    endloop
  endfacet
  facet normal -1.564345e-01 0.000000e+00 9.876883e-01
    outer loop
      vertex   2.653134e+01 -1.204464e+01 1.968085e+01
      vertex   2.653134e+01 -5.075000e+00 1.968085e+01
      vertex   2.609049e+01 -1.204464e+01 1.961102e+01
    endloop
  endfacet
  facet normal -1.564345e-01 -1.053846e-19 9.876883e-01
    outer loop
      vertex   2.653134e+01 -5.075000e+00 1.968085e+01
      vertex   2.609049e+01 -5.075000e+00 1.961102e+01
      vertex   2.609049e+01 -1.204464e+01 1.961102e+01
    endloop
  endfacet
  facet normal -9.410831e-02 0.000000e+00 9.955620e-01
    outer loop
      vertex   2.609049e+01 -1.204464e+01 1.961102e+01
      vertex   2.609049e+01 -5.075000e+00 1.961102e+01
      vertex   2.564613e+01 -1.204464e+01 1.956902e+01
    endloop
  endfacet
  facet normal -9.410831e-02 -2.595425e-20 9.955620e-01
    outer loop
      vertex   2.609049e+01 -5.075000e+00 1.961102e+01
      vertex   2.564613e+01 -5.075000e+00 1.956902e+01
      vertex   2.564613e+01 -1.204464e+01 1.956902e+01
    endloop
  endfacet
  facet normal -3.141076e-02 0.000000e+00 9.995066e-01
    outer loop
      vertex   2.564613e+01 -1.204464e+01 1.956902e+01
      vertex   2.564613e+01 -5.075000e+00 1.956902e+01
      vertex   2.520000e+01 -1.204464e+01 1.955500e+01
    endloop
  endfacet
  facet normal -3.141076e-02 1.135864e-20 9.995066e-01
    outer loop
      vertex   2.564613e+01 -5.075000e+00 1.956902e+01
      vertex   2.520000e+01 -5.075000e+00 1.955500e+01
      vertex   2.520000e+01 -1.204464e+01 1.955500e+01
    endloop
  endfacet
  facet normal 3.141076e-02 -0.000000e+00 9.995066e-01
    outer loop
      vertex   2.520000e+01 -1.204464e+01 1.955500e+01
      vertex   2.520000e+01 -5.075000e+00 1.955500e+01
      vertex   2.475387e+01 -1.204464e+01 1.956902e+01
    endloop
  endfacet
  facet normal 3.141076e-02 1.075025e-19 9.995066e-01
    outer loop
      vertex   2.520000e+01 -5.075000e+00 1.955500e+01
      vertex   2.475387e+01 -5.075000e+00 1.956902e+01
      vertex   2.475387e+01 -1.204464e+01 1.956902e+01
    endloop
  endfacet
  facet normal 9.410831e-02 -0.000000e+00 9.955620e-01
    outer loop
      vertex   2.475387e+01 -1.204464e+01 1.956902e+01
      vertex   2.475387e+01 -5.075000e+00 1.956902e+01
      vertex   2.430951e+01 -1.204464e+01 1.961102e+01
    endloop
  endfacet
  facet normal 9.410831e-02 2.595425e-20 9.955620e-01
    outer loop
      vertex   2.475387e+01 -5.075000e+00 1.956902e+01
      vertex   2.430951e+01 -5.075000e+00 1.961102e+01
      vertex   2.430951e+01 -1.204464e+01 1.961102e+01
    endloop
  endfacet
  facet normal 1.564345e-01 -0.000000e+00 9.876883e-01
    outer loop
      vertex   2.430951e+01 -1.204464e+01 1.961102e+01
      vertex   2.430951e+01 -5.075000e+00 1.961102e+01
      vertex   2.386866e+01 -1.204464e+01 1.968085e+01
    endloop
  endfacet
  facet normal 1.564345e-01 -4.524550e-19 9.876883e-01
    outer loop
      vertex   2.430951e+01 -5.075000e+00 1.961102e+01
      vertex   2.386866e+01 -5.075000e+00 1.968085e+01
      vertex   2.386866e+01 -1.204464e+01 1.968085e+01
    endloop
  endfacet
  facet normal 2.181432e-01 -0.000000e+00 9.759168e-01
    outer loop
      vertex   2.386866e+01 -1.204464e+01 1.968085e+01
      vertex   2.386866e+01 -5.075000e+00 1.968085e+01
      vertex   2.343306e+01 -1.204464e+01 1.977822e+01
    endloop
  endfacet
  facet normal 2.181432e-01 3.905380e-19 9.759168e-01
    outer loop
      vertex   2.386866e+01 -5.075000e+00 1.968085e+01
      vertex   2.343306e+01 -5.075000e+00 1.977822e+01
      vertex   2.343306e+01 -1.204464e+01 1.977822e+01
    endloop
  endfacet
  facet normal 2.789911e-01 -0.000000e+00 9.602937e-01
    outer loop
      vertex   2.343306e+01 -1.204464e+01 1.977822e+01
      vertex   2.343306e+01 -5.075000e+00 1.977822e+01
      vertex   2.300443e+01 -1.204464e+01 1.990274e+01
    endloop
  endfacet
  facet normal 2.789911e-01 1.053711e-18 9.602937e-01
    outer loop
      vertex   2.343306e+01 -5.075000e+00 1.977822e+01
      vertex   2.300443e+01 -5.075000e+00 1.990274e+01
      vertex   2.300443e+01 -1.204464e+01 1.990274e+01
    endloop
  endfacet
  facet normal 3.387379e-01 -0.000000e+00 9.408808e-01
    outer loop
      vertex   2.300443e+01 -1.204464e+01 1.990274e+01
      vertex   2.300443e+01 -5.075000e+00 1.990274e+01
      vertex   2.258448e+01 -1.204464e+01 2.005394e+01
    endloop
  endfacet
  facet normal 3.387379e-01 1.859647e-18 9.408808e-01
    outer loop
      vertex   2.300443e+01 -5.075000e+00 1.990274e+01
      vertex   2.258448e+01 -5.075000e+00 2.005394e+01
      vertex   2.258448e+01 -1.204464e+01 2.005394e+01
    endloop
  endfacet
  facet normal 3.971479e-01 -0.000000e+00 9.177546e-01
    outer loop
      vertex   2.258448e+01 -1.204464e+01 2.005394e+01
      vertex   2.258448e+01 -5.075000e+00 2.005394e+01
      vertex   2.217484e+01 -1.204464e+01 2.023120e+01
    endloop
  endfacet
  facet normal 3.971479e-01 -1.713388e-18 9.177546e-01
    outer loop
      vertex   2.258448e+01 -5.075000e+00 2.005394e+01
      vertex   2.217484e+01 -5.075000e+00 2.023120e+01
      vertex   2.217484e+01 -1.204464e+01 2.023120e+01
    endloop
  endfacet
  facet normal 4.539905e-01 -0.000000e+00 8.910065e-01
    outer loop
      vertex   2.217484e+01 -1.204464e+01 2.023120e+01
      vertex   2.217484e+01 -5.075000e+00 2.023120e+01
      vertex   2.177714e+01 -1.204464e+01 2.043384e+01
    endloop
  endfacet
  facet normal 4.539905e-01 -9.523348e-19 8.910065e-01
    outer loop
      vertex   2.217484e+01 -5.075000e+00 2.023120e+01
      vertex   2.177714e+01 -5.075000e+00 2.043384e+01
      vertex   2.177714e+01 -1.204464e+01 2.043384e+01
    endloop
  endfacet
  facet normal 5.090414e-01 -0.000000e+00 8.607420e-01
    outer loop
      vertex   2.177714e+01 -1.204464e+01 2.043384e+01
      vertex   2.177714e+01 -5.075000e+00 2.043384e+01
      vertex   2.139295e+01 -1.204464e+01 2.066105e+01
    endloop
  endfacet
  facet normal 5.090414e-01 2.016630e-18 8.607420e-01
    outer loop
      vertex   2.177714e+01 -5.075000e+00 2.043384e+01
      vertex   2.139295e+01 -5.075000e+00 2.066105e+01
      vertex   2.139295e+01 -1.204464e+01 2.066105e+01
    endloop
  endfacet
  facet normal 5.620834e-01 -0.000000e+00 8.270806e-01
    outer loop
      vertex   2.139295e+01 -1.204464e+01 2.066105e+01
      vertex   2.139295e+01 -5.075000e+00 2.066105e+01
      vertex   2.102379e+01 -1.204464e+01 2.091193e+01
    endloop
  endfacet
  facet normal 5.620834e-01 8.647245e-19 8.270806e-01
    outer loop
      vertex   2.139295e+01 -5.075000e+00 2.066105e+01
      vertex   2.102379e+01 -5.075000e+00 2.091193e+01
      vertex   2.102379e+01 -1.204464e+01 2.091193e+01
    endloop
  endfacet
  facet normal 6.129071e-01 -0.000000e+00 7.901550e-01
    outer loop
      vertex   2.102379e+01 -1.204464e+01 2.091193e+01
      vertex   2.102379e+01 -5.075000e+00 2.091193e+01
      vertex   2.067110e+01 -1.204464e+01 2.118550e+01
    endloop
  endfacet
  facet normal 6.129071e-01 -7.857178e-19 7.901550e-01
    outer loop
      vertex   2.102379e+01 -5.075000e+00 2.091193e+01
      vertex   2.067110e+01 -5.075000e+00 2.118550e+01
      vertex   2.067110e+01 -1.204464e+01 2.118550e+01
    endloop
  endfacet
  facet normal 6.613119e-01 -0.000000e+00 7.501111e-01
    outer loop
      vertex   2.067110e+01 -1.204464e+01 2.118550e+01
      vertex   2.067110e+01 -5.075000e+00 2.118550e+01
      vertex   2.033629e+01 -1.204464e+01 2.148068e+01
    endloop
  endfacet
  facet normal 6.613119e-01 1.688591e-18 7.501111e-01
    outer loop
      vertex   2.067110e+01 -5.075000e+00 2.118550e+01
      vertex   2.033629e+01 -5.075000e+00 2.148068e+01
      vertex   2.033629e+01 -1.204464e+01 2.148068e+01
    endloop
  endfacet
  facet normal 7.071068e-01 -0.000000e+00 7.071068e-01
    outer loop
      vertex   2.033629e+01 -1.204464e+01 2.148068e+01
      vertex   2.033629e+01 -5.075000e+00 2.148068e+01
      vertex   2.002068e+01 -1.204464e+01 2.179629e+01
    endloop
  endfacet
  facet normal 7.071068e-01 6.753857e-19 7.071068e-01
    outer loop
      vertex   2.033629e+01 -5.075000e+00 2.148068e+01
      vertex   2.002068e+01 -5.075000e+00 2.179629e+01
      vertex   2.002068e+01 -1.204464e+01 2.179629e+01
    endloop
  endfacet
  facet normal 7.501111e-01 -0.000000e+00 6.613119e-01
    outer loop
      vertex   2.002068e+01 -1.204464e+01 2.179629e+01
      vertex   2.002068e+01 -5.075000e+00 2.179629e+01
      vertex   1.972550e+01 -1.204464e+01 2.213110e+01
    endloop
  endfacet
  facet normal 7.501111e-01 -8.304304e-19 6.613119e-01
    outer loop
      vertex   2.002068e+01 -5.075000e+00 2.179629e+01
      vertex   1.972550e+01 -5.075000e+00 2.213110e+01
      vertex   1.972550e+01 -1.204464e+01 2.213110e+01
    endloop
  endfacet
  facet normal 7.901550e-01 -0.000000e+00 6.129071e-01
    outer loop
      vertex   1.972550e+01 -1.204464e+01 2.213110e+01
      vertex   1.972550e+01 -5.075000e+00 2.213110e+01
      vertex   1.945193e+01 -1.204464e+01 2.248379e+01
    endloop
  endfacet
  facet normal 7.901550e-01 -7.857178e-19 6.129071e-01
    outer loop
      vertex   1.972550e+01 -5.075000e+00 2.213110e+01
      vertex   1.945193e+01 -5.075000e+00 2.248379e+01
      vertex   1.945193e+01 -1.204464e+01 2.248379e+01
    endloop
  endfacet
  facet normal 8.270806e-01 -0.000000e+00 5.620834e-01
    outer loop
      vertex   1.945193e+01 -1.204464e+01 2.248379e+01
      vertex   1.945193e+01 -5.075000e+00 2.248379e+01
      vertex   1.920105e+01 -1.204464e+01 2.285295e+01
    endloop
  endfacet
  facet normal 8.270806e-01 8.647245e-19 5.620834e-01
    outer loop
      vertex   1.945193e+01 -5.075000e+00 2.248379e+01
      vertex   1.920105e+01 -5.075000e+00 2.285295e+01
      vertex   1.920105e+01 -1.204464e+01 2.285295e+01
    endloop
  endfacet
  facet normal 8.607420e-01 -0.000000e+00 5.090414e-01
    outer loop
      vertex   1.920105e+01 -1.204464e+01 2.285295e+01
      vertex   1.920105e+01 -5.075000e+00 2.285295e+01
      vertex   1.897384e+01 -1.204464e+01 2.323714e+01
    endloop
  endfacet
  facet normal 8.607420e-01 -8.718200e-19 5.090414e-01
    outer loop
      vertex   1.920105e+01 -5.075000e+00 2.285295e+01
      vertex   1.897384e+01 -5.075000e+00 2.323714e+01
      vertex   1.897384e+01 -1.204464e+01 2.323714e+01
    endloop
  endfacet
  facet normal 8.910065e-01 -0.000000e+00 4.539905e-01
    outer loop
      vertex   1.897384e+01 -1.204464e+01 2.323714e+01
      vertex   1.897384e+01 -5.075000e+00 2.323714e+01
      vertex   1.877120e+01 -1.204464e+01 2.363484e+01
    endloop
  endfacet
  facet normal 8.910065e-01 -1.077905e-19 4.539905e-01
    outer loop
      vertex   1.897384e+01 -5.075000e+00 2.323714e+01
      vertex   1.877120e+01 -5.075000e+00 2.363484e+01
      vertex   1.877120e+01 -1.204464e+01 2.363484e+01
    endloop
  endfacet
  facet normal 9.177546e-01 -0.000000e+00 3.971479e-01
    outer loop
      vertex   1.877120e+01 -1.204464e+01 2.363484e+01
      vertex   1.877120e+01 -5.075000e+00 2.363484e+01
      vertex   1.859394e+01 -1.204464e+01 2.404447e+01
    endloop
  endfacet
  facet normal 9.177546e-01 2.154573e-18 3.971479e-01
    outer loop
      vertex   1.877120e+01 -5.075000e+00 2.363484e+01
      vertex   1.859394e+01 -5.075000e+00 2.404447e+01
      vertex   1.859394e+01 -1.204464e+01 2.404447e+01
    endloop
  endfacet
  facet normal 9.408808e-01 -0.000000e+00 3.387379e-01
    outer loop
      vertex   1.859394e+01 -1.204464e+01 2.404447e+01
      vertex   1.859394e+01 -5.075000e+00 2.404447e+01
      vertex   1.844274e+01 -1.204464e+01 2.446443e+01
    endloop
  endfacet
  facet normal 9.408808e-01 -4.135068e-19 3.387379e-01
    outer loop
      vertex   1.859394e+01 -5.075000e+00 2.404447e+01
      vertex   1.844274e+01 -5.075000e+00 2.446443e+01
      vertex   1.844274e+01 -1.204464e+01 2.446443e+01
    endloop
  endfacet
  facet normal 9.602937e-01 -0.000000e+00 2.789911e-01
    outer loop
      vertex   1.844274e+01 -1.204464e+01 2.446443e+01
      vertex   1.844274e+01 -5.075000e+00 2.446443e+01
      vertex   1.831822e+01 -1.204464e+01 2.489306e+01
    endloop
  endfacet
  facet normal 9.602937e-01 1.053711e-18 2.789911e-01
    outer loop
      vertex   1.844274e+01 -5.075000e+00 2.446443e+01
      vertex   1.831822e+01 -5.075000e+00 2.489306e+01
      vertex   1.831822e+01 -1.204464e+01 2.489306e+01
    endloop
  endfacet
  facet normal 9.759168e-01 -0.000000e+00 2.181432e-01
    outer loop
      vertex   1.831822e+01 -1.204464e+01 2.489306e+01
      vertex   1.831822e+01 -5.075000e+00 2.489306e+01
      vertex   1.822085e+01 -1.204464e+01 2.532866e+01
    endloop
  endfacet
  facet normal 9.759168e-01 6.084171e-20 2.181432e-01
    outer loop
      vertex   1.831822e+01 -5.075000e+00 2.489306e+01
      vertex   1.822085e+01 -5.075000e+00 2.532866e+01
      vertex   1.822085e+01 -1.204464e+01 2.532866e+01
    endloop
  endfacet
  facet normal 9.876883e-01 -0.000000e+00 1.564345e-01
    outer loop
      vertex   1.822085e+01 -1.204464e+01 2.532866e+01
      vertex   1.822085e+01 -5.075000e+00 2.532866e+01
      vertex   1.815103e+01 -1.204464e+01 2.576951e+01
    endloop
  endfacet
  facet normal 9.876883e-01 1.053846e-19 1.564345e-01
    outer loop
      vertex   1.822085e+01 -5.075000e+00 2.532866e+01
      vertex   1.815103e+01 -5.075000e+00 2.576951e+01
      vertex   1.815103e+01 -1.204464e+01 2.576951e+01
    endloop
  endfacet
  facet normal 9.955620e-01 -0.000000e+00 9.410831e-02
    outer loop
      vertex   1.815103e+01 -1.204464e+01 2.576951e+01
      vertex   1.815103e+01 -5.075000e+00 2.576951e+01
      vertex   1.810902e+01 -1.204464e+01 2.621387e+01
    endloop
  endfacet
  facet normal 9.955620e-01 2.595425e-20 9.410831e-02
    outer loop
      vertex   1.815103e+01 -5.075000e+00 2.576951e+01
      vertex   1.810902e+01 -5.075000e+00 2.621387e+01
      vertex   1.810902e+01 -1.204464e+01 2.621387e+01
    endloop
  endfacet
  facet normal 9.995066e-01 -0.000000e+00 3.141076e-02
    outer loop
      vertex   1.810902e+01 -1.204464e+01 2.621387e+01
      vertex   1.810902e+01 -5.075000e+00 2.621387e+01
      vertex   1.809500e+01 -5.075000e+00 2.666000e+01
    endloop
  endfacet
  facet normal -9.673764e-17 1.000000e+00 1.516109e-16
    outer loop
      vertex   1.809500e+01 -5.075000e+00 3.837655e+01
      vertex   1.809500e+01 -5.075000e+00 2.666000e+01
      vertex   1.756780e+01 -5.075000e+00 3.804016e+01
    endloop
  endfacet
  facet normal -1.064572e-16 1.000000e+00 1.511607e-16
    outer loop
      vertex   1.756780e+01 -5.075000e+00 3.804016e+01
      vertex   1.809500e+01 -5.075000e+00 2.666000e+01
      vertex   1.705650e+01 -5.075000e+00 3.768007e+01
    endloop
  endfacet
  facet normal -1.164031e-16 1.000000e+00 1.502234e-16
    outer loop
      vertex   1.705650e+01 -5.075000e+00 3.768007e+01
      vertex   1.809500e+01 -5.075000e+00 2.666000e+01
      vertex   1.656216e+01 -5.075000e+00 3.729702e+01
    endloop
  endfacet
  facet normal -1.265441e-16 1.000000e+00 1.487620e-16
    outer loop
      vertex   1.656216e+01 -5.075000e+00 3.729702e+01
      vertex   1.809500e+01 -5.075000e+00 2.666000e+01
      vertex   1.608581e+01 -5.075000e+00 3.689181e+01
    endloop
  endfacet
  facet normal -1.368431e-16 1.000000e+00 1.467397e-16
    outer loop
      vertex   1.608581e+01 -5.075000e+00 3.689181e+01
      vertex   1.809500e+01 -5.075000e+00 2.666000e+01
      vertex   1.562845e+01 -5.075000e+00 3.646530e+01
    endloop
  endfacet
  facet normal -1.472555e-16 1.000000e+00 1.441204e-16
    outer loop
      vertex   1.562845e+01 -5.075000e+00 3.646530e+01
      vertex   1.809500e+01 -5.075000e+00 2.666000e+01
      vertex   1.519102e+01 -5.075000e+00 3.601836e+01
    endloop
  endfacet
  facet normal -1.577299e-16 1.000000e+00 1.408701e-16
    outer loop
      vertex   1.519102e+01 -5.075000e+00 3.601836e+01
      vertex   1.809500e+01 -5.075000e+00 2.666000e+01
      vertex   1.477444e+01 -5.075000e+00 3.555192e+01
    endloop
  endfacet
  facet normal -1.682071e-16 1.000000e+00 1.369575e-16
    outer loop
      vertex   1.477444e+01 -5.075000e+00 3.555192e+01
      vertex   1.809500e+01 -5.075000e+00 2.666000e+01
      vertex   1.437958e+01 -5.075000e+00 3.506697e+01
    endloop
  endfacet
  facet normal -1.786204e-16 1.000000e+00 1.323554e-16
    outer loop
      vertex   1.437958e+01 -5.075000e+00 3.506697e+01
      vertex   1.809500e+01 -5.075000e+00 2.666000e+01
      vertex   1.400726e+01 -5.075000e+00 3.456450e+01
    endloop
  endfacet
  facet normal -1.888957e-16 1.000000e+00 1.270417e-16
    outer loop
      vertex   1.400726e+01 -5.075000e+00 3.456450e+01
      vertex   1.809500e+01 -5.075000e+00 2.666000e+01
      vertex   1.365825e+01 -5.075000e+00 3.404557e+01
    endloop
  endfacet
  facet normal -1.989517e-16 1.000000e+00 1.210007e-16
    outer loop
      vertex   1.365825e+01 -5.075000e+00 3.404557e+01
      vertex   1.809500e+01 -5.075000e+00 2.666000e+01
      vertex   1.333329e+01 -5.075000e+00 3.351125e+01
    endloop
  endfacet
  facet normal -2.087012e-16 1.000000e+00 1.142246e-16
    outer loop
      vertex   1.333329e+01 -5.075000e+00 3.351125e+01
      vertex   1.809500e+01 -5.075000e+00 2.666000e+01
      vertex   1.303304e+01 -5.075000e+00 3.296266e+01
    endloop
  endfacet
  facet normal -2.180516e-16 1.000000e+00 1.067149e-16
    outer loop
      vertex   1.303304e+01 -5.075000e+00 3.296266e+01
      vertex   1.809500e+01 -5.075000e+00 2.666000e+01
      vertex   1.275813e+01 -5.075000e+00 3.240095e+01
    endloop
  endfacet
  facet normal -2.269067e-16 1.000000e+00 9.848309e-17
    outer loop
      vertex   1.275813e+01 -5.075000e+00 3.240095e+01
      vertex   1.809500e+01 -5.075000e+00 2.666000e+01
      vertex   1.250914e+01 -5.075000e+00 3.182727e+01
    endloop
  endfacet
  facet normal -2.351684e-16 1.000000e+00 8.955215e-17
    outer loop
      vertex   1.250914e+01 -5.075000e+00 3.182727e+01
      vertex   1.809500e+01 -5.075000e+00 2.666000e+01
      vertex   1.228659e+01 -5.075000e+00 3.124283e+01
    endloop
  endfacet
  facet normal -2.427389e-16 1.000000e+00 7.995710e-17
    outer loop
      vertex   1.228659e+01 -5.075000e+00 3.124283e+01
      vertex   1.809500e+01 -5.075000e+00 2.666000e+01
      vertex   1.209094e+01 -5.075000e+00 3.064885e+01
    endloop
  endfacet
  facet normal -2.495231e-16 1.000000e+00 6.974540e-17
    outer loop
      vertex   1.209094e+01 -5.075000e+00 3.064885e+01
      vertex   1.809500e+01 -5.075000e+00 2.666000e+01
      vertex   1.192259e+01 -5.075000e+00 3.004656e+01
    endloop
  endfacet
  facet normal -2.554313e-16 1.000000e+00 5.897696e-17
    outer loop
      vertex   1.192259e+01 -5.075000e+00 3.004656e+01
      vertex   1.809500e+01 -5.075000e+00 2.666000e+01
      vertex   1.178189e+01 -5.075000e+00 2.943721e+01
    endloop
  endfacet
  facet normal -2.603818e-16 1.000000e+00 4.772365e-17
    outer loop
      vertex   1.178189e+01 -5.075000e+00 2.943721e+01
      vertex   1.809500e+01 -5.075000e+00 2.666000e+01
      vertex   1.166915e+01 -5.075000e+00 2.882208e+01
    endloop
  endfacet
  facet normal -2.643034e-16 1.000000e+00 3.606832e-17
    outer loop
      vertex   1.166915e+01 -5.075000e+00 2.882208e+01
      vertex   1.809500e+01 -5.075000e+00 2.666000e+01
      vertex   1.158459e+01 -5.075000e+00 2.820245e+01
    endloop
  endfacet
  facet normal -2.671382e-16 1.000000e+00 2.410329e-17
    outer loop
      vertex   1.158459e+01 -5.075000e+00 2.820245e+01
      vertex   1.809500e+01 -5.075000e+00 2.666000e+01
      vertex   1.152839e+01 -5.075000e+00 2.757960e+01
    endloop
  endfacet
  facet normal -2.688432e-16 1.000000e+00 1.192846e-17
    outer loop
      vertex   1.152839e+01 -5.075000e+00 2.757960e+01
      vertex   1.809500e+01 -5.075000e+00 2.666000e+01
      vertex   1.150067e+01 -5.075000e+00 2.695484e+01
    endloop
  endfacet
  facet normal -4.480319e-16 1.000000e+00 -3.995812e-15
    outer loop
      vertex   1.150067e+01 -5.075000e+00 2.695484e+01
      vertex   1.809500e+01 -5.075000e+00 2.666000e+01
      vertex   1.810902e+01 -5.075000e+00 2.621387e+01
    endloop
  endfacet
  facet normal 0.000000e+00 1.000000e+00 0.000000e+00
    outer loop
      vertex   1.150067e+01 -5.075000e+00 2.695484e+01
      vertex   1.810902e+01 -5.075000e+00 2.621387e+01
      vertex   1.815103e+01 -5.075000e+00 2.576951e+01
    endloop
  endfacet
  facet normal 0.000000e+00 1.000000e+00 0.000000e+00
    outer loop
      vertex   1.815103e+01 -5.075000e+00 2.576951e+01
      vertex   1.822085e+01 -5.075000e+00 2.532866e+01
      vertex   1.150067e+01 -5.075000e+00 2.695484e+01
    endloop
  endfacet
  facet normal 0.000000e+00 1.000000e+00 0.000000e+00
    outer loop
      vertex   1.150067e+01 -5.075000e+00 2.695484e+01
      vertex   1.822085e+01 -5.075000e+00 2.532866e+01
      vertex   1.831822e+01 -5.075000e+00 2.489306e+01
    endloop
  endfacet
  facet normal 0.000000e+00 1.000000e+00 0.000000e+00
    outer loop
      vertex   1.150067e+01 -5.075000e+00 2.695484e+01
      vertex   1.831822e+01 -5.075000e+00 2.489306e+01
      vertex   1.844274e+01 -5.075000e+00 2.446443e+01
    endloop
  endfacet
  facet normal 0.000000e+00 1.000000e+00 0.000000e+00
    outer loop
      vertex   1.844274e+01 -5.075000e+00 2.446443e+01
      vertex   1.859394e+01 -5.075000e+00 2.404447e+01
      vertex   1.150067e+01 -5.075000e+00 2.695484e+01
    endloop
  endfacet
  facet normal 0.000000e+00 1.000000e+00 0.000000e+00
    outer loop
      vertex   1.150067e+01 -5.075000e+00 2.695484e+01
      vertex   1.859394e+01 -5.075000e+00 2.404447e+01
      vertex   1.877120e+01 -5.075000e+00 2.363484e+01
    endloop
  endfacet
  facet normal 0.000000e+00 1.000000e+00 0.000000e+00
    outer loop
      vertex   1.150067e+01 -5.075000e+00 2.695484e+01
      vertex   1.877120e+01 -5.075000e+00 2.363484e+01
      vertex   1.897384e+01 -5.075000e+00 2.323714e+01
    endloop
  endfacet
  facet normal 0.000000e+00 1.000000e+00 0.000000e+00
    outer loop
      vertex   1.150067e+01 -5.075000e+00 2.695484e+01
      vertex   1.897384e+01 -5.075000e+00 2.323714e+01
      vertex   1.860567e+01 -5.075000e+00 1.464862e+01
    endloop
  endfacet
  facet normal 0.000000e+00 1.000000e+00 0.000000e+00
    outer loop
      vertex   1.860567e+01 -5.075000e+00 1.464862e+01
      vertex   1.897384e+01 -5.075000e+00 2.323714e+01
      vertex   1.920105e+01 -5.075000e+00 2.285295e+01
    endloop
  endfacet
  facet normal 0.000000e+00 1.000000e+00 0.000000e+00
    outer loop
      vertex   1.860567e+01 -5.075000e+00 1.464862e+01
      vertex   1.920105e+01 -5.075000e+00 2.285295e+01
      vertex   1.945193e+01 -5.075000e+00 2.248379e+01
    endloop
  endfacet
  facet normal 0.000000e+00 1.000000e+00 0.000000e+00
    outer loop
      vertex   1.945193e+01 -5.075000e+00 2.248379e+01
      vertex   1.972550e+01 -5.075000e+00 2.213110e+01
      vertex   1.860567e+01 -5.075000e+00 1.464862e+01
    endloop
  endfacet
  facet normal 0.000000e+00 1.000000e+00 0.000000e+00
    outer loop
      vertex   1.860567e+01 -5.075000e+00 1.464862e+01
      vertex   1.972550e+01 -5.075000e+00 2.213110e+01
      vertex   2.002068e+01 -5.075000e+00 2.179629e+01
    endloop
  endfacet
  facet normal 0.000000e+00 1.000000e+00 0.000000e+00
    outer loop
      vertex   1.860567e+01 -5.075000e+00 1.464862e+01
      vertex   2.002068e+01 -5.075000e+00 2.179629e+01
      vertex   2.033629e+01 -5.075000e+00 2.148068e+01
    endloop
  endfacet
  facet normal 0.000000e+00 1.000000e+00 0.000000e+00
    outer loop
      vertex   2.033629e+01 -5.075000e+00 2.148068e+01
      vertex   2.067110e+01 -5.075000e+00 2.118550e+01
      vertex   1.860567e+01 -5.075000e+00 1.464862e+01
    endloop
  endfacet
  facet normal 0.000000e+00 1.000000e+00 0.000000e+00
    outer loop
      vertex   1.860567e+01 -5.075000e+00 1.464862e+01
      vertex   2.067110e+01 -5.075000e+00 2.118550e+01
      vertex   2.102379e+01 -5.075000e+00 2.091193e+01
    endloop
  endfacet
  facet normal 0.000000e+00 1.000000e+00 0.000000e+00
    outer loop
      vertex   1.860567e+01 -5.075000e+00 1.464862e+01
      vertex   2.102379e+01 -5.075000e+00 2.091193e+01
      vertex   2.139295e+01 -5.075000e+00 2.066105e+01
    endloop
  endfacet
  facet normal 0.000000e+00 1.000000e+00 0.000000e+00
    outer loop
      vertex   2.139295e+01 -5.075000e+00 2.066105e+01
      vertex   2.177714e+01 -5.075000e+00 2.043384e+01
      vertex   1.860567e+01 -5.075000e+00 1.464862e+01
    endloop
  endfacet
  facet normal -0.000000e+00 1.000000e+00 0.000000e+00
    outer loop
      vertex   1.860567e+01 -5.075000e+00 1.464862e+01
      vertex   2.177714e+01 -5.075000e+00 2.043384e+01
      vertex   1.916059e+01 -5.075000e+00 1.436024e+01
    endloop
  endfacet
  facet normal -0.000000e+00 1.000000e+00 0.000000e+00
    outer loop
      vertex   1.916059e+01 -5.075000e+00 1.436024e+01
      vertex   2.177714e+01 -5.075000e+00 2.043384e+01
      vertex   1.972809e+01 -5.075000e+00 1.409749e+01
    endloop
  endfacet
  facet normal 0.000000e+00 1.000000e+00 0.000000e+00
    outer loop
      vertex   1.972809e+01 -5.075000e+00 1.409749e+01
      vertex   2.177714e+01 -5.075000e+00 2.043384e+01
      vertex   2.217484e+01 -5.075000e+00 2.023120e+01
    endloop
  endfacet
  facet normal -0.000000e+00 1.000000e+00 0.000000e+00
    outer loop
      vertex   1.972809e+01 -5.075000e+00 1.409749e+01
      vertex   2.217484e+01 -5.075000e+00 2.023120e+01
      vertex   2.030699e+01 -5.075000e+00 1.386090e+01
    endloop
  endfacet
  facet normal 0.000000e+00 1.000000e+00 0.000000e+00
    outer loop
      vertex   2.030699e+01 -5.075000e+00 1.386090e+01
      vertex   2.217484e+01 -5.075000e+00 2.023120e+01
      vertex   2.258448e+01 -5.075000e+00 2.005394e+01
    endloop
  endfacet
  facet normal -0.000000e+00 1.000000e+00 0.000000e+00
    outer loop
      vertex   2.030699e+01 -5.075000e+00 1.386090e+01
      vertex   2.258448e+01 -5.075000e+00 2.005394e+01
      vertex   2.089608e+01 -5.075000e+00 1.365097e+01
    endloop
  endfacet
  facet normal 0.000000e+00 1.000000e+00 0.000000e+00
    outer loop
      vertex   2.089608e+01 -5.075000e+00 1.365097e+01
      vertex   2.258448e+01 -5.075000e+00 2.005394e+01
      vertex   2.300443e+01 -5.075000e+00 1.990274e+01
    endloop
  endfacet
  facet normal -0.000000e+00 1.000000e+00 0.000000e+00
    outer loop
      vertex   2.089608e+01 -5.075000e+00 1.365097e+01
      vertex   2.300443e+01 -5.075000e+00 1.990274e+01
      vertex   2.149414e+01 -5.075000e+00 1.346814e+01
    endloop
  endfacet
  facet normal -0.000000e+00 1.000000e+00 0.000000e+00
    outer loop
      vertex   2.149414e+01 -5.075000e+00 1.346814e+01
      vertex   2.300443e+01 -5.075000e+00 1.990274e+01
      vertex   2.209991e+01 -5.075000e+00 1.331279e+01
    endloop
  endfacet
  facet normal 0.000000e+00 1.000000e+00 0.000000e+00
    outer loop
      vertex   2.209991e+01 -5.075000e+00 1.331279e+01
      vertex   2.300443e+01 -5.075000e+00 1.990274e+01
      vertex   2.343306e+01 -5.075000e+00 1.977822e+01
    endloop
  endfacet
  facet normal -0.000000e+00 1.000000e+00 0.000000e+00
    outer loop
      vertex   2.209991e+01 -5.075000e+00 1.331279e+01
      vertex   2.343306e+01 -5.075000e+00 1.977822e+01
      vertex   2.271215e+01 -5.075000e+00 1.318524e+01
    endloop
  endfacet
  facet normal 0.000000e+00 1.000000e+00 0.000000e+00
    outer loop
      vertex   2.271215e+01 -5.075000e+00 1.318524e+01
      vertex   2.343306e+01 -5.075000e+00 1.977822e+01
      vertex   2.386866e+01 -5.075000e+00 1.968085e+01
    endloop
  endfacet
  facet normal -0.000000e+00 1.000000e+00 0.000000e+00
    outer loop
      vertex   2.271215e+01 -5.075000e+00 1.318524e+01
      vertex   2.386866e+01 -5.075000e+00 1.968085e+01
      vertex   2.332956e+01 -5.075000e+00 1.308576e+01
    endloop
  endfacet
  facet normal -0.000000e+00 1.000000e+00 0.000000e+00
    outer loop
      vertex   2.332956e+01 -5.075000e+00 1.308576e+01
      vertex   2.386866e+01 -5.075000e+00 1.968085e+01
      vertex   2.395087e+01 -5.075000e+00 1.301455e+01
    endloop
  endfacet
  facet normal 0.000000e+00 1.000000e+00 -0.000000e+00
    outer loop
      vertex   2.395087e+01 -5.075000e+00 1.301455e+01
      vertex   2.386866e+01 -5.075000e+00 1.968085e+01
      vertex   2.430951e+01 -5.075000e+00 1.961102e+01
    endloop
  endfacet
  facet normal -0.000000e+00 1.000000e+00 0.000000e+00
    outer loop
      vertex   2.395087e+01 -5.075000e+00 1.301455e+01
      vertex   2.430951e+01 -5.075000e+00 1.961102e+01
      vertex   2.457479e+01 -5.075000e+00 1.297177e+01
    endloop
  endfacet
  facet normal 0.000000e+00 1.000000e+00 -0.000000e+00
    outer loop
      vertex   2.457479e+01 -5.075000e+00 1.297177e+01
      vertex   2.430951e+01 -5.075000e+00 1.961102e+01
      vertex   2.475387e+01 -5.075000e+00 1.956902e+01
    endloop
  endfacet
  facet normal -0.000000e+00 1.000000e+00 0.000000e+00
    outer loop
      vertex   2.457479e+01 -5.075000e+00 1.297177e+01
      vertex   2.475387e+01 -5.075000e+00 1.956902e+01
      vertex   2.520000e+01 -5.075000e+00 1.295750e+01
    endloop
  endfacet
  facet normal 0.000000e+00 1.000000e+00 0.000000e+00
    outer loop
      vertex   2.520000e+01 -5.075000e+00 1.295750e+01
      vertex   2.475387e+01 -5.075000e+00 1.956902e+01
      vertex   2.520000e+01 -5.075000e+00 1.955500e+01
    endloop
  endfacet
  facet normal 0.000000e+00 1.000000e+00 -0.000000e+00
    outer loop
      vertex   2.520000e+01 -5.075000e+00 1.295750e+01
      vertex   2.520000e+01 -5.075000e+00 1.955500e+01
      vertex   2.582521e+01 -5.075000e+00 1.297177e+01
    endloop
  endfacet
  facet normal 0.000000e+00 1.000000e+00 0.000000e+00
    outer loop
      vertex   2.582521e+01 -5.075000e+00 1.297177e+01
      vertex   2.520000e+01 -5.075000e+00 1.955500e+01
      vertex   2.564613e+01 -5.075000e+00 1.956902e+01
    endloop
  endfacet
  facet normal 0.000000e+00 1.000000e+00 -0.000000e+00
    outer loop
      vertex   2.582521e+01 -5.075000e+00 1.297177e+01
      vertex   2.564613e+01 -5.075000e+00 1.956902e+01
      vertex   2.644913e+01 -5.075000e+00 1.301455e+01
    endloop
  endfacet
  facet normal 0.000000e+00 1.000000e+00 -0.000000e+00
    outer loop
      vertex   2.644913e+01 -5.075000e+00 1.301455e+01
      vertex   2.564613e+01 -5.075000e+00 1.956902e+01
      vertex   2.707044e+01 -5.075000e+00 1.308576e+01
    endloop
  endfacet
  facet normal 0.000000e+00 1.000000e+00 0.000000e+00
    outer loop
      vertex   2.707044e+01 -5.075000e+00 1.308576e+01
      vertex   2.564613e+01 -5.075000e+00 1.956902e+01
      vertex   2.609049e+01 -5.075000e+00 1.961102e+01
    endloop
  endfacet
  facet normal 0.000000e+00 1.000000e+00 -0.000000e+00
    outer loop
      vertex   2.707044e+01 -5.075000e+00 1.308576e+01
      vertex   2.609049e+01 -5.075000e+00 1.961102e+01
      vertex   2.768785e+01 -5.075000e+00 1.318524e+01
    endloop
  endfacet
  facet normal 0.000000e+00 1.000000e+00 0.000000e+00
    outer loop
      vertex   2.768785e+01 -5.075000e+00 1.318524e+01
      vertex   2.609049e+01 -5.075000e+00 1.961102e+01
      vertex   2.653134e+01 -5.075000e+00 1.968085e+01
    endloop
  endfacet
  facet normal 0.000000e+00 1.000000e+00 -0.000000e+00
    outer loop
      vertex   2.768785e+01 -5.075000e+00 1.318524e+01
      vertex   2.653134e+01 -5.075000e+00 1.968085e+01
      vertex   2.830009e+01 -5.075000e+00 1.331279e+01
    endloop
  endfacet
  facet normal 0.000000e+00 1.000000e+00 0.000000e+00
    outer loop
      vertex   2.830009e+01 -5.075000e+00 1.331279e+01
      vertex   2.653134e+01 -5.075000e+00 1.968085e+01
      vertex   2.696694e+01 -5.075000e+00 1.977822e+01
    endloop
  endfacet
  facet normal 0.000000e+00 1.000000e+00 -0.000000e+00
    outer loop
      vertex   2.830009e+01 -5.075000e+00 1.331279e+01
      vertex   2.696694e+01 -5.075000e+00 1.977822e+01
      vertex   2.890586e+01 -5.075000e+00 1.346814e+01
    endloop
  endfacet
  facet normal 0.000000e+00 1.000000e+00 -0.000000e+00
    outer loop
      vertex   2.890586e+01 -5.075000e+00 1.346814e+01
      vertex   2.696694e+01 -5.075000e+00 1.977822e+01
      vertex   2.950392e+01 -5.075000e+00 1.365097e+01
    endloop
  endfacet
  facet normal 0.000000e+00 1.000000e+00 0.000000e+00
    outer loop
      vertex   2.950392e+01 -5.075000e+00 1.365097e+01
      vertex   2.696694e+01 -5.075000e+00 1.977822e+01
      vertex   2.739557e+01 -5.075000e+00 1.990274e+01
    endloop
  endfacet
  facet normal 0.000000e+00 1.000000e+00 -0.000000e+00
    outer loop
      vertex   2.950392e+01 -5.075000e+00 1.365097e+01
      vertex   2.739557e+01 -5.075000e+00 1.990274e+01
      vertex   3.009301e+01 -5.075000e+00 1.386090e+01
    endloop
  endfacet
  facet normal 0.000000e+00 1.000000e+00 0.000000e+00
    outer loop
      vertex   3.009301e+01 -5.075000e+00 1.386090e+01
      vertex   2.739557e+01 -5.075000e+00 1.990274e+01
      vertex   2.781552e+01 -5.075000e+00 2.005394e+01
    endloop
  endfacet
  facet normal 0.000000e+00 1.000000e+00 -0.000000e+00
    outer loop
      vertex   3.009301e+01 -5.075000e+00 1.386090e+01
      vertex   2.781552e+01 -5.075000e+00 2.005394e+01
      vertex   3.067191e+01 -5.075000e+00 1.409749e+01
    endloop
  endfacet
  facet normal 0.000000e+00 1.000000e+00 0.000000e+00
    outer loop
      vertex   3.067191e+01 -5.075000e+00 1.409749e+01
      vertex   2.781552e+01 -5.075000e+00 2.005394e+01
      vertex   2.822516e+01 -5.075000e+00 2.023120e+01
    endloop
  endfacet
  facet normal 0.000000e+00 1.000000e+00 -0.000000e+00
    outer loop
      vertex   3.067191e+01 -5.075000e+00 1.409749e+01
      vertex   2.822516e+01 -5.075000e+00 2.023120e+01
      vertex   3.123941e+01 -5.075000e+00 1.436024e+01
    endloop
  endfacet
  facet normal 0.000000e+00 1.000000e+00 0.000000e+00
    outer loop
      vertex   3.123941e+01 -5.075000e+00 1.436024e+01
      vertex   2.822516e+01 -5.075000e+00 2.023120e+01
      vertex   2.862286e+01 -5.075000e+00 2.043384e+01
    endloop
  endfacet
  facet normal 0.000000e+00 1.000000e+00 -0.000000e+00
    outer loop
      vertex   3.123941e+01 -5.075000e+00 1.436024e+01
      vertex   2.862286e+01 -5.075000e+00 2.043384e+01
      vertex   3.179433e+01 -5.075000e+00 1.464862e+01
    endloop
  endfacet
  facet normal 0.000000e+00 1.000000e+00 0.000000e+00
    outer loop
      vertex   3.179433e+01 -5.075000e+00 1.464862e+01
      vertex   2.862286e+01 -5.075000e+00 2.043384e+01
      vertex   2.900705e+01 -5.075000e+00 2.066105e+01
    endloop
  endfacet
  facet normal 0.000000e+00 1.000000e+00 0.000000e+00
    outer loop
      vertex   3.179433e+01 -5.075000e+00 1.464862e+01
      vertex   2.900705e+01 -5.075000e+00 2.066105e+01
      vertex   2.937621e+01 -5.075000e+00 2.091193e+01
    endloop
  endfacet
  facet normal -0.000000e+00 1.000000e+00 0.000000e+00
    outer loop
      vertex   2.937621e+01 -5.075000e+00 2.091193e+01
      vertex   2.972890e+01 -5.075000e+00 2.118550e+01
      vertex   3.179433e+01 -5.075000e+00 1.464862e+01
    endloop
  endfacet
  facet normal 0.000000e+00 1.000000e+00 0.000000e+00
    outer loop
      vertex   3.179433e+01 -5.075000e+00 1.464862e+01
      vertex   2.972890e+01 -5.075000e+00 2.118550e+01
      vertex   3.006371e+01 -5.075000e+00 2.148068e+01
    endloop
  endfacet
  facet normal 0.000000e+00 1.000000e+00 0.000000e+00
    outer loop
      vertex   3.179433e+01 -5.075000e+00 1.464862e+01
      vertex   3.006371e+01 -5.075000e+00 2.148068e+01
      vertex   3.037932e+01 -5.075000e+00 2.179629e+01
    endloop
  endfacet
  facet normal -0.000000e+00 1.000000e+00 0.000000e+00
    outer loop
      vertex   3.037932e+01 -5.075000e+00 2.179629e+01
      vertex   3.067450e+01 -5.075000e+00 2.213110e+01
      vertex   3.179433e+01 -5.075000e+00 1.464862e+01
    endloop
  endfacet
  facet normal 0.000000e+00 1.000000e+00 0.000000e+00
    outer loop
      vertex   3.179433e+01 -5.075000e+00 1.464862e+01
      vertex   3.067450e+01 -5.075000e+00 2.213110e+01
      vertex   3.094807e+01 -5.075000e+00 2.248379e+01
    endloop
  endfacet
  facet normal 0.000000e+00 1.000000e+00 0.000000e+00
    outer loop
      vertex   3.179433e+01 -5.075000e+00 1.464862e+01
      vertex   3.094807e+01 -5.075000e+00 2.248379e+01
      vertex   3.119895e+01 -5.075000e+00 2.285295e+01
    endloop
  endfacet
  facet normal -0.000000e+00 1.000000e+00 0.000000e+00
    outer loop
      vertex   3.119895e+01 -5.075000e+00 2.285295e+01
      vertex   3.142616e+01 -5.075000e+00 2.323714e+01
      vertex   3.179433e+01 -5.075000e+00 1.464862e+01
    endloop
  endfacet
  facet normal 0.000000e+00 1.000000e+00 -0.000000e+00
    outer loop
      vertex   3.179433e+01 -5.075000e+00 1.464862e+01
      vertex   3.142616e+01 -5.075000e+00 2.323714e+01
      vertex   3.889933e+01 -5.075000e+00 2.695484e+01
    endloop
  endfacet
  facet normal 0.000000e+00 1.000000e+00 0.000000e+00
    outer loop
      vertex   3.889933e+01 -5.075000e+00 2.695484e+01
      vertex   3.142616e+01 -5.075000e+00 2.323714e+01
      vertex   3.162880e+01 -5.075000e+00 2.363484e+01
    endloop
  endfacet
  facet normal 0.000000e+00 1.000000e+00 0.000000e+00
    outer loop
      vertex   3.889933e+01 -5.075000e+00 2.695484e+01
      vertex   3.162880e+01 -5.075000e+00 2.363484e+01
      vertex   3.180606e+01 -5.075000e+00 2.404447e+01
    endloop
  endfacet
  facet normal 0.000000e+00 1.000000e+00 0.000000e+00
    outer loop
      vertex   3.180606e+01 -5.075000e+00 2.404447e+01
      vertex   3.195726e+01 -5.075000e+00 2.446443e+01
      vertex   3.889933e+01 -5.075000e+00 2.695484e+01
    endloop
  endfacet
  facet normal 0.000000e+00 1.000000e+00 0.000000e+00
    outer loop
      vertex   3.889933e+01 -5.075000e+00 2.695484e+01
      vertex   3.195726e+01 -5.075000e+00 2.446443e+01
      vertex   3.208178e+01 -5.075000e+00 2.489306e+01
    endloop
  endfacet
  facet normal 0.000000e+00 1.000000e+00 0.000000e+00
    outer loop
      vertex   3.889933e+01 -5.075000e+00 2.695484e+01
      vertex   3.208178e+01 -5.075000e+00 2.489306e+01
      vertex   3.217915e+01 -5.075000e+00 2.532866e+01
    endloop
  endfacet
  facet normal 0.000000e+00 1.000000e+00 0.000000e+00
    outer loop
      vertex   3.217915e+01 -5.075000e+00 2.532866e+01
      vertex   3.224897e+01 -5.075000e+00 2.576951e+01
      vertex   3.889933e+01 -5.075000e+00 2.695484e+01
    endloop
  endfacet
  facet normal 0.000000e+00 1.000000e+00 0.000000e+00
    outer loop
      vertex   3.889933e+01 -5.075000e+00 2.695484e+01
      vertex   3.224897e+01 -5.075000e+00 2.576951e+01
      vertex   3.229098e+01 -5.075000e+00 2.621387e+01
    endloop
  endfacet
  facet normal 4.480319e-16 1.000000e+00 -3.995812e-15
    outer loop
      vertex   3.889933e+01 -5.075000e+00 2.695484e+01
      vertex   3.229098e+01 -5.075000e+00 2.621387e+01
      vertex   3.230500e+01 -5.075000e+00 2.666000e+01
    endloop
  endfacet
  facet normal 9.673764e-17 1.000000e+00 1.516109e-16
    outer loop
      vertex   3.230500e+01 -5.075000e+00 3.837655e+01
      vertex   3.283220e+01 -5.075000e+00 3.804016e+01
      vertex   3.230500e+01 -5.075000e+00 2.666000e+01
    endloop
  endfacet
  facet normal 1.064572e-16 1.000000e+00 1.511607e-16
    outer loop
      vertex   3.230500e+01 -5.075000e+00 2.666000e+01
      vertex   3.283220e+01 -5.075000e+00 3.804016e+01
      vertex   3.334350e+01 -5.075000e+00 3.768007e+01
    endloop
  endfacet
  facet normal 1.164031e-16 1.000000e+00 1.502234e-16
    outer loop
      vertex   3.230500e+01 -5.075000e+00 2.666000e+01
      vertex   3.334350e+01 -5.075000e+00 3.768007e+01
      vertex   3.383784e+01 -5.075000e+00 3.729702e+01
    endloop
  endfacet
  facet normal 1.265441e-16 1.000000e+00 1.487620e-16
    outer loop
      vertex   3.383784e+01 -5.075000e+00 3.729702e+01
      vertex   3.431419e+01 -5.075000e+00 3.689181e+01
      vertex   3.230500e+01 -5.075000e+00 2.666000e+01
    endloop
  endfacet
  facet normal 1.368431e-16 1.000000e+00 1.467397e-16
    outer loop
      vertex   3.230500e+01 -5.075000e+00 2.666000e+01
      vertex   3.431419e+01 -5.075000e+00 3.689181e+01
      vertex   3.477155e+01 -5.075000e+00 3.646530e+01
    endloop
  endfacet
  facet normal 1.472555e-16 1.000000e+00 1.441204e-16
    outer loop
      vertex   3.230500e+01 -5.075000e+00 2.666000e+01
      vertex   3.477155e+01 -5.075000e+00 3.646530e+01
      vertex   3.520898e+01 -5.075000e+00 3.601836e+01
    endloop
  endfacet
  facet normal 1.577299e-16 1.000000e+00 1.408701e-16
    outer loop
      vertex   3.520898e+01 -5.075000e+00 3.601836e+01
      vertex   3.562556e+01 -5.075000e+00 3.555192e+01
      vertex   3.230500e+01 -5.075000e+00 2.666000e+01
    endloop
  endfacet
  facet normal 1.682071e-16 1.000000e+00 1.369575e-16
    outer loop
      vertex   3.230500e+01 -5.075000e+00 2.666000e+01
      vertex   3.562556e+01 -5.075000e+00 3.555192e+01
      vertex   3.602042e+01 -5.075000e+00 3.506697e+01
    endloop
  endfacet
  facet normal 1.786204e-16 1.000000e+00 1.323554e-16
    outer loop
      vertex   3.230500e+01 -5.075000e+00 2.666000e+01
      vertex   3.602042e+01 -5.075000e+00 3.506697e+01
      vertex   3.639274e+01 -5.075000e+00 3.456450e+01
    endloop
  endfacet
  facet normal 1.888957e-16 1.000000e+00 1.270417e-16
    outer loop
      vertex   3.639274e+01 -5.075000e+00 3.456450e+01
      vertex   3.674175e+01 -5.075000e+00 3.404557e+01
      vertex   3.230500e+01 -5.075000e+00 2.666000e+01
    endloop
  endfacet
  facet normal 1.989517e-16 1.000000e+00 1.210007e-16
    outer loop
      vertex   3.230500e+01 -5.075000e+00 2.666000e+01
      vertex   3.674175e+01 -5.075000e+00 3.404557e+01
      vertex   3.706671e+01 -5.075000e+00 3.351125e+01
    endloop
  endfacet
  facet normal 2.087012e-16 1.000000e+00 1.142246e-16
    outer loop
      vertex   3.230500e+01 -5.075000e+00 2.666000e+01
      vertex   3.706671e+01 -5.075000e+00 3.351125e+01
      vertex   3.736696e+01 -5.075000e+00 3.296266e+01
    endloop
  endfacet
  facet normal 2.180516e-16 1.000000e+00 1.067149e-16
    outer loop
      vertex   3.736696e+01 -5.075000e+00 3.296266e+01
      vertex   3.764187e+01 -5.075000e+00 3.240095e+01
      vertex   3.230500e+01 -5.075000e+00 2.666000e+01
    endloop
  endfacet
  facet normal 2.269067e-16 1.000000e+00 9.848309e-17
    outer loop
      vertex   3.230500e+01 -5.075000e+00 2.666000e+01
      vertex   3.764187e+01 -5.075000e+00 3.240095e+01
      vertex   3.789086e+01 -5.075000e+00 3.182727e+01
    endloop
  endfacet
  facet normal 2.351684e-16 1.000000e+00 8.955215e-17
    outer loop
      vertex   3.230500e+01 -5.075000e+00 2.666000e+01
      vertex   3.789086e+01 -5.075000e+00 3.182727e+01
      vertex   3.811341e+01 -5.075000e+00 3.124283e+01
    endloop
  endfacet
  facet normal 2.427389e-16 1.000000e+00 7.995710e-17
    outer loop
      vertex   3.811341e+01 -5.075000e+00 3.124283e+01
      vertex   3.830906e+01 -5.075000e+00 3.064885e+01
      vertex   3.230500e+01 -5.075000e+00 2.666000e+01
    endloop
  endfacet
  facet normal 2.495231e-16 1.000000e+00 6.974540e-17
    outer loop
      vertex   3.230500e+01 -5.075000e+00 2.666000e+01
      vertex   3.830906e+01 -5.075000e+00 3.064885e+01
      vertex   3.847741e+01 -5.075000e+00 3.004656e+01
    endloop
  endfacet
  facet normal 2.554313e-16 1.000000e+00 5.897696e-17
    outer loop
      vertex   3.230500e+01 -5.075000e+00 2.666000e+01
      vertex   3.847741e+01 -5.075000e+00 3.004656e+01
      vertex   3.861811e+01 -5.075000e+00 2.943721e+01
    endloop
  endfacet
  facet normal 2.603818e-16 1.000000e+00 4.772365e-17
    outer loop
      vertex   3.861811e+01 -5.075000e+00 2.943721e+01
      vertex   3.873085e+01 -5.075000e+00 2.882208e+01
      vertex   3.230500e+01 -5.075000e+00 2.666000e+01
    endloop
  endfacet
  facet normal 2.643034e-16 1.000000e+00 3.606832e-17
    outer loop
      vertex   3.230500e+01 -5.075000e+00 2.666000e+01
      vertex   3.873085e+01 -5.075000e+00 2.882208e+01
      vertex   3.881541e+01 -5.075000e+00 2.820245e+01
    endloop
  endfacet
  facet normal 2.671382e-16 1.000000e+00 2.410329e-17
    outer loop
      vertex   3.230500e+01 -5.075000e+00 2.666000e+01
      vertex   3.881541e+01 -5.075000e+00 2.820245e+01
      vertex   3.887161e+01 -5.075000e+00 2.757960e+01
    endloop
  endfacet
  facet normal 2.688432e-16 1.000000e+00 1.192846e-17
    outer loop
      vertex   3.887161e+01 -5.075000e+00 2.757960e+01
      vertex   3.889933e+01 -5.075000e+00 2.695484e+01
      vertex   3.230500e+01 -5.075000e+00 2.666000e+01
    endloop
  endfacet
  facet normal -9.094272e-01 5.183660e-16 4.158631e-01
    outer loop
      vertex   3.230500e+01 -6.765459e+00 4.099045e+01
      vertex   3.245815e+01 -6.574078e+00 4.132536e+01
      vertex   3.230500e+01 2.220446e-15 4.099045e+01
    endloop
  endfacet
  facet normal -9.094272e-01 5.329316e-16 4.158631e-01
    outer loop
      vertex   3.230500e+01 2.220446e-15 4.099045e+01
      vertex   3.245815e+01 -6.574078e+00 4.132536e+01
      vertex   3.245815e+01 2.220446e-15 4.132536e+01
    endloop
  endfacet
  facet normal -8.763509e-01 4.265776e-16 4.816731e-01
    outer loop
      vertex   3.245815e+01 2.220446e-15 4.132536e+01
      vertex   3.245815e+01 -6.574078e+00 4.132536e+01
      vertex   3.263554e+01 -6.389657e+00 4.164810e+01
    endloop
  endfacet
  facet normal -8.763509e-01 -5.353203e-16 4.816731e-01
    outer loop
      vertex   3.245815e+01 2.220446e-15 4.132536e+01
      vertex   3.263554e+01 -6.389657e+00 4.164810e+01
      vertex   3.263554e+01 2.220446e-15 4.164810e+01
    endloop
  endfacet
  facet normal -8.385205e-01 -6.059065e-16 5.448701e-01
    outer loop
      vertex   3.263554e+01 2.220446e-15 4.164810e+01
      vertex   3.263554e+01 -6.389657e+00 4.164810e+01
      vertex   3.283620e+01 -6.213197e+00 4.195690e+01
    endloop
  endfacet
  facet normal -8.385205e-01 3.354520e-16 5.448701e-01
    outer loop
      vertex   3.263554e+01 2.220446e-15 4.164810e+01
      vertex   3.283620e+01 -6.213197e+00 4.195690e+01
      vertex   3.283620e+01 2.220446e-15 4.195690e+01
    endloop
  endfacet
  facet normal -8.071502e-01 2.479376e-16 5.903462e-01
    outer loop
      vertex   3.283620e+01 2.220446e-15 4.195690e+01
      vertex   3.283620e+01 -6.213197e+00 4.195690e+01
      vertex   3.294492e+01 -6.128254e+00 4.210556e+01
    endloop
  endfacet
  facet normal -7.961409e-01 5.534653e-04 6.051111e-01
    outer loop
      vertex   3.283620e+01 2.220446e-15 4.195690e+01
      vertex   3.294492e+01 -6.128254e+00 4.210556e+01
      vertex   3.305905e+01 2.220446e-15 4.225010e+01
    endloop
  endfacet
  facet normal -7.848618e-01 -5.341479e-16 6.196709e-01
    outer loop
      vertex   3.305905e+01 2.220446e-15 4.225010e+01
      vertex   3.294492e+01 -6.128254e+00 4.210556e+01
      vertex   3.305905e+01 -6.045656e+00 4.225010e+01
    endloop
  endfacet
  facet normal -7.615086e-01 -6.285490e-16 6.481549e-01
    outer loop
      vertex   3.305905e+01 2.220446e-15 4.225010e+01
      vertex   3.305905e+01 -6.045656e+00 4.225010e+01
      vertex   3.317841e+01 -5.965516e+00 4.239035e+01
    endloop
  endfacet
  facet normal -7.494424e-01 5.685637e-04 6.620694e-01
    outer loop
      vertex   3.305905e+01 2.220446e-15 4.225010e+01
      vertex   3.317841e+01 -5.965516e+00 4.239035e+01
      vertex   3.330287e+01 2.220446e-15 4.252610e+01
    endloop
  endfacet
  facet normal -7.371222e-01 8.895414e-16 6.757595e-01
    outer loop
      vertex   3.330287e+01 2.220446e-15 4.252610e+01
      vertex   3.317841e+01 -5.965516e+00 4.239035e+01
      vertex   3.330287e+01 -5.887942e+00 4.252610e+01
    endloop
  endfacet
  facet normal -7.117358e-01 8.589057e-16 7.024473e-01
    outer loop
      vertex   3.330287e+01 2.220446e-15 4.252610e+01
      vertex   3.330287e+01 -5.887942e+00 4.252610e+01
      vertex   3.343224e+01 -5.813040e+00 4.265718e+01
    endloop
  endfacet
  facet normal -6.986781e-01 5.834771e-04 7.154359e-01
    outer loop
      vertex   3.330287e+01 2.220446e-15 4.252610e+01
      vertex   3.343224e+01 -5.813040e+00 4.265718e+01
      vertex   3.356634e+01 2.220446e-15 4.278341e+01
    endloop
  endfacet
  facet normal -6.853837e-01 8.482877e-16 7.281821e-01
    outer loop
      vertex   3.356634e+01 2.220446e-15 4.278341e+01
      vertex   3.343224e+01 -5.813040e+00 4.265718e+01
      vertex   3.356634e+01 -5.740911e+00 4.278341e+01
    endloop
  endfacet
  facet normal -6.581018e-01 8.145213e-16 7.529290e-01
    outer loop
      vertex   3.356634e+01 2.220446e-15 4.278341e+01
      vertex   3.356634e+01 -5.740911e+00 4.278341e+01
      vertex   3.370501e+01 -5.671653e+00 4.290461e+01
    endloop
  endfacet
  facet normal -6.441235e-01 5.980224e-04 7.649213e-01
    outer loop
      vertex   3.356634e+01 2.220446e-15 4.278341e+01
      vertex   3.370501e+01 -5.671653e+00 4.290461e+01
      vertex   3.384804e+01 2.220446e-15 4.302062e+01
    endloop
  endfacet
  facet normal -6.299270e-01 -1.859934e-16 7.766543e-01
    outer loop
      vertex   3.384804e+01 2.220446e-15 4.302062e+01
      vertex   3.370501e+01 -5.671653e+00 4.290461e+01
      vertex   3.384804e+01 -5.605360e+00 4.302062e+01
    endloop
  endfacet
  facet normal -6.008976e-01 -2.515304e-16 7.993260e-01
    outer loop
      vertex   3.384804e+01 2.220446e-15 4.302062e+01
      vertex   3.384804e+01 -5.605360e+00 4.302062e+01
      vertex   3.399525e+01 -5.542123e+00 4.313129e+01
    endloop
  endfacet
  facet normal -5.860746e-01 6.119994e-04 8.102569e-01
    outer loop
      vertex   3.384804e+01 2.220446e-15 4.302062e+01
      vertex   3.399525e+01 -5.542123e+00 4.313129e+01
      vertex   3.414644e+01 2.220446e-15 4.323645e+01
    endloop
  endfacet
  facet normal -5.710530e-01 0.000000e+00 8.209132e-01
    outer loop
      vertex   3.414644e+01 2.220446e-15 4.323645e+01
      vertex   3.399525e+01 -5.542123e+00 4.313129e+01
      vertex   3.414644e+01 -5.482026e+00 4.323645e+01
    endloop
  endfacet
  facet normal -5.404336e-01 0.000000e+00 8.413867e-01
    outer loop
      vertex   3.414644e+01 2.220446e-15 4.323645e+01
      vertex   3.414644e+01 -5.482026e+00 4.323645e+01
      vertex   3.430140e+01 -5.425151e+00 4.333599e+01
    endloop
  endfacet
  facet normal -5.248462e-01 6.251947e-04 8.511969e-01
    outer loop
      vertex   3.414644e+01 2.220446e-15 4.323645e+01
      vertex   3.430140e+01 -5.425151e+00 4.333599e+01
      vertex   3.445991e+01 2.220446e-15 4.342974e+01
    endloop
  endfacet
  facet normal -5.090810e-01 6.734034e-16 8.607186e-01
    outer loop
      vertex   3.445991e+01 2.220446e-15 4.342974e+01
      vertex   3.430140e+01 -5.425151e+00 4.333599e+01
      vertex   3.445991e+01 -5.371576e+00 4.342974e+01
    endloop
  endfacet
  facet normal -4.770377e-01 6.310171e-16 8.788828e-01
    outer loop
      vertex   3.445991e+01 2.220446e-15 4.342974e+01
      vertex   3.445991e+01 -5.371576e+00 4.342974e+01
      vertex   3.462177e+01 -5.321373e+00 4.351760e+01
    endloop
  endfacet
  facet normal -4.607705e-01 6.373873e-04 8.875191e-01
    outer loop
      vertex   3.445991e+01 2.220446e-15 4.342974e+01
      vertex   3.462177e+01 -5.321373e+00 4.351760e+01
      vertex   3.478676e+01 2.220446e-15 4.359943e+01
    endloop
  endfacet
  facet normal -4.443472e-01 0.000000e+00 8.958547e-01
    outer loop
      vertex   3.478676e+01 2.220446e-15 4.359943e+01
      vertex   3.462177e+01 -5.321373e+00 4.351760e+01
      vertex   3.478676e+01 -5.274611e+00 4.359943e+01
    endloop
  endfacet
  facet normal -4.110539e-01 0.000000e+00 9.116111e-01
    outer loop
      vertex   3.478676e+01 2.220446e-15 4.359943e+01
      vertex   3.478676e+01 -5.274611e+00 4.359943e+01
      vertex   3.495465e+01 -5.231352e+00 4.367513e+01
    endloop
  endfacet
  facet normal -3.941951e-01 6.483554e-04 9.190265e-01
    outer loop
      vertex   3.478676e+01 2.220446e-15 4.359943e+01
      vertex   3.495465e+01 -5.231352e+00 4.367513e+01
      vertex   3.512521e+01 2.220446e-15 4.374460e+01
    endloop
  endfacet
  facet normal -3.772028e-01 0.000000e+00 9.261307e-01
    outer loop
      vertex   3.512521e+01 2.220446e-15 4.374460e+01
      vertex   3.495465e+01 -5.231352e+00 4.367513e+01
      vertex   3.512521e+01 -5.191656e+00 4.374460e+01
    endloop
  endfacet
  facet normal -3.428401e-01 0.000000e+00 9.393938e-01
    outer loop
      vertex   3.512521e+01 2.220446e-15 4.374460e+01
      vertex   3.512521e+01 -5.191656e+00 4.374460e+01
      vertex   3.529822e+01 -5.155576e+00 4.380774e+01
    endloop
  endfacet
  facet normal -3.254812e-01 6.578849e-04 9.455483e-01
    outer loop
      vertex   3.512521e+01 2.220446e-15 4.374460e+01
      vertex   3.529822e+01 -5.155576e+00 4.380774e+01
      vertex   3.547343e+01 2.220446e-15 4.386447e+01
    endloop
  endfacet
  facet normal -3.080122e-01 0.000000e+00 9.513824e-01
    outer loop
      vertex   3.547343e+01 2.220446e-15 4.386447e+01
      vertex   3.529822e+01 -5.155576e+00 4.380774e+01
      vertex   3.547343e+01 -5.123161e+00 4.386447e+01
    endloop
  endfacet
  facet normal -2.727664e-01 0.000000e+00 9.620803e-01
    outer loop
      vertex   3.547343e+01 2.220446e-15 4.386447e+01
      vertex   3.547343e+01 -5.123161e+00 4.386447e+01
      vertex   3.565062e+01 -5.094455e+00 4.391470e+01
    endloop
  endfacet
  facet normal -2.550016e-01 6.657779e-04 9.669404e-01
    outer loop
      vertex   3.547343e+01 2.220446e-15 4.386447e+01
      vertex   3.565062e+01 -5.094455e+00 4.391470e+01
      vertex   3.582953e+01 2.220446e-15 4.395838e+01
    endloop
  endfacet
  facet normal -2.371505e-01 0.000000e+00 9.714729e-01
    outer loop
      vertex   3.582953e+01 2.220446e-15 4.395838e+01
      vertex   3.565062e+01 -5.094455e+00 4.391470e+01
      vertex   3.582953e+01 -5.069498e+00 4.395838e+01
    endloop
  endfacet
  facet normal -2.012129e-01 0.000000e+00 9.795475e-01
    outer loop
      vertex   3.582953e+01 2.220446e-15 4.395838e+01
      vertex   3.582953e+01 -5.069498e+00 4.395838e+01
      vertex   3.600993e+01 -5.048323e+00 4.399544e+01
    endloop
  endfacet
  facet normal -1.831386e-01 6.718619e-04 9.830869e-01
    outer loop
      vertex   3.582953e+01 2.220446e-15 4.395838e+01
      vertex   3.600993e+01 -5.048323e+00 4.399544e+01
      vertex   3.619158e+01 2.220446e-15 4.402582e+01
    endloop
  endfacet
  facet normal -1.650023e-01 0.000000e+00 9.862932e-01
    outer loop
      vertex   3.619158e+01 2.220446e-15 4.402582e+01
      vertex   3.600993e+01 -5.048323e+00 4.399544e+01
      vertex   3.619158e+01 -5.030958e+00 4.402582e+01
    endloop
  endfacet
  facet normal -1.285679e-01 0.000000e+00 9.917007e-01
    outer loop
      vertex   3.619158e+01 2.220446e-15 4.402582e+01
      vertex   3.619158e+01 -5.030958e+00 4.402582e+01
      vertex   3.637422e+01 -5.017428e+00 4.404950e+01
    endloop
  endfacet
  facet normal -1.102821e-01 6.759989e-04 9.939001e-01
    outer loop
      vertex   3.619158e+01 2.220446e-15 4.402582e+01
      vertex   3.637422e+01 -5.017428e+00 4.404950e+01
      vertex   3.655760e+01 2.220446e-15 4.406644e+01
    endloop
  endfacet
  facet normal -9.195898e-02 0.000000e+00 9.957628e-01
    outer loop
      vertex   3.655760e+01 2.220446e-15 4.406644e+01
      vertex   3.637422e+01 -5.017428e+00 4.404950e+01
      vertex   3.655760e+01 -5.007750e+00 4.406644e+01
    endloop
  endfacet
  facet normal -5.522534e-02 0.000000e+00 9.984739e-01
    outer loop
      vertex   3.655760e+01 2.220446e-15 4.406644e+01
      vertex   3.655760e+01 -5.007750e+00 4.406644e+01
      vertex   3.674149e+01 -5.001938e+00 4.407661e+01
    endloop
  endfacet
  facet normal -1.841678e-02 0.000000e+00 9.998304e-01
    outer loop
      vertex   3.692563e+01 -5.000000e+00 4.408000e+01
      vertex   3.692563e+01 2.220446e-15 4.408000e+01
      vertex   3.674149e+01 -5.001938e+00 4.407661e+01
    endloop
  endfacet
  facet normal -3.682730e-02 6.780923e-04 9.993214e-01
    outer loop
      vertex   3.674149e+01 -5.001938e+00 4.407661e+01
      vertex   3.692563e+01 2.220446e-15 4.408000e+01
      vertex   3.655760e+01 2.220446e-15 4.406644e+01
    endloop
  endfacet
  facet normal -1.000000e+00 1.824489e-15 -1.538392e-15
    outer loop
      vertex   3.230500e+01 -1.495429e+01 2.666000e+01
      vertex   3.230500e+01 -6.765459e+00 4.099045e+01
      vertex   3.230500e+01 -5.075000e+00 3.837655e+01
    endloop
  endfacet
  facet normal -1.000000e+00 1.050251e-15 -2.039107e-15
    outer loop
      vertex   3.230500e+01 -5.075000e+00 3.837655e+01
      vertex   3.230500e+01 -6.765459e+00 4.099045e+01
      vertex   3.230500e+01 2.220446e-15 4.099045e+01
    endloop
  endfacet
  facet normal -1.000000e+00 0.000000e+00 0.000000e+00
    outer loop
      vertex   3.230500e+01 -5.075000e+00 3.837655e+01
      vertex   3.230500e+01 2.220446e-15 4.099045e+01
      vertex   3.230500e+01 2.220446e-15 3.837655e+01
    endloop
  endfacet
  facet normal -1.000000e+00 0.000000e+00 -0.000000e+00
    outer loop
      vertex   3.230500e+01 -5.075000e+00 3.837655e+01
      vertex   3.230500e+01 -5.075000e+00 2.666000e+01
      vertex   3.230500e+01 -1.495429e+01 2.666000e+01
    endloop
  endfacet
  facet normal 1.000000e+00 0.000000e+00 -0.000000e+00
    outer loop
      vertex   1.809500e+01 2.220446e-15 3.837655e+01
      vertex   1.809500e+01 2.220446e-15 4.099106e+01
      vertex   1.809500e+01 -5.075000e+00 3.837655e+01
    endloop
  endfacet
  facet normal 1.000000e+00 -6.301831e-15 1.223240e-14
    outer loop
      vertex   1.809500e+01 -5.075000e+00 3.837655e+01
      vertex   1.809500e+01 2.220446e-15 4.099106e+01
      vertex   1.809500e+01 -6.765108e+00 4.099106e+01
    endloop
  endfacet
  facet normal 1.000000e+00 -1.359269e-14 7.519349e-15
    outer loop
      vertex   1.809500e+01 -5.075000e+00 3.837655e+01
      vertex   1.809500e+01 -6.765108e+00 4.099106e+01
      vertex   1.809500e+01 -1.495429e+01 2.666000e+01
    endloop
  endfacet
  facet normal 1.000000e+00 0.000000e+00 -3.941885e-15
    outer loop
      vertex   1.809500e+01 -1.495429e+01 2.666000e+01
      vertex   1.809500e+01 -5.075000e+00 2.666000e+01
      vertex   1.809500e+01 -5.075000e+00 3.837655e+01
    endloop
  endfacet
  facet normal 8.660254e-01 0.000000e+00 5.000000e-01
    outer loop
      vertex   1.860567e+01 2.220446e-15 1.464862e+01
      vertex   1.150067e+01 2.220446e-15 2.695484e+01
      vertex   1.860567e+01 -5.075000e+00 1.464862e+01
    endloop
  endfacet
  facet normal 8.660254e-01 6.607530e-17 5.000000e-01
    outer loop
      vertex   1.860567e+01 -5.075000e+00 1.464862e+01
      vertex   1.150067e+01 2.220446e-15 2.695484e+01
      vertex   1.150067e+01 -5.075000e+00 2.695484e+01
    endloop
  endfacet
  facet normal -8.660254e-01 0.000000e+00 5.000000e-01
    outer loop
      vertex   3.889933e+01 2.220446e-15 2.695484e+01
      vertex   3.179433e+01 2.220446e-15 1.464862e+01
      vertex   3.889933e+01 -5.075000e+00 2.695484e+01
    endloop
  endfacet
  facet normal -8.660254e-01 -1.782661e-17 5.000000e-01
    outer loop
      vertex   3.889933e+01 -5.075000e+00 2.695484e+01
      vertex   3.179433e+01 2.220446e-15 1.464862e+01
      vertex   3.179433e+01 -5.075000e+00 1.464862e+01
    endloop
  endfacet
  facet normal -4.611211e-01 0.000000e+00 8.873372e-01
    outer loop
      vertex   3.179433e+01 -5.075000e+00 1.464862e+01
      vertex   3.179433e+01 2.220446e-15 1.464862e+01
      vertex   3.123941e+01 -5.075000e+00 1.436024e+01
    endloop
  endfacet
  facet normal -4.611211e-01 -3.350217e-16 8.873372e-01
    outer loop
      vertex   3.123941e+01 -5.075000e+00 1.436024e+01
      vertex   3.179433e+01 2.220446e-15 1.464862e+01
      vertex   3.123941e+01 2.220446e-15 1.436024e+01
    endloop
  endfacet
  facet normal -4.201537e-01 -2.706228e-16 9.074530e-01
    outer loop
      vertex   3.123941e+01 -5.075000e+00 1.436024e+01
      vertex   3.123941e+01 2.220446e-15 1.436024e+01
      vertex   3.067191e+01 -5.075000e+00 1.409749e+01
    endloop
  endfacet
  facet normal -4.201537e-01 1.294013e-15 9.074530e-01
    outer loop
      vertex   3.067191e+01 -5.075000e+00 1.409749e+01
      vertex   3.123941e+01 2.220446e-15 1.436024e+01
      vertex   3.067191e+01 2.220446e-15 1.409749e+01
    endloop
  endfacet
  facet normal -3.783110e-01 1.355201e-15 9.256786e-01
    outer loop
      vertex   3.067191e+01 -5.075000e+00 1.409749e+01
      vertex   3.067191e+01 2.220446e-15 1.409749e+01
      vertex   3.009301e+01 -5.075000e+00 1.386090e+01
    endloop
  endfacet
  facet normal -3.783110e-01 -1.464869e-16 9.256786e-01
    outer loop
      vertex   3.009301e+01 -5.075000e+00 1.386090e+01
      vertex   3.067191e+01 2.220446e-15 1.409749e+01
      vertex   3.009301e+01 2.220446e-15 1.386090e+01
    endloop
  endfacet
  facet normal -3.356803e-01 -4.554819e-17 9.419760e-01
    outer loop
      vertex   3.009301e+01 -5.075000e+00 1.386090e+01
      vertex   3.009301e+01 2.220446e-15 1.386090e+01
      vertex   2.950392e+01 -5.075000e+00 1.365097e+01
    endloop
  endfacet
  facet normal -3.356803e-01 -5.647018e-16 9.419760e-01
    outer loop
      vertex   2.950392e+01 -5.075000e+00 1.365097e+01
      vertex   3.009301e+01 2.220446e-15 1.386090e+01
      vertex   2.950392e+01 2.220446e-15 1.365097e+01
    endloop
  endfacet
  facet normal -2.923504e-01 -5.393867e-16 9.563113e-01
    outer loop
      vertex   2.950392e+01 -5.075000e+00 1.365097e+01
      vertex   2.950392e+01 2.220446e-15 1.365097e+01
      vertex   2.890586e+01 -5.075000e+00 1.346814e+01
    endloop
  endfacet
  facet normal -2.923504e-01 -4.839013e-16 9.563113e-01
    outer loop
      vertex   2.890586e+01 -5.075000e+00 1.346814e+01
      vertex   2.950392e+01 2.220446e-15 1.365097e+01
      vertex   2.890586e+01 2.220446e-15 1.346814e+01
    endloop
  endfacet
  facet normal -2.484115e-01 -3.565447e-16 9.686546e-01
    outer loop
      vertex   2.890586e+01 -5.075000e+00 1.346814e+01
      vertex   2.890586e+01 2.220446e-15 1.346814e+01
      vertex   2.830009e+01 -5.075000e+00 1.331279e+01
    endloop
  endfacet
  facet normal -2.484115e-01 6.693514e-16 9.686546e-01
    outer loop
      vertex   2.830009e+01 -5.075000e+00 1.331279e+01
      vertex   2.890586e+01 2.220446e-15 1.346814e+01
      vertex   2.830009e+01 2.220446e-15 1.331279e+01
    endloop
  endfacet
  facet normal -2.039553e-01 7.424365e-16 9.789802e-01
    outer loop
      vertex   2.830009e+01 -5.075000e+00 1.331279e+01
      vertex   2.830009e+01 2.220446e-15 1.331279e+01
      vertex   2.768785e+01 -5.075000e+00 1.318524e+01
    endloop
  endfacet
  facet normal -2.039553e-01 -4.283318e-16 9.789802e-01
    outer loop
      vertex   2.768785e+01 -5.075000e+00 1.318524e+01
      vertex   2.830009e+01 2.220446e-15 1.331279e+01
      vertex   2.768785e+01 2.220446e-15 1.318524e+01
    endloop
  endfacet
  facet normal -1.590741e-01 -3.340757e-16 9.872666e-01
    outer loop
      vertex   2.768785e+01 -5.075000e+00 1.318524e+01
      vertex   2.768785e+01 2.220446e-15 1.318524e+01
      vertex   2.707044e+01 -5.075000e+00 1.308576e+01
    endloop
  endfacet
  facet normal -1.590741e-01 -2.227172e-16 9.872666e-01
    outer loop
      vertex   2.707044e+01 -5.075000e+00 1.308576e+01
      vertex   2.768785e+01 2.220446e-15 1.318524e+01
      vertex   2.707044e+01 2.220446e-15 1.308576e+01
    endloop
  endfacet
  facet normal -1.138616e-01 -1.594159e-16 9.934966e-01
    outer loop
      vertex   2.707044e+01 -5.075000e+00 1.308576e+01
      vertex   2.707044e+01 2.220446e-15 1.308576e+01
      vertex   2.644913e+01 -5.075000e+00 1.301455e+01
    endloop
  endfacet
  facet normal -1.138616e-01 -4.274527e-16 9.934966e-01
    outer loop
      vertex   2.644913e+01 -5.075000e+00 1.301455e+01
      vertex   2.707044e+01 2.220446e-15 1.308576e+01
      vertex   2.644913e+01 2.220446e-15 1.301455e+01
    endloop
  endfacet
  facet normal -6.841199e-02 -3.970923e-16 9.976572e-01
    outer loop
      vertex   2.644913e+01 -5.075000e+00 1.301455e+01
      vertex   2.644913e+01 2.220446e-15 1.301455e+01
      vertex   2.582521e+01 -5.075000e+00 1.297177e+01
    endloop
  endfacet
  facet normal -6.841199e-02 -1.915651e-16 9.976572e-01
    outer loop
      vertex   2.582521e+01 -5.075000e+00 1.297177e+01
      vertex   2.644913e+01 2.220446e-15 1.301455e+01
      vertex   2.582521e+01 2.220446e-15 1.297177e+01
    endloop
  endfacet
  facet normal -2.281984e-02 -6.389940e-17 9.997396e-01
    outer loop
      vertex   2.582521e+01 -5.075000e+00 1.297177e+01
      vertex   2.582521e+01 2.220446e-15 1.297177e+01
      vertex   2.520000e+01 -5.075000e+00 1.295750e+01
    endloop
  endfacet
  facet normal -2.281984e-02 -6.389940e-17 9.997396e-01
    outer loop
      vertex   2.520000e+01 -5.075000e+00 1.295750e+01
      vertex   2.582521e+01 2.220446e-15 1.297177e+01
      vertex   2.520000e+01 2.220446e-15 1.295750e+01
    endloop
  endfacet
  facet normal 2.281984e-02 6.389940e-17 9.997396e-01
    outer loop
      vertex   2.520000e+01 -5.075000e+00 1.295750e+01
      vertex   2.520000e+01 2.220446e-15 1.295750e+01
      vertex   2.457479e+01 -5.075000e+00 1.297177e+01
    endloop
  endfacet
  facet normal 2.281984e-02 6.389940e-17 9.997396e-01
    outer loop
      vertex   2.457479e+01 -5.075000e+00 1.297177e+01
      vertex   2.520000e+01 2.220446e-15 1.295750e+01
      vertex   2.457479e+01 2.220446e-15 1.297177e+01
    endloop
  endfacet
  facet normal 6.841199e-02 1.915651e-16 9.976572e-01
    outer loop
      vertex   2.457479e+01 -5.075000e+00 1.297177e+01
      vertex   2.457479e+01 2.220446e-15 1.297177e+01
      vertex   2.395087e+01 -5.075000e+00 1.301455e+01
    endloop
  endfacet
  facet normal 6.841199e-02 5.407661e-16 9.976572e-01
    outer loop
      vertex   2.395087e+01 -5.075000e+00 1.301455e+01
      vertex   2.457479e+01 2.220446e-15 1.297177e+01
      vertex   2.395087e+01 2.220446e-15 1.301455e+01
    endloop
  endfacet
  facet normal 1.138616e-01 6.665765e-16 9.934966e-01
    outer loop
      vertex   2.395087e+01 -5.075000e+00 1.301455e+01
      vertex   2.395087e+01 2.220446e-15 1.301455e+01
      vertex   2.332956e+01 -5.075000e+00 1.308576e+01
    endloop
  endfacet
  facet normal 1.138616e-01 3.985397e-16 9.934966e-01
    outer loop
      vertex   2.332956e+01 -5.075000e+00 1.308576e+01
      vertex   2.395087e+01 2.220446e-15 1.301455e+01
      vertex   2.332956e+01 2.220446e-15 1.308576e+01
    endloop
  endfacet
  facet normal 1.590741e-01 5.567929e-16 9.872666e-01
    outer loop
      vertex   2.332956e+01 -5.075000e+00 1.308576e+01
      vertex   2.332956e+01 2.220446e-15 1.308576e+01
      vertex   2.271215e+01 -5.075000e+00 1.318524e+01
    endloop
  endfacet
  facet normal 1.590741e-01 -2.456939e-16 9.872666e-01
    outer loop
      vertex   2.271215e+01 -5.075000e+00 1.318524e+01
      vertex   2.332956e+01 2.220446e-15 1.308576e+01
      vertex   2.271215e+01 2.220446e-15 1.318524e+01
    endloop
  endfacet
  facet normal 2.039553e-01 -1.142183e-16 9.789802e-01
    outer loop
      vertex   2.271215e+01 -5.075000e+00 1.318524e+01
      vertex   2.271215e+01 2.220446e-15 1.318524e+01
      vertex   2.209991e+01 -5.075000e+00 1.331279e+01
    endloop
  endfacet
  facet normal 2.039553e-01 -1.142183e-16 9.789802e-01
    outer loop
      vertex   2.209991e+01 -5.075000e+00 1.331279e+01
      vertex   2.271215e+01 2.220446e-15 1.318524e+01
      vertex   2.209991e+01 2.220446e-15 1.331279e+01
    endloop
  endfacet
  facet normal 2.484115e-01 1.749517e-17 9.686546e-01
    outer loop
      vertex   2.209991e+01 -5.075000e+00 1.331279e+01
      vertex   2.209991e+01 2.220446e-15 1.331279e+01
      vertex   2.149414e+01 -5.075000e+00 1.346814e+01
    endloop
  endfacet
  facet normal 2.484115e-01 -1.564034e-16 9.686546e-01
    outer loop
      vertex   2.149414e+01 -5.075000e+00 1.346814e+01
      vertex   2.209991e+01 2.220446e-15 1.331279e+01
      vertex   2.149414e+01 2.220446e-15 1.346814e+01
    endloop
  endfacet
  facet normal 2.923504e-01 -5.548538e-17 9.563113e-01
    outer loop
      vertex   2.149414e+01 -5.075000e+00 1.346814e+01
      vertex   2.149414e+01 2.220446e-15 1.346814e+01
      vertex   2.089608e+01 -5.075000e+00 1.365097e+01
    endloop
  endfacet
  facet normal 2.923504e-01 -7.804289e-16 9.563113e-01
    outer loop
      vertex   2.089608e+01 -5.075000e+00 1.365097e+01
      vertex   2.149414e+01 2.220446e-15 1.346814e+01
      vertex   2.089608e+01 2.220446e-15 1.365097e+01
    endloop
  endfacet
  facet normal 3.356803e-01 -5.683265e-16 9.419760e-01
    outer loop
      vertex   2.089608e+01 -5.075000e+00 1.365097e+01
      vertex   2.089608e+01 2.220446e-15 1.365097e+01
      vertex   2.030699e+01 -5.075000e+00 1.386090e+01
    endloop
  endfacet
  facet normal 3.356803e-01 -2.386150e-16 9.419760e-01
    outer loop
      vertex   2.030699e+01 -5.075000e+00 1.386090e+01
      vertex   2.089608e+01 2.220446e-15 1.365097e+01
      vertex   2.030699e+01 2.220446e-15 1.386090e+01
    endloop
  endfacet
  facet normal 3.783110e-01 -3.103322e-17 9.256786e-01
    outer loop
      vertex   2.030699e+01 -5.075000e+00 1.386090e+01
      vertex   2.030699e+01 2.220446e-15 1.386090e+01
      vertex   1.972809e+01 -5.075000e+00 1.409749e+01
    endloop
  endfacet
  facet normal 3.783110e-01 8.731352e-17 9.256786e-01
    outer loop
      vertex   1.972809e+01 -5.075000e+00 1.409749e+01
      vertex   2.030699e+01 2.220446e-15 1.386090e+01
      vertex   1.972809e+01 2.220446e-15 1.409749e+01
    endloop
  endfacet
  facet normal 4.201537e-01 2.236180e-16 9.074530e-01
    outer loop
      vertex   1.972809e+01 -5.075000e+00 1.409749e+01
      vertex   1.972809e+01 2.220446e-15 1.409749e+01
      vertex   1.916059e+01 -5.075000e+00 1.436024e+01
    endloop
  endfacet
  facet normal 4.201537e-01 4.942409e-16 9.074530e-01
    outer loop
      vertex   1.916059e+01 -5.075000e+00 1.436024e+01
      vertex   1.972809e+01 2.220446e-15 1.409749e+01
      vertex   1.916059e+01 2.220446e-15 1.436024e+01
    endloop
  endfacet
  facet normal 4.611211e-01 6.944785e-16 8.873372e-01
    outer loop
      vertex   1.916059e+01 -5.075000e+00 1.436024e+01
      vertex   1.916059e+01 2.220446e-15 1.436024e+01
      vertex   1.860567e+01 -5.075000e+00 1.464862e+01
    endloop
  endfacet
  facet normal 4.611211e-01 -0.000000e+00 8.873372e-01
    outer loop
      vertex   1.860567e+01 -5.075000e+00 1.464862e+01
      vertex   1.916059e+01 2.220446e-15 1.436024e+01
      vertex   1.860567e+01 2.220446e-15 1.464862e+01
    endloop
  endfacet
  facet normal -5.378960e-01 0.000000e+00 -8.430112e-01
    outer loop
      vertex   3.230500e+01 -5.075000e+00 3.837655e+01
      vertex   3.230500e+01 2.220446e-15 3.837655e+01
      vertex   3.283220e+01 -5.075000e+00 3.804016e+01
    endloop
  endfacet
  facet normal -5.378960e-01 7.530997e-16 -8.430112e-01
    outer loop
      vertex   3.283220e+01 -5.075000e+00 3.804016e+01
      vertex   3.230500e+01 2.220446e-15 3.837655e+01
      vertex   3.283220e+01 2.220446e-15 3.804016e+01
    endloop
  endfacet
  facet normal -5.758005e-01 8.061692e-16 -8.175902e-01
    outer loop
      vertex   3.283220e+01 -5.075000e+00 3.804016e+01
      vertex   3.283220e+01 2.220446e-15 3.804016e+01
      vertex   3.334350e+01 -5.075000e+00 3.768007e+01
    endloop
  endfacet
  facet normal -5.758005e-01 -3.385260e-16 -8.175902e-01
    outer loop
      vertex   3.334350e+01 -5.075000e+00 3.768007e+01
      vertex   3.283220e+01 2.220446e-15 3.804016e+01
      vertex   3.334350e+01 2.220446e-15 3.768007e+01
    endloop
  endfacet
  facet normal -6.125057e-01 -2.491597e-16 -7.904662e-01
    outer loop
      vertex   3.334350e+01 -5.075000e+00 3.768007e+01
      vertex   3.334350e+01 2.220446e-15 3.768007e+01
      vertex   3.383784e+01 -5.075000e+00 3.729702e+01
    endloop
  endfacet
  facet normal -6.125057e-01 1.715119e-15 -7.904662e-01
    outer loop
      vertex   3.383784e+01 -5.075000e+00 3.729702e+01
      vertex   3.334350e+01 2.220446e-15 3.768007e+01
      vertex   3.383784e+01 2.220446e-15 3.729702e+01
    endloop
  endfacet
  facet normal -6.479350e-01 1.814327e-15 -7.616957e-01
    outer loop
      vertex   3.383784e+01 -5.075000e+00 3.729702e+01
      vertex   3.383784e+01 2.220446e-15 3.729702e+01
      vertex   3.431419e+01 -5.075000e+00 3.689181e+01
    endloop
  endfacet
  facet normal -6.479350e-01 0.000000e+00 -7.616957e-01
    outer loop
      vertex   3.431419e+01 -5.075000e+00 3.689181e+01
      vertex   3.383784e+01 2.220446e-15 3.729702e+01
      vertex   3.431419e+01 2.220446e-15 3.689181e+01
    endloop
  endfacet
  facet normal -6.820147e-01 0.000000e+00 -7.313385e-01
    outer loop
      vertex   3.431419e+01 -5.075000e+00 3.689181e+01
      vertex   3.431419e+01 2.220446e-15 3.689181e+01
      vertex   3.477155e+01 -5.075000e+00 3.646530e+01
    endloop
  endfacet
  facet normal -6.820147e-01 8.858204e-16 -7.313385e-01
    outer loop
      vertex   3.477155e+01 -5.075000e+00 3.646530e+01
      vertex   3.431419e+01 2.220446e-15 3.689181e+01
      vertex   3.477155e+01 2.220446e-15 3.646530e+01
    endloop
  endfacet
  facet normal -7.146737e-01 1.021907e-15 -6.994580e-01
    outer loop
      vertex   3.477155e+01 -5.075000e+00 3.646530e+01
      vertex   3.477155e+01 2.220446e-15 3.646530e+01
      vertex   3.520898e+01 -5.075000e+00 3.601836e+01
    endloop
  endfacet
  facet normal -7.146737e-01 2.130327e-17 -6.994580e-01
    outer loop
      vertex   3.520898e+01 -5.075000e+00 3.601836e+01
      vertex   3.477155e+01 2.220446e-15 3.646530e+01
      vertex   3.520898e+01 2.220446e-15 3.601836e+01
    endloop
  endfacet
  facet normal -7.458441e-01 1.116197e-16 -6.661205e-01
    outer loop
      vertex   3.520898e+01 -5.075000e+00 3.601836e+01
      vertex   3.520898e+01 2.220446e-15 3.601836e+01
      vertex   3.562556e+01 -5.075000e+00 3.555192e+01
    endloop
  endfacet
  facet normal -7.458441e-01 1.116197e-16 -6.661205e-01
    outer loop
      vertex   3.562556e+01 -5.075000e+00 3.555192e+01
      vertex   3.520898e+01 2.220446e-15 3.601836e+01
      vertex   3.562556e+01 2.220446e-15 3.555192e+01
    endloop
  endfacet
  facet normal -7.754609e-01 2.017037e-16 -6.313956e-01
    outer loop
      vertex   3.562556e+01 -5.075000e+00 3.555192e+01
      vertex   3.562556e+01 2.220446e-15 3.555192e+01
      vertex   3.602042e+01 -5.075000e+00 3.506697e+01
    endloop
  endfacet
  facet normal -7.754609e-01 2.017037e-16 -6.313956e-01
    outer loop
      vertex   3.602042e+01 -5.075000e+00 3.506697e+01
      vertex   3.562556e+01 2.220446e-15 3.555192e+01
      vertex   3.602042e+01 2.220446e-15 3.506697e+01
    endloop
  endfacet
  facet normal -8.034625e-01 2.913675e-16 -5.953554e-01
    outer loop
      vertex   3.602042e+01 -5.075000e+00 3.506697e+01
      vertex   3.602042e+01 2.220446e-15 3.506697e+01
      vertex   3.639274e+01 -5.075000e+00 3.456450e+01
    endloop
  endfacet
  facet normal -8.034625e-01 2.913675e-16 -5.953554e-01
    outer loop
      vertex   3.639274e+01 -5.075000e+00 3.456450e+01
      vertex   3.602042e+01 2.220446e-15 3.506697e+01
      vertex   3.639274e+01 2.220446e-15 3.456450e+01
    endloop
  endfacet
  facet normal -8.297904e-01 3.804244e-16 -5.580751e-01
    outer loop
      vertex   3.639274e+01 -5.075000e+00 3.456450e+01
      vertex   3.639274e+01 2.220446e-15 3.456450e+01
      vertex   3.674175e+01 -5.075000e+00 3.404557e+01
    endloop
  endfacet
  facet normal -8.297904e-01 3.804244e-16 -5.580751e-01
    outer loop
      vertex   3.674175e+01 -5.075000e+00 3.404557e+01
      vertex   3.639274e+01 2.220446e-15 3.456450e+01
      vertex   3.674175e+01 2.220446e-15 3.404557e+01
    endloop
  endfacet
  facet normal -8.543900e-01 4.686888e-16 -5.196324e-01
    outer loop
      vertex   3.674175e+01 -5.075000e+00 3.404557e+01
      vertex   3.674175e+01 2.220446e-15 3.404557e+01
      vertex   3.706671e+01 -5.075000e+00 3.351125e+01
    endloop
  endfacet
  facet normal -8.543900e-01 9.373777e-16 -5.196324e-01
    outer loop
      vertex   3.706671e+01 -5.075000e+00 3.351125e+01
      vertex   3.674175e+01 2.220446e-15 3.404557e+01
      vertex   3.706671e+01 2.220446e-15 3.351125e+01
    endloop
  endfacet
  facet normal -8.772098e-01 1.111954e-15 -4.801072e-01
    outer loop
      vertex   3.706671e+01 -5.075000e+00 3.351125e+01
      vertex   3.706671e+01 2.220446e-15 3.351125e+01
      vertex   3.736696e+01 -5.075000e+00 3.296266e+01
    endloop
  endfacet
  facet normal -8.772098e-01 -6.721906e-16 -4.801072e-01
    outer loop
      vertex   3.736696e+01 -5.075000e+00 3.296266e+01
      vertex   3.706671e+01 2.220446e-15 3.351125e+01
      vertex   3.736696e+01 2.220446e-15 3.296266e+01
    endloop
  endfacet
  facet normal -8.982024e-01 -6.154519e-16 -4.395821e-01
    outer loop
      vertex   3.736696e+01 -5.075000e+00 3.296266e+01
      vertex   3.736696e+01 2.220446e-15 3.296266e+01
      vertex   3.764187e+01 -5.075000e+00 3.240095e+01
    endloop
  endfacet
  facet normal -8.982024e-01 2.665526e-17 -4.395821e-01
    outer loop
      vertex   3.764187e+01 -5.075000e+00 3.240095e+01
      vertex   3.736696e+01 2.220446e-15 3.296266e+01
      vertex   3.764187e+01 2.220446e-15 3.240095e+01
    endloop
  endfacet
  facet normal -9.173241e-01 1.694685e-16 -3.981412e-01
    outer loop
      vertex   3.764187e+01 -5.075000e+00 3.240095e+01
      vertex   3.764187e+01 2.220446e-15 3.240095e+01
      vertex   3.789086e+01 -5.075000e+00 3.182727e+01
    endloop
  endfacet
  facet normal -9.173241e-01 -1.092471e-16 -3.981412e-01
    outer loop
      vertex   3.789086e+01 -5.075000e+00 3.182727e+01
      vertex   3.764187e+01 2.220446e-15 3.240095e+01
      vertex   3.789086e+01 2.220446e-15 3.182727e+01
    endloop
  endfacet
  facet normal -9.345351e-01 6.280403e-17 -3.558711e-01
    outer loop
      vertex   3.789086e+01 -5.075000e+00 3.182727e+01
      vertex   3.789086e+01 2.220446e-15 3.182727e+01
      vertex   3.811341e+01 -5.075000e+00 3.124283e+01
    endloop
  endfacet
  facet normal -9.345351e-01 -7.473742e-16 -3.558711e-01
    outer loop
      vertex   3.811341e+01 -5.075000e+00 3.124283e+01
      vertex   3.789086e+01 2.220446e-15 3.182727e+01
      vertex   3.811341e+01 2.220446e-15 3.124283e+01
    endloop
  endfacet
  facet normal -9.497994e-01 -6.570448e-16 -3.128597e-01
    outer loop
      vertex   3.811341e+01 -5.075000e+00 3.124283e+01
      vertex   3.811341e+01 2.220446e-15 3.124283e+01
      vertex   3.830906e+01 -5.075000e+00 3.064885e+01
    endloop
  endfacet
  facet normal -9.497994e-01 -8.760598e-16 -3.128597e-01
    outer loop
      vertex   3.830906e+01 -5.075000e+00 3.064885e+01
      vertex   3.811341e+01 2.220446e-15 3.124283e+01
      vertex   3.830906e+01 2.220446e-15 3.064885e+01
    endloop
  endfacet
  facet normal -9.630853e-01 -7.537958e-16 -2.691966e-01
    outer loop
      vertex   3.830906e+01 -5.075000e+00 3.064885e+01
      vertex   3.830906e+01 2.220446e-15 3.064885e+01
      vertex   3.847741e+01 -5.075000e+00 3.004656e+01
    endloop
  endfacet
  facet normal -9.630853e-01 -7.537958e-16 -2.691966e-01
    outer loop
      vertex   3.847741e+01 -5.075000e+00 3.004656e+01
      vertex   3.830906e+01 2.220446e-15 3.064885e+01
      vertex   3.847741e+01 2.220446e-15 3.004656e+01
    endloop
  endfacet
  facet normal -9.743651e-01 -6.299616e-16 -2.249728e-01
    outer loop
      vertex   3.847741e+01 -5.075000e+00 3.004656e+01
      vertex   3.847741e+01 2.220446e-15 3.004656e+01
      vertex   3.861811e+01 -5.075000e+00 2.943721e+01
    endloop
  endfacet
  facet normal -9.743651e-01 4.192507e-16 -2.249728e-01
    outer loop
      vertex   3.861811e+01 -5.075000e+00 2.943721e+01
      vertex   3.847741e+01 2.220446e-15 3.004656e+01
      vertex   3.861811e+01 2.220446e-15 2.943721e+01
    endloop
  endfacet
  facet normal -9.836153e-01 6.199213e-16 -1.802803e-01
    outer loop
      vertex   3.861811e+01 -5.075000e+00 2.943721e+01
      vertex   3.861811e+01 2.220446e-15 2.943721e+01
      vertex   3.873085e+01 -5.075000e+00 2.882208e+01
    endloop
  endfacet
  facet normal -9.836153e-01 -7.572229e-16 -1.802803e-01
    outer loop
      vertex   3.873085e+01 -5.075000e+00 2.882208e+01
      vertex   3.861811e+01 2.220446e-15 2.943721e+01
      vertex   3.873085e+01 2.220446e-15 2.882208e+01
    endloop
  endfacet
  facet normal -9.908166e-01 -5.679261e-16 -1.352124e-01
    outer loop
      vertex   3.873085e+01 -5.075000e+00 2.882208e+01
      vertex   3.873085e+01 2.220446e-15 2.882208e+01
      vertex   3.881541e+01 -5.075000e+00 2.820245e+01
    endloop
  endfacet
  facet normal -9.908166e-01 -3.786174e-16 -1.352124e-01
    outer loop
      vertex   3.881541e+01 -5.075000e+00 2.820245e+01
      vertex   3.873085e+01 2.220446e-15 2.882208e+01
      vertex   3.881541e+01 2.220446e-15 2.820245e+01
    endloop
  endfacet
  facet normal -9.959542e-01 -2.516308e-16 -8.986275e-02
    outer loop
      vertex   3.881541e+01 -5.075000e+00 2.820245e+01
      vertex   3.881541e+01 2.220446e-15 2.820245e+01
      vertex   3.887161e+01 -5.075000e+00 2.757960e+01
    endloop
  endfacet
  facet normal -9.959542e-01 -3.145386e-16 -8.986275e-02
    outer loop
      vertex   3.887161e+01 -5.075000e+00 2.757960e+01
      vertex   3.881541e+01 2.220446e-15 2.820245e+01
      vertex   3.887161e+01 2.220446e-15 2.757960e+01
    endloop
  endfacet
  facet normal -9.990171e-01 -1.551502e-16 -4.432597e-02
    outer loop
      vertex   3.887161e+01 -5.075000e+00 2.757960e+01
      vertex   3.887161e+01 2.220446e-15 2.757960e+01
      vertex   3.889933e+01 -5.075000e+00 2.695484e+01
    endloop
  endfacet
  facet normal -9.990171e-01 0.000000e+00 -4.432597e-02
    outer loop
      vertex   3.889933e+01 -5.075000e+00 2.695484e+01
      vertex   3.887161e+01 2.220446e-15 2.757960e+01
      vertex   3.889933e+01 2.220446e-15 2.695484e+01
    endloop
  endfacet
  facet normal 5.378960e-01 0.000000e+00 -8.430112e-01
    outer loop
      vertex   1.809500e+01 2.220446e-15 3.837655e+01
      vertex   1.809500e+01 -5.075000e+00 3.837655e+01
      vertex   1.756780e+01 2.220446e-15 3.804016e+01
    endloop
  endfacet
  facet normal 5.378960e-01 0.000000e+00 -8.430112e-01
    outer loop
      vertex   1.756780e+01 2.220446e-15 3.804016e+01
      vertex   1.809500e+01 -5.075000e+00 3.837655e+01
      vertex   1.756780e+01 -5.075000e+00 3.804016e+01
    endloop
  endfacet
  facet normal 5.758005e-01 0.000000e+00 -8.175902e-01
    outer loop
      vertex   1.756780e+01 2.220446e-15 3.804016e+01
      vertex   1.756780e+01 -5.075000e+00 3.804016e+01
      vertex   1.705650e+01 2.220446e-15 3.768007e+01
    endloop
  endfacet
  facet normal 5.758005e-01 0.000000e+00 -8.175902e-01
    outer loop
      vertex   1.705650e+01 2.220446e-15 3.768007e+01
      vertex   1.756780e+01 -5.075000e+00 3.804016e+01
      vertex   1.705650e+01 -5.075000e+00 3.768007e+01
    endloop
  endfacet
  facet normal 6.125057e-01 0.000000e+00 -7.904662e-01
    outer loop
      vertex   1.705650e+01 2.220446e-15 3.768007e+01
      vertex   1.705650e+01 -5.075000e+00 3.768007e+01
      vertex   1.656216e+01 2.220446e-15 3.729702e+01
    endloop
  endfacet
  facet normal 6.125057e-01 8.575595e-16 -7.904662e-01
    outer loop
      vertex   1.656216e+01 2.220446e-15 3.729702e+01
      vertex   1.705650e+01 -5.075000e+00 3.768007e+01
      vertex   1.656216e+01 -5.075000e+00 3.729702e+01
    endloop
  endfacet
  facet normal 6.479350e-01 9.071635e-16 -7.616957e-01
    outer loop
      vertex   1.656216e+01 2.220446e-15 3.729702e+01
      vertex   1.656216e+01 -5.075000e+00 3.729702e+01
      vertex   1.608581e+01 2.220446e-15 3.689181e+01
    endloop
  endfacet
  facet normal 6.479350e-01 4.535818e-16 -7.616957e-01
    outer loop
      vertex   1.608581e+01 2.220446e-15 3.689181e+01
      vertex   1.656216e+01 -5.075000e+00 3.729702e+01
      vertex   1.608581e+01 -5.075000e+00 3.689181e+01
    endloop
  endfacet
  facet normal 6.820147e-01 4.774390e-16 -7.313385e-01
    outer loop
      vertex   1.608581e+01 2.220446e-15 3.689181e+01
      vertex   1.608581e+01 -5.075000e+00 3.689181e+01
      vertex   1.562845e+01 2.220446e-15 3.646530e+01
    endloop
  endfacet
  facet normal 6.820147e-01 -7.852160e-16 -7.313385e-01
    outer loop
      vertex   1.562845e+01 2.220446e-15 3.646530e+01
      vertex   1.608581e+01 -5.075000e+00 3.689181e+01
      vertex   1.562845e+01 -5.075000e+00 3.646530e+01
    endloop
  endfacet
  facet normal 7.146737e-01 -7.291493e-16 -6.994580e-01
    outer loop
      vertex   1.562845e+01 2.220446e-15 3.646530e+01
      vertex   1.562845e+01 -5.075000e+00 3.646530e+01
      vertex   1.519102e+01 2.220446e-15 3.601836e+01
    endloop
  endfacet
  facet normal 7.146737e-01 2.501508e-16 -6.994580e-01
    outer loop
      vertex   1.519102e+01 2.220446e-15 3.601836e+01
      vertex   1.562845e+01 -5.075000e+00 3.646530e+01
      vertex   1.519102e+01 -5.075000e+00 3.601836e+01
    endloop
  endfacet
  facet normal 7.458441e-01 2.610611e-16 -6.661205e-01
    outer loop
      vertex   1.519102e+01 2.220446e-15 3.601836e+01
      vertex   1.519102e+01 -5.075000e+00 3.601836e+01
      vertex   1.477444e+01 2.220446e-15 3.555192e+01
    endloop
  endfacet
  facet normal 7.458441e-01 2.610611e-16 -6.661205e-01
    outer loop
      vertex   1.477444e+01 2.220446e-15 3.555192e+01
      vertex   1.519102e+01 -5.075000e+00 3.601836e+01
      vertex   1.477444e+01 -5.075000e+00 3.555192e+01
    endloop
  endfacet
  facet normal 7.754609e-01 2.714277e-16 -6.313956e-01
    outer loop
      vertex   1.477444e+01 2.220446e-15 3.555192e+01
      vertex   1.477444e+01 -5.075000e+00 3.555192e+01
      vertex   1.437958e+01 2.220446e-15 3.506697e+01
    endloop
  endfacet
  facet normal 7.754609e-01 5.428553e-16 -6.313956e-01
    outer loop
      vertex   1.437958e+01 2.220446e-15 3.506697e+01
      vertex   1.477444e+01 -5.075000e+00 3.555192e+01
      vertex   1.437958e+01 -5.075000e+00 3.506697e+01
    endloop
  endfacet
  facet normal 8.034625e-01 5.624576e-16 -5.953554e-01
    outer loop
      vertex   1.437958e+01 2.220446e-15 3.506697e+01
      vertex   1.437958e+01 -5.075000e+00 3.506697e+01
      vertex   1.400726e+01 2.220446e-15 3.456450e+01
    endloop
  endfacet
  facet normal 8.034625e-01 1.013869e-17 -5.953554e-01
    outer loop
      vertex   1.400726e+01 2.220446e-15 3.456450e+01
      vertex   1.437958e+01 -5.075000e+00 3.506697e+01
      vertex   1.400726e+01 -5.075000e+00 3.456450e+01
    endloop
  endfacet
  facet normal 8.297904e-01 8.998024e-17 -5.580751e-01
    outer loop
      vertex   1.400726e+01 2.220446e-15 3.456450e+01
      vertex   1.400726e+01 -5.075000e+00 3.456450e+01
      vertex   1.365825e+01 2.220446e-15 3.404557e+01
    endloop
  endfacet
  facet normal 8.297904e-01 -2.004639e-16 -5.580751e-01
    outer loop
      vertex   1.365825e+01 2.220446e-15 3.404557e+01
      vertex   1.400726e+01 -5.075000e+00 3.456450e+01
      vertex   1.365825e+01 -5.075000e+00 3.404557e+01
    endloop
  endfacet
  facet normal 8.543900e-01 -1.294201e-16 -5.196324e-01
    outer loop
      vertex   1.365825e+01 2.220446e-15 3.404557e+01
      vertex   1.365825e+01 -5.075000e+00 3.404557e+01
      vertex   1.333329e+01 2.220446e-15 3.351125e+01
    endloop
  endfacet
  facet normal 8.543900e-01 -1.294201e-16 -5.196324e-01
    outer loop
      vertex   1.333329e+01 2.220446e-15 3.351125e+01
      vertex   1.365825e+01 -5.075000e+00 3.404557e+01
      vertex   1.333329e+01 -5.075000e+00 3.351125e+01
    endloop
  endfacet
  facet normal 8.772098e-01 -5.810676e-17 -4.801072e-01
    outer loop
      vertex   1.333329e+01 2.220446e-15 3.351125e+01
      vertex   1.333329e+01 -5.075000e+00 3.351125e+01
      vertex   1.303304e+01 2.220446e-15 3.296266e+01
    endloop
  endfacet
  facet normal 8.772098e-01 -7.302973e-16 -4.801072e-01
    outer loop
      vertex   1.303304e+01 2.220446e-15 3.296266e+01
      vertex   1.333329e+01 -5.075000e+00 3.351125e+01
      vertex   1.303304e+01 -5.075000e+00 3.296266e+01
    endloop
  endfacet
  facet normal 8.982024e-01 -6.021243e-16 -4.395821e-01
    outer loop
      vertex   1.303304e+01 2.220446e-15 3.296266e+01
      vertex   1.303304e+01 -5.075000e+00 3.296266e+01
      vertex   1.275813e+01 2.220446e-15 3.240095e+01
    endloop
  endfacet
  facet normal 8.982024e-01 -3.010621e-16 -4.395821e-01
    outer loop
      vertex   1.275813e+01 2.220446e-15 3.240095e+01
      vertex   1.303304e+01 -5.075000e+00 3.296266e+01
      vertex   1.275813e+01 -5.075000e+00 3.240095e+01
    endloop
  endfacet
  facet normal 9.173241e-01 -2.363485e-16 -3.981412e-01
    outer loop
      vertex   1.275813e+01 2.220446e-15 3.240095e+01
      vertex   1.275813e+01 -5.075000e+00 3.240095e+01
      vertex   1.250914e+01 2.220446e-15 3.182727e+01
    endloop
  endfacet
  facet normal 9.173241e-01 -5.150641e-16 -3.981412e-01
    outer loop
      vertex   1.250914e+01 2.220446e-15 3.182727e+01
      vertex   1.275813e+01 -5.075000e+00 3.240095e+01
      vertex   1.250914e+01 -5.075000e+00 3.182727e+01
    endloop
  endfacet
  facet normal 9.345351e-01 -4.202673e-16 -3.558711e-01
    outer loop
      vertex   1.250914e+01 2.220446e-15 3.182727e+01
      vertex   1.250914e+01 -5.075000e+00 3.182727e+01
      vertex   1.228659e+01 2.220446e-15 3.124283e+01
    endloop
  endfacet
  facet normal 9.345351e-01 1.559644e-16 -3.558711e-01
    outer loop
      vertex   1.228659e+01 2.220446e-15 3.124283e+01
      vertex   1.250914e+01 -5.075000e+00 3.182727e+01
      vertex   1.228659e+01 -5.075000e+00 3.124283e+01
    endloop
  endfacet
  facet normal 9.497994e-01 2.268696e-16 -3.128597e-01
    outer loop
      vertex   1.228659e+01 2.220446e-15 3.124283e+01
      vertex   1.228659e+01 -5.075000e+00 3.124283e+01
      vertex   1.209094e+01 2.220446e-15 3.064885e+01
    endloop
  endfacet
  facet normal 9.497994e-01 -3.245951e-16 -3.128597e-01
    outer loop
      vertex   1.209094e+01 2.220446e-15 3.064885e+01
      vertex   1.228659e+01 -5.075000e+00 3.124283e+01
      vertex   1.209094e+01 -5.075000e+00 3.064885e+01
    endloop
  endfacet
  facet normal 9.630853e-01 -2.282467e-16 -2.691966e-01
    outer loop
      vertex   1.209094e+01 2.220446e-15 3.064885e+01
      vertex   1.209094e+01 -5.075000e+00 3.064885e+01
      vertex   1.192259e+01 2.220446e-15 3.004656e+01
    endloop
  endfacet
  facet normal 9.630853e-01 -3.979777e-17 -2.691966e-01
    outer loop
      vertex   1.192259e+01 2.220446e-15 3.004656e+01
      vertex   1.209094e+01 -5.075000e+00 3.064885e+01
      vertex   1.192259e+01 -5.075000e+00 3.004656e+01
    endloop
  endfacet
  facet normal 9.743651e-01 2.606748e-17 -2.249728e-01
    outer loop
      vertex   1.192259e+01 2.220446e-15 3.004656e+01
      vertex   1.192259e+01 -5.075000e+00 3.004656e+01
      vertex   1.178189e+01 2.220446e-15 2.943721e+01
    endloop
  endfacet
  facet normal 9.743651e-01 2.606748e-17 -2.249728e-01
    outer loop
      vertex   1.178189e+01 2.220446e-15 2.943721e+01
      vertex   1.192259e+01 -5.075000e+00 3.004656e+01
      vertex   1.178189e+01 -5.075000e+00 2.943721e+01
    endloop
  endfacet
  facet normal 9.836153e-01 9.187843e-17 -1.802803e-01
    outer loop
      vertex   1.178189e+01 2.220446e-15 2.943721e+01
      vertex   1.178189e+01 -5.075000e+00 2.943721e+01
      vertex   1.166915e+01 2.220446e-15 2.882208e+01
    endloop
  endfacet
  facet normal 9.836153e-01 -3.786114e-16 -1.802803e-01
    outer loop
      vertex   1.166915e+01 2.220446e-15 2.882208e+01
      vertex   1.178189e+01 -5.075000e+00 2.943721e+01
      vertex   1.166915e+01 -5.075000e+00 2.882208e+01
    endloop
  endfacet
  facet normal 9.908166e-01 -2.839630e-16 -1.352124e-01
    outer loop
      vertex   1.166915e+01 2.220446e-15 2.882208e+01
      vertex   1.166915e+01 -5.075000e+00 2.882208e+01
      vertex   1.158459e+01 2.220446e-15 2.820245e+01
    endloop
  endfacet
  facet normal 9.908166e-01 -1.893087e-16 -1.352124e-01
    outer loop
      vertex   1.158459e+01 2.220446e-15 2.820245e+01
      vertex   1.166915e+01 -5.075000e+00 2.882208e+01
      vertex   1.158459e+01 -5.075000e+00 2.820245e+01
    endloop
  endfacet
  facet normal 9.959542e-01 -1.258154e-16 -8.986275e-02
    outer loop
      vertex   1.158459e+01 2.220446e-15 2.820245e+01
      vertex   1.158459e+01 -5.075000e+00 2.820245e+01
      vertex   1.152839e+01 2.220446e-15 2.757960e+01
    endloop
  endfacet
  facet normal 9.959542e-01 -1.887231e-16 -8.986275e-02
    outer loop
      vertex   1.152839e+01 2.220446e-15 2.757960e+01
      vertex   1.158459e+01 -5.075000e+00 2.820245e+01
      vertex   1.152839e+01 -5.075000e+00 2.757960e+01
    endloop
  endfacet
  facet normal 9.990171e-01 -9.309013e-17 -4.432597e-02
    outer loop
      vertex   1.152839e+01 2.220446e-15 2.757960e+01
      vertex   1.152839e+01 -5.075000e+00 2.757960e+01
      vertex   1.150067e+01 2.220446e-15 2.695484e+01
    endloop
  endfacet
  facet normal 9.990171e-01 0.000000e+00 -4.432597e-02
    outer loop
      vertex   1.150067e+01 2.220446e-15 2.695484e+01
      vertex   1.152839e+01 -5.075000e+00 2.757960e+01
      vertex   1.150067e+01 -5.075000e+00 2.695484e+01
    endloop
  endfacet
  facet normal -0.000000e+00 1.000000e+00 0.000000e+00
    outer loop
      vertex   3.230500e+01 2.220446e-15 3.837655e+01
      vertex   3.230500e+01 2.220446e-15 4.099045e+01
      vertex   3.283220e+01 2.220446e-15 3.804016e+01
    endloop
  endfacet
  facet normal -0.000000e+00 1.000000e+00 -0.000000e+00
    outer loop
      vertex   3.283220e+01 2.220446e-15 3.804016e+01
      vertex   3.230500e+01 2.220446e-15 4.099045e+01
      vertex   3.334350e+01 2.220446e-15 3.768007e+01
    endloop
  endfacet
  facet normal 0.000000e+00 1.000000e+00 0.000000e+00
    outer loop
      vertex   3.334350e+01 2.220446e-15 3.768007e+01
      vertex   3.230500e+01 2.220446e-15 4.099045e+01
      vertex   3.245815e+01 2.220446e-15 4.132536e+01
    endloop
  endfacet
  facet normal 0.000000e+00 1.000000e+00 0.000000e+00
    outer loop
      vertex   3.334350e+01 2.220446e-15 3.768007e+01
      vertex   3.245815e+01 2.220446e-15 4.132536e+01
      vertex   3.263554e+01 2.220446e-15 4.164810e+01
    endloop
  endfacet
  facet normal -0.000000e+00 1.000000e+00 0.000000e+00
    outer loop
      vertex   3.263554e+01 2.220446e-15 4.164810e+01
      vertex   3.283620e+01 2.220446e-15 4.195690e+01
      vertex   3.334350e+01 2.220446e-15 3.768007e+01
    endloop
  endfacet
  facet normal 0.000000e+00 1.000000e+00 0.000000e+00
    outer loop
      vertex   3.334350e+01 2.220446e-15 3.768007e+01
      vertex   3.283620e+01 2.220446e-15 4.195690e+01
      vertex   3.305905e+01 2.220446e-15 4.225010e+01
    endloop
  endfacet
  facet normal 0.000000e+00 1.000000e+00 0.000000e+00
    outer loop
      vertex   3.334350e+01 2.220446e-15 3.768007e+01
      vertex   3.305905e+01 2.220446e-15 4.225010e+01
      vertex   3.330287e+01 2.220446e-15 4.252610e+01
    endloop
  endfacet
  facet normal -0.000000e+00 1.000000e+00 0.000000e+00
    outer loop
      vertex   3.330287e+01 2.220446e-15 4.252610e+01
      vertex   3.356634e+01 2.220446e-15 4.278341e+01
      vertex   3.334350e+01 2.220446e-15 3.768007e+01
    endloop
  endfacet
  facet normal 0.000000e+00 1.000000e+00 0.000000e+00
    outer loop
      vertex   3.334350e+01 2.220446e-15 3.768007e+01
      vertex   3.356634e+01 2.220446e-15 4.278341e+01
      vertex   3.384804e+01 2.220446e-15 4.302062e+01
    endloop
  endfacet
  facet normal -0.000000e+00 1.000000e+00 0.000000e+00
    outer loop
      vertex   3.334350e+01 2.220446e-15 3.768007e+01
      vertex   3.384804e+01 2.220446e-15 4.302062e+01
      vertex   3.383784e+01 2.220446e-15 3.729702e+01
    endloop
  endfacet
  facet normal 0.000000e+00 1.000000e+00 0.000000e+00
    outer loop
      vertex   3.383784e+01 2.220446e-15 3.729702e+01
      vertex   3.384804e+01 2.220446e-15 4.302062e+01
      vertex   3.414644e+01 2.220446e-15 4.323645e+01
    endloop
  endfacet
  facet normal 0.000000e+00 1.000000e+00 0.000000e+00
    outer loop
      vertex   3.383784e+01 2.220446e-15 3.729702e+01
      vertex   3.414644e+01 2.220446e-15 4.323645e+01
      vertex   3.445991e+01 2.220446e-15 4.342974e+01
    endloop
  endfacet
  facet normal -0.000000e+00 1.000000e+00 0.000000e+00
    outer loop
      vertex   3.445991e+01 2.220446e-15 4.342974e+01
      vertex   3.478676e+01 2.220446e-15 4.359943e+01
      vertex   3.383784e+01 2.220446e-15 3.729702e+01
    endloop
  endfacet
  facet normal 0.000000e+00 1.000000e+00 0.000000e+00
    outer loop
      vertex   3.383784e+01 2.220446e-15 3.729702e+01
      vertex   3.478676e+01 2.220446e-15 4.359943e+01
      vertex   3.512521e+01 2.220446e-15 4.374460e+01
    endloop
  endfacet
  facet normal 0.000000e+00 1.000000e+00 0.000000e+00
    outer loop
      vertex   3.383784e+01 2.220446e-15 3.729702e+01
      vertex   3.512521e+01 2.220446e-15 4.374460e+01
      vertex   3.547343e+01 2.220446e-15 4.386447e+01
    endloop
  endfacet
  facet normal -0.000000e+00 1.000000e+00 0.000000e+00
    outer loop
      vertex   3.547343e+01 2.220446e-15 4.386447e+01
      vertex   3.582953e+01 2.220446e-15 4.395838e+01
      vertex   3.383784e+01 2.220446e-15 3.729702e+01
    endloop
  endfacet
  facet normal 0.000000e+00 1.000000e+00 0.000000e+00
    outer loop
      vertex   3.383784e+01 2.220446e-15 3.729702e+01
      vertex   3.582953e+01 2.220446e-15 4.395838e+01
      vertex   3.619158e+01 2.220446e-15 4.402582e+01
    endloop
  endfacet
  facet normal 0.000000e+00 1.000000e+00 0.000000e+00
    outer loop
      vertex   3.383784e+01 2.220446e-15 3.729702e+01
      vertex   3.619158e+01 2.220446e-15 4.402582e+01
      vertex   3.655760e+01 2.220446e-15 4.406644e+01
    endloop
  endfacet
  facet normal -0.000000e+00 1.000000e+00 0.000000e+00
    outer loop
      vertex   3.655760e+01 2.220446e-15 4.406644e+01
      vertex   3.692563e+01 2.220446e-15 4.408000e+01
      vertex   3.383784e+01 2.220446e-15 3.729702e+01
    endloop
  endfacet
  facet normal -0.000000e+00 1.000000e+00 0.000000e+00
    outer loop
      vertex   3.383784e+01 2.220446e-15 3.729702e+01
      vertex   3.692563e+01 2.220446e-15 4.408000e+01
      vertex   3.431419e+01 2.220446e-15 3.689181e+01
    endloop
  endfacet
  facet normal -0.000000e+00 1.000000e+00 0.000000e+00
    outer loop
      vertex   3.431419e+01 2.220446e-15 3.689181e+01
      vertex   3.692563e+01 2.220446e-15 4.408000e+01
      vertex   3.477155e+01 2.220446e-15 3.646530e+01
    endloop
  endfacet
  facet normal -0.000000e+00 1.000000e+00 0.000000e+00
    outer loop
      vertex   3.477155e+01 2.220446e-15 3.646530e+01
      vertex   3.692563e+01 2.220446e-15 4.408000e+01
      vertex   3.520898e+01 2.220446e-15 3.601836e+01
    endloop
  endfacet
  facet normal -0.000000e+00 1.000000e+00 0.000000e+00
    outer loop
      vertex   3.520898e+01 2.220446e-15 3.601836e+01
      vertex   3.692563e+01 2.220446e-15 4.408000e+01
      vertex   3.562556e+01 2.220446e-15 3.555192e+01
    endloop
  endfacet
  facet normal -0.000000e+00 1.000000e+00 0.000000e+00
    outer loop
      vertex   3.562556e+01 2.220446e-15 3.555192e+01
      vertex   3.692563e+01 2.220446e-15 4.408000e+01
      vertex   3.602042e+01 2.220446e-15 3.506697e+01
    endloop
  endfacet
  facet normal -0.000000e+00 1.000000e+00 0.000000e+00
    outer loop
      vertex   3.602042e+01 2.220446e-15 3.506697e+01
      vertex   3.692563e+01 2.220446e-15 4.408000e+01
      vertex   3.639274e+01 2.220446e-15 3.456450e+01
    endloop
  endfacet
  facet normal -1.647903e-16 1.000000e+00 9.228608e-18
    outer loop
      vertex   3.639274e+01 2.220446e-15 3.456450e+01
      vertex   3.692563e+01 2.220446e-15 4.408000e+01
      vertex   5.040000e+01 4.440892e-15 4.408000e+01
    endloop
  endfacet
  facet normal -1.088086e-16 1.000000e+00 -7.317913e-17
    outer loop
      vertex   3.639274e+01 2.220446e-15 3.456450e+01
      vertex   5.040000e+01 4.440892e-15 4.408000e+01
      vertex   3.674175e+01 2.220446e-15 3.404557e+01
    endloop
  endfacet
  facet normal -1.123645e-16 1.000000e+00 -6.833906e-17
    outer loop
      vertex   3.674175e+01 2.220446e-15 3.404557e+01
      vertex   5.040000e+01 4.440892e-15 4.408000e+01
      vertex   3.706671e+01 2.220446e-15 3.351125e+01
    endloop
  endfacet
  facet normal -1.161462e-16 1.000000e+00 -6.356816e-17
    outer loop
      vertex   3.706671e+01 2.220446e-15 3.351125e+01
      vertex   5.040000e+01 4.440892e-15 4.408000e+01
      vertex   3.736696e+01 2.220446e-15 3.296266e+01
    endloop
  endfacet
  facet normal -1.201938e-16 1.000000e+00 -5.882307e-17
    outer loop
      vertex   3.736696e+01 2.220446e-15 3.296266e+01
      vertex   5.040000e+01 4.440892e-15 4.408000e+01
      vertex   3.764187e+01 2.220446e-15 3.240095e+01
    endloop
  endfacet
  facet normal -1.245543e-16 1.000000e+00 -5.405964e-17
    outer loop
      vertex   3.764187e+01 2.220446e-15 3.240095e+01
      vertex   5.040000e+01 4.440892e-15 4.408000e+01
      vertex   3.789086e+01 2.220446e-15 3.182727e+01
    endloop
  endfacet
  facet normal -1.292837e-16 1.000000e+00 -4.923126e-17
    outer loop
      vertex   3.789086e+01 2.220446e-15 3.182727e+01
      vertex   5.040000e+01 4.440892e-15 4.408000e+01
      vertex   3.811341e+01 2.220446e-15 3.124283e+01
    endloop
  endfacet
  facet normal -1.344495e-16 1.000000e+00 -4.428706e-17
    outer loop
      vertex   3.811341e+01 2.220446e-15 3.124283e+01
      vertex   5.040000e+01 4.440892e-15 4.408000e+01
      vertex   3.830906e+01 2.220446e-15 3.064885e+01
    endloop
  endfacet
  facet normal -1.401342e-16 1.000000e+00 -3.916958e-17
    outer loop
      vertex   3.830906e+01 2.220446e-15 3.064885e+01
      vertex   5.040000e+01 4.440892e-15 4.408000e+01
      vertex   3.847741e+01 2.220446e-15 3.004656e+01
    endloop
  endfacet
  facet normal -1.464405e-16 1.000000e+00 -3.381188e-17
    outer loop
      vertex   3.847741e+01 2.220446e-15 3.004656e+01
      vertex   5.040000e+01 4.440892e-15 4.408000e+01
      vertex   3.861811e+01 2.220446e-15 2.943721e+01
    endloop
  endfacet
  facet normal -1.534976e-16 1.000000e+00 -2.813356e-17
    outer loop
      vertex   3.861811e+01 2.220446e-15 2.943721e+01
      vertex   5.040000e+01 4.440892e-15 4.408000e+01
      vertex   3.873085e+01 2.220446e-15 2.882208e+01
    endloop
  endfacet
  facet normal -1.614714e-16 1.000000e+00 -2.203528e-17
    outer loop
      vertex   3.873085e+01 2.220446e-15 2.882208e+01
      vertex   5.040000e+01 4.440892e-15 4.408000e+01
      vertex   3.881541e+01 2.220446e-15 2.820245e+01
    endloop
  endfacet
  facet normal -1.705780e-16 1.000000e+00 -1.539088e-17
    outer loop
      vertex   3.881541e+01 2.220446e-15 2.820245e+01
      vertex   5.040000e+01 4.440892e-15 4.408000e+01
      vertex   3.887161e+01 2.220446e-15 2.757960e+01
    endloop
  endfacet
  facet normal -1.811055e-16 1.000000e+00 -8.035576e-18
    outer loop
      vertex   3.887161e+01 2.220446e-15 2.757960e+01
      vertex   5.040000e+01 4.440892e-15 4.408000e+01
      vertex   3.889933e+01 2.220446e-15 2.695484e+01
    endloop
  endfacet
  facet normal -1.458371e-16 1.000000e+00 -3.172066e-17
    outer loop
      vertex   3.889933e+01 2.220446e-15 2.695484e+01
      vertex   5.040000e+01 4.440892e-15 4.408000e+01
      vertex   5.040000e+01 3.330669e-15 9.080000e+00
    endloop
  endfacet
  facet normal -5.087932e-17 1.000000e+00 2.937519e-17
    outer loop
      vertex   3.889933e+01 2.220446e-15 2.695484e+01
      vertex   5.040000e+01 3.330669e-15 9.080000e+00
      vertex   3.179433e+01 2.220446e-15 1.464862e+01
    endloop
  endfacet
  facet normal -3.786394e-17 1.000000e+00 7.286173e-17
    outer loop
      vertex   3.179433e+01 2.220446e-15 1.464862e+01
      vertex   5.040000e+01 3.330669e-15 9.080000e+00
      vertex   3.123941e+01 2.220446e-15 1.436024e+01
    endloop
  endfacet
  facet normal -3.632344e-17 1.000000e+00 7.845181e-17
    outer loop
      vertex   3.123941e+01 2.220446e-15 1.436024e+01
      vertex   5.040000e+01 3.330669e-15 9.080000e+00
      vertex   3.067191e+01 2.220446e-15 1.409749e+01
    endloop
  endfacet
  facet normal -3.468879e-17 1.000000e+00 8.487903e-17
    outer loop
      vertex   3.067191e+01 2.220446e-15 1.409749e+01
      vertex   5.040000e+01 3.330669e-15 9.080000e+00
      vertex   3.009301e+01 2.220446e-15 1.386090e+01
    endloop
  endfacet
  facet normal -3.292183e-17 1.000000e+00 9.238425e-17
    outer loop
      vertex   3.009301e+01 2.220446e-15 1.386090e+01
      vertex   5.040000e+01 3.330669e-15 9.080000e+00
      vertex   2.950392e+01 2.220446e-15 1.365097e+01
    endloop
  endfacet
  facet normal -3.097008e-17 1.000000e+00 1.013066e-16
    outer loop
      vertex   2.950392e+01 2.220446e-15 1.365097e+01
      vertex   5.040000e+01 3.330669e-15 9.080000e+00
      vertex   2.890586e+01 2.220446e-15 1.346814e+01
    endloop
  endfacet
  facet normal -2.875835e-17 1.000000e+00 1.121402e-16
    outer loop
      vertex   2.890586e+01 2.220446e-15 1.346814e+01
      vertex   5.040000e+01 3.330669e-15 9.080000e+00
      vertex   2.830009e+01 2.220446e-15 1.331279e+01
    endloop
  endfacet
  facet normal -2.617388e-17 1.000000e+00 1.256340e-16
    outer loop
      vertex   2.830009e+01 2.220446e-15 1.331279e+01
      vertex   5.040000e+01 3.330669e-15 9.080000e+00
      vertex   2.768785e+01 2.220446e-15 1.318524e+01
    endloop
  endfacet
  facet normal -2.303815e-17 1.000000e+00 1.429824e-16
    outer loop
      vertex   2.768785e+01 2.220446e-15 1.318524e+01
      vertex   5.040000e+01 3.330669e-15 9.080000e+00
      vertex   2.707044e+01 2.220446e-15 1.308576e+01
    endloop
  endfacet
  facet normal -1.904925e-17 1.000000e+00 1.662137e-16
    outer loop
      vertex   2.707044e+01 2.220446e-15 1.308576e+01
      vertex   5.040000e+01 3.330669e-15 9.080000e+00
      vertex   2.644913e+01 2.220446e-15 1.301455e+01
    endloop
  endfacet
  facet normal -1.365105e-17 1.000000e+00 1.990743e-16
    outer loop
      vertex   2.644913e+01 2.220446e-15 1.301455e+01
      vertex   5.040000e+01 3.330669e-15 9.080000e+00
      vertex   2.582521e+01 2.220446e-15 1.297177e+01
    endloop
  endfacet
  facet normal -5.691302e-18 1.000000e+00 2.493365e-16
    outer loop
      vertex   2.582521e+01 2.220446e-15 1.297177e+01
      vertex   5.040000e+01 3.330669e-15 9.080000e+00
      vertex   2.520000e+01 2.220446e-15 1.295750e+01
    endloop
  endfacet
  facet normal -8.811294e-17 1.000000e+00 -2.863245e-16
    outer loop
      vertex   2.520000e+01 2.220446e-15 1.295750e+01
      vertex   5.040000e+01 3.330669e-15 9.080000e+00
      vertex   -2.220446e-15 -1.110223e-15 9.080000e+00
    endloop
  endfacet
  facet normal -1.707391e-17 1.000000e+00 -7.480096e-16
    outer loop
      vertex   2.520000e+01 2.220446e-15 1.295750e+01
      vertex   -2.220446e-15 -1.110223e-15 9.080000e+00
      vertex   2.457479e+01 2.220446e-15 1.297177e+01
    endloop
  endfacet
  facet normal -4.095315e-17 1.000000e+00 -5.972228e-16
    outer loop
      vertex   2.457479e+01 2.220446e-15 1.297177e+01
      vertex   -2.220446e-15 -1.110223e-15 9.080000e+00
      vertex   2.395087e+01 2.220446e-15 1.301455e+01
    endloop
  endfacet
  facet normal -5.714776e-17 1.000000e+00 -4.986412e-16
    outer loop
      vertex   2.395087e+01 2.220446e-15 1.301455e+01
      vertex   -2.220446e-15 -1.110223e-15 9.080000e+00
      vertex   2.332956e+01 2.220446e-15 1.308576e+01
    endloop
  endfacet
  facet normal -6.911445e-17 1.000000e+00 -4.289471e-16
    outer loop
      vertex   2.332956e+01 2.220446e-15 1.308576e+01
      vertex   -2.220446e-15 -1.110223e-15 9.080000e+00
      vertex   2.271215e+01 2.220446e-15 1.318524e+01
    endloop
  endfacet
  facet normal -7.852165e-17 1.000000e+00 -3.769020e-16
    outer loop
      vertex   2.271215e+01 2.220446e-15 1.318524e+01
      vertex   -2.220446e-15 -1.110223e-15 9.080000e+00
      vertex   2.209991e+01 2.220446e-15 1.331279e+01
    endloop
  endfacet
  facet normal -8.627506e-17 1.000000e+00 -3.364205e-16
    outer loop
      vertex   2.209991e+01 2.220446e-15 1.331279e+01
      vertex   -2.220446e-15 -1.110223e-15 9.080000e+00
      vertex   2.149414e+01 2.220446e-15 1.346814e+01
    endloop
  endfacet
  facet normal -9.291023e-17 1.000000e+00 -3.039199e-16
    outer loop
      vertex   2.149414e+01 2.220446e-15 1.346814e+01
      vertex   -2.220446e-15 -1.110223e-15 9.080000e+00
      vertex   2.089608e+01 2.220446e-15 1.365097e+01
    endloop
  endfacet
  facet normal -9.876549e-17 1.000000e+00 -2.771527e-16
    outer loop
      vertex   2.089608e+01 2.220446e-15 1.365097e+01
      vertex   -2.220446e-15 -1.110223e-15 9.080000e+00
      vertex   2.030699e+01 2.220446e-15 1.386090e+01
    endloop
  endfacet
  facet normal -1.040664e-16 1.000000e+00 -2.546371e-16
    outer loop
      vertex   2.030699e+01 2.220446e-15 1.386090e+01
      vertex   -2.220446e-15 -1.110223e-15 9.080000e+00
      vertex   1.972809e+01 2.220446e-15 1.409749e+01
    endloop
  endfacet
  facet normal -1.089703e-16 1.000000e+00 -2.353554e-16
    outer loop
      vertex   1.972809e+01 2.220446e-15 1.409749e+01
      vertex   -2.220446e-15 -1.110223e-15 9.080000e+00
      vertex   1.916059e+01 2.220446e-15 1.436024e+01
    endloop
  endfacet
  facet normal -1.135918e-16 1.000000e+00 -2.185852e-16
    outer loop
      vertex   1.916059e+01 2.220446e-15 1.436024e+01
      vertex   -2.220446e-15 -1.110223e-15 9.080000e+00
      vertex   1.860567e+01 2.220446e-15 1.464862e+01
    endloop
  endfacet
  facet normal -1.526380e-16 1.000000e+00 -8.812556e-17
    outer loop
      vertex   1.860567e+01 2.220446e-15 1.464862e+01
      vertex   -2.220446e-15 -1.110223e-15 9.080000e+00
      vertex   1.150067e+01 2.220446e-15 2.695484e+01
    endloop
  endfacet
  facet normal -2.403049e-16 1.000000e+00 -3.172066e-17
    outer loop
      vertex   1.150067e+01 2.220446e-15 2.695484e+01
      vertex   -2.220446e-15 -1.110223e-15 9.080000e+00
      vertex   -8.881784e-15 0.000000e+00 4.408000e+01
    endloop
  endfacet
  facet normal -1.811055e-16 1.000000e+00 8.035576e-18
    outer loop
      vertex   1.150067e+01 2.220446e-15 2.695484e+01
      vertex   -8.881784e-15 0.000000e+00 4.408000e+01
      vertex   1.152839e+01 2.220446e-15 2.757960e+01
    endloop
  endfacet
  facet normal -1.705780e-16 1.000000e+00 1.539088e-17
    outer loop
      vertex   1.152839e+01 2.220446e-15 2.757960e+01
      vertex   -8.881784e-15 0.000000e+00 4.408000e+01
      vertex   1.158459e+01 2.220446e-15 2.820245e+01
    endloop
  endfacet
  facet normal -1.614714e-16 1.000000e+00 2.203528e-17
    outer loop
      vertex   1.158459e+01 2.220446e-15 2.820245e+01
      vertex   -8.881784e-15 0.000000e+00 4.408000e+01
      vertex   1.166915e+01 2.220446e-15 2.882208e+01
    endloop
  endfacet
  facet normal -1.534976e-16 1.000000e+00 2.813356e-17
    outer loop
      vertex   1.166915e+01 2.220446e-15 2.882208e+01
      vertex   -8.881784e-15 0.000000e+00 4.408000e+01
      vertex   1.178189e+01 2.220446e-15 2.943721e+01
    endloop
  endfacet
  facet normal -1.464405e-16 1.000000e+00 3.381188e-17
    outer loop
      vertex   1.178189e+01 2.220446e-15 2.943721e+01
      vertex   -8.881784e-15 0.000000e+00 4.408000e+01
      vertex   1.192259e+01 2.220446e-15 3.004656e+01
    endloop
  endfacet
  facet normal -1.401342e-16 1.000000e+00 3.916958e-17
    outer loop
      vertex   1.192259e+01 2.220446e-15 3.004656e+01
      vertex   -8.881784e-15 0.000000e+00 4.408000e+01
      vertex   1.209094e+01 2.220446e-15 3.064885e+01
    endloop
  endfacet
  facet normal -1.344495e-16 1.000000e+00 4.428706e-17
    outer loop
      vertex   1.209094e+01 2.220446e-15 3.064885e+01
      vertex   -8.881784e-15 0.000000e+00 4.408000e+01
      vertex   1.228659e+01 2.220446e-15 3.124283e+01
    endloop
  endfacet
  facet normal -1.292837e-16 1.000000e+00 4.923126e-17
    outer loop
      vertex   1.228659e+01 2.220446e-15 3.124283e+01
      vertex   -8.881784e-15 0.000000e+00 4.408000e+01
      vertex   1.250914e+01 2.220446e-15 3.182727e+01
    endloop
  endfacet
  facet normal -1.245543e-16 1.000000e+00 5.405964e-17
    outer loop
      vertex   1.250914e+01 2.220446e-15 3.182727e+01
      vertex   -8.881784e-15 0.000000e+00 4.408000e+01
      vertex   1.275813e+01 2.220446e-15 3.240095e+01
    endloop
  endfacet
  facet normal -1.201938e-16 1.000000e+00 5.882307e-17
    outer loop
      vertex   1.275813e+01 2.220446e-15 3.240095e+01
      vertex   -8.881784e-15 0.000000e+00 4.408000e+01
      vertex   1.303304e+01 2.220446e-15 3.296266e+01
    endloop
  endfacet
  facet normal -1.161462e-16 1.000000e+00 6.356816e-17
    outer loop
      vertex   1.303304e+01 2.220446e-15 3.296266e+01
      vertex   -8.881784e-15 0.000000e+00 4.408000e+01
      vertex   1.333329e+01 2.220446e-15 3.351125e+01
    endloop
  endfacet
  facet normal -1.123645e-16 1.000000e+00 6.833906e-17
    outer loop
      vertex   1.333329e+01 2.220446e-15 3.351125e+01
      vertex   -8.881784e-15 0.000000e+00 4.408000e+01
      vertex   1.365825e+01 2.220446e-15 3.404557e+01
    endloop
  endfacet
  facet normal -1.647872e-16 1.000000e+00 -3.015542e-18
    outer loop
      vertex   1.365825e+01 2.220446e-15 3.404557e+01
      vertex   -8.881784e-15 0.000000e+00 4.408000e+01
      vertex   1.347463e+01 2.220446e-15 4.408000e+01
    endloop
  endfacet
  facet normal 0.000000e+00 1.000000e+00 -0.000000e+00
    outer loop
      vertex   1.365825e+01 2.220446e-15 3.404557e+01
      vertex   1.347463e+01 2.220446e-15 4.408000e+01
      vertex   1.400726e+01 2.220446e-15 3.456450e+01
    endloop
  endfacet
  facet normal 0.000000e+00 1.000000e+00 -0.000000e+00
    outer loop
      vertex   1.400726e+01 2.220446e-15 3.456450e+01
      vertex   1.347463e+01 2.220446e-15 4.408000e+01
      vertex   1.437958e+01 2.220446e-15 3.506697e+01
    endloop
  endfacet
  facet normal 0.000000e+00 1.000000e+00 -0.000000e+00
    outer loop
      vertex   1.437958e+01 2.220446e-15 3.506697e+01
      vertex   1.347463e+01 2.220446e-15 4.408000e+01
      vertex   1.477444e+01 2.220446e-15 3.555192e+01
    endloop
  endfacet
  facet normal 0.000000e+00 1.000000e+00 -0.000000e+00
    outer loop
      vertex   1.477444e+01 2.220446e-15 3.555192e+01
      vertex   1.347463e+01 2.220446e-15 4.408000e+01
      vertex   1.519102e+01 2.220446e-15 3.601836e+01
    endloop
  endfacet
  facet normal 0.000000e+00 1.000000e+00 -0.000000e+00
    outer loop
      vertex   1.519102e+01 2.220446e-15 3.601836e+01
      vertex   1.347463e+01 2.220446e-15 4.408000e+01
      vertex   1.562845e+01 2.220446e-15 3.646530e+01
    endloop
  endfacet
  facet normal 0.000000e+00 1.000000e+00 -0.000000e+00
    outer loop
      vertex   1.562845e+01 2.220446e-15 3.646530e+01
      vertex   1.347463e+01 2.220446e-15 4.408000e+01
      vertex   1.608581e+01 2.220446e-15 3.689181e+01
    endloop
  endfacet
  facet normal 0.000000e+00 1.000000e+00 0.000000e+00
    outer loop
      vertex   1.608581e+01 2.220446e-15 3.689181e+01
      vertex   1.347463e+01 2.220446e-15 4.408000e+01
      vertex   1.384261e+01 2.220446e-15 4.406644e+01
    endloop
  endfacet
  facet normal 0.000000e+00 1.000000e+00 0.000000e+00
    outer loop
      vertex   1.608581e+01 2.220446e-15 3.689181e+01
      vertex   1.384261e+01 2.220446e-15 4.406644e+01
      vertex   1.420859e+01 2.220446e-15 4.402584e+01
    endloop
  endfacet
  facet normal 0.000000e+00 1.000000e+00 0.000000e+00
    outer loop
      vertex   1.420859e+01 2.220446e-15 4.402584e+01
      vertex   1.457060e+01 2.220446e-15 4.395841e+01
      vertex   1.608581e+01 2.220446e-15 3.689181e+01
    endloop
  endfacet
  facet normal 0.000000e+00 1.000000e+00 0.000000e+00
    outer loop
      vertex   1.608581e+01 2.220446e-15 3.689181e+01
      vertex   1.457060e+01 2.220446e-15 4.395841e+01
      vertex   1.492666e+01 2.220446e-15 4.386452e+01
    endloop
  endfacet
  facet normal 0.000000e+00 1.000000e+00 0.000000e+00
    outer loop
      vertex   1.608581e+01 2.220446e-15 3.689181e+01
      vertex   1.492666e+01 2.220446e-15 4.386452e+01
      vertex   1.527485e+01 2.220446e-15 4.374468e+01
    endloop
  endfacet
  facet normal 0.000000e+00 1.000000e+00 0.000000e+00
    outer loop
      vertex   1.527485e+01 2.220446e-15 4.374468e+01
      vertex   1.561327e+01 2.220446e-15 4.359954e+01
      vertex   1.608581e+01 2.220446e-15 3.689181e+01
    endloop
  endfacet
  facet normal 0.000000e+00 1.000000e+00 0.000000e+00
    outer loop
      vertex   1.608581e+01 2.220446e-15 3.689181e+01
      vertex   1.561327e+01 2.220446e-15 4.359954e+01
      vertex   1.594009e+01 2.220446e-15 4.342988e+01
    endloop
  endfacet
  facet normal 0.000000e+00 1.000000e+00 -0.000000e+00
    outer loop
      vertex   1.608581e+01 2.220446e-15 3.689181e+01
      vertex   1.594009e+01 2.220446e-15 4.342988e+01
      vertex   1.625354e+01 2.220446e-15 4.323664e+01
    endloop
  endfacet
  facet normal 0.000000e+00 1.000000e+00 0.000000e+00
    outer loop
      vertex   1.625354e+01 2.220446e-15 4.323664e+01
      vertex   1.655192e+01 2.220446e-15 4.302085e+01
      vertex   1.608581e+01 2.220446e-15 3.689181e+01
    endloop
  endfacet
  facet normal 0.000000e+00 1.000000e+00 0.000000e+00
    outer loop
      vertex   1.608581e+01 2.220446e-15 3.689181e+01
      vertex   1.655192e+01 2.220446e-15 4.302085e+01
      vertex   1.656216e+01 2.220446e-15 3.729702e+01
    endloop
  endfacet
  facet normal 0.000000e+00 1.000000e+00 -0.000000e+00
    outer loop
      vertex   1.656216e+01 2.220446e-15 3.729702e+01
      vertex   1.655192e+01 2.220446e-15 4.302085e+01
      vertex   1.683360e+01 2.220446e-15 4.278369e+01
    endloop
  endfacet
  facet normal 0.000000e+00 1.000000e+00 0.000000e+00
    outer loop
      vertex   1.656216e+01 2.220446e-15 3.729702e+01
      vertex   1.683360e+01 2.220446e-15 4.278369e+01
      vertex   1.709707e+01 2.220446e-15 4.252643e+01
    endloop
  endfacet
  facet normal 0.000000e+00 1.000000e+00 0.000000e+00
    outer loop
      vertex   1.709707e+01 2.220446e-15 4.252643e+01
      vertex   1.734089e+01 2.220446e-15 4.225049e+01
      vertex   1.656216e+01 2.220446e-15 3.729702e+01
    endloop
  endfacet
  facet normal 0.000000e+00 1.000000e+00 0.000000e+00
    outer loop
      vertex   1.656216e+01 2.220446e-15 3.729702e+01
      vertex   1.734089e+01 2.220446e-15 4.225049e+01
      vertex   1.756374e+01 2.220446e-15 4.195735e+01
    endloop
  endfacet
  facet normal 0.000000e+00 1.000000e+00 0.000000e+00
    outer loop
      vertex   1.656216e+01 2.220446e-15 3.729702e+01
      vertex   1.756374e+01 2.220446e-15 4.195735e+01
      vertex   1.776442e+01 2.220446e-15 4.164860e+01
    endloop
  endfacet
  facet normal 0.000000e+00 1.000000e+00 0.000000e+00
    outer loop
      vertex   1.656216e+01 2.220446e-15 3.729702e+01
      vertex   1.776442e+01 2.220446e-15 4.164860e+01
      vertex   1.705650e+01 2.220446e-15 3.768007e+01
    endloop
  endfacet
  facet normal 0.000000e+00 1.000000e+00 0.000000e+00
    outer loop
      vertex   1.705650e+01 2.220446e-15 3.768007e+01
      vertex   1.776442e+01 2.220446e-15 4.164860e+01
      vertex   1.794182e+01 2.220446e-15 4.132592e+01
    endloop
  endfacet
  facet normal 0.000000e+00 1.000000e+00 0.000000e+00
    outer loop
      vertex   1.705650e+01 2.220446e-15 3.768007e+01
      vertex   1.794182e+01 2.220446e-15 4.132592e+01
      vertex   1.809500e+01 2.220446e-15 4.099106e+01
    endloop
  endfacet
  facet normal 0.000000e+00 1.000000e+00 -0.000000e+00
    outer loop
      vertex   1.809500e+01 2.220446e-15 3.837655e+01
      vertex   1.756780e+01 2.220446e-15 3.804016e+01
      vertex   1.809500e+01 2.220446e-15 4.099106e+01
    endloop
  endfacet
  facet normal 0.000000e+00 1.000000e+00 0.000000e+00
    outer loop
      vertex   1.809500e+01 2.220446e-15 4.099106e+01
      vertex   1.756780e+01 2.220446e-15 3.804016e+01
      vertex   1.705650e+01 2.220446e-15 3.768007e+01
    endloop
  endfacet
  facet normal -1.000000e+00 -8.881784e-16 -1.903239e-16
    outer loop
      vertex   -8.881784e-15 0.000000e+00 4.408000e+01
      vertex   -2.220446e-15 -1.110223e-15 9.080000e+00
      vertex   -4.440892e-15 -5.000000e+00 4.408000e+01
    endloop
  endfacet
  facet normal -1.000000e+00 -1.603655e-16 -8.635068e-17
    outer loop
      vertex   -4.440892e-15 -5.000000e+00 4.408000e+01
      vertex   -2.220446e-15 -1.110223e-15 9.080000e+00
      vertex   0.000000e+00 -9.000000e+00 8.000000e-02
    endloop
  endfacet
  facet normal -1.000000e+00 2.100422e-16 -1.200241e-16
    outer loop
      vertex   -4.440892e-15 -5.000000e+00 4.408000e+01
      vertex   0.000000e+00 -9.000000e+00 8.000000e-02
      vertex   -4.440892e-15 -2.500000e+01 9.080000e+00
    endloop
  endfacet
  facet normal -1.000000e+00 3.497722e-17 -4.312507e-16
    outer loop
      vertex   -4.440892e-15 -2.500000e+01 9.080000e+00
      vertex   0.000000e+00 -9.000000e+00 8.000000e-02
      vertex   -5.251355e-16 -2.500000e+01 0.000000e+00
    endloop
  endfacet
  facet normal -1.000000e+00 3.282097e-17 0.000000e+00
    outer loop
      vertex   -5.251355e-16 -2.500000e+01 0.000000e+00
      vertex   0.000000e+00 -9.000000e+00 8.000000e-02
      vertex   0.000000e+00 -9.000000e+00 0.000000e+00
    endloop
  endfacet
  facet normal -0.000000e+00 -1.000000e+00 -0.000000e+00
    outer loop
      vertex   5.040000e+01 -2.500000e+01 9.080000e+00
      vertex   -4.440892e-15 -2.500000e+01 9.080000e+00
      vertex   5.040000e+01 -2.500000e+01 4.440892e-15
    endloop
  endfacet
  facet normal -0.000000e+00 -1.000000e+00 0.000000e+00
    outer loop
      vertex   5.040000e+01 -2.500000e+01 4.440892e-15
      vertex   -4.440892e-15 -2.500000e+01 9.080000e+00
      vertex   -5.251355e-16 -2.500000e+01 0.000000e+00
    endloop
  endfacet
  facet normal 4.863842e-09 2.997607e-08 -1.000000e+00
    outer loop
      vertex   3.906000e+01 -2.316000e+01 2.220446e-15
      vertex   5.040000e+01 -2.500000e+01 4.440892e-15
      vertex   2.982000e+01 -2.316000e+01 -4.494190e-08
    endloop
  endfacet
  facet normal 8.811294e-17 -2.442495e-08 -1.000000e+00
    outer loop
      vertex   2.982000e+01 -2.316000e+01 -4.494190e-08
      vertex   5.040000e+01 -2.500000e+01 4.440892e-15
      vertex   -5.251355e-16 -2.500000e+01 0.000000e+00
    endloop
  endfacet
  facet normal -2.781058e-09 2.064634e-08 -1.000000e+00
    outer loop
      vertex   2.982000e+01 -2.316000e+01 -4.494190e-08
      vertex   -5.251355e-16 -2.500000e+01 0.000000e+00
      vertex   1.366000e+01 -2.316000e+01 2.220446e-15
    endloop
  endfacet
  facet normal 4.863842e-09 -3.610874e-08 -1.000000e+00
    outer loop
      vertex   1.366000e+01 -2.316000e+01 2.220446e-15
      vertex   -5.251355e-16 -2.500000e+01 0.000000e+00
      vertex   4.420000e+00 -2.316000e+01 -4.494190e-08
    endloop
  endfacet
  facet normal -1.295191e-08 6.687783e-09 -1.000000e+00
    outer loop
      vertex   4.420000e+00 -2.316000e+01 -4.494190e-08
      vertex   -5.251355e-16 -2.500000e+01 0.000000e+00
      vertex   4.420000e+00 -1.644000e+01 0.000000e+00
    endloop
  endfacet
  facet normal -0.000000e+00 0.000000e+00 -1.000000e+00
    outer loop
      vertex   4.420000e+00 -1.644000e+01 0.000000e+00
      vertex   -5.251355e-16 -2.500000e+01 0.000000e+00
      vertex   0.000000e+00 -9.000000e+00 0.000000e+00
    endloop
  endfacet
  facet normal 0.000000e+00 0.000000e+00 -1.000000e+00
    outer loop
      vertex   4.420000e+00 -1.644000e+01 0.000000e+00
      vertex   0.000000e+00 -9.000000e+00 0.000000e+00
      vertex   6.420000e+00 -1.000000e+01 0.000000e+00
    endloop
  endfacet
  facet normal 3.066914e-16 1.968959e-15 -1.000000e+00
    outer loop
      vertex   6.420000e+00 -1.000000e+01 0.000000e+00
      vertex   0.000000e+00 -9.000000e+00 0.000000e+00
      vertex   1.366000e+01 -1.000000e+01 2.220446e-15
    endloop
  endfacet
  facet normal -1.222713e-16 -3.890671e-15 -1.000000e+00
    outer loop
      vertex   1.366000e+01 -1.000000e+01 2.220446e-15
      vertex   0.000000e+00 -9.000000e+00 0.000000e+00
      vertex   3.182000e+01 -1.000000e+01 0.000000e+00
    endloop
  endfacet
  facet normal -1.222713e-16 3.797244e-17 -1.000000e+00
    outer loop
      vertex   1.366000e+01 -1.000000e+01 2.220446e-15
      vertex   3.182000e+01 -1.000000e+01 0.000000e+00
      vertex   2.982000e+01 -1.644000e+01 0.000000e+00
    endloop
  endfacet
  facet normal 0.000000e+00 0.000000e+00 -1.000000e+00
    outer loop
      vertex   2.982000e+01 -1.644000e+01 0.000000e+00
      vertex   3.182000e+01 -1.000000e+01 0.000000e+00
      vertex   3.182000e+01 -1.644000e+01 0.000000e+00
    endloop
  endfacet
  facet normal 1.958065e-16 0.000000e+00 -1.000000e+00
    outer loop
      vertex   5.040000e+01 -2.500000e+01 4.440892e-15
      vertex   3.906000e+01 -2.316000e+01 2.220446e-15
      vertex   5.040000e+01 -9.000000e+00 4.440892e-15
    endloop
  endfacet
  facet normal 1.958065e-16 0.000000e+00 -1.000000e+00
    outer loop
      vertex   5.040000e+01 -9.000000e+00 4.440892e-15
      vertex   3.906000e+01 -2.316000e+01 2.220446e-15
      vertex   3.906000e+01 -1.000000e+01 2.220446e-15
    endloop
  endfacet
  facet normal 3.066914e-16 -1.257435e-15 -1.000000e+00
    outer loop
      vertex   5.040000e+01 -9.000000e+00 4.440892e-15
      vertex   3.906000e+01 -1.000000e+01 2.220446e-15
      vertex   3.182000e+01 -1.000000e+01 0.000000e+00
    endloop
  endfacet
  facet normal -1.374038e-16 -0.000000e+00 -1.000000e+00
    outer loop
      vertex   1.366000e+01 -1.000000e+01 2.220446e-15
      vertex   2.982000e+01 -1.644000e+01 0.000000e+00
      vertex   1.366000e+01 -2.316000e+01 2.220446e-15
    endloop
  endfacet
  facet normal -2.781058e-09 6.687783e-09 -1.000000e+00
    outer loop
      vertex   1.366000e+01 -2.316000e+01 2.220446e-15
      vertex   2.982000e+01 -1.644000e+01 0.000000e+00
      vertex   2.982000e+01 -2.316000e+01 -4.494190e-08
    endloop
  endfacet
  facet normal 0.000000e+00 -0.000000e+00 -1.000000e+00
    outer loop
      vertex   6.420000e+00 -1.000000e+01 0.000000e+00
      vertex   6.420000e+00 -1.644000e+01 0.000000e+00
      vertex   4.420000e+00 -1.644000e+01 0.000000e+00
    endloop
  endfacet
  facet normal 8.811294e-17 2.803754e-15 -1.000000e+00
    outer loop
      vertex   0.000000e+00 -9.000000e+00 0.000000e+00
      vertex   5.040000e+01 -9.000000e+00 4.440892e-15
      vertex   3.182000e+01 -1.000000e+01 0.000000e+00
    endloop
  endfacet
  facet normal 6.230526e-17 7.071068e-01 -7.071068e-01
    outer loop
      vertex   5.040000e+01 -9.000000e+00 8.000000e-02
      vertex   0.000000e+00 -9.000000e+00 8.000000e-02
      vertex   5.040000e+01 3.330669e-15 9.080000e+00
    endloop
  endfacet
  facet normal 1.246105e-17 7.071068e-01 -7.071068e-01
    outer loop
      vertex   5.040000e+01 3.330669e-15 9.080000e+00
      vertex   0.000000e+00 -9.000000e+00 8.000000e-02
      vertex   -2.220446e-15 -1.110223e-15 9.080000e+00
    endloop
  endfacet
  facet normal 9.601533e-17 -9.497307e-01 -3.130682e-01
    outer loop
      vertex   1.366000e+01 -9.219322e+00 1.551307e+00
      vertex   1.366000e+01 -1.000000e+01 3.919588e+00
      vertex   6.420000e+00 -9.219322e+00 1.551307e+00
    endloop
  endfacet
  facet normal -2.539819e-19 -9.497307e-01 -3.130682e-01
    outer loop
      vertex   6.420000e+00 -9.219322e+00 1.551307e+00
      vertex   1.366000e+01 -1.000000e+01 3.919588e+00
      vertex   6.420000e+00 -1.000000e+01 3.919588e+00
    endloop
  endfacet
  facet normal 0.000000e+00 -1.000000e+00 0.000000e+00
    outer loop
      vertex   6.420000e+00 -1.000000e+01 5.350000e+00
      vertex   6.420000e+00 -1.000000e+01 3.919588e+00
      vertex   1.366000e+01 -1.000000e+01 5.350000e+00
    endloop
  endfacet
  facet normal 0.000000e+00 -1.000000e+00 -0.000000e+00
    outer loop
      vertex   1.366000e+01 -1.000000e+01 5.350000e+00
      vertex   6.420000e+00 -1.000000e+01 3.919588e+00
      vertex   1.366000e+01 -1.000000e+01 3.919588e+00
    endloop
  endfacet
  facet normal -6.190629e-09 1.811688e-11 -1.000000e+00
    outer loop
      vertex   1.366000e+01 -1.000000e+01 5.350000e+00
      vertex   1.366000e+01 -2.316000e+01 5.350000e+00
      vertex   6.420000e+00 -1.644000e+01 5.350000e+00
    endloop
  endfacet
  facet normal 4.806160e-16 6.687783e-09 -1.000000e+00
    outer loop
      vertex   6.420000e+00 -1.644000e+01 5.350000e+00
      vertex   1.366000e+01 -2.316000e+01 5.350000e+00
      vertex   4.420000e+00 -2.316000e+01 5.350000e+00
    endloop
  endfacet
  facet normal 0.000000e+00 6.687783e-09 -1.000000e+00
    outer loop
      vertex   6.420000e+00 -1.644000e+01 5.350000e+00
      vertex   4.420000e+00 -2.316000e+01 5.350000e+00
      vertex   4.420000e+00 -1.644000e+01 5.350000e+00
    endloop
  endfacet
  facet normal 3.680297e-16 -6.941535e-09 -1.000000e+00
    outer loop
      vertex   6.420000e+00 -1.644000e+01 5.350000e+00
      vertex   6.420000e+00 -1.000000e+01 5.350000e+00
      vertex   1.366000e+01 -1.000000e+01 5.350000e+00
    endloop
  endfacet
  facet normal 0.000000e+00 1.000000e+00 -0.000000e+00
    outer loop
      vertex   4.420000e+00 -2.316000e+01 3.919588e+00
      vertex   4.420000e+00 -2.316000e+01 5.350000e+00
      vertex   1.366000e+01 -2.316000e+01 3.919588e+00
    endloop
  endfacet
  facet normal 0.000000e+00 1.000000e+00 -0.000000e+00
    outer loop
      vertex   1.366000e+01 -2.316000e+01 3.919588e+00
      vertex   4.420000e+00 -2.316000e+01 5.350000e+00
      vertex   1.366000e+01 -2.316000e+01 5.350000e+00
    endloop
  endfacet
  facet normal 7.523279e-17 9.497307e-01 -3.130682e-01
    outer loop
      vertex   4.420000e+00 -2.379277e+01 2.000000e+00
      vertex   4.420000e+00 -2.316000e+01 3.919588e+00
      vertex   1.366000e+01 -2.379277e+01 2.000000e+00
    endloop
  endfacet
  facet normal -1.933541e-18 9.497307e-01 -3.130682e-01
    outer loop
      vertex   1.366000e+01 -2.379277e+01 2.000000e+00
      vertex   4.420000e+00 -2.316000e+01 3.919588e+00
      vertex   1.366000e+01 -2.316000e+01 3.919588e+00
    endloop
  endfacet
  facet normal 0.000000e+00 1.000000e+00 -0.000000e+00
    outer loop
      vertex   1.366000e+01 -2.379277e+01 1.920000e+00
      vertex   4.420000e+00 -2.379277e+01 1.920000e+00
      vertex   1.366000e+01 -2.379277e+01 2.000000e+00
    endloop
  endfacet
  facet normal 0.000000e+00 1.000000e+00 0.000000e+00
    outer loop
      vertex   1.366000e+01 -2.379277e+01 2.000000e+00
      vertex   4.420000e+00 -2.379277e+01 1.920000e+00
      vertex   4.420000e+00 -2.379277e+01 2.000000e+00
    endloop
  endfacet
  facet normal 0.000000e+00 0.000000e+00 1.000000e+00
    outer loop
      vertex   1.366000e+01 -2.341000e+01 1.920000e+00
      vertex   4.420000e+00 -2.341000e+01 1.920000e+00
      vertex   1.366000e+01 -2.379277e+01 1.920000e+00
    endloop
  endfacet
  facet normal -2.403080e-16 -5.800981e-15 1.000000e+00
    outer loop
      vertex   1.366000e+01 -2.379277e+01 1.920000e+00
      vertex   4.420000e+00 -2.341000e+01 1.920000e+00
      vertex   4.420000e+00 -2.379277e+01 1.920000e+00
    endloop
  endfacet
  facet normal 3.055244e-15 -8.715574e-02 9.961947e-01
    outer loop
      vertex   6.420000e+00 -9.917365e+00 1.418481e+00
      vertex   6.782000e+00 -9.917365e+00 1.418481e+00
      vertex   6.420000e+00 -9.900000e+00 1.420000e+00
    endloop
  endfacet
  facet normal 1.839715e-19 -8.715574e-02 9.961947e-01
    outer loop
      vertex   6.420000e+00 -9.900000e+00 1.420000e+00
      vertex   6.782000e+00 -9.917365e+00 1.418481e+00
      vertex   7.144000e+00 -9.917365e+00 1.418481e+00
    endloop
  endfacet
  facet normal 1.839715e-19 -8.715574e-02 9.961947e-01
    outer loop
      vertex   6.420000e+00 -9.900000e+00 1.420000e+00
      vertex   7.144000e+00 -9.917365e+00 1.418481e+00
      vertex   7.506000e+00 -9.917365e+00 1.418481e+00
    endloop
  endfacet
  facet normal 0.000000e+00 -2.588190e-01 9.659258e-01
    outer loop
      vertex   7.506000e+00 -9.917365e+00 1.418481e+00
      vertex   7.144000e+00 -9.917365e+00 1.418481e+00
      vertex   7.506000e+00 -9.934202e+00 1.413969e+00
    endloop
  endfacet
  facet normal -7.378335e-19 -2.588190e-01 9.659258e-01
    outer loop
      vertex   7.506000e+00 -9.917365e+00 1.418481e+00
      vertex   7.506000e+00 -9.934202e+00 1.413969e+00
      vertex   7.868000e+00 -9.934202e+00 1.413969e+00
    endloop
  endfacet
  facet normal 0.000000e+00 -4.226183e-01 9.063078e-01
    outer loop
      vertex   7.868000e+00 -9.934202e+00 1.413969e+00
      vertex   7.506000e+00 -9.934202e+00 1.413969e+00
      vertex   7.868000e+00 -9.950000e+00 1.406603e+00
    endloop
  endfacet
  facet normal -1.050189e-18 -4.226183e-01 9.063078e-01
    outer loop
      vertex   7.868000e+00 -9.934202e+00 1.413969e+00
      vertex   7.868000e+00 -9.950000e+00 1.406603e+00
      vertex   8.230000e+00 -9.950000e+00 1.406603e+00
    endloop
  endfacet
  facet normal 0.000000e+00 -5.735764e-01 8.191520e-01
    outer loop
      vertex   8.230000e+00 -9.950000e+00 1.406603e+00
      vertex   7.868000e+00 -9.950000e+00 1.406603e+00
      vertex   8.230000e+00 -9.964279e+00 1.396604e+00
    endloop
  endfacet
  facet normal -1.883312e-18 -5.735764e-01 8.191520e-01
    outer loop
      vertex   8.230000e+00 -9.950000e+00 1.406603e+00
      vertex   8.230000e+00 -9.964279e+00 1.396604e+00
      vertex   8.592000e+00 -9.964279e+00 1.396604e+00
    endloop
  endfacet
  facet normal 0.000000e+00 -7.071068e-01 7.071068e-01
    outer loop
      vertex   8.592000e+00 -9.964279e+00 1.396604e+00
      vertex   8.230000e+00 -9.964279e+00 1.396604e+00
      vertex   8.592000e+00 -9.976604e+00 1.384279e+00
    endloop
  endfacet
  facet normal 1.988818e-18 -7.071068e-01 7.071068e-01
    outer loop
      vertex   8.592000e+00 -9.964279e+00 1.396604e+00
      vertex   8.592000e+00 -9.976604e+00 1.384279e+00
      vertex   8.954000e+00 -9.976604e+00 1.384279e+00
    endloop
  endfacet
  facet normal 0.000000e+00 -8.191520e-01 5.735764e-01
    outer loop
      vertex   8.954000e+00 -9.976604e+00 1.384279e+00
      vertex   8.592000e+00 -9.976604e+00 1.384279e+00
      vertex   8.954000e+00 -9.986603e+00 1.370000e+00
    endloop
  endfacet
  facet normal -3.528392e-16 -8.191520e-01 5.735764e-01
    outer loop
      vertex   8.954000e+00 -9.976604e+00 1.384279e+00
      vertex   8.954000e+00 -9.986603e+00 1.370000e+00
      vertex   9.316000e+00 -9.986603e+00 1.370000e+00
    endloop
  endfacet
  facet normal -2.592268e-16 -9.063078e-01 4.226183e-01
    outer loop
      vertex   9.316000e+00 -9.986603e+00 1.370000e+00
      vertex   8.954000e+00 -9.986603e+00 1.370000e+00
      vertex   9.316000e+00 -9.993969e+00 1.354202e+00
    endloop
  endfacet
  facet normal 2.588888e-16 -9.063078e-01 4.226183e-01
    outer loop
      vertex   9.316000e+00 -9.986603e+00 1.370000e+00
      vertex   9.316000e+00 -9.993969e+00 1.354202e+00
      vertex   9.678000e+00 -9.993969e+00 1.354202e+00
    endloop
  endfacet
  facet normal 1.587552e-16 -9.659258e-01 2.588190e-01
    outer loop
      vertex   9.678000e+00 -9.993969e+00 1.354202e+00
      vertex   9.316000e+00 -9.993969e+00 1.354202e+00
      vertex   9.678000e+00 -9.998481e+00 1.337365e+00
    endloop
  endfacet
  facet normal -7.441984e-19 -9.659258e-01 2.588190e-01
    outer loop
      vertex   9.678000e+00 -9.993969e+00 1.354202e+00
      vertex   9.678000e+00 -9.998481e+00 1.337365e+00
      vertex   1.004000e+01 -9.998481e+00 1.337365e+00
    endloop
  endfacet
  facet normal 0.000000e+00 -9.961947e-01 8.715574e-02
    outer loop
      vertex   1.004000e+01 -9.998481e+00 1.337365e+00
      vertex   9.678000e+00 -9.998481e+00 1.337365e+00
      vertex   6.420000e+00 -1.000000e+01 1.320000e+00
    endloop
  endfacet
  facet normal -3.522812e-21 -9.961947e-01 8.715574e-02
    outer loop
      vertex   1.004000e+01 -9.998481e+00 1.337365e+00
      vertex   6.420000e+00 -1.000000e+01 1.320000e+00
      vertex   1.366000e+01 -1.000000e+01 1.320000e+00
    endloop
  endfacet
  facet normal 2.962412e-15 -2.588190e-01 9.659258e-01
    outer loop
      vertex   6.782000e+00 -9.917365e+00 1.418481e+00
      vertex   6.420000e+00 -9.917365e+00 1.418481e+00
      vertex   6.782000e+00 -9.934202e+00 1.413969e+00
    endloop
  endfacet
  facet normal 2.962412e-15 -2.588190e-01 9.659258e-01
    outer loop
      vertex   6.782000e+00 -9.934202e+00 1.413969e+00
      vertex   6.420000e+00 -9.917365e+00 1.418481e+00
      vertex   6.420000e+00 -9.934202e+00 1.413969e+00
    endloop
  endfacet
  facet normal 2.779568e-15 -4.226183e-01 9.063078e-01
    outer loop
      vertex   6.782000e+00 -9.934202e+00 1.413969e+00
      vertex   6.420000e+00 -9.934202e+00 1.413969e+00
      vertex   6.782000e+00 -9.950000e+00 1.406603e+00
    endloop
  endfacet
  facet normal 2.223655e-15 -4.226183e-01 9.063078e-01
    outer loop
      vertex   6.782000e+00 -9.950000e+00 1.406603e+00
      vertex   6.420000e+00 -9.934202e+00 1.413969e+00
      vertex   6.420000e+00 -9.950000e+00 1.406603e+00
    endloop
  endfacet
  facet normal 2.009815e-15 -5.735764e-01 8.191520e-01
    outer loop
      vertex   6.782000e+00 -9.950000e+00 1.406603e+00
      vertex   6.420000e+00 -9.950000e+00 1.406603e+00
      vertex   6.782000e+00 -9.964279e+00 1.396604e+00
    endloop
  endfacet
  facet normal 4.321937e-15 -5.735764e-01 8.191520e-01
    outer loop
      vertex   6.782000e+00 -9.964279e+00 1.396604e+00
      vertex   6.420000e+00 -9.950000e+00 1.406603e+00
      vertex   6.420000e+00 -9.964279e+00 1.396604e+00
    endloop
  endfacet
  facet normal 4.770999e-15 -7.071068e-01 7.071068e-01
    outer loop
      vertex   6.782000e+00 -9.964279e+00 1.396604e+00
      vertex   6.420000e+00 -9.964279e+00 1.396604e+00
      vertex   6.782000e+00 -9.976604e+00 1.384279e+00
    endloop
  endfacet
  facet normal 8.674544e-16 -7.071068e-01 7.071068e-01
    outer loop
      vertex   6.782000e+00 -9.976604e+00 1.384279e+00
      vertex   6.420000e+00 -9.964279e+00 1.396604e+00
      vertex   6.420000e+00 -9.976604e+00 1.384279e+00
    endloop
  endfacet
  facet normal 7.036439e-16 -8.191520e-01 5.735764e-01
    outer loop
      vertex   6.782000e+00 -9.976604e+00 1.384279e+00
      vertex   6.420000e+00 -9.976604e+00 1.384279e+00
      vertex   6.782000e+00 -9.986603e+00 1.370000e+00
    endloop
  endfacet
  facet normal 0.000000e+00 -8.191520e-01 5.735764e-01
    outer loop
      vertex   6.782000e+00 -9.986603e+00 1.370000e+00
      vertex   6.420000e+00 -9.976604e+00 1.384279e+00
      vertex   6.420000e+00 -9.986603e+00 1.370000e+00
    endloop
  endfacet
  facet normal 0.000000e+00 -9.063078e-01 4.226183e-01
    outer loop
      vertex   6.782000e+00 -9.986603e+00 1.370000e+00
      vertex   6.420000e+00 -9.986603e+00 1.370000e+00
      vertex   6.782000e+00 -9.993969e+00 1.354202e+00
    endloop
  endfacet
  facet normal 0.000000e+00 -9.063078e-01 4.226183e-01
    outer loop
      vertex   6.782000e+00 -9.993969e+00 1.354202e+00
      vertex   6.420000e+00 -9.986603e+00 1.370000e+00
      vertex   6.420000e+00 -9.993969e+00 1.354202e+00
    endloop
  endfacet
  facet normal 0.000000e+00 -9.659258e-01 2.588190e-01
    outer loop
      vertex   6.782000e+00 -9.993969e+00 1.354202e+00
      vertex   6.420000e+00 -9.993969e+00 1.354202e+00
      vertex   6.782000e+00 -9.998481e+00 1.337365e+00
    endloop
  endfacet
  facet normal 0.000000e+00 -9.659258e-01 2.588190e-01
    outer loop
      vertex   6.782000e+00 -9.998481e+00 1.337365e+00
      vertex   6.420000e+00 -9.993969e+00 1.354202e+00
      vertex   6.420000e+00 -9.998481e+00 1.337365e+00
    endloop
  endfacet
  facet normal 0.000000e+00 -9.961947e-01 8.715574e-02
    outer loop
      vertex   6.782000e+00 -9.998481e+00 1.337365e+00
      vertex   6.420000e+00 -9.998481e+00 1.337365e+00
      vertex   6.420000e+00 -1.000000e+01 1.320000e+00
    endloop
  endfacet
  facet normal 0.000000e+00 -9.961947e-01 8.715574e-02
    outer loop
      vertex   1.366000e+01 -9.998481e+00 1.337365e+00
      vertex   1.329800e+01 -9.998481e+00 1.337365e+00
      vertex   1.366000e+01 -1.000000e+01 1.320000e+00
    endloop
  endfacet
  facet normal 5.338938e-17 -9.961947e-01 8.715574e-02
    outer loop
      vertex   1.366000e+01 -1.000000e+01 1.320000e+00
      vertex   1.329800e+01 -9.998481e+00 1.337365e+00
      vertex   1.293600e+01 -9.998481e+00 1.337365e+00
    endloop
  endfacet
  facet normal -5.322751e-17 -9.961947e-01 8.715574e-02
    outer loop
      vertex   1.366000e+01 -1.000000e+01 1.320000e+00
      vertex   1.293600e+01 -9.998481e+00 1.337365e+00
      vertex   1.257400e+01 -9.998481e+00 1.337365e+00
    endloop
  endfacet
  facet normal -1.587552e-16 -9.659258e-01 2.588190e-01
    outer loop
      vertex   1.257400e+01 -9.998481e+00 1.337365e+00
      vertex   1.293600e+01 -9.998481e+00 1.337365e+00
      vertex   1.257400e+01 -9.993969e+00 1.354202e+00
    endloop
  endfacet
  facet normal -7.441984e-19 -9.659258e-01 2.588190e-01
    outer loop
      vertex   1.257400e+01 -9.998481e+00 1.337365e+00
      vertex   1.257400e+01 -9.993969e+00 1.354202e+00
      vertex   1.221200e+01 -9.993969e+00 1.354202e+00
    endloop
  endfacet
  facet normal 0.000000e+00 -9.063078e-01 4.226183e-01
    outer loop
      vertex   1.221200e+01 -9.993969e+00 1.354202e+00
      vertex   1.257400e+01 -9.993969e+00 1.354202e+00
      vertex   1.221200e+01 -9.986603e+00 1.370000e+00
    endloop
  endfacet
  facet normal -9.901077e-19 -9.063078e-01 4.226183e-01
    outer loop
      vertex   1.221200e+01 -9.993969e+00 1.354202e+00
      vertex   1.221200e+01 -9.986603e+00 1.370000e+00
      vertex   1.185000e+01 -9.986603e+00 1.370000e+00
    endloop
  endfacet
  facet normal 0.000000e+00 -8.191520e-01 5.735764e-01
    outer loop
      vertex   1.185000e+01 -9.986603e+00 1.370000e+00
      vertex   1.221200e+01 -9.986603e+00 1.370000e+00
      vertex   1.185000e+01 -9.976604e+00 1.384279e+00
    endloop
  endfacet
  facet normal -1.427885e-18 -8.191520e-01 5.735764e-01
    outer loop
      vertex   1.185000e+01 -9.986603e+00 1.370000e+00
      vertex   1.185000e+01 -9.976604e+00 1.384279e+00
      vertex   1.148800e+01 -9.976604e+00 1.384279e+00
    endloop
  endfacet
  facet normal 0.000000e+00 -7.071068e-01 7.071068e-01
    outer loop
      vertex   1.148800e+01 -9.976604e+00 1.384279e+00
      vertex   1.185000e+01 -9.976604e+00 1.384279e+00
      vertex   1.148800e+01 -9.964279e+00 1.396604e+00
    endloop
  endfacet
  facet normal 2.109101e-18 -7.071068e-01 7.071068e-01
    outer loop
      vertex   1.148800e+01 -9.976604e+00 1.384279e+00
      vertex   1.148800e+01 -9.964279e+00 1.396604e+00
      vertex   1.112600e+01 -9.964279e+00 1.396604e+00
    endloop
  endfacet
  facet normal 0.000000e+00 -5.735764e-01 8.191520e-01
    outer loop
      vertex   1.112600e+01 -9.964279e+00 1.396604e+00
      vertex   1.148800e+01 -9.964279e+00 1.396604e+00
      vertex   1.112600e+01 -9.950000e+00 1.406603e+00
    endloop
  endfacet
  facet normal -2.005262e-18 -5.735764e-01 8.191520e-01
    outer loop
      vertex   1.112600e+01 -9.964279e+00 1.396604e+00
      vertex   1.112600e+01 -9.950000e+00 1.406603e+00
      vertex   1.076400e+01 -9.950000e+00 1.406603e+00
    endloop
  endfacet
  facet normal 0.000000e+00 -4.226183e-01 9.063078e-01
    outer loop
      vertex   1.076400e+01 -9.950000e+00 1.406603e+00
      vertex   1.112600e+01 -9.950000e+00 1.406603e+00
      vertex   1.076400e+01 -9.934202e+00 1.413969e+00
    endloop
  endfacet
  facet normal 3.853614e-19 -4.226183e-01 9.063078e-01
    outer loop
      vertex   1.076400e+01 -9.950000e+00 1.406603e+00
      vertex   1.076400e+01 -9.934202e+00 1.413969e+00
      vertex   1.040200e+01 -9.934202e+00 1.413969e+00
    endloop
  endfacet
  facet normal 0.000000e+00 -2.588190e-01 9.659258e-01
    outer loop
      vertex   1.040200e+01 -9.934202e+00 1.413969e+00
      vertex   1.076400e+01 -9.934202e+00 1.413969e+00
      vertex   1.040200e+01 -9.917365e+00 1.418481e+00
    endloop
  endfacet
  facet normal -1.185703e-15 -2.588190e-01 9.659258e-01
    outer loop
      vertex   1.040200e+01 -9.934202e+00 1.413969e+00
      vertex   1.040200e+01 -9.917365e+00 1.418481e+00
      vertex   1.004000e+01 -9.917365e+00 1.418481e+00
    endloop
  endfacet
  facet normal -1.222098e-15 -8.715574e-02 9.961947e-01
    outer loop
      vertex   1.004000e+01 -9.917365e+00 1.418481e+00
      vertex   1.040200e+01 -9.917365e+00 1.418481e+00
      vertex   1.366000e+01 -9.900000e+00 1.420000e+00
    endloop
  endfacet
  facet normal -3.055376e-16 -8.715574e-02 9.961947e-01
    outer loop
      vertex   1.004000e+01 -9.917365e+00 1.418481e+00
      vertex   1.366000e+01 -9.900000e+00 1.420000e+00
      vertex   6.420000e+00 -9.900000e+00 1.420000e+00
    endloop
  endfacet
  facet normal 0.000000e+00 -9.659258e-01 2.588190e-01
    outer loop
      vertex   1.329800e+01 -9.998481e+00 1.337365e+00
      vertex   1.366000e+01 -9.998481e+00 1.337365e+00
      vertex   1.329800e+01 -9.993969e+00 1.354202e+00
    endloop
  endfacet
  facet normal 1.587552e-16 -9.659258e-01 2.588190e-01
    outer loop
      vertex   1.329800e+01 -9.993969e+00 1.354202e+00
      vertex   1.366000e+01 -9.998481e+00 1.337365e+00
      vertex   1.366000e+01 -9.993969e+00 1.354202e+00
    endloop
  endfacet
  facet normal 2.592268e-16 -9.063078e-01 4.226183e-01
    outer loop
      vertex   1.329800e+01 -9.993969e+00 1.354202e+00
      vertex   1.366000e+01 -9.993969e+00 1.354202e+00
      vertex   1.329800e+01 -9.986603e+00 1.370000e+00
    endloop
  endfacet
  facet normal 2.592268e-16 -9.063078e-01 4.226183e-01
    outer loop
      vertex   1.329800e+01 -9.986603e+00 1.370000e+00
      vertex   1.366000e+01 -9.993969e+00 1.354202e+00
      vertex   1.366000e+01 -9.986603e+00 1.370000e+00
    endloop
  endfacet
  facet normal 3.518220e-16 -8.191520e-01 5.735764e-01
    outer loop
      vertex   1.329800e+01 -9.986603e+00 1.370000e+00
      vertex   1.366000e+01 -9.986603e+00 1.370000e+00
      vertex   1.329800e+01 -9.976604e+00 1.384279e+00
    endloop
  endfacet
  facet normal 3.518220e-16 -8.191520e-01 5.735764e-01
    outer loop
      vertex   1.329800e+01 -9.976604e+00 1.384279e+00
      vertex   1.366000e+01 -9.986603e+00 1.370000e+00
      vertex   1.366000e+01 -9.976604e+00 1.384279e+00
    endloop
  endfacet
  facet normal 4.337272e-16 -7.071068e-01 7.071068e-01
    outer loop
      vertex   1.329800e+01 -9.976604e+00 1.384279e+00
      vertex   1.366000e+01 -9.976604e+00 1.384279e+00
      vertex   1.329800e+01 -9.964279e+00 1.396604e+00
    endloop
  endfacet
  facet normal 4.337272e-16 -7.071068e-01 7.071068e-01
    outer loop
      vertex   1.329800e+01 -9.964279e+00 1.396604e+00
      vertex   1.366000e+01 -9.976604e+00 1.384279e+00
      vertex   1.366000e+01 -9.964279e+00 1.396604e+00
    endloop
  endfacet
  facet normal 5.024538e-16 -5.735764e-01 8.191520e-01
    outer loop
      vertex   1.329800e+01 -9.964279e+00 1.396604e+00
      vertex   1.366000e+01 -9.964279e+00 1.396604e+00
      vertex   1.329800e+01 -9.950000e+00 1.406603e+00
    endloop
  endfacet
  facet normal 0.000000e+00 -5.735764e-01 8.191520e-01
    outer loop
      vertex   1.329800e+01 -9.950000e+00 1.406603e+00
      vertex   1.366000e+01 -9.964279e+00 1.396604e+00
      vertex   1.366000e+01 -9.950000e+00 1.406603e+00
    endloop
  endfacet
  facet normal 0.000000e+00 -4.226183e-01 9.063078e-01
    outer loop
      vertex   1.329800e+01 -9.950000e+00 1.406603e+00
      vertex   1.366000e+01 -9.950000e+00 1.406603e+00
      vertex   1.329800e+01 -9.934202e+00 1.413969e+00
    endloop
  endfacet
  facet normal 0.000000e+00 -4.226183e-01 9.063078e-01
    outer loop
      vertex   1.329800e+01 -9.934202e+00 1.413969e+00
      vertex   1.366000e+01 -9.950000e+00 1.406603e+00
      vertex   1.366000e+01 -9.934202e+00 1.413969e+00
    endloop
  endfacet
  facet normal 0.000000e+00 -2.588190e-01 9.659258e-01
    outer loop
      vertex   1.329800e+01 -9.934202e+00 1.413969e+00
      vertex   1.366000e+01 -9.934202e+00 1.413969e+00
      vertex   1.329800e+01 -9.917365e+00 1.418481e+00
    endloop
  endfacet
  facet normal 5.924824e-16 -2.588190e-01 9.659258e-01
    outer loop
      vertex   1.329800e+01 -9.917365e+00 1.418481e+00
      vertex   1.366000e+01 -9.934202e+00 1.413969e+00
      vertex   1.366000e+01 -9.917365e+00 1.418481e+00
    endloop
  endfacet
  facet normal 6.110488e-16 -8.715574e-02 9.961947e-01
    outer loop
      vertex   1.329800e+01 -9.917365e+00 1.418481e+00
      vertex   1.366000e+01 -9.917365e+00 1.418481e+00
      vertex   1.366000e+01 -9.900000e+00 1.420000e+00
    endloop
  endfacet
  facet normal 0.000000e+00 -2.588190e-01 9.659258e-01
    outer loop
      vertex   7.144000e+00 -9.917365e+00 1.418481e+00
      vertex   6.782000e+00 -9.917365e+00 1.418481e+00
      vertex   7.144000e+00 -9.934202e+00 1.413969e+00
    endloop
  endfacet
  facet normal 0.000000e+00 -2.588190e-01 9.659258e-01
    outer loop
      vertex   7.144000e+00 -9.934202e+00 1.413969e+00
      vertex   6.782000e+00 -9.917365e+00 1.418481e+00
      vertex   6.782000e+00 -9.934202e+00 1.413969e+00
    endloop
  endfacet
  facet normal 0.000000e+00 -4.226183e-01 9.063078e-01
    outer loop
      vertex   7.144000e+00 -9.934202e+00 1.413969e+00
      vertex   6.782000e+00 -9.934202e+00 1.413969e+00
      vertex   7.144000e+00 -9.950000e+00 1.406603e+00
    endloop
  endfacet
  facet normal 0.000000e+00 -4.226183e-01 9.063078e-01
    outer loop
      vertex   7.144000e+00 -9.950000e+00 1.406603e+00
      vertex   6.782000e+00 -9.934202e+00 1.413969e+00
      vertex   6.782000e+00 -9.950000e+00 1.406603e+00
    endloop
  endfacet
  facet normal 0.000000e+00 -5.735764e-01 8.191520e-01
    outer loop
      vertex   7.144000e+00 -9.950000e+00 1.406603e+00
      vertex   6.782000e+00 -9.950000e+00 1.406603e+00
      vertex   7.144000e+00 -9.964279e+00 1.396604e+00
    endloop
  endfacet
  facet normal 0.000000e+00 -5.735764e-01 8.191520e-01
    outer loop
      vertex   7.144000e+00 -9.964279e+00 1.396604e+00
      vertex   6.782000e+00 -9.950000e+00 1.406603e+00
      vertex   6.782000e+00 -9.964279e+00 1.396604e+00
    endloop
  endfacet
  facet normal 0.000000e+00 -7.071068e-01 7.071068e-01
    outer loop
      vertex   7.144000e+00 -9.964279e+00 1.396604e+00
      vertex   6.782000e+00 -9.964279e+00 1.396604e+00
      vertex   7.144000e+00 -9.976604e+00 1.384279e+00
    endloop
  endfacet
  facet normal 0.000000e+00 -7.071068e-01 7.071068e-01
    outer loop
      vertex   7.144000e+00 -9.976604e+00 1.384279e+00
      vertex   6.782000e+00 -9.964279e+00 1.396604e+00
      vertex   6.782000e+00 -9.976604e+00 1.384279e+00
    endloop
  endfacet
  facet normal 0.000000e+00 -8.191520e-01 5.735764e-01
    outer loop
      vertex   7.144000e+00 -9.976604e+00 1.384279e+00
      vertex   6.782000e+00 -9.976604e+00 1.384279e+00
      vertex   7.144000e+00 -9.986603e+00 1.370000e+00
    endloop
  endfacet
  facet normal 0.000000e+00 -8.191520e-01 5.735764e-01
    outer loop
      vertex   7.144000e+00 -9.986603e+00 1.370000e+00
      vertex   6.782000e+00 -9.976604e+00 1.384279e+00
      vertex   6.782000e+00 -9.986603e+00 1.370000e+00
    endloop
  endfacet
  facet normal 0.000000e+00 -9.063078e-01 4.226183e-01
    outer loop
      vertex   7.144000e+00 -9.986603e+00 1.370000e+00
      vertex   6.782000e+00 -9.986603e+00 1.370000e+00
      vertex   7.144000e+00 -9.993969e+00 1.354202e+00
    endloop
  endfacet
  facet normal 0.000000e+00 -9.063078e-01 4.226183e-01
    outer loop
      vertex   7.144000e+00 -9.993969e+00 1.354202e+00
      vertex   6.782000e+00 -9.986603e+00 1.370000e+00
      vertex   6.782000e+00 -9.993969e+00 1.354202e+00
    endloop
  endfacet
  facet normal 0.000000e+00 -9.659258e-01 2.588190e-01
    outer loop
      vertex   7.144000e+00 -9.993969e+00 1.354202e+00
      vertex   6.782000e+00 -9.993969e+00 1.354202e+00
      vertex   7.144000e+00 -9.998481e+00 1.337365e+00
    endloop
  endfacet
  facet normal 0.000000e+00 -9.659258e-01 2.588190e-01
    outer loop
      vertex   7.144000e+00 -9.998481e+00 1.337365e+00
      vertex   6.782000e+00 -9.993969e+00 1.354202e+00
      vertex   6.782000e+00 -9.998481e+00 1.337365e+00
    endloop
  endfacet
  facet normal 0.000000e+00 -9.961947e-01 8.715574e-02
    outer loop
      vertex   7.144000e+00 -9.998481e+00 1.337365e+00
      vertex   6.782000e+00 -9.998481e+00 1.337365e+00
      vertex   6.420000e+00 -1.000000e+01 1.320000e+00
    endloop
  endfacet
  facet normal 0.000000e+00 -8.715574e-02 9.961947e-01
    outer loop
      vertex   7.506000e+00 -9.917365e+00 1.418481e+00
      vertex   7.868000e+00 -9.917365e+00 1.418481e+00
      vertex   6.420000e+00 -9.900000e+00 1.420000e+00
    endloop
  endfacet
  facet normal -6.108648e-16 -8.715574e-02 9.961947e-01
    outer loop
      vertex   6.420000e+00 -9.900000e+00 1.420000e+00
      vertex   7.868000e+00 -9.917365e+00 1.418481e+00
      vertex   8.230000e+00 -9.917365e+00 1.418481e+00
    endloop
  endfacet
  facet normal 1.728584e-19 -8.715574e-02 9.961947e-01
    outer loop
      vertex   6.420000e+00 -9.900000e+00 1.420000e+00
      vertex   8.230000e+00 -9.917365e+00 1.418481e+00
      vertex   8.592000e+00 -9.917365e+00 1.418481e+00
    endloop
  endfacet
  facet normal 0.000000e+00 -2.588190e-01 9.659258e-01
    outer loop
      vertex   8.592000e+00 -9.917365e+00 1.418481e+00
      vertex   8.230000e+00 -9.917365e+00 1.418481e+00
      vertex   8.592000e+00 -9.934202e+00 1.413969e+00
    endloop
  endfacet
  facet normal -4.384971e-19 -2.588190e-01 9.659258e-01
    outer loop
      vertex   8.592000e+00 -9.917365e+00 1.418481e+00
      vertex   8.592000e+00 -9.934202e+00 1.413969e+00
      vertex   8.954000e+00 -9.934202e+00 1.413969e+00
    endloop
  endfacet
  facet normal 0.000000e+00 -4.226183e-01 9.063078e-01
    outer loop
      vertex   8.954000e+00 -9.934202e+00 1.413969e+00
      vertex   8.592000e+00 -9.934202e+00 1.413969e+00
      vertex   8.954000e+00 -9.950000e+00 1.406603e+00
    endloop
  endfacet
  facet normal -5.555283e-16 -4.226183e-01 9.063078e-01
    outer loop
      vertex   8.954000e+00 -9.934202e+00 1.413969e+00
      vertex   8.954000e+00 -9.950000e+00 1.406603e+00
      vertex   9.316000e+00 -9.950000e+00 1.406603e+00
    endloop
  endfacet
  facet normal -5.024538e-16 -5.735764e-01 8.191520e-01
    outer loop
      vertex   9.316000e+00 -9.950000e+00 1.406603e+00
      vertex   8.954000e+00 -9.950000e+00 1.406603e+00
      vertex   9.316000e+00 -9.964279e+00 1.396604e+00
    endloop
  endfacet
  facet normal -1.883312e-18 -5.735764e-01 8.191520e-01
    outer loop
      vertex   9.316000e+00 -9.950000e+00 1.406603e+00
      vertex   9.316000e+00 -9.964279e+00 1.396604e+00
      vertex   9.678000e+00 -9.964279e+00 1.396604e+00
    endloop
  endfacet
  facet normal 0.000000e+00 -7.071068e-01 7.071068e-01
    outer loop
      vertex   9.678000e+00 -9.964279e+00 1.396604e+00
      vertex   9.316000e+00 -9.964279e+00 1.396604e+00
      vertex   9.678000e+00 -9.976604e+00 1.384279e+00
    endloop
  endfacet
  facet normal 1.868535e-18 -7.071068e-01 7.071068e-01
    outer loop
      vertex   9.678000e+00 -9.964279e+00 1.396604e+00
      vertex   9.678000e+00 -9.976604e+00 1.384279e+00
      vertex   1.004000e+01 -9.976604e+00 1.384279e+00
    endloop
  endfacet
  facet normal 0.000000e+00 -8.191520e-01 5.735764e-01
    outer loop
      vertex   1.004000e+01 -9.976604e+00 1.384279e+00
      vertex   9.678000e+00 -9.976604e+00 1.384279e+00
      vertex   1.004000e+01 -9.986603e+00 1.370000e+00
    endloop
  endfacet
  facet normal -3.528392e-16 -8.191520e-01 5.735764e-01
    outer loop
      vertex   1.004000e+01 -9.976604e+00 1.384279e+00
      vertex   1.004000e+01 -9.986603e+00 1.370000e+00
      vertex   1.040200e+01 -9.986603e+00 1.370000e+00
    endloop
  endfacet
  facet normal -2.592268e-16 -9.063078e-01 4.226183e-01
    outer loop
      vertex   1.040200e+01 -9.986603e+00 1.370000e+00
      vertex   1.004000e+01 -9.986603e+00 1.370000e+00
      vertex   1.040200e+01 -9.993969e+00 1.354202e+00
    endloop
  endfacet
  facet normal -3.379798e-19 -9.063078e-01 4.226183e-01
    outer loop
      vertex   1.040200e+01 -9.986603e+00 1.370000e+00
      vertex   1.040200e+01 -9.993969e+00 1.354202e+00
      vertex   1.076400e+01 -9.993969e+00 1.354202e+00
    endloop
  endfacet
  facet normal 0.000000e+00 -9.659258e-01 2.588190e-01
    outer loop
      vertex   1.076400e+01 -9.993969e+00 1.354202e+00
      vertex   1.040200e+01 -9.993969e+00 1.354202e+00
      vertex   1.076400e+01 -9.998481e+00 1.337365e+00
    endloop
  endfacet
  facet normal -9.232515e-19 -9.659258e-01 2.588190e-01
    outer loop
      vertex   1.076400e+01 -9.993969e+00 1.354202e+00
      vertex   1.076400e+01 -9.998481e+00 1.337365e+00
      vertex   1.112600e+01 -9.998481e+00 1.337365e+00
    endloop
  endfacet
  facet normal 0.000000e+00 -9.961947e-01 8.715574e-02
    outer loop
      vertex   1.112600e+01 -9.998481e+00 1.337365e+00
      vertex   1.076400e+01 -9.998481e+00 1.337365e+00
      vertex   1.366000e+01 -1.000000e+01 1.320000e+00
    endloop
  endfacet
  facet normal 0.000000e+00 -9.961947e-01 8.715574e-02
    outer loop
      vertex   1.112600e+01 -9.998481e+00 1.337365e+00
      vertex   1.366000e+01 -1.000000e+01 1.320000e+00
      vertex   1.148800e+01 -9.998481e+00 1.337365e+00
    endloop
  endfacet
  facet normal 0.000000e+00 -9.961947e-01 8.715574e-02
    outer loop
      vertex   1.148800e+01 -9.998481e+00 1.337365e+00
      vertex   1.366000e+01 -1.000000e+01 1.320000e+00
      vertex   1.185000e+01 -9.998481e+00 1.337365e+00
    endloop
  endfacet
  facet normal 0.000000e+00 -9.659258e-01 2.588190e-01
    outer loop
      vertex   1.148800e+01 -9.998481e+00 1.337365e+00
      vertex   1.185000e+01 -9.998481e+00 1.337365e+00
      vertex   1.148800e+01 -9.993969e+00 1.354202e+00
    endloop
  endfacet
  facet normal -1.587552e-16 -9.659258e-01 2.588190e-01
    outer loop
      vertex   1.148800e+01 -9.993969e+00 1.354202e+00
      vertex   1.185000e+01 -9.998481e+00 1.337365e+00
      vertex   1.185000e+01 -9.993969e+00 1.354202e+00
    endloop
  endfacet
  facet normal -2.592268e-16 -9.063078e-01 4.226183e-01
    outer loop
      vertex   1.148800e+01 -9.993969e+00 1.354202e+00
      vertex   1.185000e+01 -9.993969e+00 1.354202e+00
      vertex   1.148800e+01 -9.986603e+00 1.370000e+00
    endloop
  endfacet
  facet normal -2.592268e-16 -9.063078e-01 4.226183e-01
    outer loop
      vertex   1.148800e+01 -9.986603e+00 1.370000e+00
      vertex   1.185000e+01 -9.993969e+00 1.354202e+00
      vertex   1.185000e+01 -9.986603e+00 1.370000e+00
    endloop
  endfacet
  facet normal -3.518220e-16 -8.191520e-01 5.735764e-01
    outer loop
      vertex   1.148800e+01 -9.986603e+00 1.370000e+00
      vertex   1.185000e+01 -9.986603e+00 1.370000e+00
      vertex   1.148800e+01 -9.976604e+00 1.384279e+00
    endloop
  endfacet
  facet normal 0.000000e+00 -2.588190e-01 9.659258e-01
    outer loop
      vertex   7.506000e+00 -9.917365e+00 1.418481e+00
      vertex   7.868000e+00 -9.934202e+00 1.413969e+00
      vertex   7.868000e+00 -9.917365e+00 1.418481e+00
    endloop
  endfacet
  facet normal -1.185703e-15 -2.588190e-01 9.659258e-01
    outer loop
      vertex   7.868000e+00 -9.917365e+00 1.418481e+00
      vertex   7.868000e+00 -9.934202e+00 1.413969e+00
      vertex   8.230000e+00 -9.934202e+00 1.413969e+00
    endloop
  endfacet
  facet normal -5.924824e-16 -2.588190e-01 9.659258e-01
    outer loop
      vertex   7.868000e+00 -9.917365e+00 1.418481e+00
      vertex   8.230000e+00 -9.934202e+00 1.413969e+00
      vertex   8.230000e+00 -9.917365e+00 1.418481e+00
    endloop
  endfacet
  facet normal -4.384971e-19 -2.588190e-01 9.659258e-01
    outer loop
      vertex   8.230000e+00 -9.917365e+00 1.418481e+00
      vertex   8.230000e+00 -9.934202e+00 1.413969e+00
      vertex   8.592000e+00 -9.934202e+00 1.413969e+00
    endloop
  endfacet
  facet normal 0.000000e+00 -8.715574e-02 9.961947e-01
    outer loop
      vertex   8.592000e+00 -9.917365e+00 1.418481e+00
      vertex   8.954000e+00 -9.917365e+00 1.418481e+00
      vertex   6.420000e+00 -9.900000e+00 1.420000e+00
    endloop
  endfacet
  facet normal -6.108759e-16 -8.715574e-02 9.961947e-01
    outer loop
      vertex   6.420000e+00 -9.900000e+00 1.420000e+00
      vertex   8.954000e+00 -9.917365e+00 1.418481e+00
      vertex   9.316000e+00 -9.917365e+00 1.418481e+00
    endloop
  endfacet
  facet normal 1.617453e-19 -8.715574e-02 9.961947e-01
    outer loop
      vertex   6.420000e+00 -9.900000e+00 1.420000e+00
      vertex   9.316000e+00 -9.917365e+00 1.418481e+00
      vertex   9.678000e+00 -9.917365e+00 1.418481e+00
    endloop
  endfacet
  facet normal 0.000000e+00 -2.588190e-01 9.659258e-01
    outer loop
      vertex   9.678000e+00 -9.917365e+00 1.418481e+00
      vertex   9.316000e+00 -9.917365e+00 1.418481e+00
      vertex   9.678000e+00 -9.934202e+00 1.413969e+00
    endloop
  endfacet
  facet normal -4.384971e-19 -2.588190e-01 9.659258e-01
    outer loop
      vertex   9.678000e+00 -9.917365e+00 1.418481e+00
      vertex   9.678000e+00 -9.934202e+00 1.413969e+00
      vertex   1.004000e+01 -9.934202e+00 1.413969e+00
    endloop
  endfacet
  facet normal 0.000000e+00 -4.226183e-01 9.063078e-01
    outer loop
      vertex   1.004000e+01 -9.934202e+00 1.413969e+00
      vertex   9.678000e+00 -9.934202e+00 1.413969e+00
      vertex   1.004000e+01 -9.950000e+00 1.406603e+00
    endloop
  endfacet
  facet normal -5.555283e-16 -4.226183e-01 9.063078e-01
    outer loop
      vertex   1.004000e+01 -9.934202e+00 1.413969e+00
      vertex   1.004000e+01 -9.950000e+00 1.406603e+00
      vertex   1.040200e+01 -9.950000e+00 1.406603e+00
    endloop
  endfacet
  facet normal -5.024538e-16 -5.735764e-01 8.191520e-01
    outer loop
      vertex   1.040200e+01 -9.950000e+00 1.406603e+00
      vertex   1.004000e+01 -9.950000e+00 1.406603e+00
      vertex   1.040200e+01 -9.964279e+00 1.396604e+00
    endloop
  endfacet
  facet normal -1.761361e-18 -5.735764e-01 8.191520e-01
    outer loop
      vertex   1.040200e+01 -9.950000e+00 1.406603e+00
      vertex   1.040200e+01 -9.964279e+00 1.396604e+00
      vertex   1.076400e+01 -9.964279e+00 1.396604e+00
    endloop
  endfacet
  facet normal 0.000000e+00 -7.071068e-01 7.071068e-01
    outer loop
      vertex   1.076400e+01 -9.964279e+00 1.396604e+00
      vertex   1.040200e+01 -9.964279e+00 1.396604e+00
      vertex   1.076400e+01 -9.976604e+00 1.384279e+00
    endloop
  endfacet
  facet normal 1.868535e-18 -7.071068e-01 7.071068e-01
    outer loop
      vertex   1.076400e+01 -9.964279e+00 1.396604e+00
      vertex   1.076400e+01 -9.976604e+00 1.384279e+00
      vertex   1.112600e+01 -9.976604e+00 1.384279e+00
    endloop
  endfacet
  facet normal 0.000000e+00 -8.191520e-01 5.735764e-01
    outer loop
      vertex   1.112600e+01 -9.976604e+00 1.384279e+00
      vertex   1.076400e+01 -9.976604e+00 1.384279e+00
      vertex   1.112600e+01 -9.986603e+00 1.370000e+00
    endloop
  endfacet
  facet normal -1.838524e-18 -8.191520e-01 5.735764e-01
    outer loop
      vertex   1.112600e+01 -9.976604e+00 1.384279e+00
      vertex   1.112600e+01 -9.986603e+00 1.370000e+00
      vertex   1.148800e+01 -9.986603e+00 1.370000e+00
    endloop
  endfacet
  facet normal 0.000000e+00 -9.063078e-01 4.226183e-01
    outer loop
      vertex   1.148800e+01 -9.986603e+00 1.370000e+00
      vertex   1.112600e+01 -9.986603e+00 1.370000e+00
      vertex   1.148800e+01 -9.993969e+00 1.354202e+00
    endloop
  endfacet
  facet normal 0.000000e+00 -2.588190e-01 9.659258e-01
    outer loop
      vertex   8.592000e+00 -9.917365e+00 1.418481e+00
      vertex   8.954000e+00 -9.934202e+00 1.413969e+00
      vertex   8.954000e+00 -9.917365e+00 1.418481e+00
    endloop
  endfacet
  facet normal -5.929209e-16 -2.588190e-01 9.659258e-01
    outer loop
      vertex   8.954000e+00 -9.917365e+00 1.418481e+00
      vertex   8.954000e+00 -9.934202e+00 1.413969e+00
      vertex   9.316000e+00 -9.934202e+00 1.413969e+00
    endloop
  endfacet
  facet normal -5.924824e-16 -2.588190e-01 9.659258e-01
    outer loop
      vertex   8.954000e+00 -9.917365e+00 1.418481e+00
      vertex   9.316000e+00 -9.934202e+00 1.413969e+00
      vertex   9.316000e+00 -9.917365e+00 1.418481e+00
    endloop
  endfacet
  facet normal -4.384971e-19 -2.588190e-01 9.659258e-01
    outer loop
      vertex   9.316000e+00 -9.917365e+00 1.418481e+00
      vertex   9.316000e+00 -9.934202e+00 1.413969e+00
      vertex   9.678000e+00 -9.934202e+00 1.413969e+00
    endloop
  endfacet
  facet normal 0.000000e+00 -8.715574e-02 9.961947e-01
    outer loop
      vertex   1.004000e+01 -9.917365e+00 1.418481e+00
      vertex   6.420000e+00 -9.900000e+00 1.420000e+00
      vertex   9.678000e+00 -9.917365e+00 1.418481e+00
    endloop
  endfacet
  facet normal -5.924824e-16 -2.588190e-01 9.659258e-01
    outer loop
      vertex   1.040200e+01 -9.934202e+00 1.413969e+00
      vertex   1.004000e+01 -9.917365e+00 1.418481e+00
      vertex   1.004000e+01 -9.934202e+00 1.413969e+00
    endloop
  endfacet
  facet normal -4.384971e-19 -2.588190e-01 9.659258e-01
    outer loop
      vertex   1.004000e+01 -9.934202e+00 1.413969e+00
      vertex   1.004000e+01 -9.917365e+00 1.418481e+00
      vertex   9.678000e+00 -9.917365e+00 1.418481e+00
    endloop
  endfacet
  facet normal 0.000000e+00 -8.715574e-02 9.961947e-01
    outer loop
      vertex   1.040200e+01 -9.917365e+00 1.418481e+00
      vertex   1.076400e+01 -9.917365e+00 1.418481e+00
      vertex   1.366000e+01 -9.900000e+00 1.420000e+00
    endloop
  endfacet
  facet normal 2.506503e-19 -8.715574e-02 9.961947e-01
    outer loop
      vertex   1.366000e+01 -9.900000e+00 1.420000e+00
      vertex   1.076400e+01 -9.917365e+00 1.418481e+00
      vertex   1.112600e+01 -9.917365e+00 1.418481e+00
    endloop
  endfacet
  facet normal 2.506503e-19 -8.715574e-02 9.961947e-01
    outer loop
      vertex   1.366000e+01 -9.900000e+00 1.420000e+00
      vertex   1.112600e+01 -9.917365e+00 1.418481e+00
      vertex   1.148800e+01 -9.917365e+00 1.418481e+00
    endloop
  endfacet
  facet normal 0.000000e+00 -2.588190e-01 9.659258e-01
    outer loop
      vertex   1.148800e+01 -9.917365e+00 1.418481e+00
      vertex   1.112600e+01 -9.917365e+00 1.418481e+00
      vertex   1.148800e+01 -9.934202e+00 1.413969e+00
    endloop
  endfacet
  facet normal -5.932202e-16 -2.588190e-01 9.659258e-01
    outer loop
      vertex   1.148800e+01 -9.917365e+00 1.418481e+00
      vertex   1.148800e+01 -9.934202e+00 1.413969e+00
      vertex   1.185000e+01 -9.934202e+00 1.413969e+00
    endloop
  endfacet
  facet normal -5.559137e-16 -4.226183e-01 9.063078e-01
    outer loop
      vertex   1.185000e+01 -9.934202e+00 1.413969e+00
      vertex   1.148800e+01 -9.934202e+00 1.413969e+00
      vertex   1.185000e+01 -9.950000e+00 1.406603e+00
    endloop
  endfacet
  facet normal 7.414661e-19 -4.226183e-01 9.063078e-01
    outer loop
      vertex   1.185000e+01 -9.934202e+00 1.413969e+00
      vertex   1.185000e+01 -9.950000e+00 1.406603e+00
      vertex   1.221200e+01 -9.950000e+00 1.406603e+00
    endloop
  endfacet
  facet normal 0.000000e+00 -5.735764e-01 8.191520e-01
    outer loop
      vertex   1.221200e+01 -9.950000e+00 1.406603e+00
      vertex   1.185000e+01 -9.950000e+00 1.406603e+00
      vertex   1.221200e+01 -9.964279e+00 1.396604e+00
    endloop
  endfacet
  facet normal -2.005262e-18 -5.735764e-01 8.191520e-01
    outer loop
      vertex   1.221200e+01 -9.950000e+00 1.406603e+00
      vertex   1.221200e+01 -9.964279e+00 1.396604e+00
      vertex   1.257400e+01 -9.964279e+00 1.396604e+00
    endloop
  endfacet
  facet normal 0.000000e+00 -7.071068e-01 7.071068e-01
    outer loop
      vertex   1.257400e+01 -9.964279e+00 1.396604e+00
      vertex   1.221200e+01 -9.964279e+00 1.396604e+00
      vertex   1.257400e+01 -9.976604e+00 1.384279e+00
    endloop
  endfacet
  facet normal -4.318587e-16 -7.071068e-01 7.071068e-01
    outer loop
      vertex   1.257400e+01 -9.964279e+00 1.396604e+00
      vertex   1.257400e+01 -9.976604e+00 1.384279e+00
      vertex   1.293600e+01 -9.976604e+00 1.384279e+00
    endloop
  endfacet
  facet normal -3.518220e-16 -8.191520e-01 5.735764e-01
    outer loop
      vertex   1.293600e+01 -9.976604e+00 1.384279e+00
      vertex   1.257400e+01 -9.976604e+00 1.384279e+00
      vertex   1.293600e+01 -9.986603e+00 1.370000e+00
    endloop
  endfacet
  facet normal -1.838524e-18 -8.191520e-01 5.735764e-01
    outer loop
      vertex   1.293600e+01 -9.976604e+00 1.384279e+00
      vertex   1.293600e+01 -9.986603e+00 1.370000e+00
      vertex   1.329800e+01 -9.986603e+00 1.370000e+00
    endloop
  endfacet
  facet normal 0.000000e+00 -9.063078e-01 4.226183e-01
    outer loop
      vertex   1.329800e+01 -9.986603e+00 1.370000e+00
      vertex   1.293600e+01 -9.986603e+00 1.370000e+00
      vertex   1.329800e+01 -9.993969e+00 1.354202e+00
    endloop
  endfacet
  facet normal 0.000000e+00 -2.588190e-01 9.659258e-01
    outer loop
      vertex   1.040200e+01 -9.917365e+00 1.418481e+00
      vertex   1.076400e+01 -9.934202e+00 1.413969e+00
      vertex   1.076400e+01 -9.917365e+00 1.418481e+00
    endloop
  endfacet
  facet normal -7.378335e-19 -2.588190e-01 9.659258e-01
    outer loop
      vertex   1.076400e+01 -9.917365e+00 1.418481e+00
      vertex   1.076400e+01 -9.934202e+00 1.413969e+00
      vertex   1.112600e+01 -9.934202e+00 1.413969e+00
    endloop
  endfacet
  facet normal 0.000000e+00 -2.588190e-01 9.659258e-01
    outer loop
      vertex   1.076400e+01 -9.917365e+00 1.418481e+00
      vertex   1.112600e+01 -9.934202e+00 1.413969e+00
      vertex   1.112600e+01 -9.917365e+00 1.418481e+00
    endloop
  endfacet
  facet normal -7.378335e-19 -2.588190e-01 9.659258e-01
    outer loop
      vertex   1.112600e+01 -9.917365e+00 1.418481e+00
      vertex   1.112600e+01 -9.934202e+00 1.413969e+00
      vertex   1.148800e+01 -9.934202e+00 1.413969e+00
    endloop
  endfacet
  facet normal -6.110488e-16 -8.715574e-02 9.961947e-01
    outer loop
      vertex   1.148800e+01 -9.917365e+00 1.418481e+00
      vertex   1.185000e+01 -9.917365e+00 1.418481e+00
      vertex   1.366000e+01 -9.900000e+00 1.420000e+00
    endloop
  endfacet
  facet normal 2.395372e-19 -8.715574e-02 9.961947e-01
    outer loop
      vertex   1.366000e+01 -9.900000e+00 1.420000e+00
      vertex   1.185000e+01 -9.917365e+00 1.418481e+00
      vertex   1.221200e+01 -9.917365e+00 1.418481e+00
    endloop
  endfacet
  facet normal 2.395372e-19 -8.715574e-02 9.961947e-01
    outer loop
      vertex   1.366000e+01 -9.900000e+00 1.420000e+00
      vertex   1.221200e+01 -9.917365e+00 1.418481e+00
      vertex   1.257400e+01 -9.917365e+00 1.418481e+00
    endloop
  endfacet
  facet normal 0.000000e+00 -2.588190e-01 9.659258e-01
    outer loop
      vertex   1.257400e+01 -9.917365e+00 1.418481e+00
      vertex   1.221200e+01 -9.917365e+00 1.418481e+00
      vertex   1.257400e+01 -9.934202e+00 1.413969e+00
    endloop
  endfacet
  facet normal -5.935195e-16 -2.588190e-01 9.659258e-01
    outer loop
      vertex   1.257400e+01 -9.917365e+00 1.418481e+00
      vertex   1.257400e+01 -9.934202e+00 1.413969e+00
      vertex   1.293600e+01 -9.934202e+00 1.413969e+00
    endloop
  endfacet
  facet normal -5.559137e-16 -4.226183e-01 9.063078e-01
    outer loop
      vertex   1.293600e+01 -9.934202e+00 1.413969e+00
      vertex   1.257400e+01 -9.934202e+00 1.413969e+00
      vertex   1.293600e+01 -9.950000e+00 1.406603e+00
    endloop
  endfacet
  facet normal 7.414661e-19 -4.226183e-01 9.063078e-01
    outer loop
      vertex   1.293600e+01 -9.934202e+00 1.413969e+00
      vertex   1.293600e+01 -9.950000e+00 1.406603e+00
      vertex   1.329800e+01 -9.950000e+00 1.406603e+00
    endloop
  endfacet
  facet normal 0.000000e+00 -5.735764e-01 8.191520e-01
    outer loop
      vertex   1.329800e+01 -9.950000e+00 1.406603e+00
      vertex   1.293600e+01 -9.950000e+00 1.406603e+00
      vertex   1.329800e+01 -9.964279e+00 1.396604e+00
    endloop
  endfacet
  facet normal -5.924824e-16 -2.588190e-01 9.659258e-01
    outer loop
      vertex   1.148800e+01 -9.917365e+00 1.418481e+00
      vertex   1.185000e+01 -9.934202e+00 1.413969e+00
      vertex   1.185000e+01 -9.917365e+00 1.418481e+00
    endloop
  endfacet
  facet normal -7.378335e-19 -2.588190e-01 9.659258e-01
    outer loop
      vertex   1.185000e+01 -9.917365e+00 1.418481e+00
      vertex   1.185000e+01 -9.934202e+00 1.413969e+00
      vertex   1.221200e+01 -9.934202e+00 1.413969e+00
    endloop
  endfacet
  facet normal 0.000000e+00 -2.588190e-01 9.659258e-01
    outer loop
      vertex   1.185000e+01 -9.917365e+00 1.418481e+00
      vertex   1.221200e+01 -9.934202e+00 1.413969e+00
      vertex   1.221200e+01 -9.917365e+00 1.418481e+00
    endloop
  endfacet
  facet normal 5.917445e-16 -2.588190e-01 9.659258e-01
    outer loop
      vertex   1.221200e+01 -9.917365e+00 1.418481e+00
      vertex   1.221200e+01 -9.934202e+00 1.413969e+00
      vertex   1.257400e+01 -9.934202e+00 1.413969e+00
    endloop
  endfacet
  facet normal 0.000000e+00 -8.715574e-02 9.961947e-01
    outer loop
      vertex   1.329800e+01 -9.917365e+00 1.418481e+00
      vertex   1.366000e+01 -9.900000e+00 1.420000e+00
      vertex   1.293600e+01 -9.917365e+00 1.418481e+00
    endloop
  endfacet
  facet normal -6.110488e-16 -8.715574e-02 9.961947e-01
    outer loop
      vertex   1.293600e+01 -9.917365e+00 1.418481e+00
      vertex   1.366000e+01 -9.900000e+00 1.420000e+00
      vertex   1.257400e+01 -9.917365e+00 1.418481e+00
    endloop
  endfacet
  facet normal -5.924824e-16 -2.588190e-01 9.659258e-01
    outer loop
      vertex   1.293600e+01 -9.917365e+00 1.418481e+00
      vertex   1.257400e+01 -9.917365e+00 1.418481e+00
      vertex   1.293600e+01 -9.934202e+00 1.413969e+00
    endloop
  endfacet
  facet normal -1.037170e-18 -2.588190e-01 9.659258e-01
    outer loop
      vertex   1.329800e+01 -9.934202e+00 1.413969e+00
      vertex   1.329800e+01 -9.917365e+00 1.418481e+00
      vertex   1.293600e+01 -9.917365e+00 1.418481e+00
    endloop
  endfacet
  facet normal 0.000000e+00 -2.588190e-01 9.659258e-01
    outer loop
      vertex   1.329800e+01 -9.934202e+00 1.413969e+00
      vertex   1.293600e+01 -9.917365e+00 1.418481e+00
      vertex   1.293600e+01 -9.934202e+00 1.413969e+00
    endloop
  endfacet
  facet normal -7.378335e-19 -2.588190e-01 9.659258e-01
    outer loop
      vertex   7.144000e+00 -9.917365e+00 1.418481e+00
      vertex   7.144000e+00 -9.934202e+00 1.413969e+00
      vertex   7.506000e+00 -9.934202e+00 1.413969e+00
    endloop
  endfacet
  facet normal 0.000000e+00 -4.226183e-01 9.063078e-01
    outer loop
      vertex   7.506000e+00 -9.934202e+00 1.413969e+00
      vertex   7.144000e+00 -9.934202e+00 1.413969e+00
      vertex   7.506000e+00 -9.950000e+00 1.406603e+00
    endloop
  endfacet
  facet normal -1.050189e-18 -4.226183e-01 9.063078e-01
    outer loop
      vertex   7.506000e+00 -9.934202e+00 1.413969e+00
      vertex   7.506000e+00 -9.950000e+00 1.406603e+00
      vertex   7.868000e+00 -9.950000e+00 1.406603e+00
    endloop
  endfacet
  facet normal 0.000000e+00 -5.735764e-01 8.191520e-01
    outer loop
      vertex   7.868000e+00 -9.950000e+00 1.406603e+00
      vertex   7.506000e+00 -9.950000e+00 1.406603e+00
      vertex   7.868000e+00 -9.964279e+00 1.396604e+00
    endloop
  endfacet
  facet normal -5.044591e-16 -5.735764e-01 8.191520e-01
    outer loop
      vertex   7.868000e+00 -9.950000e+00 1.406603e+00
      vertex   7.868000e+00 -9.964279e+00 1.396604e+00
      vertex   8.230000e+00 -9.964279e+00 1.396604e+00
    endloop
  endfacet
  facet normal -4.337272e-16 -7.071068e-01 7.071068e-01
    outer loop
      vertex   8.230000e+00 -9.964279e+00 1.396604e+00
      vertex   7.868000e+00 -9.964279e+00 1.396604e+00
      vertex   8.230000e+00 -9.976604e+00 1.384279e+00
    endloop
  endfacet
  facet normal 1.988818e-18 -7.071068e-01 7.071068e-01
    outer loop
      vertex   8.230000e+00 -9.964279e+00 1.396604e+00
      vertex   8.230000e+00 -9.976604e+00 1.384279e+00
      vertex   8.592000e+00 -9.976604e+00 1.384279e+00
    endloop
  endfacet
  facet normal 0.000000e+00 -8.191520e-01 5.735764e-01
    outer loop
      vertex   8.592000e+00 -9.976604e+00 1.384279e+00
      vertex   8.230000e+00 -9.976604e+00 1.384279e+00
      vertex   8.592000e+00 -9.986603e+00 1.370000e+00
    endloop
  endfacet
  facet normal -1.017246e-18 -8.191520e-01 5.735764e-01
    outer loop
      vertex   8.592000e+00 -9.976604e+00 1.384279e+00
      vertex   8.592000e+00 -9.986603e+00 1.370000e+00
      vertex   8.954000e+00 -9.986603e+00 1.370000e+00
    endloop
  endfacet
  facet normal 0.000000e+00 -9.063078e-01 4.226183e-01
    outer loop
      vertex   8.954000e+00 -9.986603e+00 1.370000e+00
      vertex   8.592000e+00 -9.986603e+00 1.370000e+00
      vertex   8.954000e+00 -9.993969e+00 1.354202e+00
    endloop
  endfacet
  facet normal -2.595648e-16 -9.063078e-01 4.226183e-01
    outer loop
      vertex   8.954000e+00 -9.986603e+00 1.370000e+00
      vertex   8.954000e+00 -9.993969e+00 1.354202e+00
      vertex   9.316000e+00 -9.993969e+00 1.354202e+00
    endloop
  endfacet
  facet normal -1.587552e-16 -9.659258e-01 2.588190e-01
    outer loop
      vertex   9.316000e+00 -9.993969e+00 1.354202e+00
      vertex   8.954000e+00 -9.993969e+00 1.354202e+00
      vertex   9.316000e+00 -9.998481e+00 1.337365e+00
    endloop
  endfacet
  facet normal -9.232515e-19 -9.659258e-01 2.588190e-01
    outer loop
      vertex   9.316000e+00 -9.993969e+00 1.354202e+00
      vertex   9.316000e+00 -9.998481e+00 1.337365e+00
      vertex   9.678000e+00 -9.998481e+00 1.337365e+00
    endloop
  endfacet
  facet normal 0.000000e+00 -9.961947e-01 8.715574e-02
    outer loop
      vertex   9.678000e+00 -9.998481e+00 1.337365e+00
      vertex   9.316000e+00 -9.998481e+00 1.337365e+00
      vertex   6.420000e+00 -1.000000e+01 1.320000e+00
    endloop
  endfacet
  facet normal 0.000000e+00 -4.226183e-01 9.063078e-01
    outer loop
      vertex   7.506000e+00 -9.950000e+00 1.406603e+00
      vertex   7.144000e+00 -9.934202e+00 1.413969e+00
      vertex   7.144000e+00 -9.950000e+00 1.406603e+00
    endloop
  endfacet
  facet normal -1.111827e-15 -4.226183e-01 9.063078e-01
    outer loop
      vertex   7.868000e+00 -9.934202e+00 1.413969e+00
      vertex   8.230000e+00 -9.950000e+00 1.406603e+00
      vertex   8.230000e+00 -9.934202e+00 1.413969e+00
    endloop
  endfacet
  facet normal 3.853614e-19 -4.226183e-01 9.063078e-01
    outer loop
      vertex   8.230000e+00 -9.934202e+00 1.413969e+00
      vertex   8.230000e+00 -9.950000e+00 1.406603e+00
      vertex   8.592000e+00 -9.950000e+00 1.406603e+00
    endloop
  endfacet
  facet normal 0.000000e+00 -4.226183e-01 9.063078e-01
    outer loop
      vertex   8.230000e+00 -9.934202e+00 1.413969e+00
      vertex   8.592000e+00 -9.950000e+00 1.406603e+00
      vertex   8.592000e+00 -9.934202e+00 1.413969e+00
    endloop
  endfacet
  facet normal 3.853614e-19 -4.226183e-01 9.063078e-01
    outer loop
      vertex   8.592000e+00 -9.934202e+00 1.413969e+00
      vertex   8.592000e+00 -9.950000e+00 1.406603e+00
      vertex   8.954000e+00 -9.950000e+00 1.406603e+00
    endloop
  endfacet
  facet normal -5.559137e-16 -4.226183e-01 9.063078e-01
    outer loop
      vertex   8.954000e+00 -9.934202e+00 1.413969e+00
      vertex   9.316000e+00 -9.950000e+00 1.406603e+00
      vertex   9.316000e+00 -9.934202e+00 1.413969e+00
    endloop
  endfacet
  facet normal 3.853614e-19 -4.226183e-01 9.063078e-01
    outer loop
      vertex   9.316000e+00 -9.934202e+00 1.413969e+00
      vertex   9.316000e+00 -9.950000e+00 1.406603e+00
      vertex   9.678000e+00 -9.950000e+00 1.406603e+00
    endloop
  endfacet
  facet normal 0.000000e+00 -4.226183e-01 9.063078e-01
    outer loop
      vertex   9.316000e+00 -9.934202e+00 1.413969e+00
      vertex   9.678000e+00 -9.950000e+00 1.406603e+00
      vertex   9.678000e+00 -9.934202e+00 1.413969e+00
    endloop
  endfacet
  facet normal 3.853614e-19 -4.226183e-01 9.063078e-01
    outer loop
      vertex   9.678000e+00 -9.934202e+00 1.413969e+00
      vertex   9.678000e+00 -9.950000e+00 1.406603e+00
      vertex   1.004000e+01 -9.950000e+00 1.406603e+00
    endloop
  endfacet
  facet normal 0.000000e+00 -4.226183e-01 9.063078e-01
    outer loop
      vertex   1.076400e+01 -9.950000e+00 1.406603e+00
      vertex   1.040200e+01 -9.934202e+00 1.413969e+00
      vertex   1.040200e+01 -9.950000e+00 1.406603e+00
    endloop
  endfacet
  facet normal -5.555283e-16 -4.226183e-01 9.063078e-01
    outer loop
      vertex   1.040200e+01 -9.950000e+00 1.406603e+00
      vertex   1.040200e+01 -9.934202e+00 1.413969e+00
      vertex   1.004000e+01 -9.934202e+00 1.413969e+00
    endloop
  endfacet
  facet normal 0.000000e+00 -4.226183e-01 9.063078e-01
    outer loop
      vertex   1.076400e+01 -9.934202e+00 1.413969e+00
      vertex   1.112600e+01 -9.950000e+00 1.406603e+00
      vertex   1.112600e+01 -9.934202e+00 1.413969e+00
    endloop
  endfacet
  facet normal 3.853614e-19 -4.226183e-01 9.063078e-01
    outer loop
      vertex   1.112600e+01 -9.934202e+00 1.413969e+00
      vertex   1.112600e+01 -9.950000e+00 1.406603e+00
      vertex   1.148800e+01 -9.950000e+00 1.406603e+00
    endloop
  endfacet
  facet normal 0.000000e+00 -4.226183e-01 9.063078e-01
    outer loop
      vertex   1.112600e+01 -9.934202e+00 1.413969e+00
      vertex   1.148800e+01 -9.950000e+00 1.406603e+00
      vertex   1.148800e+01 -9.934202e+00 1.413969e+00
    endloop
  endfacet
  facet normal -1.111442e-15 -4.226183e-01 9.063078e-01
    outer loop
      vertex   1.148800e+01 -9.934202e+00 1.413969e+00
      vertex   1.148800e+01 -9.950000e+00 1.406603e+00
      vertex   1.185000e+01 -9.950000e+00 1.406603e+00
    endloop
  endfacet
  facet normal 0.000000e+00 -4.226183e-01 9.063078e-01
    outer loop
      vertex   1.185000e+01 -9.934202e+00 1.413969e+00
      vertex   1.221200e+01 -9.950000e+00 1.406603e+00
      vertex   1.221200e+01 -9.934202e+00 1.413969e+00
    endloop
  endfacet
  facet normal 7.414661e-19 -4.226183e-01 9.063078e-01
    outer loop
      vertex   1.221200e+01 -9.934202e+00 1.413969e+00
      vertex   1.221200e+01 -9.950000e+00 1.406603e+00
      vertex   1.257400e+01 -9.950000e+00 1.406603e+00
    endloop
  endfacet
  facet normal 5.559137e-16 -4.226183e-01 9.063078e-01
    outer loop
      vertex   1.221200e+01 -9.934202e+00 1.413969e+00
      vertex   1.257400e+01 -9.950000e+00 1.406603e+00
      vertex   1.257400e+01 -9.934202e+00 1.413969e+00
    endloop
  endfacet
  facet normal -1.050189e-18 -4.226183e-01 9.063078e-01
    outer loop
      vertex   1.257400e+01 -9.934202e+00 1.413969e+00
      vertex   1.257400e+01 -9.950000e+00 1.406603e+00
      vertex   1.293600e+01 -9.950000e+00 1.406603e+00
    endloop
  endfacet
  facet normal 7.414661e-19 -4.226183e-01 9.063078e-01
    outer loop
      vertex   1.329800e+01 -9.950000e+00 1.406603e+00
      vertex   1.329800e+01 -9.934202e+00 1.413969e+00
      vertex   1.293600e+01 -9.934202e+00 1.413969e+00
    endloop
  endfacet
  facet normal 0.000000e+00 -5.735764e-01 8.191520e-01
    outer loop
      vertex   7.506000e+00 -9.950000e+00 1.406603e+00
      vertex   7.144000e+00 -9.950000e+00 1.406603e+00
      vertex   7.506000e+00 -9.964279e+00 1.396604e+00
    endloop
  endfacet
  facet normal -2.814576e-15 -5.735764e-01 8.191520e-01
    outer loop
      vertex   7.506000e+00 -9.964279e+00 1.396604e+00
      vertex   7.144000e+00 -9.950000e+00 1.406603e+00
      vertex   7.144000e+00 -9.964279e+00 1.396604e+00
    endloop
  endfacet
  facet normal -3.469818e-15 -7.071068e-01 7.071068e-01
    outer loop
      vertex   7.506000e+00 -9.964279e+00 1.396604e+00
      vertex   7.144000e+00 -9.964279e+00 1.396604e+00
      vertex   7.506000e+00 -9.976604e+00 1.384279e+00
    endloop
  endfacet
  facet normal 4.337272e-16 -7.071068e-01 7.071068e-01
    outer loop
      vertex   7.506000e+00 -9.976604e+00 1.384279e+00
      vertex   7.144000e+00 -9.964279e+00 1.396604e+00
      vertex   7.144000e+00 -9.976604e+00 1.384279e+00
    endloop
  endfacet
  facet normal 3.518220e-16 -8.191520e-01 5.735764e-01
    outer loop
      vertex   7.506000e+00 -9.976604e+00 1.384279e+00
      vertex   7.144000e+00 -9.976604e+00 1.384279e+00
      vertex   7.506000e+00 -9.986603e+00 1.370000e+00
    endloop
  endfacet
  facet normal 0.000000e+00 -8.191520e-01 5.735764e-01
    outer loop
      vertex   7.506000e+00 -9.986603e+00 1.370000e+00
      vertex   7.144000e+00 -9.976604e+00 1.384279e+00
      vertex   7.144000e+00 -9.986603e+00 1.370000e+00
    endloop
  endfacet
  facet normal 0.000000e+00 -9.063078e-01 4.226183e-01
    outer loop
      vertex   7.506000e+00 -9.986603e+00 1.370000e+00
      vertex   7.144000e+00 -9.986603e+00 1.370000e+00
      vertex   7.506000e+00 -9.993969e+00 1.354202e+00
    endloop
  endfacet
  facet normal 0.000000e+00 -9.063078e-01 4.226183e-01
    outer loop
      vertex   7.506000e+00 -9.993969e+00 1.354202e+00
      vertex   7.144000e+00 -9.986603e+00 1.370000e+00
      vertex   7.144000e+00 -9.993969e+00 1.354202e+00
    endloop
  endfacet
  facet normal 0.000000e+00 -9.659258e-01 2.588190e-01
    outer loop
      vertex   7.506000e+00 -9.993969e+00 1.354202e+00
      vertex   7.144000e+00 -9.993969e+00 1.354202e+00
      vertex   7.506000e+00 -9.998481e+00 1.337365e+00
    endloop
  endfacet
  facet normal 0.000000e+00 -9.659258e-01 2.588190e-01
    outer loop
      vertex   7.506000e+00 -9.998481e+00 1.337365e+00
      vertex   7.144000e+00 -9.993969e+00 1.354202e+00
      vertex   7.144000e+00 -9.998481e+00 1.337365e+00
    endloop
  endfacet
  facet normal 0.000000e+00 -9.961947e-01 8.715574e-02
    outer loop
      vertex   7.506000e+00 -9.998481e+00 1.337365e+00
      vertex   7.144000e+00 -9.998481e+00 1.337365e+00
      vertex   6.420000e+00 -1.000000e+01 1.320000e+00
    endloop
  endfacet
  facet normal 0.000000e+00 -5.735764e-01 8.191520e-01
    outer loop
      vertex   8.230000e+00 -9.950000e+00 1.406603e+00
      vertex   8.592000e+00 -9.964279e+00 1.396604e+00
      vertex   8.592000e+00 -9.950000e+00 1.406603e+00
    endloop
  endfacet
  facet normal -1.883312e-18 -5.735764e-01 8.191520e-01
    outer loop
      vertex   8.592000e+00 -9.950000e+00 1.406603e+00
      vertex   8.592000e+00 -9.964279e+00 1.396604e+00
      vertex   8.954000e+00 -9.964279e+00 1.396604e+00
    endloop
  endfacet
  facet normal 0.000000e+00 -5.735764e-01 8.191520e-01
    outer loop
      vertex   8.592000e+00 -9.950000e+00 1.406603e+00
      vertex   8.954000e+00 -9.964279e+00 1.396604e+00
      vertex   8.954000e+00 -9.950000e+00 1.406603e+00
    endloop
  endfacet
  facet normal -5.043372e-16 -5.735764e-01 8.191520e-01
    outer loop
      vertex   8.954000e+00 -9.950000e+00 1.406603e+00
      vertex   8.954000e+00 -9.964279e+00 1.396604e+00
      vertex   9.316000e+00 -9.964279e+00 1.396604e+00
    endloop
  endfacet
  facet normal 0.000000e+00 -5.735764e-01 8.191520e-01
    outer loop
      vertex   9.316000e+00 -9.950000e+00 1.406603e+00
      vertex   9.678000e+00 -9.964279e+00 1.396604e+00
      vertex   9.678000e+00 -9.950000e+00 1.406603e+00
    endloop
  endfacet
  facet normal -1.883312e-18 -5.735764e-01 8.191520e-01
    outer loop
      vertex   9.678000e+00 -9.950000e+00 1.406603e+00
      vertex   9.678000e+00 -9.964279e+00 1.396604e+00
      vertex   1.004000e+01 -9.964279e+00 1.396604e+00
    endloop
  endfacet
  facet normal 0.000000e+00 -5.735764e-01 8.191520e-01
    outer loop
      vertex   9.678000e+00 -9.950000e+00 1.406603e+00
      vertex   1.004000e+01 -9.964279e+00 1.396604e+00
      vertex   1.004000e+01 -9.950000e+00 1.406603e+00
    endloop
  endfacet
  facet normal -1.006791e-15 -5.735764e-01 8.191520e-01
    outer loop
      vertex   1.004000e+01 -9.950000e+00 1.406603e+00
      vertex   1.004000e+01 -9.964279e+00 1.396604e+00
      vertex   1.040200e+01 -9.964279e+00 1.396604e+00
    endloop
  endfacet
  facet normal 1.004908e-15 -5.735764e-01 8.191520e-01
    outer loop
      vertex   1.112600e+01 -9.964279e+00 1.396604e+00
      vertex   1.076400e+01 -9.950000e+00 1.406603e+00
      vertex   1.076400e+01 -9.964279e+00 1.396604e+00
    endloop
  endfacet
  facet normal -1.761361e-18 -5.735764e-01 8.191520e-01
    outer loop
      vertex   1.076400e+01 -9.964279e+00 1.396604e+00
      vertex   1.076400e+01 -9.950000e+00 1.406603e+00
      vertex   1.040200e+01 -9.950000e+00 1.406603e+00
    endloop
  endfacet
  facet normal 0.000000e+00 -5.735764e-01 8.191520e-01
    outer loop
      vertex   1.112600e+01 -9.950000e+00 1.406603e+00
      vertex   1.148800e+01 -9.964279e+00 1.396604e+00
      vertex   1.148800e+01 -9.950000e+00 1.406603e+00
    endloop
  endfacet
  facet normal -1.006913e-15 -5.735764e-01 8.191520e-01
    outer loop
      vertex   1.148800e+01 -9.950000e+00 1.406603e+00
      vertex   1.148800e+01 -9.964279e+00 1.396604e+00
      vertex   1.185000e+01 -9.964279e+00 1.396604e+00
    endloop
  endfacet
  facet normal -1.004908e-15 -5.735764e-01 8.191520e-01
    outer loop
      vertex   1.148800e+01 -9.950000e+00 1.406603e+00
      vertex   1.185000e+01 -9.964279e+00 1.396604e+00
      vertex   1.185000e+01 -9.950000e+00 1.406603e+00
    endloop
  endfacet
  facet normal -2.005262e-18 -5.735764e-01 8.191520e-01
    outer loop
      vertex   1.185000e+01 -9.950000e+00 1.406603e+00
      vertex   1.185000e+01 -9.964279e+00 1.396604e+00
      vertex   1.221200e+01 -9.964279e+00 1.396604e+00
    endloop
  endfacet
  facet normal 0.000000e+00 -5.735764e-01 8.191520e-01
    outer loop
      vertex   1.221200e+01 -9.950000e+00 1.406603e+00
      vertex   1.257400e+01 -9.964279e+00 1.396604e+00
      vertex   1.257400e+01 -9.950000e+00 1.406603e+00
    endloop
  endfacet
  facet normal -5.044591e-16 -5.735764e-01 8.191520e-01
    outer loop
      vertex   1.257400e+01 -9.950000e+00 1.406603e+00
      vertex   1.257400e+01 -9.964279e+00 1.396604e+00
      vertex   1.293600e+01 -9.964279e+00 1.396604e+00
    endloop
  endfacet
  facet normal 0.000000e+00 -5.735764e-01 8.191520e-01
    outer loop
      vertex   1.257400e+01 -9.950000e+00 1.406603e+00
      vertex   1.293600e+01 -9.964279e+00 1.396604e+00
      vertex   1.293600e+01 -9.950000e+00 1.406603e+00
    endloop
  endfacet
  facet normal -1.883312e-18 -5.735764e-01 8.191520e-01
    outer loop
      vertex   1.293600e+01 -9.950000e+00 1.406603e+00
      vertex   1.293600e+01 -9.964279e+00 1.396604e+00
      vertex   1.329800e+01 -9.964279e+00 1.396604e+00
    endloop
  endfacet
  facet normal 5.005705e-16 -5.735764e-01 8.191520e-01
    outer loop
      vertex   7.506000e+00 -9.950000e+00 1.406603e+00
      vertex   7.506000e+00 -9.964279e+00 1.396604e+00
      vertex   7.868000e+00 -9.964279e+00 1.396604e+00
    endloop
  endfacet
  facet normal 4.337272e-16 -7.071068e-01 7.071068e-01
    outer loop
      vertex   7.868000e+00 -9.964279e+00 1.396604e+00
      vertex   7.506000e+00 -9.964279e+00 1.396604e+00
      vertex   7.868000e+00 -9.976604e+00 1.384279e+00
    endloop
  endfacet
  facet normal -4.317384e-16 -7.071068e-01 7.071068e-01
    outer loop
      vertex   7.868000e+00 -9.964279e+00 1.396604e+00
      vertex   7.868000e+00 -9.976604e+00 1.384279e+00
      vertex   8.230000e+00 -9.976604e+00 1.384279e+00
    endloop
  endfacet
  facet normal -3.518220e-16 -8.191520e-01 5.735764e-01
    outer loop
      vertex   8.230000e+00 -9.976604e+00 1.384279e+00
      vertex   7.868000e+00 -9.976604e+00 1.384279e+00
      vertex   8.230000e+00 -9.986603e+00 1.370000e+00
    endloop
  endfacet
  facet normal -1.017246e-18 -8.191520e-01 5.735764e-01
    outer loop
      vertex   8.230000e+00 -9.976604e+00 1.384279e+00
      vertex   8.230000e+00 -9.986603e+00 1.370000e+00
      vertex   8.592000e+00 -9.986603e+00 1.370000e+00
    endloop
  endfacet
  facet normal 0.000000e+00 -9.063078e-01 4.226183e-01
    outer loop
      vertex   8.592000e+00 -9.986603e+00 1.370000e+00
      vertex   8.230000e+00 -9.986603e+00 1.370000e+00
      vertex   8.592000e+00 -9.993969e+00 1.354202e+00
    endloop
  endfacet
  facet normal -3.379798e-19 -9.063078e-01 4.226183e-01
    outer loop
      vertex   8.592000e+00 -9.986603e+00 1.370000e+00
      vertex   8.592000e+00 -9.993969e+00 1.354202e+00
      vertex   8.954000e+00 -9.993969e+00 1.354202e+00
    endloop
  endfacet
  facet normal 0.000000e+00 -9.659258e-01 2.588190e-01
    outer loop
      vertex   8.954000e+00 -9.993969e+00 1.354202e+00
      vertex   8.592000e+00 -9.993969e+00 1.354202e+00
      vertex   8.954000e+00 -9.998481e+00 1.337365e+00
    endloop
  endfacet
  facet normal -7.441984e-19 -9.659258e-01 2.588190e-01
    outer loop
      vertex   8.954000e+00 -9.993969e+00 1.354202e+00
      vertex   8.954000e+00 -9.998481e+00 1.337365e+00
      vertex   9.316000e+00 -9.998481e+00 1.337365e+00
    endloop
  endfacet
  facet normal 0.000000e+00 -9.961947e-01 8.715574e-02
    outer loop
      vertex   9.316000e+00 -9.998481e+00 1.337365e+00
      vertex   8.954000e+00 -9.998481e+00 1.337365e+00
      vertex   6.420000e+00 -1.000000e+01 1.320000e+00
    endloop
  endfacet
  facet normal 0.000000e+00 -7.071068e-01 7.071068e-01
    outer loop
      vertex   7.868000e+00 -9.976604e+00 1.384279e+00
      vertex   7.506000e+00 -9.964279e+00 1.396604e+00
      vertex   7.506000e+00 -9.976604e+00 1.384279e+00
    endloop
  endfacet
  facet normal 0.000000e+00 -7.071068e-01 7.071068e-01
    outer loop
      vertex   8.592000e+00 -9.964279e+00 1.396604e+00
      vertex   8.954000e+00 -9.976604e+00 1.384279e+00
      vertex   8.954000e+00 -9.964279e+00 1.396604e+00
    endloop
  endfacet
  facet normal -8.654656e-16 -7.071068e-01 7.071068e-01
    outer loop
      vertex   8.954000e+00 -9.964279e+00 1.396604e+00
      vertex   8.954000e+00 -9.976604e+00 1.384279e+00
      vertex   9.316000e+00 -9.976604e+00 1.384279e+00
    endloop
  endfacet
  facet normal -4.337272e-16 -7.071068e-01 7.071068e-01
    outer loop
      vertex   8.954000e+00 -9.964279e+00 1.396604e+00
      vertex   9.316000e+00 -9.976604e+00 1.384279e+00
      vertex   9.316000e+00 -9.964279e+00 1.396604e+00
    endloop
  endfacet
  facet normal 8.695635e-16 -7.071068e-01 7.071068e-01
    outer loop
      vertex   9.316000e+00 -9.964279e+00 1.396604e+00
      vertex   9.316000e+00 -9.976604e+00 1.384279e+00
      vertex   9.678000e+00 -9.976604e+00 1.384279e+00
    endloop
  endfacet
  facet normal 0.000000e+00 -7.071068e-01 7.071068e-01
    outer loop
      vertex   9.678000e+00 -9.964279e+00 1.396604e+00
      vertex   1.004000e+01 -9.976604e+00 1.384279e+00
      vertex   1.004000e+01 -9.964279e+00 1.396604e+00
    endloop
  endfacet
  facet normal -8.655859e-16 -7.071068e-01 7.071068e-01
    outer loop
      vertex   1.004000e+01 -9.964279e+00 1.396604e+00
      vertex   1.004000e+01 -9.976604e+00 1.384279e+00
      vertex   1.040200e+01 -9.976604e+00 1.384279e+00
    endloop
  endfacet
  facet normal -8.674544e-16 -7.071068e-01 7.071068e-01
    outer loop
      vertex   1.004000e+01 -9.964279e+00 1.396604e+00
      vertex   1.040200e+01 -9.976604e+00 1.384279e+00
      vertex   1.040200e+01 -9.964279e+00 1.396604e+00
    endloop
  endfacet
  facet normal 1.868535e-18 -7.071068e-01 7.071068e-01
    outer loop
      vertex   1.040200e+01 -9.964279e+00 1.396604e+00
      vertex   1.040200e+01 -9.976604e+00 1.384279e+00
      vertex   1.076400e+01 -9.976604e+00 1.384279e+00
    endloop
  endfacet
  facet normal 0.000000e+00 -7.071068e-01 7.071068e-01
    outer loop
      vertex   1.148800e+01 -9.976604e+00 1.384279e+00
      vertex   1.112600e+01 -9.964279e+00 1.396604e+00
      vertex   1.112600e+01 -9.976604e+00 1.384279e+00
    endloop
  endfacet
  facet normal 8.695635e-16 -7.071068e-01 7.071068e-01
    outer loop
      vertex   1.112600e+01 -9.976604e+00 1.384279e+00
      vertex   1.112600e+01 -9.964279e+00 1.396604e+00
      vertex   1.076400e+01 -9.964279e+00 1.396604e+00
    endloop
  endfacet
  facet normal -8.674544e-16 -7.071068e-01 7.071068e-01
    outer loop
      vertex   1.148800e+01 -9.964279e+00 1.396604e+00
      vertex   1.185000e+01 -9.976604e+00 1.384279e+00
      vertex   1.185000e+01 -9.964279e+00 1.396604e+00
    endloop
  endfacet
  facet normal 1.868535e-18 -7.071068e-01 7.071068e-01
    outer loop
      vertex   1.185000e+01 -9.964279e+00 1.396604e+00
      vertex   1.185000e+01 -9.976604e+00 1.384279e+00
      vertex   1.221200e+01 -9.976604e+00 1.384279e+00
    endloop
  endfacet
  facet normal 0.000000e+00 -7.071068e-01 7.071068e-01
    outer loop
      vertex   1.185000e+01 -9.964279e+00 1.396604e+00
      vertex   1.221200e+01 -9.976604e+00 1.384279e+00
      vertex   1.221200e+01 -9.964279e+00 1.396604e+00
    endloop
  endfacet
  facet normal 1.868535e-18 -7.071068e-01 7.071068e-01
    outer loop
      vertex   1.221200e+01 -9.964279e+00 1.396604e+00
      vertex   1.221200e+01 -9.976604e+00 1.384279e+00
      vertex   1.257400e+01 -9.976604e+00 1.384279e+00
    endloop
  endfacet
  facet normal 1.868535e-18 -7.071068e-01 7.071068e-01
    outer loop
      vertex   1.329800e+01 -9.976604e+00 1.384279e+00
      vertex   1.329800e+01 -9.964279e+00 1.396604e+00
      vertex   1.293600e+01 -9.964279e+00 1.396604e+00
    endloop
  endfacet
  facet normal 0.000000e+00 -7.071068e-01 7.071068e-01
    outer loop
      vertex   1.329800e+01 -9.976604e+00 1.384279e+00
      vertex   1.293600e+01 -9.964279e+00 1.396604e+00
      vertex   1.293600e+01 -9.976604e+00 1.384279e+00
    endloop
  endfacet
  facet normal -4.318587e-16 -7.071068e-01 7.071068e-01
    outer loop
      vertex   1.293600e+01 -9.976604e+00 1.384279e+00
      vertex   1.293600e+01 -9.964279e+00 1.396604e+00
      vertex   1.257400e+01 -9.964279e+00 1.396604e+00
    endloop
  endfacet
  facet normal 0.000000e+00 -8.191520e-01 5.735764e-01
    outer loop
      vertex   7.868000e+00 -9.976604e+00 1.384279e+00
      vertex   7.506000e+00 -9.976604e+00 1.384279e+00
      vertex   7.868000e+00 -9.986603e+00 1.370000e+00
    endloop
  endfacet
  facet normal 3.518220e-16 -8.191520e-01 5.735764e-01
    outer loop
      vertex   7.868000e+00 -9.986603e+00 1.370000e+00
      vertex   7.506000e+00 -9.976604e+00 1.384279e+00
      vertex   7.506000e+00 -9.986603e+00 1.370000e+00
    endloop
  endfacet
  facet normal 2.592268e-16 -9.063078e-01 4.226183e-01
    outer loop
      vertex   7.868000e+00 -9.986603e+00 1.370000e+00
      vertex   7.506000e+00 -9.986603e+00 1.370000e+00
      vertex   7.868000e+00 -9.993969e+00 1.354202e+00
    endloop
  endfacet
  facet normal 0.000000e+00 -9.063078e-01 4.226183e-01
    outer loop
      vertex   7.868000e+00 -9.993969e+00 1.354202e+00
      vertex   7.506000e+00 -9.986603e+00 1.370000e+00
      vertex   7.506000e+00 -9.993969e+00 1.354202e+00
    endloop
  endfacet
  facet normal 0.000000e+00 -9.659258e-01 2.588190e-01
    outer loop
      vertex   7.868000e+00 -9.993969e+00 1.354202e+00
      vertex   7.506000e+00 -9.993969e+00 1.354202e+00
      vertex   7.868000e+00 -9.998481e+00 1.337365e+00
    endloop
  endfacet
  facet normal 0.000000e+00 -9.659258e-01 2.588190e-01
    outer loop
      vertex   7.868000e+00 -9.998481e+00 1.337365e+00
      vertex   7.506000e+00 -9.993969e+00 1.354202e+00
      vertex   7.506000e+00 -9.998481e+00 1.337365e+00
    endloop
  endfacet
  facet normal 0.000000e+00 -9.961947e-01 8.715574e-02
    outer loop
      vertex   7.868000e+00 -9.998481e+00 1.337365e+00
      vertex   7.506000e+00 -9.998481e+00 1.337365e+00
      vertex   6.420000e+00 -1.000000e+01 1.320000e+00
    endloop
  endfacet
  facet normal -7.036439e-16 -8.191520e-01 5.735764e-01
    outer loop
      vertex   8.954000e+00 -9.976604e+00 1.384279e+00
      vertex   9.316000e+00 -9.986603e+00 1.370000e+00
      vertex   9.316000e+00 -9.976604e+00 1.384279e+00
    endloop
  endfacet
  facet normal 3.503941e-16 -8.191520e-01 5.735764e-01
    outer loop
      vertex   9.316000e+00 -9.976604e+00 1.384279e+00
      vertex   9.316000e+00 -9.986603e+00 1.370000e+00
      vertex   9.678000e+00 -9.986603e+00 1.370000e+00
    endloop
  endfacet
  facet normal 7.036439e-16 -8.191520e-01 5.735764e-01
    outer loop
      vertex   9.316000e+00 -9.976604e+00 1.384279e+00
      vertex   9.678000e+00 -9.986603e+00 1.370000e+00
      vertex   9.678000e+00 -9.976604e+00 1.384279e+00
    endloop
  endfacet
  facet normal -1.017246e-18 -8.191520e-01 5.735764e-01
    outer loop
      vertex   9.678000e+00 -9.976604e+00 1.384279e+00
      vertex   9.678000e+00 -9.986603e+00 1.370000e+00
      vertex   1.004000e+01 -9.986603e+00 1.370000e+00
    endloop
  endfacet
  facet normal -7.036439e-16 -8.191520e-01 5.735764e-01
    outer loop
      vertex   1.004000e+01 -9.976604e+00 1.384279e+00
      vertex   1.040200e+01 -9.986603e+00 1.370000e+00
      vertex   1.040200e+01 -9.976604e+00 1.384279e+00
    endloop
  endfacet
  facet normal -1.427885e-18 -8.191520e-01 5.735764e-01
    outer loop
      vertex   1.040200e+01 -9.976604e+00 1.384279e+00
      vertex   1.040200e+01 -9.986603e+00 1.370000e+00
      vertex   1.076400e+01 -9.986603e+00 1.370000e+00
    endloop
  endfacet
  facet normal 0.000000e+00 -8.191520e-01 5.735764e-01
    outer loop
      vertex   1.040200e+01 -9.976604e+00 1.384279e+00
      vertex   1.076400e+01 -9.986603e+00 1.370000e+00
      vertex   1.076400e+01 -9.976604e+00 1.384279e+00
    endloop
  endfacet
  facet normal 3.503941e-16 -8.191520e-01 5.735764e-01
    outer loop
      vertex   1.076400e+01 -9.976604e+00 1.384279e+00
      vertex   1.076400e+01 -9.986603e+00 1.370000e+00
      vertex   1.112600e+01 -9.986603e+00 1.370000e+00
    endloop
  endfacet
  facet normal -1.838524e-18 -8.191520e-01 5.735764e-01
    outer loop
      vertex   1.148800e+01 -9.986603e+00 1.370000e+00
      vertex   1.148800e+01 -9.976604e+00 1.384279e+00
      vertex   1.112600e+01 -9.976604e+00 1.384279e+00
    endloop
  endfacet
  facet normal 0.000000e+00 -8.191520e-01 5.735764e-01
    outer loop
      vertex   1.185000e+01 -9.976604e+00 1.384279e+00
      vertex   1.221200e+01 -9.986603e+00 1.370000e+00
      vertex   1.221200e+01 -9.976604e+00 1.384279e+00
    endloop
  endfacet
  facet normal -1.427885e-18 -8.191520e-01 5.735764e-01
    outer loop
      vertex   1.221200e+01 -9.976604e+00 1.384279e+00
      vertex   1.221200e+01 -9.986603e+00 1.370000e+00
      vertex   1.257400e+01 -9.986603e+00 1.370000e+00
    endloop
  endfacet
  facet normal 0.000000e+00 -8.191520e-01 5.735764e-01
    outer loop
      vertex   1.221200e+01 -9.976604e+00 1.384279e+00
      vertex   1.257400e+01 -9.986603e+00 1.370000e+00
      vertex   1.257400e+01 -9.976604e+00 1.384279e+00
    endloop
  endfacet
  facet normal -1.427885e-18 -8.191520e-01 5.735764e-01
    outer loop
      vertex   1.257400e+01 -9.976604e+00 1.384279e+00
      vertex   1.257400e+01 -9.986603e+00 1.370000e+00
      vertex   1.293600e+01 -9.986603e+00 1.370000e+00
    endloop
  endfacet
  facet normal -1.838524e-18 -8.191520e-01 5.735764e-01
    outer loop
      vertex   1.329800e+01 -9.986603e+00 1.370000e+00
      vertex   1.329800e+01 -9.976604e+00 1.384279e+00
      vertex   1.293600e+01 -9.976604e+00 1.384279e+00
    endloop
  endfacet
  facet normal -3.528392e-16 -8.191520e-01 5.735764e-01
    outer loop
      vertex   7.868000e+00 -9.976604e+00 1.384279e+00
      vertex   7.868000e+00 -9.986603e+00 1.370000e+00
      vertex   8.230000e+00 -9.986603e+00 1.370000e+00
    endloop
  endfacet
  facet normal -2.592268e-16 -9.063078e-01 4.226183e-01
    outer loop
      vertex   8.230000e+00 -9.986603e+00 1.370000e+00
      vertex   7.868000e+00 -9.986603e+00 1.370000e+00
      vertex   8.230000e+00 -9.993969e+00 1.354202e+00
    endloop
  endfacet
  facet normal -3.379798e-19 -9.063078e-01 4.226183e-01
    outer loop
      vertex   8.230000e+00 -9.986603e+00 1.370000e+00
      vertex   8.230000e+00 -9.993969e+00 1.354202e+00
      vertex   8.592000e+00 -9.993969e+00 1.354202e+00
    endloop
  endfacet
  facet normal 0.000000e+00 -9.659258e-01 2.588190e-01
    outer loop
      vertex   8.592000e+00 -9.993969e+00 1.354202e+00
      vertex   8.230000e+00 -9.993969e+00 1.354202e+00
      vertex   8.592000e+00 -9.998481e+00 1.337365e+00
    endloop
  endfacet
  facet normal -7.441984e-19 -9.659258e-01 2.588190e-01
    outer loop
      vertex   8.592000e+00 -9.993969e+00 1.354202e+00
      vertex   8.592000e+00 -9.998481e+00 1.337365e+00
      vertex   8.954000e+00 -9.998481e+00 1.337365e+00
    endloop
  endfacet
  facet normal 0.000000e+00 -9.961947e-01 8.715574e-02
    outer loop
      vertex   8.954000e+00 -9.998481e+00 1.337365e+00
      vertex   8.592000e+00 -9.998481e+00 1.337365e+00
      vertex   6.420000e+00 -1.000000e+01 1.320000e+00
    endloop
  endfacet
  facet normal 0.000000e+00 -9.063078e-01 4.226183e-01
    outer loop
      vertex   8.230000e+00 -9.993969e+00 1.354202e+00
      vertex   7.868000e+00 -9.986603e+00 1.370000e+00
      vertex   7.868000e+00 -9.993969e+00 1.354202e+00
    endloop
  endfacet
  facet normal 2.592268e-16 -9.063078e-01 4.226183e-01
    outer loop
      vertex   9.316000e+00 -9.986603e+00 1.370000e+00
      vertex   9.678000e+00 -9.993969e+00 1.354202e+00
      vertex   9.678000e+00 -9.986603e+00 1.370000e+00
    endloop
  endfacet
  facet normal -3.379798e-19 -9.063078e-01 4.226183e-01
    outer loop
      vertex   9.678000e+00 -9.986603e+00 1.370000e+00
      vertex   9.678000e+00 -9.993969e+00 1.354202e+00
      vertex   1.004000e+01 -9.993969e+00 1.354202e+00
    endloop
  endfacet
  facet normal 0.000000e+00 -9.063078e-01 4.226183e-01
    outer loop
      vertex   9.678000e+00 -9.986603e+00 1.370000e+00
      vertex   1.004000e+01 -9.993969e+00 1.354202e+00
      vertex   1.004000e+01 -9.986603e+00 1.370000e+00
    endloop
  endfacet
  facet normal -2.595648e-16 -9.063078e-01 4.226183e-01
    outer loop
      vertex   1.004000e+01 -9.986603e+00 1.370000e+00
      vertex   1.004000e+01 -9.993969e+00 1.354202e+00
      vertex   1.040200e+01 -9.993969e+00 1.354202e+00
    endloop
  endfacet
  facet normal 0.000000e+00 -9.063078e-01 4.226183e-01
    outer loop
      vertex   1.040200e+01 -9.986603e+00 1.370000e+00
      vertex   1.076400e+01 -9.993969e+00 1.354202e+00
      vertex   1.076400e+01 -9.986603e+00 1.370000e+00
    endloop
  endfacet
  facet normal 2.588888e-16 -9.063078e-01 4.226183e-01
    outer loop
      vertex   1.076400e+01 -9.986603e+00 1.370000e+00
      vertex   1.076400e+01 -9.993969e+00 1.354202e+00
      vertex   1.112600e+01 -9.993969e+00 1.354202e+00
    endloop
  endfacet
  facet normal 2.592268e-16 -9.063078e-01 4.226183e-01
    outer loop
      vertex   1.076400e+01 -9.986603e+00 1.370000e+00
      vertex   1.112600e+01 -9.993969e+00 1.354202e+00
      vertex   1.112600e+01 -9.986603e+00 1.370000e+00
    endloop
  endfacet
  facet normal -3.379798e-19 -9.063078e-01 4.226183e-01
    outer loop
      vertex   1.112600e+01 -9.986603e+00 1.370000e+00
      vertex   1.112600e+01 -9.993969e+00 1.354202e+00
      vertex   1.148800e+01 -9.993969e+00 1.354202e+00
    endloop
  endfacet
  facet normal 2.592268e-16 -9.063078e-01 4.226183e-01
    outer loop
      vertex   1.221200e+01 -9.993969e+00 1.354202e+00
      vertex   1.185000e+01 -9.986603e+00 1.370000e+00
      vertex   1.185000e+01 -9.993969e+00 1.354202e+00
    endloop
  endfacet
  facet normal 0.000000e+00 -9.063078e-01 4.226183e-01
    outer loop
      vertex   1.221200e+01 -9.986603e+00 1.370000e+00
      vertex   1.257400e+01 -9.993969e+00 1.354202e+00
      vertex   1.257400e+01 -9.986603e+00 1.370000e+00
    endloop
  endfacet
  facet normal -2.602169e-16 -9.063078e-01 4.226183e-01
    outer loop
      vertex   1.257400e+01 -9.986603e+00 1.370000e+00
      vertex   1.257400e+01 -9.993969e+00 1.354202e+00
      vertex   1.293600e+01 -9.993969e+00 1.354202e+00
    endloop
  endfacet
  facet normal 0.000000e+00 -9.063078e-01 4.226183e-01
    outer loop
      vertex   1.257400e+01 -9.986603e+00 1.370000e+00
      vertex   1.293600e+01 -9.993969e+00 1.354202e+00
      vertex   1.293600e+01 -9.986603e+00 1.370000e+00
    endloop
  endfacet
  facet normal -3.379798e-19 -9.063078e-01 4.226183e-01
    outer loop
      vertex   1.293600e+01 -9.986603e+00 1.370000e+00
      vertex   1.293600e+01 -9.993969e+00 1.354202e+00
      vertex   1.329800e+01 -9.993969e+00 1.354202e+00
    endloop
  endfacet
  facet normal 0.000000e+00 -9.659258e-01 2.588190e-01
    outer loop
      vertex   8.230000e+00 -9.993969e+00 1.354202e+00
      vertex   7.868000e+00 -9.993969e+00 1.354202e+00
      vertex   8.230000e+00 -9.998481e+00 1.337365e+00
    endloop
  endfacet
  facet normal 0.000000e+00 -9.659258e-01 2.588190e-01
    outer loop
      vertex   8.230000e+00 -9.998481e+00 1.337365e+00
      vertex   7.868000e+00 -9.993969e+00 1.354202e+00
      vertex   7.868000e+00 -9.998481e+00 1.337365e+00
    endloop
  endfacet
  facet normal 0.000000e+00 -9.961947e-01 8.715574e-02
    outer loop
      vertex   8.230000e+00 -9.998481e+00 1.337365e+00
      vertex   7.868000e+00 -9.998481e+00 1.337365e+00
      vertex   6.420000e+00 -1.000000e+01 1.320000e+00
    endloop
  endfacet
  facet normal 0.000000e+00 -9.659258e-01 2.588190e-01
    outer loop
      vertex   9.678000e+00 -9.993969e+00 1.354202e+00
      vertex   1.004000e+01 -9.998481e+00 1.337365e+00
      vertex   1.004000e+01 -9.993969e+00 1.354202e+00
    endloop
  endfacet
  facet normal -1.594994e-16 -9.659258e-01 2.588190e-01
    outer loop
      vertex   1.004000e+01 -9.993969e+00 1.354202e+00
      vertex   1.004000e+01 -9.998481e+00 1.337365e+00
      vertex   1.040200e+01 -9.998481e+00 1.337365e+00
    endloop
  endfacet
  facet normal -1.587552e-16 -9.659258e-01 2.588190e-01
    outer loop
      vertex   1.004000e+01 -9.993969e+00 1.354202e+00
      vertex   1.040200e+01 -9.998481e+00 1.337365e+00
      vertex   1.040200e+01 -9.993969e+00 1.354202e+00
    endloop
  endfacet
  facet normal 1.580110e-16 -9.659258e-01 2.588190e-01
    outer loop
      vertex   1.040200e+01 -9.993969e+00 1.354202e+00
      vertex   1.040200e+01 -9.998481e+00 1.337365e+00
      vertex   1.076400e+01 -9.998481e+00 1.337365e+00
    endloop
  endfacet
  facet normal -7.441984e-19 -9.659258e-01 2.588190e-01
    outer loop
      vertex   1.148800e+01 -9.998481e+00 1.337365e+00
      vertex   1.148800e+01 -9.993969e+00 1.354202e+00
      vertex   1.112600e+01 -9.993969e+00 1.354202e+00
    endloop
  endfacet
  facet normal 0.000000e+00 -9.659258e-01 2.588190e-01
    outer loop
      vertex   1.148800e+01 -9.998481e+00 1.337365e+00
      vertex   1.112600e+01 -9.993969e+00 1.354202e+00
      vertex   1.112600e+01 -9.998481e+00 1.337365e+00
    endloop
  endfacet
  facet normal 1.580110e-16 -9.659258e-01 2.588190e-01
    outer loop
      vertex   1.112600e+01 -9.998481e+00 1.337365e+00
      vertex   1.112600e+01 -9.993969e+00 1.354202e+00
      vertex   1.076400e+01 -9.993969e+00 1.354202e+00
    endloop
  endfacet
  facet normal 1.587552e-16 -9.659258e-01 2.588190e-01
    outer loop
      vertex   1.221200e+01 -9.993969e+00 1.354202e+00
      vertex   1.185000e+01 -9.993969e+00 1.354202e+00
      vertex   1.221200e+01 -9.998481e+00 1.337365e+00
    endloop
  endfacet
  facet normal 0.000000e+00 -9.659258e-01 2.588190e-01
    outer loop
      vertex   1.221200e+01 -9.998481e+00 1.337365e+00
      vertex   1.185000e+01 -9.993969e+00 1.354202e+00
      vertex   1.185000e+01 -9.998481e+00 1.337365e+00
    endloop
  endfacet
  facet normal 0.000000e+00 -9.961947e-01 8.715574e-02
    outer loop
      vertex   1.221200e+01 -9.998481e+00 1.337365e+00
      vertex   1.185000e+01 -9.998481e+00 1.337365e+00
      vertex   1.366000e+01 -1.000000e+01 1.320000e+00
    endloop
  endfacet
  facet normal -9.232515e-19 -9.659258e-01 2.588190e-01
    outer loop
      vertex   1.329800e+01 -9.998481e+00 1.337365e+00
      vertex   1.329800e+01 -9.993969e+00 1.354202e+00
      vertex   1.293600e+01 -9.993969e+00 1.354202e+00
    endloop
  endfacet
  facet normal 1.587552e-16 -9.659258e-01 2.588190e-01
    outer loop
      vertex   1.329800e+01 -9.998481e+00 1.337365e+00
      vertex   1.293600e+01 -9.993969e+00 1.354202e+00
      vertex   1.293600e+01 -9.998481e+00 1.337365e+00
    endloop
  endfacet
  facet normal -1.594994e-16 -9.659258e-01 2.588190e-01
    outer loop
      vertex   1.293600e+01 -9.998481e+00 1.337365e+00
      vertex   1.293600e+01 -9.993969e+00 1.354202e+00
      vertex   1.257400e+01 -9.993969e+00 1.354202e+00
    endloop
  endfacet
  facet normal -7.045624e-20 -9.961947e-01 8.715574e-02
    outer loop
      vertex   6.420000e+00 -1.000000e+01 1.320000e+00
      vertex   8.592000e+00 -9.998481e+00 1.337365e+00
      vertex   8.230000e+00 -9.998481e+00 1.337365e+00
    endloop
  endfacet
  facet normal 0.000000e+00 -9.659258e-01 2.588190e-01
    outer loop
      vertex   8.230000e+00 -9.998481e+00 1.337365e+00
      vertex   8.592000e+00 -9.998481e+00 1.337365e+00
      vertex   8.230000e+00 -9.993969e+00 1.354202e+00
    endloop
  endfacet
  facet normal 5.338938e-17 -9.961947e-01 8.715574e-02
    outer loop
      vertex   1.366000e+01 -1.000000e+01 1.320000e+00
      vertex   1.076400e+01 -9.998481e+00 1.337365e+00
      vertex   1.040200e+01 -9.998481e+00 1.337365e+00
    endloop
  endfacet
  facet normal -5.345984e-17 -9.961947e-01 8.715574e-02
    outer loop
      vertex   1.040200e+01 -9.998481e+00 1.337365e+00
      vertex   1.004000e+01 -9.998481e+00 1.337365e+00
      vertex   1.366000e+01 -1.000000e+01 1.320000e+00
    endloop
  endfacet
  facet normal -7.045624e-20 -9.961947e-01 8.715574e-02
    outer loop
      vertex   1.366000e+01 -1.000000e+01 1.320000e+00
      vertex   1.257400e+01 -9.998481e+00 1.337365e+00
      vertex   1.221200e+01 -9.998481e+00 1.337365e+00
    endloop
  endfacet
  facet normal 0.000000e+00 -9.659258e-01 2.588190e-01
    outer loop
      vertex   1.221200e+01 -9.998481e+00 1.337365e+00
      vertex   1.257400e+01 -9.998481e+00 1.337365e+00
      vertex   1.221200e+01 -9.993969e+00 1.354202e+00
    endloop
  endfacet
  facet normal -3.066914e-16 0.000000e+00 1.000000e+00
    outer loop
      vertex   6.420000e+00 -9.900000e+00 1.420000e+00
      vertex   1.366000e+01 -9.900000e+00 1.420000e+00
      vertex   6.420000e+00 -9.314296e+00 1.420000e+00
    endloop
  endfacet
  facet normal -3.066914e-16 -1.860301e-31 1.000000e+00
    outer loop
      vertex   6.420000e+00 -9.314296e+00 1.420000e+00
      vertex   1.366000e+01 -9.900000e+00 1.420000e+00
      vertex   1.366000e+01 -9.314296e+00 1.420000e+00
    endloop
  endfacet
  facet normal 1.833368e-15 -8.576805e-02 9.963151e-01
    outer loop
      vertex   1.366000e+01 -9.297205e+00 1.421471e+00
      vertex   1.329800e+01 -9.297205e+00 1.421471e+00
      vertex   1.366000e+01 -9.314296e+00 1.420000e+00
    endloop
  endfacet
  facet normal -6.112807e-16 -8.576805e-02 9.963151e-01
    outer loop
      vertex   1.366000e+01 -9.314296e+00 1.420000e+00
      vertex   1.329800e+01 -9.297205e+00 1.421471e+00
      vertex   1.293600e+01 -9.297205e+00 1.421471e+00
    endloop
  endfacet
  facet normal -1.779688e-19 -8.576805e-02 9.963151e-01
    outer loop
      vertex   1.366000e+01 -9.314296e+00 1.420000e+00
      vertex   1.293600e+01 -9.297205e+00 1.421471e+00
      vertex   1.257400e+01 -9.297205e+00 1.421471e+00
    endloop
  endfacet
  facet normal 0.000000e+00 -2.547805e-01 9.669989e-01
    outer loop
      vertex   1.257400e+01 -9.297205e+00 1.421471e+00
      vertex   1.293600e+01 -9.297205e+00 1.421471e+00
      vertex   1.257400e+01 -9.280618e+00 1.425842e+00
    endloop
  endfacet
  facet normal 1.060478e-18 -2.547805e-01 9.669989e-01
    outer loop
      vertex   1.257400e+01 -9.297205e+00 1.421471e+00
      vertex   1.257400e+01 -9.280618e+00 1.425842e+00
      vertex   1.221200e+01 -9.280618e+00 1.425842e+00
    endloop
  endfacet
  facet normal 0.000000e+00 -4.162960e-01 9.092291e-01
    outer loop
      vertex   1.221200e+01 -9.280618e+00 1.425842e+00
      vertex   1.257400e+01 -9.280618e+00 1.425842e+00
      vertex   1.221200e+01 -9.265021e+00 1.432983e+00
    endloop
  endfacet
  facet normal -5.572239e-16 -4.162960e-01 9.092291e-01
    outer loop
      vertex   1.221200e+01 -9.280618e+00 1.425842e+00
      vertex   1.221200e+01 -9.265021e+00 1.432983e+00
      vertex   1.185000e+01 -9.265021e+00 1.432983e+00
    endloop
  endfacet
  facet normal -5.058603e-16 -5.655623e-01 8.247056e-01
    outer loop
      vertex   1.185000e+01 -9.265021e+00 1.432983e+00
      vertex   1.221200e+01 -9.265021e+00 1.432983e+00
      vertex   1.185000e+01 -9.250874e+00 1.442684e+00
    endloop
  endfacet
  facet normal 1.293851e-18 -5.655623e-01 8.247056e-01
    outer loop
      vertex   1.185000e+01 -9.265021e+00 1.432983e+00
      vertex   1.185000e+01 -9.250874e+00 1.442684e+00
      vertex   1.148800e+01 -9.250874e+00 1.442684e+00
    endloop
  endfacet
  facet normal 0.000000e+00 -6.981870e-01 7.159154e-01
    outer loop
      vertex   1.148800e+01 -9.250874e+00 1.442684e+00
      vertex   1.185000e+01 -9.250874e+00 1.442684e+00
      vertex   1.148800e+01 -9.238594e+00 1.454660e+00
    endloop
  endfacet
  facet normal 7.424094e-19 -6.981870e-01 7.159154e-01
    outer loop
      vertex   1.148800e+01 -9.250874e+00 1.442684e+00
      vertex   1.148800e+01 -9.238594e+00 1.454660e+00
      vertex   1.112600e+01 -9.238594e+00 1.454660e+00
    endloop
  endfacet
  facet normal 0.000000e+00 -8.102679e-01 5.860597e-01
    outer loop
      vertex   1.112600e+01 -9.238594e+00 1.454660e+00
      vertex   1.148800e+01 -9.238594e+00 1.454660e+00
      vertex   1.112600e+01 -9.228541e+00 1.468560e+00
    endloop
  endfacet
  facet normal -3.974415e-15 -8.102679e-01 5.860597e-01
    outer loop
      vertex   1.112600e+01 -9.238594e+00 1.454660e+00
      vertex   1.112600e+01 -9.228541e+00 1.468560e+00
      vertex   1.076400e+01 -9.228541e+00 1.468560e+00
    endloop
  endfacet
  facet normal -4.409030e-15 -8.985069e-01 4.389593e-01
    outer loop
      vertex   1.076400e+01 -9.228541e+00 1.468560e+00
      vertex   1.112600e+01 -9.228541e+00 1.468560e+00
      vertex   1.076400e+01 -9.221011e+00 1.483972e+00
    endloop
  endfacet
  facet normal -2.685113e-16 -8.985069e-01 4.389593e-01
    outer loop
      vertex   1.076400e+01 -9.228541e+00 1.468560e+00
      vertex   1.076400e+01 -9.221011e+00 1.483972e+00
      vertex   1.040200e+01 -9.221011e+00 1.483972e+00
    endloop
  endfacet
  facet normal -1.710987e-16 -9.603077e-01 2.789428e-01
    outer loop
      vertex   1.040200e+01 -9.221011e+00 1.483972e+00
      vertex   1.076400e+01 -9.221011e+00 1.483972e+00
      vertex   1.040200e+01 -9.216226e+00 1.500445e+00
    endloop
  endfacet
  facet normal 1.774955e-19 -9.603077e-01 2.789428e-01
    outer loop
      vertex   1.040200e+01 -9.221011e+00 1.483972e+00
      vertex   1.040200e+01 -9.216226e+00 1.500445e+00
      vertex   1.004000e+01 -9.216226e+00 1.500445e+00
    endloop
  endfacet
  facet normal 0.000000e+00 -9.938518e-01 1.107184e-01
    outer loop
      vertex   1.004000e+01 -9.216226e+00 1.500445e+00
      vertex   1.040200e+01 -9.216226e+00 1.500445e+00
      vertex   1.004000e+01 -9.214327e+00 1.517493e+00
    endloop
  endfacet
  facet normal 6.830251e-17 -9.938518e-01 1.107184e-01
    outer loop
      vertex   1.004000e+01 -9.216226e+00 1.500445e+00
      vertex   1.004000e+01 -9.214327e+00 1.517493e+00
      vertex   9.678000e+00 -9.214327e+00 1.517493e+00
    endloop
  endfacet
  facet normal -3.727145e-17 -9.981522e-01 -6.076377e-02
    outer loop
      vertex   9.678000e+00 -9.214327e+00 1.517493e+00
      vertex   1.004000e+01 -9.214327e+00 1.517493e+00
      vertex   9.678000e+00 -9.215369e+00 1.534615e+00
    endloop
  endfacet
  facet normal -1.837512e-19 -9.981522e-01 -6.076377e-02
    outer loop
      vertex   9.678000e+00 -9.214327e+00 1.517493e+00
      vertex   9.678000e+00 -9.215369e+00 1.534615e+00
      vertex   9.316000e+00 -9.215369e+00 1.534615e+00
    endloop
  endfacet
  facet normal 0.000000e+00 -9.730823e-01 -2.304580e-01
    outer loop
      vertex   9.316000e+00 -9.215369e+00 1.534615e+00
      vertex   9.678000e+00 -9.215369e+00 1.534615e+00
      vertex   6.420000e+00 -9.219322e+00 1.551307e+00
    endloop
  endfacet
  facet normal -0.000000e+00 -9.730823e-01 -2.304580e-01
    outer loop
      vertex   9.316000e+00 -9.215369e+00 1.534615e+00
      vertex   6.420000e+00 -9.219322e+00 1.551307e+00
      vertex   8.954000e+00 -9.215369e+00 1.534615e+00
    endloop
  endfacet
  facet normal -2.827180e-16 -9.730823e-01 -2.304580e-01
    outer loop
      vertex   8.954000e+00 -9.215369e+00 1.534615e+00
      vertex   6.420000e+00 -9.219322e+00 1.551307e+00
      vertex   8.592000e+00 -9.215369e+00 1.534615e+00
    endloop
  endfacet
  facet normal -7.454291e-17 -9.981522e-01 -6.076377e-02
    outer loop
      vertex   8.954000e+00 -9.215369e+00 1.534615e+00
      vertex   8.592000e+00 -9.215369e+00 1.534615e+00
      vertex   8.954000e+00 -9.214327e+00 1.517493e+00
    endloop
  endfacet
  facet normal -3.727145e-17 -9.981522e-01 -6.076377e-02
    outer loop
      vertex   8.954000e+00 -9.214327e+00 1.517493e+00
      vertex   8.592000e+00 -9.215369e+00 1.534615e+00
      vertex   8.592000e+00 -9.214327e+00 1.517493e+00
    endloop
  endfacet
  facet normal 6.791279e-17 -9.938518e-01 1.107184e-01
    outer loop
      vertex   8.954000e+00 -9.214327e+00 1.517493e+00
      vertex   8.592000e+00 -9.214327e+00 1.517493e+00
      vertex   8.954000e+00 -9.216226e+00 1.500445e+00
    endloop
  endfacet
  facet normal 6.791279e-17 -9.938518e-01 1.107184e-01
    outer loop
      vertex   8.954000e+00 -9.216226e+00 1.500445e+00
      vertex   8.592000e+00 -9.214327e+00 1.517493e+00
      vertex   8.592000e+00 -9.216226e+00 1.500445e+00
    endloop
  endfacet
  facet normal 1.710987e-16 -9.603077e-01 2.789428e-01
    outer loop
      vertex   8.954000e+00 -9.216226e+00 1.500445e+00
      vertex   8.592000e+00 -9.216226e+00 1.500445e+00
      vertex   8.954000e+00 -9.221011e+00 1.483972e+00
    endloop
  endfacet
  facet normal 1.710987e-16 -9.603077e-01 2.789428e-01
    outer loop
      vertex   8.954000e+00 -9.221011e+00 1.483972e+00
      vertex   8.592000e+00 -9.216226e+00 1.500445e+00
      vertex   8.592000e+00 -9.221011e+00 1.483972e+00
    endloop
  endfacet
  facet normal 2.692501e-16 -8.985069e-01 4.389593e-01
    outer loop
      vertex   8.954000e+00 -9.221011e+00 1.483972e+00
      vertex   8.592000e+00 -9.221011e+00 1.483972e+00
      vertex   8.954000e+00 -9.228541e+00 1.468560e+00
    endloop
  endfacet
  facet normal 0.000000e+00 -8.985069e-01 4.389593e-01
    outer loop
      vertex   8.954000e+00 -9.228541e+00 1.468560e+00
      vertex   8.592000e+00 -9.221011e+00 1.483972e+00
      vertex   8.592000e+00 -9.228541e+00 1.468560e+00
    endloop
  endfacet
  facet normal 0.000000e+00 -8.102679e-01 5.860597e-01
    outer loop
      vertex   8.954000e+00 -9.228541e+00 1.468560e+00
      vertex   8.592000e+00 -9.228541e+00 1.468560e+00
      vertex   8.954000e+00 -9.238594e+00 1.454660e+00
    endloop
  endfacet
  facet normal 0.000000e+00 -8.102679e-01 5.860597e-01
    outer loop
      vertex   8.954000e+00 -9.238594e+00 1.454660e+00
      vertex   8.592000e+00 -9.228541e+00 1.468560e+00
      vertex   8.592000e+00 -9.238594e+00 1.454660e+00
    endloop
  endfacet
  facet normal 0.000000e+00 -6.981870e-01 7.159154e-01
    outer loop
      vertex   8.954000e+00 -9.238594e+00 1.454660e+00
      vertex   8.592000e+00 -9.238594e+00 1.454660e+00
      vertex   8.954000e+00 -9.250874e+00 1.442684e+00
    endloop
  endfacet
  facet normal 0.000000e+00 -6.981870e-01 7.159154e-01
    outer loop
      vertex   8.954000e+00 -9.250874e+00 1.442684e+00
      vertex   8.592000e+00 -9.238594e+00 1.454660e+00
      vertex   8.592000e+00 -9.250874e+00 1.442684e+00
    endloop
  endfacet
  facet normal 0.000000e+00 -5.655623e-01 8.247056e-01
    outer loop
      vertex   8.954000e+00 -9.250874e+00 1.442684e+00
      vertex   8.592000e+00 -9.250874e+00 1.442684e+00
      vertex   8.954000e+00 -9.265021e+00 1.432983e+00
    endloop
  endfacet
  facet normal 0.000000e+00 -5.655623e-01 8.247056e-01
    outer loop
      vertex   8.954000e+00 -9.265021e+00 1.432983e+00
      vertex   8.592000e+00 -9.250874e+00 1.442684e+00
      vertex   8.592000e+00 -9.265021e+00 1.432983e+00
    endloop
  endfacet
  facet normal 0.000000e+00 -4.162960e-01 9.092291e-01
    outer loop
      vertex   8.954000e+00 -9.265021e+00 1.432983e+00
      vertex   8.592000e+00 -9.265021e+00 1.432983e+00
      vertex   8.954000e+00 -9.280618e+00 1.425842e+00
    endloop
  endfacet
  facet normal 0.000000e+00 -4.162960e-01 9.092291e-01
    outer loop
      vertex   8.954000e+00 -9.280618e+00 1.425842e+00
      vertex   8.592000e+00 -9.265021e+00 1.432983e+00
      vertex   8.592000e+00 -9.280618e+00 1.425842e+00
    endloop
  endfacet
  facet normal 0.000000e+00 -2.547805e-01 9.669989e-01
    outer loop
      vertex   8.954000e+00 -9.280618e+00 1.425842e+00
      vertex   8.592000e+00 -9.280618e+00 1.425842e+00
      vertex   8.954000e+00 -9.297205e+00 1.421471e+00
    endloop
  endfacet
  facet normal 0.000000e+00 -2.547805e-01 9.669989e-01
    outer loop
      vertex   8.954000e+00 -9.297205e+00 1.421471e+00
      vertex   8.592000e+00 -9.280618e+00 1.425842e+00
      vertex   8.592000e+00 -9.297205e+00 1.421471e+00
    endloop
  endfacet
  facet normal 0.000000e+00 -8.576805e-02 9.963151e-01
    outer loop
      vertex   8.954000e+00 -9.297205e+00 1.421471e+00
      vertex   8.592000e+00 -9.297205e+00 1.421471e+00
      vertex   6.420000e+00 -9.314296e+00 1.420000e+00
    endloop
  endfacet
  facet normal 1.521491e-19 -8.576805e-02 9.963151e-01
    outer loop
      vertex   6.420000e+00 -9.314296e+00 1.420000e+00
      vertex   8.592000e+00 -9.297205e+00 1.421471e+00
      vertex   8.230000e+00 -9.297205e+00 1.421471e+00
    endloop
  endfacet
  facet normal -6.109705e-16 -8.576805e-02 9.963151e-01
    outer loop
      vertex   6.420000e+00 -9.314296e+00 1.420000e+00
      vertex   8.230000e+00 -9.297205e+00 1.421471e+00
      vertex   7.868000e+00 -9.297205e+00 1.421471e+00
    endloop
  endfacet
  facet normal -5.931406e-16 -2.547805e-01 9.669989e-01
    outer loop
      vertex   7.868000e+00 -9.297205e+00 1.421471e+00
      vertex   8.230000e+00 -9.297205e+00 1.421471e+00
      vertex   7.868000e+00 -9.280618e+00 1.425842e+00
    endloop
  endfacet
  facet normal 1.060478e-18 -2.547805e-01 9.669989e-01
    outer loop
      vertex   7.868000e+00 -9.297205e+00 1.421471e+00
      vertex   7.868000e+00 -9.280618e+00 1.425842e+00
      vertex   7.506000e+00 -9.280618e+00 1.425842e+00
    endloop
  endfacet
  facet normal 0.000000e+00 -4.162960e-01 9.092291e-01
    outer loop
      vertex   7.506000e+00 -9.280618e+00 1.425842e+00
      vertex   7.868000e+00 -9.280618e+00 1.425842e+00
      vertex   7.506000e+00 -9.265021e+00 1.432983e+00
    endloop
  endfacet
  facet normal -6.459056e-19 -4.162960e-01 9.092291e-01
    outer loop
      vertex   7.506000e+00 -9.280618e+00 1.425842e+00
      vertex   7.506000e+00 -9.265021e+00 1.432983e+00
      vertex   7.144000e+00 -9.265021e+00 1.432983e+00
    endloop
  endfacet
  facet normal 0.000000e+00 -5.655623e-01 8.247056e-01
    outer loop
      vertex   7.144000e+00 -9.265021e+00 1.432983e+00
      vertex   7.506000e+00 -9.265021e+00 1.432983e+00
      vertex   7.144000e+00 -9.250874e+00 1.442684e+00
    endloop
  endfacet
  facet normal -5.055303e-16 -5.655623e-01 8.247056e-01
    outer loop
      vertex   7.144000e+00 -9.265021e+00 1.432983e+00
      vertex   7.144000e+00 -9.250874e+00 1.442684e+00
      vertex   6.782000e+00 -9.250874e+00 1.442684e+00
    endloop
  endfacet
  facet normal -4.391303e-16 -6.981870e-01 7.159154e-01
    outer loop
      vertex   6.782000e+00 -9.250874e+00 1.442684e+00
      vertex   7.144000e+00 -9.250874e+00 1.442684e+00
      vertex   6.782000e+00 -9.238594e+00 1.454660e+00
    endloop
  endfacet
  facet normal 4.381360e-16 -6.981870e-01 7.159154e-01
    outer loop
      vertex   6.782000e+00 -9.250874e+00 1.442684e+00
      vertex   6.782000e+00 -9.238594e+00 1.454660e+00
      vertex   6.420000e+00 -9.238594e+00 1.454660e+00
    endloop
  endfacet
  facet normal 3.594790e-16 -8.102679e-01 5.860597e-01
    outer loop
      vertex   6.420000e+00 -9.238594e+00 1.454660e+00
      vertex   6.782000e+00 -9.238594e+00 1.454660e+00
      vertex   6.420000e+00 -9.228541e+00 1.468560e+00
    endloop
  endfacet
  facet normal 0.000000e+00 -8.102679e-01 5.860597e-01
    outer loop
      vertex   6.420000e+00 -9.228541e+00 1.468560e+00
      vertex   6.782000e+00 -9.238594e+00 1.454660e+00
      vertex   6.782000e+00 -9.228541e+00 1.468560e+00
    endloop
  endfacet
  facet normal 0.000000e+00 -8.985069e-01 4.389593e-01
    outer loop
      vertex   6.420000e+00 -9.228541e+00 1.468560e+00
      vertex   6.782000e+00 -9.228541e+00 1.468560e+00
      vertex   6.420000e+00 -9.221011e+00 1.483972e+00
    endloop
  endfacet
  facet normal 2.692501e-16 -8.985069e-01 4.389593e-01
    outer loop
      vertex   6.420000e+00 -9.221011e+00 1.483972e+00
      vertex   6.782000e+00 -9.228541e+00 1.468560e+00
      vertex   6.782000e+00 -9.221011e+00 1.483972e+00
    endloop
  endfacet
  facet normal 1.710987e-16 -9.603077e-01 2.789428e-01
    outer loop
      vertex   6.420000e+00 -9.221011e+00 1.483972e+00
      vertex   6.782000e+00 -9.221011e+00 1.483972e+00
      vertex   6.420000e+00 -9.216226e+00 1.500445e+00
    endloop
  endfacet
  facet normal 0.000000e+00 -9.603077e-01 2.789428e-01
    outer loop
      vertex   6.420000e+00 -9.216226e+00 1.500445e+00
      vertex   6.782000e+00 -9.221011e+00 1.483972e+00
      vertex   6.782000e+00 -9.216226e+00 1.500445e+00
    endloop
  endfacet
  facet normal 0.000000e+00 -9.938518e-01 1.107184e-01
    outer loop
      vertex   6.420000e+00 -9.216226e+00 1.500445e+00
      vertex   6.782000e+00 -9.216226e+00 1.500445e+00
      vertex   6.420000e+00 -9.214327e+00 1.517493e+00
    endloop
  endfacet
  facet normal 6.791279e-17 -9.938518e-01 1.107184e-01
    outer loop
      vertex   6.420000e+00 -9.214327e+00 1.517493e+00
      vertex   6.782000e+00 -9.216226e+00 1.500445e+00
      vertex   6.782000e+00 -9.214327e+00 1.517493e+00
    endloop
  endfacet
  facet normal -3.727145e-17 -9.981522e-01 -6.076377e-02
    outer loop
      vertex   6.420000e+00 -9.214327e+00 1.517493e+00
      vertex   6.782000e+00 -9.214327e+00 1.517493e+00
      vertex   6.420000e+00 -9.215369e+00 1.534615e+00
    endloop
  endfacet
  facet normal 0.000000e+00 -9.981522e-01 -6.076377e-02
    outer loop
      vertex   6.420000e+00 -9.215369e+00 1.534615e+00
      vertex   6.782000e+00 -9.214327e+00 1.517493e+00
      vertex   6.782000e+00 -9.215369e+00 1.534615e+00
    endloop
  endfacet
  facet normal 0.000000e+00 -9.730823e-01 -2.304580e-01
    outer loop
      vertex   6.420000e+00 -9.215369e+00 1.534615e+00
      vertex   6.782000e+00 -9.215369e+00 1.534615e+00
      vertex   6.420000e+00 -9.219322e+00 1.551307e+00
    endloop
  endfacet
  facet normal 4.617159e-19 -9.730823e-01 -2.304580e-01
    outer loop
      vertex   6.420000e+00 -9.219322e+00 1.551307e+00
      vertex   6.782000e+00 -9.215369e+00 1.534615e+00
      vertex   7.144000e+00 -9.215369e+00 1.534615e+00
    endloop
  endfacet
  facet normal 4.617159e-19 -9.730823e-01 -2.304580e-01
    outer loop
      vertex   6.420000e+00 -9.219322e+00 1.551307e+00
      vertex   7.144000e+00 -9.215369e+00 1.534615e+00
      vertex   7.506000e+00 -9.215369e+00 1.534615e+00
    endloop
  endfacet
  facet normal -0.000000e+00 -9.981522e-01 -6.076377e-02
    outer loop
      vertex   7.506000e+00 -9.215369e+00 1.534615e+00
      vertex   7.144000e+00 -9.215369e+00 1.534615e+00
      vertex   7.506000e+00 -9.214327e+00 1.517493e+00
    endloop
  endfacet
  facet normal -3.724716e-17 -9.981522e-01 -6.076377e-02
    outer loop
      vertex   7.506000e+00 -9.215369e+00 1.534615e+00
      vertex   7.506000e+00 -9.214327e+00 1.517493e+00
      vertex   7.868000e+00 -9.214327e+00 1.517493e+00
    endloop
  endfacet
  facet normal 6.791279e-17 -9.938518e-01 1.107184e-01
    outer loop
      vertex   7.868000e+00 -9.214327e+00 1.517493e+00
      vertex   7.506000e+00 -9.214327e+00 1.517493e+00
      vertex   7.868000e+00 -9.216226e+00 1.500445e+00
    endloop
  endfacet
  facet normal 1.347313e-19 -9.938518e-01 1.107184e-01
    outer loop
      vertex   7.868000e+00 -9.214327e+00 1.517493e+00
      vertex   7.868000e+00 -9.216226e+00 1.500445e+00
      vertex   8.230000e+00 -9.216226e+00 1.500445e+00
    endloop
  endfacet
  facet normal 0.000000e+00 -9.603077e-01 2.789428e-01
    outer loop
      vertex   8.230000e+00 -9.216226e+00 1.500445e+00
      vertex   7.868000e+00 -9.216226e+00 1.500445e+00
      vertex   8.230000e+00 -9.221011e+00 1.483972e+00
    endloop
  endfacet
  facet normal 1.774955e-19 -9.603077e-01 2.789428e-01
    outer loop
      vertex   8.230000e+00 -9.216226e+00 1.500445e+00
      vertex   8.230000e+00 -9.221011e+00 1.483972e+00
      vertex   8.592000e+00 -9.221011e+00 1.483972e+00
    endloop
  endfacet
  facet normal 0.000000e+00 -8.985069e-01 4.389593e-01
    outer loop
      vertex   8.592000e+00 -9.221011e+00 1.483972e+00
      vertex   8.230000e+00 -9.221011e+00 1.483972e+00
      vertex   8.592000e+00 -9.228541e+00 1.468560e+00
    endloop
  endfacet
  facet normal 1.779422e-15 -2.547805e-01 9.669989e-01
    outer loop
      vertex   1.329800e+01 -9.297205e+00 1.421471e+00
      vertex   1.366000e+01 -9.297205e+00 1.421471e+00
      vertex   1.329800e+01 -9.280618e+00 1.425842e+00
    endloop
  endfacet
  facet normal 1.186281e-15 -2.547805e-01 9.669989e-01
    outer loop
      vertex   1.329800e+01 -9.280618e+00 1.425842e+00
      vertex   1.366000e+01 -9.297205e+00 1.421471e+00
      vertex   1.366000e+01 -9.280618e+00 1.425842e+00
    endloop
  endfacet
  facet normal 1.115411e-15 -4.162960e-01 9.092291e-01
    outer loop
      vertex   1.329800e+01 -9.280618e+00 1.425842e+00
      vertex   1.366000e+01 -9.280618e+00 1.425842e+00
      vertex   1.329800e+01 -9.265021e+00 1.432983e+00
    endloop
  endfacet
  facet normal 1.673117e-15 -4.162960e-01 9.092291e-01
    outer loop
      vertex   1.329800e+01 -9.265021e+00 1.432983e+00
      vertex   1.366000e+01 -9.280618e+00 1.425842e+00
      vertex   1.366000e+01 -9.265021e+00 1.432983e+00
    endloop
  endfacet
  facet normal 1.517581e-15 -5.655623e-01 8.247056e-01
    outer loop
      vertex   1.329800e+01 -9.265021e+00 1.432983e+00
      vertex   1.366000e+01 -9.265021e+00 1.432983e+00
      vertex   1.329800e+01 -9.250874e+00 1.442684e+00
    endloop
  endfacet
  facet normal 1.011721e-15 -5.655623e-01 8.247056e-01
    outer loop
      vertex   1.329800e+01 -9.250874e+00 1.442684e+00
      vertex   1.366000e+01 -9.265021e+00 1.432983e+00
      vertex   1.366000e+01 -9.250874e+00 1.442684e+00
    endloop
  endfacet
  facet normal 8.782605e-16 -6.981870e-01 7.159154e-01
    outer loop
      vertex   1.329800e+01 -9.250874e+00 1.442684e+00
      vertex   1.366000e+01 -9.250874e+00 1.442684e+00
      vertex   1.329800e+01 -9.238594e+00 1.454660e+00
    endloop
  endfacet
  facet normal 5.182569e-15 -6.981870e-01 7.159154e-01
    outer loop
      vertex   1.329800e+01 -9.238594e+00 1.454660e+00
      vertex   1.366000e+01 -9.250874e+00 1.442684e+00
      vertex   1.366000e+01 -9.238594e+00 1.454660e+00
    endloop
  endfacet
  facet normal 5.413952e-15 -8.102679e-01 5.860597e-01
    outer loop
      vertex   1.329800e+01 -9.238594e+00 1.454660e+00
      vertex   1.366000e+01 -9.238594e+00 1.454660e+00
      vertex   1.329800e+01 -9.228541e+00 1.468560e+00
    endloop
  endfacet
  facet normal 4.694994e-15 -8.102679e-01 5.860597e-01
    outer loop
      vertex   1.329800e+01 -9.228541e+00 1.468560e+00
      vertex   1.366000e+01 -9.238594e+00 1.454660e+00
      vertex   1.366000e+01 -9.228541e+00 1.468560e+00
    endloop
  endfacet
  facet normal 4.947530e-15 -8.985069e-01 4.389593e-01
    outer loop
      vertex   1.329800e+01 -9.228541e+00 1.468560e+00
      vertex   1.366000e+01 -9.228541e+00 1.468560e+00
      vertex   1.329800e+01 -9.221011e+00 1.483972e+00
    endloop
  endfacet
  facet normal 2.692501e-16 -8.985069e-01 4.389593e-01
    outer loop
      vertex   1.329800e+01 -9.221011e+00 1.483972e+00
      vertex   1.366000e+01 -9.228541e+00 1.468560e+00
      vertex   1.366000e+01 -9.221011e+00 1.483972e+00
    endloop
  endfacet
  facet normal 1.710987e-16 -9.603077e-01 2.789428e-01
    outer loop
      vertex   1.329800e+01 -9.221011e+00 1.483972e+00
      vertex   1.366000e+01 -9.221011e+00 1.483972e+00
      vertex   1.329800e+01 -9.216226e+00 1.500445e+00
    endloop
  endfacet
  facet normal 0.000000e+00 -9.603077e-01 2.789428e-01
    outer loop
      vertex   1.329800e+01 -9.216226e+00 1.500445e+00
      vertex   1.366000e+01 -9.221011e+00 1.483972e+00
      vertex   1.366000e+01 -9.216226e+00 1.500445e+00
    endloop
  endfacet
  facet normal 0.000000e+00 -9.938518e-01 1.107184e-01
    outer loop
      vertex   1.329800e+01 -9.216226e+00 1.500445e+00
      vertex   1.366000e+01 -9.216226e+00 1.500445e+00
      vertex   1.329800e+01 -9.214327e+00 1.517493e+00
    endloop
  endfacet
  facet normal 0.000000e+00 -9.938518e-01 1.107184e-01
    outer loop
      vertex   1.329800e+01 -9.214327e+00 1.517493e+00
      vertex   1.366000e+01 -9.216226e+00 1.500445e+00
      vertex   1.366000e+01 -9.214327e+00 1.517493e+00
    endloop
  endfacet
  facet normal 0.000000e+00 -9.981522e-01 -6.076377e-02
    outer loop
      vertex   1.329800e+01 -9.214327e+00 1.517493e+00
      vertex   1.366000e+01 -9.214327e+00 1.517493e+00
      vertex   1.329800e+01 -9.215369e+00 1.534615e+00
    endloop
  endfacet
  facet normal -3.727145e-17 -9.981522e-01 -6.076377e-02
    outer loop
      vertex   1.329800e+01 -9.215369e+00 1.534615e+00
      vertex   1.366000e+01 -9.214327e+00 1.517493e+00
      vertex   1.366000e+01 -9.215369e+00 1.534615e+00
    endloop
  endfacet
  facet normal -1.413590e-16 -9.730823e-01 -2.304580e-01
    outer loop
      vertex   1.329800e+01 -9.215369e+00 1.534615e+00
      vertex   1.366000e+01 -9.215369e+00 1.534615e+00
      vertex   1.366000e+01 -9.219322e+00 1.551307e+00
    endloop
  endfacet
  facet normal 7.067950e-17 -9.730823e-01 -2.304580e-01
    outer loop
      vertex   6.420000e+00 -9.219322e+00 1.551307e+00
      vertex   1.004000e+01 -9.215369e+00 1.534615e+00
      vertex   1.366000e+01 -9.219322e+00 1.551307e+00
    endloop
  endfacet
  facet normal -3.622911e-20 -9.730823e-01 -2.304580e-01
    outer loop
      vertex   1.366000e+01 -9.219322e+00 1.551307e+00
      vertex   1.004000e+01 -9.215369e+00 1.534615e+00
      vertex   1.040200e+01 -9.215369e+00 1.534615e+00
    endloop
  endfacet
  facet normal -3.622911e-20 -9.730823e-01 -2.304580e-01
    outer loop
      vertex   1.366000e+01 -9.219322e+00 1.551307e+00
      vertex   1.040200e+01 -9.215369e+00 1.534615e+00
      vertex   1.076400e+01 -9.215369e+00 1.534615e+00
    endloop
  endfacet
  facet normal -0.000000e+00 -9.981522e-01 -6.076377e-02
    outer loop
      vertex   1.076400e+01 -9.215369e+00 1.534615e+00
      vertex   1.040200e+01 -9.215369e+00 1.534615e+00
      vertex   1.076400e+01 -9.214327e+00 1.517493e+00
    endloop
  endfacet
  facet normal -3.745521e-17 -9.981522e-01 -6.076377e-02
    outer loop
      vertex   1.076400e+01 -9.215369e+00 1.534615e+00
      vertex   1.076400e+01 -9.214327e+00 1.517493e+00
      vertex   1.112600e+01 -9.214327e+00 1.517493e+00
    endloop
  endfacet
  facet normal 6.791279e-17 -9.938518e-01 1.107184e-01
    outer loop
      vertex   1.112600e+01 -9.214327e+00 1.517493e+00
      vertex   1.076400e+01 -9.214327e+00 1.517493e+00
      vertex   1.112600e+01 -9.216226e+00 1.500445e+00
    endloop
  endfacet
  facet normal 3.897183e-19 -9.938518e-01 1.107184e-01
    outer loop
      vertex   1.112600e+01 -9.214327e+00 1.517493e+00
      vertex   1.112600e+01 -9.216226e+00 1.500445e+00
      vertex   1.148800e+01 -9.216226e+00 1.500445e+00
    endloop
  endfacet
  facet normal 0.000000e+00 -9.603077e-01 2.789428e-01
    outer loop
      vertex   1.148800e+01 -9.216226e+00 1.500445e+00
      vertex   1.112600e+01 -9.216226e+00 1.500445e+00
      vertex   1.148800e+01 -9.221011e+00 1.483972e+00
    endloop
  endfacet
  facet normal 1.774955e-19 -9.603077e-01 2.789428e-01
    outer loop
      vertex   1.148800e+01 -9.216226e+00 1.500445e+00
      vertex   1.148800e+01 -9.221011e+00 1.483972e+00
      vertex   1.185000e+01 -9.221011e+00 1.483972e+00
    endloop
  endfacet
  facet normal 0.000000e+00 -8.985069e-01 4.389593e-01
    outer loop
      vertex   1.185000e+01 -9.221011e+00 1.483972e+00
      vertex   1.148800e+01 -9.221011e+00 1.483972e+00
      vertex   1.185000e+01 -9.228541e+00 1.468560e+00
    endloop
  endfacet
  facet normal -2.689520e-16 -8.985069e-01 4.389593e-01
    outer loop
      vertex   1.185000e+01 -9.221011e+00 1.483972e+00
      vertex   1.185000e+01 -9.228541e+00 1.468560e+00
      vertex   1.221200e+01 -9.228541e+00 1.468560e+00
    endloop
  endfacet
  facet normal -3.594790e-16 -8.102679e-01 5.860597e-01
    outer loop
      vertex   1.221200e+01 -9.228541e+00 1.468560e+00
      vertex   1.185000e+01 -9.228541e+00 1.468560e+00
      vertex   1.221200e+01 -9.238594e+00 1.454660e+00
    endloop
  endfacet
  facet normal -1.196663e-18 -8.102679e-01 5.860597e-01
    outer loop
      vertex   1.221200e+01 -9.228541e+00 1.468560e+00
      vertex   1.221200e+01 -9.238594e+00 1.454660e+00
      vertex   1.257400e+01 -9.238594e+00 1.454660e+00
    endloop
  endfacet
  facet normal 0.000000e+00 -6.981870e-01 7.159154e-01
    outer loop
      vertex   1.257400e+01 -9.238594e+00 1.454660e+00
      vertex   1.221200e+01 -9.238594e+00 1.454660e+00
      vertex   1.257400e+01 -9.250874e+00 1.442684e+00
    endloop
  endfacet
  facet normal -1.393602e-18 -6.981870e-01 7.159154e-01
    outer loop
      vertex   1.257400e+01 -9.238594e+00 1.454660e+00
      vertex   1.257400e+01 -9.250874e+00 1.442684e+00
      vertex   1.293600e+01 -9.250874e+00 1.442684e+00
    endloop
  endfacet
  facet normal 0.000000e+00 -5.655623e-01 8.247056e-01
    outer loop
      vertex   1.293600e+01 -9.250874e+00 1.442684e+00
      vertex   1.257400e+01 -9.250874e+00 1.442684e+00
      vertex   1.293600e+01 -9.265021e+00 1.432983e+00
    endloop
  endfacet
  facet normal -5.050484e-16 -5.655623e-01 8.247056e-01
    outer loop
      vertex   1.293600e+01 -9.250874e+00 1.442684e+00
      vertex   1.293600e+01 -9.265021e+00 1.432983e+00
      vertex   1.329800e+01 -9.265021e+00 1.432983e+00
    endloop
  endfacet
  facet normal -5.577056e-16 -4.162960e-01 9.092291e-01
    outer loop
      vertex   1.329800e+01 -9.265021e+00 1.432983e+00
      vertex   1.293600e+01 -9.265021e+00 1.432983e+00
      vertex   1.329800e+01 -9.280618e+00 1.425842e+00
    endloop
  endfacet
  facet normal 1.315505e-15 -6.981870e-01 7.159154e-01
    outer loop
      vertex   6.420000e+00 -9.238594e+00 1.454660e+00
      vertex   6.420000e+00 -9.250874e+00 1.442684e+00
      vertex   6.782000e+00 -9.250874e+00 1.442684e+00
    endloop
  endfacet
  facet normal 1.517581e-15 -5.655623e-01 8.247056e-01
    outer loop
      vertex   6.782000e+00 -9.250874e+00 1.442684e+00
      vertex   6.420000e+00 -9.250874e+00 1.442684e+00
      vertex   6.782000e+00 -9.265021e+00 1.432983e+00
    endloop
  endfacet
  facet normal -5.055303e-16 -5.655623e-01 8.247056e-01
    outer loop
      vertex   6.782000e+00 -9.250874e+00 1.442684e+00
      vertex   6.782000e+00 -9.265021e+00 1.432983e+00
      vertex   7.144000e+00 -9.265021e+00 1.432983e+00
    endloop
  endfacet
  facet normal -5.577056e-16 -4.162960e-01 9.092291e-01
    outer loop
      vertex   7.144000e+00 -9.265021e+00 1.432983e+00
      vertex   6.782000e+00 -9.265021e+00 1.432983e+00
      vertex   7.144000e+00 -9.280618e+00 1.425842e+00
    endloop
  endfacet
  facet normal -6.459056e-19 -4.162960e-01 9.092291e-01
    outer loop
      vertex   7.144000e+00 -9.265021e+00 1.432983e+00
      vertex   7.144000e+00 -9.280618e+00 1.425842e+00
      vertex   7.506000e+00 -9.280618e+00 1.425842e+00
    endloop
  endfacet
  facet normal 0.000000e+00 -2.547805e-01 9.669989e-01
    outer loop
      vertex   7.506000e+00 -9.280618e+00 1.425842e+00
      vertex   7.144000e+00 -9.280618e+00 1.425842e+00
      vertex   7.506000e+00 -9.297205e+00 1.421471e+00
    endloop
  endfacet
  facet normal 1.060478e-18 -2.547805e-01 9.669989e-01
    outer loop
      vertex   7.506000e+00 -9.280618e+00 1.425842e+00
      vertex   7.506000e+00 -9.297205e+00 1.421471e+00
      vertex   7.868000e+00 -9.297205e+00 1.421471e+00
    endloop
  endfacet
  facet normal 0.000000e+00 -8.576805e-02 9.963151e-01
    outer loop
      vertex   7.868000e+00 -9.297205e+00 1.421471e+00
      vertex   7.506000e+00 -9.297205e+00 1.421471e+00
      vertex   6.420000e+00 -9.314296e+00 1.420000e+00
    endloop
  endfacet
  facet normal 1.517911e-15 -5.655623e-01 8.247056e-01
    outer loop
      vertex   6.420000e+00 -9.250874e+00 1.442684e+00
      vertex   6.420000e+00 -9.265021e+00 1.432983e+00
      vertex   6.782000e+00 -9.265021e+00 1.432983e+00
    endloop
  endfacet
  facet normal 1.673117e-15 -4.162960e-01 9.092291e-01
    outer loop
      vertex   6.782000e+00 -9.265021e+00 1.432983e+00
      vertex   6.420000e+00 -9.265021e+00 1.432983e+00
      vertex   6.782000e+00 -9.280618e+00 1.425842e+00
    endloop
  endfacet
  facet normal -5.583515e-16 -4.162960e-01 9.092291e-01
    outer loop
      vertex   6.782000e+00 -9.265021e+00 1.432983e+00
      vertex   6.782000e+00 -9.280618e+00 1.425842e+00
      vertex   7.144000e+00 -9.280618e+00 1.425842e+00
    endloop
  endfacet
  facet normal -5.931406e-16 -2.547805e-01 9.669989e-01
    outer loop
      vertex   7.144000e+00 -9.280618e+00 1.425842e+00
      vertex   6.782000e+00 -9.280618e+00 1.425842e+00
      vertex   7.144000e+00 -9.297205e+00 1.421471e+00
    endloop
  endfacet
  facet normal 1.060478e-18 -2.547805e-01 9.669989e-01
    outer loop
      vertex   7.144000e+00 -9.280618e+00 1.425842e+00
      vertex   7.144000e+00 -9.297205e+00 1.421471e+00
      vertex   7.506000e+00 -9.297205e+00 1.421471e+00
    endloop
  endfacet
  facet normal 0.000000e+00 -8.576805e-02 9.963151e-01
    outer loop
      vertex   7.506000e+00 -9.297205e+00 1.421471e+00
      vertex   7.144000e+00 -9.297205e+00 1.421471e+00
      vertex   6.420000e+00 -9.314296e+00 1.420000e+00
    endloop
  endfacet
  facet normal 1.672471e-15 -4.162960e-01 9.092291e-01
    outer loop
      vertex   6.420000e+00 -9.265021e+00 1.432983e+00
      vertex   6.420000e+00 -9.280618e+00 1.425842e+00
      vertex   6.782000e+00 -9.280618e+00 1.425842e+00
    endloop
  endfacet
  facet normal 1.779422e-15 -2.547805e-01 9.669989e-01
    outer loop
      vertex   6.782000e+00 -9.280618e+00 1.425842e+00
      vertex   6.420000e+00 -9.280618e+00 1.425842e+00
      vertex   6.782000e+00 -9.297205e+00 1.421471e+00
    endloop
  endfacet
  facet normal -5.920801e-16 -2.547805e-01 9.669989e-01
    outer loop
      vertex   6.782000e+00 -9.280618e+00 1.425842e+00
      vertex   6.782000e+00 -9.297205e+00 1.421471e+00
      vertex   7.144000e+00 -9.297205e+00 1.421471e+00
    endloop
  endfacet
  facet normal -6.111227e-16 -8.576805e-02 9.963151e-01
    outer loop
      vertex   7.144000e+00 -9.297205e+00 1.421471e+00
      vertex   6.782000e+00 -9.297205e+00 1.421471e+00
      vertex   6.420000e+00 -9.314296e+00 1.420000e+00
    endloop
  endfacet
  facet normal 1.780482e-15 -2.547805e-01 9.669989e-01
    outer loop
      vertex   6.420000e+00 -9.280618e+00 1.425842e+00
      vertex   6.420000e+00 -9.297205e+00 1.421471e+00
      vertex   6.782000e+00 -9.297205e+00 1.421471e+00
    endloop
  endfacet
  facet normal 1.833368e-15 -8.576805e-02 9.963151e-01
    outer loop
      vertex   6.782000e+00 -9.297205e+00 1.421471e+00
      vertex   6.420000e+00 -9.297205e+00 1.421471e+00
      vertex   6.420000e+00 -9.314296e+00 1.420000e+00
    endloop
  endfacet
  facet normal -3.055613e-16 -8.576805e-02 9.963151e-01
    outer loop
      vertex   1.366000e+01 -9.314296e+00 1.420000e+00
      vertex   1.004000e+01 -9.297205e+00 1.421471e+00
      vertex   6.420000e+00 -9.314296e+00 1.420000e+00
    endloop
  endfacet
  facet normal 1.720941e-19 -8.576805e-02 9.963151e-01
    outer loop
      vertex   6.420000e+00 -9.314296e+00 1.420000e+00
      vertex   1.004000e+01 -9.297205e+00 1.421471e+00
      vertex   9.678000e+00 -9.297205e+00 1.421471e+00
    endloop
  endfacet
  facet normal -6.109506e-16 -8.576805e-02 9.963151e-01
    outer loop
      vertex   6.420000e+00 -9.314296e+00 1.420000e+00
      vertex   9.678000e+00 -9.297205e+00 1.421471e+00
      vertex   9.316000e+00 -9.297205e+00 1.421471e+00
    endloop
  endfacet
  facet normal -5.931406e-16 -2.547805e-01 9.669989e-01
    outer loop
      vertex   9.316000e+00 -9.297205e+00 1.421471e+00
      vertex   9.678000e+00 -9.297205e+00 1.421471e+00
      vertex   9.316000e+00 -9.280618e+00 1.425842e+00
    endloop
  endfacet
  facet normal 1.185661e-15 -2.547805e-01 9.669989e-01
    outer loop
      vertex   9.316000e+00 -9.297205e+00 1.421471e+00
      vertex   9.316000e+00 -9.280618e+00 1.425842e+00
      vertex   8.954000e+00 -9.280618e+00 1.425842e+00
    endloop
  endfacet
  facet normal 1.115411e-15 -4.162960e-01 9.092291e-01
    outer loop
      vertex   8.954000e+00 -9.280618e+00 1.425842e+00
      vertex   9.316000e+00 -9.280618e+00 1.425842e+00
      vertex   8.954000e+00 -9.265021e+00 1.432983e+00
    endloop
  endfacet
  facet normal -5.931406e-16 -2.547805e-01 9.669989e-01
    outer loop
      vertex   1.293600e+01 -9.297205e+00 1.421471e+00
      vertex   1.329800e+01 -9.297205e+00 1.421471e+00
      vertex   1.293600e+01 -9.280618e+00 1.425842e+00
    endloop
  endfacet
  facet normal -5.931406e-16 -2.547805e-01 9.669989e-01
    outer loop
      vertex   1.293600e+01 -9.280618e+00 1.425842e+00
      vertex   1.329800e+01 -9.297205e+00 1.421471e+00
      vertex   1.329800e+01 -9.280618e+00 1.425842e+00
    endloop
  endfacet
  facet normal -5.577056e-16 -4.162960e-01 9.092291e-01
    outer loop
      vertex   1.293600e+01 -9.280618e+00 1.425842e+00
      vertex   1.329800e+01 -9.280618e+00 1.425842e+00
      vertex   1.293600e+01 -9.265021e+00 1.432983e+00
    endloop
  endfacet
  facet normal 6.111227e-16 -8.576805e-02 9.963151e-01
    outer loop
      vertex   1.257400e+01 -9.297205e+00 1.421471e+00
      vertex   1.221200e+01 -9.297205e+00 1.421471e+00
      vertex   1.366000e+01 -9.314296e+00 1.420000e+00
    endloop
  endfacet
  facet normal -6.112807e-16 -8.576805e-02 9.963151e-01
    outer loop
      vertex   1.366000e+01 -9.314296e+00 1.420000e+00
      vertex   1.221200e+01 -9.297205e+00 1.421471e+00
      vertex   1.185000e+01 -9.297205e+00 1.421471e+00
    endloop
  endfacet
  facet normal -1.779688e-19 -8.576805e-02 9.963151e-01
    outer loop
      vertex   1.366000e+01 -9.314296e+00 1.420000e+00
      vertex   1.185000e+01 -9.297205e+00 1.421471e+00
      vertex   1.148800e+01 -9.297205e+00 1.421471e+00
    endloop
  endfacet
  facet normal 0.000000e+00 -2.547805e-01 9.669989e-01
    outer loop
      vertex   1.148800e+01 -9.297205e+00 1.421471e+00
      vertex   1.185000e+01 -9.297205e+00 1.421471e+00
      vertex   1.148800e+01 -9.280618e+00 1.425842e+00
    endloop
  endfacet
  facet normal -6.199934e-19 -2.547805e-01 9.669989e-01
    outer loop
      vertex   1.148800e+01 -9.297205e+00 1.421471e+00
      vertex   1.148800e+01 -9.280618e+00 1.425842e+00
      vertex   1.112600e+01 -9.280618e+00 1.425842e+00
    endloop
  endfacet
  facet normal 0.000000e+00 -4.162960e-01 9.092291e-01
    outer loop
      vertex   1.112600e+01 -9.280618e+00 1.425842e+00
      vertex   1.148800e+01 -9.280618e+00 1.425842e+00
      vertex   1.112600e+01 -9.265021e+00 1.432983e+00
    endloop
  endfacet
  facet normal 4.816447e-19 -4.162960e-01 9.092291e-01
    outer loop
      vertex   1.112600e+01 -9.280618e+00 1.425842e+00
      vertex   1.112600e+01 -9.265021e+00 1.432983e+00
      vertex   1.076400e+01 -9.265021e+00 1.432983e+00
    endloop
  endfacet
  facet normal 0.000000e+00 -5.655623e-01 8.247056e-01
    outer loop
      vertex   1.076400e+01 -9.265021e+00 1.432983e+00
      vertex   1.112600e+01 -9.265021e+00 1.432983e+00
      vertex   1.076400e+01 -9.250874e+00 1.442684e+00
    endloop
  endfacet
  facet normal 1.293851e-18 -5.655623e-01 8.247056e-01
    outer loop
      vertex   1.076400e+01 -9.265021e+00 1.432983e+00
      vertex   1.076400e+01 -9.250874e+00 1.442684e+00
      vertex   1.040200e+01 -9.250874e+00 1.442684e+00
    endloop
  endfacet
  facet normal 0.000000e+00 -6.981870e-01 7.159154e-01
    outer loop
      vertex   1.040200e+01 -9.250874e+00 1.442684e+00
      vertex   1.076400e+01 -9.250874e+00 1.442684e+00
      vertex   1.040200e+01 -9.238594e+00 1.454660e+00
    endloop
  endfacet
  facet normal -1.885909e-18 -6.981870e-01 7.159154e-01
    outer loop
      vertex   1.040200e+01 -9.250874e+00 1.442684e+00
      vertex   1.040200e+01 -9.238594e+00 1.454660e+00
      vertex   1.004000e+01 -9.238594e+00 1.454660e+00
    endloop
  endfacet
  facet normal 0.000000e+00 -8.102679e-01 5.860597e-01
    outer loop
      vertex   1.004000e+01 -9.238594e+00 1.454660e+00
      vertex   1.040200e+01 -9.238594e+00 1.454660e+00
      vertex   1.004000e+01 -9.228541e+00 1.468560e+00
    endloop
  endfacet
  facet normal -1.196663e-18 -8.102679e-01 5.860597e-01
    outer loop
      vertex   1.004000e+01 -9.238594e+00 1.454660e+00
      vertex   1.004000e+01 -9.228541e+00 1.468560e+00
      vertex   9.678000e+00 -9.228541e+00 1.468560e+00
    endloop
  endfacet
  facet normal 0.000000e+00 -8.985069e-01 4.389593e-01
    outer loop
      vertex   9.678000e+00 -9.228541e+00 1.468560e+00
      vertex   1.004000e+01 -9.228541e+00 1.468560e+00
      vertex   9.678000e+00 -9.221011e+00 1.483972e+00
    endloop
  endfacet
  facet normal -2.685113e-16 -8.985069e-01 4.389593e-01
    outer loop
      vertex   9.678000e+00 -9.228541e+00 1.468560e+00
      vertex   9.678000e+00 -9.221011e+00 1.483972e+00
      vertex   9.316000e+00 -9.221011e+00 1.483972e+00
    endloop
  endfacet
  facet normal -1.710987e-16 -9.603077e-01 2.789428e-01
    outer loop
      vertex   9.316000e+00 -9.221011e+00 1.483972e+00
      vertex   9.678000e+00 -9.221011e+00 1.483972e+00
      vertex   9.316000e+00 -9.216226e+00 1.500445e+00
    endloop
  endfacet
  facet normal 1.774955e-19 -9.603077e-01 2.789428e-01
    outer loop
      vertex   9.316000e+00 -9.221011e+00 1.483972e+00
      vertex   9.316000e+00 -9.216226e+00 1.500445e+00
      vertex   8.954000e+00 -9.216226e+00 1.500445e+00
    endloop
  endfacet
  facet normal 0.000000e+00 -9.938518e-01 1.107184e-01
    outer loop
      vertex   8.954000e+00 -9.216226e+00 1.500445e+00
      vertex   9.316000e+00 -9.216226e+00 1.500445e+00
      vertex   8.954000e+00 -9.214327e+00 1.517493e+00
    endloop
  endfacet
  facet normal 5.931406e-16 -2.547805e-01 9.669989e-01
    outer loop
      vertex   1.257400e+01 -9.297205e+00 1.421471e+00
      vertex   1.221200e+01 -9.280618e+00 1.425842e+00
      vertex   1.221200e+01 -9.297205e+00 1.421471e+00
    endloop
  endfacet
  facet normal -5.937606e-16 -2.547805e-01 9.669989e-01
    outer loop
      vertex   1.221200e+01 -9.297205e+00 1.421471e+00
      vertex   1.221200e+01 -9.280618e+00 1.425842e+00
      vertex   1.185000e+01 -9.280618e+00 1.425842e+00
    endloop
  endfacet
  facet normal -5.931406e-16 -2.547805e-01 9.669989e-01
    outer loop
      vertex   1.221200e+01 -9.297205e+00 1.421471e+00
      vertex   1.185000e+01 -9.280618e+00 1.425842e+00
      vertex   1.185000e+01 -9.297205e+00 1.421471e+00
    endloop
  endfacet
  facet normal -6.199934e-19 -2.547805e-01 9.669989e-01
    outer loop
      vertex   1.185000e+01 -9.297205e+00 1.421471e+00
      vertex   1.185000e+01 -9.280618e+00 1.425842e+00
      vertex   1.148800e+01 -9.280618e+00 1.425842e+00
    endloop
  endfacet
  facet normal 0.000000e+00 -8.576805e-02 9.963151e-01
    outer loop
      vertex   1.148800e+01 -9.297205e+00 1.421471e+00
      vertex   1.112600e+01 -9.297205e+00 1.421471e+00
      vertex   1.366000e+01 -9.314296e+00 1.420000e+00
    endloop
  endfacet
  facet normal -1.779688e-19 -8.576805e-02 9.963151e-01
    outer loop
      vertex   1.366000e+01 -9.314296e+00 1.420000e+00
      vertex   1.112600e+01 -9.297205e+00 1.421471e+00
      vertex   1.076400e+01 -9.297205e+00 1.421471e+00
    endloop
  endfacet
  facet normal -1.222423e-15 -8.576805e-02 9.963151e-01
    outer loop
      vertex   1.366000e+01 -9.314296e+00 1.420000e+00
      vertex   1.076400e+01 -9.297205e+00 1.421471e+00
      vertex   1.040200e+01 -9.297205e+00 1.421471e+00
    endloop
  endfacet
  facet normal -1.186281e-15 -2.547805e-01 9.669989e-01
    outer loop
      vertex   1.040200e+01 -9.297205e+00 1.421471e+00
      vertex   1.076400e+01 -9.297205e+00 1.421471e+00
      vertex   1.040200e+01 -9.280618e+00 1.425842e+00
    endloop
  endfacet
  facet normal 1.060478e-18 -2.547805e-01 9.669989e-01
    outer loop
      vertex   1.040200e+01 -9.297205e+00 1.421471e+00
      vertex   1.040200e+01 -9.280618e+00 1.425842e+00
      vertex   1.004000e+01 -9.280618e+00 1.425842e+00
    endloop
  endfacet
  facet normal 0.000000e+00 -4.162960e-01 9.092291e-01
    outer loop
      vertex   1.004000e+01 -9.280618e+00 1.425842e+00
      vertex   1.040200e+01 -9.280618e+00 1.425842e+00
      vertex   1.004000e+01 -9.265021e+00 1.432983e+00
    endloop
  endfacet
  facet normal -6.839752e-19 -4.162960e-01 9.092291e-01
    outer loop
      vertex   1.004000e+01 -9.280618e+00 1.425842e+00
      vertex   1.004000e+01 -9.265021e+00 1.432983e+00
      vertex   9.678000e+00 -9.265021e+00 1.432983e+00
    endloop
  endfacet
  facet normal 0.000000e+00 -5.655623e-01 8.247056e-01
    outer loop
      vertex   9.678000e+00 -9.265021e+00 1.432983e+00
      vertex   1.004000e+01 -9.265021e+00 1.432983e+00
      vertex   9.678000e+00 -9.250874e+00 1.442684e+00
    endloop
  endfacet
  facet normal -1.011391e-15 -5.655623e-01 8.247056e-01
    outer loop
      vertex   9.678000e+00 -9.265021e+00 1.432983e+00
      vertex   9.678000e+00 -9.250874e+00 1.442684e+00
      vertex   9.316000e+00 -9.250874e+00 1.442684e+00
    endloop
  endfacet
  facet normal -8.782605e-16 -6.981870e-01 7.159154e-01
    outer loop
      vertex   9.316000e+00 -9.250874e+00 1.442684e+00
      vertex   9.678000e+00 -9.250874e+00 1.442684e+00
      vertex   9.316000e+00 -9.238594e+00 1.454660e+00
    endloop
  endfacet
  facet normal -9.942910e-19 -6.981870e-01 7.159154e-01
    outer loop
      vertex   9.316000e+00 -9.250874e+00 1.442684e+00
      vertex   9.316000e+00 -9.238594e+00 1.454660e+00
      vertex   8.954000e+00 -9.238594e+00 1.454660e+00
    endloop
  endfacet
  facet normal 0.000000e+00 -8.102679e-01 5.860597e-01
    outer loop
      vertex   8.954000e+00 -9.238594e+00 1.454660e+00
      vertex   9.316000e+00 -9.238594e+00 1.454660e+00
      vertex   8.954000e+00 -9.228541e+00 1.468560e+00
    endloop
  endfacet
  facet normal 0.000000e+00 -2.547805e-01 9.669989e-01
    outer loop
      vertex   1.148800e+01 -9.297205e+00 1.421471e+00
      vertex   1.112600e+01 -9.280618e+00 1.425842e+00
      vertex   1.112600e+01 -9.297205e+00 1.421471e+00
    endloop
  endfacet
  facet normal -6.199934e-19 -2.547805e-01 9.669989e-01
    outer loop
      vertex   1.112600e+01 -9.297205e+00 1.421471e+00
      vertex   1.112600e+01 -9.280618e+00 1.425842e+00
      vertex   1.076400e+01 -9.280618e+00 1.425842e+00
    endloop
  endfacet
  facet normal 0.000000e+00 -2.547805e-01 9.669989e-01
    outer loop
      vertex   1.112600e+01 -9.297205e+00 1.421471e+00
      vertex   1.076400e+01 -9.280618e+00 1.425842e+00
      vertex   1.076400e+01 -9.297205e+00 1.421471e+00
    endloop
  endfacet
  facet normal -5.937606e-16 -2.547805e-01 9.669989e-01
    outer loop
      vertex   1.076400e+01 -9.297205e+00 1.421471e+00
      vertex   1.076400e+01 -9.280618e+00 1.425842e+00
      vertex   1.040200e+01 -9.280618e+00 1.425842e+00
    endloop
  endfacet
  facet normal -4.208692e-16 -8.576805e-02 9.963151e-01
    outer loop
      vertex   1.004000e+01 -9.297205e+00 1.421471e+00
      vertex   1.366000e+01 -9.314296e+00 1.420000e+00
      vertex   1.040200e+01 -9.297205e+00 1.421471e+00
    endloop
  endfacet
  facet normal -1.250224e-15 -2.547805e-01 9.669989e-01
    outer loop
      vertex   1.040200e+01 -9.297205e+00 1.421471e+00
      vertex   1.004000e+01 -9.280618e+00 1.425842e+00
      vertex   1.004000e+01 -9.297205e+00 1.421471e+00
    endloop
  endfacet
  facet normal -1.249163e-15 -2.547805e-01 9.669989e-01
    outer loop
      vertex   1.004000e+01 -9.297205e+00 1.421471e+00
      vertex   1.004000e+01 -9.280618e+00 1.425842e+00
      vertex   9.678000e+00 -9.280618e+00 1.425842e+00
    endloop
  endfacet
  facet normal 0.000000e+00 -2.547805e-01 9.669989e-01
    outer loop
      vertex   1.004000e+01 -9.297205e+00 1.421471e+00
      vertex   9.678000e+00 -9.280618e+00 1.425842e+00
      vertex   9.678000e+00 -9.297205e+00 1.421471e+00
    endloop
  endfacet
  facet normal -1.185221e-15 -2.547805e-01 9.669989e-01
    outer loop
      vertex   9.678000e+00 -9.297205e+00 1.421471e+00
      vertex   9.678000e+00 -9.280618e+00 1.425842e+00
      vertex   9.316000e+00 -9.280618e+00 1.425842e+00
    endloop
  endfacet
  facet normal 0.000000e+00 -8.576805e-02 9.963151e-01
    outer loop
      vertex   8.954000e+00 -9.297205e+00 1.421471e+00
      vertex   6.420000e+00 -9.314296e+00 1.420000e+00
      vertex   9.316000e+00 -9.297205e+00 1.421471e+00
    endloop
  endfacet
  facet normal 5.584395e-19 -2.547805e-01 9.669989e-01
    outer loop
      vertex   8.954000e+00 -9.280618e+00 1.425842e+00
      vertex   8.954000e+00 -9.297205e+00 1.421471e+00
      vertex   9.316000e+00 -9.297205e+00 1.421471e+00
    endloop
  endfacet
  facet normal 0.000000e+00 -2.547805e-01 9.669989e-01
    outer loop
      vertex   8.230000e+00 -9.297205e+00 1.421471e+00
      vertex   8.592000e+00 -9.297205e+00 1.421471e+00
      vertex   8.230000e+00 -9.280618e+00 1.425842e+00
    endloop
  endfacet
  facet normal 0.000000e+00 -2.547805e-01 9.669989e-01
    outer loop
      vertex   8.230000e+00 -9.280618e+00 1.425842e+00
      vertex   8.592000e+00 -9.297205e+00 1.421471e+00
      vertex   8.592000e+00 -9.280618e+00 1.425842e+00
    endloop
  endfacet
  facet normal 0.000000e+00 -4.162960e-01 9.092291e-01
    outer loop
      vertex   8.230000e+00 -9.280618e+00 1.425842e+00
      vertex   8.592000e+00 -9.280618e+00 1.425842e+00
      vertex   8.230000e+00 -9.265021e+00 1.432983e+00
    endloop
  endfacet
  facet normal 0.000000e+00 -4.162960e-01 9.092291e-01
    outer loop
      vertex   8.230000e+00 -9.265021e+00 1.432983e+00
      vertex   8.592000e+00 -9.280618e+00 1.425842e+00
      vertex   8.592000e+00 -9.265021e+00 1.432983e+00
    endloop
  endfacet
  facet normal 0.000000e+00 -5.655623e-01 8.247056e-01
    outer loop
      vertex   8.230000e+00 -9.265021e+00 1.432983e+00
      vertex   8.592000e+00 -9.265021e+00 1.432983e+00
      vertex   8.230000e+00 -9.250874e+00 1.442684e+00
    endloop
  endfacet
  facet normal 0.000000e+00 -5.655623e-01 8.247056e-01
    outer loop
      vertex   8.230000e+00 -9.250874e+00 1.442684e+00
      vertex   8.592000e+00 -9.265021e+00 1.432983e+00
      vertex   8.592000e+00 -9.250874e+00 1.442684e+00
    endloop
  endfacet
  facet normal 0.000000e+00 -6.981870e-01 7.159154e-01
    outer loop
      vertex   8.230000e+00 -9.250874e+00 1.442684e+00
      vertex   8.592000e+00 -9.250874e+00 1.442684e+00
      vertex   8.230000e+00 -9.238594e+00 1.454660e+00
    endloop
  endfacet
  facet normal 0.000000e+00 -6.981870e-01 7.159154e-01
    outer loop
      vertex   8.230000e+00 -9.238594e+00 1.454660e+00
      vertex   8.592000e+00 -9.250874e+00 1.442684e+00
      vertex   8.592000e+00 -9.238594e+00 1.454660e+00
    endloop
  endfacet
  facet normal 0.000000e+00 -8.102679e-01 5.860597e-01
    outer loop
      vertex   8.230000e+00 -9.238594e+00 1.454660e+00
      vertex   8.592000e+00 -9.238594e+00 1.454660e+00
      vertex   8.230000e+00 -9.228541e+00 1.468560e+00
    endloop
  endfacet
  facet normal 0.000000e+00 -8.102679e-01 5.860597e-01
    outer loop
      vertex   8.230000e+00 -9.228541e+00 1.468560e+00
      vertex   8.592000e+00 -9.238594e+00 1.454660e+00
      vertex   8.592000e+00 -9.228541e+00 1.468560e+00
    endloop
  endfacet
  facet normal 0.000000e+00 -8.985069e-01 4.389593e-01
    outer loop
      vertex   8.230000e+00 -9.228541e+00 1.468560e+00
      vertex   8.592000e+00 -9.228541e+00 1.468560e+00
      vertex   8.230000e+00 -9.221011e+00 1.483972e+00
    endloop
  endfacet
  facet normal 5.925206e-16 -2.547805e-01 9.669989e-01
    outer loop
      vertex   1.293600e+01 -9.297205e+00 1.421471e+00
      vertex   1.293600e+01 -9.280618e+00 1.425842e+00
      vertex   1.257400e+01 -9.280618e+00 1.425842e+00
    endloop
  endfacet
  facet normal 5.577056e-16 -4.162960e-01 9.092291e-01
    outer loop
      vertex   1.257400e+01 -9.280618e+00 1.425842e+00
      vertex   1.293600e+01 -9.280618e+00 1.425842e+00
      vertex   1.257400e+01 -9.265021e+00 1.432983e+00
    endloop
  endfacet
  facet normal 5.570216e-16 -4.162960e-01 9.092291e-01
    outer loop
      vertex   1.257400e+01 -9.280618e+00 1.425842e+00
      vertex   1.257400e+01 -9.265021e+00 1.432983e+00
      vertex   1.221200e+01 -9.265021e+00 1.432983e+00
    endloop
  endfacet
  facet normal 5.058603e-16 -5.655623e-01 8.247056e-01
    outer loop
      vertex   1.221200e+01 -9.265021e+00 1.432983e+00
      vertex   1.257400e+01 -9.265021e+00 1.432983e+00
      vertex   1.221200e+01 -9.250874e+00 1.442684e+00
    endloop
  endfacet
  facet normal -5.045664e-16 -5.655623e-01 8.247056e-01
    outer loop
      vertex   1.221200e+01 -9.265021e+00 1.432983e+00
      vertex   1.221200e+01 -9.250874e+00 1.442684e+00
      vertex   1.185000e+01 -9.250874e+00 1.442684e+00
    endloop
  endfacet
  facet normal -4.391303e-16 -6.981870e-01 7.159154e-01
    outer loop
      vertex   1.185000e+01 -9.250874e+00 1.442684e+00
      vertex   1.221200e+01 -9.250874e+00 1.442684e+00
      vertex   1.185000e+01 -9.238594e+00 1.454660e+00
    endloop
  endfacet
  facet normal 4.372443e-16 -6.981870e-01 7.159154e-01
    outer loop
      vertex   1.185000e+01 -9.250874e+00 1.442684e+00
      vertex   1.185000e+01 -9.238594e+00 1.454660e+00
      vertex   1.148800e+01 -9.238594e+00 1.454660e+00
    endloop
  endfacet
  facet normal 3.594790e-16 -8.102679e-01 5.860597e-01
    outer loop
      vertex   1.148800e+01 -9.238594e+00 1.454660e+00
      vertex   1.185000e+01 -9.238594e+00 1.454660e+00
      vertex   1.148800e+01 -9.228541e+00 1.468560e+00
    endloop
  endfacet
  facet normal 2.117840e-18 -8.102679e-01 5.860597e-01
    outer loop
      vertex   1.148800e+01 -9.238594e+00 1.454660e+00
      vertex   1.148800e+01 -9.228541e+00 1.468560e+00
      vertex   1.112600e+01 -9.228541e+00 1.468560e+00
    endloop
  endfacet
  facet normal 0.000000e+00 -8.985069e-01 4.389593e-01
    outer loop
      vertex   1.112600e+01 -9.228541e+00 1.468560e+00
      vertex   1.148800e+01 -9.228541e+00 1.468560e+00
      vertex   1.112600e+01 -9.221011e+00 1.483972e+00
    endloop
  endfacet
  facet normal -1.082949e-18 -8.985069e-01 4.389593e-01
    outer loop
      vertex   1.112600e+01 -9.228541e+00 1.468560e+00
      vertex   1.112600e+01 -9.221011e+00 1.483972e+00
      vertex   1.076400e+01 -9.221011e+00 1.483972e+00
    endloop
  endfacet
  facet normal 0.000000e+00 -9.603077e-01 2.789428e-01
    outer loop
      vertex   1.076400e+01 -9.221011e+00 1.483972e+00
      vertex   1.112600e+01 -9.221011e+00 1.483972e+00
      vertex   1.076400e+01 -9.216226e+00 1.500445e+00
    endloop
  endfacet
  facet normal -6.854692e-19 -9.603077e-01 2.789428e-01
    outer loop
      vertex   1.076400e+01 -9.221011e+00 1.483972e+00
      vertex   1.076400e+01 -9.216226e+00 1.500445e+00
      vertex   1.040200e+01 -9.216226e+00 1.500445e+00
    endloop
  endfacet
  facet normal 0.000000e+00 -9.938518e-01 1.107184e-01
    outer loop
      vertex   1.040200e+01 -9.216226e+00 1.500445e+00
      vertex   1.076400e+01 -9.216226e+00 1.500445e+00
      vertex   1.040200e+01 -9.214327e+00 1.517493e+00
    endloop
  endfacet
  facet normal 3.897183e-19 -9.938518e-01 1.107184e-01
    outer loop
      vertex   1.040200e+01 -9.216226e+00 1.500445e+00
      vertex   1.040200e+01 -9.214327e+00 1.517493e+00
      vertex   1.004000e+01 -9.214327e+00 1.517493e+00
    endloop
  endfacet
  facet normal 0.000000e+00 -9.981522e-01 -6.076377e-02
    outer loop
      vertex   1.004000e+01 -9.214327e+00 1.517493e+00
      vertex   1.040200e+01 -9.214327e+00 1.517493e+00
      vertex   1.004000e+01 -9.215369e+00 1.534615e+00
    endloop
  endfacet
  facet normal 1.930863e-19 -9.981522e-01 -6.076377e-02
    outer loop
      vertex   1.004000e+01 -9.214327e+00 1.517493e+00
      vertex   1.004000e+01 -9.215369e+00 1.534615e+00
      vertex   9.678000e+00 -9.215369e+00 1.534615e+00
    endloop
  endfacet
  facet normal 0.000000e+00 -9.730823e-01 -2.304580e-01
    outer loop
      vertex   9.678000e+00 -9.215369e+00 1.534615e+00
      vertex   1.004000e+01 -9.215369e+00 1.534615e+00
      vertex   6.420000e+00 -9.219322e+00 1.551307e+00
    endloop
  endfacet
  facet normal 0.000000e+00 -4.162960e-01 9.092291e-01
    outer loop
      vertex   1.257400e+01 -9.265021e+00 1.432983e+00
      vertex   1.293600e+01 -9.280618e+00 1.425842e+00
      vertex   1.293600e+01 -9.265021e+00 1.432983e+00
    endloop
  endfacet
  facet normal -5.577056e-16 -4.162960e-01 9.092291e-01
    outer loop
      vertex   1.221200e+01 -9.280618e+00 1.425842e+00
      vertex   1.185000e+01 -9.265021e+00 1.432983e+00
      vertex   1.185000e+01 -9.280618e+00 1.425842e+00
    endloop
  endfacet
  facet normal 4.816447e-19 -4.162960e-01 9.092291e-01
    outer loop
      vertex   1.185000e+01 -9.280618e+00 1.425842e+00
      vertex   1.185000e+01 -9.265021e+00 1.432983e+00
      vertex   1.148800e+01 -9.265021e+00 1.432983e+00
    endloop
  endfacet
  facet normal 0.000000e+00 -4.162960e-01 9.092291e-01
    outer loop
      vertex   1.185000e+01 -9.280618e+00 1.425842e+00
      vertex   1.148800e+01 -9.265021e+00 1.432983e+00
      vertex   1.148800e+01 -9.280618e+00 1.425842e+00
    endloop
  endfacet
  facet normal 4.816447e-19 -4.162960e-01 9.092291e-01
    outer loop
      vertex   1.148800e+01 -9.280618e+00 1.425842e+00
      vertex   1.148800e+01 -9.265021e+00 1.432983e+00
      vertex   1.112600e+01 -9.265021e+00 1.432983e+00
    endloop
  endfacet
  facet normal 0.000000e+00 -4.162960e-01 9.092291e-01
    outer loop
      vertex   1.112600e+01 -9.280618e+00 1.425842e+00
      vertex   1.076400e+01 -9.265021e+00 1.432983e+00
      vertex   1.076400e+01 -9.280618e+00 1.425842e+00
    endloop
  endfacet
  facet normal -1.114930e-15 -4.162960e-01 9.092291e-01
    outer loop
      vertex   1.076400e+01 -9.280618e+00 1.425842e+00
      vertex   1.076400e+01 -9.265021e+00 1.432983e+00
      vertex   1.040200e+01 -9.265021e+00 1.432983e+00
    endloop
  endfacet
  facet normal -5.577056e-16 -4.162960e-01 9.092291e-01
    outer loop
      vertex   1.076400e+01 -9.280618e+00 1.425842e+00
      vertex   1.040200e+01 -9.265021e+00 1.432983e+00
      vertex   1.040200e+01 -9.280618e+00 1.425842e+00
    endloop
  endfacet
  facet normal -6.839752e-19 -4.162960e-01 9.092291e-01
    outer loop
      vertex   1.040200e+01 -9.280618e+00 1.425842e+00
      vertex   1.040200e+01 -9.265021e+00 1.432983e+00
      vertex   1.004000e+01 -9.265021e+00 1.432983e+00
    endloop
  endfacet
  facet normal -2.042791e-15 -4.162960e-01 9.092291e-01
    outer loop
      vertex   1.004000e+01 -9.280618e+00 1.425842e+00
      vertex   9.678000e+00 -9.265021e+00 1.432983e+00
      vertex   9.678000e+00 -9.280618e+00 1.425842e+00
    endloop
  endfacet
  facet normal -5.583515e-16 -4.162960e-01 9.092291e-01
    outer loop
      vertex   9.678000e+00 -9.280618e+00 1.425842e+00
      vertex   9.678000e+00 -9.265021e+00 1.432983e+00
      vertex   9.316000e+00 -9.265021e+00 1.432983e+00
    endloop
  endfacet
  facet normal -1.115411e-15 -4.162960e-01 9.092291e-01
    outer loop
      vertex   9.678000e+00 -9.280618e+00 1.425842e+00
      vertex   9.316000e+00 -9.265021e+00 1.432983e+00
      vertex   9.316000e+00 -9.280618e+00 1.425842e+00
    endloop
  endfacet
  facet normal 5.197144e-19 -4.162960e-01 9.092291e-01
    outer loop
      vertex   9.316000e+00 -9.280618e+00 1.425842e+00
      vertex   9.316000e+00 -9.265021e+00 1.432983e+00
      vertex   8.954000e+00 -9.265021e+00 1.432983e+00
    endloop
  endfacet
  facet normal -1.185723e-15 -2.547805e-01 9.669989e-01
    outer loop
      vertex   8.230000e+00 -9.297205e+00 1.421471e+00
      vertex   8.230000e+00 -9.280618e+00 1.425842e+00
      vertex   7.868000e+00 -9.280618e+00 1.425842e+00
    endloop
  endfacet
  facet normal -1.115411e-15 -4.162960e-01 9.092291e-01
    outer loop
      vertex   7.868000e+00 -9.280618e+00 1.425842e+00
      vertex   8.230000e+00 -9.280618e+00 1.425842e+00
      vertex   7.868000e+00 -9.265021e+00 1.432983e+00
    endloop
  endfacet
  facet normal -6.459056e-19 -4.162960e-01 9.092291e-01
    outer loop
      vertex   7.868000e+00 -9.280618e+00 1.425842e+00
      vertex   7.868000e+00 -9.265021e+00 1.432983e+00
      vertex   7.506000e+00 -9.265021e+00 1.432983e+00
    endloop
  endfacet
  facet normal 0.000000e+00 -5.655623e-01 8.247056e-01
    outer loop
      vertex   7.506000e+00 -9.265021e+00 1.432983e+00
      vertex   7.868000e+00 -9.265021e+00 1.432983e+00
      vertex   7.506000e+00 -9.250874e+00 1.442684e+00
    endloop
  endfacet
  facet normal 5.066722e-16 -5.655623e-01 8.247056e-01
    outer loop
      vertex   7.506000e+00 -9.265021e+00 1.432983e+00
      vertex   7.506000e+00 -9.250874e+00 1.442684e+00
      vertex   7.144000e+00 -9.250874e+00 1.442684e+00
    endloop
  endfacet
  facet normal 4.391303e-16 -6.981870e-01 7.159154e-01
    outer loop
      vertex   7.144000e+00 -9.250874e+00 1.442684e+00
      vertex   7.506000e+00 -9.250874e+00 1.442684e+00
      vertex   7.144000e+00 -9.238594e+00 1.454660e+00
    endloop
  endfacet
  facet normal -4.401245e-16 -6.981870e-01 7.159154e-01
    outer loop
      vertex   7.144000e+00 -9.250874e+00 1.442684e+00
      vertex   7.144000e+00 -9.238594e+00 1.454660e+00
      vertex   6.782000e+00 -9.238594e+00 1.454660e+00
    endloop
  endfacet
  facet normal -3.594790e-16 -8.102679e-01 5.860597e-01
    outer loop
      vertex   6.782000e+00 -9.238594e+00 1.454660e+00
      vertex   7.144000e+00 -9.238594e+00 1.454660e+00
      vertex   6.782000e+00 -9.228541e+00 1.468560e+00
    endloop
  endfacet
  facet normal -5.577056e-16 -4.162960e-01 9.092291e-01
    outer loop
      vertex   7.868000e+00 -9.265021e+00 1.432983e+00
      vertex   8.230000e+00 -9.280618e+00 1.425842e+00
      vertex   8.230000e+00 -9.265021e+00 1.432983e+00
    endloop
  endfacet
  facet normal -5.058603e-16 -5.655623e-01 8.247056e-01
    outer loop
      vertex   1.293600e+01 -9.250874e+00 1.442684e+00
      vertex   1.329800e+01 -9.265021e+00 1.432983e+00
      vertex   1.329800e+01 -9.250874e+00 1.442684e+00
    endloop
  endfacet
  facet normal 0.000000e+00 -5.655623e-01 8.247056e-01
    outer loop
      vertex   1.221200e+01 -9.250874e+00 1.442684e+00
      vertex   1.257400e+01 -9.265021e+00 1.432983e+00
      vertex   1.257400e+01 -9.250874e+00 1.442684e+00
    endloop
  endfacet
  facet normal 8.119042e-19 -5.655623e-01 8.247056e-01
    outer loop
      vertex   1.257400e+01 -9.250874e+00 1.442684e+00
      vertex   1.257400e+01 -9.265021e+00 1.432983e+00
      vertex   1.293600e+01 -9.265021e+00 1.432983e+00
    endloop
  endfacet
  facet normal 0.000000e+00 -5.655623e-01 8.247056e-01
    outer loop
      vertex   1.185000e+01 -9.265021e+00 1.432983e+00
      vertex   1.148800e+01 -9.250874e+00 1.442684e+00
      vertex   1.148800e+01 -9.265021e+00 1.432983e+00
    endloop
  endfacet
  facet normal 1.293851e-18 -5.655623e-01 8.247056e-01
    outer loop
      vertex   1.148800e+01 -9.265021e+00 1.432983e+00
      vertex   1.148800e+01 -9.250874e+00 1.442684e+00
      vertex   1.112600e+01 -9.250874e+00 1.442684e+00
    endloop
  endfacet
  facet normal 0.000000e+00 -5.655623e-01 8.247056e-01
    outer loop
      vertex   1.148800e+01 -9.265021e+00 1.432983e+00
      vertex   1.112600e+01 -9.250874e+00 1.442684e+00
      vertex   1.112600e+01 -9.265021e+00 1.432983e+00
    endloop
  endfacet
  facet normal 1.293851e-18 -5.655623e-01 8.247056e-01
    outer loop
      vertex   1.112600e+01 -9.265021e+00 1.432983e+00
      vertex   1.112600e+01 -9.250874e+00 1.442684e+00
      vertex   1.076400e+01 -9.250874e+00 1.442684e+00
    endloop
  endfacet
  facet normal -1.011721e-15 -5.655623e-01 8.247056e-01
    outer loop
      vertex   1.076400e+01 -9.265021e+00 1.432983e+00
      vertex   1.040200e+01 -9.250874e+00 1.442684e+00
      vertex   1.040200e+01 -9.265021e+00 1.432983e+00
    endloop
  endfacet
  facet normal 3.299574e-19 -5.655623e-01 8.247056e-01
    outer loop
      vertex   1.040200e+01 -9.265021e+00 1.432983e+00
      vertex   1.040200e+01 -9.250874e+00 1.442684e+00
      vertex   1.004000e+01 -9.250874e+00 1.442684e+00
    endloop
  endfacet
  facet normal 0.000000e+00 -5.655623e-01 8.247056e-01
    outer loop
      vertex   1.040200e+01 -9.265021e+00 1.432983e+00
      vertex   1.004000e+01 -9.250874e+00 1.442684e+00
      vertex   1.004000e+01 -9.265021e+00 1.432983e+00
    endloop
  endfacet
  facet normal 3.299574e-19 -5.655623e-01 8.247056e-01
    outer loop
      vertex   1.004000e+01 -9.265021e+00 1.432983e+00
      vertex   1.004000e+01 -9.250874e+00 1.442684e+00
      vertex   9.678000e+00 -9.250874e+00 1.442684e+00
    endloop
  endfacet
  facet normal 8.119042e-19 -5.655623e-01 8.247056e-01
    outer loop
      vertex   8.954000e+00 -9.250874e+00 1.442684e+00
      vertex   8.954000e+00 -9.265021e+00 1.432983e+00
      vertex   9.316000e+00 -9.265021e+00 1.432983e+00
    endloop
  endfacet
  facet normal 0.000000e+00 -5.655623e-01 8.247056e-01
    outer loop
      vertex   8.954000e+00 -9.250874e+00 1.442684e+00
      vertex   9.316000e+00 -9.265021e+00 1.432983e+00
      vertex   9.316000e+00 -9.250874e+00 1.442684e+00
    endloop
  endfacet
  facet normal -5.050484e-16 -5.655623e-01 8.247056e-01
    outer loop
      vertex   9.316000e+00 -9.250874e+00 1.442684e+00
      vertex   9.316000e+00 -9.265021e+00 1.432983e+00
      vertex   9.678000e+00 -9.265021e+00 1.432983e+00
    endloop
  endfacet
  facet normal -5.058603e-16 -5.655623e-01 8.247056e-01
    outer loop
      vertex   7.868000e+00 -9.265021e+00 1.432983e+00
      vertex   8.230000e+00 -9.265021e+00 1.432983e+00
      vertex   7.868000e+00 -9.250874e+00 1.442684e+00
    endloop
  endfacet
  facet normal -5.058603e-16 -5.655623e-01 8.247056e-01
    outer loop
      vertex   7.868000e+00 -9.250874e+00 1.442684e+00
      vertex   8.230000e+00 -9.265021e+00 1.432983e+00
      vertex   8.230000e+00 -9.250874e+00 1.442684e+00
    endloop
  endfacet
  facet normal -4.391303e-16 -6.981870e-01 7.159154e-01
    outer loop
      vertex   7.868000e+00 -9.250874e+00 1.442684e+00
      vertex   8.230000e+00 -9.250874e+00 1.442684e+00
      vertex   7.868000e+00 -9.238594e+00 1.454660e+00
    endloop
  endfacet
  facet normal 0.000000e+00 -6.981870e-01 7.159154e-01
    outer loop
      vertex   7.868000e+00 -9.238594e+00 1.454660e+00
      vertex   8.230000e+00 -9.250874e+00 1.442684e+00
      vertex   8.230000e+00 -9.238594e+00 1.454660e+00
    endloop
  endfacet
  facet normal 0.000000e+00 -8.102679e-01 5.860597e-01
    outer loop
      vertex   7.868000e+00 -9.238594e+00 1.454660e+00
      vertex   8.230000e+00 -9.238594e+00 1.454660e+00
      vertex   7.868000e+00 -9.228541e+00 1.468560e+00
    endloop
  endfacet
  facet normal -3.594790e-16 -8.102679e-01 5.860597e-01
    outer loop
      vertex   7.868000e+00 -9.228541e+00 1.468560e+00
      vertex   8.230000e+00 -9.238594e+00 1.454660e+00
      vertex   8.230000e+00 -9.228541e+00 1.468560e+00
    endloop
  endfacet
  facet normal -2.692501e-16 -8.985069e-01 4.389593e-01
    outer loop
      vertex   7.868000e+00 -9.228541e+00 1.468560e+00
      vertex   8.230000e+00 -9.228541e+00 1.468560e+00
      vertex   7.868000e+00 -9.221011e+00 1.483972e+00
    endloop
  endfacet
  facet normal -2.692501e-16 -8.985069e-01 4.389593e-01
    outer loop
      vertex   7.868000e+00 -9.221011e+00 1.483972e+00
      vertex   8.230000e+00 -9.228541e+00 1.468560e+00
      vertex   8.230000e+00 -9.221011e+00 1.483972e+00
    endloop
  endfacet
  facet normal -1.710987e-16 -9.603077e-01 2.789428e-01
    outer loop
      vertex   7.868000e+00 -9.221011e+00 1.483972e+00
      vertex   8.230000e+00 -9.221011e+00 1.483972e+00
      vertex   7.868000e+00 -9.216226e+00 1.500445e+00
    endloop
  endfacet
  facet normal -4.391303e-16 -6.981870e-01 7.159154e-01
    outer loop
      vertex   1.293600e+01 -9.250874e+00 1.442684e+00
      vertex   1.329800e+01 -9.250874e+00 1.442684e+00
      vertex   1.293600e+01 -9.238594e+00 1.454660e+00
    endloop
  endfacet
  facet normal -8.782605e-16 -6.981870e-01 7.159154e-01
    outer loop
      vertex   1.293600e+01 -9.238594e+00 1.454660e+00
      vertex   1.329800e+01 -9.250874e+00 1.442684e+00
      vertex   1.329800e+01 -9.238594e+00 1.454660e+00
    endloop
  endfacet
  facet normal -7.189579e-16 -8.102679e-01 5.860597e-01
    outer loop
      vertex   1.293600e+01 -9.238594e+00 1.454660e+00
      vertex   1.329800e+01 -9.238594e+00 1.454660e+00
      vertex   1.293600e+01 -9.228541e+00 1.468560e+00
    endloop
  endfacet
  facet normal -3.594790e-16 -8.102679e-01 5.860597e-01
    outer loop
      vertex   1.293600e+01 -9.228541e+00 1.468560e+00
      vertex   1.329800e+01 -9.238594e+00 1.454660e+00
      vertex   1.329800e+01 -9.228541e+00 1.468560e+00
    endloop
  endfacet
  facet normal -2.692501e-16 -8.985069e-01 4.389593e-01
    outer loop
      vertex   1.293600e+01 -9.228541e+00 1.468560e+00
      vertex   1.329800e+01 -9.228541e+00 1.468560e+00
      vertex   1.293600e+01 -9.221011e+00 1.483972e+00
    endloop
  endfacet
  facet normal -2.692501e-16 -8.985069e-01 4.389593e-01
    outer loop
      vertex   1.293600e+01 -9.221011e+00 1.483972e+00
      vertex   1.329800e+01 -9.228541e+00 1.468560e+00
      vertex   1.329800e+01 -9.221011e+00 1.483972e+00
    endloop
  endfacet
  facet normal -1.710987e-16 -9.603077e-01 2.789428e-01
    outer loop
      vertex   1.293600e+01 -9.221011e+00 1.483972e+00
      vertex   1.329800e+01 -9.221011e+00 1.483972e+00
      vertex   1.293600e+01 -9.216226e+00 1.500445e+00
    endloop
  endfacet
  facet normal 0.000000e+00 -9.603077e-01 2.789428e-01
    outer loop
      vertex   1.293600e+01 -9.216226e+00 1.500445e+00
      vertex   1.329800e+01 -9.221011e+00 1.483972e+00
      vertex   1.329800e+01 -9.216226e+00 1.500445e+00
    endloop
  endfacet
  facet normal 0.000000e+00 -9.938518e-01 1.107184e-01
    outer loop
      vertex   1.293600e+01 -9.216226e+00 1.500445e+00
      vertex   1.329800e+01 -9.216226e+00 1.500445e+00
      vertex   1.293600e+01 -9.214327e+00 1.517493e+00
    endloop
  endfacet
  facet normal 0.000000e+00 -9.938518e-01 1.107184e-01
    outer loop
      vertex   1.293600e+01 -9.214327e+00 1.517493e+00
      vertex   1.329800e+01 -9.216226e+00 1.500445e+00
      vertex   1.329800e+01 -9.214327e+00 1.517493e+00
    endloop
  endfacet
  facet normal 0.000000e+00 -9.981522e-01 -6.076377e-02
    outer loop
      vertex   1.293600e+01 -9.214327e+00 1.517493e+00
      vertex   1.329800e+01 -9.214327e+00 1.517493e+00
      vertex   1.293600e+01 -9.215369e+00 1.534615e+00
    endloop
  endfacet
  facet normal 3.727145e-17 -9.981522e-01 -6.076377e-02
    outer loop
      vertex   1.293600e+01 -9.215369e+00 1.534615e+00
      vertex   1.329800e+01 -9.214327e+00 1.517493e+00
      vertex   1.329800e+01 -9.215369e+00 1.534615e+00
    endloop
  endfacet
  facet normal 1.413590e-16 -9.730823e-01 -2.304580e-01
    outer loop
      vertex   1.293600e+01 -9.215369e+00 1.534615e+00
      vertex   1.329800e+01 -9.215369e+00 1.534615e+00
      vertex   1.366000e+01 -9.219322e+00 1.551307e+00
    endloop
  endfacet
  facet normal -3.865178e-15 -6.981870e-01 7.159154e-01
    outer loop
      vertex   1.185000e+01 -9.238594e+00 1.454660e+00
      vertex   1.221200e+01 -9.250874e+00 1.442684e+00
      vertex   1.221200e+01 -9.238594e+00 1.454660e+00
    endloop
  endfacet
  facet normal -1.393602e-18 -6.981870e-01 7.159154e-01
    outer loop
      vertex   1.221200e+01 -9.238594e+00 1.454660e+00
      vertex   1.221200e+01 -9.250874e+00 1.442684e+00
      vertex   1.257400e+01 -9.250874e+00 1.442684e+00
    endloop
  endfacet
  facet normal 0.000000e+00 -6.981870e-01 7.159154e-01
    outer loop
      vertex   1.148800e+01 -9.250874e+00 1.442684e+00
      vertex   1.112600e+01 -9.238594e+00 1.454660e+00
      vertex   1.112600e+01 -9.250874e+00 1.442684e+00
    endloop
  endfacet
  facet normal 7.424094e-19 -6.981870e-01 7.159154e-01
    outer loop
      vertex   1.112600e+01 -9.250874e+00 1.442684e+00
      vertex   1.112600e+01 -9.238594e+00 1.454660e+00
      vertex   1.076400e+01 -9.238594e+00 1.454660e+00
    endloop
  endfacet
  facet normal 0.000000e+00 -6.981870e-01 7.159154e-01
    outer loop
      vertex   1.112600e+01 -9.250874e+00 1.442684e+00
      vertex   1.076400e+01 -9.238594e+00 1.454660e+00
      vertex   1.076400e+01 -9.250874e+00 1.442684e+00
    endloop
  endfacet
  facet normal -4.383878e-16 -6.981870e-01 7.159154e-01
    outer loop
      vertex   1.076400e+01 -9.250874e+00 1.442684e+00
      vertex   1.076400e+01 -9.238594e+00 1.454660e+00
      vertex   1.040200e+01 -9.238594e+00 1.454660e+00
    endloop
  endfacet
  facet normal 0.000000e+00 -6.981870e-01 7.159154e-01
    outer loop
      vertex   1.040200e+01 -9.250874e+00 1.442684e+00
      vertex   1.004000e+01 -9.238594e+00 1.454660e+00
      vertex   1.004000e+01 -9.250874e+00 1.442684e+00
    endloop
  endfacet
  facet normal 4.372443e-16 -6.981870e-01 7.159154e-01
    outer loop
      vertex   1.004000e+01 -9.250874e+00 1.442684e+00
      vertex   1.004000e+01 -9.238594e+00 1.454660e+00
      vertex   9.678000e+00 -9.238594e+00 1.454660e+00
    endloop
  endfacet
  facet normal 0.000000e+00 -6.981870e-01 7.159154e-01
    outer loop
      vertex   1.004000e+01 -9.250874e+00 1.442684e+00
      vertex   9.678000e+00 -9.238594e+00 1.454660e+00
      vertex   9.678000e+00 -9.250874e+00 1.442684e+00
    endloop
  endfacet
  facet normal -4.383878e-16 -6.981870e-01 7.159154e-01
    outer loop
      vertex   9.678000e+00 -9.250874e+00 1.442684e+00
      vertex   9.678000e+00 -9.238594e+00 1.454660e+00
      vertex   9.316000e+00 -9.238594e+00 1.454660e+00
    endloop
  endfacet
  facet normal -9.942910e-19 -6.981870e-01 7.159154e-01
    outer loop
      vertex   8.954000e+00 -9.238594e+00 1.454660e+00
      vertex   8.954000e+00 -9.250874e+00 1.442684e+00
      vertex   9.316000e+00 -9.250874e+00 1.442684e+00
    endloop
  endfacet
  facet normal 8.119042e-19 -5.655623e-01 8.247056e-01
    outer loop
      vertex   7.868000e+00 -9.265021e+00 1.432983e+00
      vertex   7.868000e+00 -9.250874e+00 1.442684e+00
      vertex   7.506000e+00 -9.250874e+00 1.442684e+00
    endloop
  endfacet
  facet normal 0.000000e+00 -6.981870e-01 7.159154e-01
    outer loop
      vertex   7.506000e+00 -9.250874e+00 1.442684e+00
      vertex   7.868000e+00 -9.250874e+00 1.442684e+00
      vertex   7.506000e+00 -9.238594e+00 1.454660e+00
    endloop
  endfacet
  facet normal 1.634028e-18 -6.981870e-01 7.159154e-01
    outer loop
      vertex   7.506000e+00 -9.250874e+00 1.442684e+00
      vertex   7.506000e+00 -9.238594e+00 1.454660e+00
      vertex   7.144000e+00 -9.238594e+00 1.454660e+00
    endloop
  endfacet
  facet normal 0.000000e+00 -8.102679e-01 5.860597e-01
    outer loop
      vertex   7.144000e+00 -9.238594e+00 1.454660e+00
      vertex   7.506000e+00 -9.238594e+00 1.454660e+00
      vertex   7.144000e+00 -9.228541e+00 1.468560e+00
    endloop
  endfacet
  facet normal -3.606756e-16 -8.102679e-01 5.860597e-01
    outer loop
      vertex   7.144000e+00 -9.238594e+00 1.454660e+00
      vertex   7.144000e+00 -9.228541e+00 1.468560e+00
      vertex   6.782000e+00 -9.228541e+00 1.468560e+00
    endloop
  endfacet
  facet normal -2.692501e-16 -8.985069e-01 4.389593e-01
    outer loop
      vertex   6.782000e+00 -9.228541e+00 1.468560e+00
      vertex   7.144000e+00 -9.228541e+00 1.468560e+00
      vertex   6.782000e+00 -9.221011e+00 1.483972e+00
    endloop
  endfacet
  facet normal 0.000000e+00 -6.981870e-01 7.159154e-01
    outer loop
      vertex   7.506000e+00 -9.238594e+00 1.454660e+00
      vertex   7.868000e+00 -9.250874e+00 1.442684e+00
      vertex   7.868000e+00 -9.238594e+00 1.454660e+00
    endloop
  endfacet
  facet normal -1.393602e-18 -6.981870e-01 7.159154e-01
    outer loop
      vertex   1.293600e+01 -9.250874e+00 1.442684e+00
      vertex   1.293600e+01 -9.238594e+00 1.454660e+00
      vertex   1.257400e+01 -9.238594e+00 1.454660e+00
    endloop
  endfacet
  facet normal 0.000000e+00 -8.102679e-01 5.860597e-01
    outer loop
      vertex   1.257400e+01 -9.238594e+00 1.454660e+00
      vertex   1.293600e+01 -9.238594e+00 1.454660e+00
      vertex   1.257400e+01 -9.228541e+00 1.468560e+00
    endloop
  endfacet
  facet normal 3.610999e-16 -8.102679e-01 5.860597e-01
    outer loop
      vertex   1.257400e+01 -9.238594e+00 1.454660e+00
      vertex   1.257400e+01 -9.228541e+00 1.468560e+00
      vertex   1.221200e+01 -9.228541e+00 1.468560e+00
    endloop
  endfacet
  facet normal 2.692501e-16 -8.985069e-01 4.389593e-01
    outer loop
      vertex   1.221200e+01 -9.228541e+00 1.468560e+00
      vertex   1.257400e+01 -9.228541e+00 1.468560e+00
      vertex   1.221200e+01 -9.221011e+00 1.483972e+00
    endloop
  endfacet
  facet normal -2.689520e-16 -8.985069e-01 4.389593e-01
    outer loop
      vertex   1.221200e+01 -9.228541e+00 1.468560e+00
      vertex   1.221200e+01 -9.221011e+00 1.483972e+00
      vertex   1.185000e+01 -9.221011e+00 1.483972e+00
    endloop
  endfacet
  facet normal -1.710987e-16 -9.603077e-01 2.789428e-01
    outer loop
      vertex   1.185000e+01 -9.221011e+00 1.483972e+00
      vertex   1.221200e+01 -9.221011e+00 1.483972e+00
      vertex   1.185000e+01 -9.216226e+00 1.500445e+00
    endloop
  endfacet
  facet normal 3.428315e-16 -9.603077e-01 2.789428e-01
    outer loop
      vertex   1.185000e+01 -9.221011e+00 1.483972e+00
      vertex   1.185000e+01 -9.216226e+00 1.500445e+00
      vertex   1.148800e+01 -9.216226e+00 1.500445e+00
    endloop
  endfacet
  facet normal 1.358256e-16 -9.938518e-01 1.107184e-01
    outer loop
      vertex   1.148800e+01 -9.216226e+00 1.500445e+00
      vertex   1.185000e+01 -9.216226e+00 1.500445e+00
      vertex   1.148800e+01 -9.214327e+00 1.517493e+00
    endloop
  endfacet
  facet normal 3.897183e-19 -9.938518e-01 1.107184e-01
    outer loop
      vertex   1.148800e+01 -9.216226e+00 1.500445e+00
      vertex   1.148800e+01 -9.214327e+00 1.517493e+00
      vertex   1.112600e+01 -9.214327e+00 1.517493e+00
    endloop
  endfacet
  facet normal 0.000000e+00 -9.981522e-01 -6.076377e-02
    outer loop
      vertex   1.112600e+01 -9.214327e+00 1.517493e+00
      vertex   1.148800e+01 -9.214327e+00 1.517493e+00
      vertex   1.112600e+01 -9.215369e+00 1.534615e+00
    endloop
  endfacet
  facet normal 1.930863e-19 -9.981522e-01 -6.076377e-02
    outer loop
      vertex   1.112600e+01 -9.214327e+00 1.517493e+00
      vertex   1.112600e+01 -9.215369e+00 1.534615e+00
      vertex   1.076400e+01 -9.215369e+00 1.534615e+00
    endloop
  endfacet
  facet normal 0.000000e+00 -9.730823e-01 -2.304580e-01
    outer loop
      vertex   1.076400e+01 -9.215369e+00 1.534615e+00
      vertex   1.112600e+01 -9.215369e+00 1.534615e+00
      vertex   1.366000e+01 -9.219322e+00 1.551307e+00
    endloop
  endfacet
  facet normal 0.000000e+00 -8.102679e-01 5.860597e-01
    outer loop
      vertex   1.257400e+01 -9.228541e+00 1.468560e+00
      vertex   1.293600e+01 -9.238594e+00 1.454660e+00
      vertex   1.293600e+01 -9.228541e+00 1.468560e+00
    endloop
  endfacet
  facet normal 0.000000e+00 -8.102679e-01 5.860597e-01
    outer loop
      vertex   1.148800e+01 -9.228541e+00 1.468560e+00
      vertex   1.185000e+01 -9.238594e+00 1.454660e+00
      vertex   1.185000e+01 -9.228541e+00 1.468560e+00
    endloop
  endfacet
  facet normal -4.336711e-15 -8.102679e-01 5.860597e-01
    outer loop
      vertex   1.185000e+01 -9.228541e+00 1.468560e+00
      vertex   1.185000e+01 -9.238594e+00 1.454660e+00
      vertex   1.221200e+01 -9.238594e+00 1.454660e+00
    endloop
  endfacet
  facet normal 0.000000e+00 -8.102679e-01 5.860597e-01
    outer loop
      vertex   1.112600e+01 -9.238594e+00 1.454660e+00
      vertex   1.076400e+01 -9.228541e+00 1.468560e+00
      vertex   1.076400e+01 -9.238594e+00 1.454660e+00
    endloop
  endfacet
  facet normal 1.620980e-18 -8.102679e-01 5.860597e-01
    outer loop
      vertex   1.076400e+01 -9.238594e+00 1.454660e+00
      vertex   1.076400e+01 -9.228541e+00 1.468560e+00
      vertex   1.040200e+01 -9.228541e+00 1.468560e+00
    endloop
  endfacet
  facet normal -3.594790e-16 -8.102679e-01 5.860597e-01
    outer loop
      vertex   1.076400e+01 -9.238594e+00 1.454660e+00
      vertex   1.040200e+01 -9.228541e+00 1.468560e+00
      vertex   1.040200e+01 -9.238594e+00 1.454660e+00
    endloop
  endfacet
  facet normal -1.196663e-18 -8.102679e-01 5.860597e-01
    outer loop
      vertex   1.040200e+01 -9.238594e+00 1.454660e+00
      vertex   1.040200e+01 -9.228541e+00 1.468560e+00
      vertex   1.004000e+01 -9.228541e+00 1.468560e+00
    endloop
  endfacet
  facet normal 3.594790e-16 -8.102679e-01 5.860597e-01
    outer loop
      vertex   1.004000e+01 -9.238594e+00 1.454660e+00
      vertex   9.678000e+00 -9.228541e+00 1.468560e+00
      vertex   9.678000e+00 -9.238594e+00 1.454660e+00
    endloop
  endfacet
  facet normal -3.578580e-16 -8.102679e-01 5.860597e-01
    outer loop
      vertex   9.678000e+00 -9.238594e+00 1.454660e+00
      vertex   9.678000e+00 -9.228541e+00 1.468560e+00
      vertex   9.316000e+00 -9.228541e+00 1.468560e+00
    endloop
  endfacet
  facet normal -3.594790e-16 -8.102679e-01 5.860597e-01
    outer loop
      vertex   9.678000e+00 -9.238594e+00 1.454660e+00
      vertex   9.316000e+00 -9.228541e+00 1.468560e+00
      vertex   9.316000e+00 -9.238594e+00 1.454660e+00
    endloop
  endfacet
  facet normal 3.610999e-16 -8.102679e-01 5.860597e-01
    outer loop
      vertex   9.316000e+00 -9.238594e+00 1.454660e+00
      vertex   9.316000e+00 -9.228541e+00 1.468560e+00
      vertex   8.954000e+00 -9.228541e+00 1.468560e+00
    endloop
  endfacet
  facet normal 0.000000e+00 -8.102679e-01 5.860597e-01
    outer loop
      vertex   7.506000e+00 -9.238594e+00 1.454660e+00
      vertex   7.868000e+00 -9.238594e+00 1.454660e+00
      vertex   7.506000e+00 -9.228541e+00 1.468560e+00
    endloop
  endfacet
  facet normal 0.000000e+00 -8.102679e-01 5.860597e-01
    outer loop
      vertex   7.506000e+00 -9.228541e+00 1.468560e+00
      vertex   7.868000e+00 -9.238594e+00 1.454660e+00
      vertex   7.868000e+00 -9.228541e+00 1.468560e+00
    endloop
  endfacet
  facet normal 0.000000e+00 -8.985069e-01 4.389593e-01
    outer loop
      vertex   7.506000e+00 -9.228541e+00 1.468560e+00
      vertex   7.868000e+00 -9.228541e+00 1.468560e+00
      vertex   7.506000e+00 -9.221011e+00 1.483972e+00
    endloop
  endfacet
  facet normal 2.692501e-16 -8.985069e-01 4.389593e-01
    outer loop
      vertex   7.506000e+00 -9.221011e+00 1.483972e+00
      vertex   7.868000e+00 -9.228541e+00 1.468560e+00
      vertex   7.868000e+00 -9.221011e+00 1.483972e+00
    endloop
  endfacet
  facet normal 1.710987e-16 -9.603077e-01 2.789428e-01
    outer loop
      vertex   7.506000e+00 -9.221011e+00 1.483972e+00
      vertex   7.868000e+00 -9.221011e+00 1.483972e+00
      vertex   7.506000e+00 -9.216226e+00 1.500445e+00
    endloop
  endfacet
  facet normal 0.000000e+00 -9.603077e-01 2.789428e-01
    outer loop
      vertex   7.506000e+00 -9.216226e+00 1.500445e+00
      vertex   7.868000e+00 -9.221011e+00 1.483972e+00
      vertex   7.868000e+00 -9.216226e+00 1.500445e+00
    endloop
  endfacet
  facet normal 0.000000e+00 -9.938518e-01 1.107184e-01
    outer loop
      vertex   7.506000e+00 -9.216226e+00 1.500445e+00
      vertex   7.868000e+00 -9.216226e+00 1.500445e+00
      vertex   7.506000e+00 -9.214327e+00 1.517493e+00
    endloop
  endfacet
  facet normal 0.000000e+00 -8.985069e-01 4.389593e-01
    outer loop
      vertex   1.257400e+01 -9.228541e+00 1.468560e+00
      vertex   1.293600e+01 -9.228541e+00 1.468560e+00
      vertex   1.257400e+01 -9.221011e+00 1.483972e+00
    endloop
  endfacet
  facet normal 0.000000e+00 -8.985069e-01 4.389593e-01
    outer loop
      vertex   1.257400e+01 -9.221011e+00 1.483972e+00
      vertex   1.293600e+01 -9.228541e+00 1.468560e+00
      vertex   1.293600e+01 -9.221011e+00 1.483972e+00
    endloop
  endfacet
  facet normal 0.000000e+00 -9.603077e-01 2.789428e-01
    outer loop
      vertex   1.257400e+01 -9.221011e+00 1.483972e+00
      vertex   1.293600e+01 -9.221011e+00 1.483972e+00
      vertex   1.257400e+01 -9.216226e+00 1.500445e+00
    endloop
  endfacet
  facet normal 0.000000e+00 -9.603077e-01 2.789428e-01
    outer loop
      vertex   1.257400e+01 -9.216226e+00 1.500445e+00
      vertex   1.293600e+01 -9.221011e+00 1.483972e+00
      vertex   1.293600e+01 -9.216226e+00 1.500445e+00
    endloop
  endfacet
  facet normal 0.000000e+00 -9.938518e-01 1.107184e-01
    outer loop
      vertex   1.257400e+01 -9.216226e+00 1.500445e+00
      vertex   1.293600e+01 -9.216226e+00 1.500445e+00
      vertex   1.257400e+01 -9.214327e+00 1.517493e+00
    endloop
  endfacet
  facet normal 0.000000e+00 -9.938518e-01 1.107184e-01
    outer loop
      vertex   1.257400e+01 -9.214327e+00 1.517493e+00
      vertex   1.293600e+01 -9.216226e+00 1.500445e+00
      vertex   1.293600e+01 -9.214327e+00 1.517493e+00
    endloop
  endfacet
  facet normal 0.000000e+00 -9.981522e-01 -6.076377e-02
    outer loop
      vertex   1.257400e+01 -9.214327e+00 1.517493e+00
      vertex   1.293600e+01 -9.214327e+00 1.517493e+00
      vertex   1.257400e+01 -9.215369e+00 1.534615e+00
    endloop
  endfacet
  facet normal 0.000000e+00 -9.981522e-01 -6.076377e-02
    outer loop
      vertex   1.257400e+01 -9.215369e+00 1.534615e+00
      vertex   1.293600e+01 -9.214327e+00 1.517493e+00
      vertex   1.293600e+01 -9.215369e+00 1.534615e+00
    endloop
  endfacet
  facet normal 0.000000e+00 -9.730823e-01 -2.304580e-01
    outer loop
      vertex   1.257400e+01 -9.215369e+00 1.534615e+00
      vertex   1.293600e+01 -9.215369e+00 1.534615e+00
      vertex   1.366000e+01 -9.219322e+00 1.551307e+00
    endloop
  endfacet
  facet normal 2.692501e-16 -8.985069e-01 4.389593e-01
    outer loop
      vertex   1.112600e+01 -9.221011e+00 1.483972e+00
      vertex   1.148800e+01 -9.228541e+00 1.468560e+00
      vertex   1.148800e+01 -9.221011e+00 1.483972e+00
    endloop
  endfacet
  facet normal 2.981164e-19 -8.985069e-01 4.389593e-01
    outer loop
      vertex   1.148800e+01 -9.221011e+00 1.483972e+00
      vertex   1.148800e+01 -9.228541e+00 1.468560e+00
      vertex   1.185000e+01 -9.228541e+00 1.468560e+00
    endloop
  endfacet
  facet normal 0.000000e+00 -8.985069e-01 4.389593e-01
    outer loop
      vertex   1.076400e+01 -9.228541e+00 1.468560e+00
      vertex   1.040200e+01 -9.221011e+00 1.483972e+00
      vertex   1.040200e+01 -9.228541e+00 1.468560e+00
    endloop
  endfacet
  facet normal 2.691875e-16 -8.985069e-01 4.389593e-01
    outer loop
      vertex   1.040200e+01 -9.228541e+00 1.468560e+00
      vertex   1.040200e+01 -9.221011e+00 1.483972e+00
      vertex   1.004000e+01 -9.221011e+00 1.483972e+00
    endloop
  endfacet
  facet normal 0.000000e+00 -8.985069e-01 4.389593e-01
    outer loop
      vertex   1.040200e+01 -9.228541e+00 1.468560e+00
      vertex   1.004000e+01 -9.221011e+00 1.483972e+00
      vertex   1.004000e+01 -9.228541e+00 1.468560e+00
    endloop
  endfacet
  facet normal 7.388514e-19 -8.985069e-01 4.389593e-01
    outer loop
      vertex   1.004000e+01 -9.228541e+00 1.468560e+00
      vertex   1.004000e+01 -9.221011e+00 1.483972e+00
      vertex   9.678000e+00 -9.221011e+00 1.483972e+00
    endloop
  endfacet
  facet normal 2.691875e-16 -8.985069e-01 4.389593e-01
    outer loop
      vertex   8.954000e+00 -9.221011e+00 1.483972e+00
      vertex   8.954000e+00 -9.228541e+00 1.468560e+00
      vertex   9.316000e+00 -9.228541e+00 1.468560e+00
    endloop
  endfacet
  facet normal 0.000000e+00 -8.985069e-01 4.389593e-01
    outer loop
      vertex   8.954000e+00 -9.221011e+00 1.483972e+00
      vertex   9.316000e+00 -9.228541e+00 1.468560e+00
      vertex   9.316000e+00 -9.221011e+00 1.483972e+00
    endloop
  endfacet
  facet normal -2.685113e-16 -8.985069e-01 4.389593e-01
    outer loop
      vertex   9.316000e+00 -9.221011e+00 1.483972e+00
      vertex   9.316000e+00 -9.228541e+00 1.468560e+00
      vertex   9.678000e+00 -9.228541e+00 1.468560e+00
    endloop
  endfacet
  facet normal 3.610999e-16 -8.102679e-01 5.860597e-01
    outer loop
      vertex   7.506000e+00 -9.238594e+00 1.454660e+00
      vertex   7.506000e+00 -9.228541e+00 1.468560e+00
      vertex   7.144000e+00 -9.228541e+00 1.468560e+00
    endloop
  endfacet
  facet normal 2.692501e-16 -8.985069e-01 4.389593e-01
    outer loop
      vertex   7.144000e+00 -9.228541e+00 1.468560e+00
      vertex   7.506000e+00 -9.228541e+00 1.468560e+00
      vertex   7.144000e+00 -9.221011e+00 1.483972e+00
    endloop
  endfacet
  facet normal -2.685113e-16 -8.985069e-01 4.389593e-01
    outer loop
      vertex   7.144000e+00 -9.228541e+00 1.468560e+00
      vertex   7.144000e+00 -9.221011e+00 1.483972e+00
      vertex   6.782000e+00 -9.221011e+00 1.483972e+00
    endloop
  endfacet
  facet normal -1.710987e-16 -9.603077e-01 2.789428e-01
    outer loop
      vertex   6.782000e+00 -9.221011e+00 1.483972e+00
      vertex   7.144000e+00 -9.221011e+00 1.483972e+00
      vertex   6.782000e+00 -9.216226e+00 1.500445e+00
    endloop
  endfacet
  facet normal 0.000000e+00 -8.985069e-01 4.389593e-01
    outer loop
      vertex   7.144000e+00 -9.221011e+00 1.483972e+00
      vertex   7.506000e+00 -9.228541e+00 1.468560e+00
      vertex   7.506000e+00 -9.221011e+00 1.483972e+00
    endloop
  endfacet
  facet normal 2.695482e-16 -8.985069e-01 4.389593e-01
    outer loop
      vertex   1.257400e+01 -9.228541e+00 1.468560e+00
      vertex   1.257400e+01 -9.221011e+00 1.483972e+00
      vertex   1.221200e+01 -9.221011e+00 1.483972e+00
    endloop
  endfacet
  facet normal 1.710987e-16 -9.603077e-01 2.789428e-01
    outer loop
      vertex   1.221200e+01 -9.221011e+00 1.483972e+00
      vertex   1.257400e+01 -9.221011e+00 1.483972e+00
      vertex   1.221200e+01 -9.216226e+00 1.500445e+00
    endloop
  endfacet
  facet normal -3.428829e-16 -9.603077e-01 2.789428e-01
    outer loop
      vertex   1.221200e+01 -9.221011e+00 1.483972e+00
      vertex   1.221200e+01 -9.216226e+00 1.500445e+00
      vertex   1.185000e+01 -9.216226e+00 1.500445e+00
    endloop
  endfacet
  facet normal -1.358256e-16 -9.938518e-01 1.107184e-01
    outer loop
      vertex   1.185000e+01 -9.216226e+00 1.500445e+00
      vertex   1.221200e+01 -9.216226e+00 1.500445e+00
      vertex   1.185000e+01 -9.214327e+00 1.517493e+00
    endloop
  endfacet
  facet normal -1.915624e-19 -9.938518e-01 1.107184e-01
    outer loop
      vertex   1.185000e+01 -9.216226e+00 1.500445e+00
      vertex   1.185000e+01 -9.214327e+00 1.517493e+00
      vertex   1.148800e+01 -9.214327e+00 1.517493e+00
    endloop
  endfacet
  facet normal 0.000000e+00 -9.981522e-01 -6.076377e-02
    outer loop
      vertex   1.148800e+01 -9.214327e+00 1.517493e+00
      vertex   1.185000e+01 -9.214327e+00 1.517493e+00
      vertex   1.148800e+01 -9.215369e+00 1.534615e+00
    endloop
  endfacet
  facet normal 1.930863e-19 -9.981522e-01 -6.076377e-02
    outer loop
      vertex   1.148800e+01 -9.214327e+00 1.517493e+00
      vertex   1.148800e+01 -9.215369e+00 1.534615e+00
      vertex   1.112600e+01 -9.215369e+00 1.534615e+00
    endloop
  endfacet
  facet normal 0.000000e+00 -9.730823e-01 -2.304580e-01
    outer loop
      vertex   1.112600e+01 -9.215369e+00 1.534615e+00
      vertex   1.148800e+01 -9.215369e+00 1.534615e+00
      vertex   1.366000e+01 -9.219322e+00 1.551307e+00
    endloop
  endfacet
  facet normal 3.421974e-16 -9.603077e-01 2.789428e-01
    outer loop
      vertex   1.221200e+01 -9.216226e+00 1.500445e+00
      vertex   1.257400e+01 -9.221011e+00 1.483972e+00
      vertex   1.257400e+01 -9.216226e+00 1.500445e+00
    endloop
  endfacet
  facet normal 0.000000e+00 -9.603077e-01 2.789428e-01
    outer loop
      vertex   1.076400e+01 -9.216226e+00 1.500445e+00
      vertex   1.112600e+01 -9.221011e+00 1.483972e+00
      vertex   1.112600e+01 -9.216226e+00 1.500445e+00
    endloop
  endfacet
  facet normal 1.704132e-16 -9.603077e-01 2.789428e-01
    outer loop
      vertex   1.112600e+01 -9.216226e+00 1.500445e+00
      vertex   1.112600e+01 -9.221011e+00 1.483972e+00
      vertex   1.148800e+01 -9.221011e+00 1.483972e+00
    endloop
  endfacet
  facet normal 1.710987e-16 -9.603077e-01 2.789428e-01
    outer loop
      vertex   1.040200e+01 -9.221011e+00 1.483972e+00
      vertex   1.004000e+01 -9.216226e+00 1.500445e+00
      vertex   1.004000e+01 -9.221011e+00 1.483972e+00
    endloop
  endfacet
  facet normal 1.704132e-16 -9.603077e-01 2.789428e-01
    outer loop
      vertex   1.004000e+01 -9.221011e+00 1.483972e+00
      vertex   1.004000e+01 -9.216226e+00 1.500445e+00
      vertex   9.678000e+00 -9.216226e+00 1.500445e+00
    endloop
  endfacet
  facet normal 0.000000e+00 -9.603077e-01 2.789428e-01
    outer loop
      vertex   1.004000e+01 -9.221011e+00 1.483972e+00
      vertex   9.678000e+00 -9.216226e+00 1.500445e+00
      vertex   9.678000e+00 -9.221011e+00 1.483972e+00
    endloop
  endfacet
  facet normal -1.709212e-16 -9.603077e-01 2.789428e-01
    outer loop
      vertex   9.678000e+00 -9.221011e+00 1.483972e+00
      vertex   9.678000e+00 -9.216226e+00 1.500445e+00
      vertex   9.316000e+00 -9.216226e+00 1.500445e+00
    endloop
  endfacet
  facet normal 1.774955e-19 -9.603077e-01 2.789428e-01
    outer loop
      vertex   8.954000e+00 -9.216226e+00 1.500445e+00
      vertex   8.954000e+00 -9.221011e+00 1.483972e+00
      vertex   9.316000e+00 -9.221011e+00 1.483972e+00
    endloop
  endfacet
  facet normal 0.000000e+00 -9.603077e-01 2.789428e-01
    outer loop
      vertex   8.230000e+00 -9.216226e+00 1.500445e+00
      vertex   8.592000e+00 -9.221011e+00 1.483972e+00
      vertex   8.592000e+00 -9.216226e+00 1.500445e+00
    endloop
  endfacet
  facet normal 0.000000e+00 -9.603077e-01 2.789428e-01
    outer loop
      vertex   7.144000e+00 -9.221011e+00 1.483972e+00
      vertex   7.506000e+00 -9.221011e+00 1.483972e+00
      vertex   7.144000e+00 -9.216226e+00 1.500445e+00
    endloop
  endfacet
  facet normal 1.710987e-16 -9.603077e-01 2.789428e-01
    outer loop
      vertex   7.144000e+00 -9.216226e+00 1.500445e+00
      vertex   7.506000e+00 -9.221011e+00 1.483972e+00
      vertex   7.506000e+00 -9.216226e+00 1.500445e+00
    endloop
  endfacet
  facet normal 6.791279e-17 -9.938518e-01 1.107184e-01
    outer loop
      vertex   7.144000e+00 -9.216226e+00 1.500445e+00
      vertex   7.506000e+00 -9.216226e+00 1.500445e+00
      vertex   7.144000e+00 -9.214327e+00 1.517493e+00
    endloop
  endfacet
  facet normal 0.000000e+00 -9.938518e-01 1.107184e-01
    outer loop
      vertex   7.144000e+00 -9.214327e+00 1.517493e+00
      vertex   7.506000e+00 -9.216226e+00 1.500445e+00
      vertex   7.506000e+00 -9.214327e+00 1.517493e+00
    endloop
  endfacet
  facet normal 0.000000e+00 -9.981522e-01 -6.076377e-02
    outer loop
      vertex   7.144000e+00 -9.214327e+00 1.517493e+00
      vertex   7.506000e+00 -9.214327e+00 1.517493e+00
      vertex   7.144000e+00 -9.215369e+00 1.534615e+00
    endloop
  endfacet
  facet normal 1.358256e-16 -9.938518e-01 1.107184e-01
    outer loop
      vertex   1.221200e+01 -9.216226e+00 1.500445e+00
      vertex   1.257400e+01 -9.216226e+00 1.500445e+00
      vertex   1.221200e+01 -9.214327e+00 1.517493e+00
    endloop
  endfacet
  facet normal 0.000000e+00 -9.938518e-01 1.107184e-01
    outer loop
      vertex   1.221200e+01 -9.214327e+00 1.517493e+00
      vertex   1.257400e+01 -9.216226e+00 1.500445e+00
      vertex   1.257400e+01 -9.214327e+00 1.517493e+00
    endloop
  endfacet
  facet normal 0.000000e+00 -9.981522e-01 -6.076377e-02
    outer loop
      vertex   1.221200e+01 -9.214327e+00 1.517493e+00
      vertex   1.257400e+01 -9.214327e+00 1.517493e+00
      vertex   1.221200e+01 -9.215369e+00 1.534615e+00
    endloop
  endfacet
  facet normal -3.727145e-17 -9.981522e-01 -6.076377e-02
    outer loop
      vertex   1.221200e+01 -9.215369e+00 1.534615e+00
      vertex   1.257400e+01 -9.214327e+00 1.517493e+00
      vertex   1.257400e+01 -9.215369e+00 1.534615e+00
    endloop
  endfacet
  facet normal -1.413590e-16 -9.730823e-01 -2.304580e-01
    outer loop
      vertex   1.221200e+01 -9.215369e+00 1.534615e+00
      vertex   1.257400e+01 -9.215369e+00 1.534615e+00
      vertex   1.366000e+01 -9.219322e+00 1.551307e+00
    endloop
  endfacet
  facet normal -6.791279e-17 -9.938518e-01 1.107184e-01
    outer loop
      vertex   1.040200e+01 -9.214327e+00 1.517493e+00
      vertex   1.076400e+01 -9.216226e+00 1.500445e+00
      vertex   1.076400e+01 -9.214327e+00 1.517493e+00
    endloop
  endfacet
  facet normal -4.465494e-19 -9.938518e-01 1.107184e-01
    outer loop
      vertex   1.076400e+01 -9.214327e+00 1.517493e+00
      vertex   1.076400e+01 -9.216226e+00 1.500445e+00
      vertex   1.112600e+01 -9.216226e+00 1.500445e+00
    endloop
  endfacet
  facet normal 6.791279e-17 -9.938518e-01 1.107184e-01
    outer loop
      vertex   1.004000e+01 -9.216226e+00 1.500445e+00
      vertex   9.678000e+00 -9.214327e+00 1.517493e+00
      vertex   9.678000e+00 -9.216226e+00 1.500445e+00
    endloop
  endfacet
  facet normal -6.752307e-17 -9.938518e-01 1.107184e-01
    outer loop
      vertex   9.678000e+00 -9.216226e+00 1.500445e+00
      vertex   9.678000e+00 -9.214327e+00 1.517493e+00
      vertex   9.316000e+00 -9.214327e+00 1.517493e+00
    endloop
  endfacet
  facet normal -6.791279e-17 -9.938518e-01 1.107184e-01
    outer loop
      vertex   9.678000e+00 -9.216226e+00 1.500445e+00
      vertex   9.316000e+00 -9.214327e+00 1.517493e+00
      vertex   9.316000e+00 -9.216226e+00 1.500445e+00
    endloop
  endfacet
  facet normal 3.897183e-19 -9.938518e-01 1.107184e-01
    outer loop
      vertex   9.316000e+00 -9.216226e+00 1.500445e+00
      vertex   9.316000e+00 -9.214327e+00 1.517493e+00
      vertex   8.954000e+00 -9.214327e+00 1.517493e+00
    endloop
  endfacet
  facet normal 0.000000e+00 -9.938518e-01 1.107184e-01
    outer loop
      vertex   8.230000e+00 -9.216226e+00 1.500445e+00
      vertex   8.592000e+00 -9.216226e+00 1.500445e+00
      vertex   8.230000e+00 -9.214327e+00 1.517493e+00
    endloop
  endfacet
  facet normal 0.000000e+00 -9.938518e-01 1.107184e-01
    outer loop
      vertex   8.230000e+00 -9.214327e+00 1.517493e+00
      vertex   8.592000e+00 -9.216226e+00 1.500445e+00
      vertex   8.592000e+00 -9.214327e+00 1.517493e+00
    endloop
  endfacet
  facet normal 0.000000e+00 -9.981522e-01 -6.076377e-02
    outer loop
      vertex   8.230000e+00 -9.214327e+00 1.517493e+00
      vertex   8.592000e+00 -9.214327e+00 1.517493e+00
      vertex   8.230000e+00 -9.215369e+00 1.534615e+00
    endloop
  endfacet
  facet normal 0.000000e+00 -9.981522e-01 -6.076377e-02
    outer loop
      vertex   8.230000e+00 -9.215369e+00 1.534615e+00
      vertex   8.592000e+00 -9.214327e+00 1.517493e+00
      vertex   8.592000e+00 -9.215369e+00 1.534615e+00
    endloop
  endfacet
  facet normal 0.000000e+00 -9.730823e-01 -2.304580e-01
    outer loop
      vertex   8.230000e+00 -9.215369e+00 1.534615e+00
      vertex   8.592000e+00 -9.215369e+00 1.534615e+00
      vertex   6.420000e+00 -9.219322e+00 1.551307e+00
    endloop
  endfacet
  facet normal -6.777806e-17 -9.938518e-01 1.107184e-01
    outer loop
      vertex   6.782000e+00 -9.214327e+00 1.517493e+00
      vertex   6.782000e+00 -9.216226e+00 1.500445e+00
      vertex   7.144000e+00 -9.216226e+00 1.500445e+00
    endloop
  endfacet
  facet normal -1.710987e-16 -9.603077e-01 2.789428e-01
    outer loop
      vertex   7.144000e+00 -9.216226e+00 1.500445e+00
      vertex   6.782000e+00 -9.216226e+00 1.500445e+00
      vertex   7.144000e+00 -9.221011e+00 1.483972e+00
    endloop
  endfacet
  facet normal -6.791279e-17 -9.938518e-01 1.107184e-01
    outer loop
      vertex   6.782000e+00 -9.214327e+00 1.517493e+00
      vertex   7.144000e+00 -9.216226e+00 1.500445e+00
      vertex   7.144000e+00 -9.214327e+00 1.517493e+00
    endloop
  endfacet
  facet normal 3.897183e-19 -9.938518e-01 1.107184e-01
    outer loop
      vertex   1.221200e+01 -9.216226e+00 1.500445e+00
      vertex   1.221200e+01 -9.214327e+00 1.517493e+00
      vertex   1.185000e+01 -9.214327e+00 1.517493e+00
    endloop
  endfacet
  facet normal 0.000000e+00 -9.981522e-01 -6.076377e-02
    outer loop
      vertex   1.185000e+01 -9.214327e+00 1.517493e+00
      vertex   1.221200e+01 -9.214327e+00 1.517493e+00
      vertex   1.185000e+01 -9.215369e+00 1.534615e+00
    endloop
  endfacet
  facet normal -3.745521e-17 -9.981522e-01 -6.076377e-02
    outer loop
      vertex   1.185000e+01 -9.214327e+00 1.517493e+00
      vertex   1.185000e+01 -9.215369e+00 1.534615e+00
      vertex   1.148800e+01 -9.215369e+00 1.534615e+00
    endloop
  endfacet
  facet normal -1.413590e-16 -9.730823e-01 -2.304580e-01
    outer loop
      vertex   1.148800e+01 -9.215369e+00 1.534615e+00
      vertex   1.185000e+01 -9.215369e+00 1.534615e+00
      vertex   1.366000e+01 -9.219322e+00 1.551307e+00
    endloop
  endfacet
  facet normal 3.727145e-17 -9.981522e-01 -6.076377e-02
    outer loop
      vertex   1.185000e+01 -9.215369e+00 1.534615e+00
      vertex   1.221200e+01 -9.214327e+00 1.517493e+00
      vertex   1.221200e+01 -9.215369e+00 1.534615e+00
    endloop
  endfacet
  facet normal 0.000000e+00 -9.981522e-01 -6.076377e-02
    outer loop
      vertex   1.004000e+01 -9.215369e+00 1.534615e+00
      vertex   1.040200e+01 -9.214327e+00 1.517493e+00
      vertex   1.040200e+01 -9.215369e+00 1.534615e+00
    endloop
  endfacet
  facet normal 3.746454e-17 -9.981522e-01 -6.076377e-02
    outer loop
      vertex   1.040200e+01 -9.215369e+00 1.534615e+00
      vertex   1.040200e+01 -9.214327e+00 1.517493e+00
      vertex   1.076400e+01 -9.214327e+00 1.517493e+00
    endloop
  endfacet
  facet normal 1.930863e-19 -9.981522e-01 -6.076377e-02
    outer loop
      vertex   8.954000e+00 -9.215369e+00 1.534615e+00
      vertex   8.954000e+00 -9.214327e+00 1.517493e+00
      vertex   9.316000e+00 -9.214327e+00 1.517493e+00
    endloop
  endfacet
  facet normal 0.000000e+00 -9.981522e-01 -6.076377e-02
    outer loop
      vertex   8.954000e+00 -9.215369e+00 1.534615e+00
      vertex   9.316000e+00 -9.214327e+00 1.517493e+00
      vertex   9.316000e+00 -9.215369e+00 1.534615e+00
    endloop
  endfacet
  facet normal 3.746454e-17 -9.981522e-01 -6.076377e-02
    outer loop
      vertex   9.316000e+00 -9.215369e+00 1.534615e+00
      vertex   9.316000e+00 -9.214327e+00 1.517493e+00
      vertex   9.678000e+00 -9.214327e+00 1.517493e+00
    endloop
  endfacet
  facet normal -6.752307e-17 -9.938518e-01 1.107184e-01
    outer loop
      vertex   8.230000e+00 -9.216226e+00 1.500445e+00
      vertex   8.230000e+00 -9.214327e+00 1.517493e+00
      vertex   7.868000e+00 -9.214327e+00 1.517493e+00
    endloop
  endfacet
  facet normal 3.727145e-17 -9.981522e-01 -6.076377e-02
    outer loop
      vertex   7.868000e+00 -9.214327e+00 1.517493e+00
      vertex   8.230000e+00 -9.214327e+00 1.517493e+00
      vertex   7.868000e+00 -9.215369e+00 1.534615e+00
    endloop
  endfacet
  facet normal -7.434982e-17 -9.981522e-01 -6.076377e-02
    outer loop
      vertex   7.868000e+00 -9.214327e+00 1.517493e+00
      vertex   7.868000e+00 -9.215369e+00 1.534615e+00
      vertex   7.506000e+00 -9.215369e+00 1.534615e+00
    endloop
  endfacet
  facet normal -2.827180e-16 -9.730823e-01 -2.304580e-01
    outer loop
      vertex   7.506000e+00 -9.215369e+00 1.534615e+00
      vertex   7.868000e+00 -9.215369e+00 1.534615e+00
      vertex   6.420000e+00 -9.219322e+00 1.551307e+00
    endloop
  endfacet
  facet normal 7.454291e-17 -9.981522e-01 -6.076377e-02
    outer loop
      vertex   7.868000e+00 -9.215369e+00 1.534615e+00
      vertex   8.230000e+00 -9.214327e+00 1.517493e+00
      vertex   8.230000e+00 -9.215369e+00 1.534615e+00
    endloop
  endfacet
  facet normal 3.712696e-17 -9.981522e-01 -6.076377e-02
    outer loop
      vertex   6.782000e+00 -9.215369e+00 1.534615e+00
      vertex   6.782000e+00 -9.214327e+00 1.517493e+00
      vertex   7.144000e+00 -9.214327e+00 1.517493e+00
    endloop
  endfacet
  facet normal 0.000000e+00 -9.981522e-01 -6.076377e-02
    outer loop
      vertex   6.782000e+00 -9.215369e+00 1.534615e+00
      vertex   7.144000e+00 -9.214327e+00 1.517493e+00
      vertex   7.144000e+00 -9.215369e+00 1.534615e+00
    endloop
  endfacet
  facet normal 1.418269e-16 -9.730823e-01 -2.304580e-01
    outer loop
      vertex   1.366000e+01 -9.219322e+00 1.551307e+00
      vertex   1.185000e+01 -9.215369e+00 1.534615e+00
      vertex   1.221200e+01 -9.215369e+00 1.534615e+00
    endloop
  endfacet
  facet normal 2.820055e-16 -9.730823e-01 -2.304580e-01
    outer loop
      vertex   6.420000e+00 -9.219322e+00 1.551307e+00
      vertex   7.868000e+00 -9.215369e+00 1.534615e+00
      vertex   8.230000e+00 -9.215369e+00 1.534615e+00
    endloop
  endfacet
  facet normal -1.606546e-10 9.961947e-01 8.715573e-02
    outer loop
      vertex   4.420000e+00 -2.316000e+01 1.670000e+00
      vertex   9.040000e+00 -2.316380e+01 1.713412e+00
      vertex   1.366000e+01 -2.316000e+01 1.670000e+00
    endloop
  endfacet
  facet normal -4.158049e-17 9.961947e-01 8.715574e-02
    outer loop
      vertex   1.366000e+01 -2.316000e+01 1.670000e+00
      vertex   9.040000e+00 -2.316380e+01 1.713412e+00
      vertex   9.964000e+00 -2.316380e+01 1.713412e+00
    endloop
  endfacet
  facet normal -2.078937e-17 9.961947e-01 8.715574e-02
    outer loop
      vertex   1.366000e+01 -2.316000e+01 1.670000e+00
      vertex   9.964000e+00 -2.316380e+01 1.713412e+00
      vertex   1.088800e+01 -2.316380e+01 1.713412e+00
    endloop
  endfacet
  facet normal -6.219629e-17 9.659258e-01 2.588190e-01
    outer loop
      vertex   1.088800e+01 -2.316380e+01 1.713412e+00
      vertex   9.964000e+00 -2.316380e+01 1.713412e+00
      vertex   1.088800e+01 -2.317508e+01 1.755505e+00
    endloop
  endfacet
  facet normal -6.216295e-17 9.659258e-01 2.588190e-01
    outer loop
      vertex   1.088800e+01 -2.316380e+01 1.713412e+00
      vertex   1.088800e+01 -2.317508e+01 1.755505e+00
      vertex   1.181200e+01 -2.317508e+01 1.755505e+00
    endloop
  endfacet
  facet normal -1.015586e-16 9.063078e-01 4.226183e-01
    outer loop
      vertex   1.181200e+01 -2.317508e+01 1.755505e+00
      vertex   1.088800e+01 -2.317508e+01 1.755505e+00
      vertex   1.181200e+01 -2.319349e+01 1.795000e+00
    endloop
  endfacet
  facet normal -1.132536e-18 9.063078e-01 4.226183e-01
    outer loop
      vertex   1.181200e+01 -2.317508e+01 1.755505e+00
      vertex   1.181200e+01 -2.319349e+01 1.795000e+00
      vertex   1.273600e+01 -2.319349e+01 1.795000e+00
    endloop
  endfacet
  facet normal 0.000000e+00 8.191520e-01 5.735764e-01
    outer loop
      vertex   1.273600e+01 -2.319349e+01 1.795000e+00
      vertex   1.181200e+01 -2.319349e+01 1.795000e+00
      vertex   1.273600e+01 -2.321849e+01 1.830697e+00
    endloop
  endfacet
  facet normal 2.755466e-16 8.191520e-01 5.735764e-01
    outer loop
      vertex   1.273600e+01 -2.319349e+01 1.795000e+00
      vertex   1.273600e+01 -2.321849e+01 1.830697e+00
      vertex   1.366000e+01 -2.321849e+01 1.830697e+00
    endloop
  endfacet
  facet normal 3.398469e-16 7.071068e-01 7.071068e-01
    outer loop
      vertex   1.366000e+01 -2.321849e+01 1.830697e+00
      vertex   1.273600e+01 -2.321849e+01 1.830697e+00
      vertex   1.366000e+01 -2.324930e+01 1.861511e+00
    endloop
  endfacet
  facet normal 3.398469e-16 7.071068e-01 7.071068e-01
    outer loop
      vertex   1.366000e+01 -2.324930e+01 1.861511e+00
      vertex   1.273600e+01 -2.321849e+01 1.830697e+00
      vertex   1.273600e+01 -2.324930e+01 1.861511e+00
    endloop
  endfacet
  facet normal 3.936976e-16 5.735764e-01 8.191520e-01
    outer loop
      vertex   1.366000e+01 -2.324930e+01 1.861511e+00
      vertex   1.273600e+01 -2.324930e+01 1.861511e+00
      vertex   1.366000e+01 -2.328500e+01 1.886506e+00
    endloop
  endfacet
  facet normal -9.842440e-16 5.735764e-01 8.191520e-01
    outer loop
      vertex   1.366000e+01 -2.328500e+01 1.886506e+00
      vertex   1.273600e+01 -2.324930e+01 1.861511e+00
      vertex   1.273600e+01 -2.328500e+01 1.886506e+00
    endloop
  endfacet
  facet normal -1.088965e-15 4.226183e-01 9.063078e-01
    outer loop
      vertex   1.366000e+01 -2.328500e+01 1.886506e+00
      vertex   1.273600e+01 -2.328500e+01 1.886506e+00
      vertex   1.366000e+01 -2.332449e+01 1.904923e+00
    endloop
  endfacet
  facet normal 6.533791e-16 4.226183e-01 9.063078e-01
    outer loop
      vertex   1.366000e+01 -2.332449e+01 1.904923e+00
      vertex   1.273600e+01 -2.328500e+01 1.886506e+00
      vertex   1.273600e+01 -2.332449e+01 1.904923e+00
    endloop
  endfacet
  facet normal 6.963592e-16 2.588190e-01 9.659258e-01
    outer loop
      vertex   1.366000e+01 -2.332449e+01 1.904923e+00
      vertex   1.273600e+01 -2.332449e+01 1.904923e+00
      vertex   1.366000e+01 -2.336659e+01 1.916202e+00
    endloop
  endfacet
  facet normal 0.000000e+00 2.588190e-01 9.659258e-01
    outer loop
      vertex   1.366000e+01 -2.336659e+01 1.916202e+00
      vertex   1.273600e+01 -2.332449e+01 1.904923e+00
      vertex   1.273600e+01 -2.336659e+01 1.916202e+00
    endloop
  endfacet
  facet normal 0.000000e+00 8.715574e-02 9.961947e-01
    outer loop
      vertex   1.366000e+01 -2.336659e+01 1.916202e+00
      vertex   1.273600e+01 -2.336659e+01 1.916202e+00
      vertex   1.366000e+01 -2.341000e+01 1.920000e+00
    endloop
  endfacet
  facet normal -2.961208e-19 8.715574e-02 9.961947e-01
    outer loop
      vertex   1.366000e+01 -2.341000e+01 1.920000e+00
      vertex   1.273600e+01 -2.336659e+01 1.916202e+00
      vertex   1.181200e+01 -2.336659e+01 1.916202e+00
    endloop
  endfacet
  facet normal -2.396897e-16 8.715574e-02 9.961947e-01
    outer loop
      vertex   1.366000e+01 -2.341000e+01 1.920000e+00
      vertex   1.181200e+01 -2.336659e+01 1.916202e+00
      vertex   1.088800e+01 -2.336659e+01 1.916202e+00
    endloop
  endfacet
  facet normal -2.321197e-16 2.588190e-01 9.659258e-01
    outer loop
      vertex   1.088800e+01 -2.336659e+01 1.916202e+00
      vertex   1.181200e+01 -2.336659e+01 1.916202e+00
      vertex   1.088800e+01 -2.332449e+01 1.904923e+00
    endloop
  endfacet
  facet normal -2.323379e-16 2.588190e-01 9.659258e-01
    outer loop
      vertex   1.088800e+01 -2.336659e+01 1.916202e+00
      vertex   1.088800e+01 -2.332449e+01 1.904923e+00
      vertex   9.964000e+00 -2.332449e+01 1.904923e+00
    endloop
  endfacet
  facet normal -2.177930e-16 4.226183e-01 9.063078e-01
    outer loop
      vertex   9.964000e+00 -2.332449e+01 1.904923e+00
      vertex   1.088800e+01 -2.332449e+01 1.904923e+00
      vertex   9.964000e+00 -2.328500e+01 1.886506e+00
    endloop
  endfacet
  facet normal -2.182453e-16 4.226183e-01 9.063078e-01
    outer loop
      vertex   9.964000e+00 -2.332449e+01 1.904923e+00
      vertex   9.964000e+00 -2.328500e+01 1.886506e+00
      vertex   9.040000e+00 -2.328500e+01 1.886506e+00
    endloop
  endfacet
  facet normal -1.968488e-16 5.735764e-01 8.191520e-01
    outer loop
      vertex   9.040000e+00 -2.328500e+01 1.886506e+00
      vertex   9.964000e+00 -2.328500e+01 1.886506e+00
      vertex   9.040000e+00 -2.324930e+01 1.861511e+00
    endloop
  endfacet
  facet normal -1.030649e-18 5.735764e-01 8.191520e-01
    outer loop
      vertex   9.040000e+00 -2.328500e+01 1.886506e+00
      vertex   9.040000e+00 -2.324930e+01 1.861511e+00
      vertex   8.116000e+00 -2.324930e+01 1.861511e+00
    endloop
  endfacet
  facet normal -0.000000e+00 7.071068e-01 7.071068e-01
    outer loop
      vertex   8.116000e+00 -2.324930e+01 1.861511e+00
      vertex   9.040000e+00 -2.324930e+01 1.861511e+00
      vertex   8.116000e+00 -2.321849e+01 1.830697e+00
    endloop
  endfacet
  facet normal -1.695860e-16 7.071068e-01 7.071068e-01
    outer loop
      vertex   8.116000e+00 -2.324930e+01 1.861511e+00
      vertex   8.116000e+00 -2.321849e+01 1.830697e+00
      vertex   7.192000e+00 -2.321849e+01 1.830697e+00
    endloop
  endfacet
  facet normal -1.378350e-16 8.191520e-01 5.735764e-01
    outer loop
      vertex   7.192000e+00 -2.321849e+01 1.830697e+00
      vertex   8.116000e+00 -2.321849e+01 1.830697e+00
      vertex   7.192000e+00 -2.319349e+01 1.795000e+00
    endloop
  endfacet
  facet normal -2.763058e-16 8.191520e-01 5.735764e-01
    outer loop
      vertex   7.192000e+00 -2.321849e+01 1.830697e+00
      vertex   7.192000e+00 -2.319349e+01 1.795000e+00
      vertex   6.268000e+00 -2.319349e+01 1.795000e+00
    endloop
  endfacet
  facet normal -2.031171e-16 9.063078e-01 4.226183e-01
    outer loop
      vertex   6.268000e+00 -2.319349e+01 1.795000e+00
      vertex   7.192000e+00 -2.319349e+01 1.795000e+00
      vertex   6.268000e+00 -2.317508e+01 1.755505e+00
    endloop
  endfacet
  facet normal -1.026911e-16 9.063078e-01 4.226183e-01
    outer loop
      vertex   6.268000e+00 -2.319349e+01 1.795000e+00
      vertex   6.268000e+00 -2.317508e+01 1.755505e+00
      vertex   5.344000e+00 -2.317508e+01 1.755505e+00
    endloop
  endfacet
  facet normal -6.219629e-17 9.659258e-01 2.588190e-01
    outer loop
      vertex   5.344000e+00 -2.317508e+01 1.755505e+00
      vertex   6.268000e+00 -2.317508e+01 1.755505e+00
      vertex   5.344000e+00 -2.316380e+01 1.713412e+00
    endloop
  endfacet
  facet normal 5.661982e-19 9.659258e-01 2.588190e-01
    outer loop
      vertex   5.344000e+00 -2.317508e+01 1.755505e+00
      vertex   5.344000e+00 -2.316380e+01 1.713412e+00
      vertex   4.420000e+00 -2.316380e+01 1.713412e+00
    endloop
  endfacet
  facet normal -0.000000e+00 9.961947e-01 8.715571e-02
    outer loop
      vertex   4.420000e+00 -2.316380e+01 1.713412e+00
      vertex   5.344000e+00 -2.316380e+01 1.713412e+00
      vertex   4.420000e+00 -2.316000e+01 1.670000e+00
    endloop
  endfacet
  facet normal -2.107223e-17 9.961947e-01 8.715571e-02
    outer loop
      vertex   4.420000e+00 -2.316000e+01 1.670000e+00
      vertex   5.344000e+00 -2.316380e+01 1.713412e+00
      vertex   6.268000e+00 -2.316380e+01 1.713412e+00
    endloop
  endfacet
  facet normal -2.114878e-17 9.961947e-01 8.715571e-02
    outer loop
      vertex   4.420000e+00 -2.316000e+01 1.670000e+00
      vertex   6.268000e+00 -2.316380e+01 1.713412e+00
      vertex   7.192000e+00 -2.316380e+01 1.713412e+00
    endloop
  endfacet
  facet normal -6.219629e-17 9.659258e-01 2.588190e-01
    outer loop
      vertex   7.192000e+00 -2.316380e+01 1.713412e+00
      vertex   6.268000e+00 -2.316380e+01 1.713412e+00
      vertex   7.192000e+00 -2.317508e+01 1.755505e+00
    endloop
  endfacet
  facet normal -1.238264e-16 9.659258e-01 2.588190e-01
    outer loop
      vertex   7.192000e+00 -2.316380e+01 1.713412e+00
      vertex   7.192000e+00 -2.317508e+01 1.755505e+00
      vertex   8.116000e+00 -2.317508e+01 1.755505e+00
    endloop
  endfacet
  facet normal -2.031171e-16 9.063078e-01 4.226183e-01
    outer loop
      vertex   8.116000e+00 -2.317508e+01 1.755505e+00
      vertex   7.192000e+00 -2.317508e+01 1.755505e+00
      vertex   8.116000e+00 -2.319349e+01 1.795000e+00
    endloop
  endfacet
  facet normal -3.721861e-19 9.063078e-01 4.226183e-01
    outer loop
      vertex   8.116000e+00 -2.317508e+01 1.755505e+00
      vertex   8.116000e+00 -2.319349e+01 1.795000e+00
      vertex   9.040000e+00 -2.319349e+01 1.795000e+00
    endloop
  endfacet
  facet normal 0.000000e+00 8.191520e-01 5.735764e-01
    outer loop
      vertex   9.040000e+00 -2.319349e+01 1.795000e+00
      vertex   8.116000e+00 -2.319349e+01 1.795000e+00
      vertex   9.040000e+00 -2.321849e+01 1.830697e+00
    endloop
  endfacet
  facet normal -2.757935e-16 8.191520e-01 5.735764e-01
    outer loop
      vertex   9.040000e+00 -2.319349e+01 1.795000e+00
      vertex   9.040000e+00 -2.321849e+01 1.830697e+00
      vertex   9.964000e+00 -2.321849e+01 1.830697e+00
    endloop
  endfacet
  facet normal -3.398469e-16 7.071068e-01 7.071068e-01
    outer loop
      vertex   9.964000e+00 -2.321849e+01 1.830697e+00
      vertex   9.040000e+00 -2.321849e+01 1.830697e+00
      vertex   9.964000e+00 -2.324930e+01 1.861511e+00
    endloop
  endfacet
  facet normal -1.695860e-16 7.071068e-01 7.071068e-01
    outer loop
      vertex   9.964000e+00 -2.321849e+01 1.830697e+00
      vertex   9.964000e+00 -2.324930e+01 1.861511e+00
      vertex   1.088800e+01 -2.324930e+01 1.861511e+00
    endloop
  endfacet
  facet normal -1.968488e-16 5.735764e-01 8.191520e-01
    outer loop
      vertex   1.088800e+01 -2.324930e+01 1.861511e+00
      vertex   9.964000e+00 -2.324930e+01 1.861511e+00
      vertex   1.088800e+01 -2.328500e+01 1.886506e+00
    endloop
  endfacet
  facet normal -1.975907e-16 5.735764e-01 8.191520e-01
    outer loop
      vertex   1.088800e+01 -2.324930e+01 1.861511e+00
      vertex   1.088800e+01 -2.328500e+01 1.886506e+00
      vertex   1.181200e+01 -2.328500e+01 1.886506e+00
    endloop
  endfacet
  facet normal -2.177930e-16 4.226183e-01 9.063078e-01
    outer loop
      vertex   1.181200e+01 -2.328500e+01 1.886506e+00
      vertex   1.088800e+01 -2.328500e+01 1.886506e+00
      vertex   1.181200e+01 -2.332449e+01 1.904923e+00
    endloop
  endfacet
  facet normal -1.444994e-19 4.226183e-01 9.063078e-01
    outer loop
      vertex   1.181200e+01 -2.328500e+01 1.886506e+00
      vertex   1.181200e+01 -2.332449e+01 1.904923e+00
      vertex   1.273600e+01 -2.332449e+01 1.904923e+00
    endloop
  endfacet
  facet normal 0.000000e+00 2.588190e-01 9.659258e-01
    outer loop
      vertex   1.273600e+01 -2.332449e+01 1.904923e+00
      vertex   1.181200e+01 -2.332449e+01 1.904923e+00
      vertex   1.273600e+01 -2.336659e+01 1.916202e+00
    endloop
  endfacet
  facet normal 6.249606e-17 9.659258e-01 2.588190e-01
    outer loop
      vertex   4.420000e+00 -2.316380e+01 1.713412e+00
      vertex   4.420000e+00 -2.317508e+01 1.755505e+00
      vertex   5.344000e+00 -2.317508e+01 1.755505e+00
    endloop
  endfacet
  facet normal 1.015586e-16 9.063078e-01 4.226183e-01
    outer loop
      vertex   5.344000e+00 -2.317508e+01 1.755505e+00
      vertex   4.420000e+00 -2.317508e+01 1.755505e+00
      vertex   5.344000e+00 -2.319349e+01 1.795000e+00
    endloop
  endfacet
  facet normal -1.026911e-16 9.063078e-01 4.226183e-01
    outer loop
      vertex   5.344000e+00 -2.317508e+01 1.755505e+00
      vertex   5.344000e+00 -2.319349e+01 1.795000e+00
      vertex   6.268000e+00 -2.319349e+01 1.795000e+00
    endloop
  endfacet
  facet normal -1.378350e-16 8.191520e-01 5.735764e-01
    outer loop
      vertex   6.268000e+00 -2.319349e+01 1.795000e+00
      vertex   5.344000e+00 -2.319349e+01 1.795000e+00
      vertex   6.268000e+00 -2.321849e+01 1.830697e+00
    endloop
  endfacet
  facet normal -1.389830e-16 8.191520e-01 5.735764e-01
    outer loop
      vertex   6.268000e+00 -2.319349e+01 1.795000e+00
      vertex   6.268000e+00 -2.321849e+01 1.830697e+00
      vertex   7.192000e+00 -2.321849e+01 1.830697e+00
    endloop
  endfacet
  facet normal -1.699234e-16 7.071068e-01 7.071068e-01
    outer loop
      vertex   7.192000e+00 -2.321849e+01 1.830697e+00
      vertex   6.268000e+00 -2.321849e+01 1.830697e+00
      vertex   7.192000e+00 -2.324930e+01 1.861511e+00
    endloop
  endfacet
  facet normal -1.695860e-16 7.071068e-01 7.071068e-01
    outer loop
      vertex   7.192000e+00 -2.321849e+01 1.830697e+00
      vertex   7.192000e+00 -2.324930e+01 1.861511e+00
      vertex   8.116000e+00 -2.324930e+01 1.861511e+00
    endloop
  endfacet
  facet normal -1.968488e-16 5.735764e-01 8.191520e-01
    outer loop
      vertex   8.116000e+00 -2.324930e+01 1.861511e+00
      vertex   7.192000e+00 -2.324930e+01 1.861511e+00
      vertex   8.116000e+00 -2.328500e+01 1.886506e+00
    endloop
  endfacet
  facet normal -1.030649e-18 5.735764e-01 8.191520e-01
    outer loop
      vertex   8.116000e+00 -2.324930e+01 1.861511e+00
      vertex   8.116000e+00 -2.328500e+01 1.886506e+00
      vertex   9.040000e+00 -2.328500e+01 1.886506e+00
    endloop
  endfacet
  facet normal 0.000000e+00 4.226183e-01 9.063078e-01
    outer loop
      vertex   9.040000e+00 -2.328500e+01 1.886506e+00
      vertex   8.116000e+00 -2.328500e+01 1.886506e+00
      vertex   9.040000e+00 -2.332449e+01 1.904923e+00
    endloop
  endfacet
  facet normal -2.182453e-16 4.226183e-01 9.063078e-01
    outer loop
      vertex   9.040000e+00 -2.328500e+01 1.886506e+00
      vertex   9.040000e+00 -2.332449e+01 1.904923e+00
      vertex   9.964000e+00 -2.332449e+01 1.904923e+00
    endloop
  endfacet
  facet normal -2.321197e-16 2.588190e-01 9.659258e-01
    outer loop
      vertex   9.964000e+00 -2.332449e+01 1.904923e+00
      vertex   9.040000e+00 -2.332449e+01 1.904923e+00
      vertex   9.964000e+00 -2.336659e+01 1.916202e+00
    endloop
  endfacet
  facet normal -4.639017e-16 2.588190e-01 9.659258e-01
    outer loop
      vertex   9.964000e+00 -2.332449e+01 1.904923e+00
      vertex   9.964000e+00 -2.336659e+01 1.916202e+00
      vertex   1.088800e+01 -2.336659e+01 1.916202e+00
    endloop
  endfacet
  facet normal -4.787871e-16 8.715574e-02 9.961947e-01
    outer loop
      vertex   1.088800e+01 -2.336659e+01 1.916202e+00
      vertex   9.964000e+00 -2.336659e+01 1.916202e+00
      vertex   1.366000e+01 -2.341000e+01 1.920000e+00
    endloop
  endfacet
  facet normal -3.034644e-16 9.063078e-01 4.226183e-01
    outer loop
      vertex   4.420000e+00 -2.317508e+01 1.755505e+00
      vertex   4.420000e+00 -2.319349e+01 1.795000e+00
      vertex   5.344000e+00 -2.319349e+01 1.795000e+00
    endloop
  endfacet
  facet normal -4.135050e-16 8.191520e-01 5.735764e-01
    outer loop
      vertex   5.344000e+00 -2.319349e+01 1.795000e+00
      vertex   4.420000e+00 -2.319349e+01 1.795000e+00
      vertex   5.344000e+00 -2.321849e+01 1.830697e+00
    endloop
  endfacet
  facet normal -2.763058e-16 8.191520e-01 5.735764e-01
    outer loop
      vertex   5.344000e+00 -2.319349e+01 1.795000e+00
      vertex   5.344000e+00 -2.321849e+01 1.830697e+00
      vertex   6.268000e+00 -2.321849e+01 1.830697e+00
    endloop
  endfacet
  facet normal -3.398469e-16 7.071068e-01 7.071068e-01
    outer loop
      vertex   6.268000e+00 -2.321849e+01 1.830697e+00
      vertex   5.344000e+00 -2.321849e+01 1.830697e+00
      vertex   6.268000e+00 -2.324930e+01 1.861511e+00
    endloop
  endfacet
  facet normal -1.695860e-16 7.071068e-01 7.071068e-01
    outer loop
      vertex   6.268000e+00 -2.321849e+01 1.830697e+00
      vertex   6.268000e+00 -2.324930e+01 1.861511e+00
      vertex   7.192000e+00 -2.324930e+01 1.861511e+00
    endloop
  endfacet
  facet normal -1.968488e-16 5.735764e-01 8.191520e-01
    outer loop
      vertex   7.192000e+00 -2.324930e+01 1.861511e+00
      vertex   6.268000e+00 -2.324930e+01 1.861511e+00
      vertex   7.192000e+00 -2.328500e+01 1.886506e+00
    endloop
  endfacet
  facet normal -3.944395e-16 5.735764e-01 8.191520e-01
    outer loop
      vertex   7.192000e+00 -2.324930e+01 1.861511e+00
      vertex   7.192000e+00 -2.328500e+01 1.886506e+00
      vertex   8.116000e+00 -2.328500e+01 1.886506e+00
    endloop
  endfacet
  facet normal -4.355860e-16 4.226183e-01 9.063078e-01
    outer loop
      vertex   8.116000e+00 -2.328500e+01 1.886506e+00
      vertex   7.192000e+00 -2.328500e+01 1.886506e+00
      vertex   8.116000e+00 -2.332449e+01 1.904923e+00
    endloop
  endfacet
  facet normal -4.522999e-19 4.226183e-01 9.063078e-01
    outer loop
      vertex   8.116000e+00 -2.328500e+01 1.886506e+00
      vertex   8.116000e+00 -2.332449e+01 1.904923e+00
      vertex   9.040000e+00 -2.332449e+01 1.904923e+00
    endloop
  endfacet
  facet normal 0.000000e+00 2.588190e-01 9.659258e-01
    outer loop
      vertex   9.040000e+00 -2.332449e+01 1.904923e+00
      vertex   8.116000e+00 -2.332449e+01 1.904923e+00
      vertex   9.040000e+00 -2.336659e+01 1.916202e+00
    endloop
  endfacet
  facet normal -2.317820e-16 2.588190e-01 9.659258e-01
    outer loop
      vertex   9.040000e+00 -2.332449e+01 1.904923e+00
      vertex   9.040000e+00 -2.336659e+01 1.916202e+00
      vertex   9.964000e+00 -2.336659e+01 1.916202e+00
    endloop
  endfacet
  facet normal -2.393936e-16 8.715574e-02 9.961947e-01
    outer loop
      vertex   9.964000e+00 -2.336659e+01 1.916202e+00
      vertex   9.040000e+00 -2.336659e+01 1.916202e+00
      vertex   1.366000e+01 -2.341000e+01 1.920000e+00
    endloop
  endfacet
  facet normal -5.514635e-16 8.191520e-01 5.735764e-01
    outer loop
      vertex   4.420000e+00 -2.319349e+01 1.795000e+00
      vertex   4.420000e+00 -2.321849e+01 1.830697e+00
      vertex   5.344000e+00 -2.321849e+01 1.830697e+00
    endloop
  endfacet
  facet normal -6.796937e-16 7.071068e-01 7.071068e-01
    outer loop
      vertex   5.344000e+00 -2.321849e+01 1.830697e+00
      vertex   4.420000e+00 -2.321849e+01 1.830697e+00
      vertex   5.344000e+00 -2.324930e+01 1.861511e+00
    endloop
  endfacet
  facet normal -3.395094e-16 7.071068e-01 7.071068e-01
    outer loop
      vertex   5.344000e+00 -2.321849e+01 1.830697e+00
      vertex   5.344000e+00 -2.324930e+01 1.861511e+00
      vertex   6.268000e+00 -2.324930e+01 1.861511e+00
    endloop
  endfacet
  facet normal -3.936976e-16 5.735764e-01 8.191520e-01
    outer loop
      vertex   6.268000e+00 -2.324930e+01 1.861511e+00
      vertex   5.344000e+00 -2.324930e+01 1.861511e+00
      vertex   6.268000e+00 -2.328500e+01 1.886506e+00
    endloop
  endfacet
  facet normal -1.975907e-16 5.735764e-01 8.191520e-01
    outer loop
      vertex   6.268000e+00 -2.324930e+01 1.861511e+00
      vertex   6.268000e+00 -2.328500e+01 1.886506e+00
      vertex   7.192000e+00 -2.328500e+01 1.886506e+00
    endloop
  endfacet
  facet normal -2.177930e-16 4.226183e-01 9.063078e-01
    outer loop
      vertex   7.192000e+00 -2.328500e+01 1.886506e+00
      vertex   6.268000e+00 -2.328500e+01 1.886506e+00
      vertex   7.192000e+00 -2.332449e+01 1.904923e+00
    endloop
  endfacet
  facet normal -4.360383e-16 4.226183e-01 9.063078e-01
    outer loop
      vertex   7.192000e+00 -2.328500e+01 1.886506e+00
      vertex   7.192000e+00 -2.332449e+01 1.904923e+00
      vertex   8.116000e+00 -2.332449e+01 1.904923e+00
    endloop
  endfacet
  facet normal -4.642394e-16 2.588190e-01 9.659258e-01
    outer loop
      vertex   8.116000e+00 -2.332449e+01 1.904923e+00
      vertex   7.192000e+00 -2.332449e+01 1.904923e+00
      vertex   8.116000e+00 -2.336659e+01 1.916202e+00
    endloop
  endfacet
  facet normal 3.377155e-19 2.588190e-01 9.659258e-01
    outer loop
      vertex   8.116000e+00 -2.332449e+01 1.904923e+00
      vertex   8.116000e+00 -2.336659e+01 1.916202e+00
      vertex   9.040000e+00 -2.336659e+01 1.916202e+00
    endloop
  endfacet
  facet normal 0.000000e+00 8.715574e-02 9.961947e-01
    outer loop
      vertex   9.040000e+00 -2.336659e+01 1.916202e+00
      vertex   8.116000e+00 -2.336659e+01 1.916202e+00
      vertex   4.420000e+00 -2.341000e+01 1.920000e+00
    endloop
  endfacet
  facet normal 2.303918e-21 8.715574e-02 9.961947e-01
    outer loop
      vertex   9.040000e+00 -2.336659e+01 1.916202e+00
      vertex   4.420000e+00 -2.341000e+01 1.920000e+00
      vertex   1.366000e+01 -2.341000e+01 1.920000e+00
    endloop
  endfacet
  facet normal -6.793563e-16 7.071068e-01 7.071068e-01
    outer loop
      vertex   4.420000e+00 -2.321849e+01 1.830697e+00
      vertex   4.420000e+00 -2.324930e+01 1.861511e+00
      vertex   5.344000e+00 -2.324930e+01 1.861511e+00
    endloop
  endfacet
  facet normal -7.873952e-16 5.735764e-01 8.191520e-01
    outer loop
      vertex   5.344000e+00 -2.324930e+01 1.861511e+00
      vertex   4.420000e+00 -2.324930e+01 1.861511e+00
      vertex   5.344000e+00 -2.328500e+01 1.886506e+00
    endloop
  endfacet
  facet normal -1.978794e-16 5.735764e-01 8.191520e-01
    outer loop
      vertex   5.344000e+00 -2.324930e+01 1.861511e+00
      vertex   5.344000e+00 -2.328500e+01 1.886506e+00
      vertex   6.268000e+00 -2.328500e+01 1.886506e+00
    endloop
  endfacet
  facet normal -2.177930e-16 4.226183e-01 9.063078e-01
    outer loop
      vertex   6.268000e+00 -2.328500e+01 1.886506e+00
      vertex   5.344000e+00 -2.328500e+01 1.886506e+00
      vertex   6.268000e+00 -2.332449e+01 1.904923e+00
    endloop
  endfacet
  facet normal -2.182453e-16 4.226183e-01 9.063078e-01
    outer loop
      vertex   6.268000e+00 -2.328500e+01 1.886506e+00
      vertex   6.268000e+00 -2.332449e+01 1.904923e+00
      vertex   7.192000e+00 -2.332449e+01 1.904923e+00
    endloop
  endfacet
  facet normal -2.321197e-16 2.588190e-01 9.659258e-01
    outer loop
      vertex   7.192000e+00 -2.332449e+01 1.904923e+00
      vertex   6.268000e+00 -2.332449e+01 1.904923e+00
      vertex   7.192000e+00 -2.336659e+01 1.916202e+00
    endloop
  endfacet
  facet normal -2.323379e-16 2.588190e-01 9.659258e-01
    outer loop
      vertex   7.192000e+00 -2.332449e+01 1.904923e+00
      vertex   7.192000e+00 -2.336659e+01 1.916202e+00
      vertex   8.116000e+00 -2.336659e+01 1.916202e+00
    endloop
  endfacet
  facet normal -2.393936e-16 8.715574e-02 9.961947e-01
    outer loop
      vertex   8.116000e+00 -2.336659e+01 1.916202e+00
      vertex   7.192000e+00 -2.336659e+01 1.916202e+00
      vertex   4.420000e+00 -2.341000e+01 1.920000e+00
    endloop
  endfacet
  facet normal 3.936268e-16 5.735764e-01 8.191520e-01
    outer loop
      vertex   4.420000e+00 -2.324930e+01 1.861511e+00
      vertex   4.420000e+00 -2.328500e+01 1.886506e+00
      vertex   5.344000e+00 -2.328500e+01 1.886506e+00
    endloop
  endfacet
  facet normal 4.355860e-16 4.226183e-01 9.063078e-01
    outer loop
      vertex   5.344000e+00 -2.328500e+01 1.886506e+00
      vertex   4.420000e+00 -2.328500e+01 1.886506e+00
      vertex   5.344000e+00 -2.332449e+01 1.904923e+00
    endloop
  endfacet
  facet normal -2.182453e-16 4.226183e-01 9.063078e-01
    outer loop
      vertex   5.344000e+00 -2.328500e+01 1.886506e+00
      vertex   5.344000e+00 -2.332449e+01 1.904923e+00
      vertex   6.268000e+00 -2.332449e+01 1.904923e+00
    endloop
  endfacet
  facet normal -2.321197e-16 2.588190e-01 9.659258e-01
    outer loop
      vertex   6.268000e+00 -2.332449e+01 1.904923e+00
      vertex   5.344000e+00 -2.332449e+01 1.904923e+00
      vertex   6.268000e+00 -2.336659e+01 1.916202e+00
    endloop
  endfacet
  facet normal -4.639017e-16 2.588190e-01 9.659258e-01
    outer loop
      vertex   6.268000e+00 -2.332449e+01 1.904923e+00
      vertex   6.268000e+00 -2.336659e+01 1.916202e+00
      vertex   7.192000e+00 -2.336659e+01 1.916202e+00
    endloop
  endfacet
  facet normal -4.787871e-16 8.715574e-02 9.961947e-01
    outer loop
      vertex   7.192000e+00 -2.336659e+01 1.916202e+00
      vertex   6.268000e+00 -2.336659e+01 1.916202e+00
      vertex   4.420000e+00 -2.341000e+01 1.920000e+00
    endloop
  endfacet
  facet normal -1.088879e-15 4.226183e-01 9.063078e-01
    outer loop
      vertex   4.420000e+00 -2.328500e+01 1.886506e+00
      vertex   4.420000e+00 -2.332449e+01 1.904923e+00
      vertex   5.344000e+00 -2.332449e+01 1.904923e+00
    endloop
  endfacet
  facet normal -1.160599e-15 2.588190e-01 9.659258e-01
    outer loop
      vertex   5.344000e+00 -2.332449e+01 1.904923e+00
      vertex   4.420000e+00 -2.332449e+01 1.904923e+00
      vertex   5.344000e+00 -2.336659e+01 1.916202e+00
    endloop
  endfacet
  facet normal -2.317820e-16 2.588190e-01 9.659258e-01
    outer loop
      vertex   5.344000e+00 -2.332449e+01 1.904923e+00
      vertex   5.344000e+00 -2.336659e+01 1.916202e+00
      vertex   6.268000e+00 -2.336659e+01 1.916202e+00
    endloop
  endfacet
  facet normal -2.393936e-16 8.715574e-02 9.961947e-01
    outer loop
      vertex   6.268000e+00 -2.336659e+01 1.916202e+00
      vertex   5.344000e+00 -2.336659e+01 1.916202e+00
      vertex   4.420000e+00 -2.341000e+01 1.920000e+00
    endloop
  endfacet
  facet normal -2.326592e-16 2.588190e-01 9.659258e-01
    outer loop
      vertex   4.420000e+00 -2.332449e+01 1.904923e+00
      vertex   4.420000e+00 -2.336659e+01 1.916202e+00
      vertex   5.344000e+00 -2.336659e+01 1.916202e+00
    endloop
  endfacet
  facet normal -2.393936e-16 8.715574e-02 9.961947e-01
    outer loop
      vertex   5.344000e+00 -2.336659e+01 1.916202e+00
      vertex   4.420000e+00 -2.336659e+01 1.916202e+00
      vertex   4.420000e+00 -2.341000e+01 1.920000e+00
    endloop
  endfacet
  facet normal 2.755466e-16 8.191520e-01 5.735764e-01
    outer loop
      vertex   1.366000e+01 -2.321849e+01 1.830697e+00
      vertex   1.366000e+01 -2.319349e+01 1.795000e+00
      vertex   1.273600e+01 -2.319349e+01 1.795000e+00
    endloop
  endfacet
  facet normal 2.031171e-16 9.063078e-01 4.226183e-01
    outer loop
      vertex   1.273600e+01 -2.319349e+01 1.795000e+00
      vertex   1.366000e+01 -2.319349e+01 1.795000e+00
      vertex   1.273600e+01 -2.317508e+01 1.755505e+00
    endloop
  endfacet
  facet normal -1.132536e-18 9.063078e-01 4.226183e-01
    outer loop
      vertex   1.273600e+01 -2.319349e+01 1.795000e+00
      vertex   1.273600e+01 -2.317508e+01 1.755505e+00
      vertex   1.181200e+01 -2.317508e+01 1.755505e+00
    endloop
  endfacet
  facet normal -0.000000e+00 9.659258e-01 2.588190e-01
    outer loop
      vertex   1.181200e+01 -2.317508e+01 1.755505e+00
      vertex   1.273600e+01 -2.317508e+01 1.755505e+00
      vertex   1.181200e+01 -2.316380e+01 1.713412e+00
    endloop
  endfacet
  facet normal -1.860227e-16 9.659258e-01 2.588190e-01
    outer loop
      vertex   1.181200e+01 -2.317508e+01 1.755505e+00
      vertex   1.181200e+01 -2.316380e+01 1.713412e+00
      vertex   1.088800e+01 -2.316380e+01 1.713412e+00
    endloop
  endfacet
  facet normal -6.283267e-17 9.961947e-01 8.715574e-02
    outer loop
      vertex   1.088800e+01 -2.316380e+01 1.713412e+00
      vertex   1.181200e+01 -2.316380e+01 1.713412e+00
      vertex   1.366000e+01 -2.316000e+01 1.670000e+00
    endloop
  endfacet
  facet normal -2.019058e-16 9.063078e-01 4.226183e-01
    outer loop
      vertex   1.366000e+01 -2.319349e+01 1.795000e+00
      vertex   1.366000e+01 -2.317508e+01 1.755505e+00
      vertex   1.273600e+01 -2.317508e+01 1.755505e+00
    endloop
  endfacet
  facet normal -1.243926e-16 9.659258e-01 2.588190e-01
    outer loop
      vertex   1.273600e+01 -2.317508e+01 1.755505e+00
      vertex   1.366000e+01 -2.317508e+01 1.755505e+00
      vertex   1.273600e+01 -2.316380e+01 1.713412e+00
    endloop
  endfacet
  facet normal 5.661982e-19 9.659258e-01 2.588190e-01
    outer loop
      vertex   1.273600e+01 -2.317508e+01 1.755505e+00
      vertex   1.273600e+01 -2.316380e+01 1.713412e+00
      vertex   1.181200e+01 -2.316380e+01 1.713412e+00
    endloop
  endfacet
  facet normal -0.000000e+00 9.961947e-01 8.715574e-02
    outer loop
      vertex   1.181200e+01 -2.316380e+01 1.713412e+00
      vertex   1.273600e+01 -2.316380e+01 1.713412e+00
      vertex   1.366000e+01 -2.316000e+01 1.670000e+00
    endloop
  endfacet
  facet normal -6.189652e-17 9.659258e-01 2.588190e-01
    outer loop
      vertex   1.366000e+01 -2.317508e+01 1.755505e+00
      vertex   1.366000e+01 -2.316380e+01 1.713412e+00
      vertex   1.273600e+01 -2.316380e+01 1.713412e+00
    endloop
  endfacet
  facet normal -2.094422e-17 9.961947e-01 8.715574e-02
    outer loop
      vertex   1.273600e+01 -2.316380e+01 1.713412e+00
      vertex   1.366000e+01 -2.316380e+01 1.713412e+00
      vertex   1.366000e+01 -2.316000e+01 1.670000e+00
    endloop
  endfacet
  facet normal -6.219629e-17 9.659258e-01 2.588190e-01
    outer loop
      vertex   7.192000e+00 -2.317508e+01 1.755505e+00
      vertex   6.268000e+00 -2.316380e+01 1.713412e+00
      vertex   6.268000e+00 -2.317508e+01 1.755505e+00
    endloop
  endfacet
  facet normal -6.163009e-17 9.659258e-01 2.588190e-01
    outer loop
      vertex   6.268000e+00 -2.317508e+01 1.755505e+00
      vertex   6.268000e+00 -2.316380e+01 1.713412e+00
      vertex   5.344000e+00 -2.316380e+01 1.713412e+00
    endloop
  endfacet
  facet normal 0.000000e+00 9.961947e-01 8.715571e-02
    outer loop
      vertex   9.040000e+00 -2.316380e+01 1.713412e+00
      vertex   4.420000e+00 -2.316000e+01 1.670000e+00
      vertex   8.116000e+00 -2.316380e+01 1.713412e+00
    endloop
  endfacet
  facet normal -2.094422e-17 9.961947e-01 8.715571e-02
    outer loop
      vertex   8.116000e+00 -2.316380e+01 1.713412e+00
      vertex   4.420000e+00 -2.316000e+01 1.670000e+00
      vertex   7.192000e+00 -2.316380e+01 1.713412e+00
    endloop
  endfacet
  facet normal -6.219629e-17 9.659258e-01 2.588190e-01
    outer loop
      vertex   8.116000e+00 -2.316380e+01 1.713412e+00
      vertex   7.192000e+00 -2.316380e+01 1.713412e+00
      vertex   8.116000e+00 -2.317508e+01 1.755505e+00
    endloop
  endfacet
  facet normal 0.000000e+00 9.659258e-01 2.588190e-01
    outer loop
      vertex   9.040000e+00 -2.316380e+01 1.713412e+00
      vertex   8.116000e+00 -2.316380e+01 1.713412e+00
      vertex   9.040000e+00 -2.317508e+01 1.755505e+00
    endloop
  endfacet
  facet normal 0.000000e+00 9.659258e-01 2.588190e-01
    outer loop
      vertex   9.040000e+00 -2.317508e+01 1.755505e+00
      vertex   8.116000e+00 -2.316380e+01 1.713412e+00
      vertex   8.116000e+00 -2.317508e+01 1.755505e+00
    endloop
  endfacet
  facet normal 0.000000e+00 9.063078e-01 4.226183e-01
    outer loop
      vertex   9.040000e+00 -2.317508e+01 1.755505e+00
      vertex   8.116000e+00 -2.317508e+01 1.755505e+00
      vertex   9.040000e+00 -2.319349e+01 1.795000e+00
    endloop
  endfacet
  facet normal -1.243926e-16 9.659258e-01 2.588190e-01
    outer loop
      vertex   9.964000e+00 -2.316380e+01 1.713412e+00
      vertex   9.040000e+00 -2.316380e+01 1.713412e+00
      vertex   9.964000e+00 -2.317508e+01 1.755505e+00
    endloop
  endfacet
  facet normal -6.219629e-17 9.659258e-01 2.588190e-01
    outer loop
      vertex   9.964000e+00 -2.317508e+01 1.755505e+00
      vertex   9.040000e+00 -2.316380e+01 1.713412e+00
      vertex   9.040000e+00 -2.317508e+01 1.755505e+00
    endloop
  endfacet
  facet normal -1.015586e-16 9.063078e-01 4.226183e-01
    outer loop
      vertex   9.964000e+00 -2.317508e+01 1.755505e+00
      vertex   9.040000e+00 -2.317508e+01 1.755505e+00
      vertex   9.964000e+00 -2.319349e+01 1.795000e+00
    endloop
  endfacet
  facet normal -1.015586e-16 9.063078e-01 4.226183e-01
    outer loop
      vertex   9.964000e+00 -2.319349e+01 1.795000e+00
      vertex   9.040000e+00 -2.317508e+01 1.755505e+00
      vertex   9.040000e+00 -2.319349e+01 1.795000e+00
    endloop
  endfacet
  facet normal -1.378350e-16 8.191520e-01 5.735764e-01
    outer loop
      vertex   9.964000e+00 -2.319349e+01 1.795000e+00
      vertex   9.040000e+00 -2.319349e+01 1.795000e+00
      vertex   9.964000e+00 -2.321849e+01 1.830697e+00
    endloop
  endfacet
  facet normal -2.031171e-16 9.063078e-01 4.226183e-01
    outer loop
      vertex   8.116000e+00 -2.319349e+01 1.795000e+00
      vertex   7.192000e+00 -2.317508e+01 1.755505e+00
      vertex   7.192000e+00 -2.319349e+01 1.795000e+00
    endloop
  endfacet
  facet normal -1.019307e-16 9.063078e-01 4.226183e-01
    outer loop
      vertex   7.192000e+00 -2.319349e+01 1.795000e+00
      vertex   7.192000e+00 -2.317508e+01 1.755505e+00
      vertex   6.268000e+00 -2.317508e+01 1.755505e+00
    endloop
  endfacet
  facet normal -1.860227e-16 9.659258e-01 2.588190e-01
    outer loop
      vertex   9.964000e+00 -2.316380e+01 1.713412e+00
      vertex   9.964000e+00 -2.317508e+01 1.755505e+00
      vertex   1.088800e+01 -2.317508e+01 1.755505e+00
    endloop
  endfacet
  facet normal -3.046757e-16 9.063078e-01 4.226183e-01
    outer loop
      vertex   1.088800e+01 -2.317508e+01 1.755505e+00
      vertex   9.964000e+00 -2.317508e+01 1.755505e+00
      vertex   1.088800e+01 -2.319349e+01 1.795000e+00
    endloop
  endfacet
  facet normal -2.023174e-16 9.063078e-01 4.226183e-01
    outer loop
      vertex   1.088800e+01 -2.317508e+01 1.755505e+00
      vertex   1.088800e+01 -2.319349e+01 1.795000e+00
      vertex   1.181200e+01 -2.319349e+01 1.795000e+00
    endloop
  endfacet
  facet normal -2.756700e-16 8.191520e-01 5.735764e-01
    outer loop
      vertex   1.181200e+01 -2.319349e+01 1.795000e+00
      vertex   1.088800e+01 -2.319349e+01 1.795000e+00
      vertex   1.181200e+01 -2.321849e+01 1.830697e+00
    endloop
  endfacet
  facet normal -1.234748e-19 8.191520e-01 5.735764e-01
    outer loop
      vertex   1.181200e+01 -2.319349e+01 1.795000e+00
      vertex   1.181200e+01 -2.321849e+01 1.830697e+00
      vertex   1.273600e+01 -2.321849e+01 1.830697e+00
    endloop
  endfacet
  facet normal 0.000000e+00 7.071068e-01 7.071068e-01
    outer loop
      vertex   1.273600e+01 -2.321849e+01 1.830697e+00
      vertex   1.181200e+01 -2.321849e+01 1.830697e+00
      vertex   1.273600e+01 -2.324930e+01 1.861511e+00
    endloop
  endfacet
  facet normal -1.015586e-16 9.063078e-01 4.226183e-01
    outer loop
      vertex   1.088800e+01 -2.319349e+01 1.795000e+00
      vertex   9.964000e+00 -2.317508e+01 1.755505e+00
      vertex   9.964000e+00 -2.319349e+01 1.795000e+00
    endloop
  endfacet
  facet normal 0.000000e+00 8.191520e-01 5.735764e-01
    outer loop
      vertex   9.040000e+00 -2.321849e+01 1.830697e+00
      vertex   8.116000e+00 -2.319349e+01 1.795000e+00
      vertex   8.116000e+00 -2.321849e+01 1.830697e+00
    endloop
  endfacet
  facet normal -2.757935e-16 8.191520e-01 5.735764e-01
    outer loop
      vertex   8.116000e+00 -2.321849e+01 1.830697e+00
      vertex   8.116000e+00 -2.319349e+01 1.795000e+00
      vertex   7.192000e+00 -2.319349e+01 1.795000e+00
    endloop
  endfacet
  facet normal -1.378350e-16 8.191520e-01 5.735764e-01
    outer loop
      vertex   1.088800e+01 -2.319349e+01 1.795000e+00
      vertex   9.964000e+00 -2.319349e+01 1.795000e+00
      vertex   1.088800e+01 -2.321849e+01 1.830697e+00
    endloop
  endfacet
  facet normal -1.378350e-16 8.191520e-01 5.735764e-01
    outer loop
      vertex   1.088800e+01 -2.321849e+01 1.830697e+00
      vertex   9.964000e+00 -2.319349e+01 1.795000e+00
      vertex   9.964000e+00 -2.321849e+01 1.830697e+00
    endloop
  endfacet
  facet normal -1.699234e-16 7.071068e-01 7.071068e-01
    outer loop
      vertex   1.088800e+01 -2.321849e+01 1.830697e+00
      vertex   9.964000e+00 -2.321849e+01 1.830697e+00
      vertex   1.088800e+01 -2.324930e+01 1.861511e+00
    endloop
  endfacet
  facet normal -3.398469e-16 7.071068e-01 7.071068e-01
    outer loop
      vertex   9.964000e+00 -2.324930e+01 1.861511e+00
      vertex   9.040000e+00 -2.321849e+01 1.830697e+00
      vertex   9.040000e+00 -2.324930e+01 1.861511e+00
    endloop
  endfacet
  facet normal 3.374190e-19 7.071068e-01 7.071068e-01
    outer loop
      vertex   9.040000e+00 -2.324930e+01 1.861511e+00
      vertex   9.040000e+00 -2.321849e+01 1.830697e+00
      vertex   8.116000e+00 -2.321849e+01 1.830697e+00
    endloop
  endfacet
  facet normal -1.384708e-16 8.191520e-01 5.735764e-01
    outer loop
      vertex   1.088800e+01 -2.319349e+01 1.795000e+00
      vertex   1.088800e+01 -2.321849e+01 1.830697e+00
      vertex   1.181200e+01 -2.321849e+01 1.830697e+00
    endloop
  endfacet
  facet normal -1.699234e-16 7.071068e-01 7.071068e-01
    outer loop
      vertex   1.181200e+01 -2.321849e+01 1.830697e+00
      vertex   1.088800e+01 -2.321849e+01 1.830697e+00
      vertex   1.181200e+01 -2.324930e+01 1.861511e+00
    endloop
  endfacet
  facet normal 3.374190e-19 7.071068e-01 7.071068e-01
    outer loop
      vertex   1.181200e+01 -2.321849e+01 1.830697e+00
      vertex   1.181200e+01 -2.324930e+01 1.861511e+00
      vertex   1.273600e+01 -2.324930e+01 1.861511e+00
    endloop
  endfacet
  facet normal 0.000000e+00 5.735764e-01 8.191520e-01
    outer loop
      vertex   1.273600e+01 -2.324930e+01 1.861511e+00
      vertex   1.181200e+01 -2.324930e+01 1.861511e+00
      vertex   1.273600e+01 -2.328500e+01 1.886506e+00
    endloop
  endfacet
  facet normal -1.699234e-16 7.071068e-01 7.071068e-01
    outer loop
      vertex   1.181200e+01 -2.324930e+01 1.861511e+00
      vertex   1.088800e+01 -2.321849e+01 1.830697e+00
      vertex   1.088800e+01 -2.324930e+01 1.861511e+00
    endloop
  endfacet
  facet normal -1.968488e-16 5.735764e-01 8.191520e-01
    outer loop
      vertex   1.088800e+01 -2.328500e+01 1.886506e+00
      vertex   9.964000e+00 -2.324930e+01 1.861511e+00
      vertex   9.964000e+00 -2.328500e+01 1.886506e+00
    endloop
  endfacet
  facet normal -3.944395e-16 5.735764e-01 8.191520e-01
    outer loop
      vertex   9.964000e+00 -2.328500e+01 1.886506e+00
      vertex   9.964000e+00 -2.324930e+01 1.861511e+00
      vertex   9.040000e+00 -2.324930e+01 1.861511e+00
    endloop
  endfacet
  facet normal 0.000000e+00 5.735764e-01 8.191520e-01
    outer loop
      vertex   1.273600e+01 -2.328500e+01 1.886506e+00
      vertex   1.181200e+01 -2.324930e+01 1.861511e+00
      vertex   1.181200e+01 -2.328500e+01 1.886506e+00
    endloop
  endfacet
  facet normal -1.975907e-16 5.735764e-01 8.191520e-01
    outer loop
      vertex   1.181200e+01 -2.328500e+01 1.886506e+00
      vertex   1.181200e+01 -2.324930e+01 1.861511e+00
      vertex   1.088800e+01 -2.324930e+01 1.861511e+00
    endloop
  endfacet
  facet normal -4.355860e-16 4.226183e-01 9.063078e-01
    outer loop
      vertex   1.181200e+01 -2.332449e+01 1.904923e+00
      vertex   1.088800e+01 -2.328500e+01 1.886506e+00
      vertex   1.088800e+01 -2.332449e+01 1.904923e+00
    endloop
  endfacet
  facet normal -2.182453e-16 4.226183e-01 9.063078e-01
    outer loop
      vertex   1.088800e+01 -2.332449e+01 1.904923e+00
      vertex   1.088800e+01 -2.328500e+01 1.886506e+00
      vertex   9.964000e+00 -2.328500e+01 1.886506e+00
    endloop
  endfacet
  facet normal -1.444994e-19 4.226183e-01 9.063078e-01
    outer loop
      vertex   1.273600e+01 -2.332449e+01 1.904923e+00
      vertex   1.273600e+01 -2.328500e+01 1.886506e+00
      vertex   1.181200e+01 -2.328500e+01 1.886506e+00
    endloop
  endfacet
  facet normal 0.000000e+00 2.588190e-01 9.659258e-01
    outer loop
      vertex   1.273600e+01 -2.336659e+01 1.916202e+00
      vertex   1.181200e+01 -2.332449e+01 1.904923e+00
      vertex   1.181200e+01 -2.336659e+01 1.916202e+00
    endloop
  endfacet
  facet normal -4.639017e-16 2.588190e-01 9.659258e-01
    outer loop
      vertex   1.181200e+01 -2.336659e+01 1.916202e+00
      vertex   1.181200e+01 -2.332449e+01 1.904923e+00
      vertex   1.088800e+01 -2.332449e+01 1.904923e+00
    endloop
  endfacet
  facet normal 0.000000e+00 1.000000e+00 -0.000000e+00
    outer loop
      vertex   5.040000e+01 -9.000000e+00 4.440892e-15
      vertex   0.000000e+00 -9.000000e+00 0.000000e+00
      vertex   5.040000e+01 -9.000000e+00 8.000000e-02
    endloop
  endfacet
  facet normal 0.000000e+00 1.000000e+00 0.000000e+00
    outer loop
      vertex   5.040000e+01 -9.000000e+00 8.000000e-02
      vertex   0.000000e+00 -9.000000e+00 0.000000e+00
      vertex   0.000000e+00 -9.000000e+00 8.000000e-02
    endloop
  endfacet
  facet normal 1.000000e+00 -7.113706e-24 1.063687e-15
    outer loop
      vertex   4.420000e+00 -2.316000e+01 -4.494190e-08
      vertex   4.420000e+00 -1.644000e+01 0.000000e+00
      vertex   4.420000e+00 -2.316000e+01 1.670000e+00
    endloop
  endfacet
  facet normal 1.000000e+00 -2.702138e-16 -2.364063e-17
    outer loop
      vertex   4.420000e+00 -2.316000e+01 1.670000e+00
      vertex   4.420000e+00 -1.644000e+01 0.000000e+00
      vertex   4.420000e+00 -2.316380e+01 1.713412e+00
    endloop
  endfacet
  facet normal 1.000000e+00 -2.835506e-16 -7.597716e-17
    outer loop
      vertex   4.420000e+00 -2.316380e+01 1.713412e+00
      vertex   4.420000e+00 -1.644000e+01 0.000000e+00
      vertex   4.420000e+00 -2.317508e+01 1.755505e+00
    endloop
  endfacet
  facet normal 1.000000e+00 -1.339314e-16 4.980440e-16
    outer loop
      vertex   4.420000e+00 -2.317508e+01 1.755505e+00
      vertex   4.420000e+00 -1.644000e+01 0.000000e+00
      vertex   4.420000e+00 -1.644000e+01 5.350000e+00
    endloop
  endfacet
  facet normal 1.000000e+00 1.055945e-16 4.923953e-17
    outer loop
      vertex   4.420000e+00 -2.317508e+01 1.755505e+00
      vertex   4.420000e+00 -1.644000e+01 5.350000e+00
      vertex   4.420000e+00 -2.319349e+01 1.795000e+00
    endloop
  endfacet
  facet normal 1.000000e+00 1.326144e-16 -2.090636e-18
    outer loop
      vertex   4.420000e+00 -2.319349e+01 1.795000e+00
      vertex   4.420000e+00 -1.644000e+01 5.350000e+00
      vertex   4.420000e+00 -2.316000e+01 3.919588e+00
    endloop
  endfacet
  facet normal 1.000000e+00 0.000000e+00 -0.000000e+00
    outer loop
      vertex   4.420000e+00 -2.319349e+01 1.795000e+00
      vertex   4.420000e+00 -2.316000e+01 3.919588e+00
      vertex   4.420000e+00 -2.321849e+01 1.830697e+00
    endloop
  endfacet
  facet normal 1.000000e+00 0.000000e+00 -0.000000e+00
    outer loop
      vertex   4.420000e+00 -2.321849e+01 1.830697e+00
      vertex   4.420000e+00 -2.316000e+01 3.919588e+00
      vertex   4.420000e+00 -2.324930e+01 1.861511e+00
    endloop
  endfacet
  facet normal 1.000000e+00 0.000000e+00 -0.000000e+00
    outer loop
      vertex   4.420000e+00 -2.324930e+01 1.861511e+00
      vertex   4.420000e+00 -2.316000e+01 3.919588e+00
      vertex   4.420000e+00 -2.328500e+01 1.886506e+00
    endloop
  endfacet
  facet normal 1.000000e+00 0.000000e+00 -0.000000e+00
    outer loop
      vertex   4.420000e+00 -2.328500e+01 1.886506e+00
      vertex   4.420000e+00 -2.316000e+01 3.919588e+00
      vertex   4.420000e+00 -2.332449e+01 1.904923e+00
    endloop
  endfacet
  facet normal 1.000000e+00 0.000000e+00 -0.000000e+00
    outer loop
      vertex   4.420000e+00 -2.332449e+01 1.904923e+00
      vertex   4.420000e+00 -2.316000e+01 3.919588e+00
      vertex   4.420000e+00 -2.336659e+01 1.916202e+00
    endloop
  endfacet
  facet normal 1.000000e+00 0.000000e+00 -0.000000e+00
    outer loop
      vertex   4.420000e+00 -2.336659e+01 1.916202e+00
      vertex   4.420000e+00 -2.316000e+01 3.919588e+00
      vertex   4.420000e+00 -2.341000e+01 1.920000e+00
    endloop
  endfacet
  facet normal 1.000000e+00 0.000000e+00 -0.000000e+00
    outer loop
      vertex   4.420000e+00 -2.341000e+01 1.920000e+00
      vertex   4.420000e+00 -2.316000e+01 3.919588e+00
      vertex   4.420000e+00 -2.379277e+01 2.000000e+00
    endloop
  endfacet
  facet normal 1.000000e+00 0.000000e+00 0.000000e+00
    outer loop
      vertex   4.420000e+00 -2.341000e+01 1.920000e+00
      vertex   4.420000e+00 -2.379277e+01 2.000000e+00
      vertex   4.420000e+00 -2.379277e+01 1.920000e+00
    endloop
  endfacet
  facet normal 1.000000e+00 -2.511219e-15 1.241850e-14
    outer loop
      vertex   4.420000e+00 -1.644000e+01 5.350000e+00
      vertex   4.420000e+00 -2.316000e+01 5.350000e+00
      vertex   4.420000e+00 -2.316000e+01 3.919588e+00
    endloop
  endfacet
  facet normal -0.000000e+00 -1.000000e+00 -0.000000e+00
    outer loop
      vertex   6.420000e+00 -1.644000e+01 5.350000e+00
      vertex   4.420000e+00 -1.644000e+01 5.350000e+00
      vertex   6.420000e+00 -1.644000e+01 0.000000e+00
    endloop
  endfacet
  facet normal 0.000000e+00 -1.000000e+00 0.000000e+00
    outer loop
      vertex   6.420000e+00 -1.644000e+01 0.000000e+00
      vertex   4.420000e+00 -1.644000e+01 5.350000e+00
      vertex   4.420000e+00 -1.644000e+01 0.000000e+00
    endloop
  endfacet
  facet normal 1.000000e+00 -2.758318e-16 0.000000e+00
    outer loop
      vertex   6.420000e+00 -1.000000e+01 5.350000e+00
      vertex   6.420000e+00 -1.644000e+01 5.350000e+00
      vertex   6.420000e+00 -1.000000e+01 3.919588e+00
    endloop
  endfacet
  facet normal 1.000000e+00 -1.652094e-16 4.980440e-16
    outer loop
      vertex   6.420000e+00 -1.000000e+01 3.919588e+00
      vertex   6.420000e+00 -1.644000e+01 5.350000e+00
      vertex   6.420000e+00 -1.644000e+01 0.000000e+00
    endloop
  endfacet
  facet normal 1.000000e+00 1.374762e-16 7.224039e-19
    outer loop
      vertex   6.420000e+00 -1.000000e+01 3.919588e+00
      vertex   6.420000e+00 -1.644000e+01 0.000000e+00
      vertex   6.420000e+00 -9.986603e+00 1.370000e+00
    endloop
  endfacet
  facet normal 1.000000e+00 1.527509e-16 -7.122890e-17
    outer loop
      vertex   6.420000e+00 -9.986603e+00 1.370000e+00
      vertex   6.420000e+00 -1.644000e+01 0.000000e+00
      vertex   6.420000e+00 -9.993969e+00 1.354202e+00
    endloop
  endfacet
  facet normal 1.000000e+00 1.460058e-16 -3.912213e-17
    outer loop
      vertex   6.420000e+00 -9.993969e+00 1.354202e+00
      vertex   6.420000e+00 -1.644000e+01 0.000000e+00
      vertex   6.420000e+00 -9.998481e+00 1.337365e+00
    endloop
  endfacet
  facet normal 1.000000e+00 1.404342e-16 -1.228640e-17
    outer loop
      vertex   6.420000e+00 -9.998481e+00 1.337365e+00
      vertex   6.420000e+00 -1.644000e+01 0.000000e+00
      vertex   6.420000e+00 -1.000000e+01 1.320000e+00
    endloop
  endfacet
  facet normal 1.000000e+00 0.000000e+00 6.728624e-16
    outer loop
      vertex   6.420000e+00 -1.000000e+01 1.320000e+00
      vertex   6.420000e+00 -1.644000e+01 0.000000e+00
      vertex   6.420000e+00 -1.000000e+01 0.000000e+00
    endloop
  endfacet
  facet normal 1.000000e+00 0.000000e+00 -0.000000e+00
    outer loop
      vertex   6.420000e+00 -9.986603e+00 1.370000e+00
      vertex   6.420000e+00 -9.976604e+00 1.384279e+00
      vertex   6.420000e+00 -1.000000e+01 3.919588e+00
    endloop
  endfacet
  facet normal 1.000000e+00 0.000000e+00 0.000000e+00
    outer loop
      vertex   6.420000e+00 -1.000000e+01 3.919588e+00
      vertex   6.420000e+00 -9.976604e+00 1.384279e+00
      vertex   6.420000e+00 -9.964279e+00 1.396604e+00
    endloop
  endfacet
  facet normal 1.000000e+00 0.000000e+00 0.000000e+00
    outer loop
      vertex   6.420000e+00 -1.000000e+01 3.919588e+00
      vertex   6.420000e+00 -9.964279e+00 1.396604e+00
      vertex   6.420000e+00 -9.950000e+00 1.406603e+00
    endloop
  endfacet
  facet normal 1.000000e+00 0.000000e+00 -0.000000e+00
    outer loop
      vertex   6.420000e+00 -9.950000e+00 1.406603e+00
      vertex   6.420000e+00 -9.934202e+00 1.413969e+00
      vertex   6.420000e+00 -1.000000e+01 3.919588e+00
    endloop
  endfacet
  facet normal 1.000000e+00 0.000000e+00 0.000000e+00
    outer loop
      vertex   6.420000e+00 -1.000000e+01 3.919588e+00
      vertex   6.420000e+00 -9.934202e+00 1.413969e+00
      vertex   6.420000e+00 -9.917365e+00 1.418481e+00
    endloop
  endfacet
  facet normal 1.000000e+00 0.000000e+00 0.000000e+00
    outer loop
      vertex   6.420000e+00 -1.000000e+01 3.919588e+00
      vertex   6.420000e+00 -9.917365e+00 1.418481e+00
      vertex   6.420000e+00 -9.900000e+00 1.420000e+00
    endloop
  endfacet
  facet normal 1.000000e+00 0.000000e+00 0.000000e+00
    outer loop
      vertex   6.420000e+00 -1.000000e+01 3.919588e+00
      vertex   6.420000e+00 -9.900000e+00 1.420000e+00
      vertex   6.420000e+00 -9.219322e+00 1.551307e+00
    endloop
  endfacet
  facet normal 1.000000e+00 0.000000e+00 0.000000e+00
    outer loop
      vertex   6.420000e+00 -9.219322e+00 1.551307e+00
      vertex   6.420000e+00 -9.900000e+00 1.420000e+00
      vertex   6.420000e+00 -9.314296e+00 1.420000e+00
    endloop
  endfacet
  facet normal 1.000000e+00 0.000000e+00 0.000000e+00
    outer loop
      vertex   6.420000e+00 -9.219322e+00 1.551307e+00
      vertex   6.420000e+00 -9.314296e+00 1.420000e+00
      vertex   6.420000e+00 -9.215369e+00 1.534615e+00
    endloop
  endfacet
  facet normal 1.000000e+00 0.000000e+00 0.000000e+00
    outer loop
      vertex   6.420000e+00 -9.215369e+00 1.534615e+00
      vertex   6.420000e+00 -9.314296e+00 1.420000e+00
      vertex   6.420000e+00 -9.214327e+00 1.517493e+00
    endloop
  endfacet
  facet normal 1.000000e+00 0.000000e+00 0.000000e+00
    outer loop
      vertex   6.420000e+00 -9.214327e+00 1.517493e+00
      vertex   6.420000e+00 -9.314296e+00 1.420000e+00
      vertex   6.420000e+00 -9.216226e+00 1.500445e+00
    endloop
  endfacet
  facet normal 1.000000e+00 0.000000e+00 0.000000e+00
    outer loop
      vertex   6.420000e+00 -9.216226e+00 1.500445e+00
      vertex   6.420000e+00 -9.314296e+00 1.420000e+00
      vertex   6.420000e+00 -9.221011e+00 1.483972e+00
    endloop
  endfacet
  facet normal 1.000000e+00 0.000000e+00 0.000000e+00
    outer loop
      vertex   6.420000e+00 -9.221011e+00 1.483972e+00
      vertex   6.420000e+00 -9.314296e+00 1.420000e+00
      vertex   6.420000e+00 -9.228541e+00 1.468560e+00
    endloop
  endfacet
  facet normal 1.000000e+00 0.000000e+00 0.000000e+00
    outer loop
      vertex   6.420000e+00 -9.228541e+00 1.468560e+00
      vertex   6.420000e+00 -9.314296e+00 1.420000e+00
      vertex   6.420000e+00 -9.238594e+00 1.454660e+00
    endloop
  endfacet
  facet normal 1.000000e+00 0.000000e+00 0.000000e+00
    outer loop
      vertex   6.420000e+00 -9.238594e+00 1.454660e+00
      vertex   6.420000e+00 -9.314296e+00 1.420000e+00
      vertex   6.420000e+00 -9.250874e+00 1.442684e+00
    endloop
  endfacet
  facet normal 1.000000e+00 0.000000e+00 0.000000e+00
    outer loop
      vertex   6.420000e+00 -9.250874e+00 1.442684e+00
      vertex   6.420000e+00 -9.314296e+00 1.420000e+00
      vertex   6.420000e+00 -9.265021e+00 1.432983e+00
    endloop
  endfacet
  facet normal 1.000000e+00 0.000000e+00 0.000000e+00
    outer loop
      vertex   6.420000e+00 -9.265021e+00 1.432983e+00
      vertex   6.420000e+00 -9.314296e+00 1.420000e+00
      vertex   6.420000e+00 -9.280618e+00 1.425842e+00
    endloop
  endfacet
  facet normal 1.000000e+00 0.000000e+00 0.000000e+00
    outer loop
      vertex   6.420000e+00 -9.280618e+00 1.425842e+00
      vertex   6.420000e+00 -9.314296e+00 1.420000e+00
      vertex   6.420000e+00 -9.297205e+00 1.421471e+00
    endloop
  endfacet
  facet normal 0.000000e+00 -1.000000e+00 0.000000e+00
    outer loop
      vertex   6.420000e+00 -1.000000e+01 1.320000e+00
      vertex   6.420000e+00 -1.000000e+01 0.000000e+00
      vertex   1.366000e+01 -1.000000e+01 1.320000e+00
    endloop
  endfacet
  facet normal 0.000000e+00 -1.000000e+00 -0.000000e+00
    outer loop
      vertex   1.366000e+01 -1.000000e+01 1.320000e+00
      vertex   6.420000e+00 -1.000000e+01 0.000000e+00
      vertex   1.366000e+01 -1.000000e+01 2.220446e-15
    endloop
  endfacet
  facet normal -1.000000e+00 -0.000000e+00 0.000000e+00
    outer loop
      vertex   1.366000e+01 -9.215369e+00 1.534615e+00
      vertex   1.366000e+01 -9.900000e+00 1.420000e+00
      vertex   1.366000e+01 -9.219322e+00 1.551307e+00
    endloop
  endfacet
  facet normal -1.000000e+00 0.000000e+00 0.000000e+00
    outer loop
      vertex   1.366000e+01 -9.219322e+00 1.551307e+00
      vertex   1.366000e+01 -9.900000e+00 1.420000e+00
      vertex   1.366000e+01 -9.917365e+00 1.418481e+00
    endloop
  endfacet
  facet normal -1.000000e+00 -0.000000e+00 0.000000e+00
    outer loop
      vertex   1.366000e+01 -9.219322e+00 1.551307e+00
      vertex   1.366000e+01 -9.917365e+00 1.418481e+00
      vertex   1.366000e+01 -1.000000e+01 3.919588e+00
    endloop
  endfacet
  facet normal -1.000000e+00 0.000000e+00 0.000000e+00
    outer loop
      vertex   1.366000e+01 -1.000000e+01 3.919588e+00
      vertex   1.366000e+01 -9.917365e+00 1.418481e+00
      vertex   1.366000e+01 -9.934202e+00 1.413969e+00
    endloop
  endfacet
  facet normal -1.000000e+00 0.000000e+00 0.000000e+00
    outer loop
      vertex   1.366000e+01 -1.000000e+01 3.919588e+00
      vertex   1.366000e+01 -9.934202e+00 1.413969e+00
      vertex   1.366000e+01 -9.950000e+00 1.406603e+00
    endloop
  endfacet
  facet normal -1.000000e+00 0.000000e+00 -0.000000e+00
    outer loop
      vertex   1.366000e+01 -9.215369e+00 1.534615e+00
      vertex   1.366000e+01 -9.214327e+00 1.517493e+00
      vertex   1.366000e+01 -9.900000e+00 1.420000e+00
    endloop
  endfacet
  facet normal -1.000000e+00 0.000000e+00 0.000000e+00
    outer loop
      vertex   1.366000e+01 -9.900000e+00 1.420000e+00
      vertex   1.366000e+01 -9.214327e+00 1.517493e+00
      vertex   1.366000e+01 -9.216226e+00 1.500445e+00
    endloop
  endfacet
  facet normal -1.000000e+00 0.000000e+00 0.000000e+00
    outer loop
      vertex   1.366000e+01 -9.900000e+00 1.420000e+00
      vertex   1.366000e+01 -9.216226e+00 1.500445e+00
      vertex   1.366000e+01 -9.314296e+00 1.420000e+00
    endloop
  endfacet
  facet normal -1.000000e+00 0.000000e+00 0.000000e+00
    outer loop
      vertex   1.366000e+01 -9.314296e+00 1.420000e+00
      vertex   1.366000e+01 -9.216226e+00 1.500445e+00
      vertex   1.366000e+01 -9.221011e+00 1.483972e+00
    endloop
  endfacet
  facet normal -1.000000e+00 0.000000e+00 0.000000e+00
    outer loop
      vertex   1.366000e+01 -9.314296e+00 1.420000e+00
      vertex   1.366000e+01 -9.221011e+00 1.483972e+00
      vertex   1.366000e+01 -9.228541e+00 1.468560e+00
    endloop
  endfacet
  facet normal -1.000000e+00 0.000000e+00 0.000000e+00
    outer loop
      vertex   1.366000e+01 -9.228541e+00 1.468560e+00
      vertex   1.366000e+01 -9.238594e+00 1.454660e+00
      vertex   1.366000e+01 -9.314296e+00 1.420000e+00
    endloop
  endfacet
  facet normal -1.000000e+00 0.000000e+00 0.000000e+00
    outer loop
      vertex   1.366000e+01 -9.314296e+00 1.420000e+00
      vertex   1.366000e+01 -9.238594e+00 1.454660e+00
      vertex   1.366000e+01 -9.250874e+00 1.442684e+00
    endloop
  endfacet
  facet normal -1.000000e+00 0.000000e+00 0.000000e+00
    outer loop
      vertex   1.366000e+01 -9.314296e+00 1.420000e+00
      vertex   1.366000e+01 -9.250874e+00 1.442684e+00
      vertex   1.366000e+01 -9.265021e+00 1.432983e+00
    endloop
  endfacet
  facet normal -1.000000e+00 0.000000e+00 0.000000e+00
    outer loop
      vertex   1.366000e+01 -9.265021e+00 1.432983e+00
      vertex   1.366000e+01 -9.280618e+00 1.425842e+00
      vertex   1.366000e+01 -9.314296e+00 1.420000e+00
    endloop
  endfacet
  facet normal -1.000000e+00 0.000000e+00 0.000000e+00
    outer loop
      vertex   1.366000e+01 -9.314296e+00 1.420000e+00
      vertex   1.366000e+01 -9.280618e+00 1.425842e+00
      vertex   1.366000e+01 -9.297205e+00 1.421471e+00
    endloop
  endfacet
  facet normal -1.000000e+00 0.000000e+00 -0.000000e+00
    outer loop
      vertex   1.366000e+01 -1.000000e+01 3.919588e+00
      vertex   1.366000e+01 -9.950000e+00 1.406603e+00
      vertex   1.366000e+01 -2.321849e+01 1.830697e+00
    endloop
  endfacet
  facet normal -1.000000e+00 0.000000e+00 0.000000e+00
    outer loop
      vertex   1.366000e+01 -2.321849e+01 1.830697e+00
      vertex   1.366000e+01 -9.950000e+00 1.406603e+00
      vertex   1.366000e+01 -9.964279e+00 1.396604e+00
    endloop
  endfacet
  facet normal -1.000000e+00 0.000000e+00 0.000000e+00
    outer loop
      vertex   1.366000e+01 -2.321849e+01 1.830697e+00
      vertex   1.366000e+01 -9.964279e+00 1.396604e+00
      vertex   1.366000e+01 -2.319349e+01 1.795000e+00
    endloop
  endfacet
  facet normal -1.000000e+00 0.000000e+00 0.000000e+00
    outer loop
      vertex   1.366000e+01 -2.319349e+01 1.795000e+00
      vertex   1.366000e+01 -9.964279e+00 1.396604e+00
      vertex   1.366000e+01 -9.976604e+00 1.384279e+00
    endloop
  endfacet
  facet normal -1.000000e+00 0.000000e+00 0.000000e+00
    outer loop
      vertex   1.366000e+01 -2.319349e+01 1.795000e+00
      vertex   1.366000e+01 -9.976604e+00 1.384279e+00
      vertex   1.366000e+01 -2.317508e+01 1.755505e+00
    endloop
  endfacet
  facet normal -1.000000e+00 0.000000e+00 0.000000e+00
    outer loop
      vertex   1.366000e+01 -2.317508e+01 1.755505e+00
      vertex   1.366000e+01 -9.976604e+00 1.384279e+00
      vertex   1.366000e+01 -9.986603e+00 1.370000e+00
    endloop
  endfacet
  facet normal -1.000000e+00 0.000000e+00 0.000000e+00
    outer loop
      vertex   1.366000e+01 -2.317508e+01 1.755505e+00
      vertex   1.366000e+01 -9.986603e+00 1.370000e+00
      vertex   1.366000e+01 -2.316380e+01 1.713412e+00
    endloop
  endfacet
  facet normal -1.000000e+00 0.000000e+00 0.000000e+00
    outer loop
      vertex   1.366000e+01 -2.316380e+01 1.713412e+00
      vertex   1.366000e+01 -9.986603e+00 1.370000e+00
      vertex   1.366000e+01 -9.993969e+00 1.354202e+00
    endloop
  endfacet
  facet normal -1.000000e+00 0.000000e+00 0.000000e+00
    outer loop
      vertex   1.366000e+01 -2.316380e+01 1.713412e+00
      vertex   1.366000e+01 -9.993969e+00 1.354202e+00
      vertex   1.366000e+01 -2.316000e+01 1.670000e+00
    endloop
  endfacet
  facet normal -1.000000e+00 0.000000e+00 0.000000e+00
    outer loop
      vertex   1.366000e+01 -2.316000e+01 1.670000e+00
      vertex   1.366000e+01 -9.993969e+00 1.354202e+00
      vertex   1.366000e+01 -9.998481e+00 1.337365e+00
    endloop
  endfacet
  facet normal -1.000000e+00 0.000000e+00 0.000000e+00
    outer loop
      vertex   1.366000e+01 -2.316000e+01 1.670000e+00
      vertex   1.366000e+01 -9.998481e+00 1.337365e+00
      vertex   1.366000e+01 -1.000000e+01 1.320000e+00
    endloop
  endfacet
  facet normal -1.000000e+00 0.000000e+00 0.000000e+00
    outer loop
      vertex   1.366000e+01 -1.000000e+01 2.220446e-15
      vertex   1.366000e+01 -2.316000e+01 2.220446e-15
      vertex   1.366000e+01 -1.000000e+01 1.320000e+00
    endloop
  endfacet
  facet normal -1.000000e+00 -0.000000e+00 0.000000e+00
    outer loop
      vertex   1.366000e+01 -1.000000e+01 1.320000e+00
      vertex   1.366000e+01 -2.316000e+01 2.220446e-15
      vertex   1.366000e+01 -2.316000e+01 1.670000e+00
    endloop
  endfacet
  facet normal -1.000000e+00 0.000000e+00 0.000000e+00
    outer loop
      vertex   1.366000e+01 -2.321849e+01 1.830697e+00
      vertex   1.366000e+01 -2.324930e+01 1.861511e+00
      vertex   1.366000e+01 -1.000000e+01 3.919588e+00
    endloop
  endfacet
  facet normal -1.000000e+00 -0.000000e+00 0.000000e+00
    outer loop
      vertex   1.366000e+01 -1.000000e+01 3.919588e+00
      vertex   1.366000e+01 -2.324930e+01 1.861511e+00
      vertex   1.366000e+01 -2.316000e+01 3.919588e+00
    endloop
  endfacet
  facet normal -1.000000e+00 0.000000e+00 0.000000e+00
    outer loop
      vertex   1.366000e+01 -1.000000e+01 3.919588e+00
      vertex   1.366000e+01 -2.316000e+01 3.919588e+00
      vertex   1.366000e+01 -2.316000e+01 5.350000e+00
    endloop
  endfacet
  facet normal -1.000000e+00 0.000000e+00 0.000000e+00
    outer loop
      vertex   1.366000e+01 -2.324930e+01 1.861511e+00
      vertex   1.366000e+01 -2.328500e+01 1.886506e+00
      vertex   1.366000e+01 -2.316000e+01 3.919588e+00
    endloop
  endfacet
  facet normal -1.000000e+00 0.000000e+00 0.000000e+00
    outer loop
      vertex   1.366000e+01 -2.316000e+01 3.919588e+00
      vertex   1.366000e+01 -2.328500e+01 1.886506e+00
      vertex   1.366000e+01 -2.332449e+01 1.904923e+00
    endloop
  endfacet
  facet normal -1.000000e+00 0.000000e+00 0.000000e+00
    outer loop
      vertex   1.366000e+01 -2.316000e+01 3.919588e+00
      vertex   1.366000e+01 -2.332449e+01 1.904923e+00
      vertex   1.366000e+01 -2.336659e+01 1.916202e+00
    endloop
  endfacet
  facet normal -1.000000e+00 0.000000e+00 0.000000e+00
    outer loop
      vertex   1.366000e+01 -2.316000e+01 3.919588e+00
      vertex   1.366000e+01 -2.336659e+01 1.916202e+00
      vertex   1.366000e+01 -2.379277e+01 2.000000e+00
    endloop
  endfacet
  facet normal -1.000000e+00 0.000000e+00 0.000000e+00
    outer loop
      vertex   1.366000e+01 -2.379277e+01 2.000000e+00
      vertex   1.366000e+01 -2.336659e+01 1.916202e+00
      vertex   1.366000e+01 -2.341000e+01 1.920000e+00
    endloop
  endfacet
  facet normal -1.000000e+00 0.000000e+00 0.000000e+00
    outer loop
      vertex   1.366000e+01 -2.379277e+01 2.000000e+00
      vertex   1.366000e+01 -2.341000e+01 1.920000e+00
      vertex   1.366000e+01 -2.379277e+01 1.920000e+00
    endloop
  endfacet
  facet normal -1.000000e+00 0.000000e+00 0.000000e+00
    outer loop
      vertex   1.366000e+01 -2.316000e+01 5.350000e+00
      vertex   1.366000e+01 -1.000000e+01 5.350000e+00
      vertex   1.366000e+01 -1.000000e+01 3.919588e+00
    endloop
  endfacet
  facet normal -1.612682e-10 1.000000e+00 -1.715389e-25
    outer loop
      vertex   4.420000e+00 -2.316000e+01 -4.494190e-08
      vertex   4.420000e+00 -2.316000e+01 1.670000e+00
      vertex   1.366000e+01 -2.316000e+01 2.220446e-15
    endloop
  endfacet
  facet normal -1.612682e-10 1.000000e+00 0.000000e+00
    outer loop
      vertex   1.366000e+01 -2.316000e+01 2.220446e-15
      vertex   4.420000e+00 -2.316000e+01 1.670000e+00
      vertex   1.366000e+01 -2.316000e+01 1.670000e+00
    endloop
  endfacet
  facet normal 1.000000e+00 -2.884977e-31 2.030122e-16
    outer loop
      vertex   5.040000e+01 4.440892e-15 4.408000e+01
      vertex   5.040000e+01 -5.000000e+00 4.408000e+01
      vertex   5.040000e+01 3.330669e-15 9.080000e+00
    endloop
  endfacet
  facet normal 1.000000e+00 -1.776357e-16 1.776357e-16
    outer loop
      vertex   5.040000e+01 3.330669e-15 9.080000e+00
      vertex   5.040000e+01 -5.000000e+00 4.408000e+01
      vertex   5.040000e+01 -9.000000e+00 8.000000e-02
    endloop
  endfacet
  facet normal 1.000000e+00 -3.360675e-16 1.920386e-16
    outer loop
      vertex   5.040000e+01 -9.000000e+00 8.000000e-02
      vertex   5.040000e+01 -5.000000e+00 4.408000e+01
      vertex   5.040000e+01 -2.500000e+01 9.080000e+00
    endloop
  endfacet
  facet normal 1.000000e+00 -3.912680e-18 7.825361e-16
    outer loop
      vertex   5.040000e+01 -9.000000e+00 8.000000e-02
      vertex   5.040000e+01 -2.500000e+01 9.080000e+00
      vertex   5.040000e+01 -2.500000e+01 4.440892e-15
    endloop
  endfacet
  facet normal 1.000000e+00 0.000000e+00 0.000000e+00
    outer loop
      vertex   5.040000e+01 -2.500000e+01 4.440892e-15
      vertex   5.040000e+01 -9.000000e+00 4.440892e-15
      vertex   5.040000e+01 -9.000000e+00 8.000000e-02
    endloop
  endfacet
  facet normal 9.601533e-17 -9.497307e-01 -3.130682e-01
    outer loop
      vertex   3.906000e+01 -9.219322e+00 1.551307e+00
      vertex   3.906000e+01 -1.000000e+01 3.919588e+00
      vertex   3.182000e+01 -9.219322e+00 1.551307e+00
    endloop
  endfacet
  facet normal -2.539819e-19 -9.497307e-01 -3.130682e-01
    outer loop
      vertex   3.182000e+01 -9.219322e+00 1.551307e+00
      vertex   3.906000e+01 -1.000000e+01 3.919588e+00
      vertex   3.182000e+01 -1.000000e+01 3.919588e+00
    endloop
  endfacet
  facet normal 0.000000e+00 -1.000000e+00 0.000000e+00
    outer loop
      vertex   3.182000e+01 -1.000000e+01 5.350000e+00
      vertex   3.182000e+01 -1.000000e+01 3.919588e+00
      vertex   3.906000e+01 -1.000000e+01 5.350000e+00
    endloop
  endfacet
  facet normal 0.000000e+00 -1.000000e+00 -0.000000e+00
    outer loop
      vertex   3.906000e+01 -1.000000e+01 5.350000e+00
      vertex   3.182000e+01 -1.000000e+01 3.919588e+00
      vertex   3.906000e+01 -1.000000e+01 3.919588e+00
    endloop
  endfacet
  facet normal -6.190629e-09 1.811688e-11 -1.000000e+00
    outer loop
      vertex   3.906000e+01 -1.000000e+01 5.350000e+00
      vertex   3.906000e+01 -2.316000e+01 5.350000e+00
      vertex   3.182000e+01 -1.644000e+01 5.350000e+00
    endloop
  endfacet
  facet normal 4.806160e-16 6.687783e-09 -1.000000e+00
    outer loop
      vertex   3.182000e+01 -1.644000e+01 5.350000e+00
      vertex   3.906000e+01 -2.316000e+01 5.350000e+00
      vertex   2.982000e+01 -2.316000e+01 5.350000e+00
    endloop
  endfacet
  facet normal 0.000000e+00 6.687783e-09 -1.000000e+00
    outer loop
      vertex   3.182000e+01 -1.644000e+01 5.350000e+00
      vertex   2.982000e+01 -2.316000e+01 5.350000e+00
      vertex   2.982000e+01 -1.644000e+01 5.350000e+00
    endloop
  endfacet
  facet normal 3.680297e-16 -6.941535e-09 -1.000000e+00
    outer loop
      vertex   3.182000e+01 -1.644000e+01 5.350000e+00
      vertex   3.182000e+01 -1.000000e+01 5.350000e+00
      vertex   3.906000e+01 -1.000000e+01 5.350000e+00
    endloop
  endfacet
  facet normal 0.000000e+00 1.000000e+00 -0.000000e+00
    outer loop
      vertex   2.982000e+01 -2.316000e+01 3.919588e+00
      vertex   2.982000e+01 -2.316000e+01 5.350000e+00
      vertex   3.906000e+01 -2.316000e+01 3.919588e+00
    endloop
  endfacet
  facet normal 0.000000e+00 1.000000e+00 -0.000000e+00
    outer loop
      vertex   3.906000e+01 -2.316000e+01 3.919588e+00
      vertex   2.982000e+01 -2.316000e+01 5.350000e+00
      vertex   3.906000e+01 -2.316000e+01 5.350000e+00
    endloop
  endfacet
  facet normal 7.523279e-17 9.497307e-01 -3.130682e-01
    outer loop
      vertex   2.982000e+01 -2.379277e+01 2.000000e+00
      vertex   2.982000e+01 -2.316000e+01 3.919588e+00
      vertex   3.906000e+01 -2.379277e+01 2.000000e+00
    endloop
  endfacet
  facet normal -1.933541e-18 9.497307e-01 -3.130682e-01
    outer loop
      vertex   3.906000e+01 -2.379277e+01 2.000000e+00
      vertex   2.982000e+01 -2.316000e+01 3.919588e+00
      vertex   3.906000e+01 -2.316000e+01 3.919588e+00
    endloop
  endfacet
  facet normal 0.000000e+00 1.000000e+00 -0.000000e+00
    outer loop
      vertex   3.906000e+01 -2.379277e+01 1.920000e+00
      vertex   2.982000e+01 -2.379277e+01 1.920000e+00
      vertex   3.906000e+01 -2.379277e+01 2.000000e+00
    endloop
  endfacet
  facet normal 0.000000e+00 1.000000e+00 0.000000e+00
    outer loop
      vertex   3.906000e+01 -2.379277e+01 2.000000e+00
      vertex   2.982000e+01 -2.379277e+01 1.920000e+00
      vertex   2.982000e+01 -2.379277e+01 2.000000e+00
    endloop
  endfacet
  facet normal 0.000000e+00 0.000000e+00 1.000000e+00
    outer loop
      vertex   3.906000e+01 -2.341000e+01 1.920000e+00
      vertex   2.982000e+01 -2.341000e+01 1.920000e+00
      vertex   3.906000e+01 -2.379277e+01 1.920000e+00
    endloop
  endfacet
  facet normal -2.403080e-16 -5.800981e-15 1.000000e+00
    outer loop
      vertex   3.906000e+01 -2.379277e+01 1.920000e+00
      vertex   2.982000e+01 -2.341000e+01 1.920000e+00
      vertex   2.982000e+01 -2.379277e+01 1.920000e+00
    endloop
  endfacet
  facet normal 3.055244e-15 -8.715574e-02 9.961947e-01
    outer loop
      vertex   3.182000e+01 -9.917365e+00 1.418481e+00
      vertex   3.218200e+01 -9.917365e+00 1.418481e+00
      vertex   3.182000e+01 -9.900000e+00 1.420000e+00
    endloop
  endfacet
  facet normal 1.839715e-19 -8.715574e-02 9.961947e-01
    outer loop
      vertex   3.182000e+01 -9.900000e+00 1.420000e+00
      vertex   3.218200e+01 -9.917365e+00 1.418481e+00
      vertex   3.254400e+01 -9.917365e+00 1.418481e+00
    endloop
  endfacet
  facet normal 1.839715e-19 -8.715574e-02 9.961947e-01
    outer loop
      vertex   3.182000e+01 -9.900000e+00 1.420000e+00
      vertex   3.254400e+01 -9.917365e+00 1.418481e+00
      vertex   3.290600e+01 -9.917365e+00 1.418481e+00
    endloop
  endfacet
  facet normal 0.000000e+00 -2.588190e-01 9.659258e-01
    outer loop
      vertex   3.290600e+01 -9.917365e+00 1.418481e+00
      vertex   3.254400e+01 -9.917365e+00 1.418481e+00
      vertex   3.290600e+01 -9.934202e+00 1.413969e+00
    endloop
  endfacet
  facet normal -7.378335e-19 -2.588190e-01 9.659258e-01
    outer loop
      vertex   3.290600e+01 -9.917365e+00 1.418481e+00
      vertex   3.290600e+01 -9.934202e+00 1.413969e+00
      vertex   3.326800e+01 -9.934202e+00 1.413969e+00
    endloop
  endfacet
  facet normal 0.000000e+00 -4.226183e-01 9.063078e-01
    outer loop
      vertex   3.326800e+01 -9.934202e+00 1.413969e+00
      vertex   3.290600e+01 -9.934202e+00 1.413969e+00
      vertex   3.326800e+01 -9.950000e+00 1.406603e+00
    endloop
  endfacet
  facet normal -1.050189e-18 -4.226183e-01 9.063078e-01
    outer loop
      vertex   3.326800e+01 -9.934202e+00 1.413969e+00
      vertex   3.326800e+01 -9.950000e+00 1.406603e+00
      vertex   3.363000e+01 -9.950000e+00 1.406603e+00
    endloop
  endfacet
  facet normal 0.000000e+00 -5.735764e-01 8.191520e-01
    outer loop
      vertex   3.363000e+01 -9.950000e+00 1.406603e+00
      vertex   3.326800e+01 -9.950000e+00 1.406603e+00
      vertex   3.363000e+01 -9.964279e+00 1.396604e+00
    endloop
  endfacet
  facet normal -1.883312e-18 -5.735764e-01 8.191520e-01
    outer loop
      vertex   3.363000e+01 -9.950000e+00 1.406603e+00
      vertex   3.363000e+01 -9.964279e+00 1.396604e+00
      vertex   3.399200e+01 -9.964279e+00 1.396604e+00
    endloop
  endfacet
  facet normal 0.000000e+00 -7.071068e-01 7.071068e-01
    outer loop
      vertex   3.399200e+01 -9.964279e+00 1.396604e+00
      vertex   3.363000e+01 -9.964279e+00 1.396604e+00
      vertex   3.399200e+01 -9.976604e+00 1.384279e+00
    endloop
  endfacet
  facet normal 1.988818e-18 -7.071068e-01 7.071068e-01
    outer loop
      vertex   3.399200e+01 -9.964279e+00 1.396604e+00
      vertex   3.399200e+01 -9.976604e+00 1.384279e+00
      vertex   3.435400e+01 -9.976604e+00 1.384279e+00
    endloop
  endfacet
  facet normal 0.000000e+00 -8.191520e-01 5.735764e-01
    outer loop
      vertex   3.435400e+01 -9.976604e+00 1.384279e+00
      vertex   3.399200e+01 -9.976604e+00 1.384279e+00
      vertex   3.435400e+01 -9.986603e+00 1.370000e+00
    endloop
  endfacet
  facet normal -3.528392e-16 -8.191520e-01 5.735764e-01
    outer loop
      vertex   3.435400e+01 -9.976604e+00 1.384279e+00
      vertex   3.435400e+01 -9.986603e+00 1.370000e+00
      vertex   3.471600e+01 -9.986603e+00 1.370000e+00
    endloop
  endfacet
  facet normal -2.592268e-16 -9.063078e-01 4.226183e-01
    outer loop
      vertex   3.471600e+01 -9.986603e+00 1.370000e+00
      vertex   3.435400e+01 -9.986603e+00 1.370000e+00
      vertex   3.471600e+01 -9.993969e+00 1.354202e+00
    endloop
  endfacet
  facet normal 2.588888e-16 -9.063078e-01 4.226183e-01
    outer loop
      vertex   3.471600e+01 -9.986603e+00 1.370000e+00
      vertex   3.471600e+01 -9.993969e+00 1.354202e+00
      vertex   3.507800e+01 -9.993969e+00 1.354202e+00
    endloop
  endfacet
  facet normal 1.587552e-16 -9.659258e-01 2.588190e-01
    outer loop
      vertex   3.507800e+01 -9.993969e+00 1.354202e+00
      vertex   3.471600e+01 -9.993969e+00 1.354202e+00
      vertex   3.507800e+01 -9.998481e+00 1.337365e+00
    endloop
  endfacet
  facet normal -7.441984e-19 -9.659258e-01 2.588190e-01
    outer loop
      vertex   3.507800e+01 -9.993969e+00 1.354202e+00
      vertex   3.507800e+01 -9.998481e+00 1.337365e+00
      vertex   3.544000e+01 -9.998481e+00 1.337365e+00
    endloop
  endfacet
  facet normal 0.000000e+00 -9.961947e-01 8.715574e-02
    outer loop
      vertex   3.544000e+01 -9.998481e+00 1.337365e+00
      vertex   3.507800e+01 -9.998481e+00 1.337365e+00
      vertex   3.182000e+01 -1.000000e+01 1.320000e+00
    endloop
  endfacet
  facet normal -3.522812e-21 -9.961947e-01 8.715574e-02
    outer loop
      vertex   3.544000e+01 -9.998481e+00 1.337365e+00
      vertex   3.182000e+01 -1.000000e+01 1.320000e+00
      vertex   3.906000e+01 -1.000000e+01 1.320000e+00
    endloop
  endfacet
  facet normal 2.962412e-15 -2.588190e-01 9.659258e-01
    outer loop
      vertex   3.218200e+01 -9.917365e+00 1.418481e+00
      vertex   3.182000e+01 -9.917365e+00 1.418481e+00
      vertex   3.218200e+01 -9.934202e+00 1.413969e+00
    endloop
  endfacet
  facet normal 2.962412e-15 -2.588190e-01 9.659258e-01
    outer loop
      vertex   3.218200e+01 -9.934202e+00 1.413969e+00
      vertex   3.182000e+01 -9.917365e+00 1.418481e+00
      vertex   3.182000e+01 -9.934202e+00 1.413969e+00
    endloop
  endfacet
  facet normal 2.779568e-15 -4.226183e-01 9.063078e-01
    outer loop
      vertex   3.218200e+01 -9.934202e+00 1.413969e+00
      vertex   3.182000e+01 -9.934202e+00 1.413969e+00
      vertex   3.218200e+01 -9.950000e+00 1.406603e+00
    endloop
  endfacet
  facet normal 2.223655e-15 -4.226183e-01 9.063078e-01
    outer loop
      vertex   3.218200e+01 -9.950000e+00 1.406603e+00
      vertex   3.182000e+01 -9.934202e+00 1.413969e+00
      vertex   3.182000e+01 -9.950000e+00 1.406603e+00
    endloop
  endfacet
  facet normal 2.009815e-15 -5.735764e-01 8.191520e-01
    outer loop
      vertex   3.218200e+01 -9.950000e+00 1.406603e+00
      vertex   3.182000e+01 -9.950000e+00 1.406603e+00
      vertex   3.218200e+01 -9.964279e+00 1.396604e+00
    endloop
  endfacet
  facet normal 4.321937e-15 -5.735764e-01 8.191520e-01
    outer loop
      vertex   3.218200e+01 -9.964279e+00 1.396604e+00
      vertex   3.182000e+01 -9.950000e+00 1.406603e+00
      vertex   3.182000e+01 -9.964279e+00 1.396604e+00
    endloop
  endfacet
  facet normal 4.770999e-15 -7.071068e-01 7.071068e-01
    outer loop
      vertex   3.218200e+01 -9.964279e+00 1.396604e+00
      vertex   3.182000e+01 -9.964279e+00 1.396604e+00
      vertex   3.218200e+01 -9.976604e+00 1.384279e+00
    endloop
  endfacet
  facet normal 8.674544e-16 -7.071068e-01 7.071068e-01
    outer loop
      vertex   3.218200e+01 -9.976604e+00 1.384279e+00
      vertex   3.182000e+01 -9.964279e+00 1.396604e+00
      vertex   3.182000e+01 -9.976604e+00 1.384279e+00
    endloop
  endfacet
  facet normal 7.036439e-16 -8.191520e-01 5.735764e-01
    outer loop
      vertex   3.218200e+01 -9.976604e+00 1.384279e+00
      vertex   3.182000e+01 -9.976604e+00 1.384279e+00
      vertex   3.218200e+01 -9.986603e+00 1.370000e+00
    endloop
  endfacet
  facet normal 0.000000e+00 -8.191520e-01 5.735764e-01
    outer loop
      vertex   3.218200e+01 -9.986603e+00 1.370000e+00
      vertex   3.182000e+01 -9.976604e+00 1.384279e+00
      vertex   3.182000e+01 -9.986603e+00 1.370000e+00
    endloop
  endfacet
  facet normal 0.000000e+00 -9.063078e-01 4.226183e-01
    outer loop
      vertex   3.218200e+01 -9.986603e+00 1.370000e+00
      vertex   3.182000e+01 -9.986603e+00 1.370000e+00
      vertex   3.218200e+01 -9.993969e+00 1.354202e+00
    endloop
  endfacet
  facet normal 0.000000e+00 -9.063078e-01 4.226183e-01
    outer loop
      vertex   3.218200e+01 -9.993969e+00 1.354202e+00
      vertex   3.182000e+01 -9.986603e+00 1.370000e+00
      vertex   3.182000e+01 -9.993969e+00 1.354202e+00
    endloop
  endfacet
  facet normal 0.000000e+00 -9.659258e-01 2.588190e-01
    outer loop
      vertex   3.218200e+01 -9.993969e+00 1.354202e+00
      vertex   3.182000e+01 -9.993969e+00 1.354202e+00
      vertex   3.218200e+01 -9.998481e+00 1.337365e+00
    endloop
  endfacet
  facet normal 0.000000e+00 -9.659258e-01 2.588190e-01
    outer loop
      vertex   3.218200e+01 -9.998481e+00 1.337365e+00
      vertex   3.182000e+01 -9.993969e+00 1.354202e+00
      vertex   3.182000e+01 -9.998481e+00 1.337365e+00
    endloop
  endfacet
  facet normal 0.000000e+00 -9.961947e-01 8.715574e-02
    outer loop
      vertex   3.218200e+01 -9.998481e+00 1.337365e+00
      vertex   3.182000e+01 -9.998481e+00 1.337365e+00
      vertex   3.182000e+01 -1.000000e+01 1.320000e+00
    endloop
  endfacet
  facet normal 0.000000e+00 -9.961947e-01 8.715574e-02
    outer loop
      vertex   3.906000e+01 -9.998481e+00 1.337365e+00
      vertex   3.869800e+01 -9.998481e+00 1.337365e+00
      vertex   3.906000e+01 -1.000000e+01 1.320000e+00
    endloop
  endfacet
  facet normal 5.338938e-17 -9.961947e-01 8.715574e-02
    outer loop
      vertex   3.906000e+01 -1.000000e+01 1.320000e+00
      vertex   3.869800e+01 -9.998481e+00 1.337365e+00
      vertex   3.833600e+01 -9.998481e+00 1.337365e+00
    endloop
  endfacet
  facet normal -5.322751e-17 -9.961947e-01 8.715574e-02
    outer loop
      vertex   3.906000e+01 -1.000000e+01 1.320000e+00
      vertex   3.833600e+01 -9.998481e+00 1.337365e+00
      vertex   3.797400e+01 -9.998481e+00 1.337365e+00
    endloop
  endfacet
  facet normal -1.587552e-16 -9.659258e-01 2.588190e-01
    outer loop
      vertex   3.797400e+01 -9.998481e+00 1.337365e+00
      vertex   3.833600e+01 -9.998481e+00 1.337365e+00
      vertex   3.797400e+01 -9.993969e+00 1.354202e+00
    endloop
  endfacet
  facet normal -7.441984e-19 -9.659258e-01 2.588190e-01
    outer loop
      vertex   3.797400e+01 -9.998481e+00 1.337365e+00
      vertex   3.797400e+01 -9.993969e+00 1.354202e+00
      vertex   3.761200e+01 -9.993969e+00 1.354202e+00
    endloop
  endfacet
  facet normal 0.000000e+00 -9.063078e-01 4.226183e-01
    outer loop
      vertex   3.761200e+01 -9.993969e+00 1.354202e+00
      vertex   3.797400e+01 -9.993969e+00 1.354202e+00
      vertex   3.761200e+01 -9.986603e+00 1.370000e+00
    endloop
  endfacet
  facet normal -9.901077e-19 -9.063078e-01 4.226183e-01
    outer loop
      vertex   3.761200e+01 -9.993969e+00 1.354202e+00
      vertex   3.761200e+01 -9.986603e+00 1.370000e+00
      vertex   3.725000e+01 -9.986603e+00 1.370000e+00
    endloop
  endfacet
  facet normal 0.000000e+00 -8.191520e-01 5.735764e-01
    outer loop
      vertex   3.725000e+01 -9.986603e+00 1.370000e+00
      vertex   3.761200e+01 -9.986603e+00 1.370000e+00
      vertex   3.725000e+01 -9.976604e+00 1.384279e+00
    endloop
  endfacet
  facet normal -1.427885e-18 -8.191520e-01 5.735764e-01
    outer loop
      vertex   3.725000e+01 -9.986603e+00 1.370000e+00
      vertex   3.725000e+01 -9.976604e+00 1.384279e+00
      vertex   3.688800e+01 -9.976604e+00 1.384279e+00
    endloop
  endfacet
  facet normal 0.000000e+00 -7.071068e-01 7.071068e-01
    outer loop
      vertex   3.688800e+01 -9.976604e+00 1.384279e+00
      vertex   3.725000e+01 -9.976604e+00 1.384279e+00
      vertex   3.688800e+01 -9.964279e+00 1.396604e+00
    endloop
  endfacet
  facet normal 2.109101e-18 -7.071068e-01 7.071068e-01
    outer loop
      vertex   3.688800e+01 -9.976604e+00 1.384279e+00
      vertex   3.688800e+01 -9.964279e+00 1.396604e+00
      vertex   3.652600e+01 -9.964279e+00 1.396604e+00
    endloop
  endfacet
  facet normal 0.000000e+00 -5.735764e-01 8.191520e-01
    outer loop
      vertex   3.652600e+01 -9.964279e+00 1.396604e+00
      vertex   3.688800e+01 -9.964279e+00 1.396604e+00
      vertex   3.652600e+01 -9.950000e+00 1.406603e+00
    endloop
  endfacet
  facet normal -2.005262e-18 -5.735764e-01 8.191520e-01
    outer loop
      vertex   3.652600e+01 -9.964279e+00 1.396604e+00
      vertex   3.652600e+01 -9.950000e+00 1.406603e+00
      vertex   3.616400e+01 -9.950000e+00 1.406603e+00
    endloop
  endfacet
  facet normal 0.000000e+00 -4.226183e-01 9.063078e-01
    outer loop
      vertex   3.616400e+01 -9.950000e+00 1.406603e+00
      vertex   3.652600e+01 -9.950000e+00 1.406603e+00
      vertex   3.616400e+01 -9.934202e+00 1.413969e+00
    endloop
  endfacet
  facet normal 3.853614e-19 -4.226183e-01 9.063078e-01
    outer loop
      vertex   3.616400e+01 -9.950000e+00 1.406603e+00
      vertex   3.616400e+01 -9.934202e+00 1.413969e+00
      vertex   3.580200e+01 -9.934202e+00 1.413969e+00
    endloop
  endfacet
  facet normal 0.000000e+00 -2.588190e-01 9.659258e-01
    outer loop
      vertex   3.580200e+01 -9.934202e+00 1.413969e+00
      vertex   3.616400e+01 -9.934202e+00 1.413969e+00
      vertex   3.580200e+01 -9.917365e+00 1.418481e+00
    endloop
  endfacet
  facet normal -1.185703e-15 -2.588190e-01 9.659258e-01
    outer loop
      vertex   3.580200e+01 -9.934202e+00 1.413969e+00
      vertex   3.580200e+01 -9.917365e+00 1.418481e+00
      vertex   3.544000e+01 -9.917365e+00 1.418481e+00
    endloop
  endfacet
  facet normal -1.222098e-15 -8.715574e-02 9.961947e-01
    outer loop
      vertex   3.544000e+01 -9.917365e+00 1.418481e+00
      vertex   3.580200e+01 -9.917365e+00 1.418481e+00
      vertex   3.906000e+01 -9.900000e+00 1.420000e+00
    endloop
  endfacet
  facet normal -3.055376e-16 -8.715574e-02 9.961947e-01
    outer loop
      vertex   3.544000e+01 -9.917365e+00 1.418481e+00
      vertex   3.906000e+01 -9.900000e+00 1.420000e+00
      vertex   3.182000e+01 -9.900000e+00 1.420000e+00
    endloop
  endfacet
  facet normal 0.000000e+00 -9.659258e-01 2.588190e-01
    outer loop
      vertex   3.869800e+01 -9.998481e+00 1.337365e+00
      vertex   3.906000e+01 -9.998481e+00 1.337365e+00
      vertex   3.869800e+01 -9.993969e+00 1.354202e+00
    endloop
  endfacet
  facet normal 1.587552e-16 -9.659258e-01 2.588190e-01
    outer loop
      vertex   3.869800e+01 -9.993969e+00 1.354202e+00
      vertex   3.906000e+01 -9.998481e+00 1.337365e+00
      vertex   3.906000e+01 -9.993969e+00 1.354202e+00
    endloop
  endfacet
  facet normal 2.592268e-16 -9.063078e-01 4.226183e-01
    outer loop
      vertex   3.869800e+01 -9.993969e+00 1.354202e+00
      vertex   3.906000e+01 -9.993969e+00 1.354202e+00
      vertex   3.869800e+01 -9.986603e+00 1.370000e+00
    endloop
  endfacet
  facet normal 2.592268e-16 -9.063078e-01 4.226183e-01
    outer loop
      vertex   3.869800e+01 -9.986603e+00 1.370000e+00
      vertex   3.906000e+01 -9.993969e+00 1.354202e+00
      vertex   3.906000e+01 -9.986603e+00 1.370000e+00
    endloop
  endfacet
  facet normal 3.518220e-16 -8.191520e-01 5.735764e-01
    outer loop
      vertex   3.869800e+01 -9.986603e+00 1.370000e+00
      vertex   3.906000e+01 -9.986603e+00 1.370000e+00
      vertex   3.869800e+01 -9.976604e+00 1.384279e+00
    endloop
  endfacet
  facet normal 3.518220e-16 -8.191520e-01 5.735764e-01
    outer loop
      vertex   3.869800e+01 -9.976604e+00 1.384279e+00
      vertex   3.906000e+01 -9.986603e+00 1.370000e+00
      vertex   3.906000e+01 -9.976604e+00 1.384279e+00
    endloop
  endfacet
  facet normal 4.337272e-16 -7.071068e-01 7.071068e-01
    outer loop
      vertex   3.869800e+01 -9.976604e+00 1.384279e+00
      vertex   3.906000e+01 -9.976604e+00 1.384279e+00
      vertex   3.869800e+01 -9.964279e+00 1.396604e+00
    endloop
  endfacet
  facet normal 4.337272e-16 -7.071068e-01 7.071068e-01
    outer loop
      vertex   3.869800e+01 -9.964279e+00 1.396604e+00
      vertex   3.906000e+01 -9.976604e+00 1.384279e+00
      vertex   3.906000e+01 -9.964279e+00 1.396604e+00
    endloop
  endfacet
  facet normal 5.024538e-16 -5.735764e-01 8.191520e-01
    outer loop
      vertex   3.869800e+01 -9.964279e+00 1.396604e+00
      vertex   3.906000e+01 -9.964279e+00 1.396604e+00
      vertex   3.869800e+01 -9.950000e+00 1.406603e+00
    endloop
  endfacet
  facet normal 0.000000e+00 -5.735764e-01 8.191520e-01
    outer loop
      vertex   3.869800e+01 -9.950000e+00 1.406603e+00
      vertex   3.906000e+01 -9.964279e+00 1.396604e+00
      vertex   3.906000e+01 -9.950000e+00 1.406603e+00
    endloop
  endfacet
  facet normal 0.000000e+00 -4.226183e-01 9.063078e-01
    outer loop
      vertex   3.869800e+01 -9.950000e+00 1.406603e+00
      vertex   3.906000e+01 -9.950000e+00 1.406603e+00
      vertex   3.869800e+01 -9.934202e+00 1.413969e+00
    endloop
  endfacet
  facet normal 0.000000e+00 -4.226183e-01 9.063078e-01
    outer loop
      vertex   3.869800e+01 -9.934202e+00 1.413969e+00
      vertex   3.906000e+01 -9.950000e+00 1.406603e+00
      vertex   3.906000e+01 -9.934202e+00 1.413969e+00
    endloop
  endfacet
  facet normal 0.000000e+00 -2.588190e-01 9.659258e-01
    outer loop
      vertex   3.869800e+01 -9.934202e+00 1.413969e+00
      vertex   3.906000e+01 -9.934202e+00 1.413969e+00
      vertex   3.869800e+01 -9.917365e+00 1.418481e+00
    endloop
  endfacet
  facet normal 5.924824e-16 -2.588190e-01 9.659258e-01
    outer loop
      vertex   3.869800e+01 -9.917365e+00 1.418481e+00
      vertex   3.906000e+01 -9.934202e+00 1.413969e+00
      vertex   3.906000e+01 -9.917365e+00 1.418481e+00
    endloop
  endfacet
  facet normal 6.110488e-16 -8.715574e-02 9.961947e-01
    outer loop
      vertex   3.869800e+01 -9.917365e+00 1.418481e+00
      vertex   3.906000e+01 -9.917365e+00 1.418481e+00
      vertex   3.906000e+01 -9.900000e+00 1.420000e+00
    endloop
  endfacet
  facet normal 0.000000e+00 -2.588190e-01 9.659258e-01
    outer loop
      vertex   3.254400e+01 -9.917365e+00 1.418481e+00
      vertex   3.218200e+01 -9.917365e+00 1.418481e+00
      vertex   3.254400e+01 -9.934202e+00 1.413969e+00
    endloop
  endfacet
  facet normal 0.000000e+00 -2.588190e-01 9.659258e-01
    outer loop
      vertex   3.254400e+01 -9.934202e+00 1.413969e+00
      vertex   3.218200e+01 -9.917365e+00 1.418481e+00
      vertex   3.218200e+01 -9.934202e+00 1.413969e+00
    endloop
  endfacet
  facet normal 0.000000e+00 -4.226183e-01 9.063078e-01
    outer loop
      vertex   3.254400e+01 -9.934202e+00 1.413969e+00
      vertex   3.218200e+01 -9.934202e+00 1.413969e+00
      vertex   3.254400e+01 -9.950000e+00 1.406603e+00
    endloop
  endfacet
  facet normal 0.000000e+00 -4.226183e-01 9.063078e-01
    outer loop
      vertex   3.254400e+01 -9.950000e+00 1.406603e+00
      vertex   3.218200e+01 -9.934202e+00 1.413969e+00
      vertex   3.218200e+01 -9.950000e+00 1.406603e+00
    endloop
  endfacet
  facet normal 0.000000e+00 -5.735764e-01 8.191520e-01
    outer loop
      vertex   3.254400e+01 -9.950000e+00 1.406603e+00
      vertex   3.218200e+01 -9.950000e+00 1.406603e+00
      vertex   3.254400e+01 -9.964279e+00 1.396604e+00
    endloop
  endfacet
  facet normal 0.000000e+00 -5.735764e-01 8.191520e-01
    outer loop
      vertex   3.254400e+01 -9.964279e+00 1.396604e+00
      vertex   3.218200e+01 -9.950000e+00 1.406603e+00
      vertex   3.218200e+01 -9.964279e+00 1.396604e+00
    endloop
  endfacet
  facet normal 0.000000e+00 -7.071068e-01 7.071068e-01
    outer loop
      vertex   3.254400e+01 -9.964279e+00 1.396604e+00
      vertex   3.218200e+01 -9.964279e+00 1.396604e+00
      vertex   3.254400e+01 -9.976604e+00 1.384279e+00
    endloop
  endfacet
  facet normal 0.000000e+00 -7.071068e-01 7.071068e-01
    outer loop
      vertex   3.254400e+01 -9.976604e+00 1.384279e+00
      vertex   3.218200e+01 -9.964279e+00 1.396604e+00
      vertex   3.218200e+01 -9.976604e+00 1.384279e+00
    endloop
  endfacet
  facet normal 0.000000e+00 -8.191520e-01 5.735764e-01
    outer loop
      vertex   3.254400e+01 -9.976604e+00 1.384279e+00
      vertex   3.218200e+01 -9.976604e+00 1.384279e+00
      vertex   3.254400e+01 -9.986603e+00 1.370000e+00
    endloop
  endfacet
  facet normal 0.000000e+00 -8.191520e-01 5.735764e-01
    outer loop
      vertex   3.254400e+01 -9.986603e+00 1.370000e+00
      vertex   3.218200e+01 -9.976604e+00 1.384279e+00
      vertex   3.218200e+01 -9.986603e+00 1.370000e+00
    endloop
  endfacet
  facet normal 0.000000e+00 -9.063078e-01 4.226183e-01
    outer loop
      vertex   3.254400e+01 -9.986603e+00 1.370000e+00
      vertex   3.218200e+01 -9.986603e+00 1.370000e+00
      vertex   3.254400e+01 -9.993969e+00 1.354202e+00
    endloop
  endfacet
  facet normal 0.000000e+00 -9.063078e-01 4.226183e-01
    outer loop
      vertex   3.254400e+01 -9.993969e+00 1.354202e+00
      vertex   3.218200e+01 -9.986603e+00 1.370000e+00
      vertex   3.218200e+01 -9.993969e+00 1.354202e+00
    endloop
  endfacet
  facet normal 0.000000e+00 -9.659258e-01 2.588190e-01
    outer loop
      vertex   3.254400e+01 -9.993969e+00 1.354202e+00
      vertex   3.218200e+01 -9.993969e+00 1.354202e+00
      vertex   3.254400e+01 -9.998481e+00 1.337365e+00
    endloop
  endfacet
  facet normal 0.000000e+00 -9.659258e-01 2.588190e-01
    outer loop
      vertex   3.254400e+01 -9.998481e+00 1.337365e+00
      vertex   3.218200e+01 -9.993969e+00 1.354202e+00
      vertex   3.218200e+01 -9.998481e+00 1.337365e+00
    endloop
  endfacet
  facet normal 0.000000e+00 -9.961947e-01 8.715574e-02
    outer loop
      vertex   3.254400e+01 -9.998481e+00 1.337365e+00
      vertex   3.218200e+01 -9.998481e+00 1.337365e+00
      vertex   3.182000e+01 -1.000000e+01 1.320000e+00
    endloop
  endfacet
  facet normal 0.000000e+00 -8.715574e-02 9.961947e-01
    outer loop
      vertex   3.290600e+01 -9.917365e+00 1.418481e+00
      vertex   3.326800e+01 -9.917365e+00 1.418481e+00
      vertex   3.182000e+01 -9.900000e+00 1.420000e+00
    endloop
  endfacet
  facet normal -6.108648e-16 -8.715574e-02 9.961947e-01
    outer loop
      vertex   3.182000e+01 -9.900000e+00 1.420000e+00
      vertex   3.326800e+01 -9.917365e+00 1.418481e+00
      vertex   3.363000e+01 -9.917365e+00 1.418481e+00
    endloop
  endfacet
  facet normal 1.728584e-19 -8.715574e-02 9.961947e-01
    outer loop
      vertex   3.182000e+01 -9.900000e+00 1.420000e+00
      vertex   3.363000e+01 -9.917365e+00 1.418481e+00
      vertex   3.399200e+01 -9.917365e+00 1.418481e+00
    endloop
  endfacet
  facet normal 0.000000e+00 -2.588190e-01 9.659258e-01
    outer loop
      vertex   3.399200e+01 -9.917365e+00 1.418481e+00
      vertex   3.363000e+01 -9.917365e+00 1.418481e+00
      vertex   3.399200e+01 -9.934202e+00 1.413969e+00
    endloop
  endfacet
  facet normal -4.384971e-19 -2.588190e-01 9.659258e-01
    outer loop
      vertex   3.399200e+01 -9.917365e+00 1.418481e+00
      vertex   3.399200e+01 -9.934202e+00 1.413969e+00
      vertex   3.435400e+01 -9.934202e+00 1.413969e+00
    endloop
  endfacet
  facet normal 0.000000e+00 -4.226183e-01 9.063078e-01
    outer loop
      vertex   3.435400e+01 -9.934202e+00 1.413969e+00
      vertex   3.399200e+01 -9.934202e+00 1.413969e+00
      vertex   3.435400e+01 -9.950000e+00 1.406603e+00
    endloop
  endfacet
  facet normal -5.555283e-16 -4.226183e-01 9.063078e-01
    outer loop
      vertex   3.435400e+01 -9.934202e+00 1.413969e+00
      vertex   3.435400e+01 -9.950000e+00 1.406603e+00
      vertex   3.471600e+01 -9.950000e+00 1.406603e+00
    endloop
  endfacet
  facet normal -5.024538e-16 -5.735764e-01 8.191520e-01
    outer loop
      vertex   3.471600e+01 -9.950000e+00 1.406603e+00
      vertex   3.435400e+01 -9.950000e+00 1.406603e+00
      vertex   3.471600e+01 -9.964279e+00 1.396604e+00
    endloop
  endfacet
  facet normal -1.883312e-18 -5.735764e-01 8.191520e-01
    outer loop
      vertex   3.471600e+01 -9.950000e+00 1.406603e+00
      vertex   3.471600e+01 -9.964279e+00 1.396604e+00
      vertex   3.507800e+01 -9.964279e+00 1.396604e+00
    endloop
  endfacet
  facet normal 0.000000e+00 -7.071068e-01 7.071068e-01
    outer loop
      vertex   3.507800e+01 -9.964279e+00 1.396604e+00
      vertex   3.471600e+01 -9.964279e+00 1.396604e+00
      vertex   3.507800e+01 -9.976604e+00 1.384279e+00
    endloop
  endfacet
  facet normal 1.868535e-18 -7.071068e-01 7.071068e-01
    outer loop
      vertex   3.507800e+01 -9.964279e+00 1.396604e+00
      vertex   3.507800e+01 -9.976604e+00 1.384279e+00
      vertex   3.544000e+01 -9.976604e+00 1.384279e+00
    endloop
  endfacet
  facet normal 0.000000e+00 -8.191520e-01 5.735764e-01
    outer loop
      vertex   3.544000e+01 -9.976604e+00 1.384279e+00
      vertex   3.507800e+01 -9.976604e+00 1.384279e+00
      vertex   3.544000e+01 -9.986603e+00 1.370000e+00
    endloop
  endfacet
  facet normal -3.528392e-16 -8.191520e-01 5.735764e-01
    outer loop
      vertex   3.544000e+01 -9.976604e+00 1.384279e+00
      vertex   3.544000e+01 -9.986603e+00 1.370000e+00
      vertex   3.580200e+01 -9.986603e+00 1.370000e+00
    endloop
  endfacet
  facet normal -2.592268e-16 -9.063078e-01 4.226183e-01
    outer loop
      vertex   3.580200e+01 -9.986603e+00 1.370000e+00
      vertex   3.544000e+01 -9.986603e+00 1.370000e+00
      vertex   3.580200e+01 -9.993969e+00 1.354202e+00
    endloop
  endfacet
  facet normal -3.379798e-19 -9.063078e-01 4.226183e-01
    outer loop
      vertex   3.580200e+01 -9.986603e+00 1.370000e+00
      vertex   3.580200e+01 -9.993969e+00 1.354202e+00
      vertex   3.616400e+01 -9.993969e+00 1.354202e+00
    endloop
  endfacet
  facet normal 0.000000e+00 -9.659258e-01 2.588190e-01
    outer loop
      vertex   3.616400e+01 -9.993969e+00 1.354202e+00
      vertex   3.580200e+01 -9.993969e+00 1.354202e+00
      vertex   3.616400e+01 -9.998481e+00 1.337365e+00
    endloop
  endfacet
  facet normal -9.232515e-19 -9.659258e-01 2.588190e-01
    outer loop
      vertex   3.616400e+01 -9.993969e+00 1.354202e+00
      vertex   3.616400e+01 -9.998481e+00 1.337365e+00
      vertex   3.652600e+01 -9.998481e+00 1.337365e+00
    endloop
  endfacet
  facet normal 0.000000e+00 -9.961947e-01 8.715574e-02
    outer loop
      vertex   3.652600e+01 -9.998481e+00 1.337365e+00
      vertex   3.616400e+01 -9.998481e+00 1.337365e+00
      vertex   3.906000e+01 -1.000000e+01 1.320000e+00
    endloop
  endfacet
  facet normal 0.000000e+00 -9.961947e-01 8.715574e-02
    outer loop
      vertex   3.652600e+01 -9.998481e+00 1.337365e+00
      vertex   3.906000e+01 -1.000000e+01 1.320000e+00
      vertex   3.688800e+01 -9.998481e+00 1.337365e+00
    endloop
  endfacet
  facet normal 0.000000e+00 -9.961947e-01 8.715574e-02
    outer loop
      vertex   3.688800e+01 -9.998481e+00 1.337365e+00
      vertex   3.906000e+01 -1.000000e+01 1.320000e+00
      vertex   3.725000e+01 -9.998481e+00 1.337365e+00
    endloop
  endfacet
  facet normal 0.000000e+00 -9.659258e-01 2.588190e-01
    outer loop
      vertex   3.688800e+01 -9.998481e+00 1.337365e+00
      vertex   3.725000e+01 -9.998481e+00 1.337365e+00
      vertex   3.688800e+01 -9.993969e+00 1.354202e+00
    endloop
  endfacet
  facet normal -1.587552e-16 -9.659258e-01 2.588190e-01
    outer loop
      vertex   3.688800e+01 -9.993969e+00 1.354202e+00
      vertex   3.725000e+01 -9.998481e+00 1.337365e+00
      vertex   3.725000e+01 -9.993969e+00 1.354202e+00
    endloop
  endfacet
  facet normal -2.592268e-16 -9.063078e-01 4.226183e-01
    outer loop
      vertex   3.688800e+01 -9.993969e+00 1.354202e+00
      vertex   3.725000e+01 -9.993969e+00 1.354202e+00
      vertex   3.688800e+01 -9.986603e+00 1.370000e+00
    endloop
  endfacet
  facet normal -2.592268e-16 -9.063078e-01 4.226183e-01
    outer loop
      vertex   3.688800e+01 -9.986603e+00 1.370000e+00
      vertex   3.725000e+01 -9.993969e+00 1.354202e+00
      vertex   3.725000e+01 -9.986603e+00 1.370000e+00
    endloop
  endfacet
  facet normal -3.518220e-16 -8.191520e-01 5.735764e-01
    outer loop
      vertex   3.688800e+01 -9.986603e+00 1.370000e+00
      vertex   3.725000e+01 -9.986603e+00 1.370000e+00
      vertex   3.688800e+01 -9.976604e+00 1.384279e+00
    endloop
  endfacet
  facet normal 0.000000e+00 -2.588190e-01 9.659258e-01
    outer loop
      vertex   3.290600e+01 -9.917365e+00 1.418481e+00
      vertex   3.326800e+01 -9.934202e+00 1.413969e+00
      vertex   3.326800e+01 -9.917365e+00 1.418481e+00
    endloop
  endfacet
  facet normal -1.185703e-15 -2.588190e-01 9.659258e-01
    outer loop
      vertex   3.326800e+01 -9.917365e+00 1.418481e+00
      vertex   3.326800e+01 -9.934202e+00 1.413969e+00
      vertex   3.363000e+01 -9.934202e+00 1.413969e+00
    endloop
  endfacet
  facet normal -5.924824e-16 -2.588190e-01 9.659258e-01
    outer loop
      vertex   3.326800e+01 -9.917365e+00 1.418481e+00
      vertex   3.363000e+01 -9.934202e+00 1.413969e+00
      vertex   3.363000e+01 -9.917365e+00 1.418481e+00
    endloop
  endfacet
  facet normal -4.384971e-19 -2.588190e-01 9.659258e-01
    outer loop
      vertex   3.363000e+01 -9.917365e+00 1.418481e+00
      vertex   3.363000e+01 -9.934202e+00 1.413969e+00
      vertex   3.399200e+01 -9.934202e+00 1.413969e+00
    endloop
  endfacet
  facet normal 0.000000e+00 -8.715574e-02 9.961947e-01
    outer loop
      vertex   3.399200e+01 -9.917365e+00 1.418481e+00
      vertex   3.435400e+01 -9.917365e+00 1.418481e+00
      vertex   3.182000e+01 -9.900000e+00 1.420000e+00
    endloop
  endfacet
  facet normal -6.108759e-16 -8.715574e-02 9.961947e-01
    outer loop
      vertex   3.182000e+01 -9.900000e+00 1.420000e+00
      vertex   3.435400e+01 -9.917365e+00 1.418481e+00
      vertex   3.471600e+01 -9.917365e+00 1.418481e+00
    endloop
  endfacet
  facet normal 1.617453e-19 -8.715574e-02 9.961947e-01
    outer loop
      vertex   3.182000e+01 -9.900000e+00 1.420000e+00
      vertex   3.471600e+01 -9.917365e+00 1.418481e+00
      vertex   3.507800e+01 -9.917365e+00 1.418481e+00
    endloop
  endfacet
  facet normal 0.000000e+00 -2.588190e-01 9.659258e-01
    outer loop
      vertex   3.507800e+01 -9.917365e+00 1.418481e+00
      vertex   3.471600e+01 -9.917365e+00 1.418481e+00
      vertex   3.507800e+01 -9.934202e+00 1.413969e+00
    endloop
  endfacet
  facet normal -4.384971e-19 -2.588190e-01 9.659258e-01
    outer loop
      vertex   3.507800e+01 -9.917365e+00 1.418481e+00
      vertex   3.507800e+01 -9.934202e+00 1.413969e+00
      vertex   3.544000e+01 -9.934202e+00 1.413969e+00
    endloop
  endfacet
  facet normal 0.000000e+00 -4.226183e-01 9.063078e-01
    outer loop
      vertex   3.544000e+01 -9.934202e+00 1.413969e+00
      vertex   3.507800e+01 -9.934202e+00 1.413969e+00
      vertex   3.544000e+01 -9.950000e+00 1.406603e+00
    endloop
  endfacet
  facet normal -5.555283e-16 -4.226183e-01 9.063078e-01
    outer loop
      vertex   3.544000e+01 -9.934202e+00 1.413969e+00
      vertex   3.544000e+01 -9.950000e+00 1.406603e+00
      vertex   3.580200e+01 -9.950000e+00 1.406603e+00
    endloop
  endfacet
  facet normal -5.024538e-16 -5.735764e-01 8.191520e-01
    outer loop
      vertex   3.580200e+01 -9.950000e+00 1.406603e+00
      vertex   3.544000e+01 -9.950000e+00 1.406603e+00
      vertex   3.580200e+01 -9.964279e+00 1.396604e+00
    endloop
  endfacet
  facet normal -1.761361e-18 -5.735764e-01 8.191520e-01
    outer loop
      vertex   3.580200e+01 -9.950000e+00 1.406603e+00
      vertex   3.580200e+01 -9.964279e+00 1.396604e+00
      vertex   3.616400e+01 -9.964279e+00 1.396604e+00
    endloop
  endfacet
  facet normal 0.000000e+00 -7.071068e-01 7.071068e-01
    outer loop
      vertex   3.616400e+01 -9.964279e+00 1.396604e+00
      vertex   3.580200e+01 -9.964279e+00 1.396604e+00
      vertex   3.616400e+01 -9.976604e+00 1.384279e+00
    endloop
  endfacet
  facet normal 1.868535e-18 -7.071068e-01 7.071068e-01
    outer loop
      vertex   3.616400e+01 -9.964279e+00 1.396604e+00
      vertex   3.616400e+01 -9.976604e+00 1.384279e+00
      vertex   3.652600e+01 -9.976604e+00 1.384279e+00
    endloop
  endfacet
  facet normal 0.000000e+00 -8.191520e-01 5.735764e-01
    outer loop
      vertex   3.652600e+01 -9.976604e+00 1.384279e+00
      vertex   3.616400e+01 -9.976604e+00 1.384279e+00
      vertex   3.652600e+01 -9.986603e+00 1.370000e+00
    endloop
  endfacet
  facet normal -1.838524e-18 -8.191520e-01 5.735764e-01
    outer loop
      vertex   3.652600e+01 -9.976604e+00 1.384279e+00
      vertex   3.652600e+01 -9.986603e+00 1.370000e+00
      vertex   3.688800e+01 -9.986603e+00 1.370000e+00
    endloop
  endfacet
  facet normal 0.000000e+00 -9.063078e-01 4.226183e-01
    outer loop
      vertex   3.688800e+01 -9.986603e+00 1.370000e+00
      vertex   3.652600e+01 -9.986603e+00 1.370000e+00
      vertex   3.688800e+01 -9.993969e+00 1.354202e+00
    endloop
  endfacet
  facet normal 0.000000e+00 -2.588190e-01 9.659258e-01
    outer loop
      vertex   3.399200e+01 -9.917365e+00 1.418481e+00
      vertex   3.435400e+01 -9.934202e+00 1.413969e+00
      vertex   3.435400e+01 -9.917365e+00 1.418481e+00
    endloop
  endfacet
  facet normal -5.929209e-16 -2.588190e-01 9.659258e-01
    outer loop
      vertex   3.435400e+01 -9.917365e+00 1.418481e+00
      vertex   3.435400e+01 -9.934202e+00 1.413969e+00
      vertex   3.471600e+01 -9.934202e+00 1.413969e+00
    endloop
  endfacet
  facet normal -5.924824e-16 -2.588190e-01 9.659258e-01
    outer loop
      vertex   3.435400e+01 -9.917365e+00 1.418481e+00
      vertex   3.471600e+01 -9.934202e+00 1.413969e+00
      vertex   3.471600e+01 -9.917365e+00 1.418481e+00
    endloop
  endfacet
  facet normal -4.384971e-19 -2.588190e-01 9.659258e-01
    outer loop
      vertex   3.471600e+01 -9.917365e+00 1.418481e+00
      vertex   3.471600e+01 -9.934202e+00 1.413969e+00
      vertex   3.507800e+01 -9.934202e+00 1.413969e+00
    endloop
  endfacet
  facet normal 0.000000e+00 -8.715574e-02 9.961947e-01
    outer loop
      vertex   3.544000e+01 -9.917365e+00 1.418481e+00
      vertex   3.182000e+01 -9.900000e+00 1.420000e+00
      vertex   3.507800e+01 -9.917365e+00 1.418481e+00
    endloop
  endfacet
  facet normal -5.924824e-16 -2.588190e-01 9.659258e-01
    outer loop
      vertex   3.580200e+01 -9.934202e+00 1.413969e+00
      vertex   3.544000e+01 -9.917365e+00 1.418481e+00
      vertex   3.544000e+01 -9.934202e+00 1.413969e+00
    endloop
  endfacet
  facet normal -4.384971e-19 -2.588190e-01 9.659258e-01
    outer loop
      vertex   3.544000e+01 -9.934202e+00 1.413969e+00
      vertex   3.544000e+01 -9.917365e+00 1.418481e+00
      vertex   3.507800e+01 -9.917365e+00 1.418481e+00
    endloop
  endfacet
  facet normal 0.000000e+00 -8.715574e-02 9.961947e-01
    outer loop
      vertex   3.580200e+01 -9.917365e+00 1.418481e+00
      vertex   3.616400e+01 -9.917365e+00 1.418481e+00
      vertex   3.906000e+01 -9.900000e+00 1.420000e+00
    endloop
  endfacet
  facet normal 2.506503e-19 -8.715574e-02 9.961947e-01
    outer loop
      vertex   3.906000e+01 -9.900000e+00 1.420000e+00
      vertex   3.616400e+01 -9.917365e+00 1.418481e+00
      vertex   3.652600e+01 -9.917365e+00 1.418481e+00
    endloop
  endfacet
  facet normal 2.506503e-19 -8.715574e-02 9.961947e-01
    outer loop
      vertex   3.906000e+01 -9.900000e+00 1.420000e+00
      vertex   3.652600e+01 -9.917365e+00 1.418481e+00
      vertex   3.688800e+01 -9.917365e+00 1.418481e+00
    endloop
  endfacet
  facet normal 0.000000e+00 -2.588190e-01 9.659258e-01
    outer loop
      vertex   3.688800e+01 -9.917365e+00 1.418481e+00
      vertex   3.652600e+01 -9.917365e+00 1.418481e+00
      vertex   3.688800e+01 -9.934202e+00 1.413969e+00
    endloop
  endfacet
  facet normal -5.932202e-16 -2.588190e-01 9.659258e-01
    outer loop
      vertex   3.688800e+01 -9.917365e+00 1.418481e+00
      vertex   3.688800e+01 -9.934202e+00 1.413969e+00
      vertex   3.725000e+01 -9.934202e+00 1.413969e+00
    endloop
  endfacet
  facet normal -5.559137e-16 -4.226183e-01 9.063078e-01
    outer loop
      vertex   3.725000e+01 -9.934202e+00 1.413969e+00
      vertex   3.688800e+01 -9.934202e+00 1.413969e+00
      vertex   3.725000e+01 -9.950000e+00 1.406603e+00
    endloop
  endfacet
  facet normal 7.414661e-19 -4.226183e-01 9.063078e-01
    outer loop
      vertex   3.725000e+01 -9.934202e+00 1.413969e+00
      vertex   3.725000e+01 -9.950000e+00 1.406603e+00
      vertex   3.761200e+01 -9.950000e+00 1.406603e+00
    endloop
  endfacet
  facet normal 0.000000e+00 -5.735764e-01 8.191520e-01
    outer loop
      vertex   3.761200e+01 -9.950000e+00 1.406603e+00
      vertex   3.725000e+01 -9.950000e+00 1.406603e+00
      vertex   3.761200e+01 -9.964279e+00 1.396604e+00
    endloop
  endfacet
  facet normal -2.005262e-18 -5.735764e-01 8.191520e-01
    outer loop
      vertex   3.761200e+01 -9.950000e+00 1.406603e+00
      vertex   3.761200e+01 -9.964279e+00 1.396604e+00
      vertex   3.797400e+01 -9.964279e+00 1.396604e+00
    endloop
  endfacet
  facet normal 0.000000e+00 -7.071068e-01 7.071068e-01
    outer loop
      vertex   3.797400e+01 -9.964279e+00 1.396604e+00
      vertex   3.761200e+01 -9.964279e+00 1.396604e+00
      vertex   3.797400e+01 -9.976604e+00 1.384279e+00
    endloop
  endfacet
  facet normal -4.318587e-16 -7.071068e-01 7.071068e-01
    outer loop
      vertex   3.797400e+01 -9.964279e+00 1.396604e+00
      vertex   3.797400e+01 -9.976604e+00 1.384279e+00
      vertex   3.833600e+01 -9.976604e+00 1.384279e+00
    endloop
  endfacet
  facet normal -3.518220e-16 -8.191520e-01 5.735764e-01
    outer loop
      vertex   3.833600e+01 -9.976604e+00 1.384279e+00
      vertex   3.797400e+01 -9.976604e+00 1.384279e+00
      vertex   3.833600e+01 -9.986603e+00 1.370000e+00
    endloop
  endfacet
  facet normal -1.838524e-18 -8.191520e-01 5.735764e-01
    outer loop
      vertex   3.833600e+01 -9.976604e+00 1.384279e+00
      vertex   3.833600e+01 -9.986603e+00 1.370000e+00
      vertex   3.869800e+01 -9.986603e+00 1.370000e+00
    endloop
  endfacet
  facet normal 0.000000e+00 -9.063078e-01 4.226183e-01
    outer loop
      vertex   3.869800e+01 -9.986603e+00 1.370000e+00
      vertex   3.833600e+01 -9.986603e+00 1.370000e+00
      vertex   3.869800e+01 -9.993969e+00 1.354202e+00
    endloop
  endfacet
  facet normal 0.000000e+00 -2.588190e-01 9.659258e-01
    outer loop
      vertex   3.580200e+01 -9.917365e+00 1.418481e+00
      vertex   3.616400e+01 -9.934202e+00 1.413969e+00
      vertex   3.616400e+01 -9.917365e+00 1.418481e+00
    endloop
  endfacet
  facet normal -7.378335e-19 -2.588190e-01 9.659258e-01
    outer loop
      vertex   3.616400e+01 -9.917365e+00 1.418481e+00
      vertex   3.616400e+01 -9.934202e+00 1.413969e+00
      vertex   3.652600e+01 -9.934202e+00 1.413969e+00
    endloop
  endfacet
  facet normal 0.000000e+00 -2.588190e-01 9.659258e-01
    outer loop
      vertex   3.616400e+01 -9.917365e+00 1.418481e+00
      vertex   3.652600e+01 -9.934202e+00 1.413969e+00
      vertex   3.652600e+01 -9.917365e+00 1.418481e+00
    endloop
  endfacet
  facet normal -7.378335e-19 -2.588190e-01 9.659258e-01
    outer loop
      vertex   3.652600e+01 -9.917365e+00 1.418481e+00
      vertex   3.652600e+01 -9.934202e+00 1.413969e+00
      vertex   3.688800e+01 -9.934202e+00 1.413969e+00
    endloop
  endfacet
  facet normal -6.110488e-16 -8.715574e-02 9.961947e-01
    outer loop
      vertex   3.688800e+01 -9.917365e+00 1.418481e+00
      vertex   3.725000e+01 -9.917365e+00 1.418481e+00
      vertex   3.906000e+01 -9.900000e+00 1.420000e+00
    endloop
  endfacet
  facet normal 2.395372e-19 -8.715574e-02 9.961947e-01
    outer loop
      vertex   3.906000e+01 -9.900000e+00 1.420000e+00
      vertex   3.725000e+01 -9.917365e+00 1.418481e+00
      vertex   3.761200e+01 -9.917365e+00 1.418481e+00
    endloop
  endfacet
  facet normal 2.395372e-19 -8.715574e-02 9.961947e-01
    outer loop
      vertex   3.906000e+01 -9.900000e+00 1.420000e+00
      vertex   3.761200e+01 -9.917365e+00 1.418481e+00
      vertex   3.797400e+01 -9.917365e+00 1.418481e+00
    endloop
  endfacet
  facet normal 0.000000e+00 -2.588190e-01 9.659258e-01
    outer loop
      vertex   3.797400e+01 -9.917365e+00 1.418481e+00
      vertex   3.761200e+01 -9.917365e+00 1.418481e+00
      vertex   3.797400e+01 -9.934202e+00 1.413969e+00
    endloop
  endfacet
  facet normal -5.935195e-16 -2.588190e-01 9.659258e-01
    outer loop
      vertex   3.797400e+01 -9.917365e+00 1.418481e+00
      vertex   3.797400e+01 -9.934202e+00 1.413969e+00
      vertex   3.833600e+01 -9.934202e+00 1.413969e+00
    endloop
  endfacet
  facet normal -5.559137e-16 -4.226183e-01 9.063078e-01
    outer loop
      vertex   3.833600e+01 -9.934202e+00 1.413969e+00
      vertex   3.797400e+01 -9.934202e+00 1.413969e+00
      vertex   3.833600e+01 -9.950000e+00 1.406603e+00
    endloop
  endfacet
  facet normal 7.414661e-19 -4.226183e-01 9.063078e-01
    outer loop
      vertex   3.833600e+01 -9.934202e+00 1.413969e+00
      vertex   3.833600e+01 -9.950000e+00 1.406603e+00
      vertex   3.869800e+01 -9.950000e+00 1.406603e+00
    endloop
  endfacet
  facet normal 0.000000e+00 -5.735764e-01 8.191520e-01
    outer loop
      vertex   3.869800e+01 -9.950000e+00 1.406603e+00
      vertex   3.833600e+01 -9.950000e+00 1.406603e+00
      vertex   3.869800e+01 -9.964279e+00 1.396604e+00
    endloop
  endfacet
  facet normal -5.924824e-16 -2.588190e-01 9.659258e-01
    outer loop
      vertex   3.688800e+01 -9.917365e+00 1.418481e+00
      vertex   3.725000e+01 -9.934202e+00 1.413969e+00
      vertex   3.725000e+01 -9.917365e+00 1.418481e+00
    endloop
  endfacet
  facet normal -7.378335e-19 -2.588190e-01 9.659258e-01
    outer loop
      vertex   3.725000e+01 -9.917365e+00 1.418481e+00
      vertex   3.725000e+01 -9.934202e+00 1.413969e+00
      vertex   3.761200e+01 -9.934202e+00 1.413969e+00
    endloop
  endfacet
  facet normal 0.000000e+00 -2.588190e-01 9.659258e-01
    outer loop
      vertex   3.725000e+01 -9.917365e+00 1.418481e+00
      vertex   3.761200e+01 -9.934202e+00 1.413969e+00
      vertex   3.761200e+01 -9.917365e+00 1.418481e+00
    endloop
  endfacet
  facet normal 5.917445e-16 -2.588190e-01 9.659258e-01
    outer loop
      vertex   3.761200e+01 -9.917365e+00 1.418481e+00
      vertex   3.761200e+01 -9.934202e+00 1.413969e+00
      vertex   3.797400e+01 -9.934202e+00 1.413969e+00
    endloop
  endfacet
  facet normal 0.000000e+00 -8.715574e-02 9.961947e-01
    outer loop
      vertex   3.869800e+01 -9.917365e+00 1.418481e+00
      vertex   3.906000e+01 -9.900000e+00 1.420000e+00
      vertex   3.833600e+01 -9.917365e+00 1.418481e+00
    endloop
  endfacet
  facet normal -6.110488e-16 -8.715574e-02 9.961947e-01
    outer loop
      vertex   3.833600e+01 -9.917365e+00 1.418481e+00
      vertex   3.906000e+01 -9.900000e+00 1.420000e+00
      vertex   3.797400e+01 -9.917365e+00 1.418481e+00
    endloop
  endfacet
  facet normal -5.924824e-16 -2.588190e-01 9.659258e-01
    outer loop
      vertex   3.833600e+01 -9.917365e+00 1.418481e+00
      vertex   3.797400e+01 -9.917365e+00 1.418481e+00
      vertex   3.833600e+01 -9.934202e+00 1.413969e+00
    endloop
  endfacet
  facet normal -1.037170e-18 -2.588190e-01 9.659258e-01
    outer loop
      vertex   3.869800e+01 -9.934202e+00 1.413969e+00
      vertex   3.869800e+01 -9.917365e+00 1.418481e+00
      vertex   3.833600e+01 -9.917365e+00 1.418481e+00
    endloop
  endfacet
  facet normal 0.000000e+00 -2.588190e-01 9.659258e-01
    outer loop
      vertex   3.869800e+01 -9.934202e+00 1.413969e+00
      vertex   3.833600e+01 -9.917365e+00 1.418481e+00
      vertex   3.833600e+01 -9.934202e+00 1.413969e+00
    endloop
  endfacet
  facet normal -7.378335e-19 -2.588190e-01 9.659258e-01
    outer loop
      vertex   3.254400e+01 -9.917365e+00 1.418481e+00
      vertex   3.254400e+01 -9.934202e+00 1.413969e+00
      vertex   3.290600e+01 -9.934202e+00 1.413969e+00
    endloop
  endfacet
  facet normal 0.000000e+00 -4.226183e-01 9.063078e-01
    outer loop
      vertex   3.290600e+01 -9.934202e+00 1.413969e+00
      vertex   3.254400e+01 -9.934202e+00 1.413969e+00
      vertex   3.290600e+01 -9.950000e+00 1.406603e+00
    endloop
  endfacet
  facet normal -1.050189e-18 -4.226183e-01 9.063078e-01
    outer loop
      vertex   3.290600e+01 -9.934202e+00 1.413969e+00
      vertex   3.290600e+01 -9.950000e+00 1.406603e+00
      vertex   3.326800e+01 -9.950000e+00 1.406603e+00
    endloop
  endfacet
  facet normal 0.000000e+00 -5.735764e-01 8.191520e-01
    outer loop
      vertex   3.326800e+01 -9.950000e+00 1.406603e+00
      vertex   3.290600e+01 -9.950000e+00 1.406603e+00
      vertex   3.326800e+01 -9.964279e+00 1.396604e+00
    endloop
  endfacet
  facet normal -5.044591e-16 -5.735764e-01 8.191520e-01
    outer loop
      vertex   3.326800e+01 -9.950000e+00 1.406603e+00
      vertex   3.326800e+01 -9.964279e+00 1.396604e+00
      vertex   3.363000e+01 -9.964279e+00 1.396604e+00
    endloop
  endfacet
  facet normal -4.337272e-16 -7.071068e-01 7.071068e-01
    outer loop
      vertex   3.363000e+01 -9.964279e+00 1.396604e+00
      vertex   3.326800e+01 -9.964279e+00 1.396604e+00
      vertex   3.363000e+01 -9.976604e+00 1.384279e+00
    endloop
  endfacet
  facet normal 1.988818e-18 -7.071068e-01 7.071068e-01
    outer loop
      vertex   3.363000e+01 -9.964279e+00 1.396604e+00
      vertex   3.363000e+01 -9.976604e+00 1.384279e+00
      vertex   3.399200e+01 -9.976604e+00 1.384279e+00
    endloop
  endfacet
  facet normal 0.000000e+00 -8.191520e-01 5.735764e-01
    outer loop
      vertex   3.399200e+01 -9.976604e+00 1.384279e+00
      vertex   3.363000e+01 -9.976604e+00 1.384279e+00
      vertex   3.399200e+01 -9.986603e+00 1.370000e+00
    endloop
  endfacet
  facet normal -1.017246e-18 -8.191520e-01 5.735764e-01
    outer loop
      vertex   3.399200e+01 -9.976604e+00 1.384279e+00
      vertex   3.399200e+01 -9.986603e+00 1.370000e+00
      vertex   3.435400e+01 -9.986603e+00 1.370000e+00
    endloop
  endfacet
  facet normal 0.000000e+00 -9.063078e-01 4.226183e-01
    outer loop
      vertex   3.435400e+01 -9.986603e+00 1.370000e+00
      vertex   3.399200e+01 -9.986603e+00 1.370000e+00
      vertex   3.435400e+01 -9.993969e+00 1.354202e+00
    endloop
  endfacet
  facet normal -2.595648e-16 -9.063078e-01 4.226183e-01
    outer loop
      vertex   3.435400e+01 -9.986603e+00 1.370000e+00
      vertex   3.435400e+01 -9.993969e+00 1.354202e+00
      vertex   3.471600e+01 -9.993969e+00 1.354202e+00
    endloop
  endfacet
  facet normal -1.587552e-16 -9.659258e-01 2.588190e-01
    outer loop
      vertex   3.471600e+01 -9.993969e+00 1.354202e+00
      vertex   3.435400e+01 -9.993969e+00 1.354202e+00
      vertex   3.471600e+01 -9.998481e+00 1.337365e+00
    endloop
  endfacet
  facet normal -9.232515e-19 -9.659258e-01 2.588190e-01
    outer loop
      vertex   3.471600e+01 -9.993969e+00 1.354202e+00
      vertex   3.471600e+01 -9.998481e+00 1.337365e+00
      vertex   3.507800e+01 -9.998481e+00 1.337365e+00
    endloop
  endfacet
  facet normal 0.000000e+00 -9.961947e-01 8.715574e-02
    outer loop
      vertex   3.507800e+01 -9.998481e+00 1.337365e+00
      vertex   3.471600e+01 -9.998481e+00 1.337365e+00
      vertex   3.182000e+01 -1.000000e+01 1.320000e+00
    endloop
  endfacet
  facet normal 0.000000e+00 -4.226183e-01 9.063078e-01
    outer loop
      vertex   3.290600e+01 -9.950000e+00 1.406603e+00
      vertex   3.254400e+01 -9.934202e+00 1.413969e+00
      vertex   3.254400e+01 -9.950000e+00 1.406603e+00
    endloop
  endfacet
  facet normal -1.111827e-15 -4.226183e-01 9.063078e-01
    outer loop
      vertex   3.326800e+01 -9.934202e+00 1.413969e+00
      vertex   3.363000e+01 -9.950000e+00 1.406603e+00
      vertex   3.363000e+01 -9.934202e+00 1.413969e+00
    endloop
  endfacet
  facet normal 3.853614e-19 -4.226183e-01 9.063078e-01
    outer loop
      vertex   3.363000e+01 -9.934202e+00 1.413969e+00
      vertex   3.363000e+01 -9.950000e+00 1.406603e+00
      vertex   3.399200e+01 -9.950000e+00 1.406603e+00
    endloop
  endfacet
  facet normal 0.000000e+00 -4.226183e-01 9.063078e-01
    outer loop
      vertex   3.363000e+01 -9.934202e+00 1.413969e+00
      vertex   3.399200e+01 -9.950000e+00 1.406603e+00
      vertex   3.399200e+01 -9.934202e+00 1.413969e+00
    endloop
  endfacet
  facet normal 3.853614e-19 -4.226183e-01 9.063078e-01
    outer loop
      vertex   3.399200e+01 -9.934202e+00 1.413969e+00
      vertex   3.399200e+01 -9.950000e+00 1.406603e+00
      vertex   3.435400e+01 -9.950000e+00 1.406603e+00
    endloop
  endfacet
  facet normal -5.559137e-16 -4.226183e-01 9.063078e-01
    outer loop
      vertex   3.435400e+01 -9.934202e+00 1.413969e+00
      vertex   3.471600e+01 -9.950000e+00 1.406603e+00
      vertex   3.471600e+01 -9.934202e+00 1.413969e+00
    endloop
  endfacet
  facet normal 3.853614e-19 -4.226183e-01 9.063078e-01
    outer loop
      vertex   3.471600e+01 -9.934202e+00 1.413969e+00
      vertex   3.471600e+01 -9.950000e+00 1.406603e+00
      vertex   3.507800e+01 -9.950000e+00 1.406603e+00
    endloop
  endfacet
  facet normal 0.000000e+00 -4.226183e-01 9.063078e-01
    outer loop
      vertex   3.471600e+01 -9.934202e+00 1.413969e+00
      vertex   3.507800e+01 -9.950000e+00 1.406603e+00
      vertex   3.507800e+01 -9.934202e+00 1.413969e+00
    endloop
  endfacet
  facet normal 3.853614e-19 -4.226183e-01 9.063078e-01
    outer loop
      vertex   3.507800e+01 -9.934202e+00 1.413969e+00
      vertex   3.507800e+01 -9.950000e+00 1.406603e+00
      vertex   3.544000e+01 -9.950000e+00 1.406603e+00
    endloop
  endfacet
  facet normal 0.000000e+00 -4.226183e-01 9.063078e-01
    outer loop
      vertex   3.616400e+01 -9.950000e+00 1.406603e+00
      vertex   3.580200e+01 -9.934202e+00 1.413969e+00
      vertex   3.580200e+01 -9.950000e+00 1.406603e+00
    endloop
  endfacet
  facet normal -5.555283e-16 -4.226183e-01 9.063078e-01
    outer loop
      vertex   3.580200e+01 -9.950000e+00 1.406603e+00
      vertex   3.580200e+01 -9.934202e+00 1.413969e+00
      vertex   3.544000e+01 -9.934202e+00 1.413969e+00
    endloop
  endfacet
  facet normal 0.000000e+00 -4.226183e-01 9.063078e-01
    outer loop
      vertex   3.616400e+01 -9.934202e+00 1.413969e+00
      vertex   3.652600e+01 -9.950000e+00 1.406603e+00
      vertex   3.652600e+01 -9.934202e+00 1.413969e+00
    endloop
  endfacet
  facet normal 3.853614e-19 -4.226183e-01 9.063078e-01
    outer loop
      vertex   3.652600e+01 -9.934202e+00 1.413969e+00
      vertex   3.652600e+01 -9.950000e+00 1.406603e+00
      vertex   3.688800e+01 -9.950000e+00 1.406603e+00
    endloop
  endfacet
  facet normal 0.000000e+00 -4.226183e-01 9.063078e-01
    outer loop
      vertex   3.652600e+01 -9.934202e+00 1.413969e+00
      vertex   3.688800e+01 -9.950000e+00 1.406603e+00
      vertex   3.688800e+01 -9.934202e+00 1.413969e+00
    endloop
  endfacet
  facet normal -1.111442e-15 -4.226183e-01 9.063078e-01
    outer loop
      vertex   3.688800e+01 -9.934202e+00 1.413969e+00
      vertex   3.688800e+01 -9.950000e+00 1.406603e+00
      vertex   3.725000e+01 -9.950000e+00 1.406603e+00
    endloop
  endfacet
  facet normal 0.000000e+00 -4.226183e-01 9.063078e-01
    outer loop
      vertex   3.725000e+01 -9.934202e+00 1.413969e+00
      vertex   3.761200e+01 -9.950000e+00 1.406603e+00
      vertex   3.761200e+01 -9.934202e+00 1.413969e+00
    endloop
  endfacet
  facet normal 7.414661e-19 -4.226183e-01 9.063078e-01
    outer loop
      vertex   3.761200e+01 -9.934202e+00 1.413969e+00
      vertex   3.761200e+01 -9.950000e+00 1.406603e+00
      vertex   3.797400e+01 -9.950000e+00 1.406603e+00
    endloop
  endfacet
  facet normal 5.559137e-16 -4.226183e-01 9.063078e-01
    outer loop
      vertex   3.761200e+01 -9.934202e+00 1.413969e+00
      vertex   3.797400e+01 -9.950000e+00 1.406603e+00
      vertex   3.797400e+01 -9.934202e+00 1.413969e+00
    endloop
  endfacet
  facet normal -1.050189e-18 -4.226183e-01 9.063078e-01
    outer loop
      vertex   3.797400e+01 -9.934202e+00 1.413969e+00
      vertex   3.797400e+01 -9.950000e+00 1.406603e+00
      vertex   3.833600e+01 -9.950000e+00 1.406603e+00
    endloop
  endfacet
  facet normal 7.414661e-19 -4.226183e-01 9.063078e-01
    outer loop
      vertex   3.869800e+01 -9.950000e+00 1.406603e+00
      vertex   3.869800e+01 -9.934202e+00 1.413969e+00
      vertex   3.833600e+01 -9.934202e+00 1.413969e+00
    endloop
  endfacet
  facet normal 0.000000e+00 -5.735764e-01 8.191520e-01
    outer loop
      vertex   3.290600e+01 -9.950000e+00 1.406603e+00
      vertex   3.254400e+01 -9.950000e+00 1.406603e+00
      vertex   3.290600e+01 -9.964279e+00 1.396604e+00
    endloop
  endfacet
  facet normal -2.814576e-15 -5.735764e-01 8.191520e-01
    outer loop
      vertex   3.290600e+01 -9.964279e+00 1.396604e+00
      vertex   3.254400e+01 -9.950000e+00 1.406603e+00
      vertex   3.254400e+01 -9.964279e+00 1.396604e+00
    endloop
  endfacet
  facet normal -3.469818e-15 -7.071068e-01 7.071068e-01
    outer loop
      vertex   3.290600e+01 -9.964279e+00 1.396604e+00
      vertex   3.254400e+01 -9.964279e+00 1.396604e+00
      vertex   3.290600e+01 -9.976604e+00 1.384279e+00
    endloop
  endfacet
  facet normal 4.337272e-16 -7.071068e-01 7.071068e-01
    outer loop
      vertex   3.290600e+01 -9.976604e+00 1.384279e+00
      vertex   3.254400e+01 -9.964279e+00 1.396604e+00
      vertex   3.254400e+01 -9.976604e+00 1.384279e+00
    endloop
  endfacet
  facet normal 3.518220e-16 -8.191520e-01 5.735764e-01
    outer loop
      vertex   3.290600e+01 -9.976604e+00 1.384279e+00
      vertex   3.254400e+01 -9.976604e+00 1.384279e+00
      vertex   3.290600e+01 -9.986603e+00 1.370000e+00
    endloop
  endfacet
  facet normal 0.000000e+00 -8.191520e-01 5.735764e-01
    outer loop
      vertex   3.290600e+01 -9.986603e+00 1.370000e+00
      vertex   3.254400e+01 -9.976604e+00 1.384279e+00
      vertex   3.254400e+01 -9.986603e+00 1.370000e+00
    endloop
  endfacet
  facet normal 0.000000e+00 -9.063078e-01 4.226183e-01
    outer loop
      vertex   3.290600e+01 -9.986603e+00 1.370000e+00
      vertex   3.254400e+01 -9.986603e+00 1.370000e+00
      vertex   3.290600e+01 -9.993969e+00 1.354202e+00
    endloop
  endfacet
  facet normal 0.000000e+00 -9.063078e-01 4.226183e-01
    outer loop
      vertex   3.290600e+01 -9.993969e+00 1.354202e+00
      vertex   3.254400e+01 -9.986603e+00 1.370000e+00
      vertex   3.254400e+01 -9.993969e+00 1.354202e+00
    endloop
  endfacet
  facet normal 0.000000e+00 -9.659258e-01 2.588190e-01
    outer loop
      vertex   3.290600e+01 -9.993969e+00 1.354202e+00
      vertex   3.254400e+01 -9.993969e+00 1.354202e+00
      vertex   3.290600e+01 -9.998481e+00 1.337365e+00
    endloop
  endfacet
  facet normal 0.000000e+00 -9.659258e-01 2.588190e-01
    outer loop
      vertex   3.290600e+01 -9.998481e+00 1.337365e+00
      vertex   3.254400e+01 -9.993969e+00 1.354202e+00
      vertex   3.254400e+01 -9.998481e+00 1.337365e+00
    endloop
  endfacet
  facet normal 0.000000e+00 -9.961947e-01 8.715574e-02
    outer loop
      vertex   3.290600e+01 -9.998481e+00 1.337365e+00
      vertex   3.254400e+01 -9.998481e+00 1.337365e+00
      vertex   3.182000e+01 -1.000000e+01 1.320000e+00
    endloop
  endfacet
  facet normal 0.000000e+00 -5.735764e-01 8.191520e-01
    outer loop
      vertex   3.363000e+01 -9.950000e+00 1.406603e+00
      vertex   3.399200e+01 -9.964279e+00 1.396604e+00
      vertex   3.399200e+01 -9.950000e+00 1.406603e+00
    endloop
  endfacet
  facet normal -1.883312e-18 -5.735764e-01 8.191520e-01
    outer loop
      vertex   3.399200e+01 -9.950000e+00 1.406603e+00
      vertex   3.399200e+01 -9.964279e+00 1.396604e+00
      vertex   3.435400e+01 -9.964279e+00 1.396604e+00
    endloop
  endfacet
  facet normal 0.000000e+00 -5.735764e-01 8.191520e-01
    outer loop
      vertex   3.399200e+01 -9.950000e+00 1.406603e+00
      vertex   3.435400e+01 -9.964279e+00 1.396604e+00
      vertex   3.435400e+01 -9.950000e+00 1.406603e+00
    endloop
  endfacet
  facet normal -5.043372e-16 -5.735764e-01 8.191520e-01
    outer loop
      vertex   3.435400e+01 -9.950000e+00 1.406603e+00
      vertex   3.435400e+01 -9.964279e+00 1.396604e+00
      vertex   3.471600e+01 -9.964279e+00 1.396604e+00
    endloop
  endfacet
  facet normal 0.000000e+00 -5.735764e-01 8.191520e-01
    outer loop
      vertex   3.471600e+01 -9.950000e+00 1.406603e+00
      vertex   3.507800e+01 -9.964279e+00 1.396604e+00
      vertex   3.507800e+01 -9.950000e+00 1.406603e+00
    endloop
  endfacet
  facet normal -1.883312e-18 -5.735764e-01 8.191520e-01
    outer loop
      vertex   3.507800e+01 -9.950000e+00 1.406603e+00
      vertex   3.507800e+01 -9.964279e+00 1.396604e+00
      vertex   3.544000e+01 -9.964279e+00 1.396604e+00
    endloop
  endfacet
  facet normal 0.000000e+00 -5.735764e-01 8.191520e-01
    outer loop
      vertex   3.507800e+01 -9.950000e+00 1.406603e+00
      vertex   3.544000e+01 -9.964279e+00 1.396604e+00
      vertex   3.544000e+01 -9.950000e+00 1.406603e+00
    endloop
  endfacet
  facet normal -1.006791e-15 -5.735764e-01 8.191520e-01
    outer loop
      vertex   3.544000e+01 -9.950000e+00 1.406603e+00
      vertex   3.544000e+01 -9.964279e+00 1.396604e+00
      vertex   3.580200e+01 -9.964279e+00 1.396604e+00
    endloop
  endfacet
  facet normal 1.004908e-15 -5.735764e-01 8.191520e-01
    outer loop
      vertex   3.652600e+01 -9.964279e+00 1.396604e+00
      vertex   3.616400e+01 -9.950000e+00 1.406603e+00
      vertex   3.616400e+01 -9.964279e+00 1.396604e+00
    endloop
  endfacet
  facet normal -1.761361e-18 -5.735764e-01 8.191520e-01
    outer loop
      vertex   3.616400e+01 -9.964279e+00 1.396604e+00
      vertex   3.616400e+01 -9.950000e+00 1.406603e+00
      vertex   3.580200e+01 -9.950000e+00 1.406603e+00
    endloop
  endfacet
  facet normal 0.000000e+00 -5.735764e-01 8.191520e-01
    outer loop
      vertex   3.652600e+01 -9.950000e+00 1.406603e+00
      vertex   3.688800e+01 -9.964279e+00 1.396604e+00
      vertex   3.688800e+01 -9.950000e+00 1.406603e+00
    endloop
  endfacet
  facet normal -1.006913e-15 -5.735764e-01 8.191520e-01
    outer loop
      vertex   3.688800e+01 -9.950000e+00 1.406603e+00
      vertex   3.688800e+01 -9.964279e+00 1.396604e+00
      vertex   3.725000e+01 -9.964279e+00 1.396604e+00
    endloop
  endfacet
  facet normal -1.004908e-15 -5.735764e-01 8.191520e-01
    outer loop
      vertex   3.688800e+01 -9.950000e+00 1.406603e+00
      vertex   3.725000e+01 -9.964279e+00 1.396604e+00
      vertex   3.725000e+01 -9.950000e+00 1.406603e+00
    endloop
  endfacet
  facet normal -2.005262e-18 -5.735764e-01 8.191520e-01
    outer loop
      vertex   3.725000e+01 -9.950000e+00 1.406603e+00
      vertex   3.725000e+01 -9.964279e+00 1.396604e+00
      vertex   3.761200e+01 -9.964279e+00 1.396604e+00
    endloop
  endfacet
  facet normal 0.000000e+00 -5.735764e-01 8.191520e-01
    outer loop
      vertex   3.761200e+01 -9.950000e+00 1.406603e+00
      vertex   3.797400e+01 -9.964279e+00 1.396604e+00
      vertex   3.797400e+01 -9.950000e+00 1.406603e+00
    endloop
  endfacet
  facet normal -5.044591e-16 -5.735764e-01 8.191520e-01
    outer loop
      vertex   3.797400e+01 -9.950000e+00 1.406603e+00
      vertex   3.797400e+01 -9.964279e+00 1.396604e+00
      vertex   3.833600e+01 -9.964279e+00 1.396604e+00
    endloop
  endfacet
  facet normal 0.000000e+00 -5.735764e-01 8.191520e-01
    outer loop
      vertex   3.797400e+01 -9.950000e+00 1.406603e+00
      vertex   3.833600e+01 -9.964279e+00 1.396604e+00
      vertex   3.833600e+01 -9.950000e+00 1.406603e+00
    endloop
  endfacet
  facet normal -1.883312e-18 -5.735764e-01 8.191520e-01
    outer loop
      vertex   3.833600e+01 -9.950000e+00 1.406603e+00
      vertex   3.833600e+01 -9.964279e+00 1.396604e+00
      vertex   3.869800e+01 -9.964279e+00 1.396604e+00
    endloop
  endfacet
  facet normal 5.005705e-16 -5.735764e-01 8.191520e-01
    outer loop
      vertex   3.290600e+01 -9.950000e+00 1.406603e+00
      vertex   3.290600e+01 -9.964279e+00 1.396604e+00
      vertex   3.326800e+01 -9.964279e+00 1.396604e+00
    endloop
  endfacet
  facet normal 4.337272e-16 -7.071068e-01 7.071068e-01
    outer loop
      vertex   3.326800e+01 -9.964279e+00 1.396604e+00
      vertex   3.290600e+01 -9.964279e+00 1.396604e+00
      vertex   3.326800e+01 -9.976604e+00 1.384279e+00
    endloop
  endfacet
  facet normal -4.317384e-16 -7.071068e-01 7.071068e-01
    outer loop
      vertex   3.326800e+01 -9.964279e+00 1.396604e+00
      vertex   3.326800e+01 -9.976604e+00 1.384279e+00
      vertex   3.363000e+01 -9.976604e+00 1.384279e+00
    endloop
  endfacet
  facet normal -3.518220e-16 -8.191520e-01 5.735764e-01
    outer loop
      vertex   3.363000e+01 -9.976604e+00 1.384279e+00
      vertex   3.326800e+01 -9.976604e+00 1.384279e+00
      vertex   3.363000e+01 -9.986603e+00 1.370000e+00
    endloop
  endfacet
  facet normal -1.017246e-18 -8.191520e-01 5.735764e-01
    outer loop
      vertex   3.363000e+01 -9.976604e+00 1.384279e+00
      vertex   3.363000e+01 -9.986603e+00 1.370000e+00
      vertex   3.399200e+01 -9.986603e+00 1.370000e+00
    endloop
  endfacet
  facet normal 0.000000e+00 -9.063078e-01 4.226183e-01
    outer loop
      vertex   3.399200e+01 -9.986603e+00 1.370000e+00
      vertex   3.363000e+01 -9.986603e+00 1.370000e+00
      vertex   3.399200e+01 -9.993969e+00 1.354202e+00
    endloop
  endfacet
  facet normal -3.379798e-19 -9.063078e-01 4.226183e-01
    outer loop
      vertex   3.399200e+01 -9.986603e+00 1.370000e+00
      vertex   3.399200e+01 -9.993969e+00 1.354202e+00
      vertex   3.435400e+01 -9.993969e+00 1.354202e+00
    endloop
  endfacet
  facet normal 0.000000e+00 -9.659258e-01 2.588190e-01
    outer loop
      vertex   3.435400e+01 -9.993969e+00 1.354202e+00
      vertex   3.399200e+01 -9.993969e+00 1.354202e+00
      vertex   3.435400e+01 -9.998481e+00 1.337365e+00
    endloop
  endfacet
  facet normal -7.441984e-19 -9.659258e-01 2.588190e-01
    outer loop
      vertex   3.435400e+01 -9.993969e+00 1.354202e+00
      vertex   3.435400e+01 -9.998481e+00 1.337365e+00
      vertex   3.471600e+01 -9.998481e+00 1.337365e+00
    endloop
  endfacet
  facet normal 0.000000e+00 -9.961947e-01 8.715574e-02
    outer loop
      vertex   3.471600e+01 -9.998481e+00 1.337365e+00
      vertex   3.435400e+01 -9.998481e+00 1.337365e+00
      vertex   3.182000e+01 -1.000000e+01 1.320000e+00
    endloop
  endfacet
  facet normal 0.000000e+00 -7.071068e-01 7.071068e-01
    outer loop
      vertex   3.326800e+01 -9.976604e+00 1.384279e+00
      vertex   3.290600e+01 -9.964279e+00 1.396604e+00
      vertex   3.290600e+01 -9.976604e+00 1.384279e+00
    endloop
  endfacet
  facet normal 0.000000e+00 -7.071068e-01 7.071068e-01
    outer loop
      vertex   3.399200e+01 -9.964279e+00 1.396604e+00
      vertex   3.435400e+01 -9.976604e+00 1.384279e+00
      vertex   3.435400e+01 -9.964279e+00 1.396604e+00
    endloop
  endfacet
  facet normal -8.654656e-16 -7.071068e-01 7.071068e-01
    outer loop
      vertex   3.435400e+01 -9.964279e+00 1.396604e+00
      vertex   3.435400e+01 -9.976604e+00 1.384279e+00
      vertex   3.471600e+01 -9.976604e+00 1.384279e+00
    endloop
  endfacet
  facet normal -4.337272e-16 -7.071068e-01 7.071068e-01
    outer loop
      vertex   3.435400e+01 -9.964279e+00 1.396604e+00
      vertex   3.471600e+01 -9.976604e+00 1.384279e+00
      vertex   3.471600e+01 -9.964279e+00 1.396604e+00
    endloop
  endfacet
  facet normal 8.695635e-16 -7.071068e-01 7.071068e-01
    outer loop
      vertex   3.471600e+01 -9.964279e+00 1.396604e+00
      vertex   3.471600e+01 -9.976604e+00 1.384279e+00
      vertex   3.507800e+01 -9.976604e+00 1.384279e+00
    endloop
  endfacet
  facet normal 0.000000e+00 -7.071068e-01 7.071068e-01
    outer loop
      vertex   3.507800e+01 -9.964279e+00 1.396604e+00
      vertex   3.544000e+01 -9.976604e+00 1.384279e+00
      vertex   3.544000e+01 -9.964279e+00 1.396604e+00
    endloop
  endfacet
  facet normal -8.655859e-16 -7.071068e-01 7.071068e-01
    outer loop
      vertex   3.544000e+01 -9.964279e+00 1.396604e+00
      vertex   3.544000e+01 -9.976604e+00 1.384279e+00
      vertex   3.580200e+01 -9.976604e+00 1.384279e+00
    endloop
  endfacet
  facet normal -8.674544e-16 -7.071068e-01 7.071068e-01
    outer loop
      vertex   3.544000e+01 -9.964279e+00 1.396604e+00
      vertex   3.580200e+01 -9.976604e+00 1.384279e+00
      vertex   3.580200e+01 -9.964279e+00 1.396604e+00
    endloop
  endfacet
  facet normal 1.868535e-18 -7.071068e-01 7.071068e-01
    outer loop
      vertex   3.580200e+01 -9.964279e+00 1.396604e+00
      vertex   3.580200e+01 -9.976604e+00 1.384279e+00
      vertex   3.616400e+01 -9.976604e+00 1.384279e+00
    endloop
  endfacet
  facet normal 0.000000e+00 -7.071068e-01 7.071068e-01
    outer loop
      vertex   3.688800e+01 -9.976604e+00 1.384279e+00
      vertex   3.652600e+01 -9.964279e+00 1.396604e+00
      vertex   3.652600e+01 -9.976604e+00 1.384279e+00
    endloop
  endfacet
  facet normal 8.695635e-16 -7.071068e-01 7.071068e-01
    outer loop
      vertex   3.652600e+01 -9.976604e+00 1.384279e+00
      vertex   3.652600e+01 -9.964279e+00 1.396604e+00
      vertex   3.616400e+01 -9.964279e+00 1.396604e+00
    endloop
  endfacet
  facet normal -8.674544e-16 -7.071068e-01 7.071068e-01
    outer loop
      vertex   3.688800e+01 -9.964279e+00 1.396604e+00
      vertex   3.725000e+01 -9.976604e+00 1.384279e+00
      vertex   3.725000e+01 -9.964279e+00 1.396604e+00
    endloop
  endfacet
  facet normal 1.868535e-18 -7.071068e-01 7.071068e-01
    outer loop
      vertex   3.725000e+01 -9.964279e+00 1.396604e+00
      vertex   3.725000e+01 -9.976604e+00 1.384279e+00
      vertex   3.761200e+01 -9.976604e+00 1.384279e+00
    endloop
  endfacet
  facet normal 0.000000e+00 -7.071068e-01 7.071068e-01
    outer loop
      vertex   3.725000e+01 -9.964279e+00 1.396604e+00
      vertex   3.761200e+01 -9.976604e+00 1.384279e+00
      vertex   3.761200e+01 -9.964279e+00 1.396604e+00
    endloop
  endfacet
  facet normal 1.868535e-18 -7.071068e-01 7.071068e-01
    outer loop
      vertex   3.761200e+01 -9.964279e+00 1.396604e+00
      vertex   3.761200e+01 -9.976604e+00 1.384279e+00
      vertex   3.797400e+01 -9.976604e+00 1.384279e+00
    endloop
  endfacet
  facet normal 1.868535e-18 -7.071068e-01 7.071068e-01
    outer loop
      vertex   3.869800e+01 -9.976604e+00 1.384279e+00
      vertex   3.869800e+01 -9.964279e+00 1.396604e+00
      vertex   3.833600e+01 -9.964279e+00 1.396604e+00
    endloop
  endfacet
  facet normal 0.000000e+00 -7.071068e-01 7.071068e-01
    outer loop
      vertex   3.869800e+01 -9.976604e+00 1.384279e+00
      vertex   3.833600e+01 -9.964279e+00 1.396604e+00
      vertex   3.833600e+01 -9.976604e+00 1.384279e+00
    endloop
  endfacet
  facet normal -4.318587e-16 -7.071068e-01 7.071068e-01
    outer loop
      vertex   3.833600e+01 -9.976604e+00 1.384279e+00
      vertex   3.833600e+01 -9.964279e+00 1.396604e+00
      vertex   3.797400e+01 -9.964279e+00 1.396604e+00
    endloop
  endfacet
  facet normal 0.000000e+00 -8.191520e-01 5.735764e-01
    outer loop
      vertex   3.326800e+01 -9.976604e+00 1.384279e+00
      vertex   3.290600e+01 -9.976604e+00 1.384279e+00
      vertex   3.326800e+01 -9.986603e+00 1.370000e+00
    endloop
  endfacet
  facet normal 3.518220e-16 -8.191520e-01 5.735764e-01
    outer loop
      vertex   3.326800e+01 -9.986603e+00 1.370000e+00
      vertex   3.290600e+01 -9.976604e+00 1.384279e+00
      vertex   3.290600e+01 -9.986603e+00 1.370000e+00
    endloop
  endfacet
  facet normal 2.592268e-16 -9.063078e-01 4.226183e-01
    outer loop
      vertex   3.326800e+01 -9.986603e+00 1.370000e+00
      vertex   3.290600e+01 -9.986603e+00 1.370000e+00
      vertex   3.326800e+01 -9.993969e+00 1.354202e+00
    endloop
  endfacet
  facet normal 0.000000e+00 -9.063078e-01 4.226183e-01
    outer loop
      vertex   3.326800e+01 -9.993969e+00 1.354202e+00
      vertex   3.290600e+01 -9.986603e+00 1.370000e+00
      vertex   3.290600e+01 -9.993969e+00 1.354202e+00
    endloop
  endfacet
  facet normal 0.000000e+00 -9.659258e-01 2.588190e-01
    outer loop
      vertex   3.326800e+01 -9.993969e+00 1.354202e+00
      vertex   3.290600e+01 -9.993969e+00 1.354202e+00
      vertex   3.326800e+01 -9.998481e+00 1.337365e+00
    endloop
  endfacet
  facet normal 0.000000e+00 -9.659258e-01 2.588190e-01
    outer loop
      vertex   3.326800e+01 -9.998481e+00 1.337365e+00
      vertex   3.290600e+01 -9.993969e+00 1.354202e+00
      vertex   3.290600e+01 -9.998481e+00 1.337365e+00
    endloop
  endfacet
  facet normal 0.000000e+00 -9.961947e-01 8.715574e-02
    outer loop
      vertex   3.326800e+01 -9.998481e+00 1.337365e+00
      vertex   3.290600e+01 -9.998481e+00 1.337365e+00
      vertex   3.182000e+01 -1.000000e+01 1.320000e+00
    endloop
  endfacet
  facet normal -7.036439e-16 -8.191520e-01 5.735764e-01
    outer loop
      vertex   3.435400e+01 -9.976604e+00 1.384279e+00
      vertex   3.471600e+01 -9.986603e+00 1.370000e+00
      vertex   3.471600e+01 -9.976604e+00 1.384279e+00
    endloop
  endfacet
  facet normal 3.503941e-16 -8.191520e-01 5.735764e-01
    outer loop
      vertex   3.471600e+01 -9.976604e+00 1.384279e+00
      vertex   3.471600e+01 -9.986603e+00 1.370000e+00
      vertex   3.507800e+01 -9.986603e+00 1.370000e+00
    endloop
  endfacet
  facet normal 7.036439e-16 -8.191520e-01 5.735764e-01
    outer loop
      vertex   3.471600e+01 -9.976604e+00 1.384279e+00
      vertex   3.507800e+01 -9.986603e+00 1.370000e+00
      vertex   3.507800e+01 -9.976604e+00 1.384279e+00
    endloop
  endfacet
  facet normal -1.017246e-18 -8.191520e-01 5.735764e-01
    outer loop
      vertex   3.507800e+01 -9.976604e+00 1.384279e+00
      vertex   3.507800e+01 -9.986603e+00 1.370000e+00
      vertex   3.544000e+01 -9.986603e+00 1.370000e+00
    endloop
  endfacet
  facet normal -7.036439e-16 -8.191520e-01 5.735764e-01
    outer loop
      vertex   3.544000e+01 -9.976604e+00 1.384279e+00
      vertex   3.580200e+01 -9.986603e+00 1.370000e+00
      vertex   3.580200e+01 -9.976604e+00 1.384279e+00
    endloop
  endfacet
  facet normal -1.427885e-18 -8.191520e-01 5.735764e-01
    outer loop
      vertex   3.580200e+01 -9.976604e+00 1.384279e+00
      vertex   3.580200e+01 -9.986603e+00 1.370000e+00
      vertex   3.616400e+01 -9.986603e+00 1.370000e+00
    endloop
  endfacet
  facet normal 0.000000e+00 -8.191520e-01 5.735764e-01
    outer loop
      vertex   3.580200e+01 -9.976604e+00 1.384279e+00
      vertex   3.616400e+01 -9.986603e+00 1.370000e+00
      vertex   3.616400e+01 -9.976604e+00 1.384279e+00
    endloop
  endfacet
  facet normal 3.503941e-16 -8.191520e-01 5.735764e-01
    outer loop
      vertex   3.616400e+01 -9.976604e+00 1.384279e+00
      vertex   3.616400e+01 -9.986603e+00 1.370000e+00
      vertex   3.652600e+01 -9.986603e+00 1.370000e+00
    endloop
  endfacet
  facet normal -1.838524e-18 -8.191520e-01 5.735764e-01
    outer loop
      vertex   3.688800e+01 -9.986603e+00 1.370000e+00
      vertex   3.688800e+01 -9.976604e+00 1.384279e+00
      vertex   3.652600e+01 -9.976604e+00 1.384279e+00
    endloop
  endfacet
  facet normal 0.000000e+00 -8.191520e-01 5.735764e-01
    outer loop
      vertex   3.725000e+01 -9.976604e+00 1.384279e+00
      vertex   3.761200e+01 -9.986603e+00 1.370000e+00
      vertex   3.761200e+01 -9.976604e+00 1.384279e+00
    endloop
  endfacet
  facet normal -1.427885e-18 -8.191520e-01 5.735764e-01
    outer loop
      vertex   3.761200e+01 -9.976604e+00 1.384279e+00
      vertex   3.761200e+01 -9.986603e+00 1.370000e+00
      vertex   3.797400e+01 -9.986603e+00 1.370000e+00
    endloop
  endfacet
  facet normal 0.000000e+00 -8.191520e-01 5.735764e-01
    outer loop
      vertex   3.761200e+01 -9.976604e+00 1.384279e+00
      vertex   3.797400e+01 -9.986603e+00 1.370000e+00
      vertex   3.797400e+01 -9.976604e+00 1.384279e+00
    endloop
  endfacet
  facet normal -1.427885e-18 -8.191520e-01 5.735764e-01
    outer loop
      vertex   3.797400e+01 -9.976604e+00 1.384279e+00
      vertex   3.797400e+01 -9.986603e+00 1.370000e+00
      vertex   3.833600e+01 -9.986603e+00 1.370000e+00
    endloop
  endfacet
  facet normal -1.838524e-18 -8.191520e-01 5.735764e-01
    outer loop
      vertex   3.869800e+01 -9.986603e+00 1.370000e+00
      vertex   3.869800e+01 -9.976604e+00 1.384279e+00
      vertex   3.833600e+01 -9.976604e+00 1.384279e+00
    endloop
  endfacet
  facet normal -3.528392e-16 -8.191520e-01 5.735764e-01
    outer loop
      vertex   3.326800e+01 -9.976604e+00 1.384279e+00
      vertex   3.326800e+01 -9.986603e+00 1.370000e+00
      vertex   3.363000e+01 -9.986603e+00 1.370000e+00
    endloop
  endfacet
  facet normal -2.592268e-16 -9.063078e-01 4.226183e-01
    outer loop
      vertex   3.363000e+01 -9.986603e+00 1.370000e+00
      vertex   3.326800e+01 -9.986603e+00 1.370000e+00
      vertex   3.363000e+01 -9.993969e+00 1.354202e+00
    endloop
  endfacet
  facet normal -3.379798e-19 -9.063078e-01 4.226183e-01
    outer loop
      vertex   3.363000e+01 -9.986603e+00 1.370000e+00
      vertex   3.363000e+01 -9.993969e+00 1.354202e+00
      vertex   3.399200e+01 -9.993969e+00 1.354202e+00
    endloop
  endfacet
  facet normal 0.000000e+00 -9.659258e-01 2.588190e-01
    outer loop
      vertex   3.399200e+01 -9.993969e+00 1.354202e+00
      vertex   3.363000e+01 -9.993969e+00 1.354202e+00
      vertex   3.399200e+01 -9.998481e+00 1.337365e+00
    endloop
  endfacet
  facet normal -7.441984e-19 -9.659258e-01 2.588190e-01
    outer loop
      vertex   3.399200e+01 -9.993969e+00 1.354202e+00
      vertex   3.399200e+01 -9.998481e+00 1.337365e+00
      vertex   3.435400e+01 -9.998481e+00 1.337365e+00
    endloop
  endfacet
  facet normal 0.000000e+00 -9.961947e-01 8.715574e-02
    outer loop
      vertex   3.435400e+01 -9.998481e+00 1.337365e+00
      vertex   3.399200e+01 -9.998481e+00 1.337365e+00
      vertex   3.182000e+01 -1.000000e+01 1.320000e+00
    endloop
  endfacet
  facet normal 0.000000e+00 -9.063078e-01 4.226183e-01
    outer loop
      vertex   3.363000e+01 -9.993969e+00 1.354202e+00
      vertex   3.326800e+01 -9.986603e+00 1.370000e+00
      vertex   3.326800e+01 -9.993969e+00 1.354202e+00
    endloop
  endfacet
  facet normal 2.592268e-16 -9.063078e-01 4.226183e-01
    outer loop
      vertex   3.471600e+01 -9.986603e+00 1.370000e+00
      vertex   3.507800e+01 -9.993969e+00 1.354202e+00
      vertex   3.507800e+01 -9.986603e+00 1.370000e+00
    endloop
  endfacet
  facet normal -3.379798e-19 -9.063078e-01 4.226183e-01
    outer loop
      vertex   3.507800e+01 -9.986603e+00 1.370000e+00
      vertex   3.507800e+01 -9.993969e+00 1.354202e+00
      vertex   3.544000e+01 -9.993969e+00 1.354202e+00
    endloop
  endfacet
  facet normal 0.000000e+00 -9.063078e-01 4.226183e-01
    outer loop
      vertex   3.507800e+01 -9.986603e+00 1.370000e+00
      vertex   3.544000e+01 -9.993969e+00 1.354202e+00
      vertex   3.544000e+01 -9.986603e+00 1.370000e+00
    endloop
  endfacet
  facet normal -2.595648e-16 -9.063078e-01 4.226183e-01
    outer loop
      vertex   3.544000e+01 -9.986603e+00 1.370000e+00
      vertex   3.544000e+01 -9.993969e+00 1.354202e+00
      vertex   3.580200e+01 -9.993969e+00 1.354202e+00
    endloop
  endfacet
  facet normal 0.000000e+00 -9.063078e-01 4.226183e-01
    outer loop
      vertex   3.580200e+01 -9.986603e+00 1.370000e+00
      vertex   3.616400e+01 -9.993969e+00 1.354202e+00
      vertex   3.616400e+01 -9.986603e+00 1.370000e+00
    endloop
  endfacet
  facet normal 2.588888e-16 -9.063078e-01 4.226183e-01
    outer loop
      vertex   3.616400e+01 -9.986603e+00 1.370000e+00
      vertex   3.616400e+01 -9.993969e+00 1.354202e+00
      vertex   3.652600e+01 -9.993969e+00 1.354202e+00
    endloop
  endfacet
  facet normal 2.592268e-16 -9.063078e-01 4.226183e-01
    outer loop
      vertex   3.616400e+01 -9.986603e+00 1.370000e+00
      vertex   3.652600e+01 -9.993969e+00 1.354202e+00
      vertex   3.652600e+01 -9.986603e+00 1.370000e+00
    endloop
  endfacet
  facet normal -3.379798e-19 -9.063078e-01 4.226183e-01
    outer loop
      vertex   3.652600e+01 -9.986603e+00 1.370000e+00
      vertex   3.652600e+01 -9.993969e+00 1.354202e+00
      vertex   3.688800e+01 -9.993969e+00 1.354202e+00
    endloop
  endfacet
  facet normal 2.592268e-16 -9.063078e-01 4.226183e-01
    outer loop
      vertex   3.761200e+01 -9.993969e+00 1.354202e+00
      vertex   3.725000e+01 -9.986603e+00 1.370000e+00
      vertex   3.725000e+01 -9.993969e+00 1.354202e+00
    endloop
  endfacet
  facet normal 0.000000e+00 -9.063078e-01 4.226183e-01
    outer loop
      vertex   3.761200e+01 -9.986603e+00 1.370000e+00
      vertex   3.797400e+01 -9.993969e+00 1.354202e+00
      vertex   3.797400e+01 -9.986603e+00 1.370000e+00
    endloop
  endfacet
  facet normal -2.602169e-16 -9.063078e-01 4.226183e-01
    outer loop
      vertex   3.797400e+01 -9.986603e+00 1.370000e+00
      vertex   3.797400e+01 -9.993969e+00 1.354202e+00
      vertex   3.833600e+01 -9.993969e+00 1.354202e+00
    endloop
  endfacet
  facet normal 0.000000e+00 -9.063078e-01 4.226183e-01
    outer loop
      vertex   3.797400e+01 -9.986603e+00 1.370000e+00
      vertex   3.833600e+01 -9.993969e+00 1.354202e+00
      vertex   3.833600e+01 -9.986603e+00 1.370000e+00
    endloop
  endfacet
  facet normal -3.379798e-19 -9.063078e-01 4.226183e-01
    outer loop
      vertex   3.833600e+01 -9.986603e+00 1.370000e+00
      vertex   3.833600e+01 -9.993969e+00 1.354202e+00
      vertex   3.869800e+01 -9.993969e+00 1.354202e+00
    endloop
  endfacet
  facet normal 0.000000e+00 -9.659258e-01 2.588190e-01
    outer loop
      vertex   3.363000e+01 -9.993969e+00 1.354202e+00
      vertex   3.326800e+01 -9.993969e+00 1.354202e+00
      vertex   3.363000e+01 -9.998481e+00 1.337365e+00
    endloop
  endfacet
  facet normal 0.000000e+00 -9.659258e-01 2.588190e-01
    outer loop
      vertex   3.363000e+01 -9.998481e+00 1.337365e+00
      vertex   3.326800e+01 -9.993969e+00 1.354202e+00
      vertex   3.326800e+01 -9.998481e+00 1.337365e+00
    endloop
  endfacet
  facet normal 0.000000e+00 -9.961947e-01 8.715574e-02
    outer loop
      vertex   3.363000e+01 -9.998481e+00 1.337365e+00
      vertex   3.326800e+01 -9.998481e+00 1.337365e+00
      vertex   3.182000e+01 -1.000000e+01 1.320000e+00
    endloop
  endfacet
  facet normal 0.000000e+00 -9.659258e-01 2.588190e-01
    outer loop
      vertex   3.507800e+01 -9.993969e+00 1.354202e+00
      vertex   3.544000e+01 -9.998481e+00 1.337365e+00
      vertex   3.544000e+01 -9.993969e+00 1.354202e+00
    endloop
  endfacet
  facet normal -1.594994e-16 -9.659258e-01 2.588190e-01
    outer loop
      vertex   3.544000e+01 -9.993969e+00 1.354202e+00
      vertex   3.544000e+01 -9.998481e+00 1.337365e+00
      vertex   3.580200e+01 -9.998481e+00 1.337365e+00
    endloop
  endfacet
  facet normal -1.587552e-16 -9.659258e-01 2.588190e-01
    outer loop
      vertex   3.544000e+01 -9.993969e+00 1.354202e+00
      vertex   3.580200e+01 -9.998481e+00 1.337365e+00
      vertex   3.580200e+01 -9.993969e+00 1.354202e+00
    endloop
  endfacet
  facet normal 1.580110e-16 -9.659258e-01 2.588190e-01
    outer loop
      vertex   3.580200e+01 -9.993969e+00 1.354202e+00
      vertex   3.580200e+01 -9.998481e+00 1.337365e+00
      vertex   3.616400e+01 -9.998481e+00 1.337365e+00
    endloop
  endfacet
  facet normal -7.441984e-19 -9.659258e-01 2.588190e-01
    outer loop
      vertex   3.688800e+01 -9.998481e+00 1.337365e+00
      vertex   3.688800e+01 -9.993969e+00 1.354202e+00
      vertex   3.652600e+01 -9.993969e+00 1.354202e+00
    endloop
  endfacet
  facet normal 0.000000e+00 -9.659258e-01 2.588190e-01
    outer loop
      vertex   3.688800e+01 -9.998481e+00 1.337365e+00
      vertex   3.652600e+01 -9.993969e+00 1.354202e+00
      vertex   3.652600e+01 -9.998481e+00 1.337365e+00
    endloop
  endfacet
  facet normal 1.580110e-16 -9.659258e-01 2.588190e-01
    outer loop
      vertex   3.652600e+01 -9.998481e+00 1.337365e+00
      vertex   3.652600e+01 -9.993969e+00 1.354202e+00
      vertex   3.616400e+01 -9.993969e+00 1.354202e+00
    endloop
  endfacet
  facet normal 1.587552e-16 -9.659258e-01 2.588190e-01
    outer loop
      vertex   3.761200e+01 -9.993969e+00 1.354202e+00
      vertex   3.725000e+01 -9.993969e+00 1.354202e+00
      vertex   3.761200e+01 -9.998481e+00 1.337365e+00
    endloop
  endfacet
  facet normal 0.000000e+00 -9.659258e-01 2.588190e-01
    outer loop
      vertex   3.761200e+01 -9.998481e+00 1.337365e+00
      vertex   3.725000e+01 -9.993969e+00 1.354202e+00
      vertex   3.725000e+01 -9.998481e+00 1.337365e+00
    endloop
  endfacet
  facet normal 0.000000e+00 -9.961947e-01 8.715574e-02
    outer loop
      vertex   3.761200e+01 -9.998481e+00 1.337365e+00
      vertex   3.725000e+01 -9.998481e+00 1.337365e+00
      vertex   3.906000e+01 -1.000000e+01 1.320000e+00
    endloop
  endfacet
  facet normal -9.232515e-19 -9.659258e-01 2.588190e-01
    outer loop
      vertex   3.869800e+01 -9.998481e+00 1.337365e+00
      vertex   3.869800e+01 -9.993969e+00 1.354202e+00
      vertex   3.833600e+01 -9.993969e+00 1.354202e+00
    endloop
  endfacet
  facet normal 1.587552e-16 -9.659258e-01 2.588190e-01
    outer loop
      vertex   3.869800e+01 -9.998481e+00 1.337365e+00
      vertex   3.833600e+01 -9.993969e+00 1.354202e+00
      vertex   3.833600e+01 -9.998481e+00 1.337365e+00
    endloop
  endfacet
  facet normal -1.594994e-16 -9.659258e-01 2.588190e-01
    outer loop
      vertex   3.833600e+01 -9.998481e+00 1.337365e+00
      vertex   3.833600e+01 -9.993969e+00 1.354202e+00
      vertex   3.797400e+01 -9.993969e+00 1.354202e+00
    endloop
  endfacet
  facet normal -7.045624e-20 -9.961947e-01 8.715574e-02
    outer loop
      vertex   3.182000e+01 -1.000000e+01 1.320000e+00
      vertex   3.399200e+01 -9.998481e+00 1.337365e+00
      vertex   3.363000e+01 -9.998481e+00 1.337365e+00
    endloop
  endfacet
  facet normal 0.000000e+00 -9.659258e-01 2.588190e-01
    outer loop
      vertex   3.363000e+01 -9.998481e+00 1.337365e+00
      vertex   3.399200e+01 -9.998481e+00 1.337365e+00
      vertex   3.363000e+01 -9.993969e+00 1.354202e+00
    endloop
  endfacet
  facet normal 5.338938e-17 -9.961947e-01 8.715574e-02
    outer loop
      vertex   3.906000e+01 -1.000000e+01 1.320000e+00
      vertex   3.616400e+01 -9.998481e+00 1.337365e+00
      vertex   3.580200e+01 -9.998481e+00 1.337365e+00
    endloop
  endfacet
  facet normal -5.345984e-17 -9.961947e-01 8.715574e-02
    outer loop
      vertex   3.580200e+01 -9.998481e+00 1.337365e+00
      vertex   3.544000e+01 -9.998481e+00 1.337365e+00
      vertex   3.906000e+01 -1.000000e+01 1.320000e+00
    endloop
  endfacet
  facet normal -7.045624e-20 -9.961947e-01 8.715574e-02
    outer loop
      vertex   3.906000e+01 -1.000000e+01 1.320000e+00
      vertex   3.797400e+01 -9.998481e+00 1.337365e+00
      vertex   3.761200e+01 -9.998481e+00 1.337365e+00
    endloop
  endfacet
  facet normal 0.000000e+00 -9.659258e-01 2.588190e-01
    outer loop
      vertex   3.761200e+01 -9.998481e+00 1.337365e+00
      vertex   3.797400e+01 -9.998481e+00 1.337365e+00
      vertex   3.761200e+01 -9.993969e+00 1.354202e+00
    endloop
  endfacet
  facet normal -3.066914e-16 0.000000e+00 1.000000e+00
    outer loop
      vertex   3.182000e+01 -9.900000e+00 1.420000e+00
      vertex   3.906000e+01 -9.900000e+00 1.420000e+00
      vertex   3.182000e+01 -9.314296e+00 1.420000e+00
    endloop
  endfacet
  facet normal -3.066914e-16 0.000000e+00 1.000000e+00
    outer loop
      vertex   3.182000e+01 -9.314296e+00 1.420000e+00
      vertex   3.906000e+01 -9.900000e+00 1.420000e+00
      vertex   3.906000e+01 -9.314296e+00 1.420000e+00
    endloop
  endfacet
  facet normal 1.833368e-15 -8.576805e-02 9.963151e-01
    outer loop
      vertex   3.906000e+01 -9.297205e+00 1.421471e+00
      vertex   3.869800e+01 -9.297205e+00 1.421471e+00
      vertex   3.906000e+01 -9.314296e+00 1.420000e+00
    endloop
  endfacet
  facet normal -6.112807e-16 -8.576805e-02 9.963151e-01
    outer loop
      vertex   3.906000e+01 -9.314296e+00 1.420000e+00
      vertex   3.869800e+01 -9.297205e+00 1.421471e+00
      vertex   3.833600e+01 -9.297205e+00 1.421471e+00
    endloop
  endfacet
  facet normal -1.779688e-19 -8.576805e-02 9.963151e-01
    outer loop
      vertex   3.906000e+01 -9.314296e+00 1.420000e+00
      vertex   3.833600e+01 -9.297205e+00 1.421471e+00
      vertex   3.797400e+01 -9.297205e+00 1.421471e+00
    endloop
  endfacet
  facet normal 0.000000e+00 -2.547805e-01 9.669989e-01
    outer loop
      vertex   3.797400e+01 -9.297205e+00 1.421471e+00
      vertex   3.833600e+01 -9.297205e+00 1.421471e+00
      vertex   3.797400e+01 -9.280618e+00 1.425842e+00
    endloop
  endfacet
  facet normal 1.060478e-18 -2.547805e-01 9.669989e-01
    outer loop
      vertex   3.797400e+01 -9.297205e+00 1.421471e+00
      vertex   3.797400e+01 -9.280618e+00 1.425842e+00
      vertex   3.761200e+01 -9.280618e+00 1.425842e+00
    endloop
  endfacet
  facet normal 0.000000e+00 -4.162960e-01 9.092291e-01
    outer loop
      vertex   3.761200e+01 -9.280618e+00 1.425842e+00
      vertex   3.797400e+01 -9.280618e+00 1.425842e+00
      vertex   3.761200e+01 -9.265021e+00 1.432983e+00
    endloop
  endfacet
  facet normal -5.572239e-16 -4.162960e-01 9.092291e-01
    outer loop
      vertex   3.761200e+01 -9.280618e+00 1.425842e+00
      vertex   3.761200e+01 -9.265021e+00 1.432983e+00
      vertex   3.725000e+01 -9.265021e+00 1.432983e+00
    endloop
  endfacet
  facet normal -5.058603e-16 -5.655623e-01 8.247056e-01
    outer loop
      vertex   3.725000e+01 -9.265021e+00 1.432983e+00
      vertex   3.761200e+01 -9.265021e+00 1.432983e+00
      vertex   3.725000e+01 -9.250874e+00 1.442684e+00
    endloop
  endfacet
  facet normal 1.293851e-18 -5.655623e-01 8.247056e-01
    outer loop
      vertex   3.725000e+01 -9.265021e+00 1.432983e+00
      vertex   3.725000e+01 -9.250874e+00 1.442684e+00
      vertex   3.688800e+01 -9.250874e+00 1.442684e+00
    endloop
  endfacet
  facet normal 0.000000e+00 -6.981870e-01 7.159154e-01
    outer loop
      vertex   3.688800e+01 -9.250874e+00 1.442684e+00
      vertex   3.725000e+01 -9.250874e+00 1.442684e+00
      vertex   3.688800e+01 -9.238594e+00 1.454660e+00
    endloop
  endfacet
  facet normal 7.424094e-19 -6.981870e-01 7.159154e-01
    outer loop
      vertex   3.688800e+01 -9.250874e+00 1.442684e+00
      vertex   3.688800e+01 -9.238594e+00 1.454660e+00
      vertex   3.652600e+01 -9.238594e+00 1.454660e+00
    endloop
  endfacet
  facet normal 0.000000e+00 -8.102679e-01 5.860597e-01
    outer loop
      vertex   3.652600e+01 -9.238594e+00 1.454660e+00
      vertex   3.688800e+01 -9.238594e+00 1.454660e+00
      vertex   3.652600e+01 -9.228541e+00 1.468560e+00
    endloop
  endfacet
  facet normal -3.974415e-15 -8.102679e-01 5.860597e-01
    outer loop
      vertex   3.652600e+01 -9.238594e+00 1.454660e+00
      vertex   3.652600e+01 -9.228541e+00 1.468560e+00
      vertex   3.616400e+01 -9.228541e+00 1.468560e+00
    endloop
  endfacet
  facet normal -4.409030e-15 -8.985069e-01 4.389593e-01
    outer loop
      vertex   3.616400e+01 -9.228541e+00 1.468560e+00
      vertex   3.652600e+01 -9.228541e+00 1.468560e+00
      vertex   3.616400e+01 -9.221011e+00 1.483972e+00
    endloop
  endfacet
  facet normal -2.685113e-16 -8.985069e-01 4.389593e-01
    outer loop
      vertex   3.616400e+01 -9.228541e+00 1.468560e+00
      vertex   3.616400e+01 -9.221011e+00 1.483972e+00
      vertex   3.580200e+01 -9.221011e+00 1.483972e+00
    endloop
  endfacet
  facet normal -1.710987e-16 -9.603077e-01 2.789428e-01
    outer loop
      vertex   3.580200e+01 -9.221011e+00 1.483972e+00
      vertex   3.616400e+01 -9.221011e+00 1.483972e+00
      vertex   3.580200e+01 -9.216226e+00 1.500445e+00
    endloop
  endfacet
  facet normal 1.774955e-19 -9.603077e-01 2.789428e-01
    outer loop
      vertex   3.580200e+01 -9.221011e+00 1.483972e+00
      vertex   3.580200e+01 -9.216226e+00 1.500445e+00
      vertex   3.544000e+01 -9.216226e+00 1.500445e+00
    endloop
  endfacet
  facet normal 0.000000e+00 -9.938518e-01 1.107184e-01
    outer loop
      vertex   3.544000e+01 -9.216226e+00 1.500445e+00
      vertex   3.580200e+01 -9.216226e+00 1.500445e+00
      vertex   3.544000e+01 -9.214327e+00 1.517493e+00
    endloop
  endfacet
  facet normal 6.830251e-17 -9.938518e-01 1.107184e-01
    outer loop
      vertex   3.544000e+01 -9.216226e+00 1.500445e+00
      vertex   3.544000e+01 -9.214327e+00 1.517493e+00
      vertex   3.507800e+01 -9.214327e+00 1.517493e+00
    endloop
  endfacet
  facet normal -3.727145e-17 -9.981522e-01 -6.076377e-02
    outer loop
      vertex   3.507800e+01 -9.214327e+00 1.517493e+00
      vertex   3.544000e+01 -9.214327e+00 1.517493e+00
      vertex   3.507800e+01 -9.215369e+00 1.534615e+00
    endloop
  endfacet
  facet normal -1.837512e-19 -9.981522e-01 -6.076377e-02
    outer loop
      vertex   3.507800e+01 -9.214327e+00 1.517493e+00
      vertex   3.507800e+01 -9.215369e+00 1.534615e+00
      vertex   3.471600e+01 -9.215369e+00 1.534615e+00
    endloop
  endfacet
  facet normal 0.000000e+00 -9.730823e-01 -2.304580e-01
    outer loop
      vertex   3.471600e+01 -9.215369e+00 1.534615e+00
      vertex   3.507800e+01 -9.215369e+00 1.534615e+00
      vertex   3.182000e+01 -9.219322e+00 1.551307e+00
    endloop
  endfacet
  facet normal -0.000000e+00 -9.730823e-01 -2.304580e-01
    outer loop
      vertex   3.471600e+01 -9.215369e+00 1.534615e+00
      vertex   3.182000e+01 -9.219322e+00 1.551307e+00
      vertex   3.435400e+01 -9.215369e+00 1.534615e+00
    endloop
  endfacet
  facet normal -2.827180e-16 -9.730823e-01 -2.304580e-01
    outer loop
      vertex   3.435400e+01 -9.215369e+00 1.534615e+00
      vertex   3.182000e+01 -9.219322e+00 1.551307e+00
      vertex   3.399200e+01 -9.215369e+00 1.534615e+00
    endloop
  endfacet
  facet normal -7.454291e-17 -9.981522e-01 -6.076377e-02
    outer loop
      vertex   3.435400e+01 -9.215369e+00 1.534615e+00
      vertex   3.399200e+01 -9.215369e+00 1.534615e+00
      vertex   3.435400e+01 -9.214327e+00 1.517493e+00
    endloop
  endfacet
  facet normal -3.727145e-17 -9.981522e-01 -6.076377e-02
    outer loop
      vertex   3.435400e+01 -9.214327e+00 1.517493e+00
      vertex   3.399200e+01 -9.215369e+00 1.534615e+00
      vertex   3.399200e+01 -9.214327e+00 1.517493e+00
    endloop
  endfacet
  facet normal 6.791279e-17 -9.938518e-01 1.107184e-01
    outer loop
      vertex   3.435400e+01 -9.214327e+00 1.517493e+00
      vertex   3.399200e+01 -9.214327e+00 1.517493e+00
      vertex   3.435400e+01 -9.216226e+00 1.500445e+00
    endloop
  endfacet
  facet normal 6.791279e-17 -9.938518e-01 1.107184e-01
    outer loop
      vertex   3.435400e+01 -9.216226e+00 1.500445e+00
      vertex   3.399200e+01 -9.214327e+00 1.517493e+00
      vertex   3.399200e+01 -9.216226e+00 1.500445e+00
    endloop
  endfacet
  facet normal 1.710987e-16 -9.603077e-01 2.789428e-01
    outer loop
      vertex   3.435400e+01 -9.216226e+00 1.500445e+00
      vertex   3.399200e+01 -9.216226e+00 1.500445e+00
      vertex   3.435400e+01 -9.221011e+00 1.483972e+00
    endloop
  endfacet
  facet normal 1.710987e-16 -9.603077e-01 2.789428e-01
    outer loop
      vertex   3.435400e+01 -9.221011e+00 1.483972e+00
      vertex   3.399200e+01 -9.216226e+00 1.500445e+00
      vertex   3.399200e+01 -9.221011e+00 1.483972e+00
    endloop
  endfacet
  facet normal 2.692501e-16 -8.985069e-01 4.389593e-01
    outer loop
      vertex   3.435400e+01 -9.221011e+00 1.483972e+00
      vertex   3.399200e+01 -9.221011e+00 1.483972e+00
      vertex   3.435400e+01 -9.228541e+00 1.468560e+00
    endloop
  endfacet
  facet normal 0.000000e+00 -8.985069e-01 4.389593e-01
    outer loop
      vertex   3.435400e+01 -9.228541e+00 1.468560e+00
      vertex   3.399200e+01 -9.221011e+00 1.483972e+00
      vertex   3.399200e+01 -9.228541e+00 1.468560e+00
    endloop
  endfacet
  facet normal 0.000000e+00 -8.102679e-01 5.860597e-01
    outer loop
      vertex   3.435400e+01 -9.228541e+00 1.468560e+00
      vertex   3.399200e+01 -9.228541e+00 1.468560e+00
      vertex   3.435400e+01 -9.238594e+00 1.454660e+00
    endloop
  endfacet
  facet normal 0.000000e+00 -8.102679e-01 5.860597e-01
    outer loop
      vertex   3.435400e+01 -9.238594e+00 1.454660e+00
      vertex   3.399200e+01 -9.228541e+00 1.468560e+00
      vertex   3.399200e+01 -9.238594e+00 1.454660e+00
    endloop
  endfacet
  facet normal 0.000000e+00 -6.981870e-01 7.159154e-01
    outer loop
      vertex   3.435400e+01 -9.238594e+00 1.454660e+00
      vertex   3.399200e+01 -9.238594e+00 1.454660e+00
      vertex   3.435400e+01 -9.250874e+00 1.442684e+00
    endloop
  endfacet
  facet normal 0.000000e+00 -6.981870e-01 7.159154e-01
    outer loop
      vertex   3.435400e+01 -9.250874e+00 1.442684e+00
      vertex   3.399200e+01 -9.238594e+00 1.454660e+00
      vertex   3.399200e+01 -9.250874e+00 1.442684e+00
    endloop
  endfacet
  facet normal 0.000000e+00 -5.655623e-01 8.247056e-01
    outer loop
      vertex   3.435400e+01 -9.250874e+00 1.442684e+00
      vertex   3.399200e+01 -9.250874e+00 1.442684e+00
      vertex   3.435400e+01 -9.265021e+00 1.432983e+00
    endloop
  endfacet
  facet normal 0.000000e+00 -5.655623e-01 8.247056e-01
    outer loop
      vertex   3.435400e+01 -9.265021e+00 1.432983e+00
      vertex   3.399200e+01 -9.250874e+00 1.442684e+00
      vertex   3.399200e+01 -9.265021e+00 1.432983e+00
    endloop
  endfacet
  facet normal 0.000000e+00 -4.162960e-01 9.092291e-01
    outer loop
      vertex   3.435400e+01 -9.265021e+00 1.432983e+00
      vertex   3.399200e+01 -9.265021e+00 1.432983e+00
      vertex   3.435400e+01 -9.280618e+00 1.425842e+00
    endloop
  endfacet
  facet normal 0.000000e+00 -4.162960e-01 9.092291e-01
    outer loop
      vertex   3.435400e+01 -9.280618e+00 1.425842e+00
      vertex   3.399200e+01 -9.265021e+00 1.432983e+00
      vertex   3.399200e+01 -9.280618e+00 1.425842e+00
    endloop
  endfacet
  facet normal 0.000000e+00 -2.547805e-01 9.669989e-01
    outer loop
      vertex   3.435400e+01 -9.280618e+00 1.425842e+00
      vertex   3.399200e+01 -9.280618e+00 1.425842e+00
      vertex   3.435400e+01 -9.297205e+00 1.421471e+00
    endloop
  endfacet
  facet normal 0.000000e+00 -2.547805e-01 9.669989e-01
    outer loop
      vertex   3.435400e+01 -9.297205e+00 1.421471e+00
      vertex   3.399200e+01 -9.280618e+00 1.425842e+00
      vertex   3.399200e+01 -9.297205e+00 1.421471e+00
    endloop
  endfacet
  facet normal 0.000000e+00 -8.576805e-02 9.963151e-01
    outer loop
      vertex   3.435400e+01 -9.297205e+00 1.421471e+00
      vertex   3.399200e+01 -9.297205e+00 1.421471e+00
      vertex   3.182000e+01 -9.314296e+00 1.420000e+00
    endloop
  endfacet
  facet normal 1.521491e-19 -8.576805e-02 9.963151e-01
    outer loop
      vertex   3.182000e+01 -9.314296e+00 1.420000e+00
      vertex   3.399200e+01 -9.297205e+00 1.421471e+00
      vertex   3.363000e+01 -9.297205e+00 1.421471e+00
    endloop
  endfacet
  facet normal -6.109705e-16 -8.576805e-02 9.963151e-01
    outer loop
      vertex   3.182000e+01 -9.314296e+00 1.420000e+00
      vertex   3.363000e+01 -9.297205e+00 1.421471e+00
      vertex   3.326800e+01 -9.297205e+00 1.421471e+00
    endloop
  endfacet
  facet normal -5.931406e-16 -2.547805e-01 9.669989e-01
    outer loop
      vertex   3.326800e+01 -9.297205e+00 1.421471e+00
      vertex   3.363000e+01 -9.297205e+00 1.421471e+00
      vertex   3.326800e+01 -9.280618e+00 1.425842e+00
    endloop
  endfacet
  facet normal 1.060478e-18 -2.547805e-01 9.669989e-01
    outer loop
      vertex   3.326800e+01 -9.297205e+00 1.421471e+00
      vertex   3.326800e+01 -9.280618e+00 1.425842e+00
      vertex   3.290600e+01 -9.280618e+00 1.425842e+00
    endloop
  endfacet
  facet normal 0.000000e+00 -4.162960e-01 9.092291e-01
    outer loop
      vertex   3.290600e+01 -9.280618e+00 1.425842e+00
      vertex   3.326800e+01 -9.280618e+00 1.425842e+00
      vertex   3.290600e+01 -9.265021e+00 1.432983e+00
    endloop
  endfacet
  facet normal -6.459056e-19 -4.162960e-01 9.092291e-01
    outer loop
      vertex   3.290600e+01 -9.280618e+00 1.425842e+00
      vertex   3.290600e+01 -9.265021e+00 1.432983e+00
      vertex   3.254400e+01 -9.265021e+00 1.432983e+00
    endloop
  endfacet
  facet normal 0.000000e+00 -5.655623e-01 8.247056e-01
    outer loop
      vertex   3.254400e+01 -9.265021e+00 1.432983e+00
      vertex   3.290600e+01 -9.265021e+00 1.432983e+00
      vertex   3.254400e+01 -9.250874e+00 1.442684e+00
    endloop
  endfacet
  facet normal -5.055303e-16 -5.655623e-01 8.247056e-01
    outer loop
      vertex   3.254400e+01 -9.265021e+00 1.432983e+00
      vertex   3.254400e+01 -9.250874e+00 1.442684e+00
      vertex   3.218200e+01 -9.250874e+00 1.442684e+00
    endloop
  endfacet
  facet normal -4.391303e-16 -6.981870e-01 7.159154e-01
    outer loop
      vertex   3.218200e+01 -9.250874e+00 1.442684e+00
      vertex   3.254400e+01 -9.250874e+00 1.442684e+00
      vertex   3.218200e+01 -9.238594e+00 1.454660e+00
    endloop
  endfacet
  facet normal 4.381360e-16 -6.981870e-01 7.159154e-01
    outer loop
      vertex   3.218200e+01 -9.250874e+00 1.442684e+00
      vertex   3.218200e+01 -9.238594e+00 1.454660e+00
      vertex   3.182000e+01 -9.238594e+00 1.454660e+00
    endloop
  endfacet
  facet normal 3.594790e-16 -8.102679e-01 5.860597e-01
    outer loop
      vertex   3.182000e+01 -9.238594e+00 1.454660e+00
      vertex   3.218200e+01 -9.238594e+00 1.454660e+00
      vertex   3.182000e+01 -9.228541e+00 1.468560e+00
    endloop
  endfacet
  facet normal 0.000000e+00 -8.102679e-01 5.860597e-01
    outer loop
      vertex   3.182000e+01 -9.228541e+00 1.468560e+00
      vertex   3.218200e+01 -9.238594e+00 1.454660e+00
      vertex   3.218200e+01 -9.228541e+00 1.468560e+00
    endloop
  endfacet
  facet normal 0.000000e+00 -8.985069e-01 4.389593e-01
    outer loop
      vertex   3.182000e+01 -9.228541e+00 1.468560e+00
      vertex   3.218200e+01 -9.228541e+00 1.468560e+00
      vertex   3.182000e+01 -9.221011e+00 1.483972e+00
    endloop
  endfacet
  facet normal 2.692501e-16 -8.985069e-01 4.389593e-01
    outer loop
      vertex   3.182000e+01 -9.221011e+00 1.483972e+00
      vertex   3.218200e+01 -9.228541e+00 1.468560e+00
      vertex   3.218200e+01 -9.221011e+00 1.483972e+00
    endloop
  endfacet
  facet normal 1.710987e-16 -9.603077e-01 2.789428e-01
    outer loop
      vertex   3.182000e+01 -9.221011e+00 1.483972e+00
      vertex   3.218200e+01 -9.221011e+00 1.483972e+00
      vertex   3.182000e+01 -9.216226e+00 1.500445e+00
    endloop
  endfacet
  facet normal 0.000000e+00 -9.603077e-01 2.789428e-01
    outer loop
      vertex   3.182000e+01 -9.216226e+00 1.500445e+00
      vertex   3.218200e+01 -9.221011e+00 1.483972e+00
      vertex   3.218200e+01 -9.216226e+00 1.500445e+00
    endloop
  endfacet
  facet normal 0.000000e+00 -9.938518e-01 1.107184e-01
    outer loop
      vertex   3.182000e+01 -9.216226e+00 1.500445e+00
      vertex   3.218200e+01 -9.216226e+00 1.500445e+00
      vertex   3.182000e+01 -9.214327e+00 1.517493e+00
    endloop
  endfacet
  facet normal 6.791279e-17 -9.938518e-01 1.107184e-01
    outer loop
      vertex   3.182000e+01 -9.214327e+00 1.517493e+00
      vertex   3.218200e+01 -9.216226e+00 1.500445e+00
      vertex   3.218200e+01 -9.214327e+00 1.517493e+00
    endloop
  endfacet
  facet normal -3.727145e-17 -9.981522e-01 -6.076377e-02
    outer loop
      vertex   3.182000e+01 -9.214327e+00 1.517493e+00
      vertex   3.218200e+01 -9.214327e+00 1.517493e+00
      vertex   3.182000e+01 -9.215369e+00 1.534615e+00
    endloop
  endfacet
  facet normal 0.000000e+00 -9.981522e-01 -6.076377e-02
    outer loop
      vertex   3.182000e+01 -9.215369e+00 1.534615e+00
      vertex   3.218200e+01 -9.214327e+00 1.517493e+00
      vertex   3.218200e+01 -9.215369e+00 1.534615e+00
    endloop
  endfacet
  facet normal 0.000000e+00 -9.730823e-01 -2.304580e-01
    outer loop
      vertex   3.182000e+01 -9.215369e+00 1.534615e+00
      vertex   3.218200e+01 -9.215369e+00 1.534615e+00
      vertex   3.182000e+01 -9.219322e+00 1.551307e+00
    endloop
  endfacet
  facet normal 4.617159e-19 -9.730823e-01 -2.304580e-01
    outer loop
      vertex   3.182000e+01 -9.219322e+00 1.551307e+00
      vertex   3.218200e+01 -9.215369e+00 1.534615e+00
      vertex   3.254400e+01 -9.215369e+00 1.534615e+00
    endloop
  endfacet
  facet normal 4.617159e-19 -9.730823e-01 -2.304580e-01
    outer loop
      vertex   3.182000e+01 -9.219322e+00 1.551307e+00
      vertex   3.254400e+01 -9.215369e+00 1.534615e+00
      vertex   3.290600e+01 -9.215369e+00 1.534615e+00
    endloop
  endfacet
  facet normal -0.000000e+00 -9.981522e-01 -6.076377e-02
    outer loop
      vertex   3.290600e+01 -9.215369e+00 1.534615e+00
      vertex   3.254400e+01 -9.215369e+00 1.534615e+00
      vertex   3.290600e+01 -9.214327e+00 1.517493e+00
    endloop
  endfacet
  facet normal -3.724716e-17 -9.981522e-01 -6.076377e-02
    outer loop
      vertex   3.290600e+01 -9.215369e+00 1.534615e+00
      vertex   3.290600e+01 -9.214327e+00 1.517493e+00
      vertex   3.326800e+01 -9.214327e+00 1.517493e+00
    endloop
  endfacet
  facet normal 6.791279e-17 -9.938518e-01 1.107184e-01
    outer loop
      vertex   3.326800e+01 -9.214327e+00 1.517493e+00
      vertex   3.290600e+01 -9.214327e+00 1.517493e+00
      vertex   3.326800e+01 -9.216226e+00 1.500445e+00
    endloop
  endfacet
  facet normal 1.347313e-19 -9.938518e-01 1.107184e-01
    outer loop
      vertex   3.326800e+01 -9.214327e+00 1.517493e+00
      vertex   3.326800e+01 -9.216226e+00 1.500445e+00
      vertex   3.363000e+01 -9.216226e+00 1.500445e+00
    endloop
  endfacet
  facet normal 0.000000e+00 -9.603077e-01 2.789428e-01
    outer loop
      vertex   3.363000e+01 -9.216226e+00 1.500445e+00
      vertex   3.326800e+01 -9.216226e+00 1.500445e+00
      vertex   3.363000e+01 -9.221011e+00 1.483972e+00
    endloop
  endfacet
  facet normal 1.774955e-19 -9.603077e-01 2.789428e-01
    outer loop
      vertex   3.363000e+01 -9.216226e+00 1.500445e+00
      vertex   3.363000e+01 -9.221011e+00 1.483972e+00
      vertex   3.399200e+01 -9.221011e+00 1.483972e+00
    endloop
  endfacet
  facet normal 0.000000e+00 -8.985069e-01 4.389593e-01
    outer loop
      vertex   3.399200e+01 -9.221011e+00 1.483972e+00
      vertex   3.363000e+01 -9.221011e+00 1.483972e+00
      vertex   3.399200e+01 -9.228541e+00 1.468560e+00
    endloop
  endfacet
  facet normal 1.779422e-15 -2.547805e-01 9.669989e-01
    outer loop
      vertex   3.869800e+01 -9.297205e+00 1.421471e+00
      vertex   3.906000e+01 -9.297205e+00 1.421471e+00
      vertex   3.869800e+01 -9.280618e+00 1.425842e+00
    endloop
  endfacet
  facet normal 1.186281e-15 -2.547805e-01 9.669989e-01
    outer loop
      vertex   3.869800e+01 -9.280618e+00 1.425842e+00
      vertex   3.906000e+01 -9.297205e+00 1.421471e+00
      vertex   3.906000e+01 -9.280618e+00 1.425842e+00
    endloop
  endfacet
  facet normal 1.115411e-15 -4.162960e-01 9.092291e-01
    outer loop
      vertex   3.869800e+01 -9.280618e+00 1.425842e+00
      vertex   3.906000e+01 -9.280618e+00 1.425842e+00
      vertex   3.869800e+01 -9.265021e+00 1.432983e+00
    endloop
  endfacet
  facet normal 1.673117e-15 -4.162960e-01 9.092291e-01
    outer loop
      vertex   3.869800e+01 -9.265021e+00 1.432983e+00
      vertex   3.906000e+01 -9.280618e+00 1.425842e+00
      vertex   3.906000e+01 -9.265021e+00 1.432983e+00
    endloop
  endfacet
  facet normal 1.517581e-15 -5.655623e-01 8.247056e-01
    outer loop
      vertex   3.869800e+01 -9.265021e+00 1.432983e+00
      vertex   3.906000e+01 -9.265021e+00 1.432983e+00
      vertex   3.869800e+01 -9.250874e+00 1.442684e+00
    endloop
  endfacet
  facet normal 1.011721e-15 -5.655623e-01 8.247056e-01
    outer loop
      vertex   3.869800e+01 -9.250874e+00 1.442684e+00
      vertex   3.906000e+01 -9.265021e+00 1.432983e+00
      vertex   3.906000e+01 -9.250874e+00 1.442684e+00
    endloop
  endfacet
  facet normal 8.782605e-16 -6.981870e-01 7.159154e-01
    outer loop
      vertex   3.869800e+01 -9.250874e+00 1.442684e+00
      vertex   3.906000e+01 -9.250874e+00 1.442684e+00
      vertex   3.869800e+01 -9.238594e+00 1.454660e+00
    endloop
  endfacet
  facet normal 5.182569e-15 -6.981870e-01 7.159154e-01
    outer loop
      vertex   3.869800e+01 -9.238594e+00 1.454660e+00
      vertex   3.906000e+01 -9.250874e+00 1.442684e+00
      vertex   3.906000e+01 -9.238594e+00 1.454660e+00
    endloop
  endfacet
  facet normal 5.413952e-15 -8.102679e-01 5.860597e-01
    outer loop
      vertex   3.869800e+01 -9.238594e+00 1.454660e+00
      vertex   3.906000e+01 -9.238594e+00 1.454660e+00
      vertex   3.869800e+01 -9.228541e+00 1.468560e+00
    endloop
  endfacet
  facet normal 4.694994e-15 -8.102679e-01 5.860597e-01
    outer loop
      vertex   3.869800e+01 -9.228541e+00 1.468560e+00
      vertex   3.906000e+01 -9.238594e+00 1.454660e+00
      vertex   3.906000e+01 -9.228541e+00 1.468560e+00
    endloop
  endfacet
  facet normal 4.947530e-15 -8.985069e-01 4.389593e-01
    outer loop
      vertex   3.869800e+01 -9.228541e+00 1.468560e+00
      vertex   3.906000e+01 -9.228541e+00 1.468560e+00
      vertex   3.869800e+01 -9.221011e+00 1.483972e+00
    endloop
  endfacet
  facet normal 2.692501e-16 -8.985069e-01 4.389593e-01
    outer loop
      vertex   3.869800e+01 -9.221011e+00 1.483972e+00
      vertex   3.906000e+01 -9.228541e+00 1.468560e+00
      vertex   3.906000e+01 -9.221011e+00 1.483972e+00
    endloop
  endfacet
  facet normal 1.710987e-16 -9.603077e-01 2.789428e-01
    outer loop
      vertex   3.869800e+01 -9.221011e+00 1.483972e+00
      vertex   3.906000e+01 -9.221011e+00 1.483972e+00
      vertex   3.869800e+01 -9.216226e+00 1.500445e+00
    endloop
  endfacet
  facet normal 0.000000e+00 -9.603077e-01 2.789428e-01
    outer loop
      vertex   3.869800e+01 -9.216226e+00 1.500445e+00
      vertex   3.906000e+01 -9.221011e+00 1.483972e+00
      vertex   3.906000e+01 -9.216226e+00 1.500445e+00
    endloop
  endfacet
  facet normal 0.000000e+00 -9.938518e-01 1.107184e-01
    outer loop
      vertex   3.869800e+01 -9.216226e+00 1.500445e+00
      vertex   3.906000e+01 -9.216226e+00 1.500445e+00
      vertex   3.869800e+01 -9.214327e+00 1.517493e+00
    endloop
  endfacet
  facet normal 0.000000e+00 -9.938518e-01 1.107184e-01
    outer loop
      vertex   3.869800e+01 -9.214327e+00 1.517493e+00
      vertex   3.906000e+01 -9.216226e+00 1.500445e+00
      vertex   3.906000e+01 -9.214327e+00 1.517493e+00
    endloop
  endfacet
  facet normal 0.000000e+00 -9.981522e-01 -6.076377e-02
    outer loop
      vertex   3.869800e+01 -9.214327e+00 1.517493e+00
      vertex   3.906000e+01 -9.214327e+00 1.517493e+00
      vertex   3.869800e+01 -9.215369e+00 1.534615e+00
    endloop
  endfacet
  facet normal -3.727145e-17 -9.981522e-01 -6.076377e-02
    outer loop
      vertex   3.869800e+01 -9.215369e+00 1.534615e+00
      vertex   3.906000e+01 -9.214327e+00 1.517493e+00
      vertex   3.906000e+01 -9.215369e+00 1.534615e+00
    endloop
  endfacet
  facet normal -1.413590e-16 -9.730823e-01 -2.304580e-01
    outer loop
      vertex   3.869800e+01 -9.215369e+00 1.534615e+00
      vertex   3.906000e+01 -9.215369e+00 1.534615e+00
      vertex   3.906000e+01 -9.219322e+00 1.551307e+00
    endloop
  endfacet
  facet normal 7.067950e-17 -9.730823e-01 -2.304580e-01
    outer loop
      vertex   3.182000e+01 -9.219322e+00 1.551307e+00
      vertex   3.544000e+01 -9.215369e+00 1.534615e+00
      vertex   3.906000e+01 -9.219322e+00 1.551307e+00
    endloop
  endfacet
  facet normal -3.622911e-20 -9.730823e-01 -2.304580e-01
    outer loop
      vertex   3.906000e+01 -9.219322e+00 1.551307e+00
      vertex   3.544000e+01 -9.215369e+00 1.534615e+00
      vertex   3.580200e+01 -9.215369e+00 1.534615e+00
    endloop
  endfacet
  facet normal -3.622911e-20 -9.730823e-01 -2.304580e-01
    outer loop
      vertex   3.906000e+01 -9.219322e+00 1.551307e+00
      vertex   3.580200e+01 -9.215369e+00 1.534615e+00
      vertex   3.616400e+01 -9.215369e+00 1.534615e+00
    endloop
  endfacet
  facet normal -0.000000e+00 -9.981522e-01 -6.076377e-02
    outer loop
      vertex   3.616400e+01 -9.215369e+00 1.534615e+00
      vertex   3.580200e+01 -9.215369e+00 1.534615e+00
      vertex   3.616400e+01 -9.214327e+00 1.517493e+00
    endloop
  endfacet
  facet normal -3.745521e-17 -9.981522e-01 -6.076377e-02
    outer loop
      vertex   3.616400e+01 -9.215369e+00 1.534615e+00
      vertex   3.616400e+01 -9.214327e+00 1.517493e+00
      vertex   3.652600e+01 -9.214327e+00 1.517493e+00
    endloop
  endfacet
  facet normal 6.791279e-17 -9.938518e-01 1.107184e-01
    outer loop
      vertex   3.652600e+01 -9.214327e+00 1.517493e+00
      vertex   3.616400e+01 -9.214327e+00 1.517493e+00
      vertex   3.652600e+01 -9.216226e+00 1.500445e+00
    endloop
  endfacet
  facet normal 3.897183e-19 -9.938518e-01 1.107184e-01
    outer loop
      vertex   3.652600e+01 -9.214327e+00 1.517493e+00
      vertex   3.652600e+01 -9.216226e+00 1.500445e+00
      vertex   3.688800e+01 -9.216226e+00 1.500445e+00
    endloop
  endfacet
  facet normal 0.000000e+00 -9.603077e-01 2.789428e-01
    outer loop
      vertex   3.688800e+01 -9.216226e+00 1.500445e+00
      vertex   3.652600e+01 -9.216226e+00 1.500445e+00
      vertex   3.688800e+01 -9.221011e+00 1.483972e+00
    endloop
  endfacet
  facet normal 1.774955e-19 -9.603077e-01 2.789428e-01
    outer loop
      vertex   3.688800e+01 -9.216226e+00 1.500445e+00
      vertex   3.688800e+01 -9.221011e+00 1.483972e+00
      vertex   3.725000e+01 -9.221011e+00 1.483972e+00
    endloop
  endfacet
  facet normal 0.000000e+00 -8.985069e-01 4.389593e-01
    outer loop
      vertex   3.725000e+01 -9.221011e+00 1.483972e+00
      vertex   3.688800e+01 -9.221011e+00 1.483972e+00
      vertex   3.725000e+01 -9.228541e+00 1.468560e+00
    endloop
  endfacet
  facet normal -2.689520e-16 -8.985069e-01 4.389593e-01
    outer loop
      vertex   3.725000e+01 -9.221011e+00 1.483972e+00
      vertex   3.725000e+01 -9.228541e+00 1.468560e+00
      vertex   3.761200e+01 -9.228541e+00 1.468560e+00
    endloop
  endfacet
  facet normal -3.594790e-16 -8.102679e-01 5.860597e-01
    outer loop
      vertex   3.761200e+01 -9.228541e+00 1.468560e+00
      vertex   3.725000e+01 -9.228541e+00 1.468560e+00
      vertex   3.761200e+01 -9.238594e+00 1.454660e+00
    endloop
  endfacet
  facet normal -1.196663e-18 -8.102679e-01 5.860597e-01
    outer loop
      vertex   3.761200e+01 -9.228541e+00 1.468560e+00
      vertex   3.761200e+01 -9.238594e+00 1.454660e+00
      vertex   3.797400e+01 -9.238594e+00 1.454660e+00
    endloop
  endfacet
  facet normal 0.000000e+00 -6.981870e-01 7.159154e-01
    outer loop
      vertex   3.797400e+01 -9.238594e+00 1.454660e+00
      vertex   3.761200e+01 -9.238594e+00 1.454660e+00
      vertex   3.797400e+01 -9.250874e+00 1.442684e+00
    endloop
  endfacet
  facet normal -1.393602e-18 -6.981870e-01 7.159154e-01
    outer loop
      vertex   3.797400e+01 -9.238594e+00 1.454660e+00
      vertex   3.797400e+01 -9.250874e+00 1.442684e+00
      vertex   3.833600e+01 -9.250874e+00 1.442684e+00
    endloop
  endfacet
  facet normal 0.000000e+00 -5.655623e-01 8.247056e-01
    outer loop
      vertex   3.833600e+01 -9.250874e+00 1.442684e+00
      vertex   3.797400e+01 -9.250874e+00 1.442684e+00
      vertex   3.833600e+01 -9.265021e+00 1.432983e+00
    endloop
  endfacet
  facet normal -5.050484e-16 -5.655623e-01 8.247056e-01
    outer loop
      vertex   3.833600e+01 -9.250874e+00 1.442684e+00
      vertex   3.833600e+01 -9.265021e+00 1.432983e+00
      vertex   3.869800e+01 -9.265021e+00 1.432983e+00
    endloop
  endfacet
  facet normal -5.577056e-16 -4.162960e-01 9.092291e-01
    outer loop
      vertex   3.869800e+01 -9.265021e+00 1.432983e+00
      vertex   3.833600e+01 -9.265021e+00 1.432983e+00
      vertex   3.869800e+01 -9.280618e+00 1.425842e+00
    endloop
  endfacet
  facet normal 1.315505e-15 -6.981870e-01 7.159154e-01
    outer loop
      vertex   3.182000e+01 -9.238594e+00 1.454660e+00
      vertex   3.182000e+01 -9.250874e+00 1.442684e+00
      vertex   3.218200e+01 -9.250874e+00 1.442684e+00
    endloop
  endfacet
  facet normal 1.517581e-15 -5.655623e-01 8.247056e-01
    outer loop
      vertex   3.218200e+01 -9.250874e+00 1.442684e+00
      vertex   3.182000e+01 -9.250874e+00 1.442684e+00
      vertex   3.218200e+01 -9.265021e+00 1.432983e+00
    endloop
  endfacet
  facet normal -5.055303e-16 -5.655623e-01 8.247056e-01
    outer loop
      vertex   3.218200e+01 -9.250874e+00 1.442684e+00
      vertex   3.218200e+01 -9.265021e+00 1.432983e+00
      vertex   3.254400e+01 -9.265021e+00 1.432983e+00
    endloop
  endfacet
  facet normal -5.577056e-16 -4.162960e-01 9.092291e-01
    outer loop
      vertex   3.254400e+01 -9.265021e+00 1.432983e+00
      vertex   3.218200e+01 -9.265021e+00 1.432983e+00
      vertex   3.254400e+01 -9.280618e+00 1.425842e+00
    endloop
  endfacet
  facet normal -6.459056e-19 -4.162960e-01 9.092291e-01
    outer loop
      vertex   3.254400e+01 -9.265021e+00 1.432983e+00
      vertex   3.254400e+01 -9.280618e+00 1.425842e+00
      vertex   3.290600e+01 -9.280618e+00 1.425842e+00
    endloop
  endfacet
  facet normal 0.000000e+00 -2.547805e-01 9.669989e-01
    outer loop
      vertex   3.290600e+01 -9.280618e+00 1.425842e+00
      vertex   3.254400e+01 -9.280618e+00 1.425842e+00
      vertex   3.290600e+01 -9.297205e+00 1.421471e+00
    endloop
  endfacet
  facet normal 1.060478e-18 -2.547805e-01 9.669989e-01
    outer loop
      vertex   3.290600e+01 -9.280618e+00 1.425842e+00
      vertex   3.290600e+01 -9.297205e+00 1.421471e+00
      vertex   3.326800e+01 -9.297205e+00 1.421471e+00
    endloop
  endfacet
  facet normal 0.000000e+00 -8.576805e-02 9.963151e-01
    outer loop
      vertex   3.326800e+01 -9.297205e+00 1.421471e+00
      vertex   3.290600e+01 -9.297205e+00 1.421471e+00
      vertex   3.182000e+01 -9.314296e+00 1.420000e+00
    endloop
  endfacet
  facet normal 1.517911e-15 -5.655623e-01 8.247056e-01
    outer loop
      vertex   3.182000e+01 -9.250874e+00 1.442684e+00
      vertex   3.182000e+01 -9.265021e+00 1.432983e+00
      vertex   3.218200e+01 -9.265021e+00 1.432983e+00
    endloop
  endfacet
  facet normal 1.673117e-15 -4.162960e-01 9.092291e-01
    outer loop
      vertex   3.218200e+01 -9.265021e+00 1.432983e+00
      vertex   3.182000e+01 -9.265021e+00 1.432983e+00
      vertex   3.218200e+01 -9.280618e+00 1.425842e+00
    endloop
  endfacet
  facet normal -5.583515e-16 -4.162960e-01 9.092291e-01
    outer loop
      vertex   3.218200e+01 -9.265021e+00 1.432983e+00
      vertex   3.218200e+01 -9.280618e+00 1.425842e+00
      vertex   3.254400e+01 -9.280618e+00 1.425842e+00
    endloop
  endfacet
  facet normal -5.931406e-16 -2.547805e-01 9.669989e-01
    outer loop
      vertex   3.254400e+01 -9.280618e+00 1.425842e+00
      vertex   3.218200e+01 -9.280618e+00 1.425842e+00
      vertex   3.254400e+01 -9.297205e+00 1.421471e+00
    endloop
  endfacet
  facet normal 1.060478e-18 -2.547805e-01 9.669989e-01
    outer loop
      vertex   3.254400e+01 -9.280618e+00 1.425842e+00
      vertex   3.254400e+01 -9.297205e+00 1.421471e+00
      vertex   3.290600e+01 -9.297205e+00 1.421471e+00
    endloop
  endfacet
  facet normal 0.000000e+00 -8.576805e-02 9.963151e-01
    outer loop
      vertex   3.290600e+01 -9.297205e+00 1.421471e+00
      vertex   3.254400e+01 -9.297205e+00 1.421471e+00
      vertex   3.182000e+01 -9.314296e+00 1.420000e+00
    endloop
  endfacet
  facet normal 1.672471e-15 -4.162960e-01 9.092291e-01
    outer loop
      vertex   3.182000e+01 -9.265021e+00 1.432983e+00
      vertex   3.182000e+01 -9.280618e+00 1.425842e+00
      vertex   3.218200e+01 -9.280618e+00 1.425842e+00
    endloop
  endfacet
  facet normal 1.779422e-15 -2.547805e-01 9.669989e-01
    outer loop
      vertex   3.218200e+01 -9.280618e+00 1.425842e+00
      vertex   3.182000e+01 -9.280618e+00 1.425842e+00
      vertex   3.218200e+01 -9.297205e+00 1.421471e+00
    endloop
  endfacet
  facet normal -5.920801e-16 -2.547805e-01 9.669989e-01
    outer loop
      vertex   3.218200e+01 -9.280618e+00 1.425842e+00
      vertex   3.218200e+01 -9.297205e+00 1.421471e+00
      vertex   3.254400e+01 -9.297205e+00 1.421471e+00
    endloop
  endfacet
  facet normal -6.111227e-16 -8.576805e-02 9.963151e-01
    outer loop
      vertex   3.254400e+01 -9.297205e+00 1.421471e+00
      vertex   3.218200e+01 -9.297205e+00 1.421471e+00
      vertex   3.182000e+01 -9.314296e+00 1.420000e+00
    endloop
  endfacet
  facet normal 1.780482e-15 -2.547805e-01 9.669989e-01
    outer loop
      vertex   3.182000e+01 -9.280618e+00 1.425842e+00
      vertex   3.182000e+01 -9.297205e+00 1.421471e+00
      vertex   3.218200e+01 -9.297205e+00 1.421471e+00
    endloop
  endfacet
  facet normal 1.833368e-15 -8.576805e-02 9.963151e-01
    outer loop
      vertex   3.218200e+01 -9.297205e+00 1.421471e+00
      vertex   3.182000e+01 -9.297205e+00 1.421471e+00
      vertex   3.182000e+01 -9.314296e+00 1.420000e+00
    endloop
  endfacet
  facet normal -3.055613e-16 -8.576805e-02 9.963151e-01
    outer loop
      vertex   3.906000e+01 -9.314296e+00 1.420000e+00
      vertex   3.544000e+01 -9.297205e+00 1.421471e+00
      vertex   3.182000e+01 -9.314296e+00 1.420000e+00
    endloop
  endfacet
  facet normal 1.720941e-19 -8.576805e-02 9.963151e-01
    outer loop
      vertex   3.182000e+01 -9.314296e+00 1.420000e+00
      vertex   3.544000e+01 -9.297205e+00 1.421471e+00
      vertex   3.507800e+01 -9.297205e+00 1.421471e+00
    endloop
  endfacet
  facet normal -6.109506e-16 -8.576805e-02 9.963151e-01
    outer loop
      vertex   3.182000e+01 -9.314296e+00 1.420000e+00
      vertex   3.507800e+01 -9.297205e+00 1.421471e+00
      vertex   3.471600e+01 -9.297205e+00 1.421471e+00
    endloop
  endfacet
  facet normal -5.931406e-16 -2.547805e-01 9.669989e-01
    outer loop
      vertex   3.471600e+01 -9.297205e+00 1.421471e+00
      vertex   3.507800e+01 -9.297205e+00 1.421471e+00
      vertex   3.471600e+01 -9.280618e+00 1.425842e+00
    endloop
  endfacet
  facet normal 1.185661e-15 -2.547805e-01 9.669989e-01
    outer loop
      vertex   3.471600e+01 -9.297205e+00 1.421471e+00
      vertex   3.471600e+01 -9.280618e+00 1.425842e+00
      vertex   3.435400e+01 -9.280618e+00 1.425842e+00
    endloop
  endfacet
  facet normal 1.115411e-15 -4.162960e-01 9.092291e-01
    outer loop
      vertex   3.435400e+01 -9.280618e+00 1.425842e+00
      vertex   3.471600e+01 -9.280618e+00 1.425842e+00
      vertex   3.435400e+01 -9.265021e+00 1.432983e+00
    endloop
  endfacet
  facet normal -5.931406e-16 -2.547805e-01 9.669989e-01
    outer loop
      vertex   3.833600e+01 -9.297205e+00 1.421471e+00
      vertex   3.869800e+01 -9.297205e+00 1.421471e+00
      vertex   3.833600e+01 -9.280618e+00 1.425842e+00
    endloop
  endfacet
  facet normal -5.931406e-16 -2.547805e-01 9.669989e-01
    outer loop
      vertex   3.833600e+01 -9.280618e+00 1.425842e+00
      vertex   3.869800e+01 -9.297205e+00 1.421471e+00
      vertex   3.869800e+01 -9.280618e+00 1.425842e+00
    endloop
  endfacet
  facet normal -5.577056e-16 -4.162960e-01 9.092291e-01
    outer loop
      vertex   3.833600e+01 -9.280618e+00 1.425842e+00
      vertex   3.869800e+01 -9.280618e+00 1.425842e+00
      vertex   3.833600e+01 -9.265021e+00 1.432983e+00
    endloop
  endfacet
  facet normal 6.111227e-16 -8.576805e-02 9.963151e-01
    outer loop
      vertex   3.797400e+01 -9.297205e+00 1.421471e+00
      vertex   3.761200e+01 -9.297205e+00 1.421471e+00
      vertex   3.906000e+01 -9.314296e+00 1.420000e+00
    endloop
  endfacet
  facet normal -6.112807e-16 -8.576805e-02 9.963151e-01
    outer loop
      vertex   3.906000e+01 -9.314296e+00 1.420000e+00
      vertex   3.761200e+01 -9.297205e+00 1.421471e+00
      vertex   3.725000e+01 -9.297205e+00 1.421471e+00
    endloop
  endfacet
  facet normal -1.779688e-19 -8.576805e-02 9.963151e-01
    outer loop
      vertex   3.906000e+01 -9.314296e+00 1.420000e+00
      vertex   3.725000e+01 -9.297205e+00 1.421471e+00
      vertex   3.688800e+01 -9.297205e+00 1.421471e+00
    endloop
  endfacet
  facet normal 0.000000e+00 -2.547805e-01 9.669989e-01
    outer loop
      vertex   3.688800e+01 -9.297205e+00 1.421471e+00
      vertex   3.725000e+01 -9.297205e+00 1.421471e+00
      vertex   3.688800e+01 -9.280618e+00 1.425842e+00
    endloop
  endfacet
  facet normal -6.199934e-19 -2.547805e-01 9.669989e-01
    outer loop
      vertex   3.688800e+01 -9.297205e+00 1.421471e+00
      vertex   3.688800e+01 -9.280618e+00 1.425842e+00
      vertex   3.652600e+01 -9.280618e+00 1.425842e+00
    endloop
  endfacet
  facet normal 0.000000e+00 -4.162960e-01 9.092291e-01
    outer loop
      vertex   3.652600e+01 -9.280618e+00 1.425842e+00
      vertex   3.688800e+01 -9.280618e+00 1.425842e+00
      vertex   3.652600e+01 -9.265021e+00 1.432983e+00
    endloop
  endfacet
  facet normal 4.816447e-19 -4.162960e-01 9.092291e-01
    outer loop
      vertex   3.652600e+01 -9.280618e+00 1.425842e+00
      vertex   3.652600e+01 -9.265021e+00 1.432983e+00
      vertex   3.616400e+01 -9.265021e+00 1.432983e+00
    endloop
  endfacet
  facet normal 0.000000e+00 -5.655623e-01 8.247056e-01
    outer loop
      vertex   3.616400e+01 -9.265021e+00 1.432983e+00
      vertex   3.652600e+01 -9.265021e+00 1.432983e+00
      vertex   3.616400e+01 -9.250874e+00 1.442684e+00
    endloop
  endfacet
  facet normal 1.293851e-18 -5.655623e-01 8.247056e-01
    outer loop
      vertex   3.616400e+01 -9.265021e+00 1.432983e+00
      vertex   3.616400e+01 -9.250874e+00 1.442684e+00
      vertex   3.580200e+01 -9.250874e+00 1.442684e+00
    endloop
  endfacet
  facet normal 0.000000e+00 -6.981870e-01 7.159154e-01
    outer loop
      vertex   3.580200e+01 -9.250874e+00 1.442684e+00
      vertex   3.616400e+01 -9.250874e+00 1.442684e+00
      vertex   3.580200e+01 -9.238594e+00 1.454660e+00
    endloop
  endfacet
  facet normal -1.885909e-18 -6.981870e-01 7.159154e-01
    outer loop
      vertex   3.580200e+01 -9.250874e+00 1.442684e+00
      vertex   3.580200e+01 -9.238594e+00 1.454660e+00
      vertex   3.544000e+01 -9.238594e+00 1.454660e+00
    endloop
  endfacet
  facet normal 0.000000e+00 -8.102679e-01 5.860597e-01
    outer loop
      vertex   3.544000e+01 -9.238594e+00 1.454660e+00
      vertex   3.580200e+01 -9.238594e+00 1.454660e+00
      vertex   3.544000e+01 -9.228541e+00 1.468560e+00
    endloop
  endfacet
  facet normal -1.196663e-18 -8.102679e-01 5.860597e-01
    outer loop
      vertex   3.544000e+01 -9.238594e+00 1.454660e+00
      vertex   3.544000e+01 -9.228541e+00 1.468560e+00
      vertex   3.507800e+01 -9.228541e+00 1.468560e+00
    endloop
  endfacet
  facet normal 0.000000e+00 -8.985069e-01 4.389593e-01
    outer loop
      vertex   3.507800e+01 -9.228541e+00 1.468560e+00
      vertex   3.544000e+01 -9.228541e+00 1.468560e+00
      vertex   3.507800e+01 -9.221011e+00 1.483972e+00
    endloop
  endfacet
  facet normal -2.685113e-16 -8.985069e-01 4.389593e-01
    outer loop
      vertex   3.507800e+01 -9.228541e+00 1.468560e+00
      vertex   3.507800e+01 -9.221011e+00 1.483972e+00
      vertex   3.471600e+01 -9.221011e+00 1.483972e+00
    endloop
  endfacet
  facet normal -1.710987e-16 -9.603077e-01 2.789428e-01
    outer loop
      vertex   3.471600e+01 -9.221011e+00 1.483972e+00
      vertex   3.507800e+01 -9.221011e+00 1.483972e+00
      vertex   3.471600e+01 -9.216226e+00 1.500445e+00
    endloop
  endfacet
  facet normal 1.774955e-19 -9.603077e-01 2.789428e-01
    outer loop
      vertex   3.471600e+01 -9.221011e+00 1.483972e+00
      vertex   3.471600e+01 -9.216226e+00 1.500445e+00
      vertex   3.435400e+01 -9.216226e+00 1.500445e+00
    endloop
  endfacet
  facet normal 0.000000e+00 -9.938518e-01 1.107184e-01
    outer loop
      vertex   3.435400e+01 -9.216226e+00 1.500445e+00
      vertex   3.471600e+01 -9.216226e+00 1.500445e+00
      vertex   3.435400e+01 -9.214327e+00 1.517493e+00
    endloop
  endfacet
  facet normal 5.931406e-16 -2.547805e-01 9.669989e-01
    outer loop
      vertex   3.797400e+01 -9.297205e+00 1.421471e+00
      vertex   3.761200e+01 -9.280618e+00 1.425842e+00
      vertex   3.761200e+01 -9.297205e+00 1.421471e+00
    endloop
  endfacet
  facet normal -5.937606e-16 -2.547805e-01 9.669989e-01
    outer loop
      vertex   3.761200e+01 -9.297205e+00 1.421471e+00
      vertex   3.761200e+01 -9.280618e+00 1.425842e+00
      vertex   3.725000e+01 -9.280618e+00 1.425842e+00
    endloop
  endfacet
  facet normal -5.931406e-16 -2.547805e-01 9.669989e-01
    outer loop
      vertex   3.761200e+01 -9.297205e+00 1.421471e+00
      vertex   3.725000e+01 -9.280618e+00 1.425842e+00
      vertex   3.725000e+01 -9.297205e+00 1.421471e+00
    endloop
  endfacet
  facet normal -6.199934e-19 -2.547805e-01 9.669989e-01
    outer loop
      vertex   3.725000e+01 -9.297205e+00 1.421471e+00
      vertex   3.725000e+01 -9.280618e+00 1.425842e+00
      vertex   3.688800e+01 -9.280618e+00 1.425842e+00
    endloop
  endfacet
  facet normal 0.000000e+00 -8.576805e-02 9.963151e-01
    outer loop
      vertex   3.688800e+01 -9.297205e+00 1.421471e+00
      vertex   3.652600e+01 -9.297205e+00 1.421471e+00
      vertex   3.906000e+01 -9.314296e+00 1.420000e+00
    endloop
  endfacet
  facet normal -1.779688e-19 -8.576805e-02 9.963151e-01
    outer loop
      vertex   3.906000e+01 -9.314296e+00 1.420000e+00
      vertex   3.652600e+01 -9.297205e+00 1.421471e+00
      vertex   3.616400e+01 -9.297205e+00 1.421471e+00
    endloop
  endfacet
  facet normal -1.222423e-15 -8.576805e-02 9.963151e-01
    outer loop
      vertex   3.906000e+01 -9.314296e+00 1.420000e+00
      vertex   3.616400e+01 -9.297205e+00 1.421471e+00
      vertex   3.580200e+01 -9.297205e+00 1.421471e+00
    endloop
  endfacet
  facet normal -1.186281e-15 -2.547805e-01 9.669989e-01
    outer loop
      vertex   3.580200e+01 -9.297205e+00 1.421471e+00
      vertex   3.616400e+01 -9.297205e+00 1.421471e+00
      vertex   3.580200e+01 -9.280618e+00 1.425842e+00
    endloop
  endfacet
  facet normal 1.060478e-18 -2.547805e-01 9.669989e-01
    outer loop
      vertex   3.580200e+01 -9.297205e+00 1.421471e+00
      vertex   3.580200e+01 -9.280618e+00 1.425842e+00
      vertex   3.544000e+01 -9.280618e+00 1.425842e+00
    endloop
  endfacet
  facet normal 0.000000e+00 -4.162960e-01 9.092291e-01
    outer loop
      vertex   3.544000e+01 -9.280618e+00 1.425842e+00
      vertex   3.580200e+01 -9.280618e+00 1.425842e+00
      vertex   3.544000e+01 -9.265021e+00 1.432983e+00
    endloop
  endfacet
  facet normal -6.839752e-19 -4.162960e-01 9.092291e-01
    outer loop
      vertex   3.544000e+01 -9.280618e+00 1.425842e+00
      vertex   3.544000e+01 -9.265021e+00 1.432983e+00
      vertex   3.507800e+01 -9.265021e+00 1.432983e+00
    endloop
  endfacet
  facet normal 0.000000e+00 -5.655623e-01 8.247056e-01
    outer loop
      vertex   3.507800e+01 -9.265021e+00 1.432983e+00
      vertex   3.544000e+01 -9.265021e+00 1.432983e+00
      vertex   3.507800e+01 -9.250874e+00 1.442684e+00
    endloop
  endfacet
  facet normal -1.011391e-15 -5.655623e-01 8.247056e-01
    outer loop
      vertex   3.507800e+01 -9.265021e+00 1.432983e+00
      vertex   3.507800e+01 -9.250874e+00 1.442684e+00
      vertex   3.471600e+01 -9.250874e+00 1.442684e+00
    endloop
  endfacet
  facet normal -8.782605e-16 -6.981870e-01 7.159154e-01
    outer loop
      vertex   3.471600e+01 -9.250874e+00 1.442684e+00
      vertex   3.507800e+01 -9.250874e+00 1.442684e+00
      vertex   3.471600e+01 -9.238594e+00 1.454660e+00
    endloop
  endfacet
  facet normal -9.942910e-19 -6.981870e-01 7.159154e-01
    outer loop
      vertex   3.471600e+01 -9.250874e+00 1.442684e+00
      vertex   3.471600e+01 -9.238594e+00 1.454660e+00
      vertex   3.435400e+01 -9.238594e+00 1.454660e+00
    endloop
  endfacet
  facet normal 0.000000e+00 -8.102679e-01 5.860597e-01
    outer loop
      vertex   3.435400e+01 -9.238594e+00 1.454660e+00
      vertex   3.471600e+01 -9.238594e+00 1.454660e+00
      vertex   3.435400e+01 -9.228541e+00 1.468560e+00
    endloop
  endfacet
  facet normal 0.000000e+00 -2.547805e-01 9.669989e-01
    outer loop
      vertex   3.688800e+01 -9.297205e+00 1.421471e+00
      vertex   3.652600e+01 -9.280618e+00 1.425842e+00
      vertex   3.652600e+01 -9.297205e+00 1.421471e+00
    endloop
  endfacet
  facet normal -6.199934e-19 -2.547805e-01 9.669989e-01
    outer loop
      vertex   3.652600e+01 -9.297205e+00 1.421471e+00
      vertex   3.652600e+01 -9.280618e+00 1.425842e+00
      vertex   3.616400e+01 -9.280618e+00 1.425842e+00
    endloop
  endfacet
  facet normal 0.000000e+00 -2.547805e-01 9.669989e-01
    outer loop
      vertex   3.652600e+01 -9.297205e+00 1.421471e+00
      vertex   3.616400e+01 -9.280618e+00 1.425842e+00
      vertex   3.616400e+01 -9.297205e+00 1.421471e+00
    endloop
  endfacet
  facet normal -5.937606e-16 -2.547805e-01 9.669989e-01
    outer loop
      vertex   3.616400e+01 -9.297205e+00 1.421471e+00
      vertex   3.616400e+01 -9.280618e+00 1.425842e+00
      vertex   3.580200e+01 -9.280618e+00 1.425842e+00
    endloop
  endfacet
  facet normal -4.208692e-16 -8.576805e-02 9.963151e-01
    outer loop
      vertex   3.544000e+01 -9.297205e+00 1.421471e+00
      vertex   3.906000e+01 -9.314296e+00 1.420000e+00
      vertex   3.580200e+01 -9.297205e+00 1.421471e+00
    endloop
  endfacet
  facet normal -1.250224e-15 -2.547805e-01 9.669989e-01
    outer loop
      vertex   3.580200e+01 -9.297205e+00 1.421471e+00
      vertex   3.544000e+01 -9.280618e+00 1.425842e+00
      vertex   3.544000e+01 -9.297205e+00 1.421471e+00
    endloop
  endfacet
  facet normal -1.249163e-15 -2.547805e-01 9.669989e-01
    outer loop
      vertex   3.544000e+01 -9.297205e+00 1.421471e+00
      vertex   3.544000e+01 -9.280618e+00 1.425842e+00
      vertex   3.507800e+01 -9.280618e+00 1.425842e+00
    endloop
  endfacet
  facet normal 0.000000e+00 -2.547805e-01 9.669989e-01
    outer loop
      vertex   3.544000e+01 -9.297205e+00 1.421471e+00
      vertex   3.507800e+01 -9.280618e+00 1.425842e+00
      vertex   3.507800e+01 -9.297205e+00 1.421471e+00
    endloop
  endfacet
  facet normal -1.185221e-15 -2.547805e-01 9.669989e-01
    outer loop
      vertex   3.507800e+01 -9.297205e+00 1.421471e+00
      vertex   3.507800e+01 -9.280618e+00 1.425842e+00
      vertex   3.471600e+01 -9.280618e+00 1.425842e+00
    endloop
  endfacet
  facet normal 0.000000e+00 -8.576805e-02 9.963151e-01
    outer loop
      vertex   3.435400e+01 -9.297205e+00 1.421471e+00
      vertex   3.182000e+01 -9.314296e+00 1.420000e+00
      vertex   3.471600e+01 -9.297205e+00 1.421471e+00
    endloop
  endfacet
  facet normal 5.584395e-19 -2.547805e-01 9.669989e-01
    outer loop
      vertex   3.435400e+01 -9.280618e+00 1.425842e+00
      vertex   3.435400e+01 -9.297205e+00 1.421471e+00
      vertex   3.471600e+01 -9.297205e+00 1.421471e+00
    endloop
  endfacet
  facet normal 0.000000e+00 -2.547805e-01 9.669989e-01
    outer loop
      vertex   3.363000e+01 -9.297205e+00 1.421471e+00
      vertex   3.399200e+01 -9.297205e+00 1.421471e+00
      vertex   3.363000e+01 -9.280618e+00 1.425842e+00
    endloop
  endfacet
  facet normal 0.000000e+00 -2.547805e-01 9.669989e-01
    outer loop
      vertex   3.363000e+01 -9.280618e+00 1.425842e+00
      vertex   3.399200e+01 -9.297205e+00 1.421471e+00
      vertex   3.399200e+01 -9.280618e+00 1.425842e+00
    endloop
  endfacet
  facet normal 0.000000e+00 -4.162960e-01 9.092291e-01
    outer loop
      vertex   3.363000e+01 -9.280618e+00 1.425842e+00
      vertex   3.399200e+01 -9.280618e+00 1.425842e+00
      vertex   3.363000e+01 -9.265021e+00 1.432983e+00
    endloop
  endfacet
  facet normal 0.000000e+00 -4.162960e-01 9.092291e-01
    outer loop
      vertex   3.363000e+01 -9.265021e+00 1.432983e+00
      vertex   3.399200e+01 -9.280618e+00 1.425842e+00
      vertex   3.399200e+01 -9.265021e+00 1.432983e+00
    endloop
  endfacet
  facet normal 0.000000e+00 -5.655623e-01 8.247056e-01
    outer loop
      vertex   3.363000e+01 -9.265021e+00 1.432983e+00
      vertex   3.399200e+01 -9.265021e+00 1.432983e+00
      vertex   3.363000e+01 -9.250874e+00 1.442684e+00
    endloop
  endfacet
  facet normal 0.000000e+00 -5.655623e-01 8.247056e-01
    outer loop
      vertex   3.363000e+01 -9.250874e+00 1.442684e+00
      vertex   3.399200e+01 -9.265021e+00 1.432983e+00
      vertex   3.399200e+01 -9.250874e+00 1.442684e+00
    endloop
  endfacet
  facet normal 0.000000e+00 -6.981870e-01 7.159154e-01
    outer loop
      vertex   3.363000e+01 -9.250874e+00 1.442684e+00
      vertex   3.399200e+01 -9.250874e+00 1.442684e+00
      vertex   3.363000e+01 -9.238594e+00 1.454660e+00
    endloop
  endfacet
  facet normal 0.000000e+00 -6.981870e-01 7.159154e-01
    outer loop
      vertex   3.363000e+01 -9.238594e+00 1.454660e+00
      vertex   3.399200e+01 -9.250874e+00 1.442684e+00
      vertex   3.399200e+01 -9.238594e+00 1.454660e+00
    endloop
  endfacet
  facet normal 0.000000e+00 -8.102679e-01 5.860597e-01
    outer loop
      vertex   3.363000e+01 -9.238594e+00 1.454660e+00
      vertex   3.399200e+01 -9.238594e+00 1.454660e+00
      vertex   3.363000e+01 -9.228541e+00 1.468560e+00
    endloop
  endfacet
  facet normal 0.000000e+00 -8.102679e-01 5.860597e-01
    outer loop
      vertex   3.363000e+01 -9.228541e+00 1.468560e+00
      vertex   3.399200e+01 -9.238594e+00 1.454660e+00
      vertex   3.399200e+01 -9.228541e+00 1.468560e+00
    endloop
  endfacet
  facet normal 0.000000e+00 -8.985069e-01 4.389593e-01
    outer loop
      vertex   3.363000e+01 -9.228541e+00 1.468560e+00
      vertex   3.399200e+01 -9.228541e+00 1.468560e+00
      vertex   3.363000e+01 -9.221011e+00 1.483972e+00
    endloop
  endfacet
  facet normal 5.925206e-16 -2.547805e-01 9.669989e-01
    outer loop
      vertex   3.833600e+01 -9.297205e+00 1.421471e+00
      vertex   3.833600e+01 -9.280618e+00 1.425842e+00
      vertex   3.797400e+01 -9.280618e+00 1.425842e+00
    endloop
  endfacet
  facet normal 5.577056e-16 -4.162960e-01 9.092291e-01
    outer loop
      vertex   3.797400e+01 -9.280618e+00 1.425842e+00
      vertex   3.833600e+01 -9.280618e+00 1.425842e+00
      vertex   3.797400e+01 -9.265021e+00 1.432983e+00
    endloop
  endfacet
  facet normal 5.570216e-16 -4.162960e-01 9.092291e-01
    outer loop
      vertex   3.797400e+01 -9.280618e+00 1.425842e+00
      vertex   3.797400e+01 -9.265021e+00 1.432983e+00
      vertex   3.761200e+01 -9.265021e+00 1.432983e+00
    endloop
  endfacet
  facet normal 5.058603e-16 -5.655623e-01 8.247056e-01
    outer loop
      vertex   3.761200e+01 -9.265021e+00 1.432983e+00
      vertex   3.797400e+01 -9.265021e+00 1.432983e+00
      vertex   3.761200e+01 -9.250874e+00 1.442684e+00
    endloop
  endfacet
  facet normal -5.045664e-16 -5.655623e-01 8.247056e-01
    outer loop
      vertex   3.761200e+01 -9.265021e+00 1.432983e+00
      vertex   3.761200e+01 -9.250874e+00 1.442684e+00
      vertex   3.725000e+01 -9.250874e+00 1.442684e+00
    endloop
  endfacet
  facet normal -4.391303e-16 -6.981870e-01 7.159154e-01
    outer loop
      vertex   3.725000e+01 -9.250874e+00 1.442684e+00
      vertex   3.761200e+01 -9.250874e+00 1.442684e+00
      vertex   3.725000e+01 -9.238594e+00 1.454660e+00
    endloop
  endfacet
  facet normal 4.372443e-16 -6.981870e-01 7.159154e-01
    outer loop
      vertex   3.725000e+01 -9.250874e+00 1.442684e+00
      vertex   3.725000e+01 -9.238594e+00 1.454660e+00
      vertex   3.688800e+01 -9.238594e+00 1.454660e+00
    endloop
  endfacet
  facet normal 3.594790e-16 -8.102679e-01 5.860597e-01
    outer loop
      vertex   3.688800e+01 -9.238594e+00 1.454660e+00
      vertex   3.725000e+01 -9.238594e+00 1.454660e+00
      vertex   3.688800e+01 -9.228541e+00 1.468560e+00
    endloop
  endfacet
  facet normal 2.117840e-18 -8.102679e-01 5.860597e-01
    outer loop
      vertex   3.688800e+01 -9.238594e+00 1.454660e+00
      vertex   3.688800e+01 -9.228541e+00 1.468560e+00
      vertex   3.652600e+01 -9.228541e+00 1.468560e+00
    endloop
  endfacet
  facet normal 0.000000e+00 -8.985069e-01 4.389593e-01
    outer loop
      vertex   3.652600e+01 -9.228541e+00 1.468560e+00
      vertex   3.688800e+01 -9.228541e+00 1.468560e+00
      vertex   3.652600e+01 -9.221011e+00 1.483972e+00
    endloop
  endfacet
  facet normal -1.082949e-18 -8.985069e-01 4.389593e-01
    outer loop
      vertex   3.652600e+01 -9.228541e+00 1.468560e+00
      vertex   3.652600e+01 -9.221011e+00 1.483972e+00
      vertex   3.616400e+01 -9.221011e+00 1.483972e+00
    endloop
  endfacet
  facet normal 0.000000e+00 -9.603077e-01 2.789428e-01
    outer loop
      vertex   3.616400e+01 -9.221011e+00 1.483972e+00
      vertex   3.652600e+01 -9.221011e+00 1.483972e+00
      vertex   3.616400e+01 -9.216226e+00 1.500445e+00
    endloop
  endfacet
  facet normal -6.854692e-19 -9.603077e-01 2.789428e-01
    outer loop
      vertex   3.616400e+01 -9.221011e+00 1.483972e+00
      vertex   3.616400e+01 -9.216226e+00 1.500445e+00
      vertex   3.580200e+01 -9.216226e+00 1.500445e+00
    endloop
  endfacet
  facet normal 0.000000e+00 -9.938518e-01 1.107184e-01
    outer loop
      vertex   3.580200e+01 -9.216226e+00 1.500445e+00
      vertex   3.616400e+01 -9.216226e+00 1.500445e+00
      vertex   3.580200e+01 -9.214327e+00 1.517493e+00
    endloop
  endfacet
  facet normal 3.897183e-19 -9.938518e-01 1.107184e-01
    outer loop
      vertex   3.580200e+01 -9.216226e+00 1.500445e+00
      vertex   3.580200e+01 -9.214327e+00 1.517493e+00
      vertex   3.544000e+01 -9.214327e+00 1.517493e+00
    endloop
  endfacet
  facet normal 0.000000e+00 -9.981522e-01 -6.076377e-02
    outer loop
      vertex   3.544000e+01 -9.214327e+00 1.517493e+00
      vertex   3.580200e+01 -9.214327e+00 1.517493e+00
      vertex   3.544000e+01 -9.215369e+00 1.534615e+00
    endloop
  endfacet
  facet normal 1.930863e-19 -9.981522e-01 -6.076377e-02
    outer loop
      vertex   3.544000e+01 -9.214327e+00 1.517493e+00
      vertex   3.544000e+01 -9.215369e+00 1.534615e+00
      vertex   3.507800e+01 -9.215369e+00 1.534615e+00
    endloop
  endfacet
  facet normal 0.000000e+00 -9.730823e-01 -2.304580e-01
    outer loop
      vertex   3.507800e+01 -9.215369e+00 1.534615e+00
      vertex   3.544000e+01 -9.215369e+00 1.534615e+00
      vertex   3.182000e+01 -9.219322e+00 1.551307e+00
    endloop
  endfacet
  facet normal 0.000000e+00 -4.162960e-01 9.092291e-01
    outer loop
      vertex   3.797400e+01 -9.265021e+00 1.432983e+00
      vertex   3.833600e+01 -9.280618e+00 1.425842e+00
      vertex   3.833600e+01 -9.265021e+00 1.432983e+00
    endloop
  endfacet
  facet normal -5.577056e-16 -4.162960e-01 9.092291e-01
    outer loop
      vertex   3.761200e+01 -9.280618e+00 1.425842e+00
      vertex   3.725000e+01 -9.265021e+00 1.432983e+00
      vertex   3.725000e+01 -9.280618e+00 1.425842e+00
    endloop
  endfacet
  facet normal 4.816447e-19 -4.162960e-01 9.092291e-01
    outer loop
      vertex   3.725000e+01 -9.280618e+00 1.425842e+00
      vertex   3.725000e+01 -9.265021e+00 1.432983e+00
      vertex   3.688800e+01 -9.265021e+00 1.432983e+00
    endloop
  endfacet
  facet normal 0.000000e+00 -4.162960e-01 9.092291e-01
    outer loop
      vertex   3.725000e+01 -9.280618e+00 1.425842e+00
      vertex   3.688800e+01 -9.265021e+00 1.432983e+00
      vertex   3.688800e+01 -9.280618e+00 1.425842e+00
    endloop
  endfacet
  facet normal 4.816447e-19 -4.162960e-01 9.092291e-01
    outer loop
      vertex   3.688800e+01 -9.280618e+00 1.425842e+00
      vertex   3.688800e+01 -9.265021e+00 1.432983e+00
      vertex   3.652600e+01 -9.265021e+00 1.432983e+00
    endloop
  endfacet
  facet normal 0.000000e+00 -4.162960e-01 9.092291e-01
    outer loop
      vertex   3.652600e+01 -9.280618e+00 1.425842e+00
      vertex   3.616400e+01 -9.265021e+00 1.432983e+00
      vertex   3.616400e+01 -9.280618e+00 1.425842e+00
    endloop
  endfacet
  facet normal -1.114930e-15 -4.162960e-01 9.092291e-01
    outer loop
      vertex   3.616400e+01 -9.280618e+00 1.425842e+00
      vertex   3.616400e+01 -9.265021e+00 1.432983e+00
      vertex   3.580200e+01 -9.265021e+00 1.432983e+00
    endloop
  endfacet
  facet normal -5.577056e-16 -4.162960e-01 9.092291e-01
    outer loop
      vertex   3.616400e+01 -9.280618e+00 1.425842e+00
      vertex   3.580200e+01 -9.265021e+00 1.432983e+00
      vertex   3.580200e+01 -9.280618e+00 1.425842e+00
    endloop
  endfacet
  facet normal -6.839752e-19 -4.162960e-01 9.092291e-01
    outer loop
      vertex   3.580200e+01 -9.280618e+00 1.425842e+00
      vertex   3.580200e+01 -9.265021e+00 1.432983e+00
      vertex   3.544000e+01 -9.265021e+00 1.432983e+00
    endloop
  endfacet
  facet normal -2.042791e-15 -4.162960e-01 9.092291e-01
    outer loop
      vertex   3.544000e+01 -9.280618e+00 1.425842e+00
      vertex   3.507800e+01 -9.265021e+00 1.432983e+00
      vertex   3.507800e+01 -9.280618e+00 1.425842e+00
    endloop
  endfacet
  facet normal -5.583515e-16 -4.162960e-01 9.092291e-01
    outer loop
      vertex   3.507800e+01 -9.280618e+00 1.425842e+00
      vertex   3.507800e+01 -9.265021e+00 1.432983e+00
      vertex   3.471600e+01 -9.265021e+00 1.432983e+00
    endloop
  endfacet
  facet normal -1.115411e-15 -4.162960e-01 9.092291e-01
    outer loop
      vertex   3.507800e+01 -9.280618e+00 1.425842e+00
      vertex   3.471600e+01 -9.265021e+00 1.432983e+00
      vertex   3.471600e+01 -9.280618e+00 1.425842e+00
    endloop
  endfacet
  facet normal 5.197144e-19 -4.162960e-01 9.092291e-01
    outer loop
      vertex   3.471600e+01 -9.280618e+00 1.425842e+00
      vertex   3.471600e+01 -9.265021e+00 1.432983e+00
      vertex   3.435400e+01 -9.265021e+00 1.432983e+00
    endloop
  endfacet
  facet normal -1.185723e-15 -2.547805e-01 9.669989e-01
    outer loop
      vertex   3.363000e+01 -9.297205e+00 1.421471e+00
      vertex   3.363000e+01 -9.280618e+00 1.425842e+00
      vertex   3.326800e+01 -9.280618e+00 1.425842e+00
    endloop
  endfacet
  facet normal -1.115411e-15 -4.162960e-01 9.092291e-01
    outer loop
      vertex   3.326800e+01 -9.280618e+00 1.425842e+00
      vertex   3.363000e+01 -9.280618e+00 1.425842e+00
      vertex   3.326800e+01 -9.265021e+00 1.432983e+00
    endloop
  endfacet
  facet normal -6.459056e-19 -4.162960e-01 9.092291e-01
    outer loop
      vertex   3.326800e+01 -9.280618e+00 1.425842e+00
      vertex   3.326800e+01 -9.265021e+00 1.432983e+00
      vertex   3.290600e+01 -9.265021e+00 1.432983e+00
    endloop
  endfacet
  facet normal 0.000000e+00 -5.655623e-01 8.247056e-01
    outer loop
      vertex   3.290600e+01 -9.265021e+00 1.432983e+00
      vertex   3.326800e+01 -9.265021e+00 1.432983e+00
      vertex   3.290600e+01 -9.250874e+00 1.442684e+00
    endloop
  endfacet
  facet normal 5.066722e-16 -5.655623e-01 8.247056e-01
    outer loop
      vertex   3.290600e+01 -9.265021e+00 1.432983e+00
      vertex   3.290600e+01 -9.250874e+00 1.442684e+00
      vertex   3.254400e+01 -9.250874e+00 1.442684e+00
    endloop
  endfacet
  facet normal 4.391303e-16 -6.981870e-01 7.159154e-01
    outer loop
      vertex   3.254400e+01 -9.250874e+00 1.442684e+00
      vertex   3.290600e+01 -9.250874e+00 1.442684e+00
      vertex   3.254400e+01 -9.238594e+00 1.454660e+00
    endloop
  endfacet
  facet normal -4.401245e-16 -6.981870e-01 7.159154e-01
    outer loop
      vertex   3.254400e+01 -9.250874e+00 1.442684e+00
      vertex   3.254400e+01 -9.238594e+00 1.454660e+00
      vertex   3.218200e+01 -9.238594e+00 1.454660e+00
    endloop
  endfacet
  facet normal -3.594790e-16 -8.102679e-01 5.860597e-01
    outer loop
      vertex   3.218200e+01 -9.238594e+00 1.454660e+00
      vertex   3.254400e+01 -9.238594e+00 1.454660e+00
      vertex   3.218200e+01 -9.228541e+00 1.468560e+00
    endloop
  endfacet
  facet normal -5.577056e-16 -4.162960e-01 9.092291e-01
    outer loop
      vertex   3.326800e+01 -9.265021e+00 1.432983e+00
      vertex   3.363000e+01 -9.280618e+00 1.425842e+00
      vertex   3.363000e+01 -9.265021e+00 1.432983e+00
    endloop
  endfacet
  facet normal -5.058603e-16 -5.655623e-01 8.247056e-01
    outer loop
      vertex   3.833600e+01 -9.250874e+00 1.442684e+00
      vertex   3.869800e+01 -9.265021e+00 1.432983e+00
      vertex   3.869800e+01 -9.250874e+00 1.442684e+00
    endloop
  endfacet
  facet normal 0.000000e+00 -5.655623e-01 8.247056e-01
    outer loop
      vertex   3.761200e+01 -9.250874e+00 1.442684e+00
      vertex   3.797400e+01 -9.265021e+00 1.432983e+00
      vertex   3.797400e+01 -9.250874e+00 1.442684e+00
    endloop
  endfacet
  facet normal 8.119042e-19 -5.655623e-01 8.247056e-01
    outer loop
      vertex   3.797400e+01 -9.250874e+00 1.442684e+00
      vertex   3.797400e+01 -9.265021e+00 1.432983e+00
      vertex   3.833600e+01 -9.265021e+00 1.432983e+00
    endloop
  endfacet
  facet normal 0.000000e+00 -5.655623e-01 8.247056e-01
    outer loop
      vertex   3.725000e+01 -9.265021e+00 1.432983e+00
      vertex   3.688800e+01 -9.250874e+00 1.442684e+00
      vertex   3.688800e+01 -9.265021e+00 1.432983e+00
    endloop
  endfacet
  facet normal 1.293851e-18 -5.655623e-01 8.247056e-01
    outer loop
      vertex   3.688800e+01 -9.265021e+00 1.432983e+00
      vertex   3.688800e+01 -9.250874e+00 1.442684e+00
      vertex   3.652600e+01 -9.250874e+00 1.442684e+00
    endloop
  endfacet
  facet normal 0.000000e+00 -5.655623e-01 8.247056e-01
    outer loop
      vertex   3.688800e+01 -9.265021e+00 1.432983e+00
      vertex   3.652600e+01 -9.250874e+00 1.442684e+00
      vertex   3.652600e+01 -9.265021e+00 1.432983e+00
    endloop
  endfacet
  facet normal 1.293851e-18 -5.655623e-01 8.247056e-01
    outer loop
      vertex   3.652600e+01 -9.265021e+00 1.432983e+00
      vertex   3.652600e+01 -9.250874e+00 1.442684e+00
      vertex   3.616400e+01 -9.250874e+00 1.442684e+00
    endloop
  endfacet
  facet normal -1.011721e-15 -5.655623e-01 8.247056e-01
    outer loop
      vertex   3.616400e+01 -9.265021e+00 1.432983e+00
      vertex   3.580200e+01 -9.250874e+00 1.442684e+00
      vertex   3.580200e+01 -9.265021e+00 1.432983e+00
    endloop
  endfacet
  facet normal 3.299574e-19 -5.655623e-01 8.247056e-01
    outer loop
      vertex   3.580200e+01 -9.265021e+00 1.432983e+00
      vertex   3.580200e+01 -9.250874e+00 1.442684e+00
      vertex   3.544000e+01 -9.250874e+00 1.442684e+00
    endloop
  endfacet
  facet normal 0.000000e+00 -5.655623e-01 8.247056e-01
    outer loop
      vertex   3.580200e+01 -9.265021e+00 1.432983e+00
      vertex   3.544000e+01 -9.250874e+00 1.442684e+00
      vertex   3.544000e+01 -9.265021e+00 1.432983e+00
    endloop
  endfacet
  facet normal 3.299574e-19 -5.655623e-01 8.247056e-01
    outer loop
      vertex   3.544000e+01 -9.265021e+00 1.432983e+00
      vertex   3.544000e+01 -9.250874e+00 1.442684e+00
      vertex   3.507800e+01 -9.250874e+00 1.442684e+00
    endloop
  endfacet
  facet normal 8.119042e-19 -5.655623e-01 8.247056e-01
    outer loop
      vertex   3.435400e+01 -9.250874e+00 1.442684e+00
      vertex   3.435400e+01 -9.265021e+00 1.432983e+00
      vertex   3.471600e+01 -9.265021e+00 1.432983e+00
    endloop
  endfacet
  facet normal 0.000000e+00 -5.655623e-01 8.247056e-01
    outer loop
      vertex   3.435400e+01 -9.250874e+00 1.442684e+00
      vertex   3.471600e+01 -9.265021e+00 1.432983e+00
      vertex   3.471600e+01 -9.250874e+00 1.442684e+00
    endloop
  endfacet
  facet normal -5.050484e-16 -5.655623e-01 8.247056e-01
    outer loop
      vertex   3.471600e+01 -9.250874e+00 1.442684e+00
      vertex   3.471600e+01 -9.265021e+00 1.432983e+00
      vertex   3.507800e+01 -9.265021e+00 1.432983e+00
    endloop
  endfacet
  facet normal -5.058603e-16 -5.655623e-01 8.247056e-01
    outer loop
      vertex   3.326800e+01 -9.265021e+00 1.432983e+00
      vertex   3.363000e+01 -9.265021e+00 1.432983e+00
      vertex   3.326800e+01 -9.250874e+00 1.442684e+00
    endloop
  endfacet
  facet normal -5.058603e-16 -5.655623e-01 8.247056e-01
    outer loop
      vertex   3.326800e+01 -9.250874e+00 1.442684e+00
      vertex   3.363000e+01 -9.265021e+00 1.432983e+00
      vertex   3.363000e+01 -9.250874e+00 1.442684e+00
    endloop
  endfacet
  facet normal -4.391303e-16 -6.981870e-01 7.159154e-01
    outer loop
      vertex   3.326800e+01 -9.250874e+00 1.442684e+00
      vertex   3.363000e+01 -9.250874e+00 1.442684e+00
      vertex   3.326800e+01 -9.238594e+00 1.454660e+00
    endloop
  endfacet
  facet normal 0.000000e+00 -6.981870e-01 7.159154e-01
    outer loop
      vertex   3.326800e+01 -9.238594e+00 1.454660e+00
      vertex   3.363000e+01 -9.250874e+00 1.442684e+00
      vertex   3.363000e+01 -9.238594e+00 1.454660e+00
    endloop
  endfacet
  facet normal 0.000000e+00 -8.102679e-01 5.860597e-01
    outer loop
      vertex   3.326800e+01 -9.238594e+00 1.454660e+00
      vertex   3.363000e+01 -9.238594e+00 1.454660e+00
      vertex   3.326800e+01 -9.228541e+00 1.468560e+00
    endloop
  endfacet
  facet normal -3.594790e-16 -8.102679e-01 5.860597e-01
    outer loop
      vertex   3.326800e+01 -9.228541e+00 1.468560e+00
      vertex   3.363000e+01 -9.238594e+00 1.454660e+00
      vertex   3.363000e+01 -9.228541e+00 1.468560e+00
    endloop
  endfacet
  facet normal -2.692501e-16 -8.985069e-01 4.389593e-01
    outer loop
      vertex   3.326800e+01 -9.228541e+00 1.468560e+00
      vertex   3.363000e+01 -9.228541e+00 1.468560e+00
      vertex   3.326800e+01 -9.221011e+00 1.483972e+00
    endloop
  endfacet
  facet normal -2.692501e-16 -8.985069e-01 4.389593e-01
    outer loop
      vertex   3.326800e+01 -9.221011e+00 1.483972e+00
      vertex   3.363000e+01 -9.228541e+00 1.468560e+00
      vertex   3.363000e+01 -9.221011e+00 1.483972e+00
    endloop
  endfacet
  facet normal -1.710987e-16 -9.603077e-01 2.789428e-01
    outer loop
      vertex   3.326800e+01 -9.221011e+00 1.483972e+00
      vertex   3.363000e+01 -9.221011e+00 1.483972e+00
      vertex   3.326800e+01 -9.216226e+00 1.500445e+00
    endloop
  endfacet
  facet normal -4.391303e-16 -6.981870e-01 7.159154e-01
    outer loop
      vertex   3.833600e+01 -9.250874e+00 1.442684e+00
      vertex   3.869800e+01 -9.250874e+00 1.442684e+00
      vertex   3.833600e+01 -9.238594e+00 1.454660e+00
    endloop
  endfacet
  facet normal -8.782605e-16 -6.981870e-01 7.159154e-01
    outer loop
      vertex   3.833600e+01 -9.238594e+00 1.454660e+00
      vertex   3.869800e+01 -9.250874e+00 1.442684e+00
      vertex   3.869800e+01 -9.238594e+00 1.454660e+00
    endloop
  endfacet
  facet normal -7.189579e-16 -8.102679e-01 5.860597e-01
    outer loop
      vertex   3.833600e+01 -9.238594e+00 1.454660e+00
      vertex   3.869800e+01 -9.238594e+00 1.454660e+00
      vertex   3.833600e+01 -9.228541e+00 1.468560e+00
    endloop
  endfacet
  facet normal -3.594790e-16 -8.102679e-01 5.860597e-01
    outer loop
      vertex   3.833600e+01 -9.228541e+00 1.468560e+00
      vertex   3.869800e+01 -9.238594e+00 1.454660e+00
      vertex   3.869800e+01 -9.228541e+00 1.468560e+00
    endloop
  endfacet
  facet normal -2.692501e-16 -8.985069e-01 4.389593e-01
    outer loop
      vertex   3.833600e+01 -9.228541e+00 1.468560e+00
      vertex   3.869800e+01 -9.228541e+00 1.468560e+00
      vertex   3.833600e+01 -9.221011e+00 1.483972e+00
    endloop
  endfacet
  facet normal -2.692501e-16 -8.985069e-01 4.389593e-01
    outer loop
      vertex   3.833600e+01 -9.221011e+00 1.483972e+00
      vertex   3.869800e+01 -9.228541e+00 1.468560e+00
      vertex   3.869800e+01 -9.221011e+00 1.483972e+00
    endloop
  endfacet
  facet normal -1.710987e-16 -9.603077e-01 2.789428e-01
    outer loop
      vertex   3.833600e+01 -9.221011e+00 1.483972e+00
      vertex   3.869800e+01 -9.221011e+00 1.483972e+00
      vertex   3.833600e+01 -9.216226e+00 1.500445e+00
    endloop
  endfacet
  facet normal 0.000000e+00 -9.603077e-01 2.789428e-01
    outer loop
      vertex   3.833600e+01 -9.216226e+00 1.500445e+00
      vertex   3.869800e+01 -9.221011e+00 1.483972e+00
      vertex   3.869800e+01 -9.216226e+00 1.500445e+00
    endloop
  endfacet
  facet normal 0.000000e+00 -9.938518e-01 1.107184e-01
    outer loop
      vertex   3.833600e+01 -9.216226e+00 1.500445e+00
      vertex   3.869800e+01 -9.216226e+00 1.500445e+00
      vertex   3.833600e+01 -9.214327e+00 1.517493e+00
    endloop
  endfacet
  facet normal 0.000000e+00 -9.938518e-01 1.107184e-01
    outer loop
      vertex   3.833600e+01 -9.214327e+00 1.517493e+00
      vertex   3.869800e+01 -9.216226e+00 1.500445e+00
      vertex   3.869800e+01 -9.214327e+00 1.517493e+00
    endloop
  endfacet
  facet normal 0.000000e+00 -9.981522e-01 -6.076377e-02
    outer loop
      vertex   3.833600e+01 -9.214327e+00 1.517493e+00
      vertex   3.869800e+01 -9.214327e+00 1.517493e+00
      vertex   3.833600e+01 -9.215369e+00 1.534615e+00
    endloop
  endfacet
  facet normal 3.727145e-17 -9.981522e-01 -6.076377e-02
    outer loop
      vertex   3.833600e+01 -9.215369e+00 1.534615e+00
      vertex   3.869800e+01 -9.214327e+00 1.517493e+00
      vertex   3.869800e+01 -9.215369e+00 1.534615e+00
    endloop
  endfacet
  facet normal 1.413590e-16 -9.730823e-01 -2.304580e-01
    outer loop
      vertex   3.833600e+01 -9.215369e+00 1.534615e+00
      vertex   3.869800e+01 -9.215369e+00 1.534615e+00
      vertex   3.906000e+01 -9.219322e+00 1.551307e+00
    endloop
  endfacet
  facet normal -3.865178e-15 -6.981870e-01 7.159154e-01
    outer loop
      vertex   3.725000e+01 -9.238594e+00 1.454660e+00
      vertex   3.761200e+01 -9.250874e+00 1.442684e+00
      vertex   3.761200e+01 -9.238594e+00 1.454660e+00
    endloop
  endfacet
  facet normal -1.393602e-18 -6.981870e-01 7.159154e-01
    outer loop
      vertex   3.761200e+01 -9.238594e+00 1.454660e+00
      vertex   3.761200e+01 -9.250874e+00 1.442684e+00
      vertex   3.797400e+01 -9.250874e+00 1.442684e+00
    endloop
  endfacet
  facet normal 0.000000e+00 -6.981870e-01 7.159154e-01
    outer loop
      vertex   3.688800e+01 -9.250874e+00 1.442684e+00
      vertex   3.652600e+01 -9.238594e+00 1.454660e+00
      vertex   3.652600e+01 -9.250874e+00 1.442684e+00
    endloop
  endfacet
  facet normal 7.424094e-19 -6.981870e-01 7.159154e-01
    outer loop
      vertex   3.652600e+01 -9.250874e+00 1.442684e+00
      vertex   3.652600e+01 -9.238594e+00 1.454660e+00
      vertex   3.616400e+01 -9.238594e+00 1.454660e+00
    endloop
  endfacet
  facet normal 0.000000e+00 -6.981870e-01 7.159154e-01
    outer loop
      vertex   3.652600e+01 -9.250874e+00 1.442684e+00
      vertex   3.616400e+01 -9.238594e+00 1.454660e+00
      vertex   3.616400e+01 -9.250874e+00 1.442684e+00
    endloop
  endfacet
  facet normal -4.383878e-16 -6.981870e-01 7.159154e-01
    outer loop
      vertex   3.616400e+01 -9.250874e+00 1.442684e+00
      vertex   3.616400e+01 -9.238594e+00 1.454660e+00
      vertex   3.580200e+01 -9.238594e+00 1.454660e+00
    endloop
  endfacet
  facet normal 0.000000e+00 -6.981870e-01 7.159154e-01
    outer loop
      vertex   3.580200e+01 -9.250874e+00 1.442684e+00
      vertex   3.544000e+01 -9.238594e+00 1.454660e+00
      vertex   3.544000e+01 -9.250874e+00 1.442684e+00
    endloop
  endfacet
  facet normal 4.372443e-16 -6.981870e-01 7.159154e-01
    outer loop
      vertex   3.544000e+01 -9.250874e+00 1.442684e+00
      vertex   3.544000e+01 -9.238594e+00 1.454660e+00
      vertex   3.507800e+01 -9.238594e+00 1.454660e+00
    endloop
  endfacet
  facet normal 0.000000e+00 -6.981870e-01 7.159154e-01
    outer loop
      vertex   3.544000e+01 -9.250874e+00 1.442684e+00
      vertex   3.507800e+01 -9.238594e+00 1.454660e+00
      vertex   3.507800e+01 -9.250874e+00 1.442684e+00
    endloop
  endfacet
  facet normal -4.383878e-16 -6.981870e-01 7.159154e-01
    outer loop
      vertex   3.507800e+01 -9.250874e+00 1.442684e+00
      vertex   3.507800e+01 -9.238594e+00 1.454660e+00
      vertex   3.471600e+01 -9.238594e+00 1.454660e+00
    endloop
  endfacet
  facet normal -9.942910e-19 -6.981870e-01 7.159154e-01
    outer loop
      vertex   3.435400e+01 -9.238594e+00 1.454660e+00
      vertex   3.435400e+01 -9.250874e+00 1.442684e+00
      vertex   3.471600e+01 -9.250874e+00 1.442684e+00
    endloop
  endfacet
  facet normal 8.119042e-19 -5.655623e-01 8.247056e-01
    outer loop
      vertex   3.326800e+01 -9.265021e+00 1.432983e+00
      vertex   3.326800e+01 -9.250874e+00 1.442684e+00
      vertex   3.290600e+01 -9.250874e+00 1.442684e+00
    endloop
  endfacet
  facet normal 0.000000e+00 -6.981870e-01 7.159154e-01
    outer loop
      vertex   3.290600e+01 -9.250874e+00 1.442684e+00
      vertex   3.326800e+01 -9.250874e+00 1.442684e+00
      vertex   3.290600e+01 -9.238594e+00 1.454660e+00
    endloop
  endfacet
  facet normal 1.634028e-18 -6.981870e-01 7.159154e-01
    outer loop
      vertex   3.290600e+01 -9.250874e+00 1.442684e+00
      vertex   3.290600e+01 -9.238594e+00 1.454660e+00
      vertex   3.254400e+01 -9.238594e+00 1.454660e+00
    endloop
  endfacet
  facet normal 0.000000e+00 -8.102679e-01 5.860597e-01
    outer loop
      vertex   3.254400e+01 -9.238594e+00 1.454660e+00
      vertex   3.290600e+01 -9.238594e+00 1.454660e+00
      vertex   3.254400e+01 -9.228541e+00 1.468560e+00
    endloop
  endfacet
  facet normal -3.606756e-16 -8.102679e-01 5.860597e-01
    outer loop
      vertex   3.254400e+01 -9.238594e+00 1.454660e+00
      vertex   3.254400e+01 -9.228541e+00 1.468560e+00
      vertex   3.218200e+01 -9.228541e+00 1.468560e+00
    endloop
  endfacet
  facet normal -2.692501e-16 -8.985069e-01 4.389593e-01
    outer loop
      vertex   3.218200e+01 -9.228541e+00 1.468560e+00
      vertex   3.254400e+01 -9.228541e+00 1.468560e+00
      vertex   3.218200e+01 -9.221011e+00 1.483972e+00
    endloop
  endfacet
  facet normal 0.000000e+00 -6.981870e-01 7.159154e-01
    outer loop
      vertex   3.290600e+01 -9.238594e+00 1.454660e+00
      vertex   3.326800e+01 -9.250874e+00 1.442684e+00
      vertex   3.326800e+01 -9.238594e+00 1.454660e+00
    endloop
  endfacet
  facet normal -1.393602e-18 -6.981870e-01 7.159154e-01
    outer loop
      vertex   3.833600e+01 -9.250874e+00 1.442684e+00
      vertex   3.833600e+01 -9.238594e+00 1.454660e+00
      vertex   3.797400e+01 -9.238594e+00 1.454660e+00
    endloop
  endfacet
  facet normal 0.000000e+00 -8.102679e-01 5.860597e-01
    outer loop
      vertex   3.797400e+01 -9.238594e+00 1.454660e+00
      vertex   3.833600e+01 -9.238594e+00 1.454660e+00
      vertex   3.797400e+01 -9.228541e+00 1.468560e+00
    endloop
  endfacet
  facet normal 3.610999e-16 -8.102679e-01 5.860597e-01
    outer loop
      vertex   3.797400e+01 -9.238594e+00 1.454660e+00
      vertex   3.797400e+01 -9.228541e+00 1.468560e+00
      vertex   3.761200e+01 -9.228541e+00 1.468560e+00
    endloop
  endfacet
  facet normal 2.692501e-16 -8.985069e-01 4.389593e-01
    outer loop
      vertex   3.761200e+01 -9.228541e+00 1.468560e+00
      vertex   3.797400e+01 -9.228541e+00 1.468560e+00
      vertex   3.761200e+01 -9.221011e+00 1.483972e+00
    endloop
  endfacet
  facet normal -2.689520e-16 -8.985069e-01 4.389593e-01
    outer loop
      vertex   3.761200e+01 -9.228541e+00 1.468560e+00
      vertex   3.761200e+01 -9.221011e+00 1.483972e+00
      vertex   3.725000e+01 -9.221011e+00 1.483972e+00
    endloop
  endfacet
  facet normal -1.710987e-16 -9.603077e-01 2.789428e-01
    outer loop
      vertex   3.725000e+01 -9.221011e+00 1.483972e+00
      vertex   3.761200e+01 -9.221011e+00 1.483972e+00
      vertex   3.725000e+01 -9.216226e+00 1.500445e+00
    endloop
  endfacet
  facet normal 3.428315e-16 -9.603077e-01 2.789428e-01
    outer loop
      vertex   3.725000e+01 -9.221011e+00 1.483972e+00
      vertex   3.725000e+01 -9.216226e+00 1.500445e+00
      vertex   3.688800e+01 -9.216226e+00 1.500445e+00
    endloop
  endfacet
  facet normal 1.358256e-16 -9.938518e-01 1.107184e-01
    outer loop
      vertex   3.688800e+01 -9.216226e+00 1.500445e+00
      vertex   3.725000e+01 -9.216226e+00 1.500445e+00
      vertex   3.688800e+01 -9.214327e+00 1.517493e+00
    endloop
  endfacet
  facet normal 3.897183e-19 -9.938518e-01 1.107184e-01
    outer loop
      vertex   3.688800e+01 -9.216226e+00 1.500445e+00
      vertex   3.688800e+01 -9.214327e+00 1.517493e+00
      vertex   3.652600e+01 -9.214327e+00 1.517493e+00
    endloop
  endfacet
  facet normal 0.000000e+00 -9.981522e-01 -6.076377e-02
    outer loop
      vertex   3.652600e+01 -9.214327e+00 1.517493e+00
      vertex   3.688800e+01 -9.214327e+00 1.517493e+00
      vertex   3.652600e+01 -9.215369e+00 1.534615e+00
    endloop
  endfacet
  facet normal 1.930863e-19 -9.981522e-01 -6.076377e-02
    outer loop
      vertex   3.652600e+01 -9.214327e+00 1.517493e+00
      vertex   3.652600e+01 -9.215369e+00 1.534615e+00
      vertex   3.616400e+01 -9.215369e+00 1.534615e+00
    endloop
  endfacet
  facet normal 0.000000e+00 -9.730823e-01 -2.304580e-01
    outer loop
      vertex   3.616400e+01 -9.215369e+00 1.534615e+00
      vertex   3.652600e+01 -9.215369e+00 1.534615e+00
      vertex   3.906000e+01 -9.219322e+00 1.551307e+00
    endloop
  endfacet
  facet normal 0.000000e+00 -8.102679e-01 5.860597e-01
    outer loop
      vertex   3.797400e+01 -9.228541e+00 1.468560e+00
      vertex   3.833600e+01 -9.238594e+00 1.454660e+00
      vertex   3.833600e+01 -9.228541e+00 1.468560e+00
    endloop
  endfacet
  facet normal 0.000000e+00 -8.102679e-01 5.860597e-01
    outer loop
      vertex   3.688800e+01 -9.228541e+00 1.468560e+00
      vertex   3.725000e+01 -9.238594e+00 1.454660e+00
      vertex   3.725000e+01 -9.228541e+00 1.468560e+00
    endloop
  endfacet
  facet normal -4.336711e-15 -8.102679e-01 5.860597e-01
    outer loop
      vertex   3.725000e+01 -9.228541e+00 1.468560e+00
      vertex   3.725000e+01 -9.238594e+00 1.454660e+00
      vertex   3.761200e+01 -9.238594e+00 1.454660e+00
    endloop
  endfacet
  facet normal 0.000000e+00 -8.102679e-01 5.860597e-01
    outer loop
      vertex   3.652600e+01 -9.238594e+00 1.454660e+00
      vertex   3.616400e+01 -9.228541e+00 1.468560e+00
      vertex   3.616400e+01 -9.238594e+00 1.454660e+00
    endloop
  endfacet
  facet normal 1.620980e-18 -8.102679e-01 5.860597e-01
    outer loop
      vertex   3.616400e+01 -9.238594e+00 1.454660e+00
      vertex   3.616400e+01 -9.228541e+00 1.468560e+00
      vertex   3.580200e+01 -9.228541e+00 1.468560e+00
    endloop
  endfacet
  facet normal -3.594790e-16 -8.102679e-01 5.860597e-01
    outer loop
      vertex   3.616400e+01 -9.238594e+00 1.454660e+00
      vertex   3.580200e+01 -9.228541e+00 1.468560e+00
      vertex   3.580200e+01 -9.238594e+00 1.454660e+00
    endloop
  endfacet
  facet normal -1.196663e-18 -8.102679e-01 5.860597e-01
    outer loop
      vertex   3.580200e+01 -9.238594e+00 1.454660e+00
      vertex   3.580200e+01 -9.228541e+00 1.468560e+00
      vertex   3.544000e+01 -9.228541e+00 1.468560e+00
    endloop
  endfacet
  facet normal 3.594790e-16 -8.102679e-01 5.860597e-01
    outer loop
      vertex   3.544000e+01 -9.238594e+00 1.454660e+00
      vertex   3.507800e+01 -9.228541e+00 1.468560e+00
      vertex   3.507800e+01 -9.238594e+00 1.454660e+00
    endloop
  endfacet
  facet normal -3.578580e-16 -8.102679e-01 5.860597e-01
    outer loop
      vertex   3.507800e+01 -9.238594e+00 1.454660e+00
      vertex   3.507800e+01 -9.228541e+00 1.468560e+00
      vertex   3.471600e+01 -9.228541e+00 1.468560e+00
    endloop
  endfacet
  facet normal -3.594790e-16 -8.102679e-01 5.860597e-01
    outer loop
      vertex   3.507800e+01 -9.238594e+00 1.454660e+00
      vertex   3.471600e+01 -9.228541e+00 1.468560e+00
      vertex   3.471600e+01 -9.238594e+00 1.454660e+00
    endloop
  endfacet
  facet normal 3.610999e-16 -8.102679e-01 5.860597e-01
    outer loop
      vertex   3.471600e+01 -9.238594e+00 1.454660e+00
      vertex   3.471600e+01 -9.228541e+00 1.468560e+00
      vertex   3.435400e+01 -9.228541e+00 1.468560e+00
    endloop
  endfacet
  facet normal 0.000000e+00 -8.102679e-01 5.860597e-01
    outer loop
      vertex   3.290600e+01 -9.238594e+00 1.454660e+00
      vertex   3.326800e+01 -9.238594e+00 1.454660e+00
      vertex   3.290600e+01 -9.228541e+00 1.468560e+00
    endloop
  endfacet
  facet normal 0.000000e+00 -8.102679e-01 5.860597e-01
    outer loop
      vertex   3.290600e+01 -9.228541e+00 1.468560e+00
      vertex   3.326800e+01 -9.238594e+00 1.454660e+00
      vertex   3.326800e+01 -9.228541e+00 1.468560e+00
    endloop
  endfacet
  facet normal 0.000000e+00 -8.985069e-01 4.389593e-01
    outer loop
      vertex   3.290600e+01 -9.228541e+00 1.468560e+00
      vertex   3.326800e+01 -9.228541e+00 1.468560e+00
      vertex   3.290600e+01 -9.221011e+00 1.483972e+00
    endloop
  endfacet
  facet normal 2.692501e-16 -8.985069e-01 4.389593e-01
    outer loop
      vertex   3.290600e+01 -9.221011e+00 1.483972e+00
      vertex   3.326800e+01 -9.228541e+00 1.468560e+00
      vertex   3.326800e+01 -9.221011e+00 1.483972e+00
    endloop
  endfacet
  facet normal 1.710987e-16 -9.603077e-01 2.789428e-01
    outer loop
      vertex   3.290600e+01 -9.221011e+00 1.483972e+00
      vertex   3.326800e+01 -9.221011e+00 1.483972e+00
      vertex   3.290600e+01 -9.216226e+00 1.500445e+00
    endloop
  endfacet
  facet normal 0.000000e+00 -9.603077e-01 2.789428e-01
    outer loop
      vertex   3.290600e+01 -9.216226e+00 1.500445e+00
      vertex   3.326800e+01 -9.221011e+00 1.483972e+00
      vertex   3.326800e+01 -9.216226e+00 1.500445e+00
    endloop
  endfacet
  facet normal 0.000000e+00 -9.938518e-01 1.107184e-01
    outer loop
      vertex   3.290600e+01 -9.216226e+00 1.500445e+00
      vertex   3.326800e+01 -9.216226e+00 1.500445e+00
      vertex   3.290600e+01 -9.214327e+00 1.517493e+00
    endloop
  endfacet
  facet normal 0.000000e+00 -8.985069e-01 4.389593e-01
    outer loop
      vertex   3.797400e+01 -9.228541e+00 1.468560e+00
      vertex   3.833600e+01 -9.228541e+00 1.468560e+00
      vertex   3.797400e+01 -9.221011e+00 1.483972e+00
    endloop
  endfacet
  facet normal 0.000000e+00 -8.985069e-01 4.389593e-01
    outer loop
      vertex   3.797400e+01 -9.221011e+00 1.483972e+00
      vertex   3.833600e+01 -9.228541e+00 1.468560e+00
      vertex   3.833600e+01 -9.221011e+00 1.483972e+00
    endloop
  endfacet
  facet normal 0.000000e+00 -9.603077e-01 2.789428e-01
    outer loop
      vertex   3.797400e+01 -9.221011e+00 1.483972e+00
      vertex   3.833600e+01 -9.221011e+00 1.483972e+00
      vertex   3.797400e+01 -9.216226e+00 1.500445e+00
    endloop
  endfacet
  facet normal 0.000000e+00 -9.603077e-01 2.789428e-01
    outer loop
      vertex   3.797400e+01 -9.216226e+00 1.500445e+00
      vertex   3.833600e+01 -9.221011e+00 1.483972e+00
      vertex   3.833600e+01 -9.216226e+00 1.500445e+00
    endloop
  endfacet
  facet normal 0.000000e+00 -9.938518e-01 1.107184e-01
    outer loop
      vertex   3.797400e+01 -9.216226e+00 1.500445e+00
      vertex   3.833600e+01 -9.216226e+00 1.500445e+00
      vertex   3.797400e+01 -9.214327e+00 1.517493e+00
    endloop
  endfacet
  facet normal 0.000000e+00 -9.938518e-01 1.107184e-01
    outer loop
      vertex   3.797400e+01 -9.214327e+00 1.517493e+00
      vertex   3.833600e+01 -9.216226e+00 1.500445e+00
      vertex   3.833600e+01 -9.214327e+00 1.517493e+00
    endloop
  endfacet
  facet normal 0.000000e+00 -9.981522e-01 -6.076377e-02
    outer loop
      vertex   3.797400e+01 -9.214327e+00 1.517493e+00
      vertex   3.833600e+01 -9.214327e+00 1.517493e+00
      vertex   3.797400e+01 -9.215369e+00 1.534615e+00
    endloop
  endfacet
  facet normal 0.000000e+00 -9.981522e-01 -6.076377e-02
    outer loop
      vertex   3.797400e+01 -9.215369e+00 1.534615e+00
      vertex   3.833600e+01 -9.214327e+00 1.517493e+00
      vertex   3.833600e+01 -9.215369e+00 1.534615e+00
    endloop
  endfacet
  facet normal 0.000000e+00 -9.730823e-01 -2.304580e-01
    outer loop
      vertex   3.797400e+01 -9.215369e+00 1.534615e+00
      vertex   3.833600e+01 -9.215369e+00 1.534615e+00
      vertex   3.906000e+01 -9.219322e+00 1.551307e+00
    endloop
  endfacet
  facet normal 2.692501e-16 -8.985069e-01 4.389593e-01
    outer loop
      vertex   3.652600e+01 -9.221011e+00 1.483972e+00
      vertex   3.688800e+01 -9.228541e+00 1.468560e+00
      vertex   3.688800e+01 -9.221011e+00 1.483972e+00
    endloop
  endfacet
  facet normal 2.981164e-19 -8.985069e-01 4.389593e-01
    outer loop
      vertex   3.688800e+01 -9.221011e+00 1.483972e+00
      vertex   3.688800e+01 -9.228541e+00 1.468560e+00
      vertex   3.725000e+01 -9.228541e+00 1.468560e+00
    endloop
  endfacet
  facet normal 0.000000e+00 -8.985069e-01 4.389593e-01
    outer loop
      vertex   3.616400e+01 -9.228541e+00 1.468560e+00
      vertex   3.580200e+01 -9.221011e+00 1.483972e+00
      vertex   3.580200e+01 -9.228541e+00 1.468560e+00
    endloop
  endfacet
  facet normal 2.691875e-16 -8.985069e-01 4.389593e-01
    outer loop
      vertex   3.580200e+01 -9.228541e+00 1.468560e+00
      vertex   3.580200e+01 -9.221011e+00 1.483972e+00
      vertex   3.544000e+01 -9.221011e+00 1.483972e+00
    endloop
  endfacet
  facet normal 0.000000e+00 -8.985069e-01 4.389593e-01
    outer loop
      vertex   3.580200e+01 -9.228541e+00 1.468560e+00
      vertex   3.544000e+01 -9.221011e+00 1.483972e+00
      vertex   3.544000e+01 -9.228541e+00 1.468560e+00
    endloop
  endfacet
  facet normal 7.388514e-19 -8.985069e-01 4.389593e-01
    outer loop
      vertex   3.544000e+01 -9.228541e+00 1.468560e+00
      vertex   3.544000e+01 -9.221011e+00 1.483972e+00
      vertex   3.507800e+01 -9.221011e+00 1.483972e+00
    endloop
  endfacet
  facet normal 2.691875e-16 -8.985069e-01 4.389593e-01
    outer loop
      vertex   3.435400e+01 -9.221011e+00 1.483972e+00
      vertex   3.435400e+01 -9.228541e+00 1.468560e+00
      vertex   3.471600e+01 -9.228541e+00 1.468560e+00
    endloop
  endfacet
  facet normal 0.000000e+00 -8.985069e-01 4.389593e-01
    outer loop
      vertex   3.435400e+01 -9.221011e+00 1.483972e+00
      vertex   3.471600e+01 -9.228541e+00 1.468560e+00
      vertex   3.471600e+01 -9.221011e+00 1.483972e+00
    endloop
  endfacet
  facet normal -2.685113e-16 -8.985069e-01 4.389593e-01
    outer loop
      vertex   3.471600e+01 -9.221011e+00 1.483972e+00
      vertex   3.471600e+01 -9.228541e+00 1.468560e+00
      vertex   3.507800e+01 -9.228541e+00 1.468560e+00
    endloop
  endfacet
  facet normal 3.610999e-16 -8.102679e-01 5.860597e-01
    outer loop
      vertex   3.290600e+01 -9.238594e+00 1.454660e+00
      vertex   3.290600e+01 -9.228541e+00 1.468560e+00
      vertex   3.254400e+01 -9.228541e+00 1.468560e+00
    endloop
  endfacet
  facet normal 2.692501e-16 -8.985069e-01 4.389593e-01
    outer loop
      vertex   3.254400e+01 -9.228541e+00 1.468560e+00
      vertex   3.290600e+01 -9.228541e+00 1.468560e+00
      vertex   3.254400e+01 -9.221011e+00 1.483972e+00
    endloop
  endfacet
  facet normal -2.685113e-16 -8.985069e-01 4.389593e-01
    outer loop
      vertex   3.254400e+01 -9.228541e+00 1.468560e+00
      vertex   3.254400e+01 -9.221011e+00 1.483972e+00
      vertex   3.218200e+01 -9.221011e+00 1.483972e+00
    endloop
  endfacet
  facet normal -1.710987e-16 -9.603077e-01 2.789428e-01
    outer loop
      vertex   3.218200e+01 -9.221011e+00 1.483972e+00
      vertex   3.254400e+01 -9.221011e+00 1.483972e+00
      vertex   3.218200e+01 -9.216226e+00 1.500445e+00
    endloop
  endfacet
  facet normal 0.000000e+00 -8.985069e-01 4.389593e-01
    outer loop
      vertex   3.254400e+01 -9.221011e+00 1.483972e+00
      vertex   3.290600e+01 -9.228541e+00 1.468560e+00
      vertex   3.290600e+01 -9.221011e+00 1.483972e+00
    endloop
  endfacet
  facet normal 2.695482e-16 -8.985069e-01 4.389593e-01
    outer loop
      vertex   3.797400e+01 -9.228541e+00 1.468560e+00
      vertex   3.797400e+01 -9.221011e+00 1.483972e+00
      vertex   3.761200e+01 -9.221011e+00 1.483972e+00
    endloop
  endfacet
  facet normal 1.710987e-16 -9.603077e-01 2.789428e-01
    outer loop
      vertex   3.761200e+01 -9.221011e+00 1.483972e+00
      vertex   3.797400e+01 -9.221011e+00 1.483972e+00
      vertex   3.761200e+01 -9.216226e+00 1.500445e+00
    endloop
  endfacet
  facet normal -3.428829e-16 -9.603077e-01 2.789428e-01
    outer loop
      vertex   3.761200e+01 -9.221011e+00 1.483972e+00
      vertex   3.761200e+01 -9.216226e+00 1.500445e+00
      vertex   3.725000e+01 -9.216226e+00 1.500445e+00
    endloop
  endfacet
  facet normal -1.358256e-16 -9.938518e-01 1.107184e-01
    outer loop
      vertex   3.725000e+01 -9.216226e+00 1.500445e+00
      vertex   3.761200e+01 -9.216226e+00 1.500445e+00
      vertex   3.725000e+01 -9.214327e+00 1.517493e+00
    endloop
  endfacet
  facet normal -1.915624e-19 -9.938518e-01 1.107184e-01
    outer loop
      vertex   3.725000e+01 -9.216226e+00 1.500445e+00
      vertex   3.725000e+01 -9.214327e+00 1.517493e+00
      vertex   3.688800e+01 -9.214327e+00 1.517493e+00
    endloop
  endfacet
  facet normal 0.000000e+00 -9.981522e-01 -6.076377e-02
    outer loop
      vertex   3.688800e+01 -9.214327e+00 1.517493e+00
      vertex   3.725000e+01 -9.214327e+00 1.517493e+00
      vertex   3.688800e+01 -9.215369e+00 1.534615e+00
    endloop
  endfacet
  facet normal 1.930863e-19 -9.981522e-01 -6.076377e-02
    outer loop
      vertex   3.688800e+01 -9.214327e+00 1.517493e+00
      vertex   3.688800e+01 -9.215369e+00 1.534615e+00
      vertex   3.652600e+01 -9.215369e+00 1.534615e+00
    endloop
  endfacet
  facet normal 0.000000e+00 -9.730823e-01 -2.304580e-01
    outer loop
      vertex   3.652600e+01 -9.215369e+00 1.534615e+00
      vertex   3.688800e+01 -9.215369e+00 1.534615e+00
      vertex   3.906000e+01 -9.219322e+00 1.551307e+00
    endloop
  endfacet
  facet normal 3.421974e-16 -9.603077e-01 2.789428e-01
    outer loop
      vertex   3.761200e+01 -9.216226e+00 1.500445e+00
      vertex   3.797400e+01 -9.221011e+00 1.483972e+00
      vertex   3.797400e+01 -9.216226e+00 1.500445e+00
    endloop
  endfacet
  facet normal 0.000000e+00 -9.603077e-01 2.789428e-01
    outer loop
      vertex   3.616400e+01 -9.216226e+00 1.500445e+00
      vertex   3.652600e+01 -9.221011e+00 1.483972e+00
      vertex   3.652600e+01 -9.216226e+00 1.500445e+00
    endloop
  endfacet
  facet normal 1.704132e-16 -9.603077e-01 2.789428e-01
    outer loop
      vertex   3.652600e+01 -9.216226e+00 1.500445e+00
      vertex   3.652600e+01 -9.221011e+00 1.483972e+00
      vertex   3.688800e+01 -9.221011e+00 1.483972e+00
    endloop
  endfacet
  facet normal 1.710987e-16 -9.603077e-01 2.789428e-01
    outer loop
      vertex   3.580200e+01 -9.221011e+00 1.483972e+00
      vertex   3.544000e+01 -9.216226e+00 1.500445e+00
      vertex   3.544000e+01 -9.221011e+00 1.483972e+00
    endloop
  endfacet
  facet normal 1.704132e-16 -9.603077e-01 2.789428e-01
    outer loop
      vertex   3.544000e+01 -9.221011e+00 1.483972e+00
      vertex   3.544000e+01 -9.216226e+00 1.500445e+00
      vertex   3.507800e+01 -9.216226e+00 1.500445e+00
    endloop
  endfacet
  facet normal 0.000000e+00 -9.603077e-01 2.789428e-01
    outer loop
      vertex   3.544000e+01 -9.221011e+00 1.483972e+00
      vertex   3.507800e+01 -9.216226e+00 1.500445e+00
      vertex   3.507800e+01 -9.221011e+00 1.483972e+00
    endloop
  endfacet
  facet normal -1.709212e-16 -9.603077e-01 2.789428e-01
    outer loop
      vertex   3.507800e+01 -9.221011e+00 1.483972e+00
      vertex   3.507800e+01 -9.216226e+00 1.500445e+00
      vertex   3.471600e+01 -9.216226e+00 1.500445e+00
    endloop
  endfacet
  facet normal 1.774955e-19 -9.603077e-01 2.789428e-01
    outer loop
      vertex   3.435400e+01 -9.216226e+00 1.500445e+00
      vertex   3.435400e+01 -9.221011e+00 1.483972e+00
      vertex   3.471600e+01 -9.221011e+00 1.483972e+00
    endloop
  endfacet
  facet normal 0.000000e+00 -9.603077e-01 2.789428e-01
    outer loop
      vertex   3.363000e+01 -9.216226e+00 1.500445e+00
      vertex   3.399200e+01 -9.221011e+00 1.483972e+00
      vertex   3.399200e+01 -9.216226e+00 1.500445e+00
    endloop
  endfacet
  facet normal 0.000000e+00 -9.603077e-01 2.789428e-01
    outer loop
      vertex   3.254400e+01 -9.221011e+00 1.483972e+00
      vertex   3.290600e+01 -9.221011e+00 1.483972e+00
      vertex   3.254400e+01 -9.216226e+00 1.500445e+00
    endloop
  endfacet
  facet normal 1.710987e-16 -9.603077e-01 2.789428e-01
    outer loop
      vertex   3.254400e+01 -9.216226e+00 1.500445e+00
      vertex   3.290600e+01 -9.221011e+00 1.483972e+00
      vertex   3.290600e+01 -9.216226e+00 1.500445e+00
    endloop
  endfacet
  facet normal 6.791279e-17 -9.938518e-01 1.107184e-01
    outer loop
      vertex   3.254400e+01 -9.216226e+00 1.500445e+00
      vertex   3.290600e+01 -9.216226e+00 1.500445e+00
      vertex   3.254400e+01 -9.214327e+00 1.517493e+00
    endloop
  endfacet
  facet normal 0.000000e+00 -9.938518e-01 1.107184e-01
    outer loop
      vertex   3.254400e+01 -9.214327e+00 1.517493e+00
      vertex   3.290600e+01 -9.216226e+00 1.500445e+00
      vertex   3.290600e+01 -9.214327e+00 1.517493e+00
    endloop
  endfacet
  facet normal 0.000000e+00 -9.981522e-01 -6.076377e-02
    outer loop
      vertex   3.254400e+01 -9.214327e+00 1.517493e+00
      vertex   3.290600e+01 -9.214327e+00 1.517493e+00
      vertex   3.254400e+01 -9.215369e+00 1.534615e+00
    endloop
  endfacet
  facet normal 1.358256e-16 -9.938518e-01 1.107184e-01
    outer loop
      vertex   3.761200e+01 -9.216226e+00 1.500445e+00
      vertex   3.797400e+01 -9.216226e+00 1.500445e+00
      vertex   3.761200e+01 -9.214327e+00 1.517493e+00
    endloop
  endfacet
  facet normal 0.000000e+00 -9.938518e-01 1.107184e-01
    outer loop
      vertex   3.761200e+01 -9.214327e+00 1.517493e+00
      vertex   3.797400e+01 -9.216226e+00 1.500445e+00
      vertex   3.797400e+01 -9.214327e+00 1.517493e+00
    endloop
  endfacet
  facet normal 0.000000e+00 -9.981522e-01 -6.076377e-02
    outer loop
      vertex   3.761200e+01 -9.214327e+00 1.517493e+00
      vertex   3.797400e+01 -9.214327e+00 1.517493e+00
      vertex   3.761200e+01 -9.215369e+00 1.534615e+00
    endloop
  endfacet
  facet normal -3.727145e-17 -9.981522e-01 -6.076377e-02
    outer loop
      vertex   3.761200e+01 -9.215369e+00 1.534615e+00
      vertex   3.797400e+01 -9.214327e+00 1.517493e+00
      vertex   3.797400e+01 -9.215369e+00 1.534615e+00
    endloop
  endfacet
  facet normal -1.413590e-16 -9.730823e-01 -2.304580e-01
    outer loop
      vertex   3.761200e+01 -9.215369e+00 1.534615e+00
      vertex   3.797400e+01 -9.215369e+00 1.534615e+00
      vertex   3.906000e+01 -9.219322e+00 1.551307e+00
    endloop
  endfacet
  facet normal -6.791279e-17 -9.938518e-01 1.107184e-01
    outer loop
      vertex   3.580200e+01 -9.214327e+00 1.517493e+00
      vertex   3.616400e+01 -9.216226e+00 1.500445e+00
      vertex   3.616400e+01 -9.214327e+00 1.517493e+00
    endloop
  endfacet
  facet normal -4.465494e-19 -9.938518e-01 1.107184e-01
    outer loop
      vertex   3.616400e+01 -9.214327e+00 1.517493e+00
      vertex   3.616400e+01 -9.216226e+00 1.500445e+00
      vertex   3.652600e+01 -9.216226e+00 1.500445e+00
    endloop
  endfacet
  facet normal 6.791279e-17 -9.938518e-01 1.107184e-01
    outer loop
      vertex   3.544000e+01 -9.216226e+00 1.500445e+00
      vertex   3.507800e+01 -9.214327e+00 1.517493e+00
      vertex   3.507800e+01 -9.216226e+00 1.500445e+00
    endloop
  endfacet
  facet normal -6.752307e-17 -9.938518e-01 1.107184e-01
    outer loop
      vertex   3.507800e+01 -9.216226e+00 1.500445e+00
      vertex   3.507800e+01 -9.214327e+00 1.517493e+00
      vertex   3.471600e+01 -9.214327e+00 1.517493e+00
    endloop
  endfacet
  facet normal -6.791279e-17 -9.938518e-01 1.107184e-01
    outer loop
      vertex   3.507800e+01 -9.216226e+00 1.500445e+00
      vertex   3.471600e+01 -9.214327e+00 1.517493e+00
      vertex   3.471600e+01 -9.216226e+00 1.500445e+00
    endloop
  endfacet
  facet normal 3.897183e-19 -9.938518e-01 1.107184e-01
    outer loop
      vertex   3.471600e+01 -9.216226e+00 1.500445e+00
      vertex   3.471600e+01 -9.214327e+00 1.517493e+00
      vertex   3.435400e+01 -9.214327e+00 1.517493e+00
    endloop
  endfacet
  facet normal 0.000000e+00 -9.938518e-01 1.107184e-01
    outer loop
      vertex   3.363000e+01 -9.216226e+00 1.500445e+00
      vertex   3.399200e+01 -9.216226e+00 1.500445e+00
      vertex   3.363000e+01 -9.214327e+00 1.517493e+00
    endloop
  endfacet
  facet normal 0.000000e+00 -9.938518e-01 1.107184e-01
    outer loop
      vertex   3.363000e+01 -9.214327e+00 1.517493e+00
      vertex   3.399200e+01 -9.216226e+00 1.500445e+00
      vertex   3.399200e+01 -9.214327e+00 1.517493e+00
    endloop
  endfacet
  facet normal 0.000000e+00 -9.981522e-01 -6.076377e-02
    outer loop
      vertex   3.363000e+01 -9.214327e+00 1.517493e+00
      vertex   3.399200e+01 -9.214327e+00 1.517493e+00
      vertex   3.363000e+01 -9.215369e+00 1.534615e+00
    endloop
  endfacet
  facet normal 0.000000e+00 -9.981522e-01 -6.076377e-02
    outer loop
      vertex   3.363000e+01 -9.215369e+00 1.534615e+00
      vertex   3.399200e+01 -9.214327e+00 1.517493e+00
      vertex   3.399200e+01 -9.215369e+00 1.534615e+00
    endloop
  endfacet
  facet normal 0.000000e+00 -9.730823e-01 -2.304580e-01
    outer loop
      vertex   3.363000e+01 -9.215369e+00 1.534615e+00
      vertex   3.399200e+01 -9.215369e+00 1.534615e+00
      vertex   3.182000e+01 -9.219322e+00 1.551307e+00
    endloop
  endfacet
  facet normal -6.777806e-17 -9.938518e-01 1.107184e-01
    outer loop
      vertex   3.218200e+01 -9.214327e+00 1.517493e+00
      vertex   3.218200e+01 -9.216226e+00 1.500445e+00
      vertex   3.254400e+01 -9.216226e+00 1.500445e+00
    endloop
  endfacet
  facet normal -1.710987e-16 -9.603077e-01 2.789428e-01
    outer loop
      vertex   3.254400e+01 -9.216226e+00 1.500445e+00
      vertex   3.218200e+01 -9.216226e+00 1.500445e+00
      vertex   3.254400e+01 -9.221011e+00 1.483972e+00
    endloop
  endfacet
  facet normal -6.791279e-17 -9.938518e-01 1.107184e-01
    outer loop
      vertex   3.218200e+01 -9.214327e+00 1.517493e+00
      vertex   3.254400e+01 -9.216226e+00 1.500445e+00
      vertex   3.254400e+01 -9.214327e+00 1.517493e+00
    endloop
  endfacet
  facet normal 3.897183e-19 -9.938518e-01 1.107184e-01
    outer loop
      vertex   3.761200e+01 -9.216226e+00 1.500445e+00
      vertex   3.761200e+01 -9.214327e+00 1.517493e+00
      vertex   3.725000e+01 -9.214327e+00 1.517493e+00
    endloop
  endfacet
  facet normal 0.000000e+00 -9.981522e-01 -6.076377e-02
    outer loop
      vertex   3.725000e+01 -9.214327e+00 1.517493e+00
      vertex   3.761200e+01 -9.214327e+00 1.517493e+00
      vertex   3.725000e+01 -9.215369e+00 1.534615e+00
    endloop
  endfacet
  facet normal -3.745521e-17 -9.981522e-01 -6.076377e-02
    outer loop
      vertex   3.725000e+01 -9.214327e+00 1.517493e+00
      vertex   3.725000e+01 -9.215369e+00 1.534615e+00
      vertex   3.688800e+01 -9.215369e+00 1.534615e+00
    endloop
  endfacet
  facet normal -1.413590e-16 -9.730823e-01 -2.304580e-01
    outer loop
      vertex   3.688800e+01 -9.215369e+00 1.534615e+00
      vertex   3.725000e+01 -9.215369e+00 1.534615e+00
      vertex   3.906000e+01 -9.219322e+00 1.551307e+00
    endloop
  endfacet
  facet normal 3.727145e-17 -9.981522e-01 -6.076377e-02
    outer loop
      vertex   3.725000e+01 -9.215369e+00 1.534615e+00
      vertex   3.761200e+01 -9.214327e+00 1.517493e+00
      vertex   3.761200e+01 -9.215369e+00 1.534615e+00
    endloop
  endfacet
  facet normal 0.000000e+00 -9.981522e-01 -6.076377e-02
    outer loop
      vertex   3.544000e+01 -9.215369e+00 1.534615e+00
      vertex   3.580200e+01 -9.214327e+00 1.517493e+00
      vertex   3.580200e+01 -9.215369e+00 1.534615e+00
    endloop
  endfacet
  facet normal 3.746454e-17 -9.981522e-01 -6.076377e-02
    outer loop
      vertex   3.580200e+01 -9.215369e+00 1.534615e+00
      vertex   3.580200e+01 -9.214327e+00 1.517493e+00
      vertex   3.616400e+01 -9.214327e+00 1.517493e+00
    endloop
  endfacet
  facet normal 1.930863e-19 -9.981522e-01 -6.076377e-02
    outer loop
      vertex   3.435400e+01 -9.215369e+00 1.534615e+00
      vertex   3.435400e+01 -9.214327e+00 1.517493e+00
      vertex   3.471600e+01 -9.214327e+00 1.517493e+00
    endloop
  endfacet
  facet normal 0.000000e+00 -9.981522e-01 -6.076377e-02
    outer loop
      vertex   3.435400e+01 -9.215369e+00 1.534615e+00
      vertex   3.471600e+01 -9.214327e+00 1.517493e+00
      vertex   3.471600e+01 -9.215369e+00 1.534615e+00
    endloop
  endfacet
  facet normal 3.746454e-17 -9.981522e-01 -6.076377e-02
    outer loop
      vertex   3.471600e+01 -9.215369e+00 1.534615e+00
      vertex   3.471600e+01 -9.214327e+00 1.517493e+00
      vertex   3.507800e+01 -9.214327e+00 1.517493e+00
    endloop
  endfacet
  facet normal -6.752307e-17 -9.938518e-01 1.107184e-01
    outer loop
      vertex   3.363000e+01 -9.216226e+00 1.500445e+00
      vertex   3.363000e+01 -9.214327e+00 1.517493e+00
      vertex   3.326800e+01 -9.214327e+00 1.517493e+00
    endloop
  endfacet
  facet normal 3.727145e-17 -9.981522e-01 -6.076377e-02
    outer loop
      vertex   3.326800e+01 -9.214327e+00 1.517493e+00
      vertex   3.363000e+01 -9.214327e+00 1.517493e+00
      vertex   3.326800e+01 -9.215369e+00 1.534615e+00
    endloop
  endfacet
  facet normal -7.434982e-17 -9.981522e-01 -6.076377e-02
    outer loop
      vertex   3.326800e+01 -9.214327e+00 1.517493e+00
      vertex   3.326800e+01 -9.215369e+00 1.534615e+00
      vertex   3.290600e+01 -9.215369e+00 1.534615e+00
    endloop
  endfacet
  facet normal -2.827180e-16 -9.730823e-01 -2.304580e-01
    outer loop
      vertex   3.290600e+01 -9.215369e+00 1.534615e+00
      vertex   3.326800e+01 -9.215369e+00 1.534615e+00
      vertex   3.182000e+01 -9.219322e+00 1.551307e+00
    endloop
  endfacet
  facet normal 7.454291e-17 -9.981522e-01 -6.076377e-02
    outer loop
      vertex   3.326800e+01 -9.215369e+00 1.534615e+00
      vertex   3.363000e+01 -9.214327e+00 1.517493e+00
      vertex   3.363000e+01 -9.215369e+00 1.534615e+00
    endloop
  endfacet
  facet normal 3.712696e-17 -9.981522e-01 -6.076377e-02
    outer loop
      vertex   3.218200e+01 -9.215369e+00 1.534615e+00
      vertex   3.218200e+01 -9.214327e+00 1.517493e+00
      vertex   3.254400e+01 -9.214327e+00 1.517493e+00
    endloop
  endfacet
  facet normal 0.000000e+00 -9.981522e-01 -6.076377e-02
    outer loop
      vertex   3.218200e+01 -9.215369e+00 1.534615e+00
      vertex   3.254400e+01 -9.214327e+00 1.517493e+00
      vertex   3.254400e+01 -9.215369e+00 1.534615e+00
    endloop
  endfacet
  facet normal 1.418269e-16 -9.730823e-01 -2.304580e-01
    outer loop
      vertex   3.906000e+01 -9.219322e+00 1.551307e+00
      vertex   3.725000e+01 -9.215369e+00 1.534615e+00
      vertex   3.761200e+01 -9.215369e+00 1.534615e+00
    endloop
  endfacet
  facet normal 2.820055e-16 -9.730823e-01 -2.304580e-01
    outer loop
      vertex   3.182000e+01 -9.219322e+00 1.551307e+00
      vertex   3.326800e+01 -9.215369e+00 1.534615e+00
      vertex   3.363000e+01 -9.215369e+00 1.534615e+00
    endloop
  endfacet
  facet normal -1.606546e-10 9.961947e-01 8.715573e-02
    outer loop
      vertex   2.982000e+01 -2.316000e+01 1.670000e+00
      vertex   3.444000e+01 -2.316380e+01 1.713412e+00
      vertex   3.906000e+01 -2.316000e+01 1.670000e+00
    endloop
  endfacet
  facet normal -4.158049e-17 9.961947e-01 8.715574e-02
    outer loop
      vertex   3.906000e+01 -2.316000e+01 1.670000e+00
      vertex   3.444000e+01 -2.316380e+01 1.713412e+00
      vertex   3.536400e+01 -2.316380e+01 1.713412e+00
    endloop
  endfacet
  facet normal -4.173359e-17 9.961947e-01 8.715574e-02
    outer loop
      vertex   3.906000e+01 -2.316000e+01 1.670000e+00
      vertex   3.536400e+01 -2.316380e+01 1.713412e+00
      vertex   3.628800e+01 -2.316380e+01 1.713412e+00
    endloop
  endfacet
  facet normal -1.243926e-16 9.659258e-01 2.588190e-01
    outer loop
      vertex   3.628800e+01 -2.316380e+01 1.713412e+00
      vertex   3.536400e+01 -2.316380e+01 1.713412e+00
      vertex   3.628800e+01 -2.317508e+01 1.755505e+00
    endloop
  endfacet
  facet normal -6.189652e-17 9.659258e-01 2.588190e-01
    outer loop
      vertex   3.628800e+01 -2.316380e+01 1.713412e+00
      vertex   3.628800e+01 -2.317508e+01 1.755505e+00
      vertex   3.721200e+01 -2.317508e+01 1.755505e+00
    endloop
  endfacet
  facet normal -1.015586e-16 9.063078e-01 4.226183e-01
    outer loop
      vertex   3.721200e+01 -2.317508e+01 1.755505e+00
      vertex   3.628800e+01 -2.317508e+01 1.755505e+00
      vertex   3.721200e+01 -2.319349e+01 1.795000e+00
    endloop
  endfacet
  facet normal -1.132536e-18 9.063078e-01 4.226183e-01
    outer loop
      vertex   3.721200e+01 -2.317508e+01 1.755505e+00
      vertex   3.721200e+01 -2.319349e+01 1.795000e+00
      vertex   3.813600e+01 -2.319349e+01 1.795000e+00
    endloop
  endfacet
  facet normal 0.000000e+00 8.191520e-01 5.735764e-01
    outer loop
      vertex   3.813600e+01 -2.319349e+01 1.795000e+00
      vertex   3.721200e+01 -2.319349e+01 1.795000e+00
      vertex   3.813600e+01 -2.321849e+01 1.830697e+00
    endloop
  endfacet
  facet normal 2.755466e-16 8.191520e-01 5.735764e-01
    outer loop
      vertex   3.813600e+01 -2.319349e+01 1.795000e+00
      vertex   3.813600e+01 -2.321849e+01 1.830697e+00
      vertex   3.906000e+01 -2.321849e+01 1.830697e+00
    endloop
  endfacet
  facet normal 3.398469e-16 7.071068e-01 7.071068e-01
    outer loop
      vertex   3.906000e+01 -2.321849e+01 1.830697e+00
      vertex   3.813600e+01 -2.321849e+01 1.830697e+00
      vertex   3.906000e+01 -2.324930e+01 1.861511e+00
    endloop
  endfacet
  facet normal 3.398469e-16 7.071068e-01 7.071068e-01
    outer loop
      vertex   3.906000e+01 -2.324930e+01 1.861511e+00
      vertex   3.813600e+01 -2.321849e+01 1.830697e+00
      vertex   3.813600e+01 -2.324930e+01 1.861511e+00
    endloop
  endfacet
  facet normal 3.936976e-16 5.735764e-01 8.191520e-01
    outer loop
      vertex   3.906000e+01 -2.324930e+01 1.861511e+00
      vertex   3.813600e+01 -2.324930e+01 1.861511e+00
      vertex   3.906000e+01 -2.328500e+01 1.886506e+00
    endloop
  endfacet
  facet normal -9.842440e-16 5.735764e-01 8.191520e-01
    outer loop
      vertex   3.906000e+01 -2.328500e+01 1.886506e+00
      vertex   3.813600e+01 -2.324930e+01 1.861511e+00
      vertex   3.813600e+01 -2.328500e+01 1.886506e+00
    endloop
  endfacet
  facet normal -1.088965e-15 4.226183e-01 9.063078e-01
    outer loop
      vertex   3.906000e+01 -2.328500e+01 1.886506e+00
      vertex   3.813600e+01 -2.328500e+01 1.886506e+00
      vertex   3.906000e+01 -2.332449e+01 1.904923e+00
    endloop
  endfacet
  facet normal 6.533791e-16 4.226183e-01 9.063078e-01
    outer loop
      vertex   3.906000e+01 -2.332449e+01 1.904923e+00
      vertex   3.813600e+01 -2.328500e+01 1.886506e+00
      vertex   3.813600e+01 -2.332449e+01 1.904923e+00
    endloop
  endfacet
  facet normal 6.963592e-16 2.588190e-01 9.659258e-01
    outer loop
      vertex   3.906000e+01 -2.332449e+01 1.904923e+00
      vertex   3.813600e+01 -2.332449e+01 1.904923e+00
      vertex   3.906000e+01 -2.336659e+01 1.916202e+00
    endloop
  endfacet
  facet normal 0.000000e+00 2.588190e-01 9.659258e-01
    outer loop
      vertex   3.906000e+01 -2.336659e+01 1.916202e+00
      vertex   3.813600e+01 -2.332449e+01 1.904923e+00
      vertex   3.813600e+01 -2.336659e+01 1.916202e+00
    endloop
  endfacet
  facet normal 0.000000e+00 8.715574e-02 9.961947e-01
    outer loop
      vertex   3.906000e+01 -2.336659e+01 1.916202e+00
      vertex   3.813600e+01 -2.336659e+01 1.916202e+00
      vertex   3.906000e+01 -2.341000e+01 1.920000e+00
    endloop
  endfacet
  facet normal -2.961208e-19 8.715574e-02 9.961947e-01
    outer loop
      vertex   3.906000e+01 -2.341000e+01 1.920000e+00
      vertex   3.813600e+01 -2.336659e+01 1.916202e+00
      vertex   3.721200e+01 -2.336659e+01 1.916202e+00
    endloop
  endfacet
  facet normal -2.396897e-16 8.715574e-02 9.961947e-01
    outer loop
      vertex   3.906000e+01 -2.341000e+01 1.920000e+00
      vertex   3.721200e+01 -2.336659e+01 1.916202e+00
      vertex   3.628800e+01 -2.336659e+01 1.916202e+00
    endloop
  endfacet
  facet normal -2.321197e-16 2.588190e-01 9.659258e-01
    outer loop
      vertex   3.628800e+01 -2.336659e+01 1.916202e+00
      vertex   3.721200e+01 -2.336659e+01 1.916202e+00
      vertex   3.628800e+01 -2.332449e+01 1.904923e+00
    endloop
  endfacet
  facet normal -2.323379e-16 2.588190e-01 9.659258e-01
    outer loop
      vertex   3.628800e+01 -2.336659e+01 1.916202e+00
      vertex   3.628800e+01 -2.332449e+01 1.904923e+00
      vertex   3.536400e+01 -2.332449e+01 1.904923e+00
    endloop
  endfacet
  facet normal -2.177930e-16 4.226183e-01 9.063078e-01
    outer loop
      vertex   3.536400e+01 -2.332449e+01 1.904923e+00
      vertex   3.628800e+01 -2.332449e+01 1.904923e+00
      vertex   3.536400e+01 -2.328500e+01 1.886506e+00
    endloop
  endfacet
  facet normal -2.182453e-16 4.226183e-01 9.063078e-01
    outer loop
      vertex   3.536400e+01 -2.332449e+01 1.904923e+00
      vertex   3.536400e+01 -2.328500e+01 1.886506e+00
      vertex   3.444000e+01 -2.328500e+01 1.886506e+00
    endloop
  endfacet
  facet normal -1.968488e-16 5.735764e-01 8.191520e-01
    outer loop
      vertex   3.444000e+01 -2.328500e+01 1.886506e+00
      vertex   3.536400e+01 -2.328500e+01 1.886506e+00
      vertex   3.444000e+01 -2.324930e+01 1.861511e+00
    endloop
  endfacet
  facet normal -1.030649e-18 5.735764e-01 8.191520e-01
    outer loop
      vertex   3.444000e+01 -2.328500e+01 1.886506e+00
      vertex   3.444000e+01 -2.324930e+01 1.861511e+00
      vertex   3.351600e+01 -2.324930e+01 1.861511e+00
    endloop
  endfacet
  facet normal -0.000000e+00 7.071068e-01 7.071068e-01
    outer loop
      vertex   3.351600e+01 -2.324930e+01 1.861511e+00
      vertex   3.444000e+01 -2.324930e+01 1.861511e+00
      vertex   3.351600e+01 -2.321849e+01 1.830697e+00
    endloop
  endfacet
  facet normal -1.695860e-16 7.071068e-01 7.071068e-01
    outer loop
      vertex   3.351600e+01 -2.324930e+01 1.861511e+00
      vertex   3.351600e+01 -2.321849e+01 1.830697e+00
      vertex   3.259200e+01 -2.321849e+01 1.830697e+00
    endloop
  endfacet
  facet normal -1.378350e-16 8.191520e-01 5.735764e-01
    outer loop
      vertex   3.259200e+01 -2.321849e+01 1.830697e+00
      vertex   3.351600e+01 -2.321849e+01 1.830697e+00
      vertex   3.259200e+01 -2.319349e+01 1.795000e+00
    endloop
  endfacet
  facet normal -2.763058e-16 8.191520e-01 5.735764e-01
    outer loop
      vertex   3.259200e+01 -2.321849e+01 1.830697e+00
      vertex   3.259200e+01 -2.319349e+01 1.795000e+00
      vertex   3.166800e+01 -2.319349e+01 1.795000e+00
    endloop
  endfacet
  facet normal -2.031171e-16 9.063078e-01 4.226183e-01
    outer loop
      vertex   3.166800e+01 -2.319349e+01 1.795000e+00
      vertex   3.259200e+01 -2.319349e+01 1.795000e+00
      vertex   3.166800e+01 -2.317508e+01 1.755505e+00
    endloop
  endfacet
  facet normal -1.026911e-16 9.063078e-01 4.226183e-01
    outer loop
      vertex   3.166800e+01 -2.319349e+01 1.795000e+00
      vertex   3.166800e+01 -2.317508e+01 1.755505e+00
      vertex   3.074400e+01 -2.317508e+01 1.755505e+00
    endloop
  endfacet
  facet normal -6.219629e-17 9.659258e-01 2.588190e-01
    outer loop
      vertex   3.074400e+01 -2.317508e+01 1.755505e+00
      vertex   3.166800e+01 -2.317508e+01 1.755505e+00
      vertex   3.074400e+01 -2.316380e+01 1.713412e+00
    endloop
  endfacet
  facet normal 5.661982e-19 9.659258e-01 2.588190e-01
    outer loop
      vertex   3.074400e+01 -2.317508e+01 1.755505e+00
      vertex   3.074400e+01 -2.316380e+01 1.713412e+00
      vertex   2.982000e+01 -2.316380e+01 1.713412e+00
    endloop
  endfacet
  facet normal -0.000000e+00 9.961947e-01 8.715571e-02
    outer loop
      vertex   2.982000e+01 -2.316380e+01 1.713412e+00
      vertex   3.074400e+01 -2.316380e+01 1.713412e+00
      vertex   2.982000e+01 -2.316000e+01 1.670000e+00
    endloop
  endfacet
  facet normal -2.107223e-17 9.961947e-01 8.715571e-02
    outer loop
      vertex   2.982000e+01 -2.316000e+01 1.670000e+00
      vertex   3.074400e+01 -2.316380e+01 1.713412e+00
      vertex   3.166800e+01 -2.316380e+01 1.713412e+00
    endloop
  endfacet
  facet normal -2.114878e-17 9.961947e-01 8.715571e-02
    outer loop
      vertex   2.982000e+01 -2.316000e+01 1.670000e+00
      vertex   3.166800e+01 -2.316380e+01 1.713412e+00
      vertex   3.259200e+01 -2.316380e+01 1.713412e+00
    endloop
  endfacet
  facet normal -6.219629e-17 9.659258e-01 2.588190e-01
    outer loop
      vertex   3.259200e+01 -2.316380e+01 1.713412e+00
      vertex   3.166800e+01 -2.316380e+01 1.713412e+00
      vertex   3.259200e+01 -2.317508e+01 1.755505e+00
    endloop
  endfacet
  facet normal -1.238264e-16 9.659258e-01 2.588190e-01
    outer loop
      vertex   3.259200e+01 -2.316380e+01 1.713412e+00
      vertex   3.259200e+01 -2.317508e+01 1.755505e+00
      vertex   3.351600e+01 -2.317508e+01 1.755505e+00
    endloop
  endfacet
  facet normal -2.031171e-16 9.063078e-01 4.226183e-01
    outer loop
      vertex   3.351600e+01 -2.317508e+01 1.755505e+00
      vertex   3.259200e+01 -2.317508e+01 1.755505e+00
      vertex   3.351600e+01 -2.319349e+01 1.795000e+00
    endloop
  endfacet
  facet normal -3.721861e-19 9.063078e-01 4.226183e-01
    outer loop
      vertex   3.351600e+01 -2.317508e+01 1.755505e+00
      vertex   3.351600e+01 -2.319349e+01 1.795000e+00
      vertex   3.444000e+01 -2.319349e+01 1.795000e+00
    endloop
  endfacet
  facet normal 0.000000e+00 8.191520e-01 5.735764e-01
    outer loop
      vertex   3.444000e+01 -2.319349e+01 1.795000e+00
      vertex   3.351600e+01 -2.319349e+01 1.795000e+00
      vertex   3.444000e+01 -2.321849e+01 1.830697e+00
    endloop
  endfacet
  facet normal -2.757935e-16 8.191520e-01 5.735764e-01
    outer loop
      vertex   3.444000e+01 -2.319349e+01 1.795000e+00
      vertex   3.444000e+01 -2.321849e+01 1.830697e+00
      vertex   3.536400e+01 -2.321849e+01 1.830697e+00
    endloop
  endfacet
  facet normal -3.398469e-16 7.071068e-01 7.071068e-01
    outer loop
      vertex   3.536400e+01 -2.321849e+01 1.830697e+00
      vertex   3.444000e+01 -2.321849e+01 1.830697e+00
      vertex   3.536400e+01 -2.324930e+01 1.861511e+00
    endloop
  endfacet
  facet normal -1.695860e-16 7.071068e-01 7.071068e-01
    outer loop
      vertex   3.536400e+01 -2.321849e+01 1.830697e+00
      vertex   3.536400e+01 -2.324930e+01 1.861511e+00
      vertex   3.628800e+01 -2.324930e+01 1.861511e+00
    endloop
  endfacet
  facet normal -1.968488e-16 5.735764e-01 8.191520e-01
    outer loop
      vertex   3.628800e+01 -2.324930e+01 1.861511e+00
      vertex   3.536400e+01 -2.324930e+01 1.861511e+00
      vertex   3.628800e+01 -2.328500e+01 1.886506e+00
    endloop
  endfacet
  facet normal -1.975907e-16 5.735764e-01 8.191520e-01
    outer loop
      vertex   3.628800e+01 -2.324930e+01 1.861511e+00
      vertex   3.628800e+01 -2.328500e+01 1.886506e+00
      vertex   3.721200e+01 -2.328500e+01 1.886506e+00
    endloop
  endfacet
  facet normal -2.177930e-16 4.226183e-01 9.063078e-01
    outer loop
      vertex   3.721200e+01 -2.328500e+01 1.886506e+00
      vertex   3.628800e+01 -2.328500e+01 1.886506e+00
      vertex   3.721200e+01 -2.332449e+01 1.904923e+00
    endloop
  endfacet
  facet normal -1.444994e-19 4.226183e-01 9.063078e-01
    outer loop
      vertex   3.721200e+01 -2.328500e+01 1.886506e+00
      vertex   3.721200e+01 -2.332449e+01 1.904923e+00
      vertex   3.813600e+01 -2.332449e+01 1.904923e+00
    endloop
  endfacet
  facet normal 0.000000e+00 2.588190e-01 9.659258e-01
    outer loop
      vertex   3.813600e+01 -2.332449e+01 1.904923e+00
      vertex   3.721200e+01 -2.332449e+01 1.904923e+00
      vertex   3.813600e+01 -2.336659e+01 1.916202e+00
    endloop
  endfacet
  facet normal 6.249606e-17 9.659258e-01 2.588190e-01
    outer loop
      vertex   2.982000e+01 -2.316380e+01 1.713412e+00
      vertex   2.982000e+01 -2.317508e+01 1.755505e+00
      vertex   3.074400e+01 -2.317508e+01 1.755505e+00
    endloop
  endfacet
  facet normal 1.015586e-16 9.063078e-01 4.226183e-01
    outer loop
      vertex   3.074400e+01 -2.317508e+01 1.755505e+00
      vertex   2.982000e+01 -2.317508e+01 1.755505e+00
      vertex   3.074400e+01 -2.319349e+01 1.795000e+00
    endloop
  endfacet
  facet normal -1.026911e-16 9.063078e-01 4.226183e-01
    outer loop
      vertex   3.074400e+01 -2.317508e+01 1.755505e+00
      vertex   3.074400e+01 -2.319349e+01 1.795000e+00
      vertex   3.166800e+01 -2.319349e+01 1.795000e+00
    endloop
  endfacet
  facet normal -1.378350e-16 8.191520e-01 5.735764e-01
    outer loop
      vertex   3.166800e+01 -2.319349e+01 1.795000e+00
      vertex   3.074400e+01 -2.319349e+01 1.795000e+00
      vertex   3.166800e+01 -2.321849e+01 1.830697e+00
    endloop
  endfacet
  facet normal -1.389830e-16 8.191520e-01 5.735764e-01
    outer loop
      vertex   3.166800e+01 -2.319349e+01 1.795000e+00
      vertex   3.166800e+01 -2.321849e+01 1.830697e+00
      vertex   3.259200e+01 -2.321849e+01 1.830697e+00
    endloop
  endfacet
  facet normal -1.699234e-16 7.071068e-01 7.071068e-01
    outer loop
      vertex   3.259200e+01 -2.321849e+01 1.830697e+00
      vertex   3.166800e+01 -2.321849e+01 1.830697e+00
      vertex   3.259200e+01 -2.324930e+01 1.861511e+00
    endloop
  endfacet
  facet normal -1.695860e-16 7.071068e-01 7.071068e-01
    outer loop
      vertex   3.259200e+01 -2.321849e+01 1.830697e+00
      vertex   3.259200e+01 -2.324930e+01 1.861511e+00
      vertex   3.351600e+01 -2.324930e+01 1.861511e+00
    endloop
  endfacet
  facet normal -1.968488e-16 5.735764e-01 8.191520e-01
    outer loop
      vertex   3.351600e+01 -2.324930e+01 1.861511e+00
      vertex   3.259200e+01 -2.324930e+01 1.861511e+00
      vertex   3.351600e+01 -2.328500e+01 1.886506e+00
    endloop
  endfacet
  facet normal -1.030649e-18 5.735764e-01 8.191520e-01
    outer loop
      vertex   3.351600e+01 -2.324930e+01 1.861511e+00
      vertex   3.351600e+01 -2.328500e+01 1.886506e+00
      vertex   3.444000e+01 -2.328500e+01 1.886506e+00
    endloop
  endfacet
  facet normal 0.000000e+00 4.226183e-01 9.063078e-01
    outer loop
      vertex   3.444000e+01 -2.328500e+01 1.886506e+00
      vertex   3.351600e+01 -2.328500e+01 1.886506e+00
      vertex   3.444000e+01 -2.332449e+01 1.904923e+00
    endloop
  endfacet
  facet normal -2.182453e-16 4.226183e-01 9.063078e-01
    outer loop
      vertex   3.444000e+01 -2.328500e+01 1.886506e+00
      vertex   3.444000e+01 -2.332449e+01 1.904923e+00
      vertex   3.536400e+01 -2.332449e+01 1.904923e+00
    endloop
  endfacet
  facet normal -2.321197e-16 2.588190e-01 9.659258e-01
    outer loop
      vertex   3.536400e+01 -2.332449e+01 1.904923e+00
      vertex   3.444000e+01 -2.332449e+01 1.904923e+00
      vertex   3.536400e+01 -2.336659e+01 1.916202e+00
    endloop
  endfacet
  facet normal -4.639017e-16 2.588190e-01 9.659258e-01
    outer loop
      vertex   3.536400e+01 -2.332449e+01 1.904923e+00
      vertex   3.536400e+01 -2.336659e+01 1.916202e+00
      vertex   3.628800e+01 -2.336659e+01 1.916202e+00
    endloop
  endfacet
  facet normal -4.787871e-16 8.715574e-02 9.961947e-01
    outer loop
      vertex   3.628800e+01 -2.336659e+01 1.916202e+00
      vertex   3.536400e+01 -2.336659e+01 1.916202e+00
      vertex   3.906000e+01 -2.341000e+01 1.920000e+00
    endloop
  endfacet
  facet normal -3.034644e-16 9.063078e-01 4.226183e-01
    outer loop
      vertex   2.982000e+01 -2.317508e+01 1.755505e+00
      vertex   2.982000e+01 -2.319349e+01 1.795000e+00
      vertex   3.074400e+01 -2.319349e+01 1.795000e+00
    endloop
  endfacet
  facet normal -4.135050e-16 8.191520e-01 5.735764e-01
    outer loop
      vertex   3.074400e+01 -2.319349e+01 1.795000e+00
      vertex   2.982000e+01 -2.319349e+01 1.795000e+00
      vertex   3.074400e+01 -2.321849e+01 1.830697e+00
    endloop
  endfacet
  facet normal -2.763058e-16 8.191520e-01 5.735764e-01
    outer loop
      vertex   3.074400e+01 -2.319349e+01 1.795000e+00
      vertex   3.074400e+01 -2.321849e+01 1.830697e+00
      vertex   3.166800e+01 -2.321849e+01 1.830697e+00
    endloop
  endfacet
  facet normal -3.398469e-16 7.071068e-01 7.071068e-01
    outer loop
      vertex   3.166800e+01 -2.321849e+01 1.830697e+00
      vertex   3.074400e+01 -2.321849e+01 1.830697e+00
      vertex   3.166800e+01 -2.324930e+01 1.861511e+00
    endloop
  endfacet
  facet normal -1.695860e-16 7.071068e-01 7.071068e-01
    outer loop
      vertex   3.166800e+01 -2.321849e+01 1.830697e+00
      vertex   3.166800e+01 -2.324930e+01 1.861511e+00
      vertex   3.259200e+01 -2.324930e+01 1.861511e+00
    endloop
  endfacet
  facet normal -1.968488e-16 5.735764e-01 8.191520e-01
    outer loop
      vertex   3.259200e+01 -2.324930e+01 1.861511e+00
      vertex   3.166800e+01 -2.324930e+01 1.861511e+00
      vertex   3.259200e+01 -2.328500e+01 1.886506e+00
    endloop
  endfacet
  facet normal -3.944395e-16 5.735764e-01 8.191520e-01
    outer loop
      vertex   3.259200e+01 -2.324930e+01 1.861511e+00
      vertex   3.259200e+01 -2.328500e+01 1.886506e+00
      vertex   3.351600e+01 -2.328500e+01 1.886506e+00
    endloop
  endfacet
  facet normal -4.355860e-16 4.226183e-01 9.063078e-01
    outer loop
      vertex   3.351600e+01 -2.328500e+01 1.886506e+00
      vertex   3.259200e+01 -2.328500e+01 1.886506e+00
      vertex   3.351600e+01 -2.332449e+01 1.904923e+00
    endloop
  endfacet
  facet normal -4.522999e-19 4.226183e-01 9.063078e-01
    outer loop
      vertex   3.351600e+01 -2.328500e+01 1.886506e+00
      vertex   3.351600e+01 -2.332449e+01 1.904923e+00
      vertex   3.444000e+01 -2.332449e+01 1.904923e+00
    endloop
  endfacet
  facet normal 0.000000e+00 2.588190e-01 9.659258e-01
    outer loop
      vertex   3.444000e+01 -2.332449e+01 1.904923e+00
      vertex   3.351600e+01 -2.332449e+01 1.904923e+00
      vertex   3.444000e+01 -2.336659e+01 1.916202e+00
    endloop
  endfacet
  facet normal -2.317820e-16 2.588190e-01 9.659258e-01
    outer loop
      vertex   3.444000e+01 -2.332449e+01 1.904923e+00
      vertex   3.444000e+01 -2.336659e+01 1.916202e+00
      vertex   3.536400e+01 -2.336659e+01 1.916202e+00
    endloop
  endfacet
  facet normal -2.393936e-16 8.715574e-02 9.961947e-01
    outer loop
      vertex   3.536400e+01 -2.336659e+01 1.916202e+00
      vertex   3.444000e+01 -2.336659e+01 1.916202e+00
      vertex   3.906000e+01 -2.341000e+01 1.920000e+00
    endloop
  endfacet
  facet normal -5.514635e-16 8.191520e-01 5.735764e-01
    outer loop
      vertex   2.982000e+01 -2.319349e+01 1.795000e+00
      vertex   2.982000e+01 -2.321849e+01 1.830697e+00
      vertex   3.074400e+01 -2.321849e+01 1.830697e+00
    endloop
  endfacet
  facet normal -6.796937e-16 7.071068e-01 7.071068e-01
    outer loop
      vertex   3.074400e+01 -2.321849e+01 1.830697e+00
      vertex   2.982000e+01 -2.321849e+01 1.830697e+00
      vertex   3.074400e+01 -2.324930e+01 1.861511e+00
    endloop
  endfacet
  facet normal -3.395094e-16 7.071068e-01 7.071068e-01
    outer loop
      vertex   3.074400e+01 -2.321849e+01 1.830697e+00
      vertex   3.074400e+01 -2.324930e+01 1.861511e+00
      vertex   3.166800e+01 -2.324930e+01 1.861511e+00
    endloop
  endfacet
  facet normal -3.936976e-16 5.735764e-01 8.191520e-01
    outer loop
      vertex   3.166800e+01 -2.324930e+01 1.861511e+00
      vertex   3.074400e+01 -2.324930e+01 1.861511e+00
      vertex   3.166800e+01 -2.328500e+01 1.886506e+00
    endloop
  endfacet
  facet normal -1.975907e-16 5.735764e-01 8.191520e-01
    outer loop
      vertex   3.166800e+01 -2.324930e+01 1.861511e+00
      vertex   3.166800e+01 -2.328500e+01 1.886506e+00
      vertex   3.259200e+01 -2.328500e+01 1.886506e+00
    endloop
  endfacet
  facet normal -2.177930e-16 4.226183e-01 9.063078e-01
    outer loop
      vertex   3.259200e+01 -2.328500e+01 1.886506e+00
      vertex   3.166800e+01 -2.328500e+01 1.886506e+00
      vertex   3.259200e+01 -2.332449e+01 1.904923e+00
    endloop
  endfacet
  facet normal -4.360383e-16 4.226183e-01 9.063078e-01
    outer loop
      vertex   3.259200e+01 -2.328500e+01 1.886506e+00
      vertex   3.259200e+01 -2.332449e+01 1.904923e+00
      vertex   3.351600e+01 -2.332449e+01 1.904923e+00
    endloop
  endfacet
  facet normal -4.642394e-16 2.588190e-01 9.659258e-01
    outer loop
      vertex   3.351600e+01 -2.332449e+01 1.904923e+00
      vertex   3.259200e+01 -2.332449e+01 1.904923e+00
      vertex   3.351600e+01 -2.336659e+01 1.916202e+00
    endloop
  endfacet
  facet normal 3.377155e-19 2.588190e-01 9.659258e-01
    outer loop
      vertex   3.351600e+01 -2.332449e+01 1.904923e+00
      vertex   3.351600e+01 -2.336659e+01 1.916202e+00
      vertex   3.444000e+01 -2.336659e+01 1.916202e+00
    endloop
  endfacet
  facet normal 0.000000e+00 8.715574e-02 9.961947e-01
    outer loop
      vertex   3.444000e+01 -2.336659e+01 1.916202e+00
      vertex   3.351600e+01 -2.336659e+01 1.916202e+00
      vertex   2.982000e+01 -2.341000e+01 1.920000e+00
    endloop
  endfacet
  facet normal 2.303918e-21 8.715574e-02 9.961947e-01
    outer loop
      vertex   3.444000e+01 -2.336659e+01 1.916202e+00
      vertex   2.982000e+01 -2.341000e+01 1.920000e+00
      vertex   3.906000e+01 -2.341000e+01 1.920000e+00
    endloop
  endfacet
  facet normal -6.793563e-16 7.071068e-01 7.071068e-01
    outer loop
      vertex   2.982000e+01 -2.321849e+01 1.830697e+00
      vertex   2.982000e+01 -2.324930e+01 1.861511e+00
      vertex   3.074400e+01 -2.324930e+01 1.861511e+00
    endloop
  endfacet
  facet normal -7.873952e-16 5.735764e-01 8.191520e-01
    outer loop
      vertex   3.074400e+01 -2.324930e+01 1.861511e+00
      vertex   2.982000e+01 -2.324930e+01 1.861511e+00
      vertex   3.074400e+01 -2.328500e+01 1.886506e+00
    endloop
  endfacet
  facet normal -1.978794e-16 5.735764e-01 8.191520e-01
    outer loop
      vertex   3.074400e+01 -2.324930e+01 1.861511e+00
      vertex   3.074400e+01 -2.328500e+01 1.886506e+00
      vertex   3.166800e+01 -2.328500e+01 1.886506e+00
    endloop
  endfacet
  facet normal -2.177930e-16 4.226183e-01 9.063078e-01
    outer loop
      vertex   3.166800e+01 -2.328500e+01 1.886506e+00
      vertex   3.074400e+01 -2.328500e+01 1.886506e+00
      vertex   3.166800e+01 -2.332449e+01 1.904923e+00
    endloop
  endfacet
  facet normal -2.182453e-16 4.226183e-01 9.063078e-01
    outer loop
      vertex   3.166800e+01 -2.328500e+01 1.886506e+00
      vertex   3.166800e+01 -2.332449e+01 1.904923e+00
      vertex   3.259200e+01 -2.332449e+01 1.904923e+00
    endloop
  endfacet
  facet normal -2.321197e-16 2.588190e-01 9.659258e-01
    outer loop
      vertex   3.259200e+01 -2.332449e+01 1.904923e+00
      vertex   3.166800e+01 -2.332449e+01 1.904923e+00
      vertex   3.259200e+01 -2.336659e+01 1.916202e+00
    endloop
  endfacet
  facet normal -2.323379e-16 2.588190e-01 9.659258e-01
    outer loop
      vertex   3.259200e+01 -2.332449e+01 1.904923e+00
      vertex   3.259200e+01 -2.336659e+01 1.916202e+00
      vertex   3.351600e+01 -2.336659e+01 1.916202e+00
    endloop
  endfacet
  facet normal -2.393936e-16 8.715574e-02 9.961947e-01
    outer loop
      vertex   3.351600e+01 -2.336659e+01 1.916202e+00
      vertex   3.259200e+01 -2.336659e+01 1.916202e+00
      vertex   2.982000e+01 -2.341000e+01 1.920000e+00
    endloop
  endfacet
  facet normal 3.936268e-16 5.735764e-01 8.191520e-01
    outer loop
      vertex   2.982000e+01 -2.324930e+01 1.861511e+00
      vertex   2.982000e+01 -2.328500e+01 1.886506e+00
      vertex   3.074400e+01 -2.328500e+01 1.886506e+00
    endloop
  endfacet
  facet normal 4.355860e-16 4.226183e-01 9.063078e-01
    outer loop
      vertex   3.074400e+01 -2.328500e+01 1.886506e+00
      vertex   2.982000e+01 -2.328500e+01 1.886506e+00
      vertex   3.074400e+01 -2.332449e+01 1.904923e+00
    endloop
  endfacet
  facet normal -2.182453e-16 4.226183e-01 9.063078e-01
    outer loop
      vertex   3.074400e+01 -2.328500e+01 1.886506e+00
      vertex   3.074400e+01 -2.332449e+01 1.904923e+00
      vertex   3.166800e+01 -2.332449e+01 1.904923e+00
    endloop
  endfacet
  facet normal -2.321197e-16 2.588190e-01 9.659258e-01
    outer loop
      vertex   3.166800e+01 -2.332449e+01 1.904923e+00
      vertex   3.074400e+01 -2.332449e+01 1.904923e+00
      vertex   3.166800e+01 -2.336659e+01 1.916202e+00
    endloop
  endfacet
  facet normal -4.639017e-16 2.588190e-01 9.659258e-01
    outer loop
      vertex   3.166800e+01 -2.332449e+01 1.904923e+00
      vertex   3.166800e+01 -2.336659e+01 1.916202e+00
      vertex   3.259200e+01 -2.336659e+01 1.916202e+00
    endloop
  endfacet
  facet normal -4.787871e-16 8.715574e-02 9.961947e-01
    outer loop
      vertex   3.259200e+01 -2.336659e+01 1.916202e+00
      vertex   3.166800e+01 -2.336659e+01 1.916202e+00
      vertex   2.982000e+01 -2.341000e+01 1.920000e+00
    endloop
  endfacet
  facet normal -1.088879e-15 4.226183e-01 9.063078e-01
    outer loop
      vertex   2.982000e+01 -2.328500e+01 1.886506e+00
      vertex   2.982000e+01 -2.332449e+01 1.904923e+00
      vertex   3.074400e+01 -2.332449e+01 1.904923e+00
    endloop
  endfacet
  facet normal -1.160599e-15 2.588190e-01 9.659258e-01
    outer loop
      vertex   3.074400e+01 -2.332449e+01 1.904923e+00
      vertex   2.982000e+01 -2.332449e+01 1.904923e+00
      vertex   3.074400e+01 -2.336659e+01 1.916202e+00
    endloop
  endfacet
  facet normal -2.317820e-16 2.588190e-01 9.659258e-01
    outer loop
      vertex   3.074400e+01 -2.332449e+01 1.904923e+00
      vertex   3.074400e+01 -2.336659e+01 1.916202e+00
      vertex   3.166800e+01 -2.336659e+01 1.916202e+00
    endloop
  endfacet
  facet normal -2.393936e-16 8.715574e-02 9.961947e-01
    outer loop
      vertex   3.166800e+01 -2.336659e+01 1.916202e+00
      vertex   3.074400e+01 -2.336659e+01 1.916202e+00
      vertex   2.982000e+01 -2.341000e+01 1.920000e+00
    endloop
  endfacet
  facet normal -2.326592e-16 2.588190e-01 9.659258e-01
    outer loop
      vertex   2.982000e+01 -2.332449e+01 1.904923e+00
      vertex   2.982000e+01 -2.336659e+01 1.916202e+00
      vertex   3.074400e+01 -2.336659e+01 1.916202e+00
    endloop
  endfacet
  facet normal -2.393936e-16 8.715574e-02 9.961947e-01
    outer loop
      vertex   3.074400e+01 -2.336659e+01 1.916202e+00
      vertex   2.982000e+01 -2.336659e+01 1.916202e+00
      vertex   2.982000e+01 -2.341000e+01 1.920000e+00
    endloop
  endfacet
  facet normal 2.755466e-16 8.191520e-01 5.735764e-01
    outer loop
      vertex   3.906000e+01 -2.321849e+01 1.830697e+00
      vertex   3.906000e+01 -2.319349e+01 1.795000e+00
      vertex   3.813600e+01 -2.319349e+01 1.795000e+00
    endloop
  endfacet
  facet normal 2.031171e-16 9.063078e-01 4.226183e-01
    outer loop
      vertex   3.813600e+01 -2.319349e+01 1.795000e+00
      vertex   3.906000e+01 -2.319349e+01 1.795000e+00
      vertex   3.813600e+01 -2.317508e+01 1.755505e+00
    endloop
  endfacet
  facet normal -1.132536e-18 9.063078e-01 4.226183e-01
    outer loop
      vertex   3.813600e+01 -2.319349e+01 1.795000e+00
      vertex   3.813600e+01 -2.317508e+01 1.755505e+00
      vertex   3.721200e+01 -2.317508e+01 1.755505e+00
    endloop
  endfacet
  facet normal -0.000000e+00 9.659258e-01 2.588190e-01
    outer loop
      vertex   3.721200e+01 -2.317508e+01 1.755505e+00
      vertex   3.813600e+01 -2.317508e+01 1.755505e+00
      vertex   3.721200e+01 -2.316380e+01 1.713412e+00
    endloop
  endfacet
  facet normal -1.238264e-16 9.659258e-01 2.588190e-01
    outer loop
      vertex   3.721200e+01 -2.317508e+01 1.755505e+00
      vertex   3.721200e+01 -2.316380e+01 1.713412e+00
      vertex   3.628800e+01 -2.316380e+01 1.713412e+00
    endloop
  endfacet
  facet normal -4.188845e-17 9.961947e-01 8.715574e-02
    outer loop
      vertex   3.628800e+01 -2.316380e+01 1.713412e+00
      vertex   3.721200e+01 -2.316380e+01 1.713412e+00
      vertex   3.906000e+01 -2.316000e+01 1.670000e+00
    endloop
  endfacet
  facet normal -2.019058e-16 9.063078e-01 4.226183e-01
    outer loop
      vertex   3.906000e+01 -2.319349e+01 1.795000e+00
      vertex   3.906000e+01 -2.317508e+01 1.755505e+00
      vertex   3.813600e+01 -2.317508e+01 1.755505e+00
    endloop
  endfacet
  facet normal -1.243926e-16 9.659258e-01 2.588190e-01
    outer loop
      vertex   3.813600e+01 -2.317508e+01 1.755505e+00
      vertex   3.906000e+01 -2.317508e+01 1.755505e+00
      vertex   3.813600e+01 -2.316380e+01 1.713412e+00
    endloop
  endfacet
  facet normal 5.661982e-19 9.659258e-01 2.588190e-01
    outer loop
      vertex   3.813600e+01 -2.317508e+01 1.755505e+00
      vertex   3.813600e+01 -2.316380e+01 1.713412e+00
      vertex   3.721200e+01 -2.316380e+01 1.713412e+00
    endloop
  endfacet
  facet normal -0.000000e+00 9.961947e-01 8.715574e-02
    outer loop
      vertex   3.721200e+01 -2.316380e+01 1.713412e+00
      vertex   3.813600e+01 -2.316380e+01 1.713412e+00
      vertex   3.906000e+01 -2.316000e+01 1.670000e+00
    endloop
  endfacet
  facet normal -6.189652e-17 9.659258e-01 2.588190e-01
    outer loop
      vertex   3.906000e+01 -2.317508e+01 1.755505e+00
      vertex   3.906000e+01 -2.316380e+01 1.713412e+00
      vertex   3.813600e+01 -2.316380e+01 1.713412e+00
    endloop
  endfacet
  facet normal -2.094422e-17 9.961947e-01 8.715574e-02
    outer loop
      vertex   3.813600e+01 -2.316380e+01 1.713412e+00
      vertex   3.906000e+01 -2.316380e+01 1.713412e+00
      vertex   3.906000e+01 -2.316000e+01 1.670000e+00
    endloop
  endfacet
  facet normal -6.219629e-17 9.659258e-01 2.588190e-01
    outer loop
      vertex   3.259200e+01 -2.317508e+01 1.755505e+00
      vertex   3.166800e+01 -2.316380e+01 1.713412e+00
      vertex   3.166800e+01 -2.317508e+01 1.755505e+00
    endloop
  endfacet
  facet normal -6.163009e-17 9.659258e-01 2.588190e-01
    outer loop
      vertex   3.166800e+01 -2.317508e+01 1.755505e+00
      vertex   3.166800e+01 -2.316380e+01 1.713412e+00
      vertex   3.074400e+01 -2.316380e+01 1.713412e+00
    endloop
  endfacet
  facet normal 0.000000e+00 9.961947e-01 8.715571e-02
    outer loop
      vertex   3.444000e+01 -2.316380e+01 1.713412e+00
      vertex   2.982000e+01 -2.316000e+01 1.670000e+00
      vertex   3.351600e+01 -2.316380e+01 1.713412e+00
    endloop
  endfacet
  facet normal -2.094422e-17 9.961947e-01 8.715571e-02
    outer loop
      vertex   3.351600e+01 -2.316380e+01 1.713412e+00
      vertex   2.982000e+01 -2.316000e+01 1.670000e+00
      vertex   3.259200e+01 -2.316380e+01 1.713412e+00
    endloop
  endfacet
  facet normal -6.219629e-17 9.659258e-01 2.588190e-01
    outer loop
      vertex   3.351600e+01 -2.316380e+01 1.713412e+00
      vertex   3.259200e+01 -2.316380e+01 1.713412e+00
      vertex   3.351600e+01 -2.317508e+01 1.755505e+00
    endloop
  endfacet
  facet normal 0.000000e+00 9.659258e-01 2.588190e-01
    outer loop
      vertex   3.444000e+01 -2.316380e+01 1.713412e+00
      vertex   3.351600e+01 -2.316380e+01 1.713412e+00
      vertex   3.444000e+01 -2.317508e+01 1.755505e+00
    endloop
  endfacet
  facet normal 0.000000e+00 9.659258e-01 2.588190e-01
    outer loop
      vertex   3.444000e+01 -2.317508e+01 1.755505e+00
      vertex   3.351600e+01 -2.316380e+01 1.713412e+00
      vertex   3.351600e+01 -2.317508e+01 1.755505e+00
    endloop
  endfacet
  facet normal 0.000000e+00 9.063078e-01 4.226183e-01
    outer loop
      vertex   3.444000e+01 -2.317508e+01 1.755505e+00
      vertex   3.351600e+01 -2.317508e+01 1.755505e+00
      vertex   3.444000e+01 -2.319349e+01 1.795000e+00
    endloop
  endfacet
  facet normal -1.243926e-16 9.659258e-01 2.588190e-01
    outer loop
      vertex   3.536400e+01 -2.316380e+01 1.713412e+00
      vertex   3.444000e+01 -2.316380e+01 1.713412e+00
      vertex   3.536400e+01 -2.317508e+01 1.755505e+00
    endloop
  endfacet
  facet normal -6.219629e-17 9.659258e-01 2.588190e-01
    outer loop
      vertex   3.536400e+01 -2.317508e+01 1.755505e+00
      vertex   3.444000e+01 -2.316380e+01 1.713412e+00
      vertex   3.444000e+01 -2.317508e+01 1.755505e+00
    endloop
  endfacet
  facet normal -1.015586e-16 9.063078e-01 4.226183e-01
    outer loop
      vertex   3.536400e+01 -2.317508e+01 1.755505e+00
      vertex   3.444000e+01 -2.317508e+01 1.755505e+00
      vertex   3.536400e+01 -2.319349e+01 1.795000e+00
    endloop
  endfacet
  facet normal -1.015586e-16 9.063078e-01 4.226183e-01
    outer loop
      vertex   3.536400e+01 -2.319349e+01 1.795000e+00
      vertex   3.444000e+01 -2.317508e+01 1.755505e+00
      vertex   3.444000e+01 -2.319349e+01 1.795000e+00
    endloop
  endfacet
  facet normal -1.378350e-16 8.191520e-01 5.735764e-01
    outer loop
      vertex   3.536400e+01 -2.319349e+01 1.795000e+00
      vertex   3.444000e+01 -2.319349e+01 1.795000e+00
      vertex   3.536400e+01 -2.321849e+01 1.830697e+00
    endloop
  endfacet
  facet normal -2.031171e-16 9.063078e-01 4.226183e-01
    outer loop
      vertex   3.351600e+01 -2.319349e+01 1.795000e+00
      vertex   3.259200e+01 -2.317508e+01 1.755505e+00
      vertex   3.259200e+01 -2.319349e+01 1.795000e+00
    endloop
  endfacet
  facet normal -1.019307e-16 9.063078e-01 4.226183e-01
    outer loop
      vertex   3.259200e+01 -2.319349e+01 1.795000e+00
      vertex   3.259200e+01 -2.317508e+01 1.755505e+00
      vertex   3.166800e+01 -2.317508e+01 1.755505e+00
    endloop
  endfacet
  facet normal -1.860227e-16 9.659258e-01 2.588190e-01
    outer loop
      vertex   3.536400e+01 -2.316380e+01 1.713412e+00
      vertex   3.536400e+01 -2.317508e+01 1.755505e+00
      vertex   3.628800e+01 -2.317508e+01 1.755505e+00
    endloop
  endfacet
  facet normal -3.046757e-16 9.063078e-01 4.226183e-01
    outer loop
      vertex   3.628800e+01 -2.317508e+01 1.755505e+00
      vertex   3.536400e+01 -2.317508e+01 1.755505e+00
      vertex   3.628800e+01 -2.319349e+01 1.795000e+00
    endloop
  endfacet
  facet normal -2.023174e-16 9.063078e-01 4.226183e-01
    outer loop
      vertex   3.628800e+01 -2.317508e+01 1.755505e+00
      vertex   3.628800e+01 -2.319349e+01 1.795000e+00
      vertex   3.721200e+01 -2.319349e+01 1.795000e+00
    endloop
  endfacet
  facet normal -2.756700e-16 8.191520e-01 5.735764e-01
    outer loop
      vertex   3.721200e+01 -2.319349e+01 1.795000e+00
      vertex   3.628800e+01 -2.319349e+01 1.795000e+00
      vertex   3.721200e+01 -2.321849e+01 1.830697e+00
    endloop
  endfacet
  facet normal -1.234748e-19 8.191520e-01 5.735764e-01
    outer loop
      vertex   3.721200e+01 -2.319349e+01 1.795000e+00
      vertex   3.721200e+01 -2.321849e+01 1.830697e+00
      vertex   3.813600e+01 -2.321849e+01 1.830697e+00
    endloop
  endfacet
  facet normal 0.000000e+00 7.071068e-01 7.071068e-01
    outer loop
      vertex   3.813600e+01 -2.321849e+01 1.830697e+00
      vertex   3.721200e+01 -2.321849e+01 1.830697e+00
      vertex   3.813600e+01 -2.324930e+01 1.861511e+00
    endloop
  endfacet
  facet normal -1.015586e-16 9.063078e-01 4.226183e-01
    outer loop
      vertex   3.628800e+01 -2.319349e+01 1.795000e+00
      vertex   3.536400e+01 -2.317508e+01 1.755505e+00
      vertex   3.536400e+01 -2.319349e+01 1.795000e+00
    endloop
  endfacet
  facet normal 0.000000e+00 8.191520e-01 5.735764e-01
    outer loop
      vertex   3.444000e+01 -2.321849e+01 1.830697e+00
      vertex   3.351600e+01 -2.319349e+01 1.795000e+00
      vertex   3.351600e+01 -2.321849e+01 1.830697e+00
    endloop
  endfacet
  facet normal -2.757935e-16 8.191520e-01 5.735764e-01
    outer loop
      vertex   3.351600e+01 -2.321849e+01 1.830697e+00
      vertex   3.351600e+01 -2.319349e+01 1.795000e+00
      vertex   3.259200e+01 -2.319349e+01 1.795000e+00
    endloop
  endfacet
  facet normal -1.378350e-16 8.191520e-01 5.735764e-01
    outer loop
      vertex   3.628800e+01 -2.319349e+01 1.795000e+00
      vertex   3.536400e+01 -2.319349e+01 1.795000e+00
      vertex   3.628800e+01 -2.321849e+01 1.830697e+00
    endloop
  endfacet
  facet normal -1.378350e-16 8.191520e-01 5.735764e-01
    outer loop
      vertex   3.628800e+01 -2.321849e+01 1.830697e+00
      vertex   3.536400e+01 -2.319349e+01 1.795000e+00
      vertex   3.536400e+01 -2.321849e+01 1.830697e+00
    endloop
  endfacet
  facet normal -1.699234e-16 7.071068e-01 7.071068e-01
    outer loop
      vertex   3.628800e+01 -2.321849e+01 1.830697e+00
      vertex   3.536400e+01 -2.321849e+01 1.830697e+00
      vertex   3.628800e+01 -2.324930e+01 1.861511e+00
    endloop
  endfacet
  facet normal -3.398469e-16 7.071068e-01 7.071068e-01
    outer loop
      vertex   3.536400e+01 -2.324930e+01 1.861511e+00
      vertex   3.444000e+01 -2.321849e+01 1.830697e+00
      vertex   3.444000e+01 -2.324930e+01 1.861511e+00
    endloop
  endfacet
  facet normal 3.374190e-19 7.071068e-01 7.071068e-01
    outer loop
      vertex   3.444000e+01 -2.324930e+01 1.861511e+00
      vertex   3.444000e+01 -2.321849e+01 1.830697e+00
      vertex   3.351600e+01 -2.321849e+01 1.830697e+00
    endloop
  endfacet
  facet normal -1.384708e-16 8.191520e-01 5.735764e-01
    outer loop
      vertex   3.628800e+01 -2.319349e+01 1.795000e+00
      vertex   3.628800e+01 -2.321849e+01 1.830697e+00
      vertex   3.721200e+01 -2.321849e+01 1.830697e+00
    endloop
  endfacet
  facet normal -1.699234e-16 7.071068e-01 7.071068e-01
    outer loop
      vertex   3.721200e+01 -2.321849e+01 1.830697e+00
      vertex   3.628800e+01 -2.321849e+01 1.830697e+00
      vertex   3.721200e+01 -2.324930e+01 1.861511e+00
    endloop
  endfacet
  facet normal 3.374190e-19 7.071068e-01 7.071068e-01
    outer loop
      vertex   3.721200e+01 -2.321849e+01 1.830697e+00
      vertex   3.721200e+01 -2.324930e+01 1.861511e+00
      vertex   3.813600e+01 -2.324930e+01 1.861511e+00
    endloop
  endfacet
  facet normal 0.000000e+00 5.735764e-01 8.191520e-01
    outer loop
      vertex   3.813600e+01 -2.324930e+01 1.861511e+00
      vertex   3.721200e+01 -2.324930e+01 1.861511e+00
      vertex   3.813600e+01 -2.328500e+01 1.886506e+00
    endloop
  endfacet
  facet normal -1.699234e-16 7.071068e-01 7.071068e-01
    outer loop
      vertex   3.721200e+01 -2.324930e+01 1.861511e+00
      vertex   3.628800e+01 -2.321849e+01 1.830697e+00
      vertex   3.628800e+01 -2.324930e+01 1.861511e+00
    endloop
  endfacet
  facet normal -1.968488e-16 5.735764e-01 8.191520e-01
    outer loop
      vertex   3.628800e+01 -2.328500e+01 1.886506e+00
      vertex   3.536400e+01 -2.324930e+01 1.861511e+00
      vertex   3.536400e+01 -2.328500e+01 1.886506e+00
    endloop
  endfacet
  facet normal -3.944395e-16 5.735764e-01 8.191520e-01
    outer loop
      vertex   3.536400e+01 -2.328500e+01 1.886506e+00
      vertex   3.536400e+01 -2.324930e+01 1.861511e+00
      vertex   3.444000e+01 -2.324930e+01 1.861511e+00
    endloop
  endfacet
  facet normal 0.000000e+00 5.735764e-01 8.191520e-01
    outer loop
      vertex   3.813600e+01 -2.328500e+01 1.886506e+00
      vertex   3.721200e+01 -2.324930e+01 1.861511e+00
      vertex   3.721200e+01 -2.328500e+01 1.886506e+00
    endloop
  endfacet
  facet normal -1.975907e-16 5.735764e-01 8.191520e-01
    outer loop
      vertex   3.721200e+01 -2.328500e+01 1.886506e+00
      vertex   3.721200e+01 -2.324930e+01 1.861511e+00
      vertex   3.628800e+01 -2.324930e+01 1.861511e+00
    endloop
  endfacet
  facet normal -4.355860e-16 4.226183e-01 9.063078e-01
    outer loop
      vertex   3.721200e+01 -2.332449e+01 1.904923e+00
      vertex   3.628800e+01 -2.328500e+01 1.886506e+00
      vertex   3.628800e+01 -2.332449e+01 1.904923e+00
    endloop
  endfacet
  facet normal -2.182453e-16 4.226183e-01 9.063078e-01
    outer loop
      vertex   3.628800e+01 -2.332449e+01 1.904923e+00
      vertex   3.628800e+01 -2.328500e+01 1.886506e+00
      vertex   3.536400e+01 -2.328500e+01 1.886506e+00
    endloop
  endfacet
  facet normal -1.444994e-19 4.226183e-01 9.063078e-01
    outer loop
      vertex   3.813600e+01 -2.332449e+01 1.904923e+00
      vertex   3.813600e+01 -2.328500e+01 1.886506e+00
      vertex   3.721200e+01 -2.328500e+01 1.886506e+00
    endloop
  endfacet
  facet normal 0.000000e+00 2.588190e-01 9.659258e-01
    outer loop
      vertex   3.813600e+01 -2.336659e+01 1.916202e+00
      vertex   3.721200e+01 -2.332449e+01 1.904923e+00
      vertex   3.721200e+01 -2.336659e+01 1.916202e+00
    endloop
  endfacet
  facet normal -4.639017e-16 2.588190e-01 9.659258e-01
    outer loop
      vertex   3.721200e+01 -2.336659e+01 1.916202e+00
      vertex   3.721200e+01 -2.332449e+01 1.904923e+00
      vertex   3.628800e+01 -2.332449e+01 1.904923e+00
    endloop
  endfacet
  facet normal 1.000000e+00 -1.422741e-23 2.127373e-15
    outer loop
      vertex   2.982000e+01 -2.316000e+01 -4.494190e-08
      vertex   2.982000e+01 -1.644000e+01 0.000000e+00
      vertex   2.982000e+01 -2.316000e+01 1.670000e+00
    endloop
  endfacet
  facet normal 1.000000e+00 -5.404276e-16 -4.728127e-17
    outer loop
      vertex   2.982000e+01 -2.316000e+01 1.670000e+00
      vertex   2.982000e+01 -1.644000e+01 0.000000e+00
      vertex   2.982000e+01 -2.316380e+01 1.713412e+00
    endloop
  endfacet
  facet normal 1.000000e+00 -5.671012e-16 -1.519543e-16
    outer loop
      vertex   2.982000e+01 -2.316380e+01 1.713412e+00
      vertex   2.982000e+01 -1.644000e+01 0.000000e+00
      vertex   2.982000e+01 -2.317508e+01 1.755505e+00
    endloop
  endfacet
  facet normal 1.000000e+00 -3.544066e-16 6.640586e-16
    outer loop
      vertex   2.982000e+01 -2.317508e+01 1.755505e+00
      vertex   2.982000e+01 -1.644000e+01 0.000000e+00
      vertex   2.982000e+01 -1.644000e+01 5.350000e+00
    endloop
  endfacet
  facet normal 1.000000e+00 0.000000e+00 -0.000000e+00
    outer loop
      vertex   2.982000e+01 -2.317508e+01 1.755505e+00
      vertex   2.982000e+01 -1.644000e+01 5.350000e+00
      vertex   2.982000e+01 -2.319349e+01 1.795000e+00
    endloop
  endfacet
  facet normal 1.000000e+00 0.000000e+00 0.000000e+00
    outer loop
      vertex   2.982000e+01 -2.319349e+01 1.795000e+00
      vertex   2.982000e+01 -1.644000e+01 5.350000e+00
      vertex   2.982000e+01 -2.316000e+01 3.919588e+00
    endloop
  endfacet
  facet normal 1.000000e+00 0.000000e+00 -0.000000e+00
    outer loop
      vertex   2.982000e+01 -2.319349e+01 1.795000e+00
      vertex   2.982000e+01 -2.316000e+01 3.919588e+00
      vertex   2.982000e+01 -2.321849e+01 1.830697e+00
    endloop
  endfacet
  facet normal 1.000000e+00 0.000000e+00 -0.000000e+00
    outer loop
      vertex   2.982000e+01 -2.321849e+01 1.830697e+00
      vertex   2.982000e+01 -2.316000e+01 3.919588e+00
      vertex   2.982000e+01 -2.324930e+01 1.861511e+00
    endloop
  endfacet
  facet normal 1.000000e+00 0.000000e+00 -0.000000e+00
    outer loop
      vertex   2.982000e+01 -2.324930e+01 1.861511e+00
      vertex   2.982000e+01 -2.316000e+01 3.919588e+00
      vertex   2.982000e+01 -2.328500e+01 1.886506e+00
    endloop
  endfacet
  facet normal 1.000000e+00 0.000000e+00 -0.000000e+00
    outer loop
      vertex   2.982000e+01 -2.328500e+01 1.886506e+00
      vertex   2.982000e+01 -2.316000e+01 3.919588e+00
      vertex   2.982000e+01 -2.332449e+01 1.904923e+00
    endloop
  endfacet
  facet normal 1.000000e+00 0.000000e+00 -0.000000e+00
    outer loop
      vertex   2.982000e+01 -2.332449e+01 1.904923e+00
      vertex   2.982000e+01 -2.316000e+01 3.919588e+00
      vertex   2.982000e+01 -2.336659e+01 1.916202e+00
    endloop
  endfacet
  facet normal 1.000000e+00 0.000000e+00 -0.000000e+00
    outer loop
      vertex   2.982000e+01 -2.336659e+01 1.916202e+00
      vertex   2.982000e+01 -2.316000e+01 3.919588e+00
      vertex   2.982000e+01 -2.341000e+01 1.920000e+00
    endloop
  endfacet
  facet normal 1.000000e+00 0.000000e+00 -0.000000e+00
    outer loop
      vertex   2.982000e+01 -2.341000e+01 1.920000e+00
      vertex   2.982000e+01 -2.316000e+01 3.919588e+00
      vertex   2.982000e+01 -2.379277e+01 2.000000e+00
    endloop
  endfacet
  facet normal 1.000000e+00 0.000000e+00 0.000000e+00
    outer loop
      vertex   2.982000e+01 -2.341000e+01 1.920000e+00
      vertex   2.982000e+01 -2.379277e+01 2.000000e+00
      vertex   2.982000e+01 -2.379277e+01 1.920000e+00
    endloop
  endfacet
  facet normal 1.000000e+00 -2.643388e-15 1.241850e-14
    outer loop
      vertex   2.982000e+01 -1.644000e+01 5.350000e+00
      vertex   2.982000e+01 -2.316000e+01 5.350000e+00
      vertex   2.982000e+01 -2.316000e+01 3.919588e+00
    endloop
  endfacet
  facet normal -0.000000e+00 -1.000000e+00 -0.000000e+00
    outer loop
      vertex   3.182000e+01 -1.644000e+01 5.350000e+00
      vertex   2.982000e+01 -1.644000e+01 5.350000e+00
      vertex   3.182000e+01 -1.644000e+01 0.000000e+00
    endloop
  endfacet
  facet normal 0.000000e+00 -1.000000e+00 0.000000e+00
    outer loop
      vertex   3.182000e+01 -1.644000e+01 0.000000e+00
      vertex   2.982000e+01 -1.644000e+01 5.350000e+00
      vertex   2.982000e+01 -1.644000e+01 0.000000e+00
    endloop
  endfacet
  facet normal 1.000000e+00 -1.103327e-15 0.000000e+00
    outer loop
      vertex   3.182000e+01 -1.000000e+01 5.350000e+00
      vertex   3.182000e+01 -1.644000e+01 5.350000e+00
      vertex   3.182000e+01 -1.000000e+01 3.919588e+00
    endloop
  endfacet
  facet normal 1.000000e+00 -8.083342e-16 1.328117e-15
    outer loop
      vertex   3.182000e+01 -1.000000e+01 3.919588e+00
      vertex   3.182000e+01 -1.644000e+01 5.350000e+00
      vertex   3.182000e+01 -1.644000e+01 0.000000e+00
    endloop
  endfacet
  facet normal 1.000000e+00 0.000000e+00 0.000000e+00
    outer loop
      vertex   3.182000e+01 -1.000000e+01 3.919588e+00
      vertex   3.182000e+01 -1.644000e+01 0.000000e+00
      vertex   3.182000e+01 -9.986603e+00 1.370000e+00
    endloop
  endfacet
  facet normal 1.000000e+00 0.000000e+00 0.000000e+00
    outer loop
      vertex   3.182000e+01 -9.986603e+00 1.370000e+00
      vertex   3.182000e+01 -1.644000e+01 0.000000e+00
      vertex   3.182000e+01 -9.993969e+00 1.354202e+00
    endloop
  endfacet
  facet normal 1.000000e+00 0.000000e+00 0.000000e+00
    outer loop
      vertex   3.182000e+01 -9.993969e+00 1.354202e+00
      vertex   3.182000e+01 -1.644000e+01 0.000000e+00
      vertex   3.182000e+01 -9.998481e+00 1.337365e+00
    endloop
  endfacet
  facet normal 1.000000e+00 0.000000e+00 0.000000e+00
    outer loop
      vertex   3.182000e+01 -9.998481e+00 1.337365e+00
      vertex   3.182000e+01 -1.644000e+01 0.000000e+00
      vertex   3.182000e+01 -1.000000e+01 1.320000e+00
    endloop
  endfacet
  facet normal 1.000000e+00 0.000000e+00 0.000000e+00
    outer loop
      vertex   3.182000e+01 -1.000000e+01 1.320000e+00
      vertex   3.182000e+01 -1.644000e+01 0.000000e+00
      vertex   3.182000e+01 -1.000000e+01 0.000000e+00
    endloop
  endfacet
  facet normal 1.000000e+00 0.000000e+00 -0.000000e+00
    outer loop
      vertex   3.182000e+01 -9.986603e+00 1.370000e+00
      vertex   3.182000e+01 -9.976604e+00 1.384279e+00
      vertex   3.182000e+01 -1.000000e+01 3.919588e+00
    endloop
  endfacet
  facet normal 1.000000e+00 0.000000e+00 0.000000e+00
    outer loop
      vertex   3.182000e+01 -1.000000e+01 3.919588e+00
      vertex   3.182000e+01 -9.976604e+00 1.384279e+00
      vertex   3.182000e+01 -9.964279e+00 1.396604e+00
    endloop
  endfacet
  facet normal 1.000000e+00 0.000000e+00 0.000000e+00
    outer loop
      vertex   3.182000e+01 -1.000000e+01 3.919588e+00
      vertex   3.182000e+01 -9.964279e+00 1.396604e+00
      vertex   3.182000e+01 -9.950000e+00 1.406603e+00
    endloop
  endfacet
  facet normal 1.000000e+00 0.000000e+00 -0.000000e+00
    outer loop
      vertex   3.182000e+01 -9.950000e+00 1.406603e+00
      vertex   3.182000e+01 -9.934202e+00 1.413969e+00
      vertex   3.182000e+01 -1.000000e+01 3.919588e+00
    endloop
  endfacet
  facet normal 1.000000e+00 0.000000e+00 0.000000e+00
    outer loop
      vertex   3.182000e+01 -1.000000e+01 3.919588e+00
      vertex   3.182000e+01 -9.934202e+00 1.413969e+00
      vertex   3.182000e+01 -9.917365e+00 1.418481e+00
    endloop
  endfacet
  facet normal 1.000000e+00 0.000000e+00 0.000000e+00
    outer loop
      vertex   3.182000e+01 -1.000000e+01 3.919588e+00
      vertex   3.182000e+01 -9.917365e+00 1.418481e+00
      vertex   3.182000e+01 -9.900000e+00 1.420000e+00
    endloop
  endfacet
  facet normal 1.000000e+00 0.000000e+00 0.000000e+00
    outer loop
      vertex   3.182000e+01 -1.000000e+01 3.919588e+00
      vertex   3.182000e+01 -9.900000e+00 1.420000e+00
      vertex   3.182000e+01 -9.219322e+00 1.551307e+00
    endloop
  endfacet
  facet normal 1.000000e+00 0.000000e+00 0.000000e+00
    outer loop
      vertex   3.182000e+01 -9.219322e+00 1.551307e+00
      vertex   3.182000e+01 -9.900000e+00 1.420000e+00
      vertex   3.182000e+01 -9.314296e+00 1.420000e+00
    endloop
  endfacet
  facet normal 1.000000e+00 0.000000e+00 0.000000e+00
    outer loop
      vertex   3.182000e+01 -9.219322e+00 1.551307e+00
      vertex   3.182000e+01 -9.314296e+00 1.420000e+00
      vertex   3.182000e+01 -9.215369e+00 1.534615e+00
    endloop
  endfacet
  facet normal 1.000000e+00 0.000000e+00 0.000000e+00
    outer loop
      vertex   3.182000e+01 -9.215369e+00 1.534615e+00
      vertex   3.182000e+01 -9.314296e+00 1.420000e+00
      vertex   3.182000e+01 -9.214327e+00 1.517493e+00
    endloop
  endfacet
  facet normal 1.000000e+00 0.000000e+00 0.000000e+00
    outer loop
      vertex   3.182000e+01 -9.214327e+00 1.517493e+00
      vertex   3.182000e+01 -9.314296e+00 1.420000e+00
      vertex   3.182000e+01 -9.216226e+00 1.500445e+00
    endloop
  endfacet
  facet normal 1.000000e+00 0.000000e+00 0.000000e+00
    outer loop
      vertex   3.182000e+01 -9.216226e+00 1.500445e+00
      vertex   3.182000e+01 -9.314296e+00 1.420000e+00
      vertex   3.182000e+01 -9.221011e+00 1.483972e+00
    endloop
  endfacet
  facet normal 1.000000e+00 0.000000e+00 0.000000e+00
    outer loop
      vertex   3.182000e+01 -9.221011e+00 1.483972e+00
      vertex   3.182000e+01 -9.314296e+00 1.420000e+00
      vertex   3.182000e+01 -9.228541e+00 1.468560e+00
    endloop
  endfacet
  facet normal 1.000000e+00 0.000000e+00 0.000000e+00
    outer loop
      vertex   3.182000e+01 -9.228541e+00 1.468560e+00
      vertex   3.182000e+01 -9.314296e+00 1.420000e+00
      vertex   3.182000e+01 -9.238594e+00 1.454660e+00
    endloop
  endfacet
  facet normal 1.000000e+00 0.000000e+00 0.000000e+00
    outer loop
      vertex   3.182000e+01 -9.238594e+00 1.454660e+00
      vertex   3.182000e+01 -9.314296e+00 1.420000e+00
      vertex   3.182000e+01 -9.250874e+00 1.442684e+00
    endloop
  endfacet
  facet normal 1.000000e+00 0.000000e+00 0.000000e+00
    outer loop
      vertex   3.182000e+01 -9.250874e+00 1.442684e+00
      vertex   3.182000e+01 -9.314296e+00 1.420000e+00
      vertex   3.182000e+01 -9.265021e+00 1.432983e+00
    endloop
  endfacet
  facet normal 1.000000e+00 0.000000e+00 0.000000e+00
    outer loop
      vertex   3.182000e+01 -9.265021e+00 1.432983e+00
      vertex   3.182000e+01 -9.314296e+00 1.420000e+00
      vertex   3.182000e+01 -9.280618e+00 1.425842e+00
    endloop
  endfacet
  facet normal 1.000000e+00 0.000000e+00 0.000000e+00
    outer loop
      vertex   3.182000e+01 -9.280618e+00 1.425842e+00
      vertex   3.182000e+01 -9.314296e+00 1.420000e+00
      vertex   3.182000e+01 -9.297205e+00 1.421471e+00
    endloop
  endfacet
  facet normal 0.000000e+00 -1.000000e+00 0.000000e+00
    outer loop
      vertex   3.182000e+01 -1.000000e+01 1.320000e+00
      vertex   3.182000e+01 -1.000000e+01 0.000000e+00
      vertex   3.906000e+01 -1.000000e+01 1.320000e+00
    endloop
  endfacet
  facet normal 0.000000e+00 -1.000000e+00 -0.000000e+00
    outer loop
      vertex   3.906000e+01 -1.000000e+01 1.320000e+00
      vertex   3.182000e+01 -1.000000e+01 0.000000e+00
      vertex   3.906000e+01 -1.000000e+01 2.220446e-15
    endloop
  endfacet
  facet normal -1.000000e+00 -0.000000e+00 0.000000e+00
    outer loop
      vertex   3.906000e+01 -9.215369e+00 1.534615e+00
      vertex   3.906000e+01 -9.900000e+00 1.420000e+00
      vertex   3.906000e+01 -9.219322e+00 1.551307e+00
    endloop
  endfacet
  facet normal -1.000000e+00 0.000000e+00 0.000000e+00
    outer loop
      vertex   3.906000e+01 -9.219322e+00 1.551307e+00
      vertex   3.906000e+01 -9.900000e+00 1.420000e+00
      vertex   3.906000e+01 -9.917365e+00 1.418481e+00
    endloop
  endfacet
  facet normal -1.000000e+00 -0.000000e+00 0.000000e+00
    outer loop
      vertex   3.906000e+01 -9.219322e+00 1.551307e+00
      vertex   3.906000e+01 -9.917365e+00 1.418481e+00
      vertex   3.906000e+01 -1.000000e+01 3.919588e+00
    endloop
  endfacet
  facet normal -1.000000e+00 0.000000e+00 0.000000e+00
    outer loop
      vertex   3.906000e+01 -1.000000e+01 3.919588e+00
      vertex   3.906000e+01 -9.917365e+00 1.418481e+00
      vertex   3.906000e+01 -9.934202e+00 1.413969e+00
    endloop
  endfacet
  facet normal -1.000000e+00 0.000000e+00 0.000000e+00
    outer loop
      vertex   3.906000e+01 -1.000000e+01 3.919588e+00
      vertex   3.906000e+01 -9.934202e+00 1.413969e+00
      vertex   3.906000e+01 -9.950000e+00 1.406603e+00
    endloop
  endfacet
  facet normal -1.000000e+00 0.000000e+00 -0.000000e+00
    outer loop
      vertex   3.906000e+01 -9.215369e+00 1.534615e+00
      vertex   3.906000e+01 -9.214327e+00 1.517493e+00
      vertex   3.906000e+01 -9.900000e+00 1.420000e+00
    endloop
  endfacet
  facet normal -1.000000e+00 0.000000e+00 0.000000e+00
    outer loop
      vertex   3.906000e+01 -9.900000e+00 1.420000e+00
      vertex   3.906000e+01 -9.214327e+00 1.517493e+00
      vertex   3.906000e+01 -9.216226e+00 1.500445e+00
    endloop
  endfacet
  facet normal -1.000000e+00 0.000000e+00 0.000000e+00
    outer loop
      vertex   3.906000e+01 -9.900000e+00 1.420000e+00
      vertex   3.906000e+01 -9.216226e+00 1.500445e+00
      vertex   3.906000e+01 -9.314296e+00 1.420000e+00
    endloop
  endfacet
  facet normal -1.000000e+00 0.000000e+00 0.000000e+00
    outer loop
      vertex   3.906000e+01 -9.314296e+00 1.420000e+00
      vertex   3.906000e+01 -9.216226e+00 1.500445e+00
      vertex   3.906000e+01 -9.221011e+00 1.483972e+00
    endloop
  endfacet
  facet normal -1.000000e+00 0.000000e+00 0.000000e+00
    outer loop
      vertex   3.906000e+01 -9.314296e+00 1.420000e+00
      vertex   3.906000e+01 -9.221011e+00 1.483972e+00
      vertex   3.906000e+01 -9.228541e+00 1.468560e+00
    endloop
  endfacet
  facet normal -1.000000e+00 0.000000e+00 0.000000e+00
    outer loop
      vertex   3.906000e+01 -9.228541e+00 1.468560e+00
      vertex   3.906000e+01 -9.238594e+00 1.454660e+00
      vertex   3.906000e+01 -9.314296e+00 1.420000e+00
    endloop
  endfacet
  facet normal -1.000000e+00 0.000000e+00 0.000000e+00
    outer loop
      vertex   3.906000e+01 -9.314296e+00 1.420000e+00
      vertex   3.906000e+01 -9.238594e+00 1.454660e+00
      vertex   3.906000e+01 -9.250874e+00 1.442684e+00
    endloop
  endfacet
  facet normal -1.000000e+00 0.000000e+00 0.000000e+00
    outer loop
      vertex   3.906000e+01 -9.314296e+00 1.420000e+00
      vertex   3.906000e+01 -9.250874e+00 1.442684e+00
      vertex   3.906000e+01 -9.265021e+00 1.432983e+00
    endloop
  endfacet
  facet normal -1.000000e+00 0.000000e+00 0.000000e+00
    outer loop
      vertex   3.906000e+01 -9.265021e+00 1.432983e+00
      vertex   3.906000e+01 -9.280618e+00 1.425842e+00
      vertex   3.906000e+01 -9.314296e+00 1.420000e+00
    endloop
  endfacet
  facet normal -1.000000e+00 0.000000e+00 0.000000e+00
    outer loop
      vertex   3.906000e+01 -9.314296e+00 1.420000e+00
      vertex   3.906000e+01 -9.280618e+00 1.425842e+00
      vertex   3.906000e+01 -9.297205e+00 1.421471e+00
    endloop
  endfacet
  facet normal -1.000000e+00 0.000000e+00 -0.000000e+00
    outer loop
      vertex   3.906000e+01 -1.000000e+01 3.919588e+00
      vertex   3.906000e+01 -9.950000e+00 1.406603e+00
      vertex   3.906000e+01 -2.321849e+01 1.830697e+00
    endloop
  endfacet
  facet normal -1.000000e+00 0.000000e+00 0.000000e+00
    outer loop
      vertex   3.906000e+01 -2.321849e+01 1.830697e+00
      vertex   3.906000e+01 -9.950000e+00 1.406603e+00
      vertex   3.906000e+01 -9.964279e+00 1.396604e+00
    endloop
  endfacet
  facet normal -1.000000e+00 0.000000e+00 0.000000e+00
    outer loop
      vertex   3.906000e+01 -2.321849e+01 1.830697e+00
      vertex   3.906000e+01 -9.964279e+00 1.396604e+00
      vertex   3.906000e+01 -2.319349e+01 1.795000e+00
    endloop
  endfacet
  facet normal -1.000000e+00 0.000000e+00 0.000000e+00
    outer loop
      vertex   3.906000e+01 -2.319349e+01 1.795000e+00
      vertex   3.906000e+01 -9.964279e+00 1.396604e+00
      vertex   3.906000e+01 -9.976604e+00 1.384279e+00
    endloop
  endfacet
  facet normal -1.000000e+00 0.000000e+00 0.000000e+00
    outer loop
      vertex   3.906000e+01 -2.319349e+01 1.795000e+00
      vertex   3.906000e+01 -9.976604e+00 1.384279e+00
      vertex   3.906000e+01 -2.317508e+01 1.755505e+00
    endloop
  endfacet
  facet normal -1.000000e+00 0.000000e+00 0.000000e+00
    outer loop
      vertex   3.906000e+01 -2.317508e+01 1.755505e+00
      vertex   3.906000e+01 -9.976604e+00 1.384279e+00
      vertex   3.906000e+01 -9.986603e+00 1.370000e+00
    endloop
  endfacet
  facet normal -1.000000e+00 0.000000e+00 0.000000e+00
    outer loop
      vertex   3.906000e+01 -2.317508e+01 1.755505e+00
      vertex   3.906000e+01 -9.986603e+00 1.370000e+00
      vertex   3.906000e+01 -2.316380e+01 1.713412e+00
    endloop
  endfacet
  facet normal -1.000000e+00 0.000000e+00 0.000000e+00
    outer loop
      vertex   3.906000e+01 -2.316380e+01 1.713412e+00
      vertex   3.906000e+01 -9.986603e+00 1.370000e+00
      vertex   3.906000e+01 -9.993969e+00 1.354202e+00
    endloop
  endfacet
  facet normal -1.000000e+00 0.000000e+00 0.000000e+00
    outer loop
      vertex   3.906000e+01 -2.316380e+01 1.713412e+00
      vertex   3.906000e+01 -9.993969e+00 1.354202e+00
      vertex   3.906000e+01 -2.316000e+01 1.670000e+00
    endloop
  endfacet
  facet normal -1.000000e+00 0.000000e+00 0.000000e+00
    outer loop
      vertex   3.906000e+01 -2.316000e+01 1.670000e+00
      vertex   3.906000e+01 -9.993969e+00 1.354202e+00
      vertex   3.906000e+01 -9.998481e+00 1.337365e+00
    endloop
  endfacet
  facet normal -1.000000e+00 0.000000e+00 0.000000e+00
    outer loop
      vertex   3.906000e+01 -2.316000e+01 1.670000e+00
      vertex   3.906000e+01 -9.998481e+00 1.337365e+00
      vertex   3.906000e+01 -1.000000e+01 1.320000e+00
    endloop
  endfacet
  facet normal -1.000000e+00 0.000000e+00 0.000000e+00
    outer loop
      vertex   3.906000e+01 -1.000000e+01 2.220446e-15
      vertex   3.906000e+01 -2.316000e+01 2.220446e-15
      vertex   3.906000e+01 -1.000000e+01 1.320000e+00
    endloop
  endfacet
  facet normal -1.000000e+00 -0.000000e+00 0.000000e+00
    outer loop
      vertex   3.906000e+01 -1.000000e+01 1.320000e+00
      vertex   3.906000e+01 -2.316000e+01 2.220446e-15
      vertex   3.906000e+01 -2.316000e+01 1.670000e+00
    endloop
  endfacet
  facet normal -1.000000e+00 0.000000e+00 0.000000e+00
    outer loop
      vertex   3.906000e+01 -2.321849e+01 1.830697e+00
      vertex   3.906000e+01 -2.324930e+01 1.861511e+00
      vertex   3.906000e+01 -1.000000e+01 3.919588e+00
    endloop
  endfacet
  facet normal -1.000000e+00 -0.000000e+00 0.000000e+00
    outer loop
      vertex   3.906000e+01 -1.000000e+01 3.919588e+00
      vertex   3.906000e+01 -2.324930e+01 1.861511e+00
      vertex   3.906000e+01 -2.316000e+01 3.919588e+00
    endloop
  endfacet
  facet normal -1.000000e+00 0.000000e+00 0.000000e+00
    outer loop
      vertex   3.906000e+01 -1.000000e+01 3.919588e+00
      vertex   3.906000e+01 -2.316000e+01 3.919588e+00
      vertex   3.906000e+01 -2.316000e+01 5.350000e+00
    endloop
  endfacet
  facet normal -1.000000e+00 0.000000e+00 0.000000e+00
    outer loop
      vertex   3.906000e+01 -2.324930e+01 1.861511e+00
      vertex   3.906000e+01 -2.328500e+01 1.886506e+00
      vertex   3.906000e+01 -2.316000e+01 3.919588e+00
    endloop
  endfacet
  facet normal -1.000000e+00 0.000000e+00 0.000000e+00
    outer loop
      vertex   3.906000e+01 -2.316000e+01 3.919588e+00
      vertex   3.906000e+01 -2.328500e+01 1.886506e+00
      vertex   3.906000e+01 -2.332449e+01 1.904923e+00
    endloop
  endfacet
  facet normal -1.000000e+00 0.000000e+00 0.000000e+00
    outer loop
      vertex   3.906000e+01 -2.316000e+01 3.919588e+00
      vertex   3.906000e+01 -2.332449e+01 1.904923e+00
      vertex   3.906000e+01 -2.336659e+01 1.916202e+00
    endloop
  endfacet
  facet normal -1.000000e+00 0.000000e+00 0.000000e+00
    outer loop
      vertex   3.906000e+01 -2.316000e+01 3.919588e+00
      vertex   3.906000e+01 -2.336659e+01 1.916202e+00
      vertex   3.906000e+01 -2.379277e+01 2.000000e+00
    endloop
  endfacet
  facet normal -1.000000e+00 0.000000e+00 0.000000e+00
    outer loop
      vertex   3.906000e+01 -2.379277e+01 2.000000e+00
      vertex   3.906000e+01 -2.336659e+01 1.916202e+00
      vertex   3.906000e+01 -2.341000e+01 1.920000e+00
    endloop
  endfacet
  facet normal -1.000000e+00 0.000000e+00 0.000000e+00
    outer loop
      vertex   3.906000e+01 -2.379277e+01 2.000000e+00
      vertex   3.906000e+01 -2.341000e+01 1.920000e+00
      vertex   3.906000e+01 -2.379277e+01 1.920000e+00
    endloop
  endfacet
  facet normal -1.000000e+00 0.000000e+00 0.000000e+00
    outer loop
      vertex   3.906000e+01 -2.316000e+01 5.350000e+00
      vertex   3.906000e+01 -1.000000e+01 5.350000e+00
      vertex   3.906000e+01 -1.000000e+01 3.919588e+00
    endloop
  endfacet
  facet normal -1.612682e-10 1.000000e+00 -3.430777e-25
    outer loop
      vertex   2.982000e+01 -2.316000e+01 -4.494190e-08
      vertex   2.982000e+01 -2.316000e+01 1.670000e+00
      vertex   3.906000e+01 -2.316000e+01 2.220446e-15
    endloop
  endfacet
  facet normal -1.612682e-10 1.000000e+00 0.000000e+00
    outer loop
      vertex   3.906000e+01 -2.316000e+01 2.220446e-15
      vertex   2.982000e+01 -2.316000e+01 1.670000e+00
      vertex   3.906000e+01 -2.316000e+01 1.670000e+00
    endloop
  endfacet
  facet normal 1.054638e-15 0.000000e+00 1.000000e+00
    outer loop
      vertex   1.347463e+01 2.220446e-15 4.408000e+01
      vertex   -8.881784e-15 0.000000e+00 4.408000e+01
      vertex   1.347463e+01 -5.000000e+00 4.408000e+01
    endloop
  endfacet
  facet normal 1.054638e-15 7.493654e-31 1.000000e+00
    outer loop
      vertex   1.347463e+01 -5.000000e+00 4.408000e+01
      vertex   -8.881784e-15 0.000000e+00 4.408000e+01
      vertex   -4.440892e-15 -5.000000e+00 4.408000e+01
    endloop
  endfacet
  facet normal -0.000000e+00 0.000000e+00 1.000000e+00
    outer loop
      vertex   3.692563e+01 -5.000000e+00 4.408000e+01
      vertex   5.040000e+01 -5.000000e+00 4.408000e+01
      vertex   3.692563e+01 2.220446e-15 4.408000e+01
    endloop
  endfacet
  facet normal -5.273290e-16 -1.421085e-15 1.000000e+00
    outer loop
      vertex   3.692563e+01 2.220446e-15 4.408000e+01
      vertex   5.040000e+01 -5.000000e+00 4.408000e+01
      vertex   5.040000e+01 4.440892e-15 4.408000e+01
    endloop
  endfacet
  facet normal 9.093736e-01 3.859694e-16 4.159803e-01
    outer loop
      vertex   1.809500e+01 -6.765108e+00 4.099106e+01
      vertex   1.809500e+01 2.220446e-15 4.099106e+01
      vertex   1.794182e+01 -6.573759e+00 4.132592e+01
    endloop
  endfacet
  facet normal 9.093736e-01 -9.425644e-17 4.159803e-01
    outer loop
      vertex   1.794182e+01 -6.573759e+00 4.132592e+01
      vertex   1.809500e+01 2.220446e-15 4.099106e+01
      vertex   1.794182e+01 2.220446e-15 4.132592e+01
    endloop
  endfacet
  facet normal 8.762929e-01 1.133840e-15 4.817788e-01
    outer loop
      vertex   1.794182e+01 -6.573759e+00 4.132592e+01
      vertex   1.794182e+01 2.220446e-15 4.132592e+01
      vertex   1.776442e+01 -6.389372e+00 4.164860e+01
    endloop
  endfacet
  facet normal 8.762929e-01 -9.280032e-16 4.817788e-01
    outer loop
      vertex   1.776442e+01 -6.389372e+00 4.164860e+01
      vertex   1.794182e+01 2.220446e-15 4.132592e+01
      vertex   1.776442e+01 2.220446e-15 4.164860e+01
    endloop
  endfacet
  facet normal 8.384593e-01 1.394445e-16 5.449643e-01
    outer loop
      vertex   1.776442e+01 -6.389372e+00 4.164860e+01
      vertex   1.776442e+01 2.220446e-15 4.164860e+01
      vertex   1.756374e+01 -6.212945e+00 4.195735e+01
    endloop
  endfacet
  facet normal 8.384593e-01 -3.360473e-16 5.449643e-01
    outer loop
      vertex   1.756374e+01 -6.212945e+00 4.195735e+01
      vertex   1.776442e+01 2.220446e-15 4.164860e+01
      vertex   1.756374e+01 2.220446e-15 4.195735e+01
    endloop
  endfacet
  facet normal 8.070876e-01 5.050269e-16 5.904318e-01
    outer loop
      vertex   1.756374e+01 -6.212945e+00 4.195735e+01
      vertex   1.756374e+01 2.220446e-15 4.195735e+01
      vertex   1.745502e+01 -6.128017e+00 4.210597e+01
    endloop
  endfacet
  facet normal 7.960780e-01 5.533617e-04 6.051938e-01
    outer loop
      vertex   1.745502e+01 -6.128017e+00 4.210597e+01
      vertex   1.756374e+01 2.220446e-15 4.195735e+01
      vertex   1.734089e+01 2.220446e-15 4.225049e+01
    endloop
  endfacet
  facet normal 7.847986e-01 -3.620491e-16 6.197508e-01
    outer loop
      vertex   1.745502e+01 -6.128017e+00 4.210597e+01
      vertex   1.734089e+01 2.220446e-15 4.225049e+01
      vertex   1.734089e+01 -6.045436e+00 4.225049e+01
    endloop
  endfacet
  facet normal 7.614452e-01 1.448302e-16 6.482293e-01
    outer loop
      vertex   1.734089e+01 -6.045436e+00 4.225049e+01
      vertex   1.734089e+01 2.220446e-15 4.225049e+01
      vertex   1.722152e+01 -5.965311e+00 4.239071e+01
    endloop
  endfacet
  facet normal 7.493790e-01 5.684549e-04 6.621410e-01
    outer loop
      vertex   1.722152e+01 -5.965311e+00 4.239071e+01
      vertex   1.734089e+01 2.220446e-15 4.225049e+01
      vertex   1.709707e+01 2.220446e-15 4.252643e+01
    endloop
  endfacet
  facet normal 7.370590e-01 6.683997e-16 6.758285e-01
    outer loop
      vertex   1.722152e+01 -5.965311e+00 4.239071e+01
      vertex   1.709707e+01 2.220446e-15 4.252643e+01
      vertex   1.709707e+01 -5.887753e+00 4.252643e+01
    endloop
  endfacet
  facet normal 7.116729e-01 1.188775e-15 7.025109e-01
    outer loop
      vertex   1.709707e+01 -5.887753e+00 4.252643e+01
      vertex   1.709707e+01 2.220446e-15 4.252643e+01
      vertex   1.696771e+01 -5.812866e+00 4.265749e+01
    endloop
  endfacet
  facet normal 6.986156e-01 5.833629e-04 7.154969e-01
    outer loop
      vertex   1.696771e+01 -5.812866e+00 4.265749e+01
      vertex   1.709707e+01 2.220446e-15 4.252643e+01
      vertex   1.683360e+01 2.220446e-15 4.278369e+01
    endloop
  endfacet
  facet normal 6.853216e-01 4.262404e-16 7.282405e-01
    outer loop
      vertex   1.696771e+01 -5.812866e+00 4.265749e+01
      vertex   1.683360e+01 2.220446e-15 4.278369e+01
      vertex   1.683360e+01 -5.740751e+00 4.278369e+01
    endloop
  endfacet
  facet normal 6.580407e-01 9.400870e-16 7.529823e-01
    outer loop
      vertex   1.683360e+01 -5.740751e+00 4.278369e+01
      vertex   1.683360e+01 2.220446e-15 4.278369e+01
      vertex   1.669494e+01 -5.671508e+00 4.290486e+01
    endloop
  endfacet
  facet normal 6.440631e-01 5.979027e-04 7.649721e-01
    outer loop
      vertex   1.669494e+01 -5.671508e+00 4.290486e+01
      vertex   1.683360e+01 2.220446e-15 4.278369e+01
      vertex   1.655192e+01 2.220446e-15 4.302085e+01
    endloop
  endfacet
  facet normal 6.298673e-01 3.192075e-16 7.767028e-01
    outer loop
      vertex   1.669494e+01 -5.671508e+00 4.290486e+01
      vertex   1.655192e+01 2.220446e-15 4.302085e+01
      vertex   1.655192e+01 -5.605229e+00 4.302085e+01
    endloop
  endfacet
  facet normal 6.008394e-01 7.483431e-16 7.993697e-01
    outer loop
      vertex   1.655192e+01 -5.605229e+00 4.302085e+01
      vertex   1.655192e+01 2.220446e-15 4.302085e+01
      vertex   1.640471e+01 -5.542004e+00 4.313149e+01
    endloop
  endfacet
  facet normal 5.860173e-01 6.118743e-04 8.102983e-01
    outer loop
      vertex   1.640471e+01 -5.542004e+00 4.313149e+01
      vertex   1.655192e+01 2.220446e-15 4.302085e+01
      vertex   1.625354e+01 2.220446e-15 4.323664e+01
    endloop
  endfacet
  facet normal 5.709966e-01 -9.243795e-16 8.209524e-01
    outer loop
      vertex   1.640471e+01 -5.542004e+00 4.313149e+01
      vertex   1.625354e+01 2.220446e-15 4.323664e+01
      vertex   1.625354e+01 -5.481920e+00 4.323664e+01
    endloop
  endfacet
  facet normal 5.403793e-01 -5.404575e-16 8.414215e-01
    outer loop
      vertex   1.625354e+01 -5.481920e+00 4.323664e+01
      vertex   1.625354e+01 2.220446e-15 4.323664e+01
      vertex   1.609859e+01 -5.425058e+00 4.333615e+01
    endloop
  endfacet
  facet normal 5.247931e-01 6.250643e-04 8.512296e-01
    outer loop
      vertex   1.609859e+01 -5.425058e+00 4.333615e+01
      vertex   1.625354e+01 2.220446e-15 4.323664e+01
      vertex   1.594009e+01 2.220446e-15 4.342988e+01
    endloop
  endfacet
  facet normal 5.090291e-01 -7.928139e-16 8.607493e-01
    outer loop
      vertex   1.609859e+01 -5.425058e+00 4.333615e+01
      vertex   1.594009e+01 2.220446e-15 4.342988e+01
      vertex   1.594009e+01 -5.371494e+00 4.342988e+01
    endloop
  endfacet
  facet normal 4.769883e-01 -4.556371e-16 8.789096e-01
    outer loop
      vertex   1.594009e+01 -5.371494e+00 4.342988e+01
      vertex   1.594009e+01 2.220446e-15 4.342988e+01
      vertex   1.577824e+01 -5.321302e+00 4.351772e+01
    endloop
  endfacet
  facet normal 4.607225e-01 6.372519e-04 8.875440e-01
    outer loop
      vertex   1.577824e+01 -5.321302e+00 4.351772e+01
      vertex   1.594009e+01 2.220446e-15 4.342988e+01
      vertex   1.561327e+01 2.220446e-15 4.359954e+01
    endloop
  endfacet
  facet normal 4.443006e-01 -1.027549e-15 8.958778e-01
    outer loop
      vertex   1.577824e+01 -5.321302e+00 4.351772e+01
      vertex   1.561327e+01 2.220446e-15 4.359954e+01
      vertex   1.561327e+01 -5.274550e+00 4.359954e+01
    endloop
  endfacet
  facet normal 4.110103e-01 -7.275063e-16 9.116307e-01
    outer loop
      vertex   1.561327e+01 -5.274550e+00 4.359954e+01
      vertex   1.561327e+01 2.220446e-15 4.359954e+01
      vertex   1.544539e+01 -5.231301e+00 4.367522e+01
    endloop
  endfacet
  facet normal 3.941531e-01 6.482155e-04 9.190446e-01
    outer loop
      vertex   1.544539e+01 -5.231301e+00 4.367522e+01
      vertex   1.561327e+01 2.220446e-15 4.359954e+01
      vertex   1.527485e+01 2.220446e-15 4.374468e+01
    endloop
  endfacet
  facet normal 3.771624e-01 8.232890e-17 9.261471e-01
    outer loop
      vertex   1.544539e+01 -5.231301e+00 4.367522e+01
      vertex   1.527485e+01 2.220446e-15 4.374468e+01
      vertex   1.527485e+01 -5.191613e+00 4.374468e+01
    endloop
  endfacet
  facet normal 3.428029e-01 3.428442e-16 9.394073e-01
    outer loop
      vertex   1.527485e+01 -5.191613e+00 4.374468e+01
      vertex   1.527485e+01 2.220446e-15 4.374468e+01
      vertex   1.510186e+01 -5.155541e+00 4.380780e+01
    endloop
  endfacet
  facet normal 3.254458e-01 6.577409e-04 9.455605e-01
    outer loop
      vertex   1.510186e+01 -5.155541e+00 4.380780e+01
      vertex   1.527485e+01 2.220446e-15 4.374468e+01
      vertex   1.492666e+01 2.220446e-15 4.386452e+01
    endloop
  endfacet
  facet normal 3.079785e-01 -2.816627e-16 9.513933e-01
    outer loop
      vertex   1.510186e+01 -5.155541e+00 4.380780e+01
      vertex   1.492666e+01 2.220446e-15 4.386452e+01
      vertex   1.492666e+01 -5.123133e+00 4.386452e+01
    endloop
  endfacet
  facet normal 2.727364e-01 -8.414852e-17 9.620888e-01
    outer loop
      vertex   1.492666e+01 -5.123133e+00 4.386452e+01
      vertex   1.492666e+01 2.220446e-15 4.386452e+01
      vertex   1.474949e+01 -5.094434e+00 4.391474e+01
    endloop
  endfacet
  facet normal 2.549735e-01 6.656303e-04 9.669478e-01
    outer loop
      vertex   1.474949e+01 -5.094434e+00 4.391474e+01
      vertex   1.492666e+01 2.220446e-15 4.386452e+01
      vertex   1.457060e+01 2.220446e-15 4.395841e+01
    endloop
  endfacet
  facet normal 2.371242e-01 1.809423e-15 9.714793e-01
    outer loop
      vertex   1.474949e+01 -5.094434e+00 4.391474e+01
      vertex   1.457060e+01 2.220446e-15 4.395841e+01
      vertex   1.457060e+01 -5.069482e+00 4.395841e+01
    endloop
  endfacet
  facet normal 2.011905e-01 1.970423e-15 9.795521e-01
    outer loop
      vertex   1.457060e+01 -5.069482e+00 4.395841e+01
      vertex   1.457060e+01 2.220446e-15 4.395841e+01
      vertex   1.439022e+01 -5.048312e+00 4.399545e+01
    endloop
  endfacet
  facet normal 1.831182e-01 6.717117e-04 9.830907e-01
    outer loop
      vertex   1.439022e+01 -5.048312e+00 4.399545e+01
      vertex   1.457060e+01 2.220446e-15 4.395841e+01
      vertex   1.420859e+01 2.220446e-15 4.402584e+01
    endloop
  endfacet
  facet normal 1.649839e-01 9.273462e-16 9.862963e-01
    outer loop
      vertex   1.439022e+01 -5.048312e+00 4.399545e+01
      vertex   1.420859e+01 2.220446e-15 4.402584e+01
      vertex   1.420859e+01 -5.030951e+00 4.402584e+01
    endloop
  endfacet
  facet normal 1.285534e-01 1.037501e-15 9.917026e-01
    outer loop
      vertex   1.420859e+01 -5.030951e+00 4.402584e+01
      vertex   1.420859e+01 2.220446e-15 4.402584e+01
      vertex   1.402598e+01 -5.017424e+00 4.404951e+01
    endloop
  endfacet
  facet normal 1.102697e-01 6.758468e-04 9.939015e-01
    outer loop
      vertex   1.402598e+01 -5.017424e+00 4.404951e+01
      vertex   1.420859e+01 2.220446e-15 4.402584e+01
      vertex   1.384261e+01 2.220446e-15 4.406644e+01
    endloop
  endfacet
  facet normal 9.194863e-02 -1.303010e-16 9.957638e-01
    outer loop
      vertex   1.402598e+01 -5.017424e+00 4.404951e+01
      vertex   1.384261e+01 2.220446e-15 4.406644e+01
      vertex   1.384261e+01 -5.007748e+00 4.406644e+01
    endloop
  endfacet
  facet normal 5.521911e-02 -7.834966e-17 9.984743e-01
    outer loop
      vertex   1.384261e+01 -5.007748e+00 4.406644e+01
      vertex   1.384261e+01 2.220446e-15 4.406644e+01
      vertex   1.365874e+01 -5.001938e+00 4.407661e+01
    endloop
  endfacet
  facet normal 3.682314e-02 6.779392e-04 9.993216e-01
    outer loop
      vertex   1.365874e+01 -5.001938e+00 4.407661e+01
      vertex   1.384261e+01 2.220446e-15 4.406644e+01
      vertex   1.347463e+01 2.220446e-15 4.408000e+01
    endloop
  endfacet
  facet normal 1.841470e-02 -2.788333e-20 9.998304e-01
    outer loop
      vertex   1.365874e+01 -5.001938e+00 4.407661e+01
      vertex   1.347463e+01 2.220446e-15 4.408000e+01
      vertex   1.347463e+01 -5.000000e+00 4.408000e+01
    endloop
  endfacet
endsolid
