solid ASCII
  facet normal -1.230956e-16 9.993667e-01 -3.558237e-02
    outer loop
      vertex   1.165000e+02 3.330669e-15 1.115107e+01
      vertex   1.250000e+02 4.440892e-15 1.115107e+01
      vertex   1.165000e+02 -1.266105e-02 1.079547e+01
    endloop
  endfacet
  facet normal 1.540515e-04 9.992290e-01 -3.925982e-02
    outer loop
      vertex   1.165000e+02 -1.266105e-02 1.079547e+01
      vertex   1.250000e+02 4.440892e-15 1.115107e+01
      vertex   1.250000e+02 -1.541333e-02 1.075877e+01
    endloop
  endfacet
  facet normal -5.048002e-17 9.971993e-01 -7.478989e-02
    outer loop
      vertex   1.165000e+02 -1.266105e-02 1.079547e+01
      vertex   1.250000e+02 -1.541333e-02 1.075877e+01
      vertex   1.166667e+02 -1.541333e-02 1.075877e+01
    endloop
  endfacet
  facet normal -4.271156e-17 9.939066e-01 -1.102252e-01
    outer loop
      vertex   1.166667e+02 -1.541333e-02 1.075877e+01
      vertex   1.250000e+02 -1.541333e-02 1.075877e+01
      vertex   1.165000e+02 -5.058008e-02 1.044167e+01
    endloop
  endfacet
  facet normal -7.044360e-03 9.942809e-01 -1.065643e-01
    outer loop
      vertex   1.166667e+02 -1.541333e-02 1.075877e+01
      vertex   1.165000e+02 -5.058008e-02 1.044167e+01
      vertex   1.165000e+02 -1.266105e-02 1.079547e+01
    endloop
  endfacet
  facet normal 2.762544e-04 9.930684e-01 -1.175374e-01
    outer loop
      vertex   1.250000e+02 -1.541333e-02 1.075877e+01
      vertex   1.250000e+02 -6.155830e-02 1.036890e+01
      vertex   1.165000e+02 -5.058008e-02 1.044167e+01
    endloop
  endfacet
  facet normal 4.824731e-17 9.888129e-01 -1.491609e-01
    outer loop
      vertex   1.165000e+02 -5.058008e-02 1.044167e+01
      vertex   1.250000e+02 -6.155830e-02 1.036890e+01
      vertex   1.166667e+02 -6.155830e-02 1.036890e+01
    endloop
  endfacet
  facet normal -1.246364e-02 9.841323e-01 -1.769980e-01
    outer loop
      vertex   1.165000e+02 -5.058008e-02 1.044167e+01
      vertex   1.166667e+02 -6.155830e-02 1.036890e+01
      vertex   1.165000e+02 -1.135651e-01 1.009147e+01
    endloop
  endfacet
  facet normal 5.542801e-17 9.828793e-01 -1.842507e-01
    outer loop
      vertex   1.165000e+02 -1.135651e-01 1.009147e+01
      vertex   1.166667e+02 -6.155830e-02 1.036890e+01
      vertex   1.250000e+02 -6.155830e-02 1.036890e+01
    endloop
  endfacet
  facet normal 3.666021e-04 9.807852e-01 -1.950903e-01
    outer loop
      vertex   1.165000e+02 -1.135651e-01 1.009147e+01
      vertex   1.250000e+02 -6.155830e-02 1.036890e+01
      vertex   1.250000e+02 -1.381504e-01 9.983841e+00
    endloop
  endfacet
  facet normal 4.250898e-04 9.624551e-01 -2.714404e-01
    outer loop
      vertex   1.250000e+02 -2.447174e-01 9.605983e+00
      vertex   1.165000e+02 -2.012970e-01 9.746629e+00
      vertex   1.250000e+02 -1.381504e-01 9.983841e+00
    endloop
  endfacet
  facet normal 8.380210e-17 9.663465e-01 -2.572441e-01
    outer loop
      vertex   1.250000e+02 -1.381504e-01 9.983841e+00
      vertex   1.165000e+02 -2.012970e-01 9.746629e+00
      vertex   1.166667e+02 -1.381504e-01 9.983841e+00
    endloop
  endfacet
  facet normal 7.669383e-17 9.748879e-01 -2.226963e-01
    outer loop
      vertex   1.250000e+02 -1.381504e-01 9.983841e+00
      vertex   1.166667e+02 -1.381504e-01 9.983841e+00
      vertex   1.165000e+02 -1.135651e-01 1.009147e+01
    endloop
  endfacet
  facet normal -1.625779e-02 9.689994e-01 -2.465275e-01
    outer loop
      vertex   1.165000e+02 -1.135651e-01 1.009147e+01
      vertex   1.166667e+02 -1.381504e-01 9.983841e+00
      vertex   1.165000e+02 -2.012970e-01 9.746629e+00
    endloop
  endfacet
  facet normal 4.517142e-04 9.381912e-01 -3.461170e-01
    outer loop
      vertex   1.250000e+02 -3.806023e-01 9.237651e+00
      vertex   1.165000e+02 -3.133316e-01 9.408903e+00
      vertex   1.250000e+02 -2.447174e-01 9.605983e+00
    endloop
  endfacet
  facet normal 1.015421e-16 9.444008e-01 -3.287966e-01
    outer loop
      vertex   1.250000e+02 -2.447174e-01 9.605983e+00
      vertex   1.165000e+02 -3.133316e-01 9.408903e+00
      vertex   1.166667e+02 -2.447174e-01 9.605983e+00
    endloop
  endfacet
  facet normal 9.470431e-17 9.555021e-01 -2.949844e-01
    outer loop
      vertex   1.250000e+02 -2.447174e-01 9.605983e+00
      vertex   1.166667e+02 -2.447174e-01 9.605983e+00
      vertex   1.165000e+02 -2.012970e-01 9.746629e+00
    endloop
  endfacet
  facet normal -1.842719e-02 9.489770e-01 -3.148063e-01
    outer loop
      vertex   1.165000e+02 -2.012970e-01 9.746629e+00
      vertex   1.166667e+02 -2.447174e-01 9.605983e+00
      vertex   1.165000e+02 -3.133316e-01 9.408903e+00
    endloop
  endfacet
  facet normal 4.464739e-04 9.081431e-01 -4.186597e-01
    outer loop
      vertex   1.250000e+02 -5.449674e-01 8.881115e+00
      vertex   1.165000e+02 -4.491014e-01 9.080000e+00
      vertex   1.250000e+02 -3.806023e-01 9.237651e+00
    endloop
  endfacet
  facet normal 8.494696e-17 9.171651e-01 -3.985074e-01
    outer loop
      vertex   1.250000e+02 -3.806023e-01 9.237651e+00
      vertex   1.165000e+02 -4.491014e-01 9.080000e+00
      vertex   1.166667e+02 -3.806023e-01 9.237651e+00
    endloop
  endfacet
  facet normal 7.793661e-17 9.307642e-01 -3.656201e-01
    outer loop
      vertex   1.250000e+02 -3.806023e-01 9.237651e+00
      vertex   1.166667e+02 -3.806023e-01 9.237651e+00
      vertex   1.165000e+02 -3.133316e-01 9.408903e+00
    endloop
  endfacet
  facet normal -1.897220e-02 9.241757e-01 -3.814962e-01
    outer loop
      vertex   1.165000e+02 -3.133316e-01 9.408903e+00
      vertex   1.166667e+02 -3.806023e-01 9.237651e+00
      vertex   1.165000e+02 -4.491014e-01 9.080000e+00
    endloop
  endfacet
  facet normal 1.041559e-16 8.724960e-01 -4.886212e-01
    outer loop
      vertex   1.250000e+02 -7.367992e-01 8.538575e+00
      vertex   1.166667e+02 -7.367992e-01 8.538575e+00
      vertex   1.250000e+02 -5.449674e-01 8.881115e+00
    endloop
  endfacet
  facet normal 9.253190e-17 8.724960e-01 -4.886212e-01
    outer loop
      vertex   1.250000e+02 -5.449674e-01 8.881115e+00
      vertex   1.166667e+02 -7.367992e-01 8.538575e+00
      vertex   1.166667e+02 -5.449674e-01 8.881115e+00
    endloop
  endfacet
  facet normal 8.055574e-17 9.008127e-01 -4.342079e-01
    outer loop
      vertex   1.250000e+02 -5.449674e-01 8.881115e+00
      vertex   1.166667e+02 -5.449674e-01 8.881115e+00
      vertex   1.165000e+02 -4.491014e-01 9.080000e+00
    endloop
  endfacet
  facet normal 9.162694e-17 9.008127e-01 -4.342079e-01
    outer loop
      vertex   1.165000e+02 -4.491014e-01 9.080000e+00
      vertex   1.166667e+02 -5.449674e-01 8.881115e+00
      vertex   1.083333e+02 -5.449674e-01 8.881115e+00
    endloop
  endfacet
  facet normal 3.390708e-17 9.008127e-01 -4.342079e-01
    outer loop
      vertex   1.165000e+02 -4.491014e-01 9.080000e+00
      vertex   1.083333e+02 -5.449674e-01 8.881115e+00
      vertex   1.085000e+02 -4.491014e-01 9.080000e+00
    endloop
  endfacet
  facet normal 1.655061e-16 9.008127e-01 -4.342079e-01
    outer loop
      vertex   1.085000e+02 -4.491014e-01 9.080000e+00
      vertex   1.083333e+02 -5.449674e-01 8.881115e+00
      vertex   1.000000e+02 -5.449674e-01 8.881115e+00
    endloop
  endfacet
  facet normal -4.464739e-04 9.081431e-01 -4.186597e-01
    outer loop
      vertex   1.085000e+02 -4.491014e-01 9.080000e+00
      vertex   1.000000e+02 -5.449674e-01 8.881115e+00
      vertex   1.000000e+02 -3.806023e-01 9.237651e+00
    endloop
  endfacet
  facet normal 1.184269e-16 8.314696e-01 -5.555702e-01
    outer loop
      vertex   1.166667e+02 -7.367992e-01 8.538575e+00
      vertex   1.250000e+02 -7.367992e-01 8.538575e+00
      vertex   1.166667e+02 -9.549150e-01 8.212142e+00
    endloop
  endfacet
  facet normal 2.922408e-16 8.314696e-01 -5.555702e-01
    outer loop
      vertex   1.166667e+02 -9.549150e-01 8.212142e+00
      vertex   1.250000e+02 -7.367992e-01 8.538575e+00
      vertex   1.250000e+02 -9.549150e-01 8.212142e+00
    endloop
  endfacet
  facet normal 3.162482e-16 7.853169e-01 -6.190939e-01
    outer loop
      vertex   1.166667e+02 -9.549150e-01 8.212142e+00
      vertex   1.250000e+02 -9.549150e-01 8.212142e+00
      vertex   1.166667e+02 -1.197970e+00 7.903828e+00
    endloop
  endfacet
  facet normal 1.319678e-16 7.853169e-01 -6.190939e-01
    outer loop
      vertex   1.166667e+02 -1.197970e+00 7.903828e+00
      vertex   1.250000e+02 -9.549150e-01 8.212142e+00
      vertex   1.250000e+02 -1.197970e+00 7.903828e+00
    endloop
  endfacet
  facet normal 1.446951e-16 7.343225e-01 -6.788007e-01
    outer loop
      vertex   1.166667e+02 -1.197970e+00 7.903828e+00
      vertex   1.250000e+02 -1.197970e+00 7.903828e+00
      vertex   1.250000e+02 -1.464466e+00 7.615534e+00
    endloop
  endfacet
  facet normal 8.796876e-17 7.343225e-01 -6.788007e-01
    outer loop
      vertex   1.250000e+02 -1.464466e+00 7.615534e+00
      vertex   1.000000e+02 -1.464466e+00 7.615534e+00
      vertex   1.166667e+02 -1.197970e+00 7.903828e+00
    endloop
  endfacet
  facet normal 1.310464e-16 7.343225e-01 -6.788007e-01
    outer loop
      vertex   1.166667e+02 -1.197970e+00 7.903828e+00
      vertex   1.000000e+02 -1.464466e+00 7.615534e+00
      vertex   1.083333e+02 -1.197970e+00 7.903828e+00
    endloop
  endfacet
  facet normal 1.287590e-16 7.853169e-01 -6.190939e-01
    outer loop
      vertex   1.166667e+02 -1.197970e+00 7.903828e+00
      vertex   1.083333e+02 -1.197970e+00 7.903828e+00
      vertex   1.166667e+02 -9.549150e-01 8.212142e+00
    endloop
  endfacet
  facet normal 0.000000e+00 7.853169e-01 -6.190939e-01
    outer loop
      vertex   1.166667e+02 -9.549150e-01 8.212142e+00
      vertex   1.083333e+02 -1.197970e+00 7.903828e+00
      vertex   1.083333e+02 -9.549150e-01 8.212142e+00
    endloop
  endfacet
  facet normal 0.000000e+00 8.314696e-01 -5.555702e-01
    outer loop
      vertex   1.166667e+02 -9.549150e-01 8.212142e+00
      vertex   1.083333e+02 -9.549150e-01 8.212142e+00
      vertex   1.166667e+02 -7.367992e-01 8.538575e+00
    endloop
  endfacet
  facet normal 0.000000e+00 8.314696e-01 -5.555702e-01
    outer loop
      vertex   1.166667e+02 -7.367992e-01 8.538575e+00
      vertex   1.083333e+02 -9.549150e-01 8.212142e+00
      vertex   1.083333e+02 -7.367992e-01 8.538575e+00
    endloop
  endfacet
  facet normal 0.000000e+00 8.724960e-01 -4.886212e-01
    outer loop
      vertex   1.166667e+02 -7.367992e-01 8.538575e+00
      vertex   1.083333e+02 -7.367992e-01 8.538575e+00
      vertex   1.166667e+02 -5.449674e-01 8.881115e+00
    endloop
  endfacet
  facet normal 1.041559e-16 8.724960e-01 -4.886212e-01
    outer loop
      vertex   1.166667e+02 -5.449674e-01 8.881115e+00
      vertex   1.083333e+02 -7.367992e-01 8.538575e+00
      vertex   1.083333e+02 -5.449674e-01 8.881115e+00
    endloop
  endfacet
  facet normal 1.794574e-16 7.343225e-01 -6.788007e-01
    outer loop
      vertex   1.000000e+02 -1.464466e+00 7.615534e+00
      vertex   1.000000e+02 -1.197970e+00 7.903828e+00
      vertex   1.083333e+02 -1.197970e+00 7.903828e+00
    endloop
  endfacet
  facet normal 1.561016e-16 7.853169e-01 -6.190939e-01
    outer loop
      vertex   1.083333e+02 -1.197970e+00 7.903828e+00
      vertex   1.000000e+02 -1.197970e+00 7.903828e+00
      vertex   1.083333e+02 -9.549150e-01 8.212142e+00
    endloop
  endfacet
  facet normal 2.531344e-16 7.853169e-01 -6.190939e-01
    outer loop
      vertex   1.000000e+02 -1.197970e+00 7.903828e+00
      vertex   1.000000e+02 -9.549150e-01 8.212142e+00
      vertex   1.083333e+02 -9.549150e-01 8.212142e+00
    endloop
  endfacet
  facet normal 2.257764e-16 8.314696e-01 -5.555702e-01
    outer loop
      vertex   1.083333e+02 -9.549150e-01 8.212142e+00
      vertex   1.000000e+02 -9.549150e-01 8.212142e+00
      vertex   1.083333e+02 -7.367992e-01 8.538575e+00
    endloop
  endfacet
  facet normal 2.940861e-16 8.314696e-01 -5.555702e-01
    outer loop
      vertex   1.000000e+02 -9.549150e-01 8.212142e+00
      vertex   1.000000e+02 -7.367992e-01 8.538575e+00
      vertex   1.083333e+02 -7.367992e-01 8.538575e+00
    endloop
  endfacet
  facet normal 2.664317e-16 8.724960e-01 -4.886212e-01
    outer loop
      vertex   1.083333e+02 -7.367992e-01 8.538575e+00
      vertex   1.000000e+02 -7.367992e-01 8.538575e+00
      vertex   1.083333e+02 -5.449674e-01 8.881115e+00
    endloop
  endfacet
  facet normal 1.751217e-16 8.724960e-01 -4.886212e-01
    outer loop
      vertex   1.000000e+02 -7.367992e-01 8.538575e+00
      vertex   1.000000e+02 -5.449674e-01 8.881115e+00
      vertex   1.083333e+02 -5.449674e-01 8.881115e+00
    endloop
  endfacet
  facet normal -4.517142e-04 9.381912e-01 -3.461170e-01
    outer loop
      vertex   1.000000e+02 -2.447174e-01 9.605983e+00
      vertex   1.085000e+02 -3.133316e-01 9.408903e+00
      vertex   1.000000e+02 -3.806023e-01 9.237651e+00
    endloop
  endfacet
  facet normal 2.116744e-16 9.307642e-01 -3.656201e-01
    outer loop
      vertex   1.000000e+02 -3.806023e-01 9.237651e+00
      vertex   1.085000e+02 -3.133316e-01 9.408903e+00
      vertex   1.083333e+02 -3.806023e-01 9.237651e+00
    endloop
  endfacet
  facet normal 2.248798e-16 9.171651e-01 -3.985074e-01
    outer loop
      vertex   1.000000e+02 -3.806023e-01 9.237651e+00
      vertex   1.083333e+02 -3.806023e-01 9.237651e+00
      vertex   1.085000e+02 -4.491014e-01 9.080000e+00
    endloop
  endfacet
  facet normal 1.897220e-02 9.241757e-01 -3.814962e-01
    outer loop
      vertex   1.085000e+02 -4.491014e-01 9.080000e+00
      vertex   1.083333e+02 -3.806023e-01 9.237651e+00
      vertex   1.085000e+02 -3.133316e-01 9.408903e+00
    endloop
  endfacet
  facet normal -4.250898e-04 9.624551e-01 -2.714404e-01
    outer loop
      vertex   1.000000e+02 -1.381504e-01 9.983841e+00
      vertex   1.085000e+02 -2.012970e-01 9.746629e+00
      vertex   1.000000e+02 -2.447174e-01 9.605983e+00
    endloop
  endfacet
  facet normal 1.575840e-16 9.555021e-01 -2.949844e-01
    outer loop
      vertex   1.000000e+02 -2.447174e-01 9.605983e+00
      vertex   1.085000e+02 -2.012970e-01 9.746629e+00
      vertex   1.083333e+02 -2.447174e-01 9.605983e+00
    endloop
  endfacet
  facet normal 1.716293e-16 9.444008e-01 -3.287966e-01
    outer loop
      vertex   1.000000e+02 -2.447174e-01 9.605983e+00
      vertex   1.083333e+02 -2.447174e-01 9.605983e+00
      vertex   1.085000e+02 -3.133316e-01 9.408903e+00
    endloop
  endfacet
  facet normal 1.842719e-02 9.489770e-01 -3.148063e-01
    outer loop
      vertex   1.085000e+02 -3.133316e-01 9.408903e+00
      vertex   1.083333e+02 -2.447174e-01 9.605983e+00
      vertex   1.085000e+02 -2.012970e-01 9.746629e+00
    endloop
  endfacet
  facet normal -3.666021e-04 9.807852e-01 -1.950903e-01
    outer loop
      vertex   1.000000e+02 -6.155830e-02 1.036890e+01
      vertex   1.085000e+02 -1.135651e-01 1.009147e+01
      vertex   1.000000e+02 -1.381504e-01 9.983841e+00
    endloop
  endfacet
  facet normal 1.468936e-16 9.748879e-01 -2.226963e-01
    outer loop
      vertex   1.000000e+02 -1.381504e-01 9.983841e+00
      vertex   1.085000e+02 -1.135651e-01 1.009147e+01
      vertex   1.083333e+02 -1.381504e-01 9.983841e+00
    endloop
  endfacet
  facet normal 1.611670e-16 9.663465e-01 -2.572441e-01
    outer loop
      vertex   1.000000e+02 -1.381504e-01 9.983841e+00
      vertex   1.083333e+02 -1.381504e-01 9.983841e+00
      vertex   1.085000e+02 -2.012970e-01 9.746629e+00
    endloop
  endfacet
  facet normal 1.625779e-02 9.689994e-01 -2.465275e-01
    outer loop
      vertex   1.085000e+02 -2.012970e-01 9.746629e+00
      vertex   1.083333e+02 -1.381504e-01 9.983841e+00
      vertex   1.085000e+02 -1.135651e-01 1.009147e+01
    endloop
  endfacet
  facet normal -2.762544e-04 9.930684e-01 -1.175374e-01
    outer loop
      vertex   1.000000e+02 -1.541333e-02 1.075877e+01
      vertex   1.085000e+02 -5.058008e-02 1.044167e+01
      vertex   1.000000e+02 -6.155830e-02 1.036890e+01
    endloop
  endfacet
  facet normal 5.535758e-17 9.888129e-01 -1.491609e-01
    outer loop
      vertex   1.000000e+02 -6.155830e-02 1.036890e+01
      vertex   1.085000e+02 -5.058008e-02 1.044167e+01
      vertex   1.083333e+02 -6.155830e-02 1.036890e+01
    endloop
  endfacet
  facet normal 7.036669e-17 9.828793e-01 -1.842507e-01
    outer loop
      vertex   1.000000e+02 -6.155830e-02 1.036890e+01
      vertex   1.083333e+02 -6.155830e-02 1.036890e+01
      vertex   1.085000e+02 -1.135651e-01 1.009147e+01
    endloop
  endfacet
  facet normal 1.246364e-02 9.841323e-01 -1.769980e-01
    outer loop
      vertex   1.085000e+02 -1.135651e-01 1.009147e+01
      vertex   1.083333e+02 -6.155830e-02 1.036890e+01
      vertex   1.085000e+02 -5.058008e-02 1.044167e+01
    endloop
  endfacet
  facet normal -1.540515e-04 9.992290e-01 -3.925982e-02
    outer loop
      vertex   1.000000e+02 0.000000e+00 1.115107e+01
      vertex   1.085000e+02 -1.266105e-02 1.079547e+01
      vertex   1.000000e+02 -1.541333e-02 1.075877e+01
    endloop
  endfacet
  facet normal 9.067259e-17 9.971993e-01 -7.478989e-02
    outer loop
      vertex   1.000000e+02 -1.541333e-02 1.075877e+01
      vertex   1.085000e+02 -1.266105e-02 1.079547e+01
      vertex   1.083333e+02 -1.541333e-02 1.075877e+01
    endloop
  endfacet
  facet normal 9.797934e-17 9.939066e-01 -1.102252e-01
    outer loop
      vertex   1.000000e+02 -1.541333e-02 1.075877e+01
      vertex   1.083333e+02 -1.541333e-02 1.075877e+01
      vertex   1.085000e+02 -5.058008e-02 1.044167e+01
    endloop
  endfacet
  facet normal 7.044360e-03 9.942809e-01 -1.065643e-01
    outer loop
      vertex   1.085000e+02 -5.058008e-02 1.044167e+01
      vertex   1.083333e+02 -1.541333e-02 1.075877e+01
      vertex   1.085000e+02 -1.266105e-02 1.079547e+01
    endloop
  endfacet
  facet normal 1.305318e-16 9.993667e-01 -3.558237e-02
    outer loop
      vertex   1.000000e+02 0.000000e+00 1.115107e+01
      vertex   1.085000e+02 -1.110223e-15 1.115107e+01
      vertex   1.085000e+02 -1.266105e-02 1.079547e+01
    endloop
  endfacet
  facet normal 9.420555e-17 7.071068e-01 -7.071068e-01
    outer loop
      vertex   1.000000e+02 -1.464466e+00 7.615534e+00
      vertex   1.250000e+02 -1.464466e+00 7.615534e+00
      vertex   1.000000e+02 -9.000000e+00 8.000000e-02
    endloop
  endfacet
  facet normal 1.256074e-16 7.071068e-01 -7.071068e-01
    outer loop
      vertex   1.000000e+02 -9.000000e+00 8.000000e-02
      vertex   1.250000e+02 -1.464466e+00 7.615534e+00
      vertex   1.250000e+02 -9.000000e+00 8.000000e-02
    endloop
  endfacet
  facet normal 1.000000e+00 0.000000e+00 -0.000000e+00
    outer loop
      vertex   1.250000e+02 -1.197970e+00 7.903828e+00
      vertex   1.250000e+02 4.440892e-15 1.115107e+01
      vertex   1.250000e+02 -1.464466e+00 7.615534e+00
    endloop
  endfacet
  facet normal 1.000000e+00 4.258187e-16 -1.763799e-16
    outer loop
      vertex   1.250000e+02 -1.464466e+00 7.615534e+00
      vertex   1.250000e+02 4.440892e-15 1.115107e+01
      vertex   1.250000e+02 -1.094683e+01 6.529268e+01
    endloop
  endfacet
  facet normal 1.000000e+00 2.115986e-16 -2.115986e-16
    outer loop
      vertex   1.250000e+02 -1.464466e+00 7.615534e+00
      vertex   1.250000e+02 -1.094683e+01 6.529268e+01
      vertex   1.250000e+02 -9.000000e+00 8.000000e-02
    endloop
  endfacet
  facet normal 1.000000e+00 -1.246710e-16 -2.216374e-16
    outer loop
      vertex   1.250000e+02 -9.000000e+00 8.000000e-02
      vertex   1.250000e+02 -1.094683e+01 6.529268e+01
      vertex   1.250000e+02 -2.500000e+01 9.080000e+00
    endloop
  endfacet
  facet normal 1.000000e+00 0.000000e+00 0.000000e+00
    outer loop
      vertex   1.250000e+02 -9.000000e+00 8.000000e-02
      vertex   1.250000e+02 -2.500000e+01 9.080000e+00
      vertex   1.250000e+02 -2.500000e+01 4.440892e-15
    endloop
  endfacet
  facet normal 1.000000e+00 0.000000e+00 0.000000e+00
    outer loop
      vertex   1.250000e+02 -1.197970e+00 7.903828e+00
      vertex   1.250000e+02 -9.549150e-01 8.212142e+00
      vertex   1.250000e+02 4.440892e-15 1.115107e+01
    endloop
  endfacet
  facet normal 1.000000e+00 0.000000e+00 0.000000e+00
    outer loop
      vertex   1.250000e+02 4.440892e-15 1.115107e+01
      vertex   1.250000e+02 -9.549150e-01 8.212142e+00
      vertex   1.250000e+02 -7.367992e-01 8.538575e+00
    endloop
  endfacet
  facet normal 1.000000e+00 0.000000e+00 0.000000e+00
    outer loop
      vertex   1.250000e+02 4.440892e-15 1.115107e+01
      vertex   1.250000e+02 -7.367992e-01 8.538575e+00
      vertex   1.250000e+02 -5.449674e-01 8.881115e+00
    endloop
  endfacet
  facet normal 1.000000e+00 0.000000e+00 0.000000e+00
    outer loop
      vertex   1.250000e+02 -5.449674e-01 8.881115e+00
      vertex   1.250000e+02 -3.806023e-01 9.237651e+00
      vertex   1.250000e+02 4.440892e-15 1.115107e+01
    endloop
  endfacet
  facet normal 1.000000e+00 0.000000e+00 0.000000e+00
    outer loop
      vertex   1.250000e+02 4.440892e-15 1.115107e+01
      vertex   1.250000e+02 -3.806023e-01 9.237651e+00
      vertex   1.250000e+02 -2.447174e-01 9.605983e+00
    endloop
  endfacet
  facet normal 1.000000e+00 0.000000e+00 0.000000e+00
    outer loop
      vertex   1.250000e+02 4.440892e-15 1.115107e+01
      vertex   1.250000e+02 -2.447174e-01 9.605983e+00
      vertex   1.250000e+02 -1.381504e-01 9.983841e+00
    endloop
  endfacet
  facet normal 1.000000e+00 0.000000e+00 0.000000e+00
    outer loop
      vertex   1.250000e+02 -1.381504e-01 9.983841e+00
      vertex   1.250000e+02 -6.155830e-02 1.036890e+01
      vertex   1.250000e+02 4.440892e-15 1.115107e+01
    endloop
  endfacet
  facet normal 1.000000e+00 0.000000e+00 0.000000e+00
    outer loop
      vertex   1.250000e+02 4.440892e-15 1.115107e+01
      vertex   1.250000e+02 -6.155830e-02 1.036890e+01
      vertex   1.250000e+02 -1.541333e-02 1.075877e+01
    endloop
  endfacet
  facet normal 1.000000e+00 0.000000e+00 0.000000e+00
    outer loop
      vertex   1.250000e+02 4.440892e-15 6.908000e+01
      vertex   1.250000e+02 -6.096118e+00 6.908000e+01
      vertex   1.250000e+02 4.440892e-15 1.115107e+01
    endloop
  endfacet
  facet normal 1.000000e+00 2.707206e-15 2.848913e-16
    outer loop
      vertex   1.250000e+02 4.440892e-15 1.115107e+01
      vertex   1.250000e+02 -6.096118e+00 6.908000e+01
      vertex   1.250000e+02 -1.094683e+01 6.529268e+01
    endloop
  endfacet
  facet normal 1.000000e+00 -1.540903e-16 3.949572e-15
    outer loop
      vertex   1.250000e+02 -6.096118e+00 6.908000e+01
      vertex   1.250000e+02 -6.485669e+00 6.906480e+01
      vertex   1.250000e+02 -1.094683e+01 6.529268e+01
    endloop
  endfacet
  facet normal 1.000000e+00 -5.142075e-16 4.375471e-15
    outer loop
      vertex   1.250000e+02 -1.094683e+01 6.529268e+01
      vertex   1.250000e+02 -6.485669e+00 6.906480e+01
      vertex   1.250000e+02 -6.872852e+00 6.901930e+01
    endloop
  endfacet
  facet normal 1.000000e+00 -9.604059e-16 4.863259e-15
    outer loop
      vertex   1.250000e+02 -1.094683e+01 6.529268e+01
      vertex   1.250000e+02 -6.872852e+00 6.901930e+01
      vertex   1.250000e+02 -7.255313e+00 6.894377e+01
    endloop
  endfacet
  facet normal 1.000000e+00 -1.519809e-15 5.428856e-15
    outer loop
      vertex   1.250000e+02 -7.255313e+00 6.894377e+01
      vertex   1.250000e+02 -7.630727e+00 6.883867e+01
      vertex   1.250000e+02 -1.094683e+01 6.529268e+01
    endloop
  endfacet
  facet normal 1.000000e+00 -2.231055e-15 6.093991e-15
    outer loop
      vertex   1.250000e+02 -1.094683e+01 6.529268e+01
      vertex   1.250000e+02 -7.630727e+00 6.883867e+01
      vertex   1.250000e+02 -7.996812e+00 6.870465e+01
    endloop
  endfacet
  facet normal 1.000000e+00 -3.150653e-15 6.889083e-15
    outer loop
      vertex   1.250000e+02 -1.094683e+01 6.529268e+01
      vertex   1.250000e+02 -7.996812e+00 6.870465e+01
      vertex   1.250000e+02 -8.351342e+00 6.854251e+01
    endloop
  endfacet
  facet normal 1.000000e+00 -4.363814e-15 7.857979e-15
    outer loop
      vertex   1.250000e+02 -8.351342e+00 6.854251e+01
      vertex   1.250000e+02 -8.692162e+00 6.835324e+01
      vertex   1.250000e+02 -1.094683e+01 6.529268e+01
    endloop
  endfacet
  facet normal 1.000000e+00 -6.003794e-15 9.066128e-15
    outer loop
      vertex   1.250000e+02 -1.094683e+01 6.529268e+01
      vertex   1.250000e+02 -8.692162e+00 6.835324e+01
      vertex   1.250000e+02 -9.017200e+00 6.813799e+01
    endloop
  endfacet
  facet normal 1.000000e+00 -8.288255e-15 1.061540e-14
    outer loop
      vertex   1.250000e+02 -1.094683e+01 6.529268e+01
      vertex   1.250000e+02 -9.017200e+00 6.813799e+01
      vertex   1.250000e+02 -9.324480e+00 6.789807e+01
    endloop
  endfacet
  facet normal 1.000000e+00 -1.159226e-14 1.267277e-14
    outer loop
      vertex   1.250000e+02 -9.324480e+00 6.789807e+01
      vertex   1.250000e+02 -9.612134e+00 6.763494e+01
      vertex   1.250000e+02 -1.094683e+01 6.529268e+01
    endloop
  endfacet
  facet normal 1.000000e+00 -1.660695e-14 1.553030e-14
    outer loop
      vertex   1.250000e+02 -1.094683e+01 6.529268e+01
      vertex   1.250000e+02 -9.612134e+00 6.763494e+01
      vertex   1.250000e+02 -9.878413e+00 6.735021e+01
    endloop
  endfacet
  facet normal 1.000000e+00 -2.472162e-14 1.974402e-14
    outer loop
      vertex   1.250000e+02 -1.094683e+01 6.529268e+01
      vertex   1.250000e+02 -9.878413e+00 6.735021e+01
      vertex   1.250000e+02 -1.012170e+01 6.704559e+01
    endloop
  endfacet
  facet normal 1.000000e+00 -3.907801e-14 2.650189e-14
    outer loop
      vertex   1.250000e+02 -1.012170e+01 6.704559e+01
      vertex   1.250000e+02 -1.034051e+01 6.672294e+01
      vertex   1.250000e+02 -1.094683e+01 6.529268e+01
    endloop
  endfacet
  facet normal 1.000000e+00 -6.809616e-14 3.880332e-14
    outer loop
      vertex   1.250000e+02 -1.094683e+01 6.529268e+01
      vertex   1.250000e+02 -1.034051e+01 6.672294e+01
      vertex   1.250000e+02 -1.053352e+01 6.638422e+01
    endloop
  endfacet
  facet normal 1.000000e+00 -1.413936e-13 6.655704e-14
    outer loop
      vertex   1.250000e+02 -1.094683e+01 6.529268e+01
      vertex   1.250000e+02 -1.053352e+01 6.638422e+01
      vertex   1.250000e+02 -1.069956e+01 6.603150e+01
    endloop
  endfacet
  facet normal 1.000000e+00 -4.375594e-13 1.656798e-13
    outer loop
      vertex   1.250000e+02 -1.069956e+01 6.603150e+01
      vertex   1.250000e+02 -1.083761e+01 6.566691e+01
      vertex   1.250000e+02 -1.094683e+01 6.529268e+01
    endloop
  endfacet
  facet normal 1.000000e+00 0.000000e+00 0.000000e+00
    outer loop
      vertex   1.250000e+02 -2.500000e+01 4.440892e-15
      vertex   1.250000e+02 -9.000000e+00 4.440892e-15
      vertex   1.250000e+02 -9.000000e+00 8.000000e-02
    endloop
  endfacet
  facet normal -1.306145e-16 1.000000e+00 -9.665441e-18
    outer loop
      vertex   1.165000e+02 3.330669e-15 1.115107e+01
      vertex   1.207178e+02 4.440892e-15 6.901844e+01
      vertex   1.250000e+02 4.440892e-15 1.115107e+01
    endloop
  endfacet
  facet normal 0.000000e+00 1.000000e+00 0.000000e+00
    outer loop
      vertex   1.250000e+02 4.440892e-15 1.115107e+01
      vertex   1.207178e+02 4.440892e-15 6.901844e+01
      vertex   1.211077e+02 4.440892e-15 6.906459e+01
    endloop
  endfacet
  facet normal 2.822615e-15 1.000000e+00 1.897044e-16
    outer loop
      vertex   1.250000e+02 4.440892e-15 1.115107e+01
      vertex   1.211077e+02 4.440892e-15 6.906459e+01
      vertex   1.215000e+02 3.330669e-15 6.908000e+01
    endloop
  endfacet
  facet normal -7.581077e-16 1.000000e+00 0.000000e+00
    outer loop
      vertex   1.165000e+02 3.330669e-15 6.408000e+01
      vertex   1.179645e+02 4.440892e-15 6.761553e+01
      vertex   1.165000e+02 3.330669e-15 1.115107e+01
    endloop
  endfacet
  facet normal 1.862214e-17 1.000000e+00 -2.014532e-17
    outer loop
      vertex   1.165000e+02 3.330669e-15 1.115107e+01
      vertex   1.179645e+02 4.440892e-15 6.761553e+01
      vertex   1.182528e+02 4.440892e-15 6.788203e+01
    endloop
  endfacet
  facet normal 1.581286e-17 1.000000e+00 -2.005852e-17
    outer loop
      vertex   1.165000e+02 3.330669e-15 1.115107e+01
      vertex   1.182528e+02 4.440892e-15 6.788203e+01
      vertex   1.185611e+02 4.440892e-15 6.812508e+01
    endloop
  endfacet
  facet normal 3.579298e-14 1.000000e+00 -4.236378e-15
    outer loop
      vertex   1.165154e+02 4.440892e-15 6.447230e+01
      vertex   1.165616e+02 4.440892e-15 6.486217e+01
      vertex   1.165000e+02 3.330669e-15 6.408000e+01
    endloop
  endfacet
  facet normal 1.180769e-14 1.000000e+00 -2.348695e-15
    outer loop
      vertex   1.165000e+02 3.330669e-15 6.408000e+01
      vertex   1.165616e+02 4.440892e-15 6.486217e+01
      vertex   1.166382e+02 4.440892e-15 6.524723e+01
    endloop
  endfacet
  facet normal 5.811420e-15 1.000000e+00 -1.638990e-15
    outer loop
      vertex   1.165000e+02 3.330669e-15 6.408000e+01
      vertex   1.166382e+02 4.440892e-15 6.524723e+01
      vertex   1.167447e+02 4.440892e-15 6.562508e+01
    endloop
  endfacet
  facet normal 3.412978e-15 1.000000e+00 -1.259114e-15
    outer loop
      vertex   1.167447e+02 4.440892e-15 6.562508e+01
      vertex   1.168806e+02 4.440892e-15 6.599342e+01
      vertex   1.165000e+02 3.330669e-15 6.408000e+01
    endloop
  endfacet
  facet normal 2.213826e-15 1.000000e+00 -1.020588e-15
    outer loop
      vertex   1.165000e+02 3.330669e-15 6.408000e+01
      vertex   1.168806e+02 4.440892e-15 6.599342e+01
      vertex   1.170450e+02 4.440892e-15 6.634995e+01
    endloop
  endfacet
  facet normal 1.528670e-15 1.000000e+00 -8.560966e-16
    outer loop
      vertex   1.165000e+02 3.330669e-15 6.408000e+01
      vertex   1.170450e+02 4.440892e-15 6.634995e+01
      vertex   1.172368e+02 4.440892e-15 6.669249e+01
    endloop
  endfacet
  facet normal 1.100524e-15 1.000000e+00 -7.353469e-16
    outer loop
      vertex   1.172368e+02 4.440892e-15 6.669249e+01
      vertex   1.174549e+02 4.440892e-15 6.701893e+01
      vertex   1.165000e+02 3.330669e-15 6.408000e+01
    endloop
  endfacet
  facet normal 8.151731e-16 1.000000e+00 -6.426306e-16
    outer loop
      vertex   1.165000e+02 3.330669e-15 6.408000e+01
      vertex   1.174549e+02 4.440892e-15 6.701893e+01
      vertex   1.176980e+02 4.440892e-15 6.732724e+01
    endloop
  endfacet
  facet normal 6.155090e-16 1.000000e+00 -5.689707e-16
    outer loop
      vertex   1.165000e+02 3.330669e-15 6.408000e+01
      vertex   1.176980e+02 4.440892e-15 6.732724e+01
      vertex   1.179645e+02 4.440892e-15 6.761553e+01
    endloop
  endfacet
  facet normal 1.334297e-17 1.000000e+00 -1.996917e-17
    outer loop
      vertex   1.185611e+02 4.440892e-15 6.812508e+01
      vertex   1.188875e+02 4.440892e-15 6.834320e+01
      vertex   1.165000e+02 3.330669e-15 1.115107e+01
    endloop
  endfacet
  facet normal 1.113157e-17 1.000000e+00 -1.987686e-17
    outer loop
      vertex   1.165000e+02 3.330669e-15 1.115107e+01
      vertex   1.188875e+02 4.440892e-15 6.834320e+01
      vertex   1.192300e+02 4.440892e-15 6.853503e+01
    endloop
  endfacet
  facet normal 9.119220e-18 1.000000e+00 -1.978112e-17
    outer loop
      vertex   1.165000e+02 3.330669e-15 1.115107e+01
      vertex   1.192300e+02 4.440892e-15 6.853503e+01
      vertex   1.195866e+02 4.440892e-15 6.869940e+01
    endloop
  endfacet
  facet normal 7.260868e-18 1.000000e+00 -1.968145e-17
    outer loop
      vertex   1.195866e+02 4.440892e-15 6.869940e+01
      vertex   1.199549e+02 4.440892e-15 6.883528e+01
      vertex   1.165000e+02 3.330669e-15 1.115107e+01
    endloop
  endfacet
  facet normal 5.521358e-18 1.000000e+00 -1.957726e-17
    outer loop
      vertex   1.165000e+02 3.330669e-15 1.115107e+01
      vertex   1.199549e+02 4.440892e-15 6.883528e+01
      vertex   1.203328e+02 4.440892e-15 6.894185e+01
    endloop
  endfacet
  facet normal 3.872406e-18 1.000000e+00 -1.946790e-17
    outer loop
      vertex   1.165000e+02 3.330669e-15 1.115107e+01
      vertex   1.203328e+02 4.440892e-15 6.894185e+01
      vertex   1.207178e+02 4.440892e-15 6.901844e+01
    endloop
  endfacet
  facet normal -3.172066e-16 1.000000e+00 0.000000e+00
    outer loop
      vertex   1.215000e+02 3.330669e-15 6.908000e+01
      vertex   1.250000e+02 4.440892e-15 6.908000e+01
      vertex   1.250000e+02 4.440892e-15 1.115107e+01
    endloop
  endfacet
  facet normal -1.000000e+00 -0.000000e+00 0.000000e+00
    outer loop
      vertex   1.165000e+02 -1.266105e-02 1.079547e+01
      vertex   1.165000e+02 -5.058008e-02 1.044167e+01
      vertex   1.165000e+02 3.330669e-15 1.115107e+01
    endloop
  endfacet
  facet normal -1.000000e+00 0.000000e+00 0.000000e+00
    outer loop
      vertex   1.165000e+02 3.330669e-15 1.115107e+01
      vertex   1.165000e+02 -5.058008e-02 1.044167e+01
      vertex   1.165000e+02 -1.135651e-01 1.009147e+01
    endloop
  endfacet
  facet normal -1.000000e+00 0.000000e+00 0.000000e+00
    outer loop
      vertex   1.165000e+02 3.330669e-15 1.115107e+01
      vertex   1.165000e+02 -1.135651e-01 1.009147e+01
      vertex   1.165000e+02 -2.012970e-01 9.746629e+00
    endloop
  endfacet
  facet normal -1.000000e+00 -0.000000e+00 0.000000e+00
    outer loop
      vertex   1.165000e+02 -2.012970e-01 9.746629e+00
      vertex   1.165000e+02 -3.133316e-01 9.408903e+00
      vertex   1.165000e+02 3.330669e-15 1.115107e+01
    endloop
  endfacet
  facet normal -1.000000e+00 0.000000e+00 0.000000e+00
    outer loop
      vertex   1.165000e+02 3.330669e-15 1.115107e+01
      vertex   1.165000e+02 -3.133316e-01 9.408903e+00
      vertex   1.165000e+02 -4.491014e-01 9.080000e+00
    endloop
  endfacet
  facet normal -1.000000e+00 0.000000e+00 0.000000e+00
    outer loop
      vertex   1.165000e+02 3.330669e-15 1.115107e+01
      vertex   1.165000e+02 -4.491014e-01 9.080000e+00
      vertex   1.165000e+02 -1.984612e+01 9.080000e+00
    endloop
  endfacet
  facet normal -1.000000e+00 0.000000e+00 0.000000e+00
    outer loop
      vertex   1.165000e+02 -1.984612e+01 9.080000e+00
      vertex   1.165000e+02 -6.096118e+00 6.408000e+01
      vertex   1.165000e+02 3.330669e-15 1.115107e+01
    endloop
  endfacet
  facet normal -1.000000e+00 0.000000e+00 0.000000e+00
    outer loop
      vertex   1.165000e+02 3.330669e-15 1.115107e+01
      vertex   1.165000e+02 -6.096118e+00 6.408000e+01
      vertex   1.165000e+02 3.330669e-15 6.408000e+01
    endloop
  endfacet
  facet normal -9.992997e-01 -3.627475e-02 9.174889e-03
    outer loop
      vertex   1.165140e+02 -2.023127e+01 9.080000e+00
      vertex   1.165154e+02 -1.852227e+01 1.599285e+01
      vertex   1.165000e+02 -1.984612e+01 9.080000e+00
    endloop
  endfacet
  facet normal -9.992290e-01 -3.808762e-02 9.521904e-03
    outer loop
      vertex   1.165000e+02 -1.984612e+01 9.080000e+00
      vertex   1.165154e+02 -1.852227e+01 1.599285e+01
      vertex   1.165154e+02 -1.651468e+01 2.402323e+01
    endloop
  endfacet
  facet normal -9.992290e-01 -3.808762e-02 9.521904e-03
    outer loop
      vertex   1.165000e+02 -1.984612e+01 9.080000e+00
      vertex   1.165154e+02 -1.651468e+01 2.402323e+01
      vertex   1.165154e+02 -1.450708e+01 3.205362e+01
    endloop
  endfacet
  facet normal -9.930685e-01 -1.140280e-01 2.850701e-02
    outer loop
      vertex   1.165154e+02 -1.450708e+01 3.205362e+01
      vertex   1.165154e+02 -1.651468e+01 2.402323e+01
      vertex   1.165616e+02 -1.488532e+01 3.214817e+01
    endloop
  endfacet
  facet normal -9.930685e-01 -1.140280e-01 2.850701e-02
    outer loop
      vertex   1.165154e+02 -1.450708e+01 3.205362e+01
      vertex   1.165616e+02 -1.488532e+01 3.214817e+01
      vertex   1.165616e+02 -1.287772e+01 4.017856e+01
    endloop
  endfacet
  facet normal -9.807853e-01 -1.892654e-01 4.731635e-02
    outer loop
      vertex   1.165616e+02 -1.287772e+01 4.017856e+01
      vertex   1.165616e+02 -1.488532e+01 3.214817e+01
      vertex   1.166382e+02 -1.325128e+01 4.027195e+01
    endloop
  endfacet
  facet normal -9.807853e-01 -1.892654e-01 4.731635e-02
    outer loop
      vertex   1.165616e+02 -1.287772e+01 4.017856e+01
      vertex   1.166382e+02 -1.325128e+01 4.027195e+01
      vertex   1.166382e+02 -1.124369e+01 4.830233e+01
    endloop
  endfacet
  facet normal -9.624552e-01 -2.633359e-01 6.583398e-02
    outer loop
      vertex   1.166382e+02 -1.124369e+01 4.830233e+01
      vertex   1.166382e+02 -1.325128e+01 4.027195e+01
      vertex   1.167447e+02 -1.161026e+01 4.839397e+01
    endloop
  endfacet
  facet normal -9.624552e-01 -2.633359e-01 6.583398e-02
    outer loop
      vertex   1.166382e+02 -1.124369e+01 4.830233e+01
      vertex   1.167447e+02 -1.161026e+01 4.839397e+01
      vertex   1.167447e+02 -9.602666e+00 5.642436e+01
    endloop
  endfacet
  facet normal -9.381913e-01 -3.357829e-01 8.394572e-02
    outer loop
      vertex   1.167447e+02 -9.602666e+00 5.642436e+01
      vertex   1.167447e+02 -1.161026e+01 4.839397e+01
      vertex   1.168806e+02 -9.960001e+00 5.651369e+01
    endloop
  endfacet
  facet normal -9.381913e-01 -3.357829e-01 8.394572e-02
    outer loop
      vertex   1.167447e+02 -9.602666e+00 5.642436e+01
      vertex   1.168806e+02 -9.960001e+00 5.651369e+01
      vertex   1.168806e+02 -7.952405e+00 6.454407e+01
    endloop
  endfacet
  facet normal -9.081432e-01 -4.061596e-01 1.015399e-01
    outer loop
      vertex   1.168806e+02 -7.952405e+00 6.454407e+01
      vertex   1.168806e+02 -9.960001e+00 5.651369e+01
      vertex   1.170450e+02 -8.298295e+00 6.463054e+01
    endloop
  endfacet
  facet normal -9.081432e-01 -4.061596e-01 1.015399e-01
    outer loop
      vertex   1.170450e+02 -8.298295e+00 6.463054e+01
      vertex   1.168806e+02 -9.960001e+00 5.651369e+01
      vertex   1.170450e+02 -1.030589e+01 5.660016e+01
    endloop
  endfacet
  facet normal -8.724960e-01 -4.740322e-01 1.185081e-01
    outer loop
      vertex   1.170450e+02 -8.298295e+00 6.463054e+01
      vertex   1.170450e+02 -1.030589e+01 5.660016e+01
      vertex   1.172368e+02 -8.630608e+00 6.471362e+01
    endloop
  endfacet
  facet normal -8.724960e-01 -4.740322e-01 1.185081e-01
    outer loop
      vertex   1.172368e+02 -8.630608e+00 6.471362e+01
      vertex   1.170450e+02 -1.030589e+01 5.660016e+01
      vertex   1.172368e+02 -1.063820e+01 5.668324e+01
    endloop
  endfacet
  facet normal -8.314696e-01 -5.389823e-01 1.347456e-01
    outer loop
      vertex   1.172368e+02 -8.630608e+00 6.471362e+01
      vertex   1.172368e+02 -1.063820e+01 5.668324e+01
      vertex   1.174549e+02 -8.947295e+00 6.479279e+01
    endloop
  endfacet
  facet normal -8.314696e-01 -5.389823e-01 1.347456e-01
    outer loop
      vertex   1.174549e+02 -8.947295e+00 6.479279e+01
      vertex   1.172368e+02 -1.063820e+01 5.668324e+01
      vertex   1.174549e+02 -1.095489e+01 5.676241e+01
    endloop
  endfacet
  facet normal -7.853169e-01 -6.006094e-01 1.501523e-01
    outer loop
      vertex   1.174549e+02 -8.947295e+00 6.479279e+01
      vertex   1.174549e+02 -1.095489e+01 5.676241e+01
      vertex   1.176980e+02 -9.246404e+00 6.486757e+01
    endloop
  endfacet
  facet normal -7.853169e-01 -6.006094e-01 1.501523e-01
    outer loop
      vertex   1.176980e+02 -9.246404e+00 6.486757e+01
      vertex   1.174549e+02 -1.095489e+01 5.676241e+01
      vertex   1.176980e+02 -1.125400e+01 5.683719e+01
    endloop
  endfacet
  facet normal -7.343225e-01 -6.585335e-01 1.646334e-01
    outer loop
      vertex   1.176980e+02 -9.246404e+00 6.486757e+01
      vertex   1.176980e+02 -1.125400e+01 5.683719e+01
      vertex   1.179645e+02 -9.526090e+00 6.493749e+01
    endloop
  endfacet
  facet normal -7.343225e-01 -6.585335e-01 1.646334e-01
    outer loop
      vertex   1.179645e+02 -9.526090e+00 6.493749e+01
      vertex   1.176980e+02 -1.125400e+01 5.683719e+01
      vertex   1.179645e+02 -1.153369e+01 5.690711e+01
    endloop
  endfacet
  facet normal -6.788007e-01 -7.123975e-01 1.780994e-01
    outer loop
      vertex   1.179645e+02 -9.526090e+00 6.493749e+01
      vertex   1.179645e+02 -1.153369e+01 5.690711e+01
      vertex   1.182528e+02 -9.784629e+00 6.500213e+01
    endloop
  endfacet
  facet normal -6.788007e-01 -7.123975e-01 1.780994e-01
    outer loop
      vertex   1.182528e+02 -9.784629e+00 6.500213e+01
      vertex   1.179645e+02 -1.153369e+01 5.690711e+01
      vertex   1.182528e+02 -1.179222e+01 5.697175e+01
    endloop
  endfacet
  facet normal -6.190939e-01 -7.618693e-01 1.904673e-01
    outer loop
      vertex   1.182528e+02 -9.784629e+00 6.500213e+01
      vertex   1.182528e+02 -1.179222e+01 5.697175e+01
      vertex   1.185611e+02 -1.002043e+01 6.506108e+01
    endloop
  endfacet
  facet normal -6.190939e-01 -7.618693e-01 1.904673e-01
    outer loop
      vertex   1.185611e+02 -1.002043e+01 6.506108e+01
      vertex   1.182528e+02 -1.179222e+01 5.697175e+01
      vertex   1.185611e+02 -1.202802e+01 5.703069e+01
    endloop
  endfacet
  facet normal -5.555702e-01 -8.066440e-01 2.016610e-01
    outer loop
      vertex   1.185611e+02 -1.002043e+01 6.506108e+01
      vertex   1.185611e+02 -1.202802e+01 5.703069e+01
      vertex   1.188875e+02 -1.023203e+01 6.511398e+01
    endloop
  endfacet
  facet normal -5.555702e-01 -8.066440e-01 2.016610e-01
    outer loop
      vertex   1.188875e+02 -1.023203e+01 6.511398e+01
      vertex   1.185611e+02 -1.202802e+01 5.703069e+01
      vertex   1.188875e+02 -1.223963e+01 5.708360e+01
    endloop
  endfacet
  facet normal -4.886212e-01 -8.464455e-01 2.116114e-01
    outer loop
      vertex   1.188875e+02 -1.023203e+01 6.511398e+01
      vertex   1.188875e+02 -1.223963e+01 5.708360e+01
      vertex   1.192300e+02 -1.041813e+01 6.516050e+01
    endloop
  endfacet
  facet normal -4.886212e-01 -8.464455e-01 2.116114e-01
    outer loop
      vertex   1.192300e+02 -1.041813e+01 6.516050e+01
      vertex   1.188875e+02 -1.223963e+01 5.708360e+01
      vertex   1.192300e+02 -1.242573e+01 5.713012e+01
    endloop
  endfacet
  facet normal -4.186597e-01 -8.810283e-01 2.202571e-01
    outer loop
      vertex   1.192300e+02 -1.041813e+01 6.516050e+01
      vertex   1.192300e+02 -1.242573e+01 5.713012e+01
      vertex   1.195866e+02 -1.057759e+01 6.520037e+01
    endloop
  endfacet
  facet normal -4.186597e-01 -8.810283e-01 2.202571e-01
    outer loop
      vertex   1.195866e+02 -1.057759e+01 6.520037e+01
      vertex   1.192300e+02 -1.242573e+01 5.713012e+01
      vertex   1.195866e+02 -1.258519e+01 5.716999e+01
    endloop
  endfacet
  facet normal -3.461171e-01 -9.101793e-01 2.275448e-01
    outer loop
      vertex   1.195866e+02 -1.057759e+01 6.520037e+01
      vertex   1.195866e+02 -1.258519e+01 5.716999e+01
      vertex   1.199549e+02 -1.070942e+01 6.523333e+01
    endloop
  endfacet
  facet normal -3.461171e-01 -9.101793e-01 2.275448e-01
    outer loop
      vertex   1.199549e+02 -1.070942e+01 6.523333e+01
      vertex   1.195866e+02 -1.258519e+01 5.716999e+01
      vertex   1.199549e+02 -1.271702e+01 5.720294e+01
    endloop
  endfacet
  facet normal -2.714404e-01 -9.337187e-01 2.334297e-01
    outer loop
      vertex   1.199549e+02 -1.070942e+01 6.523333e+01
      vertex   1.199549e+02 -1.271702e+01 5.720294e+01
      vertex   1.203328e+02 -1.081280e+01 6.525917e+01
    endloop
  endfacet
  facet normal -2.714404e-01 -9.337187e-01 2.334297e-01
    outer loop
      vertex   1.203328e+02 -1.081280e+01 6.525917e+01
      vertex   1.199549e+02 -1.271702e+01 5.720294e+01
      vertex   1.203328e+02 -1.282040e+01 5.722879e+01
    endloop
  endfacet
  facet normal -1.950903e-01 -9.515015e-01 2.378754e-01
    outer loop
      vertex   1.203328e+02 -1.081280e+01 6.525917e+01
      vertex   1.203328e+02 -1.282040e+01 5.722879e+01
      vertex   1.207178e+02 -1.088711e+01 6.527775e+01
    endloop
  endfacet
  facet normal -1.950903e-01 -9.515015e-01 2.378754e-01
    outer loop
      vertex   1.207178e+02 -1.088711e+01 6.527775e+01
      vertex   1.203328e+02 -1.282040e+01 5.722879e+01
      vertex   1.207178e+02 -1.289471e+01 5.724737e+01
    endloop
  endfacet
  facet normal -1.175374e-01 -9.634179e-01 2.408545e-01
    outer loop
      vertex   1.207178e+02 -1.088711e+01 6.527775e+01
      vertex   1.207178e+02 -1.289471e+01 5.724737e+01
      vertex   1.211077e+02 -1.093188e+01 6.528894e+01
    endloop
  endfacet
  facet normal -1.175374e-01 -9.634179e-01 2.408545e-01
    outer loop
      vertex   1.211077e+02 -1.093188e+01 6.528894e+01
      vertex   1.207178e+02 -1.289471e+01 5.724737e+01
      vertex   1.211077e+02 -1.293947e+01 5.725856e+01
    endloop
  endfacet
  facet normal -3.925982e-02 -9.693946e-01 2.423486e-01
    outer loop
      vertex   1.211077e+02 -1.093188e+01 6.528894e+01
      vertex   1.211077e+02 -1.293947e+01 5.725856e+01
      vertex   1.215000e+02 -1.094683e+01 6.529268e+01
    endloop
  endfacet
  facet normal -3.925982e-02 -9.693946e-01 2.423486e-01
    outer loop
      vertex   1.215000e+02 -1.094683e+01 6.529268e+01
      vertex   1.211077e+02 -1.293947e+01 5.725856e+01
      vertex   1.211077e+02 -1.494707e+01 4.922817e+01
    endloop
  endfacet
  facet normal -3.925982e-02 -9.693946e-01 2.423486e-01
    outer loop
      vertex   1.215000e+02 -1.094683e+01 6.529268e+01
      vertex   1.211077e+02 -1.494707e+01 4.922817e+01
      vertex   1.211077e+02 -1.695466e+01 4.119779e+01
    endloop
  endfacet
  facet normal -1.175374e-01 -9.634179e-01 2.408545e-01
    outer loop
      vertex   1.211077e+02 -1.695466e+01 4.119779e+01
      vertex   1.211077e+02 -1.494707e+01 4.922817e+01
      vertex   1.207178e+02 -1.690990e+01 4.118660e+01
    endloop
  endfacet
  facet normal -1.175374e-01 -9.634179e-01 2.408545e-01
    outer loop
      vertex   1.211077e+02 -1.695466e+01 4.119779e+01
      vertex   1.207178e+02 -1.690990e+01 4.118660e+01
      vertex   1.207178e+02 -1.891749e+01 3.315622e+01
    endloop
  endfacet
  facet normal -1.950903e-01 -9.515015e-01 2.378754e-01
    outer loop
      vertex   1.207178e+02 -1.891749e+01 3.315622e+01
      vertex   1.207178e+02 -1.690990e+01 4.118660e+01
      vertex   1.203328e+02 -1.884319e+01 3.313764e+01
    endloop
  endfacet
  facet normal -1.950903e-01 -9.515015e-01 2.378754e-01
    outer loop
      vertex   1.207178e+02 -1.891749e+01 3.315622e+01
      vertex   1.203328e+02 -1.884319e+01 3.313764e+01
      vertex   1.203328e+02 -2.085078e+01 2.510726e+01
    endloop
  endfacet
  facet normal -2.714404e-01 -9.337187e-01 2.334297e-01
    outer loop
      vertex   1.203328e+02 -2.085078e+01 2.510726e+01
      vertex   1.203328e+02 -1.884319e+01 3.313764e+01
      vertex   1.199549e+02 -2.074740e+01 2.508141e+01
    endloop
  endfacet
  facet normal -2.714404e-01 -9.337187e-01 2.334297e-01
    outer loop
      vertex   1.203328e+02 -2.085078e+01 2.510726e+01
      vertex   1.199549e+02 -2.074740e+01 2.508141e+01
      vertex   1.199549e+02 -2.275499e+01 1.705103e+01
    endloop
  endfacet
  facet normal -3.461171e-01 -9.101793e-01 2.275448e-01
    outer loop
      vertex   1.199549e+02 -2.275499e+01 1.705103e+01
      vertex   1.199549e+02 -2.074740e+01 2.508141e+01
      vertex   1.195866e+02 -2.262317e+01 1.701807e+01
    endloop
  endfacet
  facet normal -3.461170e-01 -9.100964e-01 2.278761e-01
    outer loop
      vertex   1.199549e+02 -2.275499e+01 1.705103e+01
      vertex   1.195866e+02 -2.262317e+01 1.701807e+01
      vertex   1.196733e+02 -2.464373e+01 9.080000e+00
    endloop
  endfacet
  facet normal -3.999214e-01 -8.892613e-01 2.219849e-01
    outer loop
      vertex   1.196733e+02 -2.464373e+01 9.080000e+00
      vertex   1.195866e+02 -2.262317e+01 1.701807e+01
      vertex   1.193306e+02 -2.448961e+01 9.080000e+00
    endloop
  endfacet
  facet normal -4.186597e-01 -8.809346e-01 2.206315e-01
    outer loop
      vertex   1.193306e+02 -2.448961e+01 9.080000e+00
      vertex   1.195866e+02 -2.262317e+01 1.701807e+01
      vertex   1.192300e+02 -2.246371e+01 1.697821e+01
    endloop
  endfacet
  facet normal -4.673059e-01 -8.577863e-01 2.140747e-01
    outer loop
      vertex   1.193306e+02 -2.448961e+01 9.080000e+00
      vertex   1.192300e+02 -2.246371e+01 1.697821e+01
      vertex   1.190000e+02 -2.430951e+01 9.080000e+00
    endloop
  endfacet
  facet normal -4.886212e-01 -8.463429e-01 2.120212e-01
    outer loop
      vertex   1.190000e+02 -2.430951e+01 9.080000e+00
      vertex   1.192300e+02 -2.246371e+01 1.697821e+01
      vertex   1.188875e+02 -2.227760e+01 1.693168e+01
    endloop
  endfacet
  facet normal -5.320763e-01 -8.215114e-01 2.049726e-01
    outer loop
      vertex   1.190000e+02 -2.430951e+01 9.080000e+00
      vertex   1.188875e+02 -2.227760e+01 1.693168e+01
      vertex   1.186834e+02 -2.410446e+01 9.080000e+00
    endloop
  endfacet
  facet normal -5.555702e-01 -8.065345e-01 2.020986e-01
    outer loop
      vertex   1.186834e+02 -2.410446e+01 9.080000e+00
      vertex   1.188875e+02 -2.227760e+01 1.693168e+01
      vertex   1.185611e+02 -2.206600e+01 1.687878e+01
    endloop
  endfacet
  facet normal -5.938700e-01 -7.806400e-01 1.947296e-01
    outer loop
      vertex   1.186834e+02 -2.410446e+01 9.080000e+00
      vertex   1.185611e+02 -2.206600e+01 1.687878e+01
      vertex   1.183826e+02 -2.387559e+01 9.080000e+00
    endloop
  endfacet
  facet normal -6.190939e-01 -7.617548e-01 1.909250e-01
    outer loop
      vertex   1.183826e+02 -2.387559e+01 9.080000e+00
      vertex   1.185611e+02 -2.206600e+01 1.687878e+01
      vertex   1.182528e+02 -2.183020e+01 1.681983e+01
    endloop
  endfacet
  facet normal -6.523410e-01 -7.354010e-01 1.834030e-01
    outer loop
      vertex   1.183826e+02 -2.387559e+01 9.080000e+00
      vertex   1.182528e+02 -2.183020e+01 1.681983e+01
      vertex   1.180991e+02 -2.362418e+01 9.080000e+00
    endloop
  endfacet
  facet normal -6.788007e-01 -7.122800e-01 1.785691e-01
    outer loop
      vertex   1.180991e+02 -2.362418e+01 9.080000e+00
      vertex   1.182528e+02 -2.183020e+01 1.681983e+01
      vertex   1.179645e+02 -2.157166e+01 1.675520e+01
    endloop
  endfacet
  facet normal -7.071620e-01 -6.860479e-01 1.710564e-01
    outer loop
      vertex   1.180991e+02 -2.362418e+01 9.080000e+00
      vertex   1.179645e+02 -2.157166e+01 1.675520e+01
      vertex   1.178347e+02 -2.335165e+01 9.080000e+00
    endloop
  endfacet
  facet normal -7.343224e-01 -6.584150e-01 1.651070e-01
    outer loop
      vertex   1.178347e+02 -2.335165e+01 9.080000e+00
      vertex   1.179645e+02 -2.157166e+01 1.675520e+01
      vertex   1.176980e+02 -2.129198e+01 1.668528e+01
    endloop
  endfacet
  facet normal -7.580262e-01 -6.328572e-01 1.577591e-01
    outer loop
      vertex   1.178347e+02 -2.335165e+01 9.080000e+00
      vertex   1.176980e+02 -2.129198e+01 1.668528e+01
      vertex   1.175908e+02 -2.305951e+01 9.080000e+00
    endloop
  endfacet
  facet normal -7.853168e-01 -6.004920e-01 1.506216e-01
    outer loop
      vertex   1.175908e+02 -2.305951e+01 9.080000e+00
      vertex   1.176980e+02 -2.129198e+01 1.668528e+01
      vertex   1.174549e+02 -2.099287e+01 1.661050e+01
    endloop
  endfacet
  facet normal -8.046494e-01 -5.761271e-01 1.435860e-01
    outer loop
      vertex   1.175908e+02 -2.305951e+01 9.080000e+00
      vertex   1.174549e+02 -2.099287e+01 1.661050e+01
      vertex   1.173688e+02 -2.274940e+01 9.080000e+00
    endloop
  endfacet
  facet normal -8.314695e-01 -5.388682e-01 1.352018e-01
    outer loop
      vertex   1.173688e+02 -2.274940e+01 9.080000e+00
      vertex   1.174549e+02 -2.099287e+01 1.661050e+01
      vertex   1.172368e+02 -2.067618e+01 1.653133e+01
    endloop
  endfacet
  facet normal -8.467708e-01 -5.161753e-01 1.286168e-01
    outer loop
      vertex   1.173688e+02 -2.274940e+01 9.080000e+00
      vertex   1.172368e+02 -2.067618e+01 1.653133e+01
      vertex   1.171699e+02 -2.242306e+01 9.080000e+00
    endloop
  endfacet
  facet normal -8.724959e-01 -4.739236e-01 1.189424e-01
    outer loop
      vertex   1.171699e+02 -2.242306e+01 9.080000e+00
      vertex   1.172368e+02 -2.067618e+01 1.653133e+01
      vertex   1.170450e+02 -2.034387e+01 1.644825e+01
    endloop
  endfacet
  facet normal -8.841553e-01 -4.533376e-01 1.129358e-01
    outer loop
      vertex   1.171699e+02 -2.242306e+01 9.080000e+00
      vertex   1.170450e+02 -2.034387e+01 1.644825e+01
      vertex   1.169952e+02 -2.208230e+01 9.080000e+00
    endloop
  endfacet
  facet normal -9.081431e-01 -4.060588e-01 1.019432e-01
    outer loop
      vertex   1.169952e+02 -2.208230e+01 9.080000e+00
      vertex   1.170450e+02 -2.034387e+01 1.644825e+01
      vertex   1.168806e+02 -1.999798e+01 1.636178e+01
    endloop
  endfacet
  facet normal -9.165942e-01 -3.879658e-01 9.663132e-02
    outer loop
      vertex   1.169952e+02 -2.208230e+01 9.080000e+00
      vertex   1.168806e+02 -1.999798e+01 1.636178e+01
      vertex   1.168456e+02 -2.172904e+01 9.080000e+00
    endloop
  endfacet
  facet normal -9.381913e-01 -3.356922e-01 8.430828e-02
    outer loop
      vertex   1.168456e+02 -2.172904e+01 9.080000e+00
      vertex   1.168806e+02 -1.999798e+01 1.636178e+01
      vertex   1.167447e+02 -1.964064e+01 1.627244e+01
    endloop
  endfacet
  facet normal -9.439068e-01 -3.204257e-01 7.979531e-02
    outer loop
      vertex   1.168456e+02 -2.172904e+01 9.080000e+00
      vertex   1.167447e+02 -1.964064e+01 1.627244e+01
      vertex   1.167221e+02 -2.136525e+01 9.080000e+00
    endloop
  endfacet
  facet normal -9.624552e-01 -2.632579e-01 6.614583e-02
    outer loop
      vertex   1.167221e+02 -2.136525e+01 9.080000e+00
      vertex   1.167447e+02 -1.964064e+01 1.627244e+01
      vertex   1.166382e+02 -1.927407e+01 1.618080e+01
    endloop
  endfacet
  facet normal -9.659410e-01 -2.510953e-01 6.252271e-02
    outer loop
      vertex   1.167221e+02 -2.136525e+01 9.080000e+00
      vertex   1.166382e+02 -1.927407e+01 1.618080e+01
      vertex   1.166254e+02 -2.099296e+01 9.080000e+00
    endloop
  endfacet
  facet normal -9.807852e-01 -1.892027e-01 4.756706e-02
    outer loop
      vertex   1.166254e+02 -2.099296e+01 9.080000e+00
      vertex   1.166382e+02 -1.927407e+01 1.618080e+01
      vertex   1.165616e+02 -1.890051e+01 1.608741e+01
    endloop
  endfacet
  facet normal -9.825744e-01 -1.803622e-01 4.491094e-02
    outer loop
      vertex   1.166254e+02 -2.099296e+01 9.080000e+00
      vertex   1.165616e+02 -1.890051e+01 1.608741e+01
      vertex   1.165558e+02 -2.061426e+01 9.080000e+00
    endloop
  endfacet
  facet normal -9.930684e-01 -1.139834e-01 2.868567e-02
    outer loop
      vertex   1.165558e+02 -2.061426e+01 9.080000e+00
      vertex   1.165616e+02 -1.890051e+01 1.608741e+01
      vertex   1.165154e+02 -1.852227e+01 1.599285e+01
    endloop
  endfacet
  facet normal -9.937148e-01 -1.086218e-01 2.705935e-02
    outer loop
      vertex   1.165558e+02 -2.061426e+01 9.080000e+00
      vertex   1.165154e+02 -1.852227e+01 1.599285e+01
      vertex   1.165140e+02 -2.023127e+01 9.080000e+00
    endloop
  endfacet
  facet normal -3.303003e-01 -9.157602e-01 2.286593e-01
    outer loop
      vertex   1.196733e+02 -2.464373e+01 9.080000e+00
      vertex   1.200262e+02 -2.477103e+01 9.080000e+00
      vertex   1.199549e+02 -2.275499e+01 1.705103e+01
    endloop
  endfacet
  facet normal -2.714404e-01 -9.336486e-01 2.337102e-01
    outer loop
      vertex   1.199549e+02 -2.275499e+01 1.705103e+01
      vertex   1.200262e+02 -2.477103e+01 9.080000e+00
      vertex   1.203328e+02 -2.285838e+01 1.707688e+01
    endloop
  endfacet
  facet normal -2.714404e-01 -9.337187e-01 2.334297e-01
    outer loop
      vertex   1.199549e+02 -2.275499e+01 1.705103e+01
      vertex   1.203328e+02 -2.285838e+01 1.707688e+01
      vertex   1.203328e+02 -2.085078e+01 2.510726e+01
    endloop
  endfacet
  facet normal -1.950903e-01 -9.515015e-01 2.378754e-01
    outer loop
      vertex   1.203328e+02 -2.085078e+01 2.510726e+01
      vertex   1.203328e+02 -2.285838e+01 1.707688e+01
      vertex   1.207178e+02 -2.092509e+01 2.512584e+01
    endloop
  endfacet
  facet normal -1.950903e-01 -9.515015e-01 2.378754e-01
    outer loop
      vertex   1.203328e+02 -2.085078e+01 2.510726e+01
      vertex   1.207178e+02 -2.092509e+01 2.512584e+01
      vertex   1.207178e+02 -1.891749e+01 3.315622e+01
    endloop
  endfacet
  facet normal -1.175374e-01 -9.634179e-01 2.408545e-01
    outer loop
      vertex   1.207178e+02 -1.891749e+01 3.315622e+01
      vertex   1.207178e+02 -2.092509e+01 2.512584e+01
      vertex   1.211077e+02 -1.896226e+01 3.316741e+01
    endloop
  endfacet
  facet normal -1.175374e-01 -9.634179e-01 2.408545e-01
    outer loop
      vertex   1.207178e+02 -1.891749e+01 3.315622e+01
      vertex   1.211077e+02 -1.896226e+01 3.316741e+01
      vertex   1.211077e+02 -1.695466e+01 4.119779e+01
    endloop
  endfacet
  facet normal -3.925982e-02 -9.693946e-01 2.423486e-01
    outer loop
      vertex   1.211077e+02 -1.695466e+01 4.119779e+01
      vertex   1.211077e+02 -1.896226e+01 3.316741e+01
      vertex   1.215000e+02 -1.094683e+01 6.529268e+01
    endloop
  endfacet
  facet normal -2.588326e-01 -9.371346e-01 2.340607e-01
    outer loop
      vertex   1.200262e+02 -2.477103e+01 9.080000e+00
      vertex   1.203874e+02 -2.487078e+01 9.080000e+00
      vertex   1.203328e+02 -2.285838e+01 1.707688e+01
    endloop
  endfacet
  facet normal -1.950903e-01 -9.514459e-01 2.380975e-01
    outer loop
      vertex   1.203328e+02 -2.285838e+01 1.707688e+01
      vertex   1.203874e+02 -2.487078e+01 9.080000e+00
      vertex   1.207178e+02 -2.293268e+01 1.709545e+01
    endloop
  endfacet
  facet normal -1.950903e-01 -9.515015e-01 2.378754e-01
    outer loop
      vertex   1.203328e+02 -2.285838e+01 1.707688e+01
      vertex   1.207178e+02 -2.293268e+01 1.709545e+01
      vertex   1.207178e+02 -2.092509e+01 2.512584e+01
    endloop
  endfacet
  facet normal -1.175374e-01 -9.634179e-01 2.408545e-01
    outer loop
      vertex   1.207178e+02 -2.092509e+01 2.512584e+01
      vertex   1.207178e+02 -2.293268e+01 1.709545e+01
      vertex   1.211077e+02 -2.096986e+01 2.513703e+01
    endloop
  endfacet
  facet normal -1.175374e-01 -9.634179e-01 2.408545e-01
    outer loop
      vertex   1.207178e+02 -2.092509e+01 2.512584e+01
      vertex   1.211077e+02 -2.096986e+01 2.513703e+01
      vertex   1.211077e+02 -1.896226e+01 3.316741e+01
    endloop
  endfacet
  facet normal -3.925982e-02 -9.693946e-01 2.423486e-01
    outer loop
      vertex   1.211077e+02 -1.896226e+01 3.316741e+01
      vertex   1.211077e+02 -2.096986e+01 2.513703e+01
      vertex   1.215000e+02 -1.094683e+01 6.529268e+01
    endloop
  endfacet
  facet normal -1.859186e-01 -9.532652e-01 2.381593e-01
    outer loop
      vertex   1.203874e+02 -2.487078e+01 9.080000e+00
      vertex   1.207548e+02 -2.494244e+01 9.080000e+00
      vertex   1.207178e+02 -2.293268e+01 1.709545e+01
    endloop
  endfacet
  facet normal -1.175374e-01 -9.633789e-01 2.410104e-01
    outer loop
      vertex   1.207178e+02 -2.293268e+01 1.709545e+01
      vertex   1.207548e+02 -2.494244e+01 9.080000e+00
      vertex   1.211077e+02 -2.297745e+01 1.710664e+01
    endloop
  endfacet
  facet normal -1.175374e-01 -9.634179e-01 2.408545e-01
    outer loop
      vertex   1.207178e+02 -2.293268e+01 1.709545e+01
      vertex   1.211077e+02 -2.297745e+01 1.710664e+01
      vertex   1.211077e+02 -2.096986e+01 2.513703e+01
    endloop
  endfacet
  facet normal -3.925982e-02 -9.693946e-01 2.423486e-01
    outer loop
      vertex   1.211077e+02 -2.096986e+01 2.513703e+01
      vertex   1.211077e+02 -2.297745e+01 1.710664e+01
      vertex   1.215000e+02 -1.094683e+01 6.529268e+01
    endloop
  endfacet
  facet normal -1.119667e-01 -9.640617e-01 2.409327e-01
    outer loop
      vertex   1.207548e+02 -2.494244e+01 9.080000e+00
      vertex   1.211263e+02 -2.498559e+01 9.080000e+00
      vertex   1.211077e+02 -2.297745e+01 1.710664e+01
    endloop
  endfacet
  facet normal -4.756660e-02 -9.690284e-01 2.423249e-01
    outer loop
      vertex   1.211077e+02 -2.297745e+01 1.710664e+01
      vertex   1.211263e+02 -2.498559e+01 9.080000e+00
      vertex   1.215000e+02 -1.094683e+01 6.529268e+01
    endloop
  endfacet
  facet normal -3.739119e-02 -9.694641e-01 2.423660e-01
    outer loop
      vertex   1.211263e+02 -2.498559e+01 9.080000e+00
      vertex   1.215000e+02 -2.500000e+01 9.080000e+00
      vertex   1.215000e+02 -1.094683e+01 6.529268e+01
    endloop
  endfacet
  facet normal -9.381913e-01 -3.357829e-01 8.394572e-02
    outer loop
      vertex   1.168806e+02 -7.952405e+00 6.454407e+01
      vertex   1.167447e+02 -7.595071e+00 6.445474e+01
      vertex   1.167447e+02 -9.602666e+00 5.642436e+01
    endloop
  endfacet
  facet normal -9.624552e-01 -2.633359e-01 6.583398e-02
    outer loop
      vertex   1.167447e+02 -9.602666e+00 5.642436e+01
      vertex   1.167447e+02 -7.595071e+00 6.445474e+01
      vertex   1.166382e+02 -9.236090e+00 5.633271e+01
    endloop
  endfacet
  facet normal -9.624552e-01 -2.633359e-01 6.583398e-02
    outer loop
      vertex   1.167447e+02 -9.602666e+00 5.642436e+01
      vertex   1.166382e+02 -9.236090e+00 5.633271e+01
      vertex   1.166382e+02 -1.124369e+01 4.830233e+01
    endloop
  endfacet
  facet normal -9.807853e-01 -1.892654e-01 4.731635e-02
    outer loop
      vertex   1.166382e+02 -1.124369e+01 4.830233e+01
      vertex   1.166382e+02 -9.236090e+00 5.633271e+01
      vertex   1.165616e+02 -1.087013e+01 4.820894e+01
    endloop
  endfacet
  facet normal -9.807853e-01 -1.892654e-01 4.731635e-02
    outer loop
      vertex   1.166382e+02 -1.124369e+01 4.830233e+01
      vertex   1.165616e+02 -1.087013e+01 4.820894e+01
      vertex   1.165616e+02 -1.287772e+01 4.017856e+01
    endloop
  endfacet
  facet normal -9.930685e-01 -1.140280e-01 2.850701e-02
    outer loop
      vertex   1.165616e+02 -1.287772e+01 4.017856e+01
      vertex   1.165616e+02 -1.087013e+01 4.820894e+01
      vertex   1.165154e+02 -1.249949e+01 4.008400e+01
    endloop
  endfacet
  facet normal -9.930685e-01 -1.140280e-01 2.850701e-02
    outer loop
      vertex   1.165616e+02 -1.287772e+01 4.017856e+01
      vertex   1.165154e+02 -1.249949e+01 4.008400e+01
      vertex   1.165154e+02 -1.450708e+01 3.205362e+01
    endloop
  endfacet
  facet normal -9.992290e-01 -3.808762e-02 9.521904e-03
    outer loop
      vertex   1.165154e+02 -1.450708e+01 3.205362e+01
      vertex   1.165154e+02 -1.249949e+01 4.008400e+01
      vertex   1.165000e+02 -1.984612e+01 9.080000e+00
    endloop
  endfacet
  facet normal -9.624552e-01 -2.633359e-01 6.583398e-02
    outer loop
      vertex   1.167447e+02 -7.595071e+00 6.445474e+01
      vertex   1.166382e+02 -7.228494e+00 6.436309e+01
      vertex   1.166382e+02 -9.236090e+00 5.633271e+01
    endloop
  endfacet
  facet normal -9.807853e-01 -1.892654e-01 4.731635e-02
    outer loop
      vertex   1.166382e+02 -9.236090e+00 5.633271e+01
      vertex   1.166382e+02 -7.228494e+00 6.436309e+01
      vertex   1.165616e+02 -8.862532e+00 5.623932e+01
    endloop
  endfacet
  facet normal -9.807853e-01 -1.892654e-01 4.731635e-02
    outer loop
      vertex   1.166382e+02 -9.236090e+00 5.633271e+01
      vertex   1.165616e+02 -8.862532e+00 5.623932e+01
      vertex   1.165616e+02 -1.087013e+01 4.820894e+01
    endloop
  endfacet
  facet normal -9.930685e-01 -1.140280e-01 2.850701e-02
    outer loop
      vertex   1.165616e+02 -1.087013e+01 4.820894e+01
      vertex   1.165616e+02 -8.862532e+00 5.623932e+01
      vertex   1.165154e+02 -1.049189e+01 4.811438e+01
    endloop
  endfacet
  facet normal -9.930685e-01 -1.140280e-01 2.850701e-02
    outer loop
      vertex   1.165616e+02 -1.087013e+01 4.820894e+01
      vertex   1.165154e+02 -1.049189e+01 4.811438e+01
      vertex   1.165154e+02 -1.249949e+01 4.008400e+01
    endloop
  endfacet
  facet normal -9.992290e-01 -3.808762e-02 9.521904e-03
    outer loop
      vertex   1.165154e+02 -1.249949e+01 4.008400e+01
      vertex   1.165154e+02 -1.049189e+01 4.811438e+01
      vertex   1.165000e+02 -6.096118e+00 6.408000e+01
    endloop
  endfacet
  facet normal -9.992290e-01 -3.808762e-02 9.521904e-03
    outer loop
      vertex   1.165154e+02 -1.249949e+01 4.008400e+01
      vertex   1.165000e+02 -6.096118e+00 6.408000e+01
      vertex   1.165000e+02 -1.984612e+01 9.080000e+00
    endloop
  endfacet
  facet normal -9.807853e-01 -1.892654e-01 4.731635e-02
    outer loop
      vertex   1.166382e+02 -7.228494e+00 6.436309e+01
      vertex   1.165616e+02 -6.854937e+00 6.426970e+01
      vertex   1.165616e+02 -8.862532e+00 5.623932e+01
    endloop
  endfacet
  facet normal -9.930685e-01 -1.140280e-01 2.850701e-02
    outer loop
      vertex   1.165616e+02 -8.862532e+00 5.623932e+01
      vertex   1.165616e+02 -6.854937e+00 6.426970e+01
      vertex   1.165154e+02 -8.484296e+00 5.614476e+01
    endloop
  endfacet
  facet normal -9.930685e-01 -1.140280e-01 2.850701e-02
    outer loop
      vertex   1.165616e+02 -8.862532e+00 5.623932e+01
      vertex   1.165154e+02 -8.484296e+00 5.614476e+01
      vertex   1.165154e+02 -1.049189e+01 4.811438e+01
    endloop
  endfacet
  facet normal -9.992290e-01 -3.808762e-02 9.521904e-03
    outer loop
      vertex   1.165154e+02 -1.049189e+01 4.811438e+01
      vertex   1.165154e+02 -8.484296e+00 5.614476e+01
      vertex   1.165000e+02 -6.096118e+00 6.408000e+01
    endloop
  endfacet
  facet normal -9.930685e-01 -1.140280e-01 2.850701e-02
    outer loop
      vertex   1.165616e+02 -6.854937e+00 6.426970e+01
      vertex   1.165154e+02 -6.476700e+00 6.417515e+01
      vertex   1.165154e+02 -8.484296e+00 5.614476e+01
    endloop
  endfacet
  facet normal -9.992290e-01 -3.808762e-02 9.521904e-03
    outer loop
      vertex   1.165154e+02 -8.484296e+00 5.614476e+01
      vertex   1.165154e+02 -6.476700e+00 6.417515e+01
      vertex   1.165000e+02 -6.096118e+00 6.408000e+01
    endloop
  endfacet
  facet normal -9.930685e-01 -1.140280e-01 2.850701e-02
    outer loop
      vertex   1.165154e+02 -1.651468e+01 2.402323e+01
      vertex   1.165154e+02 -1.852227e+01 1.599285e+01
      vertex   1.165616e+02 -1.689291e+01 2.411779e+01
    endloop
  endfacet
  facet normal -9.930685e-01 -1.140280e-01 2.850701e-02
    outer loop
      vertex   1.165616e+02 -1.689291e+01 2.411779e+01
      vertex   1.165154e+02 -1.852227e+01 1.599285e+01
      vertex   1.165616e+02 -1.890051e+01 1.608741e+01
    endloop
  endfacet
  facet normal -9.807853e-01 -1.892654e-01 4.731635e-02
    outer loop
      vertex   1.165616e+02 -1.689291e+01 2.411779e+01
      vertex   1.165616e+02 -1.890051e+01 1.608741e+01
      vertex   1.166382e+02 -1.726647e+01 2.421118e+01
    endloop
  endfacet
  facet normal -9.807853e-01 -1.892654e-01 4.731635e-02
    outer loop
      vertex   1.166382e+02 -1.726647e+01 2.421118e+01
      vertex   1.165616e+02 -1.890051e+01 1.608741e+01
      vertex   1.166382e+02 -1.927407e+01 1.618080e+01
    endloop
  endfacet
  facet normal -9.624552e-01 -2.633359e-01 6.583398e-02
    outer loop
      vertex   1.166382e+02 -1.726647e+01 2.421118e+01
      vertex   1.166382e+02 -1.927407e+01 1.618080e+01
      vertex   1.167447e+02 -1.763305e+01 2.430283e+01
    endloop
  endfacet
  facet normal -9.624552e-01 -2.633359e-01 6.583398e-02
    outer loop
      vertex   1.167447e+02 -1.763305e+01 2.430283e+01
      vertex   1.166382e+02 -1.927407e+01 1.618080e+01
      vertex   1.167447e+02 -1.964064e+01 1.627244e+01
    endloop
  endfacet
  facet normal -9.381913e-01 -3.357829e-01 8.394572e-02
    outer loop
      vertex   1.167447e+02 -1.763305e+01 2.430283e+01
      vertex   1.167447e+02 -1.964064e+01 1.627244e+01
      vertex   1.168806e+02 -1.799038e+01 2.439216e+01
    endloop
  endfacet
  facet normal -9.381913e-01 -3.357829e-01 8.394572e-02
    outer loop
      vertex   1.168806e+02 -1.799038e+01 2.439216e+01
      vertex   1.167447e+02 -1.964064e+01 1.627244e+01
      vertex   1.168806e+02 -1.999798e+01 1.636178e+01
    endloop
  endfacet
  facet normal -9.081432e-01 -4.061596e-01 1.015399e-01
    outer loop
      vertex   1.168806e+02 -1.799038e+01 2.439216e+01
      vertex   1.168806e+02 -1.999798e+01 1.636178e+01
      vertex   1.170450e+02 -1.833627e+01 2.447863e+01
    endloop
  endfacet
  facet normal -9.081432e-01 -4.061596e-01 1.015399e-01
    outer loop
      vertex   1.170450e+02 -1.833627e+01 2.447863e+01
      vertex   1.168806e+02 -1.999798e+01 1.636178e+01
      vertex   1.170450e+02 -2.034387e+01 1.644825e+01
    endloop
  endfacet
  facet normal -8.724960e-01 -4.740322e-01 1.185081e-01
    outer loop
      vertex   1.170450e+02 -1.833627e+01 2.447863e+01
      vertex   1.170450e+02 -2.034387e+01 1.644825e+01
      vertex   1.172368e+02 -1.866859e+01 2.456171e+01
    endloop
  endfacet
  facet normal -8.724960e-01 -4.740322e-01 1.185081e-01
    outer loop
      vertex   1.172368e+02 -1.866859e+01 2.456171e+01
      vertex   1.170450e+02 -2.034387e+01 1.644825e+01
      vertex   1.172368e+02 -2.067618e+01 1.653133e+01
    endloop
  endfacet
  facet normal -8.314696e-01 -5.389823e-01 1.347456e-01
    outer loop
      vertex   1.172368e+02 -1.866859e+01 2.456171e+01
      vertex   1.172368e+02 -2.067618e+01 1.653133e+01
      vertex   1.174549e+02 -1.898527e+01 2.464088e+01
    endloop
  endfacet
  facet normal -8.314696e-01 -5.389823e-01 1.347456e-01
    outer loop
      vertex   1.174549e+02 -1.898527e+01 2.464088e+01
      vertex   1.172368e+02 -2.067618e+01 1.653133e+01
      vertex   1.174549e+02 -2.099287e+01 1.661050e+01
    endloop
  endfacet
  facet normal -7.853169e-01 -6.006094e-01 1.501523e-01
    outer loop
      vertex   1.174549e+02 -1.898527e+01 2.464088e+01
      vertex   1.174549e+02 -2.099287e+01 1.661050e+01
      vertex   1.176980e+02 -1.928438e+01 2.471566e+01
    endloop
  endfacet
  facet normal -7.853169e-01 -6.006094e-01 1.501523e-01
    outer loop
      vertex   1.176980e+02 -1.928438e+01 2.471566e+01
      vertex   1.174549e+02 -2.099287e+01 1.661050e+01
      vertex   1.176980e+02 -2.129198e+01 1.668528e+01
    endloop
  endfacet
  facet normal -7.343225e-01 -6.585335e-01 1.646334e-01
    outer loop
      vertex   1.176980e+02 -1.928438e+01 2.471566e+01
      vertex   1.176980e+02 -2.129198e+01 1.668528e+01
      vertex   1.179645e+02 -1.956407e+01 2.478558e+01
    endloop
  endfacet
  facet normal -7.343225e-01 -6.585335e-01 1.646334e-01
    outer loop
      vertex   1.179645e+02 -1.956407e+01 2.478558e+01
      vertex   1.176980e+02 -2.129198e+01 1.668528e+01
      vertex   1.179645e+02 -2.157166e+01 1.675520e+01
    endloop
  endfacet
  facet normal -6.788007e-01 -7.123975e-01 1.780994e-01
    outer loop
      vertex   1.179645e+02 -1.956407e+01 2.478558e+01
      vertex   1.179645e+02 -2.157166e+01 1.675520e+01
      vertex   1.182528e+02 -1.982261e+01 2.485021e+01
    endloop
  endfacet
  facet normal -6.788007e-01 -7.123975e-01 1.780994e-01
    outer loop
      vertex   1.182528e+02 -1.982261e+01 2.485021e+01
      vertex   1.179645e+02 -2.157166e+01 1.675520e+01
      vertex   1.182528e+02 -2.183020e+01 1.681983e+01
    endloop
  endfacet
  facet normal -6.190939e-01 -7.618693e-01 1.904673e-01
    outer loop
      vertex   1.182528e+02 -1.982261e+01 2.485021e+01
      vertex   1.182528e+02 -2.183020e+01 1.681983e+01
      vertex   1.185611e+02 -2.005841e+01 2.490916e+01
    endloop
  endfacet
  facet normal -6.190939e-01 -7.618693e-01 1.904673e-01
    outer loop
      vertex   1.185611e+02 -2.005841e+01 2.490916e+01
      vertex   1.182528e+02 -2.183020e+01 1.681983e+01
      vertex   1.185611e+02 -2.206600e+01 1.687878e+01
    endloop
  endfacet
  facet normal -5.555702e-01 -8.066440e-01 2.016610e-01
    outer loop
      vertex   1.185611e+02 -2.005841e+01 2.490916e+01
      vertex   1.185611e+02 -2.206600e+01 1.687878e+01
      vertex   1.188875e+02 -2.027001e+01 2.496207e+01
    endloop
  endfacet
  facet normal -5.555702e-01 -8.066440e-01 2.016610e-01
    outer loop
      vertex   1.188875e+02 -2.027001e+01 2.496207e+01
      vertex   1.185611e+02 -2.206600e+01 1.687878e+01
      vertex   1.188875e+02 -2.227760e+01 1.693168e+01
    endloop
  endfacet
  facet normal -4.886212e-01 -8.464455e-01 2.116114e-01
    outer loop
      vertex   1.188875e+02 -2.027001e+01 2.496207e+01
      vertex   1.188875e+02 -2.227760e+01 1.693168e+01
      vertex   1.192300e+02 -2.045611e+01 2.500859e+01
    endloop
  endfacet
  facet normal -4.886212e-01 -8.464455e-01 2.116114e-01
    outer loop
      vertex   1.192300e+02 -2.045611e+01 2.500859e+01
      vertex   1.188875e+02 -2.227760e+01 1.693168e+01
      vertex   1.192300e+02 -2.246371e+01 1.697821e+01
    endloop
  endfacet
  facet normal -4.186597e-01 -8.810283e-01 2.202571e-01
    outer loop
      vertex   1.192300e+02 -2.045611e+01 2.500859e+01
      vertex   1.192300e+02 -2.246371e+01 1.697821e+01
      vertex   1.195866e+02 -2.061557e+01 2.504846e+01
    endloop
  endfacet
  facet normal -4.186597e-01 -8.810283e-01 2.202571e-01
    outer loop
      vertex   1.195866e+02 -2.061557e+01 2.504846e+01
      vertex   1.192300e+02 -2.246371e+01 1.697821e+01
      vertex   1.195866e+02 -2.262317e+01 1.701807e+01
    endloop
  endfacet
  facet normal -3.461171e-01 -9.101793e-01 2.275448e-01
    outer loop
      vertex   1.195866e+02 -2.061557e+01 2.504846e+01
      vertex   1.195866e+02 -2.262317e+01 1.701807e+01
      vertex   1.199549e+02 -2.074740e+01 2.508141e+01
    endloop
  endfacet
  facet normal -9.930685e-01 -1.140280e-01 2.850701e-02
    outer loop
      vertex   1.165154e+02 -1.651468e+01 2.402323e+01
      vertex   1.165616e+02 -1.689291e+01 2.411779e+01
      vertex   1.165616e+02 -1.488532e+01 3.214817e+01
    endloop
  endfacet
  facet normal -9.807853e-01 -1.892654e-01 4.731635e-02
    outer loop
      vertex   1.165616e+02 -1.488532e+01 3.214817e+01
      vertex   1.165616e+02 -1.689291e+01 2.411779e+01
      vertex   1.166382e+02 -1.525888e+01 3.224156e+01
    endloop
  endfacet
  facet normal -9.807853e-01 -1.892654e-01 4.731635e-02
    outer loop
      vertex   1.165616e+02 -1.488532e+01 3.214817e+01
      vertex   1.166382e+02 -1.525888e+01 3.224156e+01
      vertex   1.166382e+02 -1.325128e+01 4.027195e+01
    endloop
  endfacet
  facet normal -9.624552e-01 -2.633359e-01 6.583398e-02
    outer loop
      vertex   1.166382e+02 -1.325128e+01 4.027195e+01
      vertex   1.166382e+02 -1.525888e+01 3.224156e+01
      vertex   1.167447e+02 -1.361786e+01 4.036359e+01
    endloop
  endfacet
  facet normal -9.624552e-01 -2.633359e-01 6.583398e-02
    outer loop
      vertex   1.166382e+02 -1.325128e+01 4.027195e+01
      vertex   1.167447e+02 -1.361786e+01 4.036359e+01
      vertex   1.167447e+02 -1.161026e+01 4.839397e+01
    endloop
  endfacet
  facet normal -9.381913e-01 -3.357829e-01 8.394572e-02
    outer loop
      vertex   1.167447e+02 -1.161026e+01 4.839397e+01
      vertex   1.167447e+02 -1.361786e+01 4.036359e+01
      vertex   1.168806e+02 -1.196760e+01 4.848331e+01
    endloop
  endfacet
  facet normal -9.381913e-01 -3.357829e-01 8.394572e-02
    outer loop
      vertex   1.167447e+02 -1.161026e+01 4.839397e+01
      vertex   1.168806e+02 -1.196760e+01 4.848331e+01
      vertex   1.168806e+02 -9.960001e+00 5.651369e+01
    endloop
  endfacet
  facet normal -9.081432e-01 -4.061596e-01 1.015399e-01
    outer loop
      vertex   1.168806e+02 -9.960001e+00 5.651369e+01
      vertex   1.168806e+02 -1.196760e+01 4.848331e+01
      vertex   1.170450e+02 -1.030589e+01 5.660016e+01
    endloop
  endfacet
  facet normal -9.807853e-01 -1.892654e-01 4.731635e-02
    outer loop
      vertex   1.166382e+02 -1.525888e+01 3.224156e+01
      vertex   1.165616e+02 -1.689291e+01 2.411779e+01
      vertex   1.166382e+02 -1.726647e+01 2.421118e+01
    endloop
  endfacet
  facet normal -9.624552e-01 -2.633359e-01 6.583398e-02
    outer loop
      vertex   1.166382e+02 -1.525888e+01 3.224156e+01
      vertex   1.166382e+02 -1.726647e+01 2.421118e+01
      vertex   1.167447e+02 -1.562545e+01 3.233321e+01
    endloop
  endfacet
  facet normal -9.624552e-01 -2.633359e-01 6.583398e-02
    outer loop
      vertex   1.167447e+02 -1.562545e+01 3.233321e+01
      vertex   1.166382e+02 -1.726647e+01 2.421118e+01
      vertex   1.167447e+02 -1.763305e+01 2.430283e+01
    endloop
  endfacet
  facet normal -9.381913e-01 -3.357829e-01 8.394572e-02
    outer loop
      vertex   1.167447e+02 -1.562545e+01 3.233321e+01
      vertex   1.167447e+02 -1.763305e+01 2.430283e+01
      vertex   1.168806e+02 -1.598279e+01 3.242254e+01
    endloop
  endfacet
  facet normal -9.381913e-01 -3.357829e-01 8.394572e-02
    outer loop
      vertex   1.168806e+02 -1.598279e+01 3.242254e+01
      vertex   1.167447e+02 -1.763305e+01 2.430283e+01
      vertex   1.168806e+02 -1.799038e+01 2.439216e+01
    endloop
  endfacet
  facet normal -9.081432e-01 -4.061596e-01 1.015399e-01
    outer loop
      vertex   1.168806e+02 -1.598279e+01 3.242254e+01
      vertex   1.168806e+02 -1.799038e+01 2.439216e+01
      vertex   1.170450e+02 -1.632868e+01 3.250901e+01
    endloop
  endfacet
  facet normal -9.081432e-01 -4.061596e-01 1.015399e-01
    outer loop
      vertex   1.170450e+02 -1.632868e+01 3.250901e+01
      vertex   1.168806e+02 -1.799038e+01 2.439216e+01
      vertex   1.170450e+02 -1.833627e+01 2.447863e+01
    endloop
  endfacet
  facet normal -8.724960e-01 -4.740322e-01 1.185081e-01
    outer loop
      vertex   1.170450e+02 -1.632868e+01 3.250901e+01
      vertex   1.170450e+02 -1.833627e+01 2.447863e+01
      vertex   1.172368e+02 -1.666099e+01 3.259209e+01
    endloop
  endfacet
  facet normal -8.724960e-01 -4.740322e-01 1.185081e-01
    outer loop
      vertex   1.172368e+02 -1.666099e+01 3.259209e+01
      vertex   1.170450e+02 -1.833627e+01 2.447863e+01
      vertex   1.172368e+02 -1.866859e+01 2.456171e+01
    endloop
  endfacet
  facet normal -8.314696e-01 -5.389823e-01 1.347456e-01
    outer loop
      vertex   1.172368e+02 -1.666099e+01 3.259209e+01
      vertex   1.172368e+02 -1.866859e+01 2.456171e+01
      vertex   1.174549e+02 -1.697768e+01 3.267126e+01
    endloop
  endfacet
  facet normal -8.314696e-01 -5.389823e-01 1.347456e-01
    outer loop
      vertex   1.174549e+02 -1.697768e+01 3.267126e+01
      vertex   1.172368e+02 -1.866859e+01 2.456171e+01
      vertex   1.174549e+02 -1.898527e+01 2.464088e+01
    endloop
  endfacet
  facet normal -7.853169e-01 -6.006094e-01 1.501523e-01
    outer loop
      vertex   1.174549e+02 -1.697768e+01 3.267126e+01
      vertex   1.174549e+02 -1.898527e+01 2.464088e+01
      vertex   1.176980e+02 -1.727679e+01 3.274604e+01
    endloop
  endfacet
  facet normal -7.853169e-01 -6.006094e-01 1.501523e-01
    outer loop
      vertex   1.176980e+02 -1.727679e+01 3.274604e+01
      vertex   1.174549e+02 -1.898527e+01 2.464088e+01
      vertex   1.176980e+02 -1.928438e+01 2.471566e+01
    endloop
  endfacet
  facet normal -7.343225e-01 -6.585335e-01 1.646334e-01
    outer loop
      vertex   1.176980e+02 -1.727679e+01 3.274604e+01
      vertex   1.176980e+02 -1.928438e+01 2.471566e+01
      vertex   1.179645e+02 -1.755647e+01 3.281596e+01
    endloop
  endfacet
  facet normal -7.343225e-01 -6.585335e-01 1.646334e-01
    outer loop
      vertex   1.179645e+02 -1.755647e+01 3.281596e+01
      vertex   1.176980e+02 -1.928438e+01 2.471566e+01
      vertex   1.179645e+02 -1.956407e+01 2.478558e+01
    endloop
  endfacet
  facet normal -6.788007e-01 -7.123975e-01 1.780994e-01
    outer loop
      vertex   1.179645e+02 -1.755647e+01 3.281596e+01
      vertex   1.179645e+02 -1.956407e+01 2.478558e+01
      vertex   1.182528e+02 -1.781501e+01 3.288060e+01
    endloop
  endfacet
  facet normal -6.788007e-01 -7.123975e-01 1.780994e-01
    outer loop
      vertex   1.182528e+02 -1.781501e+01 3.288060e+01
      vertex   1.179645e+02 -1.956407e+01 2.478558e+01
      vertex   1.182528e+02 -1.982261e+01 2.485021e+01
    endloop
  endfacet
  facet normal -6.190939e-01 -7.618693e-01 1.904673e-01
    outer loop
      vertex   1.182528e+02 -1.781501e+01 3.288060e+01
      vertex   1.182528e+02 -1.982261e+01 2.485021e+01
      vertex   1.185611e+02 -1.805081e+01 3.293955e+01
    endloop
  endfacet
  facet normal -6.190939e-01 -7.618693e-01 1.904673e-01
    outer loop
      vertex   1.185611e+02 -1.805081e+01 3.293955e+01
      vertex   1.182528e+02 -1.982261e+01 2.485021e+01
      vertex   1.185611e+02 -2.005841e+01 2.490916e+01
    endloop
  endfacet
  facet normal -5.555702e-01 -8.066440e-01 2.016610e-01
    outer loop
      vertex   1.185611e+02 -1.805081e+01 3.293955e+01
      vertex   1.185611e+02 -2.005841e+01 2.490916e+01
      vertex   1.188875e+02 -1.826241e+01 3.299245e+01
    endloop
  endfacet
  facet normal -5.555702e-01 -8.066440e-01 2.016610e-01
    outer loop
      vertex   1.188875e+02 -1.826241e+01 3.299245e+01
      vertex   1.185611e+02 -2.005841e+01 2.490916e+01
      vertex   1.188875e+02 -2.027001e+01 2.496207e+01
    endloop
  endfacet
  facet normal -4.886212e-01 -8.464455e-01 2.116114e-01
    outer loop
      vertex   1.188875e+02 -1.826241e+01 3.299245e+01
      vertex   1.188875e+02 -2.027001e+01 2.496207e+01
      vertex   1.192300e+02 -1.844852e+01 3.303897e+01
    endloop
  endfacet
  facet normal -4.886212e-01 -8.464455e-01 2.116114e-01
    outer loop
      vertex   1.192300e+02 -1.844852e+01 3.303897e+01
      vertex   1.188875e+02 -2.027001e+01 2.496207e+01
      vertex   1.192300e+02 -2.045611e+01 2.500859e+01
    endloop
  endfacet
  facet normal -4.186597e-01 -8.810283e-01 2.202571e-01
    outer loop
      vertex   1.192300e+02 -1.844852e+01 3.303897e+01
      vertex   1.192300e+02 -2.045611e+01 2.500859e+01
      vertex   1.195866e+02 -1.860797e+01 3.307884e+01
    endloop
  endfacet
  facet normal -4.186597e-01 -8.810283e-01 2.202571e-01
    outer loop
      vertex   1.195866e+02 -1.860797e+01 3.307884e+01
      vertex   1.192300e+02 -2.045611e+01 2.500859e+01
      vertex   1.195866e+02 -2.061557e+01 2.504846e+01
    endloop
  endfacet
  facet normal -3.461171e-01 -9.101793e-01 2.275448e-01
    outer loop
      vertex   1.195866e+02 -1.860797e+01 3.307884e+01
      vertex   1.195866e+02 -2.061557e+01 2.504846e+01
      vertex   1.199549e+02 -1.873980e+01 3.311180e+01
    endloop
  endfacet
  facet normal -3.461171e-01 -9.101793e-01 2.275448e-01
    outer loop
      vertex   1.199549e+02 -1.873980e+01 3.311180e+01
      vertex   1.195866e+02 -2.061557e+01 2.504846e+01
      vertex   1.199549e+02 -2.074740e+01 2.508141e+01
    endloop
  endfacet
  facet normal -2.714404e-01 -9.337187e-01 2.334297e-01
    outer loop
      vertex   1.199549e+02 -1.873980e+01 3.311180e+01
      vertex   1.199549e+02 -2.074740e+01 2.508141e+01
      vertex   1.203328e+02 -1.884319e+01 3.313764e+01
    endloop
  endfacet
  facet normal -9.624552e-01 -2.633359e-01 6.583398e-02
    outer loop
      vertex   1.166382e+02 -1.525888e+01 3.224156e+01
      vertex   1.167447e+02 -1.562545e+01 3.233321e+01
      vertex   1.167447e+02 -1.361786e+01 4.036359e+01
    endloop
  endfacet
  facet normal -9.381913e-01 -3.357829e-01 8.394572e-02
    outer loop
      vertex   1.167447e+02 -1.361786e+01 4.036359e+01
      vertex   1.167447e+02 -1.562545e+01 3.233321e+01
      vertex   1.168806e+02 -1.397519e+01 4.045292e+01
    endloop
  endfacet
  facet normal -9.381913e-01 -3.357829e-01 8.394572e-02
    outer loop
      vertex   1.167447e+02 -1.361786e+01 4.036359e+01
      vertex   1.168806e+02 -1.397519e+01 4.045292e+01
      vertex   1.168806e+02 -1.196760e+01 4.848331e+01
    endloop
  endfacet
  facet normal -9.081432e-01 -4.061596e-01 1.015399e-01
    outer loop
      vertex   1.168806e+02 -1.196760e+01 4.848331e+01
      vertex   1.168806e+02 -1.397519e+01 4.045292e+01
      vertex   1.170450e+02 -1.231349e+01 4.856978e+01
    endloop
  endfacet
  facet normal -9.081432e-01 -4.061596e-01 1.015399e-01
    outer loop
      vertex   1.168806e+02 -1.196760e+01 4.848331e+01
      vertex   1.170450e+02 -1.231349e+01 4.856978e+01
      vertex   1.170450e+02 -1.030589e+01 5.660016e+01
    endloop
  endfacet
  facet normal -8.724960e-01 -4.740322e-01 1.185081e-01
    outer loop
      vertex   1.170450e+02 -1.030589e+01 5.660016e+01
      vertex   1.170450e+02 -1.231349e+01 4.856978e+01
      vertex   1.172368e+02 -1.063820e+01 5.668324e+01
    endloop
  endfacet
  facet normal -9.381913e-01 -3.357829e-01 8.394572e-02
    outer loop
      vertex   1.168806e+02 -1.397519e+01 4.045292e+01
      vertex   1.167447e+02 -1.562545e+01 3.233321e+01
      vertex   1.168806e+02 -1.598279e+01 3.242254e+01
    endloop
  endfacet
  facet normal -9.081432e-01 -4.061596e-01 1.015399e-01
    outer loop
      vertex   1.168806e+02 -1.397519e+01 4.045292e+01
      vertex   1.168806e+02 -1.598279e+01 3.242254e+01
      vertex   1.170450e+02 -1.432108e+01 4.053940e+01
    endloop
  endfacet
  facet normal -9.081432e-01 -4.061596e-01 1.015399e-01
    outer loop
      vertex   1.170450e+02 -1.432108e+01 4.053940e+01
      vertex   1.168806e+02 -1.598279e+01 3.242254e+01
      vertex   1.170450e+02 -1.632868e+01 3.250901e+01
    endloop
  endfacet
  facet normal -8.724960e-01 -4.740322e-01 1.185081e-01
    outer loop
      vertex   1.170450e+02 -1.432108e+01 4.053940e+01
      vertex   1.170450e+02 -1.632868e+01 3.250901e+01
      vertex   1.172368e+02 -1.465340e+01 4.062247e+01
    endloop
  endfacet
  facet normal -8.724960e-01 -4.740322e-01 1.185081e-01
    outer loop
      vertex   1.172368e+02 -1.465340e+01 4.062247e+01
      vertex   1.170450e+02 -1.632868e+01 3.250901e+01
      vertex   1.172368e+02 -1.666099e+01 3.259209e+01
    endloop
  endfacet
  facet normal -8.314696e-01 -5.389823e-01 1.347456e-01
    outer loop
      vertex   1.172368e+02 -1.465340e+01 4.062247e+01
      vertex   1.172368e+02 -1.666099e+01 3.259209e+01
      vertex   1.174549e+02 -1.497008e+01 4.070165e+01
    endloop
  endfacet
  facet normal -8.314696e-01 -5.389823e-01 1.347456e-01
    outer loop
      vertex   1.174549e+02 -1.497008e+01 4.070165e+01
      vertex   1.172368e+02 -1.666099e+01 3.259209e+01
      vertex   1.174549e+02 -1.697768e+01 3.267126e+01
    endloop
  endfacet
  facet normal -7.853169e-01 -6.006094e-01 1.501523e-01
    outer loop
      vertex   1.174549e+02 -1.497008e+01 4.070165e+01
      vertex   1.174549e+02 -1.697768e+01 3.267126e+01
      vertex   1.176980e+02 -1.526919e+01 4.077642e+01
    endloop
  endfacet
  facet normal -7.853169e-01 -6.006094e-01 1.501523e-01
    outer loop
      vertex   1.176980e+02 -1.526919e+01 4.077642e+01
      vertex   1.174549e+02 -1.697768e+01 3.267126e+01
      vertex   1.176980e+02 -1.727679e+01 3.274604e+01
    endloop
  endfacet
  facet normal -7.343225e-01 -6.585335e-01 1.646334e-01
    outer loop
      vertex   1.176980e+02 -1.526919e+01 4.077642e+01
      vertex   1.176980e+02 -1.727679e+01 3.274604e+01
      vertex   1.179645e+02 -1.554888e+01 4.084635e+01
    endloop
  endfacet
  facet normal -7.343225e-01 -6.585335e-01 1.646334e-01
    outer loop
      vertex   1.179645e+02 -1.554888e+01 4.084635e+01
      vertex   1.176980e+02 -1.727679e+01 3.274604e+01
      vertex   1.179645e+02 -1.755647e+01 3.281596e+01
    endloop
  endfacet
  facet normal -6.788007e-01 -7.123975e-01 1.780994e-01
    outer loop
      vertex   1.179645e+02 -1.554888e+01 4.084635e+01
      vertex   1.179645e+02 -1.755647e+01 3.281596e+01
      vertex   1.182528e+02 -1.580742e+01 4.091098e+01
    endloop
  endfacet
  facet normal -6.788007e-01 -7.123975e-01 1.780994e-01
    outer loop
      vertex   1.182528e+02 -1.580742e+01 4.091098e+01
      vertex   1.179645e+02 -1.755647e+01 3.281596e+01
      vertex   1.182528e+02 -1.781501e+01 3.288060e+01
    endloop
  endfacet
  facet normal -6.190939e-01 -7.618693e-01 1.904673e-01
    outer loop
      vertex   1.182528e+02 -1.580742e+01 4.091098e+01
      vertex   1.182528e+02 -1.781501e+01 3.288060e+01
      vertex   1.185611e+02 -1.604321e+01 4.096993e+01
    endloop
  endfacet
  facet normal -6.190939e-01 -7.618693e-01 1.904673e-01
    outer loop
      vertex   1.185611e+02 -1.604321e+01 4.096993e+01
      vertex   1.182528e+02 -1.781501e+01 3.288060e+01
      vertex   1.185611e+02 -1.805081e+01 3.293955e+01
    endloop
  endfacet
  facet normal -5.555702e-01 -8.066440e-01 2.016610e-01
    outer loop
      vertex   1.185611e+02 -1.604321e+01 4.096993e+01
      vertex   1.185611e+02 -1.805081e+01 3.293955e+01
      vertex   1.188875e+02 -1.625482e+01 4.102283e+01
    endloop
  endfacet
  facet normal -5.555702e-01 -8.066440e-01 2.016610e-01
    outer loop
      vertex   1.188875e+02 -1.625482e+01 4.102283e+01
      vertex   1.185611e+02 -1.805081e+01 3.293955e+01
      vertex   1.188875e+02 -1.826241e+01 3.299245e+01
    endloop
  endfacet
  facet normal -4.886212e-01 -8.464455e-01 2.116114e-01
    outer loop
      vertex   1.188875e+02 -1.625482e+01 4.102283e+01
      vertex   1.188875e+02 -1.826241e+01 3.299245e+01
      vertex   1.192300e+02 -1.644092e+01 4.106936e+01
    endloop
  endfacet
  facet normal -4.886212e-01 -8.464455e-01 2.116114e-01
    outer loop
      vertex   1.192300e+02 -1.644092e+01 4.106936e+01
      vertex   1.188875e+02 -1.826241e+01 3.299245e+01
      vertex   1.192300e+02 -1.844852e+01 3.303897e+01
    endloop
  endfacet
  facet normal -4.186597e-01 -8.810283e-01 2.202571e-01
    outer loop
      vertex   1.192300e+02 -1.644092e+01 4.106936e+01
      vertex   1.192300e+02 -1.844852e+01 3.303897e+01
      vertex   1.195866e+02 -1.660038e+01 4.110922e+01
    endloop
  endfacet
  facet normal -4.186597e-01 -8.810283e-01 2.202571e-01
    outer loop
      vertex   1.195866e+02 -1.660038e+01 4.110922e+01
      vertex   1.192300e+02 -1.844852e+01 3.303897e+01
      vertex   1.195866e+02 -1.860797e+01 3.307884e+01
    endloop
  endfacet
  facet normal -3.461171e-01 -9.101793e-01 2.275448e-01
    outer loop
      vertex   1.195866e+02 -1.660038e+01 4.110922e+01
      vertex   1.195866e+02 -1.860797e+01 3.307884e+01
      vertex   1.199549e+02 -1.673221e+01 4.114218e+01
    endloop
  endfacet
  facet normal -3.461171e-01 -9.101793e-01 2.275448e-01
    outer loop
      vertex   1.199549e+02 -1.673221e+01 4.114218e+01
      vertex   1.195866e+02 -1.860797e+01 3.307884e+01
      vertex   1.199549e+02 -1.873980e+01 3.311180e+01
    endloop
  endfacet
  facet normal -2.714404e-01 -9.337187e-01 2.334297e-01
    outer loop
      vertex   1.199549e+02 -1.673221e+01 4.114218e+01
      vertex   1.199549e+02 -1.873980e+01 3.311180e+01
      vertex   1.203328e+02 -1.683559e+01 4.116802e+01
    endloop
  endfacet
  facet normal -2.714404e-01 -9.337187e-01 2.334297e-01
    outer loop
      vertex   1.203328e+02 -1.683559e+01 4.116802e+01
      vertex   1.199549e+02 -1.873980e+01 3.311180e+01
      vertex   1.203328e+02 -1.884319e+01 3.313764e+01
    endloop
  endfacet
  facet normal -1.950903e-01 -9.515015e-01 2.378754e-01
    outer loop
      vertex   1.203328e+02 -1.683559e+01 4.116802e+01
      vertex   1.203328e+02 -1.884319e+01 3.313764e+01
      vertex   1.207178e+02 -1.690990e+01 4.118660e+01
    endloop
  endfacet
  facet normal -9.081432e-01 -4.061596e-01 1.015399e-01
    outer loop
      vertex   1.168806e+02 -1.397519e+01 4.045292e+01
      vertex   1.170450e+02 -1.432108e+01 4.053940e+01
      vertex   1.170450e+02 -1.231349e+01 4.856978e+01
    endloop
  endfacet
  facet normal -8.724960e-01 -4.740322e-01 1.185081e-01
    outer loop
      vertex   1.170450e+02 -1.231349e+01 4.856978e+01
      vertex   1.170450e+02 -1.432108e+01 4.053940e+01
      vertex   1.172368e+02 -1.264580e+01 4.865286e+01
    endloop
  endfacet
  facet normal -8.724960e-01 -4.740322e-01 1.185081e-01
    outer loop
      vertex   1.170450e+02 -1.231349e+01 4.856978e+01
      vertex   1.172368e+02 -1.264580e+01 4.865286e+01
      vertex   1.172368e+02 -1.063820e+01 5.668324e+01
    endloop
  endfacet
  facet normal -8.314696e-01 -5.389823e-01 1.347456e-01
    outer loop
      vertex   1.172368e+02 -1.063820e+01 5.668324e+01
      vertex   1.172368e+02 -1.264580e+01 4.865286e+01
      vertex   1.174549e+02 -1.095489e+01 5.676241e+01
    endloop
  endfacet
  facet normal -8.724960e-01 -4.740322e-01 1.185081e-01
    outer loop
      vertex   1.172368e+02 -1.264580e+01 4.865286e+01
      vertex   1.170450e+02 -1.432108e+01 4.053940e+01
      vertex   1.172368e+02 -1.465340e+01 4.062247e+01
    endloop
  endfacet
  facet normal -8.314696e-01 -5.389823e-01 1.347456e-01
    outer loop
      vertex   1.172368e+02 -1.264580e+01 4.865286e+01
      vertex   1.172368e+02 -1.465340e+01 4.062247e+01
      vertex   1.174549e+02 -1.296249e+01 4.873203e+01
    endloop
  endfacet
  facet normal -8.314696e-01 -5.389823e-01 1.347456e-01
    outer loop
      vertex   1.174549e+02 -1.296249e+01 4.873203e+01
      vertex   1.172368e+02 -1.465340e+01 4.062247e+01
      vertex   1.174549e+02 -1.497008e+01 4.070165e+01
    endloop
  endfacet
  facet normal -7.853169e-01 -6.006094e-01 1.501523e-01
    outer loop
      vertex   1.174549e+02 -1.296249e+01 4.873203e+01
      vertex   1.174549e+02 -1.497008e+01 4.070165e+01
      vertex   1.176980e+02 -1.326160e+01 4.880681e+01
    endloop
  endfacet
  facet normal -7.853169e-01 -6.006094e-01 1.501523e-01
    outer loop
      vertex   1.176980e+02 -1.326160e+01 4.880681e+01
      vertex   1.174549e+02 -1.497008e+01 4.070165e+01
      vertex   1.176980e+02 -1.526919e+01 4.077642e+01
    endloop
  endfacet
  facet normal -7.343225e-01 -6.585335e-01 1.646334e-01
    outer loop
      vertex   1.176980e+02 -1.326160e+01 4.880681e+01
      vertex   1.176980e+02 -1.526919e+01 4.077642e+01
      vertex   1.179645e+02 -1.354128e+01 4.887673e+01
    endloop
  endfacet
  facet normal -7.343225e-01 -6.585335e-01 1.646334e-01
    outer loop
      vertex   1.179645e+02 -1.354128e+01 4.887673e+01
      vertex   1.176980e+02 -1.526919e+01 4.077642e+01
      vertex   1.179645e+02 -1.554888e+01 4.084635e+01
    endloop
  endfacet
  facet normal -6.788007e-01 -7.123975e-01 1.780994e-01
    outer loop
      vertex   1.179645e+02 -1.354128e+01 4.887673e+01
      vertex   1.179645e+02 -1.554888e+01 4.084635e+01
      vertex   1.182528e+02 -1.379982e+01 4.894136e+01
    endloop
  endfacet
  facet normal -6.788007e-01 -7.123975e-01 1.780994e-01
    outer loop
      vertex   1.182528e+02 -1.379982e+01 4.894136e+01
      vertex   1.179645e+02 -1.554888e+01 4.084635e+01
      vertex   1.182528e+02 -1.580742e+01 4.091098e+01
    endloop
  endfacet
  facet normal -6.190939e-01 -7.618693e-01 1.904673e-01
    outer loop
      vertex   1.182528e+02 -1.379982e+01 4.894136e+01
      vertex   1.182528e+02 -1.580742e+01 4.091098e+01
      vertex   1.185611e+02 -1.403562e+01 4.900031e+01
    endloop
  endfacet
  facet normal -6.190939e-01 -7.618693e-01 1.904673e-01
    outer loop
      vertex   1.185611e+02 -1.403562e+01 4.900031e+01
      vertex   1.182528e+02 -1.580742e+01 4.091098e+01
      vertex   1.185611e+02 -1.604321e+01 4.096993e+01
    endloop
  endfacet
  facet normal -5.555702e-01 -8.066440e-01 2.016610e-01
    outer loop
      vertex   1.185611e+02 -1.403562e+01 4.900031e+01
      vertex   1.185611e+02 -1.604321e+01 4.096993e+01
      vertex   1.188875e+02 -1.424722e+01 4.905321e+01
    endloop
  endfacet
  facet normal -5.555702e-01 -8.066440e-01 2.016610e-01
    outer loop
      vertex   1.188875e+02 -1.424722e+01 4.905321e+01
      vertex   1.185611e+02 -1.604321e+01 4.096993e+01
      vertex   1.188875e+02 -1.625482e+01 4.102283e+01
    endloop
  endfacet
  facet normal -4.886212e-01 -8.464455e-01 2.116114e-01
    outer loop
      vertex   1.188875e+02 -1.424722e+01 4.905321e+01
      vertex   1.188875e+02 -1.625482e+01 4.102283e+01
      vertex   1.192300e+02 -1.443333e+01 4.909974e+01
    endloop
  endfacet
  facet normal -4.886212e-01 -8.464455e-01 2.116114e-01
    outer loop
      vertex   1.192300e+02 -1.443333e+01 4.909974e+01
      vertex   1.188875e+02 -1.625482e+01 4.102283e+01
      vertex   1.192300e+02 -1.644092e+01 4.106936e+01
    endloop
  endfacet
  facet normal -4.186597e-01 -8.810283e-01 2.202571e-01
    outer loop
      vertex   1.192300e+02 -1.443333e+01 4.909974e+01
      vertex   1.192300e+02 -1.644092e+01 4.106936e+01
      vertex   1.195866e+02 -1.459278e+01 4.913960e+01
    endloop
  endfacet
  facet normal -4.186597e-01 -8.810283e-01 2.202571e-01
    outer loop
      vertex   1.195866e+02 -1.459278e+01 4.913960e+01
      vertex   1.192300e+02 -1.644092e+01 4.106936e+01
      vertex   1.195866e+02 -1.660038e+01 4.110922e+01
    endloop
  endfacet
  facet normal -3.461171e-01 -9.101793e-01 2.275448e-01
    outer loop
      vertex   1.195866e+02 -1.459278e+01 4.913960e+01
      vertex   1.195866e+02 -1.660038e+01 4.110922e+01
      vertex   1.199549e+02 -1.472461e+01 4.917256e+01
    endloop
  endfacet
  facet normal -3.461171e-01 -9.101793e-01 2.275448e-01
    outer loop
      vertex   1.199549e+02 -1.472461e+01 4.917256e+01
      vertex   1.195866e+02 -1.660038e+01 4.110922e+01
      vertex   1.199549e+02 -1.673221e+01 4.114218e+01
    endloop
  endfacet
  facet normal -2.714404e-01 -9.337187e-01 2.334297e-01
    outer loop
      vertex   1.199549e+02 -1.472461e+01 4.917256e+01
      vertex   1.199549e+02 -1.673221e+01 4.114218e+01
      vertex   1.203328e+02 -1.482800e+01 4.919841e+01
    endloop
  endfacet
  facet normal -2.714404e-01 -9.337187e-01 2.334297e-01
    outer loop
      vertex   1.203328e+02 -1.482800e+01 4.919841e+01
      vertex   1.199549e+02 -1.673221e+01 4.114218e+01
      vertex   1.203328e+02 -1.683559e+01 4.116802e+01
    endloop
  endfacet
  facet normal -1.950903e-01 -9.515015e-01 2.378754e-01
    outer loop
      vertex   1.203328e+02 -1.482800e+01 4.919841e+01
      vertex   1.203328e+02 -1.683559e+01 4.116802e+01
      vertex   1.207178e+02 -1.490230e+01 4.921698e+01
    endloop
  endfacet
  facet normal -1.950903e-01 -9.515015e-01 2.378754e-01
    outer loop
      vertex   1.207178e+02 -1.490230e+01 4.921698e+01
      vertex   1.203328e+02 -1.683559e+01 4.116802e+01
      vertex   1.207178e+02 -1.690990e+01 4.118660e+01
    endloop
  endfacet
  facet normal -1.175374e-01 -9.634179e-01 2.408545e-01
    outer loop
      vertex   1.207178e+02 -1.490230e+01 4.921698e+01
      vertex   1.207178e+02 -1.690990e+01 4.118660e+01
      vertex   1.211077e+02 -1.494707e+01 4.922817e+01
    endloop
  endfacet
  facet normal -7.853169e-01 -6.006094e-01 1.501523e-01
    outer loop
      vertex   1.176980e+02 -1.125400e+01 5.683719e+01
      vertex   1.174549e+02 -1.095489e+01 5.676241e+01
      vertex   1.174549e+02 -1.296249e+01 4.873203e+01
    endloop
  endfacet
  facet normal -8.314696e-01 -5.389823e-01 1.347456e-01
    outer loop
      vertex   1.174549e+02 -1.296249e+01 4.873203e+01
      vertex   1.174549e+02 -1.095489e+01 5.676241e+01
      vertex   1.172368e+02 -1.264580e+01 4.865286e+01
    endloop
  endfacet
  facet normal -7.853169e-01 -6.006094e-01 1.501523e-01
    outer loop
      vertex   1.176980e+02 -1.125400e+01 5.683719e+01
      vertex   1.174549e+02 -1.296249e+01 4.873203e+01
      vertex   1.176980e+02 -1.326160e+01 4.880681e+01
    endloop
  endfacet
  facet normal -7.343225e-01 -6.585335e-01 1.646334e-01
    outer loop
      vertex   1.179645e+02 -1.153369e+01 5.690711e+01
      vertex   1.176980e+02 -1.125400e+01 5.683719e+01
      vertex   1.176980e+02 -1.326160e+01 4.880681e+01
    endloop
  endfacet
  facet normal -7.343225e-01 -6.585335e-01 1.646334e-01
    outer loop
      vertex   1.179645e+02 -1.153369e+01 5.690711e+01
      vertex   1.176980e+02 -1.326160e+01 4.880681e+01
      vertex   1.179645e+02 -1.354128e+01 4.887673e+01
    endloop
  endfacet
  facet normal -6.788007e-01 -7.123975e-01 1.780994e-01
    outer loop
      vertex   1.182528e+02 -1.179222e+01 5.697175e+01
      vertex   1.179645e+02 -1.153369e+01 5.690711e+01
      vertex   1.179645e+02 -1.354128e+01 4.887673e+01
    endloop
  endfacet
  facet normal -6.788007e-01 -7.123975e-01 1.780994e-01
    outer loop
      vertex   1.182528e+02 -1.179222e+01 5.697175e+01
      vertex   1.179645e+02 -1.354128e+01 4.887673e+01
      vertex   1.182528e+02 -1.379982e+01 4.894136e+01
    endloop
  endfacet
  facet normal -6.190939e-01 -7.618693e-01 1.904673e-01
    outer loop
      vertex   1.185611e+02 -1.202802e+01 5.703069e+01
      vertex   1.182528e+02 -1.179222e+01 5.697175e+01
      vertex   1.182528e+02 -1.379982e+01 4.894136e+01
    endloop
  endfacet
  facet normal -6.190939e-01 -7.618693e-01 1.904673e-01
    outer loop
      vertex   1.185611e+02 -1.202802e+01 5.703069e+01
      vertex   1.182528e+02 -1.379982e+01 4.894136e+01
      vertex   1.185611e+02 -1.403562e+01 4.900031e+01
    endloop
  endfacet
  facet normal -5.555702e-01 -8.066440e-01 2.016610e-01
    outer loop
      vertex   1.188875e+02 -1.223963e+01 5.708360e+01
      vertex   1.185611e+02 -1.202802e+01 5.703069e+01
      vertex   1.185611e+02 -1.403562e+01 4.900031e+01
    endloop
  endfacet
  facet normal -5.555702e-01 -8.066440e-01 2.016610e-01
    outer loop
      vertex   1.188875e+02 -1.223963e+01 5.708360e+01
      vertex   1.185611e+02 -1.403562e+01 4.900031e+01
      vertex   1.188875e+02 -1.424722e+01 4.905321e+01
    endloop
  endfacet
  facet normal -4.886212e-01 -8.464455e-01 2.116114e-01
    outer loop
      vertex   1.192300e+02 -1.242573e+01 5.713012e+01
      vertex   1.188875e+02 -1.223963e+01 5.708360e+01
      vertex   1.188875e+02 -1.424722e+01 4.905321e+01
    endloop
  endfacet
  facet normal -4.886212e-01 -8.464455e-01 2.116114e-01
    outer loop
      vertex   1.192300e+02 -1.242573e+01 5.713012e+01
      vertex   1.188875e+02 -1.424722e+01 4.905321e+01
      vertex   1.192300e+02 -1.443333e+01 4.909974e+01
    endloop
  endfacet
  facet normal -4.186597e-01 -8.810283e-01 2.202571e-01
    outer loop
      vertex   1.195866e+02 -1.258519e+01 5.716999e+01
      vertex   1.192300e+02 -1.242573e+01 5.713012e+01
      vertex   1.192300e+02 -1.443333e+01 4.909974e+01
    endloop
  endfacet
  facet normal -4.186597e-01 -8.810283e-01 2.202571e-01
    outer loop
      vertex   1.195866e+02 -1.258519e+01 5.716999e+01
      vertex   1.192300e+02 -1.443333e+01 4.909974e+01
      vertex   1.195866e+02 -1.459278e+01 4.913960e+01
    endloop
  endfacet
  facet normal -3.461171e-01 -9.101793e-01 2.275448e-01
    outer loop
      vertex   1.199549e+02 -1.271702e+01 5.720294e+01
      vertex   1.195866e+02 -1.258519e+01 5.716999e+01
      vertex   1.195866e+02 -1.459278e+01 4.913960e+01
    endloop
  endfacet
  facet normal -3.461171e-01 -9.101793e-01 2.275448e-01
    outer loop
      vertex   1.199549e+02 -1.271702e+01 5.720294e+01
      vertex   1.195866e+02 -1.459278e+01 4.913960e+01
      vertex   1.199549e+02 -1.472461e+01 4.917256e+01
    endloop
  endfacet
  facet normal -2.714404e-01 -9.337187e-01 2.334297e-01
    outer loop
      vertex   1.203328e+02 -1.282040e+01 5.722879e+01
      vertex   1.199549e+02 -1.271702e+01 5.720294e+01
      vertex   1.199549e+02 -1.472461e+01 4.917256e+01
    endloop
  endfacet
  facet normal -2.714404e-01 -9.337187e-01 2.334297e-01
    outer loop
      vertex   1.203328e+02 -1.282040e+01 5.722879e+01
      vertex   1.199549e+02 -1.472461e+01 4.917256e+01
      vertex   1.203328e+02 -1.482800e+01 4.919841e+01
    endloop
  endfacet
  facet normal -1.950903e-01 -9.515015e-01 2.378754e-01
    outer loop
      vertex   1.207178e+02 -1.289471e+01 5.724737e+01
      vertex   1.203328e+02 -1.282040e+01 5.722879e+01
      vertex   1.203328e+02 -1.482800e+01 4.919841e+01
    endloop
  endfacet
  facet normal -1.950903e-01 -9.515015e-01 2.378754e-01
    outer loop
      vertex   1.207178e+02 -1.289471e+01 5.724737e+01
      vertex   1.203328e+02 -1.482800e+01 4.919841e+01
      vertex   1.207178e+02 -1.490230e+01 4.921698e+01
    endloop
  endfacet
  facet normal -1.175374e-01 -9.634179e-01 2.408545e-01
    outer loop
      vertex   1.211077e+02 -1.293947e+01 5.725856e+01
      vertex   1.207178e+02 -1.289471e+01 5.724737e+01
      vertex   1.207178e+02 -1.490230e+01 4.921698e+01
    endloop
  endfacet
  facet normal -1.175374e-01 -9.634179e-01 2.408545e-01
    outer loop
      vertex   1.211077e+02 -1.293947e+01 5.725856e+01
      vertex   1.207178e+02 -1.490230e+01 4.921698e+01
      vertex   1.211077e+02 -1.494707e+01 4.922817e+01
    endloop
  endfacet
  facet normal -3.925982e-02 0.000000e+00 9.992290e-01
    outer loop
      vertex   1.215000e+02 -6.096118e+00 6.908000e+01
      vertex   1.215000e+02 3.330669e-15 6.908000e+01
      vertex   1.211077e+02 -6.096118e+00 6.906459e+01
    endloop
  endfacet
  facet normal -3.925982e-02 0.000000e+00 9.992290e-01
    outer loop
      vertex   1.211077e+02 -6.096118e+00 6.906459e+01
      vertex   1.215000e+02 3.330669e-15 6.908000e+01
      vertex   1.211077e+02 4.440892e-15 6.906459e+01
    endloop
  endfacet
  facet normal -1.175374e-01 0.000000e+00 9.930685e-01
    outer loop
      vertex   1.211077e+02 -6.096118e+00 6.906459e+01
      vertex   1.211077e+02 4.440892e-15 6.906459e+01
      vertex   1.207178e+02 -6.096118e+00 6.901844e+01
    endloop
  endfacet
  facet normal -1.175374e-01 0.000000e+00 9.930685e-01
    outer loop
      vertex   1.207178e+02 -6.096118e+00 6.901844e+01
      vertex   1.211077e+02 4.440892e-15 6.906459e+01
      vertex   1.207178e+02 4.440892e-15 6.901844e+01
    endloop
  endfacet
  facet normal -1.950903e-01 0.000000e+00 9.807853e-01
    outer loop
      vertex   1.207178e+02 -6.096118e+00 6.901844e+01
      vertex   1.207178e+02 4.440892e-15 6.901844e+01
      vertex   1.203328e+02 -6.096118e+00 6.894185e+01
    endloop
  endfacet
  facet normal -1.950903e-01 0.000000e+00 9.807853e-01
    outer loop
      vertex   1.203328e+02 -6.096118e+00 6.894185e+01
      vertex   1.207178e+02 4.440892e-15 6.901844e+01
      vertex   1.203328e+02 4.440892e-15 6.894185e+01
    endloop
  endfacet
  facet normal -2.714404e-01 0.000000e+00 9.624552e-01
    outer loop
      vertex   1.203328e+02 -6.096118e+00 6.894185e+01
      vertex   1.203328e+02 4.440892e-15 6.894185e+01
      vertex   1.199549e+02 -6.096118e+00 6.883528e+01
    endloop
  endfacet
  facet normal -2.714404e-01 -6.327635e-16 9.624552e-01
    outer loop
      vertex   1.199549e+02 -6.096118e+00 6.883528e+01
      vertex   1.203328e+02 4.440892e-15 6.894185e+01
      vertex   1.199549e+02 4.440892e-15 6.883528e+01
    endloop
  endfacet
  facet normal -3.461171e-01 -8.068445e-16 9.381913e-01
    outer loop
      vertex   1.199549e+02 -6.096118e+00 6.883528e+01
      vertex   1.199549e+02 4.440892e-15 6.883528e+01
      vertex   1.195866e+02 -6.096118e+00 6.869940e+01
    endloop
  endfacet
  facet normal -3.461171e-01 -2.187048e-15 9.381913e-01
    outer loop
      vertex   1.195866e+02 -6.096118e+00 6.869940e+01
      vertex   1.199549e+02 4.440892e-15 6.883528e+01
      vertex   1.195866e+02 4.440892e-15 6.869940e+01
    endloop
  endfacet
  facet normal -4.186597e-01 -2.117001e-15 9.081432e-01
    outer loop
      vertex   1.195866e+02 -6.096118e+00 6.869940e+01
      vertex   1.195866e+02 4.440892e-15 6.869940e+01
      vertex   1.192300e+02 -6.096118e+00 6.853503e+01
    endloop
  endfacet
  facet normal -4.186597e-01 2.117001e-15 9.081432e-01
    outer loop
      vertex   1.192300e+02 -6.096118e+00 6.853503e+01
      vertex   1.195866e+02 4.440892e-15 6.869940e+01
      vertex   1.192300e+02 4.440892e-15 6.853503e+01
    endloop
  endfacet
  facet normal -4.886212e-01 2.033903e-15 8.724960e-01
    outer loop
      vertex   1.192300e+02 -6.096118e+00 6.853503e+01
      vertex   1.192300e+02 4.440892e-15 6.853503e+01
      vertex   1.188875e+02 -6.096118e+00 6.834320e+01
    endloop
  endfacet
  facet normal -4.886212e-01 0.000000e+00 8.724960e-01
    outer loop
      vertex   1.188875e+02 -6.096118e+00 6.834320e+01
      vertex   1.192300e+02 4.440892e-15 6.853503e+01
      vertex   1.188875e+02 4.440892e-15 6.834320e+01
    endloop
  endfacet
  facet normal -5.555702e-01 0.000000e+00 8.314696e-01
    outer loop
      vertex   1.188875e+02 -6.096118e+00 6.834320e+01
      vertex   1.188875e+02 4.440892e-15 6.834320e+01
      vertex   1.185611e+02 -6.096118e+00 6.812508e+01
    endloop
  endfacet
  facet normal -5.555702e-01 0.000000e+00 8.314696e-01
    outer loop
      vertex   1.185611e+02 -6.096118e+00 6.812508e+01
      vertex   1.188875e+02 4.440892e-15 6.834320e+01
      vertex   1.185611e+02 4.440892e-15 6.812508e+01
    endloop
  endfacet
  facet normal -6.190939e-01 0.000000e+00 7.853169e-01
    outer loop
      vertex   1.185611e+02 -6.096118e+00 6.812508e+01
      vertex   1.185611e+02 4.440892e-15 6.812508e+01
      vertex   1.182528e+02 -6.096118e+00 6.788203e+01
    endloop
  endfacet
  facet normal -6.190939e-01 0.000000e+00 7.853169e-01
    outer loop
      vertex   1.182528e+02 -6.096118e+00 6.788203e+01
      vertex   1.185611e+02 4.440892e-15 6.812508e+01
      vertex   1.182528e+02 4.440892e-15 6.788203e+01
    endloop
  endfacet
  facet normal -6.788007e-01 0.000000e+00 7.343225e-01
    outer loop
      vertex   1.182528e+02 -6.096118e+00 6.788203e+01
      vertex   1.182528e+02 4.440892e-15 6.788203e+01
      vertex   1.179645e+02 -6.096118e+00 6.761553e+01
    endloop
  endfacet
  facet normal -6.788007e-01 0.000000e+00 7.343225e-01
    outer loop
      vertex   1.179645e+02 -6.096118e+00 6.761553e+01
      vertex   1.182528e+02 4.440892e-15 6.788203e+01
      vertex   1.179645e+02 4.440892e-15 6.761553e+01
    endloop
  endfacet
  facet normal -7.343225e-01 0.000000e+00 6.788007e-01
    outer loop
      vertex   1.179645e+02 -6.096118e+00 6.761553e+01
      vertex   1.179645e+02 4.440892e-15 6.761553e+01
      vertex   1.176980e+02 -6.096118e+00 6.732724e+01
    endloop
  endfacet
  facet normal -7.343225e-01 0.000000e+00 6.788007e-01
    outer loop
      vertex   1.176980e+02 -6.096118e+00 6.732724e+01
      vertex   1.179645e+02 4.440892e-15 6.761553e+01
      vertex   1.176980e+02 4.440892e-15 6.732724e+01
    endloop
  endfacet
  facet normal -7.853169e-01 0.000000e+00 6.190939e-01
    outer loop
      vertex   1.176980e+02 -6.096118e+00 6.732724e+01
      vertex   1.176980e+02 4.440892e-15 6.732724e+01
      vertex   1.174549e+02 -6.096118e+00 6.701893e+01
    endloop
  endfacet
  facet normal -7.853169e-01 0.000000e+00 6.190939e-01
    outer loop
      vertex   1.174549e+02 -6.096118e+00 6.701893e+01
      vertex   1.176980e+02 4.440892e-15 6.732724e+01
      vertex   1.174549e+02 4.440892e-15 6.701893e+01
    endloop
  endfacet
  facet normal -8.314696e-01 0.000000e+00 5.555702e-01
    outer loop
      vertex   1.174549e+02 -6.096118e+00 6.701893e+01
      vertex   1.174549e+02 4.440892e-15 6.701893e+01
      vertex   1.172368e+02 -6.096118e+00 6.669249e+01
    endloop
  endfacet
  facet normal -8.314696e-01 0.000000e+00 5.555702e-01
    outer loop
      vertex   1.172368e+02 -6.096118e+00 6.669249e+01
      vertex   1.174549e+02 4.440892e-15 6.701893e+01
      vertex   1.172368e+02 4.440892e-15 6.669249e+01
    endloop
  endfacet
  facet normal -8.724960e-01 0.000000e+00 4.886212e-01
    outer loop
      vertex   1.172368e+02 -6.096118e+00 6.669249e+01
      vertex   1.172368e+02 4.440892e-15 6.669249e+01
      vertex   1.170450e+02 -6.096118e+00 6.634995e+01
    endloop
  endfacet
  facet normal -8.724960e-01 -2.033903e-15 4.886212e-01
    outer loop
      vertex   1.170450e+02 -6.096118e+00 6.634995e+01
      vertex   1.172368e+02 4.440892e-15 6.669249e+01
      vertex   1.170450e+02 4.440892e-15 6.634995e+01
    endloop
  endfacet
  facet normal -9.081432e-01 -2.117001e-15 4.186597e-01
    outer loop
      vertex   1.170450e+02 -6.096118e+00 6.634995e+01
      vertex   1.170450e+02 4.440892e-15 6.634995e+01
      vertex   1.168806e+02 -6.096118e+00 6.599342e+01
    endloop
  endfacet
  facet normal -9.081432e-01 0.000000e+00 4.186597e-01
    outer loop
      vertex   1.168806e+02 -6.096118e+00 6.599342e+01
      vertex   1.170450e+02 4.440892e-15 6.634995e+01
      vertex   1.168806e+02 4.440892e-15 6.599342e+01
    endloop
  endfacet
  facet normal -9.381913e-01 0.000000e+00 3.461171e-01
    outer loop
      vertex   1.168806e+02 -6.096118e+00 6.599342e+01
      vertex   1.168806e+02 4.440892e-15 6.599342e+01
      vertex   1.167447e+02 -6.096118e+00 6.562508e+01
    endloop
  endfacet
  facet normal -9.381913e-01 0.000000e+00 3.461171e-01
    outer loop
      vertex   1.167447e+02 -6.096118e+00 6.562508e+01
      vertex   1.168806e+02 4.440892e-15 6.599342e+01
      vertex   1.167447e+02 4.440892e-15 6.562508e+01
    endloop
  endfacet
  facet normal -9.624552e-01 0.000000e+00 2.714404e-01
    outer loop
      vertex   1.167447e+02 -6.096118e+00 6.562508e+01
      vertex   1.167447e+02 4.440892e-15 6.562508e+01
      vertex   1.166382e+02 -6.096118e+00 6.524723e+01
    endloop
  endfacet
  facet normal -9.624552e-01 0.000000e+00 2.714404e-01
    outer loop
      vertex   1.166382e+02 -6.096118e+00 6.524723e+01
      vertex   1.167447e+02 4.440892e-15 6.562508e+01
      vertex   1.166382e+02 4.440892e-15 6.524723e+01
    endloop
  endfacet
  facet normal -9.807853e-01 0.000000e+00 1.950903e-01
    outer loop
      vertex   1.166382e+02 -6.096118e+00 6.524723e+01
      vertex   1.166382e+02 4.440892e-15 6.524723e+01
      vertex   1.165616e+02 -6.096118e+00 6.486217e+01
    endloop
  endfacet
  facet normal -9.807853e-01 0.000000e+00 1.950903e-01
    outer loop
      vertex   1.165616e+02 -6.096118e+00 6.486217e+01
      vertex   1.166382e+02 4.440892e-15 6.524723e+01
      vertex   1.165616e+02 4.440892e-15 6.486217e+01
    endloop
  endfacet
  facet normal -9.930685e-01 0.000000e+00 1.175374e-01
    outer loop
      vertex   1.165616e+02 -6.096118e+00 6.486217e+01
      vertex   1.165616e+02 4.440892e-15 6.486217e+01
      vertex   1.165154e+02 -6.096118e+00 6.447230e+01
    endloop
  endfacet
  facet normal -9.930685e-01 -2.314974e-15 1.175374e-01
    outer loop
      vertex   1.165154e+02 -6.096118e+00 6.447230e+01
      vertex   1.165616e+02 4.440892e-15 6.486217e+01
      vertex   1.165154e+02 4.440892e-15 6.447230e+01
    endloop
  endfacet
  facet normal -9.992290e-01 -2.329335e-15 3.925982e-02
    outer loop
      vertex   1.165154e+02 -6.096118e+00 6.447230e+01
      vertex   1.165154e+02 4.440892e-15 6.447230e+01
      vertex   1.165000e+02 -6.096118e+00 6.408000e+01
    endloop
  endfacet
  facet normal -9.992290e-01 9.151981e-17 3.925982e-02
    outer loop
      vertex   1.165000e+02 -6.096118e+00 6.408000e+01
      vertex   1.165154e+02 4.440892e-15 6.447230e+01
      vertex   1.165000e+02 3.330669e-15 6.408000e+01
    endloop
  endfacet
  facet normal -1.770765e-02 -3.897864e-02 9.990831e-01
    outer loop
      vertex   1.215000e+02 -6.485669e+00 6.906480e+01
      vertex   1.215000e+02 -6.096118e+00 6.908000e+01
      vertex   1.212001e+02 -6.323804e+00 6.906580e+01
    endloop
  endfacet
  facet normal -3.925761e-02 -1.059901e-02 9.991729e-01
    outer loop
      vertex   1.212001e+02 -6.323804e+00 6.906580e+01
      vertex   1.215000e+02 -6.096118e+00 6.908000e+01
      vertex   1.211077e+02 -6.096118e+00 6.906459e+01
    endloop
  endfacet
  facet normal -1.011341e-01 -3.573381e-02 9.942309e-01
    outer loop
      vertex   1.212001e+02 -6.323804e+00 6.906580e+01
      vertex   1.211077e+02 -6.096118e+00 6.906459e+01
      vertex   1.208584e+02 -6.435731e+00 6.902702e+01
    endloop
  endfacet
  facet normal -1.175048e-01 -2.355822e-02 9.927928e-01
    outer loop
      vertex   1.208584e+02 -6.435731e+00 6.902702e+01
      vertex   1.211077e+02 -6.096118e+00 6.906459e+01
      vertex   1.207178e+02 -6.096118e+00 6.901844e+01
    endloop
  endfacet
  facet normal -1.719030e-01 -4.629927e-02 9.840253e-01
    outer loop
      vertex   1.208584e+02 -6.435731e+00 6.902702e+01
      vertex   1.207178e+02 -6.096118e+00 6.901844e+01
      vertex   1.205168e+02 -6.535497e+00 6.896266e+01
    endloop
  endfacet
  facet normal -1.779287e-01 -4.342344e-02 9.830848e-01
    outer loop
      vertex   1.205168e+02 -6.535497e+00 6.896266e+01
      vertex   1.207178e+02 -6.096118e+00 6.901844e+01
      vertex   1.204169e+02 -6.169679e+00 6.896074e+01
    endloop
  endfacet
  facet normal -2.401565e-01 -6.049045e-02 9.688476e-01
    outer loop
      vertex   1.205168e+02 -6.535497e+00 6.896266e+01
      vertex   1.204169e+02 -6.169679e+00 6.896074e+01
      vertex   1.201774e+02 -6.622489e+00 6.887310e+01
    endloop
  endfacet
  facet normal -2.401565e-01 -6.049045e-02 9.688476e-01
    outer loop
      vertex   1.201774e+02 -6.622489e+00 6.887310e+01
      vertex   1.204169e+02 -6.169679e+00 6.896074e+01
      vertex   1.200892e+02 -6.253676e+00 6.887426e+01
    endloop
  endfacet
  facet normal -3.065537e-01 -7.630723e-02 9.487898e-01
    outer loop
      vertex   1.201774e+02 -6.622489e+00 6.887310e+01
      vertex   1.200892e+02 -6.253676e+00 6.887426e+01
      vertex   1.198423e+02 -6.696174e+00 6.875890e+01
    endloop
  endfacet
  facet normal -3.065537e-01 -7.630723e-02 9.487898e-01
    outer loop
      vertex   1.198423e+02 -6.696174e+00 6.875890e+01
      vertex   1.200892e+02 -6.253676e+00 6.887426e+01
      vertex   1.197657e+02 -6.324824e+00 6.876399e+01
    endloop
  endfacet
  facet normal -3.719069e-01 -8.945961e-02 9.239493e-01
    outer loop
      vertex   1.198423e+02 -6.696174e+00 6.875890e+01
      vertex   1.197657e+02 -6.324824e+00 6.876399e+01
      vertex   1.195135e+02 -6.756100e+00 6.862075e+01
    endloop
  endfacet
  facet normal -3.719069e-01 -8.945961e-02 9.239493e-01
    outer loop
      vertex   1.195135e+02 -6.756100e+00 6.862075e+01
      vertex   1.197657e+02 -6.324824e+00 6.876399e+01
      vertex   1.194482e+02 -6.382687e+00 6.863060e+01
    endloop
  endfacet
  facet normal -4.358150e-01 -9.986684e-02 8.944786e-01
    outer loop
      vertex   1.195135e+02 -6.756100e+00 6.862075e+01
      vertex   1.194482e+02 -6.382687e+00 6.863060e+01
      vertex   1.191931e+02 -6.801898e+00 6.845951e+01
    endloop
  endfacet
  facet normal -4.358150e-01 -9.986684e-02 8.944786e-01
    outer loop
      vertex   1.191931e+02 -6.801898e+00 6.845951e+01
      vertex   1.194482e+02 -6.382687e+00 6.863060e+01
      vertex   1.191388e+02 -6.426908e+00 6.847491e+01
    endloop
  endfacet
  facet normal -4.978857e-01 -1.074651e-01 8.605586e-01
    outer loop
      vertex   1.191931e+02 -6.801898e+00 6.845951e+01
      vertex   1.191388e+02 -6.426908e+00 6.847491e+01
      vertex   1.188830e+02 -6.833287e+00 6.827617e+01
    endloop
  endfacet
  facet normal -4.978857e-01 -1.074651e-01 8.605586e-01
    outer loop
      vertex   1.188830e+02 -6.833287e+00 6.827617e+01
      vertex   1.191388e+02 -6.426908e+00 6.847491e+01
      vertex   1.188393e+02 -6.457217e+00 6.829788e+01
    endloop
  endfacet
  facet normal -5.577382e-01 -1.122076e-01 8.223975e-01
    outer loop
      vertex   1.188830e+02 -6.833287e+00 6.827617e+01
      vertex   1.188393e+02 -6.457217e+00 6.829788e+01
      vertex   1.185851e+02 -6.850076e+00 6.807185e+01
    endloop
  endfacet
  facet normal -5.577382e-01 -1.122076e-01 8.223975e-01
    outer loop
      vertex   1.185851e+02 -6.850076e+00 6.807185e+01
      vertex   1.188393e+02 -6.457217e+00 6.829788e+01
      vertex   1.185517e+02 -6.473427e+00 6.810059e+01
    endloop
  endfacet
  facet normal -6.150049e-01 -1.140654e-01 7.802294e-01
    outer loop
      vertex   1.185851e+02 -6.850076e+00 6.807185e+01
      vertex   1.185517e+02 -6.473427e+00 6.810059e+01
      vertex   1.183012e+02 -6.852160e+00 6.784780e+01
    endloop
  endfacet
  facet normal -6.150049e-01 -1.140654e-01 7.802294e-01
    outer loop
      vertex   1.183012e+02 -6.852160e+00 6.784780e+01
      vertex   1.185517e+02 -6.473427e+00 6.810059e+01
      vertex   1.182776e+02 -6.475440e+00 6.788426e+01
    endloop
  endfacet
  facet normal -6.693346e-01 -1.130271e-01 7.343133e-01
    outer loop
      vertex   1.183012e+02 -6.852160e+00 6.784780e+01
      vertex   1.182776e+02 -6.475440e+00 6.788426e+01
      vertex   1.180332e+02 -6.839528e+00 6.760540e+01
    endloop
  endfacet
  facet normal -6.693346e-01 -1.130271e-01 7.343133e-01
    outer loop
      vertex   1.180332e+02 -6.839528e+00 6.760540e+01
      vertex   1.182776e+02 -6.475440e+00 6.788426e+01
      vertex   1.180188e+02 -6.463242e+00 6.765021e+01
    endloop
  endfacet
  facet normal -7.203936e-01 -1.090989e-01 6.849310e-01
    outer loop
      vertex   1.180332e+02 -6.839528e+00 6.760540e+01
      vertex   1.180188e+02 -6.463242e+00 6.765021e+01
      vertex   1.177825e+02 -6.812256e+00 6.734614e+01
    endloop
  endfacet
  facet normal -7.203936e-01 -1.090989e-01 6.849310e-01
    outer loop
      vertex   1.177825e+02 -6.812256e+00 6.734614e+01
      vertex   1.180188e+02 -6.463242e+00 6.765021e+01
      vertex   1.177768e+02 -6.436909e+00 6.739987e+01
    endloop
  endfacet
  facet normal -7.678687e-01 -1.023051e-01 6.323854e-01
    outer loop
      vertex   1.177825e+02 -6.812256e+00 6.734614e+01
      vertex   1.177768e+02 -6.436909e+00 6.739987e+01
      vertex   1.175509e+02 -6.770512e+00 6.707161e+01
    endloop
  endfacet
  facet normal -7.678687e-01 -1.023051e-01 6.323854e-01
    outer loop
      vertex   1.175509e+02 -6.770512e+00 6.707161e+01
      vertex   1.177768e+02 -6.436909e+00 6.739987e+01
      vertex   1.175531e+02 -6.396602e+00 6.713479e+01
    endloop
  endfacet
  facet normal -8.114685e-01 -9.268732e-02 5.769991e-01
    outer loop
      vertex   1.175509e+02 -6.770512e+00 6.707161e+01
      vertex   1.175531e+02 -6.396602e+00 6.713479e+01
      vertex   1.173396e+02 -6.714552e+00 6.678349e+01
    endloop
  endfacet
  facet normal -8.114685e-01 -9.268732e-02 5.769991e-01
    outer loop
      vertex   1.173396e+02 -6.714552e+00 6.678349e+01
      vertex   1.175531e+02 -6.396602e+00 6.713479e+01
      vertex   1.173491e+02 -6.342569e+00 6.685659e+01
    endloop
  endfacet
  facet normal -8.509252e-01 -8.030457e-02 5.191121e-01
    outer loop
      vertex   1.173396e+02 -6.714552e+00 6.678349e+01
      vertex   1.173491e+02 -6.342569e+00 6.685659e+01
      vertex   1.171501e+02 -6.644719e+00 6.648355e+01
    endloop
  endfacet
  facet normal -8.509252e-01 -8.030457e-02 5.191121e-01
    outer loop
      vertex   1.171501e+02 -6.644719e+00 6.648355e+01
      vertex   1.173491e+02 -6.342569e+00 6.685659e+01
      vertex   1.171661e+02 -6.275141e+00 6.656698e+01
    endloop
  endfacet
  facet normal -8.859969e-01 -6.523287e-02 4.590797e-01
    outer loop
      vertex   1.171501e+02 -6.644719e+00 6.648355e+01
      vertex   1.171661e+02 -6.275141e+00 6.656698e+01
      vertex   1.169833e+02 -6.561443e+00 6.617364e+01
    endloop
  endfacet
  facet normal -8.859969e-01 -6.523287e-02 4.590797e-01
    outer loop
      vertex   1.169833e+02 -6.561443e+00 6.617364e+01
      vertex   1.171661e+02 -6.275141e+00 6.656698e+01
      vertex   1.170051e+02 -6.194732e+00 6.626774e+01
    endloop
  endfacet
  facet normal -9.164682e-01 -4.756473e-02 3.972702e-01
    outer loop
      vertex   1.169833e+02 -6.561443e+00 6.617364e+01
      vertex   1.170051e+02 -6.194732e+00 6.626774e+01
      vertex   1.168405e+02 -6.465235e+00 6.585565e+01
    endloop
  endfacet
  facet normal -9.164682e-01 -4.756473e-02 3.972702e-01
    outer loop
      vertex   1.168405e+02 -6.465235e+00 6.585565e+01
      vertex   1.170051e+02 -6.194732e+00 6.626774e+01
      vertex   1.168672e+02 -6.101835e+00 6.596070e+01
    endloop
  endfacet
  facet normal -9.391484e-01 -2.998142e-02 3.422009e-01
    outer loop
      vertex   1.168405e+02 -6.465235e+00 6.585565e+01
      vertex   1.168672e+02 -6.101835e+00 6.596070e+01
      vertex   1.167447e+02 -6.096118e+00 6.562508e+01
    endloop
  endfacet
  facet normal -9.162030e-01 2.152316e-01 3.380051e-01
    outer loop
      vertex   1.167447e+02 -6.096118e+00 6.562508e+01
      vertex   1.168672e+02 -6.101835e+00 6.596070e+01
      vertex   1.168806e+02 -6.096118e+00 6.599342e+01
    endloop
  endfacet
  facet normal -9.179329e-01 -7.541544e-02 3.895018e-01
    outer loop
      vertex   1.168806e+02 -6.096118e+00 6.599342e+01
      vertex   1.168672e+02 -6.101835e+00 6.596070e+01
      vertex   1.170051e+02 -6.194732e+00 6.626774e+01
    endloop
  endfacet
  facet normal -9.079952e-01 1.805238e-02 4.185915e-01
    outer loop
      vertex   1.168806e+02 -6.096118e+00 6.599342e+01
      vertex   1.170051e+02 -6.194732e+00 6.626774e+01
      vertex   1.170450e+02 -6.096118e+00 6.634995e+01
    endloop
  endfacet
  facet normal -8.837720e-01 -3.195185e-02 4.668256e-01
    outer loop
      vertex   1.170450e+02 -6.096118e+00 6.634995e+01
      vertex   1.170051e+02 -6.194732e+00 6.626774e+01
      vertex   1.171661e+02 -6.275141e+00 6.656698e+01
    endloop
  endfacet
  facet normal -8.724941e-01 2.099323e-03 4.886202e-01
    outer loop
      vertex   1.170450e+02 -6.096118e+00 6.634995e+01
      vertex   1.171661e+02 -6.275141e+00 6.656698e+01
      vertex   1.172368e+02 -6.096118e+00 6.669249e+01
    endloop
  endfacet
  facet normal -8.484644e-01 -3.506481e-02 5.280897e-01
    outer loop
      vertex   1.172368e+02 -6.096118e+00 6.669249e+01
      vertex   1.171661e+02 -6.275141e+00 6.656698e+01
      vertex   1.173491e+02 -6.342569e+00 6.685659e+01
    endloop
  endfacet
  facet normal -8.314358e-01 -9.021035e-03 5.555476e-01
    outer loop
      vertex   1.172368e+02 -6.096118e+00 6.669249e+01
      vertex   1.173491e+02 -6.342569e+00 6.685659e+01
      vertex   1.174549e+02 -6.096118e+00 6.701893e+01
    endloop
  endfacet
  facet normal -8.093963e-01 -3.853843e-02 5.859969e-01
    outer loop
      vertex   1.174549e+02 -6.096118e+00 6.701893e+01
      vertex   1.173491e+02 -6.342569e+00 6.685659e+01
      vertex   1.175531e+02 -6.396602e+00 6.713479e+01
    endloop
  endfacet
  facet normal -7.851910e-01 -1.790481e-02 6.189947e-01
    outer loop
      vertex   1.174549e+02 -6.096118e+00 6.701893e+01
      vertex   1.175531e+02 -6.396602e+00 6.713479e+01
      vertex   1.176980e+02 -6.096118e+00 6.732724e+01
    endloop
  endfacet
  facet normal -7.666767e-01 -4.075650e-02 6.407384e-01
    outer loop
      vertex   1.176980e+02 -6.096118e+00 6.732724e+01
      vertex   1.175531e+02 -6.396602e+00 6.713479e+01
      vertex   1.177768e+02 -6.436909e+00 6.739987e+01
    endloop
  endfacet
  facet normal -7.340902e-01 -2.515365e-02 6.785860e-01
    outer loop
      vertex   1.176980e+02 -6.096118e+00 6.732724e+01
      vertex   1.177768e+02 -6.436909e+00 6.739987e+01
      vertex   1.179645e+02 -6.096118e+00 6.761553e+01
    endloop
  endfacet
  facet normal -7.205276e-01 -4.123742e-02 6.921990e-01
    outer loop
      vertex   1.179645e+02 -6.096118e+00 6.761553e+01
      vertex   1.177768e+02 -6.436909e+00 6.739987e+01
      vertex   1.180188e+02 -6.463242e+00 6.765021e+01
    endloop
  endfacet
  facet normal -6.784730e-01 -3.107001e-02 7.339680e-01
    outer loop
      vertex   1.179645e+02 -6.096118e+00 6.761553e+01
      vertex   1.180188e+02 -6.463242e+00 6.765021e+01
      vertex   1.182528e+02 -6.096118e+00 6.788203e+01
    endloop
  endfacet
  facet normal -6.712074e-01 -3.964138e-02 7.402089e-01
    outer loop
      vertex   1.182528e+02 -6.096118e+00 6.788203e+01
      vertex   1.180188e+02 -6.463242e+00 6.765021e+01
      vertex   1.182776e+02 -6.475440e+00 6.788426e+01
    endloop
  endfacet
  facet normal -6.190015e-01 -3.595887e-02 7.845662e-01
    outer loop
      vertex   1.182528e+02 -6.096118e+00 6.788203e+01
      vertex   1.182776e+02 -6.475440e+00 6.788426e+01
      vertex   1.185517e+02 -6.473427e+00 6.810059e+01
    endloop
  endfacet
  facet normal -1.950107e-01 2.856438e-02 9.803851e-01
    outer loop
      vertex   1.207178e+02 -6.096118e+00 6.901844e+01
      vertex   1.203328e+02 -6.096118e+00 6.894185e+01
      vertex   1.204169e+02 -6.169679e+00 6.896074e+01
    endloop
  endfacet
  facet normal -2.468809e-01 -3.385118e-02 9.684544e-01
    outer loop
      vertex   1.204169e+02 -6.169679e+00 6.896074e+01
      vertex   1.203328e+02 -6.096118e+00 6.894185e+01
      vertex   1.200892e+02 -6.253676e+00 6.887426e+01
    endloop
  endfacet
  facet normal -2.714344e-01 6.683426e-03 9.624337e-01
    outer loop
      vertex   1.203328e+02 -6.096118e+00 6.894185e+01
      vertex   1.199549e+02 -6.096118e+00 6.883528e+01
      vertex   1.200892e+02 -6.253676e+00 6.887426e+01
    endloop
  endfacet
  facet normal -3.155800e-01 -3.445537e-02 9.482732e-01
    outer loop
      vertex   1.200892e+02 -6.253676e+00 6.887426e+01
      vertex   1.199549e+02 -6.096118e+00 6.883528e+01
      vertex   1.197657e+02 -6.324824e+00 6.876399e+01
    endloop
  endfacet
  facet normal -3.461107e-01 -6.043015e-03 9.381742e-01
    outer loop
      vertex   1.199549e+02 -6.096118e+00 6.883528e+01
      vertex   1.195866e+02 -6.096118e+00 6.869940e+01
      vertex   1.197657e+02 -6.324824e+00 6.876399e+01
    endloop
  endfacet
  facet normal -3.812489e-01 -3.764247e-02 9.237057e-01
    outer loop
      vertex   1.197657e+02 -6.324824e+00 6.876399e+01
      vertex   1.195866e+02 -6.096118e+00 6.869940e+01
      vertex   1.194482e+02 -6.382687e+00 6.863060e+01
    endloop
  endfacet
  facet normal -4.186072e-01 -1.583812e-02 9.080293e-01
    outer loop
      vertex   1.195866e+02 -6.096118e+00 6.869940e+01
      vertex   1.192300e+02 -6.096118e+00 6.853503e+01
      vertex   1.194482e+02 -6.382687e+00 6.863060e+01
    endloop
  endfacet
  facet normal -4.445623e-01 -3.998963e-02 8.948549e-01
    outer loop
      vertex   1.194482e+02 -6.382687e+00 6.863060e+01
      vertex   1.192300e+02 -6.096118e+00 6.853503e+01
      vertex   1.191388e+02 -6.426908e+00 6.847491e+01
    endloop
  endfacet
  facet normal -4.884832e-01 -2.376451e-02 8.722496e-01
    outer loop
      vertex   1.192300e+02 -6.096118e+00 6.853503e+01
      vertex   1.188875e+02 -6.096118e+00 6.834320e+01
      vertex   1.191388e+02 -6.426908e+00 6.847491e+01
    endloop
  endfacet
  facet normal -5.054323e-01 -4.075959e-02 8.619030e-01
    outer loop
      vertex   1.191388e+02 -6.426908e+00 6.847491e+01
      vertex   1.188875e+02 -6.096118e+00 6.834320e+01
      vertex   1.188393e+02 -6.457217e+00 6.829788e+01
    endloop
  endfacet
  facet normal -5.553162e-01 -3.023940e-02 8.310894e-01
    outer loop
      vertex   1.188875e+02 -6.096118e+00 6.834320e+01
      vertex   1.185611e+02 -6.096118e+00 6.812508e+01
      vertex   1.188393e+02 -6.457217e+00 6.829788e+01
    endloop
  endfacet
  facet normal -5.636589e-01 -3.955376e-02 8.250601e-01
    outer loop
      vertex   1.188393e+02 -6.457217e+00 6.829788e+01
      vertex   1.185611e+02 -6.096118e+00 6.812508e+01
      vertex   1.185517e+02 -6.473427e+00 6.810059e+01
    endloop
  endfacet
  facet normal -6.187021e-01 -3.557470e-02 7.848198e-01
    outer loop
      vertex   1.185611e+02 -6.096118e+00 6.812508e+01
      vertex   1.182528e+02 -6.096118e+00 6.788203e+01
      vertex   1.185517e+02 -6.473427e+00 6.810059e+01
    endloop
  endfacet
  facet normal -9.429425e-01 -3.810790e-02 3.307676e-01
    outer loop
      vertex   1.168405e+02 -6.465235e+00 6.585565e+01
      vertex   1.167447e+02 -6.096118e+00 6.562508e+01
      vertex   1.167224e+02 -6.356684e+00 6.553154e+01
    endloop
  endfacet
  facet normal -9.623449e-01 -1.513873e-02 2.714093e-01
    outer loop
      vertex   1.167224e+02 -6.356684e+00 6.553154e+01
      vertex   1.167447e+02 -6.096118e+00 6.562508e+01
      vertex   1.166382e+02 -6.096118e+00 6.524723e+01
    endloop
  endfacet
  facet normal -9.645003e-01 -2.513981e-02 2.628826e-01
    outer loop
      vertex   1.167224e+02 -6.356684e+00 6.553154e+01
      vertex   1.166382e+02 -6.096118e+00 6.524723e+01
      vertex   1.166298e+02 -6.236457e+00 6.520329e+01
    endloop
  endfacet
  facet normal -9.805554e-01 -3.318524e-03 1.962143e-01
    outer loop
      vertex   1.166298e+02 -6.236457e+00 6.520329e+01
      vertex   1.166382e+02 -6.096118e+00 6.524723e+01
      vertex   1.165633e+02 -6.105292e+00 6.487293e+01
    endloop
  endfacet
  facet normal -9.827530e-01 -5.077229e-02 1.778164e-01
    outer loop
      vertex   1.166298e+02 -6.236457e+00 6.520329e+01
      vertex   1.165633e+02 -6.105292e+00 6.487293e+01
      vertex   1.165555e+02 -6.456247e+00 6.472949e+01
    endloop
  endfacet
  facet normal -9.907766e-01 -3.175803e-02 1.317316e-01
    outer loop
      vertex   1.165555e+02 -6.456247e+00 6.472949e+01
      vertex   1.165633e+02 -6.105292e+00 6.487293e+01
      vertex   1.165616e+02 -6.096118e+00 6.486217e+01
    endloop
  endfacet
  facet normal -9.927202e-01 -2.648040e-02 1.174962e-01
    outer loop
      vertex   1.165555e+02 -6.456247e+00 6.472949e+01
      vertex   1.165616e+02 -6.096118e+00 6.486217e+01
      vertex   1.165154e+02 -6.096118e+00 6.447230e+01
    endloop
  endfacet
  facet normal -9.798194e-01 4.436990e-02 1.948982e-01
    outer loop
      vertex   1.166382e+02 -6.096118e+00 6.524723e+01
      vertex   1.165616e+02 -6.096118e+00 6.486217e+01
      vertex   1.165633e+02 -6.105292e+00 6.487293e+01
    endloop
  endfacet
  facet normal -9.937923e-01 -3.512348e-02 1.055609e-01
    outer loop
      vertex   1.165555e+02 -6.456247e+00 6.472949e+01
      vertex   1.165154e+02 -6.096118e+00 6.447230e+01
      vertex   1.165142e+02 -6.310897e+00 6.438956e+01
    endloop
  endfacet
  facet normal -9.991834e-01 -9.552076e-03 3.925802e-02
    outer loop
      vertex   1.165142e+02 -6.310897e+00 6.438956e+01
      vertex   1.165154e+02 -6.096118e+00 6.447230e+01
      vertex   1.165000e+02 -6.096118e+00 6.408000e+01
    endloop
  endfacet
  facet normal -9.991523e-01 -3.507857e-02 2.154565e-02
    outer loop
      vertex   1.165142e+02 -6.310897e+00 6.438956e+01
      vertex   1.165000e+02 -6.096118e+00 6.408000e+01
      vertex   1.165154e+02 -6.476700e+00 6.417515e+01
    endloop
  endfacet
  facet normal -9.948323e-01 -8.293207e-02 5.857453e-02
    outer loop
      vertex   1.165142e+02 -6.310897e+00 6.438956e+01
      vertex   1.165154e+02 -6.476700e+00 6.417515e+01
      vertex   1.165339e+02 -6.656565e+00 6.423486e+01
    endloop
  endfacet
  facet normal -9.592999e-01 -1.728601e-01 -2.233006e-01
    outer loop
      vertex   1.165339e+02 -6.656565e+00 6.423486e+01
      vertex   1.165154e+02 -6.476700e+00 6.417515e+01
      vertex   1.165616e+02 -6.854937e+00 6.426970e+01
    endloop
  endfacet
  facet normal -9.897904e-01 -1.262765e-01 6.609989e-02
    outer loop
      vertex   1.165339e+02 -6.656565e+00 6.423486e+01
      vertex   1.165616e+02 -6.854937e+00 6.426970e+01
      vertex   1.165761e+02 -6.805130e+00 6.458232e+01
    endloop
  endfacet
  facet normal -9.825336e-01 -1.712023e-01 7.292060e-02
    outer loop
      vertex   1.165761e+02 -6.805130e+00 6.458232e+01
      vertex   1.165616e+02 -6.854937e+00 6.426970e+01
      vertex   1.166250e+02 -7.149934e+00 6.443225e+01
    endloop
  endfacet
  facet normal -9.742136e-01 -1.907395e-01 1.205250e-01
    outer loop
      vertex   1.165761e+02 -6.805130e+00 6.458232e+01
      vertex   1.166250e+02 -7.149934e+00 6.443225e+01
      vertex   1.166461e+02 -6.943041e+00 6.492967e+01
    endloop
  endfacet
  facet normal -9.742136e-01 -1.907395e-01 1.205250e-01
    outer loop
      vertex   1.166461e+02 -6.943041e+00 6.492967e+01
      vertex   1.166250e+02 -7.149934e+00 6.443225e+01
      vertex   1.166961e+02 -7.290037e+00 6.478513e+01
    endloop
  endfacet
  facet normal -9.573213e-01 -2.174222e-01 1.904299e-01
    outer loop
      vertex   1.166461e+02 -6.943041e+00 6.492967e+01
      vertex   1.166961e+02 -7.290037e+00 6.478513e+01
      vertex   1.167434e+02 -7.069451e+00 6.527480e+01
    endloop
  endfacet
  facet normal -9.573213e-01 -2.174222e-01 1.904299e-01
    outer loop
      vertex   1.167434e+02 -7.069451e+00 6.527480e+01
      vertex   1.166961e+02 -7.290037e+00 6.478513e+01
      vertex   1.167950e+02 -7.418457e+00 6.513574e+01
    endloop
  endfacet
  facet normal -9.349598e-01 -2.417047e-01 2.596711e-01
    outer loop
      vertex   1.167434e+02 -7.069451e+00 6.527480e+01
      vertex   1.167950e+02 -7.418457e+00 6.513574e+01
      vertex   1.168676e+02 -7.183585e+00 6.561558e+01
    endloop
  endfacet
  facet normal -9.349598e-01 -2.417047e-01 2.596711e-01
    outer loop
      vertex   1.168676e+02 -7.183585e+00 6.561558e+01
      vertex   1.167950e+02 -7.418457e+00 6.513574e+01
      vertex   1.169211e+02 -7.534405e+00 6.548194e+01
    endloop
  endfacet
  facet normal -9.072663e-01 -2.634378e-01 3.278235e-01
    outer loop
      vertex   1.168676e+02 -7.183585e+00 6.561558e+01
      vertex   1.169211e+02 -7.534405e+00 6.548194e+01
      vertex   1.170178e+02 -7.284742e+00 6.594993e+01
    endloop
  endfacet
  facet normal -9.072663e-01 -2.634378e-01 3.278235e-01
    outer loop
      vertex   1.170178e+02 -7.284742e+00 6.594993e+01
      vertex   1.169211e+02 -7.534405e+00 6.548194e+01
      vertex   1.170737e+02 -7.637169e+00 6.582160e+01
    endloop
  endfacet
  facet normal -8.744110e-01 -2.824883e-01 3.944690e-01
    outer loop
      vertex   1.170178e+02 -7.284742e+00 6.594993e+01
      vertex   1.170737e+02 -7.637169e+00 6.582160e+01
      vertex   1.171930e+02 -7.372302e+00 6.627578e+01
    endloop
  endfacet
  facet normal -8.744110e-01 -2.824883e-01 3.944690e-01
    outer loop
      vertex   1.171930e+02 -7.372302e+00 6.627578e+01
      vertex   1.170737e+02 -7.637169e+00 6.582160e+01
      vertex   1.172518e+02 -7.726120e+00 6.615263e+01
    endloop
  endfacet
  facet normal -8.365953e-01 -2.987393e-01 4.591984e-01
    outer loop
      vertex   1.171930e+02 -7.372302e+00 6.627578e+01
      vertex   1.172518e+02 -7.726120e+00 6.615263e+01
      vertex   1.173924e+02 -7.445726e+00 6.659114e+01
    endloop
  endfacet
  facet normal -8.365953e-01 -2.987393e-01 4.591984e-01
    outer loop
      vertex   1.173924e+02 -7.445726e+00 6.659114e+01
      vertex   1.172518e+02 -7.726120e+00 6.615263e+01
      vertex   1.174543e+02 -7.800711e+00 6.647300e+01
    endloop
  endfacet
  facet normal -7.940514e-01 -3.120908e-01 5.216145e-01
    outer loop
      vertex   1.173924e+02 -7.445726e+00 6.659114e+01
      vertex   1.174543e+02 -7.800711e+00 6.647300e+01
      vertex   1.176145e+02 -7.504564e+00 6.689408e+01
    endloop
  endfacet
  facet normal -7.940514e-01 -3.120908e-01 5.216145e-01
    outer loop
      vertex   1.176145e+02 -7.504564e+00 6.689408e+01
      vertex   1.174543e+02 -7.800711e+00 6.647300e+01
      vertex   1.176799e+02 -7.860484e+00 6.678076e+01
    endloop
  endfacet
  facet normal -7.470404e-01 -3.224611e-01 5.813342e-01
    outer loop
      vertex   1.176145e+02 -7.504564e+00 6.689408e+01
      vertex   1.176799e+02 -7.860484e+00 6.678076e+01
      vertex   1.178581e+02 -7.548455e+00 6.718273e+01
    endloop
  endfacet
  facet normal -7.470404e-01 -3.224611e-01 5.813342e-01
    outer loop
      vertex   1.178581e+02 -7.548455e+00 6.718273e+01
      vertex   1.176799e+02 -7.860484e+00 6.678076e+01
      vertex   1.179274e+02 -7.905073e+00 6.707399e+01
    endloop
  endfacet
  facet normal -6.958509e-01 -3.297865e-01 6.379909e-01
    outer loop
      vertex   1.178581e+02 -7.548455e+00 6.718273e+01
      vertex   1.179274e+02 -7.905073e+00 6.707399e+01
      vertex   1.181216e+02 -7.577130e+00 6.745533e+01
    endloop
  endfacet
  facet normal -6.958509e-01 -3.297865e-01 6.379909e-01
    outer loop
      vertex   1.181216e+02 -7.577130e+00 6.745533e+01
      vertex   1.179274e+02 -7.905073e+00 6.707399e+01
      vertex   1.181951e+02 -7.934203e+00 6.735092e+01
    endloop
  endfacet
  facet normal -6.407970e-01 -3.340220e-01 6.912370e-01
    outer loop
      vertex   1.181216e+02 -7.577130e+00 6.745533e+01
      vertex   1.181951e+02 -7.934203e+00 6.735092e+01
      vertex   1.184034e+02 -7.590412e+00 6.771019e+01
    endloop
  endfacet
  facet normal -6.407970e-01 -3.340220e-01 6.912370e-01
    outer loop
      vertex   1.184034e+02 -7.590412e+00 6.771019e+01
      vertex   1.181951e+02 -7.934203e+00 6.735092e+01
      vertex   1.184814e+02 -7.947697e+00 6.760984e+01
    endloop
  endfacet
  facet normal -5.822166e-01 -3.351416e-01 7.407456e-01
    outer loop
      vertex   1.184034e+02 -7.590412e+00 6.771019e+01
      vertex   1.184814e+02 -7.947697e+00 6.760984e+01
      vertex   1.187019e+02 -7.588220e+00 6.794576e+01
    endloop
  endfacet
  facet normal -5.822166e-01 -3.351416e-01 7.407456e-01
    outer loop
      vertex   1.187019e+02 -7.588220e+00 6.794576e+01
      vertex   1.184814e+02 -7.947697e+00 6.760984e+01
      vertex   1.187846e+02 -7.945470e+00 6.784915e+01
    endloop
  endfacet
  facet normal -5.204692e-01 -3.331384e-01 7.862128e-01
    outer loop
      vertex   1.187019e+02 -7.588220e+00 6.794576e+01
      vertex   1.187846e+02 -7.945470e+00 6.784915e+01
      vertex   1.190151e+02 -7.570568e+00 6.816060e+01
    endloop
  endfacet
  facet normal -5.204692e-01 -3.331384e-01 7.862128e-01
    outer loop
      vertex   1.190151e+02 -7.570568e+00 6.816060e+01
      vertex   1.187846e+02 -7.945470e+00 6.784915e+01
      vertex   1.191028e+02 -7.927538e+00 6.806740e+01
    endloop
  endfacet
  facet normal -4.559340e-01 -3.280248e-01 8.273596e-01
    outer loop
      vertex   1.190151e+02 -7.570568e+00 6.816060e+01
      vertex   1.191028e+02 -7.927538e+00 6.806740e+01
      vertex   1.193412e+02 -7.537564e+00 6.835337e+01
    endloop
  endfacet
  facet normal -4.559340e-01 -3.280248e-01 8.273596e-01
    outer loop
      vertex   1.193412e+02 -7.537564e+00 6.835337e+01
      vertex   1.191028e+02 -7.927538e+00 6.806740e+01
      vertex   1.194341e+02 -7.894009e+00 6.826324e+01
    endloop
  endfacet
  facet normal -3.890068e-01 -3.198321e-01 8.639335e-01
    outer loop
      vertex   1.193412e+02 -7.537564e+00 6.835337e+01
      vertex   1.194341e+02 -7.894009e+00 6.826324e+01
      vertex   1.196781e+02 -7.489411e+00 6.852290e+01
    endloop
  endfacet
  facet normal -3.890068e-01 -3.198321e-01 8.639335e-01
    outer loop
      vertex   1.196781e+02 -7.489411e+00 6.852290e+01
      vertex   1.194341e+02 -7.894009e+00 6.826324e+01
      vertex   1.197763e+02 -7.845090e+00 6.843546e+01
    endloop
  endfacet
  facet normal -3.200985e-01 -3.086106e-01 8.957100e-01
    outer loop
      vertex   1.196781e+02 -7.489411e+00 6.852290e+01
      vertex   1.197763e+02 -7.845090e+00 6.843546e+01
      vertex   1.200238e+02 -7.426403e+00 6.866815e+01
    endloop
  endfacet
  facet normal -3.200985e-01 -3.086106e-01 8.957100e-01
    outer loop
      vertex   1.200238e+02 -7.426403e+00 6.866815e+01
      vertex   1.197763e+02 -7.845090e+00 6.843546e+01
      vertex   1.201275e+02 -7.781081e+00 6.858302e+01
    endloop
  endfacet
  facet normal -2.496321e-01 -2.944292e-01 9.224941e-01
    outer loop
      vertex   1.200238e+02 -7.426403e+00 6.866815e+01
      vertex   1.201275e+02 -7.781081e+00 6.858302e+01
      vertex   1.203761e+02 -7.348928e+00 6.878823e+01
    endloop
  endfacet
  facet normal -2.496321e-01 -2.944292e-01 9.224941e-01
    outer loop
      vertex   1.203761e+02 -7.348928e+00 6.878823e+01
      vertex   1.201275e+02 -7.781081e+00 6.858302e+01
      vertex   1.204855e+02 -7.702375e+00 6.870500e+01
    endloop
  endfacet
  facet normal -1.780400e-01 -2.773749e-01 9.441213e-01
    outer loop
      vertex   1.203761e+02 -7.348928e+00 6.878823e+01
      vertex   1.204855e+02 -7.702375e+00 6.870500e+01
      vertex   1.207330e+02 -7.257461e+00 6.888239e+01
    endloop
  endfacet
  facet normal -1.780400e-01 -2.773749e-01 9.441213e-01
    outer loop
      vertex   1.207330e+02 -7.257461e+00 6.888239e+01
      vertex   1.204855e+02 -7.702375e+00 6.870500e+01
      vertex   1.208480e+02 -7.609455e+00 6.880067e+01
    endloop
  endfacet
  facet normal -1.057616e-01 -2.575524e-01 9.604589e-01
    outer loop
      vertex   1.207330e+02 -7.257461e+00 6.888239e+01
      vertex   1.208480e+02 -7.609455e+00 6.880067e+01
      vertex   1.210921e+02 -7.152564e+00 6.895007e+01
    endloop
  endfacet
  facet normal -1.057616e-01 -2.575524e-01 9.604589e-01
    outer loop
      vertex   1.210921e+02 -7.152564e+00 6.895007e+01
      vertex   1.208480e+02 -7.609455e+00 6.880067e+01
      vertex   1.212128e+02 -7.502891e+00 6.886942e+01
    endloop
  endfacet
  facet normal -4.520137e-02 -2.388801e-01 9.699965e-01
    outer loop
      vertex   1.210921e+02 -7.152564e+00 6.895007e+01
      vertex   1.212128e+02 -7.502891e+00 6.886942e+01
      vertex   1.215000e+02 -7.255313e+00 6.894377e+01
    endloop
  endfacet
  facet normal -1.690787e-02 -2.695469e-01 9.628388e-01
    outer loop
      vertex   1.215000e+02 -7.255313e+00 6.894377e+01
      vertex   1.212128e+02 -7.502891e+00 6.886942e+01
      vertex   1.215000e+02 -7.630727e+00 6.883867e+01
    endloop
  endfacet
  facet normal -3.800348e-02 -3.135584e-01 9.488081e-01
    outer loop
      vertex   1.215000e+02 -7.630727e+00 6.883867e+01
      vertex   1.212128e+02 -7.502891e+00 6.886942e+01
      vertex   1.213352e+02 -7.845125e+00 6.876122e+01
    endloop
  endfacet
  facet normal 5.920435e-03 -3.437857e-01 9.390295e-01
    outer loop
      vertex   1.215000e+02 -7.630727e+00 6.883867e+01
      vertex   1.213352e+02 -7.845125e+00 6.876122e+01
      vertex   1.215000e+02 -7.996812e+00 6.870465e+01
    endloop
  endfacet
  facet normal -4.351654e-02 -3.902717e-01 9.196708e-01
    outer loop
      vertex   1.215000e+02 -7.996812e+00 6.870465e+01
      vertex   1.213352e+02 -7.845125e+00 6.876122e+01
      vertex   1.214585e+02 -8.177299e+00 6.862609e+01
    endloop
  endfacet
  facet normal 8.716646e-02 -4.143249e-01 9.059453e-01
    outer loop
      vertex   1.215000e+02 -7.996812e+00 6.870465e+01
      vertex   1.214585e+02 -8.177299e+00 6.862609e+01
      vertex   1.215000e+02 -8.351342e+00 6.854251e+01
    endloop
  endfacet
  facet normal -4.038833e-02 -4.403762e-01 8.969045e-01
    outer loop
      vertex   1.215000e+02 -8.351342e+00 6.854251e+01
      vertex   1.214585e+02 -8.177299e+00 6.862609e+01
      vertex   1.210886e+02 -8.285352e+00 6.855638e+01
    endloop
  endfacet
  facet normal -4.441517e-02 -4.630279e-01 8.852302e-01
    outer loop
      vertex   1.215000e+02 -8.351342e+00 6.854251e+01
      vertex   1.210886e+02 -8.285352e+00 6.855638e+01
      vertex   1.212128e+02 -8.605368e+00 6.839522e+01
    endloop
  endfacet
  facet normal -1.067631e-01 -4.799458e-01 8.707776e-01
    outer loop
      vertex   1.212128e+02 -8.605368e+00 6.839522e+01
      vertex   1.210886e+02 -8.285352e+00 6.855638e+01
      vertex   1.208458e+02 -8.699424e+00 6.829839e+01
    endloop
  endfacet
  facet normal -8.159136e-02 -5.424599e-01 8.361101e-01
    outer loop
      vertex   1.212128e+02 -8.605368e+00 6.839522e+01
      vertex   1.208458e+02 -8.699424e+00 6.829839e+01
      vertex   1.209744e+02 -9.004303e+00 6.811314e+01
    endloop
  endfacet
  facet normal -1.543550e-01 -5.597933e-01 8.141290e-01
    outer loop
      vertex   1.209744e+02 -9.004303e+00 6.811314e+01
      vertex   1.208458e+02 -8.699424e+00 6.829839e+01
      vertex   1.206148e+02 -9.083375e+00 6.799059e+01
    endloop
  endfacet
  facet normal -1.279604e-01 -6.190135e-01 7.748861e-01
    outer loop
      vertex   1.209744e+02 -9.004303e+00 6.811314e+01
      vertex   1.206148e+02 -9.083375e+00 6.799059e+01
      vertex   1.207512e+02 -9.370474e+00 6.778376e+01
    endloop
  endfacet
  facet normal -1.988381e-01 -6.332777e-01 7.479457e-01
    outer loop
      vertex   1.207512e+02 -9.370474e+00 6.778376e+01
      vertex   1.206148e+02 -9.083375e+00 6.799059e+01
      vertex   1.204030e+02 -9.433926e+00 6.763749e+01
    endloop
  endfacet
  facet normal -1.705583e-01 -6.887133e-01 7.046870e-01
    outer loop
      vertex   1.207512e+02 -9.370474e+00 6.778376e+01
      vertex   1.204030e+02 -9.433926e+00 6.763749e+01
      vertex   1.205504e+02 -9.700971e+00 6.741217e+01
    endloop
  endfacet
  facet normal -2.387451e-01 -6.998173e-01 6.732432e-01
    outer loop
      vertex   1.205504e+02 -9.700971e+00 6.741217e+01
      vertex   1.204030e+02 -9.433926e+00 6.763749e+01
      vertex   1.202177e+02 -9.748532e+00 6.724472e+01
    endloop
  endfacet
  facet normal -2.079686e-01 -7.510529e-01 6.266328e-01
    outer loop
      vertex   1.205504e+02 -9.700971e+00 6.741217e+01
      vertex   1.202177e+02 -9.748532e+00 6.724472e+01
      vertex   1.203790e+02 -9.993636e+00 6.700448e+01
    endloop
  endfacet
  facet normal -2.727231e-01 -7.589797e-01 5.912461e-01
    outer loop
      vertex   1.203790e+02 -9.993636e+00 6.700448e+01
      vertex   1.202177e+02 -9.748532e+00 6.724472e+01
      vertex   1.200651e+02 -1.002541e+01 6.681891e+01
    endloop
  endfacet
  facet normal -2.389056e-01 -8.056780e-01 5.420398e-01
    outer loop
      vertex   1.203790e+02 -9.993636e+00 6.700448e+01
      vertex   1.200651e+02 -1.002541e+01 6.681891e+01
      vertex   1.202428e+02 -1.024708e+01 6.656774e+01
    endloop
  endfacet
  facet normal -2.995679e-01 -8.104847e-01 5.033623e-01
    outer loop
      vertex   1.202428e+02 -1.024708e+01 6.656774e+01
      vertex   1.200651e+02 -1.002541e+01 6.681891e+01
      vertex   1.199508e+02 -1.026354e+01 6.636750e+01
    endloop
  endfacet
  facet normal -2.622478e-01 -8.523887e-01 4.523931e-01
    outer loop
      vertex   1.202428e+02 -1.024708e+01 6.656774e+01
      vertex   1.199508e+02 -1.026354e+01 6.636750e+01
      vertex   1.201470e+02 -1.046070e+01 6.610974e+01
    endloop
  endfacet
  facet normal -3.182545e-01 -8.542056e-01 4.111530e-01
    outer loop
      vertex   1.201470e+02 -1.046070e+01 6.610974e+01
      vertex   1.199508e+02 -1.026354e+01 6.636750e+01
      vertex   1.198795e+02 -1.046266e+01 6.589863e+01
    endloop
  endfacet
  facet normal -2.770667e-01 -8.911381e-01 3.593145e-01
    outer loop
      vertex   1.201470e+02 -1.046070e+01 6.610974e+01
      vertex   1.198795e+02 -1.046266e+01 6.589863e+01
      vertex   1.200958e+02 -1.063463e+01 6.563888e+01
    endloop
  endfacet
  facet normal -3.279647e-01 -8.901654e-01 3.162986e-01
    outer loop
      vertex   1.200958e+02 -1.063463e+01 6.563888e+01
      vertex   1.198795e+02 -1.046266e+01 6.589863e+01
      vertex   1.198548e+02 -1.062327e+01 6.542095e+01
    endloop
  endfacet
  facet normal -2.867084e-01 -9.194331e-01 2.691488e-01
    outer loop
      vertex   1.200958e+02 -1.063463e+01 6.563888e+01
      vertex   1.198548e+02 -1.062327e+01 6.542095e+01
      vertex   1.199549e+02 -1.070942e+01 6.523333e+01
    endloop
  endfacet
  facet normal -3.461123e-01 -9.088991e-01 2.326127e-01
    outer loop
      vertex   1.199549e+02 -1.070942e+01 6.523333e+01
      vertex   1.198548e+02 -1.062327e+01 6.542095e+01
      vertex   1.195866e+02 -1.057759e+01 6.520037e+01
    endloop
  endfacet
  facet normal -3.743168e-01 -8.866614e-01 2.715116e-01
    outer loop
      vertex   1.195866e+02 -1.057759e+01 6.520037e+01
      vertex   1.198548e+02 -1.062327e+01 6.542095e+01
      vertex   1.196270e+02 -1.045076e+01 6.567023e+01
    endloop
  endfacet
  facet normal -3.771403e-01 -8.854869e-01 2.714372e-01
    outer loop
      vertex   1.195866e+02 -1.057759e+01 6.520037e+01
      vertex   1.196270e+02 -1.045076e+01 6.567023e+01
      vertex   1.193908e+02 -1.042506e+01 6.542595e+01
    endloop
  endfacet
  facet normal -4.213242e-01 -8.493484e-01 3.179515e-01
    outer loop
      vertex   1.193908e+02 -1.042506e+01 6.542595e+01
      vertex   1.196270e+02 -1.045076e+01 6.567023e+01
      vertex   1.194099e+02 -1.025320e+01 6.591037e+01
    endloop
  endfacet
  facet normal -4.213242e-01 -8.493484e-01 3.179515e-01
    outer loop
      vertex   1.193908e+02 -1.042506e+01 6.542595e+01
      vertex   1.194099e+02 -1.025320e+01 6.591037e+01
      vertex   1.191643e+02 -1.022647e+01 6.565629e+01
    endloop
  endfacet
  facet normal -4.644241e-01 -8.073340e-01 3.640359e-01
    outer loop
      vertex   1.191643e+02 -1.022647e+01 6.565629e+01
      vertex   1.194099e+02 -1.025320e+01 6.591037e+01
      vertex   1.192049e+02 -1.003172e+01 6.613997e+01
    endloop
  endfacet
  facet normal -4.644241e-01 -8.073340e-01 3.640359e-01
    outer loop
      vertex   1.191643e+02 -1.022647e+01 6.565629e+01
      vertex   1.192049e+02 -1.003172e+01 6.613997e+01
      vertex   1.189512e+02 -1.000412e+01 6.587756e+01
    endloop
  endfacet
  facet normal -5.048519e-01 -7.606842e-01 4.080247e-01
    outer loop
      vertex   1.189512e+02 -1.000412e+01 6.587756e+01
      vertex   1.192049e+02 -1.003172e+01 6.613997e+01
      vertex   1.190131e+02 -9.787611e+00 6.635773e+01
    endloop
  endfacet
  facet normal -5.048519e-01 -7.606842e-01 4.080247e-01
    outer loop
      vertex   1.189512e+02 -1.000412e+01 6.587756e+01
      vertex   1.190131e+02 -9.787611e+00 6.635773e+01
      vertex   1.187528e+02 -9.759289e+00 6.608849e+01
    endloop
  endfacet
  facet normal -5.423764e-01 -7.096675e-01 4.496663e-01
    outer loop
      vertex   1.187528e+02 -9.759289e+00 6.608849e+01
      vertex   1.190131e+02 -9.787611e+00 6.635773e+01
      vertex   1.188355e+02 -9.522264e+00 6.656238e+01
    endloop
  endfacet
  facet normal -5.423764e-01 -7.096675e-01 4.496663e-01
    outer loop
      vertex   1.187528e+02 -9.759289e+00 6.608849e+01
      vertex   1.188355e+02 -9.522264e+00 6.656238e+01
      vertex   1.185702e+02 -9.493387e+00 6.628786e+01
    endloop
  endfacet
  facet normal -5.767833e-01 -6.545772e-01 4.887226e-01
    outer loop
      vertex   1.185702e+02 -9.493387e+00 6.628786e+01
      vertex   1.188355e+02 -9.522264e+00 6.656238e+01
      vertex   1.186734e+02 -9.237209e+00 6.675276e+01
    endloop
  endfacet
  facet normal -5.767833e-01 -6.545772e-01 4.887226e-01
    outer loop
      vertex   1.185702e+02 -9.493387e+00 6.628786e+01
      vertex   1.186734e+02 -9.237209e+00 6.675276e+01
      vertex   1.184044e+02 -9.207943e+00 6.647454e+01
    endloop
  endfacet
  facet normal -6.078758e-01 -5.957292e-01 5.249702e-01
    outer loop
      vertex   1.184044e+02 -9.207943e+00 6.647454e+01
      vertex   1.186734e+02 -9.237209e+00 6.675276e+01
      vertex   1.185274e+02 -8.934086e+00 6.692776e+01
    endloop
  endfacet
  facet normal -6.078758e-01 -5.957292e-01 5.249702e-01
    outer loop
      vertex   1.184044e+02 -9.207943e+00 6.647454e+01
      vertex   1.185274e+02 -8.934086e+00 6.692776e+01
      vertex   1.182564e+02 -8.904600e+00 6.664744e+01
    endloop
  endfacet
  facet normal -6.354763e-01 -5.334610e-01 5.582018e-01
    outer loop
      vertex   1.182564e+02 -8.904600e+00 6.664744e+01
      vertex   1.185274e+02 -8.934086e+00 6.692776e+01
      vertex   1.183986e+02 -8.614639e+00 6.708638e+01
    endloop
  endfacet
  facet normal -6.354763e-01 -5.334610e-01 5.582018e-01
    outer loop
      vertex   1.182564e+02 -8.904600e+00 6.664744e+01
      vertex   1.183986e+02 -8.614639e+00 6.708638e+01
      vertex   1.181271e+02 -8.585101e+00 6.680558e+01
    endloop
  endfacet
  facet normal -6.594269e-01 -4.681292e-01 5.882272e-01
    outer loop
      vertex   1.181271e+02 -8.585101e+00 6.680558e+01
      vertex   1.183986e+02 -8.614639e+00 6.708638e+01
      vertex   1.182876e+02 -8.280704e+00 6.722770e+01
    endloop
  endfacet
  facet normal -6.594269e-01 -4.681292e-01 5.882272e-01
    outer loop
      vertex   1.181271e+02 -8.585101e+00 6.680558e+01
      vertex   1.182876e+02 -8.280704e+00 6.722770e+01
      vertex   1.180172e+02 -8.251286e+00 6.694804e+01
    endloop
  endfacet
  facet normal -6.795903e-01 -4.001079e-01 6.148745e-01
    outer loop
      vertex   1.180172e+02 -8.251286e+00 6.694804e+01
      vertex   1.182876e+02 -8.280704e+00 6.722770e+01
      vertex   1.181951e+02 -7.934203e+00 6.735092e+01
    endloop
  endfacet
  facet normal -6.795903e-01 -4.001079e-01 6.148745e-01
    outer loop
      vertex   1.180172e+02 -8.251286e+00 6.694804e+01
      vertex   1.181951e+02 -7.934203e+00 6.735092e+01
      vertex   1.179274e+02 -7.905073e+00 6.707399e+01
    endloop
  endfacet
  facet normal -9.806774e-01 -1.928414e-01 3.292386e-02
    outer loop
      vertex   1.165616e+02 -6.854937e+00 6.426970e+01
      vertex   1.166382e+02 -7.228494e+00 6.436309e+01
      vertex   1.166250e+02 -7.149934e+00 6.443225e+01
    endloop
  endfacet
  facet normal -9.644131e-01 -2.461390e-01 9.655544e-02
    outer loop
      vertex   1.166250e+02 -7.149934e+00 6.443225e+01
      vertex   1.166382e+02 -7.228494e+00 6.436309e+01
      vertex   1.166961e+02 -7.290037e+00 6.478513e+01
    endloop
  endfacet
  facet normal -9.620255e-01 -2.559710e-01 9.479377e-02
    outer loop
      vertex   1.166382e+02 -7.228494e+00 6.436309e+01
      vertex   1.167447e+02 -7.595071e+00 6.445474e+01
      vertex   1.166961e+02 -7.290037e+00 6.478513e+01
    endloop
  endfacet
  facet normal -9.591033e-01 -2.638475e-01 1.024957e-01
    outer loop
      vertex   1.166961e+02 -7.290037e+00 6.478513e+01
      vertex   1.167447e+02 -7.595071e+00 6.445474e+01
      vertex   1.167738e+02 -7.630166e+00 6.463653e+01
    endloop
  endfacet
  facet normal -9.444204e-01 -2.862998e-01 1.615626e-01
    outer loop
      vertex   1.166961e+02 -7.290037e+00 6.478513e+01
      vertex   1.167738e+02 -7.630166e+00 6.463653e+01
      vertex   1.167950e+02 -7.418457e+00 6.513574e+01
    endloop
  endfacet
  facet normal -9.444204e-01 -2.862998e-01 1.615626e-01
    outer loop
      vertex   1.167950e+02 -7.418457e+00 6.513574e+01
      vertex   1.167738e+02 -7.630166e+00 6.463653e+01
      vertex   1.168737e+02 -7.759856e+00 6.499061e+01
    endloop
  endfacet
  facet normal -9.217716e-01 -3.108943e-01 2.316935e-01
    outer loop
      vertex   1.167950e+02 -7.418457e+00 6.513574e+01
      vertex   1.168737e+02 -7.759856e+00 6.499061e+01
      vertex   1.169211e+02 -7.534405e+00 6.548194e+01
    endloop
  endfacet
  facet normal -9.217716e-01 -3.108943e-01 2.316935e-01
    outer loop
      vertex   1.169211e+02 -7.534405e+00 6.548194e+01
      vertex   1.168737e+02 -7.759856e+00 6.499061e+01
      vertex   1.170011e+02 -7.876951e+00 6.534023e+01
    endloop
  endfacet
  facet normal -8.937223e-01 -3.329067e-01 3.007217e-01
    outer loop
      vertex   1.169211e+02 -7.534405e+00 6.548194e+01
      vertex   1.170011e+02 -7.876951e+00 6.534023e+01
      vertex   1.170737e+02 -7.637169e+00 6.582160e+01
    endloop
  endfacet
  facet normal -8.937223e-01 -3.329067e-01 3.007217e-01
    outer loop
      vertex   1.170737e+02 -7.637169e+00 6.582160e+01
      vertex   1.170011e+02 -7.876951e+00 6.534023e+01
      vertex   1.171551e+02 -7.980732e+00 6.568325e+01
    endloop
  endfacet
  facet normal -8.604448e-01 -3.522020e-01 3.682235e-01
    outer loop
      vertex   1.170737e+02 -7.637169e+00 6.582160e+01
      vertex   1.171551e+02 -7.980732e+00 6.568325e+01
      vertex   1.172518e+02 -7.726120e+00 6.615263e+01
    endloop
  endfacet
  facet normal -8.604448e-01 -3.522020e-01 3.682235e-01
    outer loop
      vertex   1.172518e+02 -7.726120e+00 6.615263e+01
      vertex   1.171551e+02 -7.980732e+00 6.568325e+01
      vertex   1.173350e+02 -8.070563e+00 6.601756e+01
    endloop
  endfacet
  facet normal -8.221432e-01 -3.686617e-01 4.337847e-01
    outer loop
      vertex   1.172518e+02 -7.726120e+00 6.615263e+01
      vertex   1.173350e+02 -8.070563e+00 6.601756e+01
      vertex   1.174543e+02 -7.800711e+00 6.647300e+01
    endloop
  endfacet
  facet normal -8.221432e-01 -3.686617e-01 4.337847e-01
    outer loop
      vertex   1.174543e+02 -7.800711e+00 6.647300e+01
      vertex   1.173350e+02 -8.070563e+00 6.601756e+01
      vertex   1.175395e+02 -8.145891e+00 6.634110e+01
    endloop
  endfacet
  facet normal -7.790526e-01 -3.821849e-01 4.970028e-01
    outer loop
      vertex   1.174543e+02 -7.800711e+00 6.647300e+01
      vertex   1.175395e+02 -8.145891e+00 6.634110e+01
      vertex   1.176799e+02 -7.860484e+00 6.678076e+01
    endloop
  endfacet
  facet normal -7.790526e-01 -3.821849e-01 4.970028e-01
    outer loop
      vertex   1.176799e+02 -7.860484e+00 6.678076e+01
      vertex   1.175395e+02 -8.145891e+00 6.634110e+01
      vertex   1.177674e+02 -8.206256e+00 6.665190e+01
    endloop
  endfacet
  facet normal -7.314376e-01 -3.926884e-01 5.574898e-01
    outer loop
      vertex   1.176799e+02 -7.860484e+00 6.678076e+01
      vertex   1.177674e+02 -8.206256e+00 6.665190e+01
      vertex   1.179274e+02 -7.905073e+00 6.707399e+01
    endloop
  endfacet
  facet normal -7.314376e-01 -3.926884e-01 5.574898e-01
    outer loop
      vertex   1.179274e+02 -7.905073e+00 6.707399e+01
      vertex   1.177674e+02 -8.206256e+00 6.665190e+01
      vertex   1.180172e+02 -8.251286e+00 6.694804e+01
    endloop
  endfacet
  facet normal -9.381904e-01 -3.354366e-01 8.532940e-02
    outer loop
      vertex   1.167447e+02 -7.595071e+00 6.445474e+01
      vertex   1.168806e+02 -7.952405e+00 6.454407e+01
      vertex   1.167738e+02 -7.630166e+00 6.463653e+01
    endloop
  endfacet
  facet normal -9.283162e-01 -3.464155e-01 1.350010e-01
    outer loop
      vertex   1.167738e+02 -7.630166e+00 6.463653e+01
      vertex   1.168806e+02 -7.952405e+00 6.454407e+01
      vertex   1.168737e+02 -7.759856e+00 6.499061e+01
    endloop
  endfacet
  facet normal -9.239394e-01 -3.562677e-01 1.393171e-01
    outer loop
      vertex   1.168737e+02 -7.759856e+00 6.499061e+01
      vertex   1.168806e+02 -7.952405e+00 6.454407e+01
      vertex   1.169790e+02 -8.091685e+00 6.484024e+01
    endloop
  endfacet
  facet normal -9.080922e-01 -4.035679e-01 1.118099e-01
    outer loop
      vertex   1.169790e+02 -8.091685e+00 6.484024e+01
      vertex   1.168806e+02 -7.952405e+00 6.454407e+01
      vertex   1.170450e+02 -8.298295e+00 6.463054e+01
    endloop
  endfacet
  facet normal -8.870720e-01 -4.363361e-01 1.507122e-01
    outer loop
      vertex   1.169790e+02 -8.091685e+00 6.484024e+01
      vertex   1.170450e+02 -8.298295e+00 6.463054e+01
      vertex   1.171103e+02 -8.412035e+00 6.468550e+01
    endloop
  endfacet
  facet normal -8.646679e-01 -5.021953e-01 -1.221983e-02
    outer loop
      vertex   1.171103e+02 -8.412035e+00 6.468550e+01
      vertex   1.170450e+02 -8.298295e+00 6.463054e+01
      vertex   1.172368e+02 -8.630608e+00 6.471362e+01
    endloop
  endfacet
  facet normal -8.635729e-01 -4.801992e-01 1.537874e-01
    outer loop
      vertex   1.171103e+02 -8.412035e+00 6.468550e+01
      vertex   1.172368e+02 -8.630608e+00 6.471362e+01
      vertex   1.172379e+02 -8.529400e+00 6.503593e+01
    endloop
  endfacet
  facet normal -8.418037e-01 -5.141482e-01 1.643724e-01
    outer loop
      vertex   1.172379e+02 -8.529400e+00 6.503593e+01
      vertex   1.172368e+02 -8.630608e+00 6.471362e+01
      vertex   1.173935e+02 -8.835551e+00 6.487508e+01
    endloop
  endfacet
  facet normal -8.227509e-01 -5.282948e-01 2.097272e-01
    outer loop
      vertex   1.172379e+02 -8.529400e+00 6.503593e+01
      vertex   1.173935e+02 -8.835551e+00 6.487508e+01
      vertex   1.173924e+02 -8.633421e+00 6.537974e+01
    endloop
  endfacet
  facet normal -8.227509e-01 -5.282948e-01 2.097272e-01
    outer loop
      vertex   1.173924e+02 -8.633421e+00 6.537974e+01
      vertex   1.173935e+02 -8.835551e+00 6.487508e+01
      vertex   1.175468e+02 -8.938793e+00 6.521632e+01
    endloop
  endfacet
  facet normal -7.893579e-01 -5.476570e-01 2.774632e-01
    outer loop
      vertex   1.173924e+02 -8.633421e+00 6.537974e+01
      vertex   1.175468e+02 -8.938793e+00 6.521632e+01
      vertex   1.175726e+02 -8.723459e+00 6.571481e+01
    endloop
  endfacet
  facet normal -7.893579e-01 -5.476570e-01 2.774632e-01
    outer loop
      vertex   1.175726e+02 -8.723459e+00 6.571481e+01
      vertex   1.175468e+02 -8.938793e+00 6.521632e+01
      vertex   1.177257e+02 -9.028158e+00 6.554889e+01
    endloop
  endfacet
  facet normal -7.509234e-01 -5.641739e-01 3.432519e-01
    outer loop
      vertex   1.175726e+02 -8.723459e+00 6.571481e+01
      vertex   1.177257e+02 -9.028158e+00 6.554889e+01
      vertex   1.177776e+02 -8.798962e+00 6.603911e+01
    endloop
  endfacet
  facet normal -7.509234e-01 -5.641739e-01 3.432519e-01
    outer loop
      vertex   1.177776e+02 -8.798962e+00 6.603911e+01
      vertex   1.177257e+02 -9.028158e+00 6.554889e+01
      vertex   1.179291e+02 -9.103096e+00 6.587075e+01
    endloop
  endfacet
  facet normal -7.076833e-01 -5.777440e-01 4.066894e-01
    outer loop
      vertex   1.177776e+02 -8.798962e+00 6.603911e+01
      vertex   1.179291e+02 -9.103096e+00 6.587075e+01
      vertex   1.180060e+02 -8.859466e+00 6.635062e+01
    endloop
  endfacet
  facet normal -7.076833e-01 -5.777440e-01 4.066894e-01
    outer loop
      vertex   1.180060e+02 -8.859466e+00 6.635062e+01
      vertex   1.179291e+02 -9.103096e+00 6.587075e+01
      vertex   1.181558e+02 -9.163147e+00 6.617994e+01
    endloop
  endfacet
  facet normal -6.599030e-01 -5.882840e-01 4.673863e-01
    outer loop
      vertex   1.180060e+02 -8.859466e+00 6.635062e+01
      vertex   1.181558e+02 -9.163147e+00 6.617994e+01
      vertex   1.182564e+02 -8.904600e+00 6.664744e+01
    endloop
  endfacet
  facet normal -6.599030e-01 -5.882840e-01 4.673863e-01
    outer loop
      vertex   1.182564e+02 -8.904600e+00 6.664744e+01
      vertex   1.181558e+02 -9.163147e+00 6.617994e+01
      vertex   1.184044e+02 -9.207943e+00 6.647454e+01
    endloop
  endfacet
  facet normal -8.313348e-01 -5.432616e-01 1.172572e-01
    outer loop
      vertex   1.172368e+02 -8.630608e+00 6.471362e+01
      vertex   1.174549e+02 -8.947295e+00 6.479279e+01
      vertex   1.173935e+02 -8.835551e+00 6.487508e+01
    endloop
  endfacet
  facet normal -7.976071e-01 -5.742585e-01 1.845265e-01
    outer loop
      vertex   1.173935e+02 -8.835551e+00 6.487508e+01
      vertex   1.174549e+02 -8.947295e+00 6.479279e+01
      vertex   1.175468e+02 -8.938793e+00 6.521632e+01
    endloop
  endfacet
  facet normal -7.868030e-01 -5.896084e-01 1.824912e-01
    outer loop
      vertex   1.175468e+02 -8.938793e+00 6.521632e+01
      vertex   1.174549e+02 -8.947295e+00 6.479279e+01
      vertex   1.177239e+02 -9.227814e+00 6.504636e+01
    endloop
  endfacet
  facet normal -7.850415e-01 -5.939760e-01 1.757905e-01
    outer loop
      vertex   1.177239e+02 -9.227814e+00 6.504636e+01
      vertex   1.174549e+02 -8.947295e+00 6.479279e+01
      vertex   1.176980e+02 -9.246404e+00 6.486757e+01
    endloop
  endfacet
  facet normal -7.342816e-01 -6.559379e-01 1.748599e-01
    outer loop
      vertex   1.177239e+02 -9.227814e+00 6.504636e+01
      vertex   1.176980e+02 -9.246404e+00 6.486757e+01
      vertex   1.179645e+02 -9.526090e+00 6.493749e+01
    endloop
  endfacet
  facet normal -6.787843e-01 -7.106932e-01 1.848433e-01
    outer loop
      vertex   1.182528e+02 -9.784629e+00 6.500213e+01
      vertex   1.180960e+02 -9.585303e+00 6.519269e+01
      vertex   1.179645e+02 -9.526090e+00 6.493749e+01
    endloop
  endfacet
  facet normal -7.157997e-01 -6.645025e-01 2.146330e-01
    outer loop
      vertex   1.179645e+02 -9.526090e+00 6.493749e+01
      vertex   1.180960e+02 -9.585303e+00 6.519269e+01
      vertex   1.179005e+02 -9.315991e+00 6.537451e+01
    endloop
  endfacet
  facet normal -7.217878e-01 -6.591141e-01 2.111656e-01
    outer loop
      vertex   1.179645e+02 -9.526090e+00 6.493749e+01
      vertex   1.179005e+02 -9.315991e+00 6.537451e+01
      vertex   1.177239e+02 -9.227814e+00 6.504636e+01
    endloop
  endfacet
  facet normal -7.563854e-01 -6.070030e-01 2.437795e-01
    outer loop
      vertex   1.177239e+02 -9.227814e+00 6.504636e+01
      vertex   1.179005e+02 -9.315991e+00 6.537451e+01
      vertex   1.177257e+02 -9.028158e+00 6.554889e+01
    endloop
  endfacet
  facet normal -7.563854e-01 -6.070030e-01 2.437795e-01
    outer loop
      vertex   1.177239e+02 -9.227814e+00 6.504636e+01
      vertex   1.177257e+02 -9.028158e+00 6.554889e+01
      vertex   1.175468e+02 -8.938793e+00 6.521632e+01
    endloop
  endfacet
  facet normal -6.189978e-01 -7.574774e-01 2.075324e-01
    outer loop
      vertex   1.185611e+02 -1.002043e+01 6.506108e+01
      vertex   1.185029e+02 -9.905226e+00 6.530806e+01
      vertex   1.182528e+02 -9.784629e+00 6.500213e+01
    endloop
  endfacet
  facet normal -6.405955e-01 -7.308082e-01 2.357050e-01
    outer loop
      vertex   1.182528e+02 -9.784629e+00 6.500213e+01
      vertex   1.185029e+02 -9.905226e+00 6.530806e+01
      vertex   1.182928e+02 -9.657823e+00 6.550417e+01
    endloop
  endfacet
  facet normal -6.416186e-01 -7.299534e-01 2.355708e-01
    outer loop
      vertex   1.182528e+02 -9.784629e+00 6.500213e+01
      vertex   1.182928e+02 -9.657823e+00 6.550417e+01
      vertex   1.180960e+02 -9.585303e+00 6.519269e+01
    endloop
  endfacet
  facet normal -6.816472e-01 -6.789454e-01 2.727458e-01
    outer loop
      vertex   1.180960e+02 -9.585303e+00 6.519269e+01
      vertex   1.182928e+02 -9.657823e+00 6.550417e+01
      vertex   1.181012e+02 -9.389933e+00 6.569210e+01
    endloop
  endfacet
  facet normal -6.816472e-01 -6.789454e-01 2.727458e-01
    outer loop
      vertex   1.180960e+02 -9.585303e+00 6.519269e+01
      vertex   1.181012e+02 -9.389933e+00 6.569210e+01
      vertex   1.179005e+02 -9.315991e+00 6.537451e+01
    endloop
  endfacet
  facet normal -7.183491e-01 -6.233487e-01 3.088867e-01
    outer loop
      vertex   1.179005e+02 -9.315991e+00 6.537451e+01
      vertex   1.181012e+02 -9.389933e+00 6.569210e+01
      vertex   1.179291e+02 -9.103096e+00 6.587075e+01
    endloop
  endfacet
  facet normal -7.183491e-01 -6.233487e-01 3.088867e-01
    outer loop
      vertex   1.179005e+02 -9.315991e+00 6.537451e+01
      vertex   1.179291e+02 -9.103096e+00 6.587075e+01
      vertex   1.177257e+02 -9.028158e+00 6.554889e+01
    endloop
  endfacet
  facet normal -5.727048e-01 -7.862852e-01 2.318723e-01
    outer loop
      vertex   1.185029e+02 -9.905226e+00 6.530806e+01
      vertex   1.185611e+02 -1.002043e+01 6.506108e+01
      vertex   1.187302e+02 -1.013072e+01 6.510487e+01
    endloop
  endfacet
  facet normal -5.398909e-01 -8.410924e-01 -3.288480e-02
    outer loop
      vertex   1.187302e+02 -1.013072e+01 6.510487e+01
      vertex   1.185611e+02 -1.002043e+01 6.506108e+01
      vertex   1.188875e+02 -1.023203e+01 6.511398e+01
    endloop
  endfacet
  facet normal -5.358999e-01 -8.107808e-01 2.354692e-01
    outer loop
      vertex   1.187302e+02 -1.013072e+01 6.510487e+01
      vertex   1.188875e+02 -1.023203e+01 6.511398e+01
      vertex   1.189373e+02 -1.018556e+01 6.538724e+01
    endloop
  endfacet
  facet normal -4.949422e-01 -8.372402e-01 2.325103e-01
    outer loop
      vertex   1.189373e+02 -1.018556e+01 6.538724e+01
      vertex   1.188875e+02 -1.023203e+01 6.511398e+01
      vertex   1.191725e+02 -1.038573e+01 6.516727e+01
    endloop
  endfacet
  facet normal -4.677547e-01 -8.427041e-01 2.665621e-01
    outer loop
      vertex   1.189373e+02 -1.018556e+01 6.538724e+01
      vertex   1.191725e+02 -1.038573e+01 6.516727e+01
      vertex   1.191643e+02 -1.022647e+01 6.565629e+01
    endloop
  endfacet
  facet normal -4.677547e-01 -8.427041e-01 2.665621e-01
    outer loop
      vertex   1.191643e+02 -1.022647e+01 6.565629e+01
      vertex   1.191725e+02 -1.038573e+01 6.516727e+01
      vertex   1.193908e+02 -1.042506e+01 6.542595e+01
    endloop
  endfacet
  facet normal -4.835119e-01 -8.725768e-01 6.946927e-02
    outer loop
      vertex   1.188875e+02 -1.023203e+01 6.511398e+01
      vertex   1.192300e+02 -1.041813e+01 6.516050e+01
      vertex   1.191725e+02 -1.038573e+01 6.516727e+01
    endloop
  endfacet
  facet normal -4.524557e-01 -8.555289e-01 2.517025e-01
    outer loop
      vertex   1.191725e+02 -1.038573e+01 6.516727e+01
      vertex   1.192300e+02 -1.041813e+01 6.516050e+01
      vertex   1.193908e+02 -1.042506e+01 6.542595e+01
    endloop
  endfacet
  facet normal -4.186358e-01 -8.783833e-01 2.306227e-01
    outer loop
      vertex   1.192300e+02 -1.041813e+01 6.516050e+01
      vertex   1.195866e+02 -1.057759e+01 6.520037e+01
      vertex   1.193908e+02 -1.042506e+01 6.542595e+01
    endloop
  endfacet
  facet normal -2.795800e-01 -9.221977e-01 2.671824e-01
    outer loop
      vertex   1.200958e+02 -1.063463e+01 6.563888e+01
      vertex   1.199549e+02 -1.070942e+01 6.523333e+01
      vertex   1.203201e+02 -1.078049e+01 6.537016e+01
    endloop
  endfacet
  facet normal -2.714335e-01 -9.319581e-01 2.403705e-01
    outer loop
      vertex   1.203201e+02 -1.078049e+01 6.537016e+01
      vertex   1.199549e+02 -1.070942e+01 6.523333e+01
      vertex   1.203328e+02 -1.081280e+01 6.525917e+01
    endloop
  endfacet
  facet normal -1.950646e-01 -9.474391e-01 2.535920e-01
    outer loop
      vertex   1.203201e+02 -1.078049e+01 6.537016e+01
      vertex   1.203328e+02 -1.081280e+01 6.525917e+01
      vertex   1.207178e+02 -1.088711e+01 6.527775e+01
    endloop
  endfacet
  facet normal -1.175369e-01 -9.640848e-01 2.381713e-01
    outer loop
      vertex   1.211077e+02 -1.093188e+01 6.528894e+01
      vertex   1.210151e+02 -1.088436e+01 6.543559e+01
      vertex   1.207178e+02 -1.088711e+01 6.527775e+01
    endloop
  endfacet
  facet normal -1.423064e-01 -9.480432e-01 2.845398e-01
    outer loop
      vertex   1.207178e+02 -1.088711e+01 6.527775e+01
      vertex   1.210151e+02 -1.088436e+01 6.543559e+01
      vertex   1.205616e+02 -1.077872e+01 6.556075e+01
    endloop
  endfacet
  facet normal -1.945678e-01 -9.470786e-01 2.553145e-01
    outer loop
      vertex   1.207178e+02 -1.088711e+01 6.527775e+01
      vertex   1.205616e+02 -1.077872e+01 6.556075e+01
      vertex   1.203201e+02 -1.078049e+01 6.537016e+01
    endloop
  endfacet
  facet normal -2.342818e-01 -9.229517e-01 3.054050e-01
    outer loop
      vertex   1.203201e+02 -1.078049e+01 6.537016e+01
      vertex   1.205616e+02 -1.077872e+01 6.556075e+01
      vertex   1.203510e+02 -1.063276e+01 6.584031e+01
    endloop
  endfacet
  facet normal -2.342818e-01 -9.229517e-01 3.054050e-01
    outer loop
      vertex   1.203201e+02 -1.078049e+01 6.537016e+01
      vertex   1.203510e+02 -1.063276e+01 6.584031e+01
      vertex   1.200958e+02 -1.063463e+01 6.563888e+01
    endloop
  endfacet
  facet normal -2.770667e-01 -8.911381e-01 3.593145e-01
    outer loop
      vertex   1.200958e+02 -1.063463e+01 6.563888e+01
      vertex   1.203510e+02 -1.063276e+01 6.584031e+01
      vertex   1.201470e+02 -1.046070e+01 6.610974e+01
    endloop
  endfacet
  facet normal -6.318398e-02 -9.604176e-01 2.713041e-01
    outer loop
      vertex   1.210151e+02 -1.088436e+01 6.543559e+01
      vertex   1.211077e+02 -1.093188e+01 6.528894e+01
      vertex   1.212624e+02 -1.085933e+01 6.558179e+01
    endloop
  endfacet
  facet normal -3.925346e-02 -9.648730e-01 2.597679e-01
    outer loop
      vertex   1.212624e+02 -1.085933e+01 6.558179e+01
      vertex   1.211077e+02 -1.093188e+01 6.528894e+01
      vertex   1.215000e+02 -1.094683e+01 6.529268e+01
    endloop
  endfacet
  facet normal -1.261301e-02 -9.598734e-01 2.801497e-01
    outer loop
      vertex   1.212624e+02 -1.085933e+01 6.558179e+01
      vertex   1.215000e+02 -1.094683e+01 6.529268e+01
      vertex   1.215000e+02 -1.083761e+01 6.566691e+01
    endloop
  endfacet
  facet normal -3.794984e-02 -9.377501e-01 3.452312e-01
    outer loop
      vertex   1.212624e+02 -1.085933e+01 6.558179e+01
      vertex   1.215000e+02 -1.083761e+01 6.566691e+01
      vertex   1.213514e+02 -1.069878e+01 6.602768e+01
    endloop
  endfacet
  facet normal -1.401745e-02 -9.351118e-01 3.540755e-01
    outer loop
      vertex   1.213514e+02 -1.069878e+01 6.602768e+01
      vertex   1.215000e+02 -1.083761e+01 6.566691e+01
      vertex   1.215000e+02 -1.069956e+01 6.603150e+01
    endloop
  endfacet
  facet normal -1.570256e-02 -9.046606e-01 4.258434e-01
    outer loop
      vertex   1.213514e+02 -1.069878e+01 6.602768e+01
      vertex   1.215000e+02 -1.069956e+01 6.603150e+01
      vertex   1.215000e+02 -1.053352e+01 6.638422e+01
    endloop
  endfacet
  facet normal 1.336692e-01 -8.610434e-01 4.906494e-01
    outer loop
      vertex   1.215000e+02 -1.034051e+01 6.672294e+01
      vertex   1.214813e+02 -1.049439e+01 6.645799e+01
      vertex   1.215000e+02 -1.053352e+01 6.638422e+01
    endloop
  endfacet
  facet normal -3.253313e-02 -8.863302e-01 4.619095e-01
    outer loop
      vertex   1.215000e+02 -1.053352e+01 6.638422e+01
      vertex   1.214813e+02 -1.049439e+01 6.645799e+01
      vertex   1.211857e+02 -1.054827e+01 6.633379e+01
    endloop
  endfacet
  facet normal -2.655832e-02 -9.026961e-01 4.294582e-01
    outer loop
      vertex   1.215000e+02 -1.053352e+01 6.638422e+01
      vertex   1.211857e+02 -1.054827e+01 6.633379e+01
      vertex   1.213514e+02 -1.069878e+01 6.602768e+01
    endloop
  endfacet
  facet normal -7.475103e-02 -9.103108e-01 4.071198e-01
    outer loop
      vertex   1.213514e+02 -1.069878e+01 6.602768e+01
      vertex   1.211857e+02 -1.054827e+01 6.633379e+01
      vertex   1.210788e+02 -1.073773e+01 6.589052e+01
    endloop
  endfacet
  facet normal -3.987360e-02 -9.375547e-01 3.455448e-01
    outer loop
      vertex   1.213514e+02 -1.069878e+01 6.602768e+01
      vertex   1.210788e+02 -1.073773e+01 6.589052e+01
      vertex   1.212624e+02 -1.085933e+01 6.558179e+01
    endloop
  endfacet
  facet normal -9.192713e-02 -9.439267e-01 3.170989e-01
    outer loop
      vertex   1.212624e+02 -1.085933e+01 6.558179e+01
      vertex   1.210788e+02 -1.073773e+01 6.589052e+01
      vertex   1.210151e+02 -1.088436e+01 6.543559e+01
    endloop
  endfacet
  facet normal -2.519067e-02 -8.636853e-01 5.034015e-01
    outer loop
      vertex   1.214813e+02 -1.049439e+01 6.645799e+01
      vertex   1.215000e+02 -1.034051e+01 6.672294e+01
      vertex   1.213316e+02 -1.031569e+01 6.675711e+01
    endloop
  endfacet
  facet normal -8.127917e-03 -8.275993e-01 5.612605e-01
    outer loop
      vertex   1.213316e+02 -1.031569e+01 6.675711e+01
      vertex   1.215000e+02 -1.034051e+01 6.672294e+01
      vertex   1.215000e+02 -1.012170e+01 6.704559e+01
    endloop
  endfacet
  facet normal -3.184026e-02 -8.207052e-01 5.704640e-01
    outer loop
      vertex   1.213316e+02 -1.031569e+01 6.675711e+01
      vertex   1.215000e+02 -1.012170e+01 6.704559e+01
      vertex   1.211829e+02 -1.011271e+01 6.704082e+01
    endloop
  endfacet
  facet normal -3.151425e-02 -7.809935e-01 6.237436e-01
    outer loop
      vertex   1.211829e+02 -1.011271e+01 6.704082e+01
      vertex   1.215000e+02 -1.012170e+01 6.704559e+01
      vertex   1.215000e+02 -9.878413e+00 6.735021e+01
    endloop
  endfacet
  facet normal -4.443026e-02 -7.739702e-01 6.316613e-01
    outer loop
      vertex   1.211829e+02 -1.011271e+01 6.704082e+01
      vertex   1.215000e+02 -9.878413e+00 6.735021e+01
      vertex   1.210361e+02 -9.886625e+00 6.730751e+01
    endloop
  endfacet
  facet normal -4.426330e-02 -7.752559e-01 6.300944e-01
    outer loop
      vertex   1.210361e+02 -9.886625e+00 6.730751e+01
      vertex   1.215000e+02 -9.878413e+00 6.735021e+01
      vertex   1.213753e+02 -9.812043e+00 6.742310e+01
    endloop
  endfacet
  facet normal -7.311825e-02 -7.264746e-01 6.832923e-01
    outer loop
      vertex   1.210361e+02 -9.886625e+00 6.730751e+01
      vertex   1.213753e+02 -9.812043e+00 6.742310e+01
      vertex   1.212399e+02 -9.562217e+00 6.767423e+01
    endloop
  endfacet
  facet normal -3.252280e-02 -7.172783e-01 6.960274e-01
    outer loop
      vertex   1.212399e+02 -9.562217e+00 6.767423e+01
      vertex   1.213753e+02 -9.812043e+00 6.742310e+01
      vertex   1.215000e+02 -9.612134e+00 6.763494e+01
    endloop
  endfacet
  facet normal -1.807756e-02 -6.748406e-01 7.377421e-01
    outer loop
      vertex   1.212399e+02 -9.562217e+00 6.767423e+01
      vertex   1.215000e+02 -9.612134e+00 6.763494e+01
      vertex   1.215000e+02 -9.324480e+00 6.789807e+01
    endloop
  endfacet
  facet normal 1.055360e-02 -7.303456e-01 6.829962e-01
    outer loop
      vertex   1.215000e+02 -9.878413e+00 6.735021e+01
      vertex   1.215000e+02 -9.612134e+00 6.763494e+01
      vertex   1.213753e+02 -9.812043e+00 6.742310e+01
    endloop
  endfacet
  facet normal 1.023286e-01 -6.121817e-01 7.840679e-01
    outer loop
      vertex   1.215000e+02 -9.017200e+00 6.813799e+01
      vertex   1.214654e+02 -9.200340e+00 6.799952e+01
      vertex   1.215000e+02 -9.324480e+00 6.789807e+01
    endloop
  endfacet
  facet normal -3.903004e-02 -6.387901e-01 7.683904e-01
    outer loop
      vertex   1.215000e+02 -9.324480e+00 6.789807e+01
      vertex   1.214654e+02 -9.200340e+00 6.799952e+01
      vertex   1.211060e+02 -9.292453e+00 6.790469e+01
    endloop
  endfacet
  facet normal -4.112850e-02 -6.607070e-01 7.495163e-01
    outer loop
      vertex   1.215000e+02 -9.324480e+00 6.789807e+01
      vertex   1.211060e+02 -9.292453e+00 6.790469e+01
      vertex   1.212399e+02 -9.562217e+00 6.767423e+01
    endloop
  endfacet
  facet normal -1.008297e-01 -6.746804e-01 7.311906e-01
    outer loop
      vertex   1.212399e+02 -9.562217e+00 6.767423e+01
      vertex   1.211060e+02 -9.292453e+00 6.790469e+01
      vertex   1.208919e+02 -9.638738e+00 6.755563e+01
    endloop
  endfacet
  facet normal -7.311825e-02 -7.264746e-01 6.832923e-01
    outer loop
      vertex   1.212399e+02 -9.562217e+00 6.767423e+01
      vertex   1.208919e+02 -9.638738e+00 6.755563e+01
      vertex   1.210361e+02 -9.886625e+00 6.730751e+01
    endloop
  endfacet
  facet normal -1.412972e-01 -7.401957e-01 6.573777e-01
    outer loop
      vertex   1.210361e+02 -9.886625e+00 6.730751e+01
      vertex   1.208919e+02 -9.638738e+00 6.755563e+01
      vertex   1.207033e+02 -9.947280e+00 6.716769e+01
    endloop
  endfacet
  facet normal -1.112222e-01 -7.874289e-01 6.062882e-01
    outer loop
      vertex   1.210361e+02 -9.886625e+00 6.730751e+01
      vertex   1.207033e+02 -9.947280e+00 6.716769e+01
      vertex   1.208607e+02 -1.017144e+01 6.690544e+01
    endloop
  endfacet
  facet normal -1.759950e-01 -7.979770e-01 5.764187e-01
    outer loop
      vertex   1.208607e+02 -1.017144e+01 6.690544e+01
      vertex   1.207033e+02 -9.947280e+00 6.716769e+01
      vertex   1.205467e+02 -1.021632e+01 6.674742e+01
    endloop
  endfacet
  facet normal -1.430075e-01 -8.403195e-01 5.228882e-01
    outer loop
      vertex   1.208607e+02 -1.017144e+01 6.690544e+01
      vertex   1.205467e+02 -1.021632e+01 6.674742e+01
      vertex   1.207199e+02 -1.041530e+01 6.647501e+01
    endloop
  endfacet
  facet normal -2.037124e-01 -8.477505e-01 4.897146e-01
    outer loop
      vertex   1.207199e+02 -1.041530e+01 6.647501e+01
      vertex   1.205467e+02 -1.021632e+01 6.674742e+01
      vertex   1.204277e+02 -1.044488e+01 6.630226e+01
    endloop
  endfacet
  facet normal -1.673450e-01 -8.849546e-01 4.345698e-01
    outer loop
      vertex   1.207199e+02 -1.041530e+01 6.647501e+01
      vertex   1.204277e+02 -1.044488e+01 6.630226e+01
      vertex   1.206188e+02 -1.061766e+01 6.602400e+01
    endloop
  endfacet
  facet normal -2.234170e-01 -8.893977e-01 3.988190e-01
    outer loop
      vertex   1.206188e+02 -1.061766e+01 6.602400e+01
      vertex   1.204277e+02 -1.044488e+01 6.630226e+01
      vertex   1.203510e+02 -1.063276e+01 6.584031e+01
    endloop
  endfacet
  facet normal -1.832979e-01 -9.212977e-01 3.429468e-01
    outer loop
      vertex   1.206188e+02 -1.061766e+01 6.602400e+01
      vertex   1.203510e+02 -1.063276e+01 6.584031e+01
      vertex   1.205616e+02 -1.077872e+01 6.556075e+01
    endloop
  endfacet
  facet normal -4.005926e-02 -5.978002e-01 8.006436e-01
    outer loop
      vertex   1.214654e+02 -9.200340e+00 6.799952e+01
      vertex   1.215000e+02 -9.017200e+00 6.813799e+01
      vertex   1.213386e+02 -8.910950e+00 6.820925e+01
    endloop
  endfacet
  facet normal 4.625501e-03 -5.521264e-01 8.337476e-01
    outer loop
      vertex   1.213386e+02 -8.910950e+00 6.820925e+01
      vertex   1.215000e+02 -9.017200e+00 6.813799e+01
      vertex   1.215000e+02 -8.692162e+00 6.835324e+01
    endloop
  endfacet
  facet normal -3.649103e-02 -5.304659e-01 8.469205e-01
    outer loop
      vertex   1.213386e+02 -8.910950e+00 6.820925e+01
      vertex   1.215000e+02 -8.692162e+00 6.835324e+01
      vertex   1.212128e+02 -8.605368e+00 6.839522e+01
    endloop
  endfacet
  facet normal -1.890568e-02 -4.854091e-01 8.740827e-01
    outer loop
      vertex   1.212128e+02 -8.605368e+00 6.839522e+01
      vertex   1.215000e+02 -8.692162e+00 6.835324e+01
      vertex   1.215000e+02 -8.351342e+00 6.854251e+01
    endloop
  endfacet
  facet normal -3.960957e-02 -2.170121e-01 9.753650e-01
    outer loop
      vertex   1.210921e+02 -7.152564e+00 6.895007e+01
      vertex   1.215000e+02 -7.255313e+00 6.894377e+01
      vertex   1.214514e+02 -7.034881e+00 6.899084e+01
    endloop
  endfacet
  facet normal 7.122878e-02 -1.932481e-01 9.785610e-01
    outer loop
      vertex   1.214514e+02 -7.034881e+00 6.899084e+01
      vertex   1.215000e+02 -7.255313e+00 6.894377e+01
      vertex   1.215000e+02 -6.872852e+00 6.901930e+01
    endloop
  endfacet
  facet normal -4.413769e-02 -1.599616e-01 9.861360e-01
    outer loop
      vertex   1.214514e+02 -7.034881e+00 6.899084e+01
      vertex   1.215000e+02 -6.872852e+00 6.901930e+01
      vertex   1.213252e+02 -6.681025e+00 6.904259e+01
    endloop
  endfacet
  facet normal 4.265756e-03 -1.167162e-01 9.931561e-01
    outer loop
      vertex   1.213252e+02 -6.681025e+00 6.904259e+01
      vertex   1.215000e+02 -6.872852e+00 6.901930e+01
      vertex   1.215000e+02 -6.485669e+00 6.906480e+01
    endloop
  endfacet
  facet normal -3.897867e-02 -7.837165e-02 9.961619e-01
    outer loop
      vertex   1.213252e+02 -6.681025e+00 6.904259e+01
      vertex   1.215000e+02 -6.485669e+00 6.906480e+01
      vertex   1.212001e+02 -6.323804e+00 6.906580e+01
    endloop
  endfacet
  facet normal -5.782544e-02 -1.646252e-01 9.846597e-01
    outer loop
      vertex   1.210921e+02 -7.152564e+00 6.895007e+01
      vertex   1.214514e+02 -7.034881e+00 6.899084e+01
      vertex   1.213252e+02 -6.681025e+00 6.904259e+01
    endloop
  endfacet
  facet normal -8.207966e-02 -9.321694e-02 9.922568e-01
    outer loop
      vertex   1.213252e+02 -6.681025e+00 6.904259e+01
      vertex   1.212001e+02 -6.323804e+00 6.906580e+01
      vertex   1.209738e+02 -6.796161e+00 6.900270e+01
    endloop
  endfacet
  facet normal -8.207966e-02 -9.321694e-02 9.922568e-01
    outer loop
      vertex   1.209738e+02 -6.796161e+00 6.900270e+01
      vertex   1.212001e+02 -6.323804e+00 6.906580e+01
      vertex   1.208584e+02 -6.435731e+00 6.902702e+01
    endloop
  endfacet
  facet normal -1.514948e-01 -1.147237e-01 9.817779e-01
    outer loop
      vertex   1.209738e+02 -6.796161e+00 6.900270e+01
      vertex   1.208584e+02 -6.435731e+00 6.902702e+01
      vertex   1.206224e+02 -6.898788e+00 6.893649e+01
    endloop
  endfacet
  facet normal -1.514948e-01 -1.147237e-01 9.817779e-01
    outer loop
      vertex   1.206224e+02 -6.898788e+00 6.893649e+01
      vertex   1.208584e+02 -6.435731e+00 6.902702e+01
      vertex   1.205168e+02 -6.535497e+00 6.896266e+01
    endloop
  endfacet
  facet normal -2.206777e-01 -1.336972e-01 9.661400e-01
    outer loop
      vertex   1.206224e+02 -6.898788e+00 6.893649e+01
      vertex   1.205168e+02 -6.535497e+00 6.896266e+01
      vertex   1.202733e+02 -6.988275e+00 6.884436e+01
    endloop
  endfacet
  facet normal -2.206777e-01 -1.336972e-01 9.661400e-01
    outer loop
      vertex   1.202733e+02 -6.988275e+00 6.884436e+01
      vertex   1.205168e+02 -6.535497e+00 6.896266e+01
      vertex   1.201774e+02 -6.622489e+00 6.887310e+01
    endloop
  endfacet
  facet normal -2.892037e-01 -1.500211e-01 9.454390e-01
    outer loop
      vertex   1.202733e+02 -6.988275e+00 6.884436e+01
      vertex   1.201774e+02 -6.622489e+00 6.887310e+01
      vertex   1.199285e+02 -7.064073e+00 6.872689e+01
    endloop
  endfacet
  facet normal -2.892037e-01 -1.500211e-01 9.454390e-01
    outer loop
      vertex   1.199285e+02 -7.064073e+00 6.872689e+01
      vertex   1.201774e+02 -6.622489e+00 6.887310e+01
      vertex   1.198423e+02 -6.696174e+00 6.875890e+01
    endloop
  endfacet
  facet normal -3.566522e-01 -1.635952e-01 9.198021e-01
    outer loop
      vertex   1.199285e+02 -7.064073e+00 6.872689e+01
      vertex   1.198423e+02 -6.696174e+00 6.875890e+01
      vertex   1.195903e+02 -7.125716e+00 6.858478e+01
    endloop
  endfacet
  facet normal -3.566522e-01 -1.635952e-01 9.198021e-01
    outer loop
      vertex   1.195903e+02 -7.125716e+00 6.858478e+01
      vertex   1.198423e+02 -6.696174e+00 6.875890e+01
      vertex   1.195135e+02 -6.756100e+00 6.862075e+01
    endloop
  endfacet
  facet normal -4.226093e-01 -1.743361e-01 8.893865e-01
    outer loop
      vertex   1.195903e+02 -7.125716e+00 6.858478e+01
      vertex   1.195135e+02 -6.756100e+00 6.862075e+01
      vertex   1.192607e+02 -7.172828e+00 6.841892e+01
    endloop
  endfacet
  facet normal -4.226093e-01 -1.743361e-01 8.893865e-01
    outer loop
      vertex   1.192607e+02 -7.172828e+00 6.841892e+01
      vertex   1.195135e+02 -6.756100e+00 6.862075e+01
      vertex   1.191931e+02 -6.801898e+00 6.845951e+01
    endloop
  endfacet
  facet normal -4.866701e-01 -1.821779e-01 8.543790e-01
    outer loop
      vertex   1.192607e+02 -7.172828e+00 6.841892e+01
      vertex   1.191931e+02 -6.801898e+00 6.845951e+01
      vertex   1.189417e+02 -7.205117e+00 6.823032e+01
    endloop
  endfacet
  facet normal -4.866701e-01 -1.821779e-01 8.543790e-01
    outer loop
      vertex   1.189417e+02 -7.205117e+00 6.823032e+01
      vertex   1.191931e+02 -6.801898e+00 6.845951e+01
      vertex   1.188830e+02 -6.833287e+00 6.827617e+01
    endloop
  endfacet
  facet normal -5.484415e-01 -1.870726e-01 8.149944e-01
    outer loop
      vertex   1.189417e+02 -7.205117e+00 6.823032e+01
      vertex   1.188830e+02 -6.833287e+00 6.827617e+01
      vertex   1.186352e+02 -7.222387e+00 6.802014e+01
    endloop
  endfacet
  facet normal -5.484415e-01 -1.870726e-01 8.149944e-01
    outer loop
      vertex   1.186352e+02 -7.222387e+00 6.802014e+01
      vertex   1.188830e+02 -6.833287e+00 6.827617e+01
      vertex   1.185851e+02 -6.850076e+00 6.807185e+01
    endloop
  endfacet
  facet normal -6.075443e-01 -1.889899e-01 7.714744e-01
    outer loop
      vertex   1.186352e+02 -7.222387e+00 6.802014e+01
      vertex   1.185851e+02 -6.850076e+00 6.807185e+01
      vertex   1.183433e+02 -7.224532e+00 6.778967e+01
    endloop
  endfacet
  facet normal -6.075443e-01 -1.889899e-01 7.714744e-01
    outer loop
      vertex   1.183433e+02 -7.224532e+00 6.778967e+01
      vertex   1.185851e+02 -6.850076e+00 6.807185e+01
      vertex   1.183012e+02 -6.852160e+00 6.784780e+01
    endloop
  endfacet
  facet normal -6.636158e-01 -1.879183e-01 7.240861e-01
    outer loop
      vertex   1.183433e+02 -7.224532e+00 6.778967e+01
      vertex   1.183012e+02 -6.852160e+00 6.784780e+01
      vertex   1.180675e+02 -7.211537e+00 6.754032e+01
    endloop
  endfacet
  facet normal -6.636158e-01 -1.879183e-01 7.240861e-01
    outer loop
      vertex   1.180675e+02 -7.211537e+00 6.754032e+01
      vertex   1.183012e+02 -6.852160e+00 6.784780e+01
      vertex   1.180332e+02 -6.839528e+00 6.760540e+01
    endloop
  endfacet
  facet normal -7.163119e-01 -1.838642e-01 6.731205e-01
    outer loop
      vertex   1.180675e+02 -7.211537e+00 6.754032e+01
      vertex   1.180332e+02 -6.839528e+00 6.760540e+01
      vertex   1.178097e+02 -7.183483e+00 6.727362e+01
    endloop
  endfacet
  facet normal -7.163119e-01 -1.838642e-01 6.731205e-01
    outer loop
      vertex   1.178097e+02 -7.183483e+00 6.727362e+01
      vertex   1.180332e+02 -6.839528e+00 6.760540e+01
      vertex   1.177825e+02 -6.812256e+00 6.734614e+01
    endloop
  endfacet
  facet normal -7.653091e-01 -1.768526e-01 6.188902e-01
    outer loop
      vertex   1.178097e+02 -7.183483e+00 6.727362e+01
      vertex   1.177825e+02 -6.812256e+00 6.734614e+01
      vertex   1.175714e+02 -7.140542e+00 6.699122e+01
    endloop
  endfacet
  facet normal -7.653091e-01 -1.768526e-01 6.188902e-01
    outer loop
      vertex   1.175714e+02 -7.140542e+00 6.699122e+01
      vertex   1.177825e+02 -6.812256e+00 6.734614e+01
      vertex   1.175509e+02 -6.770512e+00 6.707161e+01
    endloop
  endfacet
  facet normal -8.103067e-01 -1.669264e-01 5.617282e-01
    outer loop
      vertex   1.175714e+02 -7.140542e+00 6.699122e+01
      vertex   1.175509e+02 -6.770512e+00 6.707161e+01
      vertex   1.173541e+02 -7.082977e+00 6.669484e+01
    endloop
  endfacet
  facet normal -8.103067e-01 -1.669264e-01 5.617282e-01
    outer loop
      vertex   1.173541e+02 -7.082977e+00 6.669484e+01
      vertex   1.175509e+02 -6.770512e+00 6.707161e+01
      vertex   1.173396e+02 -6.714552e+00 6.678349e+01
    endloop
  endfacet
  facet normal -8.510286e-01 -1.541466e-01 5.019853e-01
    outer loop
      vertex   1.173541e+02 -7.082977e+00 6.669484e+01
      vertex   1.173396e+02 -6.714552e+00 6.678349e+01
      vertex   1.171591e+02 -7.011142e+00 6.638630e+01
    endloop
  endfacet
  facet normal -8.510286e-01 -1.541466e-01 5.019853e-01
    outer loop
      vertex   1.171591e+02 -7.011142e+00 6.638630e+01
      vertex   1.173396e+02 -6.714552e+00 6.678349e+01
      vertex   1.171501e+02 -6.644719e+00 6.648355e+01
    endloop
  endfacet
  facet normal -8.872247e-01 -1.385917e-01 4.400281e-01
    outer loop
      vertex   1.171591e+02 -7.011142e+00 6.638630e+01
      vertex   1.171501e+02 -6.644719e+00 6.648355e+01
      vertex   1.169876e+02 -6.925478e+00 6.606750e+01
    endloop
  endfacet
  facet normal -8.872247e-01 -1.385917e-01 4.400281e-01
    outer loop
      vertex   1.169876e+02 -6.925478e+00 6.606750e+01
      vertex   1.171501e+02 -6.644719e+00 6.648355e+01
      vertex   1.169833e+02 -6.561443e+00 6.617364e+01
    endloop
  endfacet
  facet normal -9.186729e-01 -1.203571e-01 3.762369e-01
    outer loop
      vertex   1.169876e+02 -6.925478e+00 6.606750e+01
      vertex   1.169833e+02 -6.561443e+00 6.617364e+01
      vertex   1.168406e+02 -6.826511e+00 6.574039e+01
    endloop
  endfacet
  facet normal -9.186729e-01 -1.203571e-01 3.762369e-01
    outer loop
      vertex   1.168406e+02 -6.826511e+00 6.574039e+01
      vertex   1.169833e+02 -6.561443e+00 6.617364e+01
      vertex   1.168405e+02 -6.465235e+00 6.585565e+01
    endloop
  endfacet
  facet normal -9.451803e-01 -9.955472e-02 3.110032e-01
    outer loop
      vertex   1.168406e+02 -6.826511e+00 6.574039e+01
      vertex   1.168405e+02 -6.465235e+00 6.585565e+01
      vertex   1.167192e+02 -6.714847e+00 6.540699e+01
    endloop
  endfacet
  facet normal -9.451803e-01 -9.955472e-02 3.110032e-01
    outer loop
      vertex   1.167192e+02 -6.714847e+00 6.540699e+01
      vertex   1.168405e+02 -6.465235e+00 6.585565e+01
      vertex   1.167224e+02 -6.356684e+00 6.553154e+01
    endloop
  endfacet
  facet normal -9.665841e-01 -7.631223e-02 2.447275e-01
    outer loop
      vertex   1.167192e+02 -6.714847e+00 6.540699e+01
      vertex   1.167224e+02 -6.356684e+00 6.553154e+01
      vertex   1.166239e+02 -6.591173e+00 6.506933e+01
    endloop
  endfacet
  facet normal -9.665841e-01 -7.631223e-02 2.447275e-01
    outer loop
      vertex   1.166239e+02 -6.591173e+00 6.506933e+01
      vertex   1.167224e+02 -6.356684e+00 6.553154e+01
      vertex   1.166298e+02 -6.236457e+00 6.520329e+01
    endloop
  endfacet
  facet normal -9.827530e-01 -5.077229e-02 1.778164e-01
    outer loop
      vertex   1.166239e+02 -6.591173e+00 6.506933e+01
      vertex   1.166298e+02 -6.236457e+00 6.520329e+01
      vertex   1.165555e+02 -6.456247e+00 6.472949e+01
    endloop
  endfacet
  facet normal -1.289980e-01 -1.866764e-01 9.739155e-01
    outer loop
      vertex   1.207330e+02 -7.257461e+00 6.888239e+01
      vertex   1.210921e+02 -7.152564e+00 6.895007e+01
      vertex   1.209738e+02 -6.796161e+00 6.900270e+01
    endloop
  endfacet
  facet normal -5.782544e-02 -1.646252e-01 9.846597e-01
    outer loop
      vertex   1.209738e+02 -6.796161e+00 6.900270e+01
      vertex   1.210921e+02 -7.152564e+00 6.895007e+01
      vertex   1.213252e+02 -6.681025e+00 6.904259e+01
    endloop
  endfacet
  facet normal -1.289980e-01 -1.866764e-01 9.739155e-01
    outer loop
      vertex   1.207330e+02 -7.257461e+00 6.888239e+01
      vertex   1.209738e+02 -6.796161e+00 6.900270e+01
      vertex   1.206224e+02 -6.898788e+00 6.893649e+01
    endloop
  endfacet
  facet normal -5.760608e-02 -3.944590e-01 9.171061e-01
    outer loop
      vertex   1.210886e+02 -8.285352e+00 6.855638e+01
      vertex   1.214585e+02 -8.177299e+00 6.862609e+01
      vertex   1.213352e+02 -7.845125e+00 6.876122e+01
    endloop
  endfacet
  facet normal -8.191874e-02 -3.269456e-01 9.414860e-01
    outer loop
      vertex   1.213352e+02 -7.845125e+00 6.876122e+01
      vertex   1.212128e+02 -7.502891e+00 6.886942e+01
      vertex   1.209667e+02 -7.952743e+00 6.869179e+01
    endloop
  endfacet
  facet normal -8.191874e-02 -3.269456e-01 9.414860e-01
    outer loop
      vertex   1.209667e+02 -7.952743e+00 6.869179e+01
      vertex   1.212128e+02 -7.502891e+00 6.886942e+01
      vertex   1.208480e+02 -7.609455e+00 6.880067e+01
    endloop
  endfacet
  facet normal -1.551259e-01 -3.470228e-01 9.249384e-01
    outer loop
      vertex   1.209667e+02 -7.952743e+00 6.869179e+01
      vertex   1.208480e+02 -7.609455e+00 6.880067e+01
      vertex   1.206006e+02 -8.046583e+00 6.859518e+01
    endloop
  endfacet
  facet normal -1.551259e-01 -3.470228e-01 9.249384e-01
    outer loop
      vertex   1.206006e+02 -8.046583e+00 6.859518e+01
      vertex   1.208480e+02 -7.609455e+00 6.880067e+01
      vertex   1.204855e+02 -7.702375e+00 6.870500e+01
    endloop
  endfacet
  facet normal -2.276379e-01 -3.642963e-01 9.030333e-01
    outer loop
      vertex   1.206006e+02 -8.046583e+00 6.859518e+01
      vertex   1.204855e+02 -7.702375e+00 6.870500e+01
      vertex   1.202391e+02 -8.126068e+00 6.847199e+01
    endloop
  endfacet
  facet normal -2.276379e-01 -3.642963e-01 9.030333e-01
    outer loop
      vertex   1.202391e+02 -8.126068e+00 6.847199e+01
      vertex   1.204855e+02 -7.702375e+00 6.870500e+01
      vertex   1.201275e+02 -7.781081e+00 6.858302e+01
    endloop
  endfacet
  facet normal -2.990098e-01 -3.786599e-01 8.759052e-01
    outer loop
      vertex   1.202391e+02 -8.126068e+00 6.847199e+01
      vertex   1.201275e+02 -7.781081e+00 6.858302e+01
      vertex   1.198845e+02 -8.190710e+00 6.832297e+01
    endloop
  endfacet
  facet normal -2.990098e-01 -3.786599e-01 8.759052e-01
    outer loop
      vertex   1.198845e+02 -8.190710e+00 6.832297e+01
      vertex   1.201275e+02 -7.781081e+00 6.858302e+01
      vertex   1.197763e+02 -7.845090e+00 6.843546e+01
    endloop
  endfacet
  facet normal -3.688035e-01 -3.900256e-01 8.437204e-01
    outer loop
      vertex   1.198845e+02 -8.190710e+00 6.832297e+01
      vertex   1.197763e+02 -7.845090e+00 6.843546e+01
      vertex   1.195388e+02 -8.240113e+00 6.814904e+01
    endloop
  endfacet
  facet normal -3.688035e-01 -3.900256e-01 8.437204e-01
    outer loop
      vertex   1.195388e+02 -8.240113e+00 6.814904e+01
      vertex   1.197763e+02 -7.845090e+00 6.843546e+01
      vertex   1.194341e+02 -7.894009e+00 6.826324e+01
    endloop
  endfacet
  facet normal -4.365906e-01 -3.983236e-01 8.066765e-01
    outer loop
      vertex   1.195388e+02 -8.240113e+00 6.814904e+01
      vertex   1.194341e+02 -7.894009e+00 6.826324e+01
      vertex   1.192043e+02 -8.273973e+00 6.795127e+01
    endloop
  endfacet
  facet normal -4.365906e-01 -3.983236e-01 8.066765e-01
    outer loop
      vertex   1.192043e+02 -8.273973e+00 6.795127e+01
      vertex   1.194341e+02 -7.894009e+00 6.826324e+01
      vertex   1.191028e+02 -7.927538e+00 6.806740e+01
    endloop
  endfacet
  facet normal -5.019551e-01 -4.035029e-01 7.650010e-01
    outer loop
      vertex   1.192043e+02 -8.273973e+00 6.795127e+01
      vertex   1.191028e+02 -7.927538e+00 6.806740e+01
      vertex   1.188830e+02 -8.292083e+00 6.773086e+01
    endloop
  endfacet
  facet normal -5.019551e-01 -4.035029e-01 7.650010e-01
    outer loop
      vertex   1.188830e+02 -8.292083e+00 6.773086e+01
      vertex   1.191028e+02 -7.927538e+00 6.806740e+01
      vertex   1.187846e+02 -7.945470e+00 6.784915e+01
    endloop
  endfacet
  facet normal -5.644959e-01 -4.055318e-01 7.189495e-01
    outer loop
      vertex   1.188830e+02 -8.292083e+00 6.773086e+01
      vertex   1.187846e+02 -7.945470e+00 6.784915e+01
      vertex   1.185768e+02 -8.294331e+00 6.748918e+01
    endloop
  endfacet
  facet normal -5.644959e-01 -4.055318e-01 7.189495e-01
    outer loop
      vertex   1.185768e+02 -8.294331e+00 6.748918e+01
      vertex   1.187846e+02 -7.945470e+00 6.784915e+01
      vertex   1.184814e+02 -7.947697e+00 6.760984e+01
    endloop
  endfacet
  facet normal -6.238290e-01 -4.043978e-01 6.688048e-01
    outer loop
      vertex   1.185768e+02 -8.294331e+00 6.748918e+01
      vertex   1.184814e+02 -7.947697e+00 6.760984e+01
      vertex   1.182876e+02 -8.280704e+00 6.722770e+01
    endloop
  endfacet
  facet normal -6.238290e-01 -4.043978e-01 6.688048e-01
    outer loop
      vertex   1.182876e+02 -8.280704e+00 6.722770e+01
      vertex   1.184814e+02 -7.947697e+00 6.760984e+01
      vertex   1.181951e+02 -7.934203e+00 6.735092e+01
    endloop
  endfacet
  facet normal -1.999325e-01 -2.061304e-01 9.578817e-01
    outer loop
      vertex   1.203761e+02 -7.348928e+00 6.878823e+01
      vertex   1.207330e+02 -7.257461e+00 6.888239e+01
      vertex   1.206224e+02 -6.898788e+00 6.893649e+01
    endloop
  endfacet
  facet normal -1.999325e-01 -2.061304e-01 9.578817e-01
    outer loop
      vertex   1.203761e+02 -7.348928e+00 6.878823e+01
      vertex   1.206224e+02 -6.898788e+00 6.893649e+01
      vertex   1.202733e+02 -6.988275e+00 6.884436e+01
    endloop
  endfacet
  facet normal -5.760608e-02 -3.944590e-01 9.171061e-01
    outer loop
      vertex   1.213352e+02 -7.845125e+00 6.876122e+01
      vertex   1.209667e+02 -7.952743e+00 6.869179e+01
      vertex   1.210886e+02 -8.285352e+00 6.855638e+01
    endloop
  endfacet
  facet normal -1.313214e-01 -4.146756e-01 9.004437e-01
    outer loop
      vertex   1.210886e+02 -8.285352e+00 6.855638e+01
      vertex   1.209667e+02 -7.952743e+00 6.869179e+01
      vertex   1.207210e+02 -8.379571e+00 6.845938e+01
    endloop
  endfacet
  facet normal -1.067631e-01 -4.799458e-01 8.707776e-01
    outer loop
      vertex   1.210886e+02 -8.285352e+00 6.855638e+01
      vertex   1.207210e+02 -8.379571e+00 6.845938e+01
      vertex   1.208458e+02 -8.699424e+00 6.829839e+01
    endloop
  endfacet
  facet normal -1.798625e-01 -4.973592e-01 8.486951e-01
    outer loop
      vertex   1.208458e+02 -8.699424e+00 6.829839e+01
      vertex   1.207210e+02 -8.379571e+00 6.845938e+01
      vertex   1.204835e+02 -8.779092e+00 6.817492e+01
    endloop
  endfacet
  facet normal -1.543550e-01 -5.597933e-01 8.141290e-01
    outer loop
      vertex   1.208458e+02 -8.699424e+00 6.829839e+01
      vertex   1.204835e+02 -8.779092e+00 6.817492e+01
      vertex   1.206148e+02 -9.083375e+00 6.799059e+01
    endloop
  endfacet
  facet normal -2.259746e-01 -5.742068e-01 7.869067e-01
    outer loop
      vertex   1.206148e+02 -9.083375e+00 6.799059e+01
      vertex   1.204835e+02 -8.779092e+00 6.817492e+01
      vertex   1.202620e+02 -9.147682e+00 6.784234e+01
    endloop
  endfacet
  facet normal -1.988381e-01 -6.332777e-01 7.479457e-01
    outer loop
      vertex   1.206148e+02 -9.083375e+00 6.799059e+01
      vertex   1.202620e+02 -9.147682e+00 6.784234e+01
      vertex   1.204030e+02 -9.433926e+00 6.763749e+01
    endloop
  endfacet
  facet normal -2.681485e-01 -6.445647e-01 7.159838e-01
    outer loop
      vertex   1.204030e+02 -9.433926e+00 6.763749e+01
      vertex   1.202620e+02 -9.147682e+00 6.784234e+01
      vertex   1.200638e+02 -9.482420e+00 6.746676e+01
    endloop
  endfacet
  facet normal -2.387451e-01 -6.998173e-01 6.732432e-01
    outer loop
      vertex   1.204030e+02 -9.433926e+00 6.763749e+01
      vertex   1.200638e+02 -9.482420e+00 6.746676e+01
      vertex   1.202177e+02 -9.748532e+00 6.724472e+01
    endloop
  endfacet
  facet normal -3.049715e-01 -7.079243e-01 6.370523e-01
    outer loop
      vertex   1.202177e+02 -9.748532e+00 6.724472e+01
      vertex   1.200638e+02 -9.482420e+00 6.746676e+01
      vertex   1.198956e+02 -9.781131e+00 6.705432e+01
    endloop
  endfacet
  facet normal -2.727231e-01 -7.589797e-01 5.912461e-01
    outer loop
      vertex   1.202177e+02 -9.748532e+00 6.724472e+01
      vertex   1.198956e+02 -9.781131e+00 6.705432e+01
      vertex   1.200651e+02 -1.002541e+01 6.681891e+01
    endloop
  endfacet
  facet normal -3.351635e-01 -7.639273e-01 5.514350e-01
    outer loop
      vertex   1.200651e+02 -1.002541e+01 6.681891e+01
      vertex   1.198956e+02 -9.781131e+00 6.705432e+01
      vertex   1.197635e+02 -1.004240e+01 6.661210e+01
    endloop
  endfacet
  facet normal -2.995679e-01 -8.104847e-01 5.033623e-01
    outer loop
      vertex   1.200651e+02 -1.002541e+01 6.681891e+01
      vertex   1.197635e+02 -1.004240e+01 6.661210e+01
      vertex   1.199508e+02 -1.026354e+01 6.636750e+01
    endloop
  endfacet
  facet normal -3.576095e-01 -8.123677e-01 4.606238e-01
    outer loop
      vertex   1.199508e+02 -1.026354e+01 6.636750e+01
      vertex   1.197635e+02 -1.004240e+01 6.661210e+01
      vertex   1.196726e+02 -1.026558e+01 6.614793e+01
    endloop
  endfacet
  facet normal -3.182545e-01 -8.542056e-01 4.111530e-01
    outer loop
      vertex   1.199508e+02 -1.026354e+01 6.636750e+01
      vertex   1.196726e+02 -1.026558e+01 6.614793e+01
      vertex   1.198795e+02 -1.046266e+01 6.589863e+01
    endloop
  endfacet
  facet normal -3.713887e-01 -8.531901e-01 3.662472e-01
    outer loop
      vertex   1.198795e+02 -1.046266e+01 6.589863e+01
      vertex   1.196726e+02 -1.026558e+01 6.614793e+01
      vertex   1.196270e+02 -1.045076e+01 6.567023e+01
    endloop
  endfacet
  facet normal -3.279647e-01 -8.901654e-01 3.162986e-01
    outer loop
      vertex   1.198795e+02 -1.046266e+01 6.589863e+01
      vertex   1.196270e+02 -1.045076e+01 6.567023e+01
      vertex   1.198548e+02 -1.062327e+01 6.542095e+01
    endloop
  endfacet
  facet normal -1.313214e-01 -4.146756e-01 9.004437e-01
    outer loop
      vertex   1.207210e+02 -8.379571e+00 6.845938e+01
      vertex   1.209667e+02 -7.952743e+00 6.869179e+01
      vertex   1.206006e+02 -8.046583e+00 6.859518e+01
    endloop
  endfacet
  facet normal -5.595046e-02 -6.018597e-01 7.966395e-01
    outer loop
      vertex   1.211060e+02 -9.292453e+00 6.790469e+01
      vertex   1.214654e+02 -9.200340e+00 6.799952e+01
      vertex   1.213386e+02 -8.910950e+00 6.820925e+01
    endloop
  endfacet
  facet normal -5.595046e-02 -6.018597e-01 7.966395e-01
    outer loop
      vertex   1.211060e+02 -9.292453e+00 6.790469e+01
      vertex   1.213386e+02 -8.910950e+00 6.820925e+01
      vertex   1.209744e+02 -9.004303e+00 6.811314e+01
    endloop
  endfacet
  facet normal -8.159136e-02 -5.424599e-01 8.361101e-01
    outer loop
      vertex   1.209744e+02 -9.004303e+00 6.811314e+01
      vertex   1.213386e+02 -8.910950e+00 6.820925e+01
      vertex   1.212128e+02 -8.605368e+00 6.839522e+01
    endloop
  endfacet
  facet normal -2.701934e-01 -2.228675e-01 9.366566e-01
    outer loop
      vertex   1.200238e+02 -7.426403e+00 6.866815e+01
      vertex   1.203761e+02 -7.348928e+00 6.878823e+01
      vertex   1.202733e+02 -6.988275e+00 6.884436e+01
    endloop
  endfacet
  facet normal -2.701934e-01 -2.228675e-01 9.366566e-01
    outer loop
      vertex   1.200238e+02 -7.426403e+00 6.866815e+01
      vertex   1.202733e+02 -6.988275e+00 6.884436e+01
      vertex   1.199285e+02 -7.064073e+00 6.872689e+01
    endloop
  endfacet
  facet normal -2.043369e-01 -4.320689e-01 8.783865e-01
    outer loop
      vertex   1.207210e+02 -8.379571e+00 6.845938e+01
      vertex   1.206006e+02 -8.046583e+00 6.859518e+01
      vertex   1.203580e+02 -8.459377e+00 6.833569e+01
    endloop
  endfacet
  facet normal -2.043369e-01 -4.320689e-01 8.783865e-01
    outer loop
      vertex   1.203580e+02 -8.459377e+00 6.833569e+01
      vertex   1.206006e+02 -8.046583e+00 6.859518e+01
      vertex   1.202391e+02 -8.126068e+00 6.847199e+01
    endloop
  endfacet
  facet normal -2.762042e-01 -4.465323e-01 8.510700e-01
    outer loop
      vertex   1.203580e+02 -8.459377e+00 6.833569e+01
      vertex   1.202391e+02 -8.126068e+00 6.847199e+01
      vertex   1.200019e+02 -8.524280e+00 6.818607e+01
    endloop
  endfacet
  facet normal -2.762042e-01 -4.465323e-01 8.510700e-01
    outer loop
      vertex   1.200019e+02 -8.524280e+00 6.818607e+01
      vertex   1.202391e+02 -8.126068e+00 6.847199e+01
      vertex   1.198845e+02 -8.190710e+00 6.832297e+01
    endloop
  endfacet
  facet normal -3.464824e-01 -4.579769e-01 8.186618e-01
    outer loop
      vertex   1.200019e+02 -8.524280e+00 6.818607e+01
      vertex   1.198845e+02 -8.190710e+00 6.832297e+01
      vertex   1.196549e+02 -8.573883e+00 6.801144e+01
    endloop
  endfacet
  facet normal -3.464824e-01 -4.579769e-01 8.186618e-01
    outer loop
      vertex   1.196549e+02 -8.573883e+00 6.801144e+01
      vertex   1.198845e+02 -8.190710e+00 6.832297e+01
      vertex   1.195388e+02 -8.240113e+00 6.814904e+01
    endloop
  endfacet
  facet normal -4.147402e-01 -4.663325e-01 7.813608e-01
    outer loop
      vertex   1.196549e+02 -8.573883e+00 6.801144e+01
      vertex   1.195388e+02 -8.240113e+00 6.814904e+01
      vertex   1.193190e+02 -8.607880e+00 6.781287e+01
    endloop
  endfacet
  facet normal -4.147402e-01 -4.663325e-01 7.813608e-01
    outer loop
      vertex   1.193190e+02 -8.607880e+00 6.781287e+01
      vertex   1.195388e+02 -8.240113e+00 6.814904e+01
      vertex   1.192043e+02 -8.273973e+00 6.795127e+01
    endloop
  endfacet
  facet normal -4.805585e-01 -4.715477e-01 7.393959e-01
    outer loop
      vertex   1.193190e+02 -8.607880e+00 6.781287e+01
      vertex   1.192043e+02 -8.273973e+00 6.795127e+01
      vertex   1.189964e+02 -8.626063e+00 6.759157e+01
    endloop
  endfacet
  facet normal -4.805585e-01 -4.715477e-01 7.393959e-01
    outer loop
      vertex   1.189964e+02 -8.626063e+00 6.759157e+01
      vertex   1.192043e+02 -8.273973e+00 6.795127e+01
      vertex   1.188830e+02 -8.292083e+00 6.773086e+01
    endloop
  endfacet
  facet normal -5.435334e-01 -4.735907e-01 6.930247e-01
    outer loop
      vertex   1.189964e+02 -8.626063e+00 6.759157e+01
      vertex   1.188830e+02 -8.292083e+00 6.773086e+01
      vertex   1.186889e+02 -8.628321e+00 6.734891e+01
    endloop
  endfacet
  facet normal -5.435334e-01 -4.735907e-01 6.930247e-01
    outer loop
      vertex   1.186889e+02 -8.628321e+00 6.734891e+01
      vertex   1.188830e+02 -8.292083e+00 6.773086e+01
      vertex   1.185768e+02 -8.294331e+00 6.748918e+01
    endloop
  endfacet
  facet normal -6.032784e-01 -4.724489e-01 6.425319e-01
    outer loop
      vertex   1.186889e+02 -8.628321e+00 6.734891e+01
      vertex   1.185768e+02 -8.294331e+00 6.748918e+01
      vertex   1.183986e+02 -8.614639e+00 6.708638e+01
    endloop
  endfacet
  facet normal -6.032784e-01 -4.724489e-01 6.425319e-01
    outer loop
      vertex   1.183986e+02 -8.614639e+00 6.708638e+01
      vertex   1.185768e+02 -8.294331e+00 6.748918e+01
      vertex   1.182876e+02 -8.280704e+00 6.722770e+01
    endloop
  endfacet
  facet normal -1.008297e-01 -6.746804e-01 7.311906e-01
    outer loop
      vertex   1.208919e+02 -9.638738e+00 6.755563e+01
      vertex   1.211060e+02 -9.292453e+00 6.790469e+01
      vertex   1.207512e+02 -9.370474e+00 6.778376e+01
    endloop
  endfacet
  facet normal -1.279604e-01 -6.190135e-01 7.748861e-01
    outer loop
      vertex   1.207512e+02 -9.370474e+00 6.778376e+01
      vertex   1.211060e+02 -9.292453e+00 6.790469e+01
      vertex   1.209744e+02 -9.004303e+00 6.811314e+01
    endloop
  endfacet
  facet normal -3.393495e-01 -2.367853e-01 9.103706e-01
    outer loop
      vertex   1.196781e+02 -7.489411e+00 6.852290e+01
      vertex   1.200238e+02 -7.426403e+00 6.866815e+01
      vertex   1.199285e+02 -7.064073e+00 6.872689e+01
    endloop
  endfacet
  facet normal -3.393495e-01 -2.367853e-01 9.103706e-01
    outer loop
      vertex   1.196781e+02 -7.489411e+00 6.852290e+01
      vertex   1.199285e+02 -7.064073e+00 6.872689e+01
      vertex   1.195903e+02 -7.125716e+00 6.858478e+01
    endloop
  endfacet
  facet normal -1.798625e-01 -4.973592e-01 8.486951e-01
    outer loop
      vertex   1.207210e+02 -8.379571e+00 6.845938e+01
      vertex   1.203580e+02 -8.459377e+00 6.833569e+01
      vertex   1.204835e+02 -8.779092e+00 6.817492e+01
    endloop
  endfacet
  facet normal -2.518126e-01 -5.118392e-01 8.213471e-01
    outer loop
      vertex   1.204835e+02 -8.779092e+00 6.817492e+01
      vertex   1.203580e+02 -8.459377e+00 6.833569e+01
      vertex   1.201280e+02 -8.843884e+00 6.802556e+01
    endloop
  endfacet
  facet normal -2.259746e-01 -5.742068e-01 7.869067e-01
    outer loop
      vertex   1.204835e+02 -8.779092e+00 6.817492e+01
      vertex   1.201280e+02 -8.843884e+00 6.802556e+01
      vertex   1.202620e+02 -9.147682e+00 6.784234e+01
    endloop
  endfacet
  facet normal -2.960105e-01 -5.856119e-01 7.546102e-01
    outer loop
      vertex   1.202620e+02 -9.147682e+00 6.784234e+01
      vertex   1.201280e+02 -8.843884e+00 6.802556e+01
      vertex   1.199181e+02 -9.196828e+00 6.766932e+01
    endloop
  endfacet
  facet normal -2.681485e-01 -6.445647e-01 7.159838e-01
    outer loop
      vertex   1.202620e+02 -9.147682e+00 6.784234e+01
      vertex   1.199181e+02 -9.196828e+00 6.766932e+01
      vertex   1.200638e+02 -9.482420e+00 6.746676e+01
    endloop
  endfacet
  facet normal -3.354662e-01 -6.528052e-01 6.791965e-01
    outer loop
      vertex   1.200638e+02 -9.482420e+00 6.746676e+01
      vertex   1.199181e+02 -9.196828e+00 6.766932e+01
      vertex   1.197354e+02 -9.515657e+00 6.727263e+01
    endloop
  endfacet
  facet normal -3.049715e-01 -7.079243e-01 6.370523e-01
    outer loop
      vertex   1.200638e+02 -9.482420e+00 6.746676e+01
      vertex   1.197354e+02 -9.515657e+00 6.727263e+01
      vertex   1.198956e+02 -9.781131e+00 6.705432e+01
    endloop
  endfacet
  facet normal -3.688311e-01 -7.129843e-01 5.963363e-01
    outer loop
      vertex   1.198956e+02 -9.781131e+00 6.705432e+01
      vertex   1.197354e+02 -9.515657e+00 6.727263e+01
      vertex   1.195862e+02 -9.798565e+00 6.684213e+01
    endloop
  endfacet
  facet normal -3.351635e-01 -7.639273e-01 5.514350e-01
    outer loop
      vertex   1.198956e+02 -9.781131e+00 6.705432e+01
      vertex   1.195862e+02 -9.798565e+00 6.684213e+01
      vertex   1.197635e+02 -1.004240e+01 6.661210e+01
    endloop
  endfacet
  facet normal -3.949064e-01 -7.658654e-01 5.074437e-01
    outer loop
      vertex   1.197635e+02 -1.004240e+01 6.661210e+01
      vertex   1.195862e+02 -9.798565e+00 6.684213e+01
      vertex   1.194762e+02 -1.004451e+01 6.638532e+01
    endloop
  endfacet
  facet normal -3.576095e-01 -8.123677e-01 4.606238e-01
    outer loop
      vertex   1.197635e+02 -1.004240e+01 6.661210e+01
      vertex   1.194762e+02 -1.004451e+01 6.638532e+01
      vertex   1.196726e+02 -1.026558e+01 6.614793e+01
    endloop
  endfacet
  facet normal -4.126742e-01 -8.113153e-01 4.140864e-01
    outer loop
      vertex   1.196726e+02 -1.026558e+01 6.614793e+01
      vertex   1.194762e+02 -1.004451e+01 6.638532e+01
      vertex   1.194099e+02 -1.025320e+01 6.591037e+01
    endloop
  endfacet
  facet normal -3.713887e-01 -8.531901e-01 3.662472e-01
    outer loop
      vertex   1.196726e+02 -1.026558e+01 6.614793e+01
      vertex   1.194099e+02 -1.025320e+01 6.591037e+01
      vertex   1.196270e+02 -1.045076e+01 6.567023e+01
    endloop
  endfacet
  facet normal -2.518126e-01 -5.118392e-01 8.213471e-01
    outer loop
      vertex   1.201280e+02 -8.843884e+00 6.802556e+01
      vertex   1.203580e+02 -8.459377e+00 6.833569e+01
      vertex   1.200019e+02 -8.524280e+00 6.818607e+01
    endloop
  endfacet
  facet normal -1.412972e-01 -7.401957e-01 6.573777e-01
    outer loop
      vertex   1.207033e+02 -9.947280e+00 6.716769e+01
      vertex   1.208919e+02 -9.638738e+00 6.755563e+01
      vertex   1.205504e+02 -9.700971e+00 6.741217e+01
    endloop
  endfacet
  facet normal -1.705583e-01 -6.887133e-01 7.046870e-01
    outer loop
      vertex   1.205504e+02 -9.700971e+00 6.741217e+01
      vertex   1.208919e+02 -9.638738e+00 6.755563e+01
      vertex   1.207512e+02 -9.370474e+00 6.778376e+01
    endloop
  endfacet
  facet normal -1.112222e-01 -7.874289e-01 6.062882e-01
    outer loop
      vertex   1.210361e+02 -9.886625e+00 6.730751e+01
      vertex   1.208607e+02 -1.017144e+01 6.690544e+01
      vertex   1.211829e+02 -1.011271e+01 6.704082e+01
    endloop
  endfacet
  facet normal -8.050560e-02 -8.301412e-01 5.517104e-01
    outer loop
      vertex   1.211829e+02 -1.011271e+01 6.704082e+01
      vertex   1.208607e+02 -1.017144e+01 6.690544e+01
      vertex   1.210218e+02 -1.037215e+01 6.662694e+01
    endloop
  endfacet
  facet normal -8.050560e-02 -8.301412e-01 5.517104e-01
    outer loop
      vertex   1.211829e+02 -1.011271e+01 6.704082e+01
      vertex   1.210218e+02 -1.037215e+01 6.662694e+01
      vertex   1.213316e+02 -1.031569e+01 6.675711e+01
    endloop
  endfacet
  facet normal -4.932337e-02 -8.680865e-01 4.939566e-01
    outer loop
      vertex   1.213316e+02 -1.031569e+01 6.675711e+01
      vertex   1.210218e+02 -1.037215e+01 6.662694e+01
      vertex   1.211857e+02 -1.054827e+01 6.633379e+01
    endloop
  endfacet
  facet normal -4.932337e-02 -8.680865e-01 4.939566e-01
    outer loop
      vertex   1.213316e+02 -1.031569e+01 6.675711e+01
      vertex   1.211857e+02 -1.054827e+01 6.633379e+01
      vertex   1.214813e+02 -1.049439e+01 6.645799e+01
    endloop
  endfacet
  facet normal -4.069765e-01 -2.477981e-01 8.791850e-01
    outer loop
      vertex   1.193412e+02 -7.537564e+00 6.835337e+01
      vertex   1.196781e+02 -7.489411e+00 6.852290e+01
      vertex   1.195903e+02 -7.125716e+00 6.858478e+01
    endloop
  endfacet
  facet normal -4.069765e-01 -2.477981e-01 8.791850e-01
    outer loop
      vertex   1.193412e+02 -7.537564e+00 6.835337e+01
      vertex   1.195903e+02 -7.125716e+00 6.858478e+01
      vertex   1.192607e+02 -7.172828e+00 6.841892e+01
    endloop
  endfacet
  facet normal -3.221717e-01 -5.232970e-01 7.889016e-01
    outer loop
      vertex   1.201280e+02 -8.843884e+00 6.802556e+01
      vertex   1.200019e+02 -8.524280e+00 6.818607e+01
      vertex   1.197815e+02 -8.893401e+00 6.785122e+01
    endloop
  endfacet
  facet normal -3.221717e-01 -5.232970e-01 7.889016e-01
    outer loop
      vertex   1.197815e+02 -8.893401e+00 6.785122e+01
      vertex   1.200019e+02 -8.524280e+00 6.818607e+01
      vertex   1.196549e+02 -8.573883e+00 6.801144e+01
    endloop
  endfacet
  facet normal -3.905080e-01 -5.316622e-01 7.515576e-01
    outer loop
      vertex   1.197815e+02 -8.893401e+00 6.785122e+01
      vertex   1.196549e+02 -8.573883e+00 6.801144e+01
      vertex   1.194462e+02 -8.927339e+00 6.765299e+01
    endloop
  endfacet
  facet normal -3.905080e-01 -5.316622e-01 7.515576e-01
    outer loop
      vertex   1.194462e+02 -8.927339e+00 6.765299e+01
      vertex   1.196549e+02 -8.573883e+00 6.801144e+01
      vertex   1.193190e+02 -8.607880e+00 6.781287e+01
    endloop
  endfacet
  facet normal -4.564021e-01 -5.368835e-01 7.095444e-01
    outer loop
      vertex   1.194462e+02 -8.927339e+00 6.765299e+01
      vertex   1.193190e+02 -8.607880e+00 6.781287e+01
      vertex   1.191242e+02 -8.945491e+00 6.743208e+01
    endloop
  endfacet
  facet normal -4.564021e-01 -5.368835e-01 7.095444e-01
    outer loop
      vertex   1.191242e+02 -8.945491e+00 6.743208e+01
      vertex   1.193190e+02 -8.607880e+00 6.781287e+01
      vertex   1.189964e+02 -8.626063e+00 6.759157e+01
    endloop
  endfacet
  facet normal -5.194495e-01 -5.389288e-01 6.631199e-01
    outer loop
      vertex   1.191242e+02 -8.945491e+00 6.743208e+01
      vertex   1.189964e+02 -8.626063e+00 6.759157e+01
      vertex   1.188173e+02 -8.947745e+00 6.718984e+01
    endloop
  endfacet
  facet normal -5.194495e-01 -5.389288e-01 6.631199e-01
    outer loop
      vertex   1.188173e+02 -8.947745e+00 6.718984e+01
      vertex   1.189964e+02 -8.626063e+00 6.759157e+01
      vertex   1.186889e+02 -8.628321e+00 6.734891e+01
    endloop
  endfacet
  facet normal -5.792633e-01 -5.377856e-01 6.125689e-01
    outer loop
      vertex   1.188173e+02 -8.947745e+00 6.718984e+01
      vertex   1.186889e+02 -8.628321e+00 6.734891e+01
      vertex   1.185274e+02 -8.934086e+00 6.692776e+01
    endloop
  endfacet
  facet normal -5.792633e-01 -5.377856e-01 6.125689e-01
    outer loop
      vertex   1.185274e+02 -8.934086e+00 6.692776e+01
      vertex   1.186889e+02 -8.628321e+00 6.734891e+01
      vertex   1.183986e+02 -8.614639e+00 6.708638e+01
    endloop
  endfacet
  facet normal -1.759950e-01 -7.979770e-01 5.764187e-01
    outer loop
      vertex   1.205467e+02 -1.021632e+01 6.674742e+01
      vertex   1.207033e+02 -9.947280e+00 6.716769e+01
      vertex   1.203790e+02 -9.993636e+00 6.700448e+01
    endloop
  endfacet
  facet normal -2.079686e-01 -7.510529e-01 6.266328e-01
    outer loop
      vertex   1.203790e+02 -9.993636e+00 6.700448e+01
      vertex   1.207033e+02 -9.947280e+00 6.716769e+01
      vertex   1.205504e+02 -9.700971e+00 6.741217e+01
    endloop
  endfacet
  facet normal -1.430075e-01 -8.403195e-01 5.228882e-01
    outer loop
      vertex   1.208607e+02 -1.017144e+01 6.690544e+01
      vertex   1.207199e+02 -1.041530e+01 6.647501e+01
      vertex   1.210218e+02 -1.037215e+01 6.662694e+01
    endloop
  endfacet
  facet normal -1.091949e-01 -8.778364e-01 4.663473e-01
    outer loop
      vertex   1.210218e+02 -1.037215e+01 6.662694e+01
      vertex   1.207199e+02 -1.041530e+01 6.647501e+01
      vertex   1.208976e+02 -1.058944e+01 6.618883e+01
    endloop
  endfacet
  facet normal -1.091949e-01 -8.778364e-01 4.663473e-01
    outer loop
      vertex   1.210218e+02 -1.037215e+01 6.662694e+01
      vertex   1.208976e+02 -1.058944e+01 6.618883e+01
      vertex   1.211857e+02 -1.054827e+01 6.633379e+01
    endloop
  endfacet
  facet normal -7.475103e-02 -9.103108e-01 4.071198e-01
    outer loop
      vertex   1.211857e+02 -1.054827e+01 6.633379e+01
      vertex   1.208976e+02 -1.058944e+01 6.618883e+01
      vertex   1.210788e+02 -1.073773e+01 6.589052e+01
    endloop
  endfacet
  facet normal -4.726592e-01 -2.558385e-01 8.432911e-01
    outer loop
      vertex   1.190151e+02 -7.570568e+00 6.816060e+01
      vertex   1.193412e+02 -7.537564e+00 6.835337e+01
      vertex   1.192607e+02 -7.172828e+00 6.841892e+01
    endloop
  endfacet
  facet normal -4.726592e-01 -2.558385e-01 8.432911e-01
    outer loop
      vertex   1.190151e+02 -7.570568e+00 6.816060e+01
      vertex   1.192607e+02 -7.172828e+00 6.841892e+01
      vertex   1.189417e+02 -7.205117e+00 6.823032e+01
    endloop
  endfacet
  facet normal -2.960105e-01 -5.856119e-01 7.546102e-01
    outer loop
      vertex   1.201280e+02 -8.843884e+00 6.802556e+01
      vertex   1.197815e+02 -8.893401e+00 6.785122e+01
      vertex   1.199181e+02 -9.196828e+00 6.766932e+01
    endloop
  endfacet
  facet normal -3.640328e-01 -5.939386e-01 7.174378e-01
    outer loop
      vertex   1.199181e+02 -9.196828e+00 6.766932e+01
      vertex   1.197815e+02 -8.893401e+00 6.785122e+01
      vertex   1.195853e+02 -9.230513e+00 6.747257e+01
    endloop
  endfacet
  facet normal -3.354662e-01 -6.528052e-01 6.791965e-01
    outer loop
      vertex   1.199181e+02 -9.196828e+00 6.766932e+01
      vertex   1.195853e+02 -9.230513e+00 6.747257e+01
      vertex   1.197354e+02 -9.515657e+00 6.727263e+01
    endloop
  endfacet
  facet normal -4.003781e-01 -6.579486e-01 6.378095e-01
    outer loop
      vertex   1.197354e+02 -9.515657e+00 6.727263e+01
      vertex   1.195853e+02 -9.230513e+00 6.747257e+01
      vertex   1.194199e+02 -9.533433e+00 6.705628e+01
    endloop
  endfacet
  facet normal -3.688311e-01 -7.129843e-01 5.963363e-01
    outer loop
      vertex   1.197354e+02 -9.515657e+00 6.727263e+01
      vertex   1.194199e+02 -9.533433e+00 6.705628e+01
      vertex   1.195862e+02 -9.798565e+00 6.684213e+01
    endloop
  endfacet
  facet normal -4.299319e-01 -7.149665e-01 5.513451e-01
    outer loop
      vertex   1.195862e+02 -9.798565e+00 6.684213e+01
      vertex   1.194199e+02 -9.533433e+00 6.705628e+01
      vertex   1.192915e+02 -9.800730e+00 6.660946e+01
    endloop
  endfacet
  facet normal -3.949064e-01 -7.658654e-01 5.074437e-01
    outer loop
      vertex   1.195862e+02 -9.798565e+00 6.684213e+01
      vertex   1.192915e+02 -9.800730e+00 6.660946e+01
      vertex   1.194762e+02 -1.004451e+01 6.638532e+01
    endloop
  endfacet
  facet normal -4.515851e-01 -7.647822e-01 4.595423e-01
    outer loop
      vertex   1.194762e+02 -1.004451e+01 6.638532e+01
      vertex   1.192915e+02 -9.800730e+00 6.660946e+01
      vertex   1.192049e+02 -1.003172e+01 6.613997e+01
    endloop
  endfacet
  facet normal -4.126742e-01 -8.113153e-01 4.140864e-01
    outer loop
      vertex   1.194762e+02 -1.004451e+01 6.638532e+01
      vertex   1.192049e+02 -1.003172e+01 6.613997e+01
      vertex   1.194099e+02 -1.025320e+01 6.591037e+01
    endloop
  endfacet
  facet normal -3.640328e-01 -5.939386e-01 7.174378e-01
    outer loop
      vertex   1.195853e+02 -9.230513e+00 6.747257e+01
      vertex   1.197815e+02 -8.893401e+00 6.785122e+01
      vertex   1.194462e+02 -8.927339e+00 6.765299e+01
    endloop
  endfacet
  facet normal -2.037124e-01 -8.477505e-01 4.897146e-01
    outer loop
      vertex   1.204277e+02 -1.044488e+01 6.630226e+01
      vertex   1.205467e+02 -1.021632e+01 6.674742e+01
      vertex   1.202428e+02 -1.024708e+01 6.656774e+01
    endloop
  endfacet
  facet normal -2.389056e-01 -8.056780e-01 5.420398e-01
    outer loop
      vertex   1.202428e+02 -1.024708e+01 6.656774e+01
      vertex   1.205467e+02 -1.021632e+01 6.674742e+01
      vertex   1.203790e+02 -9.993636e+00 6.700448e+01
    endloop
  endfacet
  facet normal -1.673450e-01 -8.849546e-01 4.345698e-01
    outer loop
      vertex   1.207199e+02 -1.041530e+01 6.647501e+01
      vertex   1.206188e+02 -1.061766e+01 6.602400e+01
      vertex   1.208976e+02 -1.058944e+01 6.618883e+01
    endloop
  endfacet
  facet normal -1.300119e-01 -9.170754e-01 3.769212e-01
    outer loop
      vertex   1.208976e+02 -1.058944e+01 6.618883e+01
      vertex   1.206188e+02 -1.061766e+01 6.602400e+01
      vertex   1.208150e+02 -1.076444e+01 6.573456e+01
    endloop
  endfacet
  facet normal -1.300119e-01 -9.170754e-01 3.769212e-01
    outer loop
      vertex   1.208976e+02 -1.058944e+01 6.618883e+01
      vertex   1.208150e+02 -1.076444e+01 6.573456e+01
      vertex   1.210788e+02 -1.073773e+01 6.589052e+01
    endloop
  endfacet
  facet normal -9.192713e-02 -9.439267e-01 3.170989e-01
    outer loop
      vertex   1.210788e+02 -1.073773e+01 6.589052e+01
      vertex   1.208150e+02 -1.076444e+01 6.573456e+01
      vertex   1.210151e+02 -1.088436e+01 6.543559e+01
    endloop
  endfacet
  facet normal -5.359945e-01 -2.608570e-01 8.029094e-01
    outer loop
      vertex   1.187019e+02 -7.588220e+00 6.794576e+01
      vertex   1.190151e+02 -7.570568e+00 6.816060e+01
      vertex   1.189417e+02 -7.205117e+00 6.823032e+01
    endloop
  endfacet
  facet normal -5.359945e-01 -2.608570e-01 8.029094e-01
    outer loop
      vertex   1.187019e+02 -7.588220e+00 6.794576e+01
      vertex   1.189417e+02 -7.205117e+00 6.823032e+01
      vertex   1.186352e+02 -7.222387e+00 6.802014e+01
    endloop
  endfacet
  facet normal -4.296242e-01 -5.991360e-01 6.756176e-01
    outer loop
      vertex   1.195853e+02 -9.230513e+00 6.747257e+01
      vertex   1.194462e+02 -8.927339e+00 6.765299e+01
      vertex   1.192656e+02 -9.248529e+00 6.725331e+01
    endloop
  endfacet
  facet normal -4.296242e-01 -5.991360e-01 6.756176e-01
    outer loop
      vertex   1.192656e+02 -9.248529e+00 6.725331e+01
      vertex   1.194462e+02 -8.927339e+00 6.765299e+01
      vertex   1.191242e+02 -8.945491e+00 6.743208e+01
    endloop
  endfacet
  facet normal -4.923820e-01 -6.011719e-01 6.294063e-01
    outer loop
      vertex   1.192656e+02 -9.248529e+00 6.725331e+01
      vertex   1.191242e+02 -8.945491e+00 6.743208e+01
      vertex   1.189610e+02 -9.250766e+00 6.701288e+01
    endloop
  endfacet
  facet normal -4.923820e-01 -6.011719e-01 6.294063e-01
    outer loop
      vertex   1.189610e+02 -9.250766e+00 6.701288e+01
      vertex   1.191242e+02 -8.945491e+00 6.743208e+01
      vertex   1.188173e+02 -8.947745e+00 6.718984e+01
    endloop
  endfacet
  facet normal -5.519210e-01 -6.000340e-01 5.790876e-01
    outer loop
      vertex   1.189610e+02 -9.250766e+00 6.701288e+01
      vertex   1.188173e+02 -8.947745e+00 6.718984e+01
      vertex   1.186734e+02 -9.237209e+00 6.675276e+01
    endloop
  endfacet
  facet normal -5.519210e-01 -6.000340e-01 5.790876e-01
    outer loop
      vertex   1.186734e+02 -9.237209e+00 6.675276e+01
      vertex   1.188173e+02 -8.947745e+00 6.718984e+01
      vertex   1.185274e+02 -8.934086e+00 6.692776e+01
    endloop
  endfacet
  facet normal -2.234170e-01 -8.893977e-01 3.988190e-01
    outer loop
      vertex   1.203510e+02 -1.063276e+01 6.584031e+01
      vertex   1.204277e+02 -1.044488e+01 6.630226e+01
      vertex   1.201470e+02 -1.046070e+01 6.610974e+01
    endloop
  endfacet
  facet normal -2.622478e-01 -8.523887e-01 4.523931e-01
    outer loop
      vertex   1.201470e+02 -1.046070e+01 6.610974e+01
      vertex   1.204277e+02 -1.044488e+01 6.630226e+01
      vertex   1.202428e+02 -1.024708e+01 6.656774e+01
    endloop
  endfacet
  facet normal -1.421204e-01 -9.479039e-01 2.850964e-01
    outer loop
      vertex   1.205616e+02 -1.077872e+01 6.556075e+01
      vertex   1.210151e+02 -1.088436e+01 6.543559e+01
      vertex   1.208150e+02 -1.076444e+01 6.573456e+01
    endloop
  endfacet
  facet normal -1.832979e-01 -9.212977e-01 3.429468e-01
    outer loop
      vertex   1.208150e+02 -1.076444e+01 6.573456e+01
      vertex   1.206188e+02 -1.061766e+01 6.602400e+01
      vertex   1.205616e+02 -1.077872e+01 6.556075e+01
    endloop
  endfacet
  facet normal -5.965937e-01 -2.628229e-01 7.582876e-01
    outer loop
      vertex   1.184034e+02 -7.590412e+00 6.771019e+01
      vertex   1.187019e+02 -7.588220e+00 6.794576e+01
      vertex   1.186352e+02 -7.222387e+00 6.802014e+01
    endloop
  endfacet
  facet normal -5.965937e-01 -2.628229e-01 7.582876e-01
    outer loop
      vertex   1.184034e+02 -7.590412e+00 6.771019e+01
      vertex   1.186352e+02 -7.222387e+00 6.802014e+01
      vertex   1.183433e+02 -7.224532e+00 6.778967e+01
    endloop
  endfacet
  facet normal -4.003781e-01 -6.579486e-01 6.378095e-01
    outer loop
      vertex   1.195853e+02 -9.230513e+00 6.747257e+01
      vertex   1.192656e+02 -9.248529e+00 6.725331e+01
      vertex   1.194199e+02 -9.533433e+00 6.705628e+01
    endloop
  endfacet
  facet normal -4.624858e-01 -6.599635e-01 5.920769e-01
    outer loop
      vertex   1.194199e+02 -9.533433e+00 6.705628e+01
      vertex   1.192656e+02 -9.248529e+00 6.725331e+01
      vertex   1.191194e+02 -9.535640e+00 6.681905e+01
    endloop
  endfacet
  facet normal -4.299319e-01 -7.149665e-01 5.513451e-01
    outer loop
      vertex   1.194199e+02 -9.533433e+00 6.705628e+01
      vertex   1.191194e+02 -9.535640e+00 6.681905e+01
      vertex   1.192915e+02 -9.800730e+00 6.660946e+01
    endloop
  endfacet
  facet normal -4.878989e-01 -7.138587e-01 5.023549e-01
    outer loop
      vertex   1.192915e+02 -9.800730e+00 6.660946e+01
      vertex   1.191194e+02 -9.535640e+00 6.681905e+01
      vertex   1.190131e+02 -9.787611e+00 6.635773e+01
    endloop
  endfacet
  facet normal -4.515851e-01 -7.647822e-01 4.595423e-01
    outer loop
      vertex   1.192915e+02 -9.800730e+00 6.660946e+01
      vertex   1.190131e+02 -9.787611e+00 6.635773e+01
      vertex   1.192049e+02 -1.003172e+01 6.613997e+01
    endloop
  endfacet
  facet normal -4.624858e-01 -6.599635e-01 5.920769e-01
    outer loop
      vertex   1.191194e+02 -9.535640e+00 6.681905e+01
      vertex   1.192656e+02 -9.248529e+00 6.725331e+01
      vertex   1.189610e+02 -9.250766e+00 6.701288e+01
    endloop
  endfacet
  facet normal -4.878989e-01 -7.138587e-01 5.023549e-01
    outer loop
      vertex   1.188355e+02 -9.522264e+00 6.656238e+01
      vertex   1.190131e+02 -9.787611e+00 6.635773e+01
      vertex   1.191194e+02 -9.535640e+00 6.681905e+01
    endloop
  endfacet
  facet normal -5.214081e-01 -6.588374e-01 5.422794e-01
    outer loop
      vertex   1.186734e+02 -9.237209e+00 6.675276e+01
      vertex   1.188355e+02 -9.522264e+00 6.656238e+01
      vertex   1.189610e+02 -9.250766e+00 6.701288e+01
    endloop
  endfacet
  facet normal -5.214081e-01 -6.588374e-01 5.422794e-01
    outer loop
      vertex   1.189610e+02 -9.250766e+00 6.701288e+01
      vertex   1.188355e+02 -9.522264e+00 6.656238e+01
      vertex   1.191194e+02 -9.535640e+00 6.681905e+01
    endloop
  endfacet
  facet normal -6.540848e-01 -2.617242e-01 7.096996e-01
    outer loop
      vertex   1.184034e+02 -7.590412e+00 6.771019e+01
      vertex   1.183433e+02 -7.224532e+00 6.778967e+01
      vertex   1.181216e+02 -7.577130e+00 6.745533e+01
    endloop
  endfacet
  facet normal -6.540848e-01 -2.617242e-01 7.096996e-01
    outer loop
      vertex   1.181216e+02 -7.577130e+00 6.745533e+01
      vertex   1.183433e+02 -7.224532e+00 6.778967e+01
      vertex   1.180675e+02 -7.211537e+00 6.754032e+01
    endloop
  endfacet
  facet normal -7.081151e-01 -2.575674e-01 6.574436e-01
    outer loop
      vertex   1.181216e+02 -7.577130e+00 6.745533e+01
      vertex   1.180675e+02 -7.211537e+00 6.754032e+01
      vertex   1.178581e+02 -7.548455e+00 6.718273e+01
    endloop
  endfacet
  facet normal -7.081151e-01 -2.575674e-01 6.574436e-01
    outer loop
      vertex   1.178581e+02 -7.548455e+00 6.718273e+01
      vertex   1.180675e+02 -7.211537e+00 6.754032e+01
      vertex   1.178097e+02 -7.183483e+00 6.727362e+01
    endloop
  endfacet
  facet normal -7.583528e-01 -2.503783e-01 6.018403e-01
    outer loop
      vertex   1.178581e+02 -7.548455e+00 6.718273e+01
      vertex   1.178097e+02 -7.183483e+00 6.727362e+01
      vertex   1.176145e+02 -7.504564e+00 6.689408e+01
    endloop
  endfacet
  facet normal -7.583528e-01 -2.503783e-01 6.018403e-01
    outer loop
      vertex   1.176145e+02 -7.504564e+00 6.689408e+01
      vertex   1.178097e+02 -7.183483e+00 6.727362e+01
      vertex   1.175714e+02 -7.140542e+00 6.699122e+01
    endloop
  endfacet
  facet normal -8.044896e-01 -2.402008e-01 5.432311e-01
    outer loop
      vertex   1.176145e+02 -7.504564e+00 6.689408e+01
      vertex   1.175714e+02 -7.140542e+00 6.699122e+01
      vertex   1.173924e+02 -7.445726e+00 6.659114e+01
    endloop
  endfacet
  facet normal -8.044896e-01 -2.402008e-01 5.432311e-01
    outer loop
      vertex   1.173924e+02 -7.445726e+00 6.659114e+01
      vertex   1.175714e+02 -7.140542e+00 6.699122e+01
      vertex   1.173541e+02 -7.082977e+00 6.669484e+01
    endloop
  endfacet
  facet normal -8.462424e-01 -2.270975e-01 4.819756e-01
    outer loop
      vertex   1.173924e+02 -7.445726e+00 6.659114e+01
      vertex   1.173541e+02 -7.082977e+00 6.669484e+01
      vertex   1.171930e+02 -7.372302e+00 6.627578e+01
    endloop
  endfacet
  facet normal -8.462424e-01 -2.270975e-01 4.819756e-01
    outer loop
      vertex   1.171930e+02 -7.372302e+00 6.627578e+01
      vertex   1.173541e+02 -7.082977e+00 6.669484e+01
      vertex   1.171591e+02 -7.011142e+00 6.638630e+01
    endloop
  endfacet
  facet normal -8.833550e-01 -2.111488e-01 4.184498e-01
    outer loop
      vertex   1.171930e+02 -7.372302e+00 6.627578e+01
      vertex   1.171591e+02 -7.011142e+00 6.638630e+01
      vertex   1.170178e+02 -7.284742e+00 6.594993e+01
    endloop
  endfacet
  facet normal -8.833550e-01 -2.111488e-01 4.184498e-01
    outer loop
      vertex   1.170178e+02 -7.284742e+00 6.594993e+01
      vertex   1.171591e+02 -7.011142e+00 6.638630e+01
      vertex   1.169876e+02 -6.925478e+00 6.606750e+01
    endloop
  endfacet
  facet normal -9.155994e-01 -1.924525e-01 3.530435e-01
    outer loop
      vertex   1.170178e+02 -7.284742e+00 6.594993e+01
      vertex   1.169876e+02 -6.925478e+00 6.606750e+01
      vertex   1.168676e+02 -7.183585e+00 6.561558e+01
    endloop
  endfacet
  facet normal -9.155994e-01 -1.924525e-01 3.530435e-01
    outer loop
      vertex   1.168676e+02 -7.183585e+00 6.561558e+01
      vertex   1.169876e+02 -6.925478e+00 6.606750e+01
      vertex   1.168406e+02 -6.826511e+00 6.574039e+01
    endloop
  endfacet
  facet normal -9.427779e-01 -1.711234e-01 2.861583e-01
    outer loop
      vertex   1.168676e+02 -7.183585e+00 6.561558e+01
      vertex   1.168406e+02 -6.826511e+00 6.574039e+01
      vertex   1.167434e+02 -7.069451e+00 6.527480e+01
    endloop
  endfacet
  facet normal -9.427779e-01 -1.711234e-01 2.861583e-01
    outer loop
      vertex   1.167434e+02 -7.069451e+00 6.527480e+01
      vertex   1.168406e+02 -6.826511e+00 6.574039e+01
      vertex   1.167192e+02 -6.714847e+00 6.540699e+01
    endloop
  endfacet
  facet normal -9.647236e-01 -1.472925e-01 2.182046e-01
    outer loop
      vertex   1.167434e+02 -7.069451e+00 6.527480e+01
      vertex   1.167192e+02 -6.714847e+00 6.540699e+01
      vertex   1.166461e+02 -6.943041e+00 6.492967e+01
    endloop
  endfacet
  facet normal -9.647236e-01 -1.472925e-01 2.182046e-01
    outer loop
      vertex   1.166461e+02 -6.943041e+00 6.492967e+01
      vertex   1.167192e+02 -6.714847e+00 6.540699e+01
      vertex   1.166239e+02 -6.591173e+00 6.506933e+01
    endloop
  endfacet
  facet normal -9.813019e-01 -1.211059e-01 1.495995e-01
    outer loop
      vertex   1.166461e+02 -6.943041e+00 6.492967e+01
      vertex   1.166239e+02 -6.591173e+00 6.506933e+01
      vertex   1.165761e+02 -6.805130e+00 6.458232e+01
    endloop
  endfacet
  facet normal -9.813019e-01 -1.211059e-01 1.495995e-01
    outer loop
      vertex   1.165761e+02 -6.805130e+00 6.458232e+01
      vertex   1.166239e+02 -6.591173e+00 6.506933e+01
      vertex   1.165555e+02 -6.456247e+00 6.472949e+01
    endloop
  endfacet
  facet normal -9.924109e-01 -9.272448e-02 8.076410e-02
    outer loop
      vertex   1.165761e+02 -6.805130e+00 6.458232e+01
      vertex   1.165555e+02 -6.456247e+00 6.472949e+01
      vertex   1.165339e+02 -6.656565e+00 6.423486e+01
    endloop
  endfacet
  facet normal -9.924109e-01 -9.272448e-02 8.076410e-02
    outer loop
      vertex   1.165339e+02 -6.656565e+00 6.423486e+01
      vertex   1.165555e+02 -6.456247e+00 6.472949e+01
      vertex   1.165142e+02 -6.310897e+00 6.438956e+01
    endloop
  endfacet
  facet normal -6.877436e-01 -5.259814e-01 5.003522e-01
    outer loop
      vertex   1.180060e+02 -8.859466e+00 6.635062e+01
      vertex   1.182564e+02 -8.904600e+00 6.664744e+01
      vertex   1.181271e+02 -8.585101e+00 6.680558e+01
    endloop
  endfacet
  facet normal -7.116341e-01 -4.606582e-01 5.304441e-01
    outer loop
      vertex   1.181271e+02 -8.585101e+00 6.680558e+01
      vertex   1.180172e+02 -8.251286e+00 6.694804e+01
      vertex   1.178762e+02 -8.539890e+00 6.650824e+01
    endloop
  endfacet
  facet normal -7.116341e-01 -4.606582e-01 5.304441e-01
    outer loop
      vertex   1.178762e+02 -8.539890e+00 6.650824e+01
      vertex   1.180172e+02 -8.251286e+00 6.694804e+01
      vertex   1.177674e+02 -8.206256e+00 6.665190e+01
    endloop
  endfacet
  facet normal -7.595797e-01 -4.500817e-01 4.695371e-01
    outer loop
      vertex   1.178762e+02 -8.539890e+00 6.650824e+01
      vertex   1.177674e+02 -8.206256e+00 6.665190e+01
      vertex   1.176474e+02 -8.479281e+00 6.619619e+01
    endloop
  endfacet
  facet normal -7.595797e-01 -4.500817e-01 4.695371e-01
    outer loop
      vertex   1.176474e+02 -8.479281e+00 6.619619e+01
      vertex   1.177674e+02 -8.206256e+00 6.665190e+01
      vertex   1.175395e+02 -8.145891e+00 6.634110e+01
    endloop
  endfacet
  facet normal -8.029694e-01 -4.364647e-01 4.058802e-01
    outer loop
      vertex   1.176474e+02 -8.479281e+00 6.619619e+01
      vertex   1.175395e+02 -8.145891e+00 6.634110e+01
      vertex   1.174421e+02 -8.403648e+00 6.587134e+01
    endloop
  endfacet
  facet normal -8.029694e-01 -4.364647e-01 4.058802e-01
    outer loop
      vertex   1.174421e+02 -8.403648e+00 6.587134e+01
      vertex   1.175395e+02 -8.145891e+00 6.634110e+01
      vertex   1.173350e+02 -8.070563e+00 6.601756e+01
    endloop
  endfacet
  facet normal -8.415369e-01 -4.198907e-01 3.398639e-01
    outer loop
      vertex   1.174421e+02 -8.403648e+00 6.587134e+01
      vertex   1.173350e+02 -8.070563e+00 6.601756e+01
      vertex   1.172616e+02 -8.313454e+00 6.553568e+01
    endloop
  endfacet
  facet normal -8.415369e-01 -4.198907e-01 3.398639e-01
    outer loop
      vertex   1.172616e+02 -8.313454e+00 6.553568e+01
      vertex   1.173350e+02 -8.070563e+00 6.601756e+01
      vertex   1.171551e+02 -7.980732e+00 6.568325e+01
    endloop
  endfacet
  facet normal -8.750455e-01 -4.004615e-01 2.718934e-01
    outer loop
      vertex   1.172616e+02 -8.313454e+00 6.553568e+01
      vertex   1.171551e+02 -7.980732e+00 6.568325e+01
      vertex   1.171069e+02 -8.209253e+00 6.519127e+01
    endloop
  endfacet
  facet normal -8.750455e-01 -4.004615e-01 2.718934e-01
    outer loop
      vertex   1.171069e+02 -8.209253e+00 6.519127e+01
      vertex   1.171551e+02 -7.980732e+00 6.568325e+01
      vertex   1.170011e+02 -7.876951e+00 6.534023e+01
    endloop
  endfacet
  facet normal -9.032895e-01 -3.782962e-01 2.023860e-01
    outer loop
      vertex   1.171069e+02 -8.209253e+00 6.519127e+01
      vertex   1.170011e+02 -7.876951e+00 6.534023e+01
      vertex   1.169790e+02 -8.091685e+00 6.484024e+01
    endloop
  endfacet
  facet normal -9.032895e-01 -3.782962e-01 2.023860e-01
    outer loop
      vertex   1.169790e+02 -8.091685e+00 6.484024e+01
      vertex   1.170011e+02 -7.876951e+00 6.534023e+01
      vertex   1.168737e+02 -7.759856e+00 6.499061e+01
    endloop
  endfacet
  facet normal -6.282716e-01 -6.472090e-01 4.317352e-01
    outer loop
      vertex   1.185702e+02 -9.493387e+00 6.628786e+01
      vertex   1.184044e+02 -9.207943e+00 6.647454e+01
      vertex   1.183249e+02 -9.449186e+00 6.599718e+01
    endloop
  endfacet
  facet normal -6.282716e-01 -6.472090e-01 4.317352e-01
    outer loop
      vertex   1.183249e+02 -9.449186e+00 6.599718e+01
      vertex   1.184044e+02 -9.207943e+00 6.647454e+01
      vertex   1.181558e+02 -9.163147e+00 6.617994e+01
    endloop
  endfacet
  facet normal -6.755569e-01 -6.367782e-01 3.716670e-01
    outer loop
      vertex   1.183249e+02 -9.449186e+00 6.599718e+01
      vertex   1.181558e+02 -9.163147e+00 6.617994e+01
      vertex   1.181012e+02 -9.389933e+00 6.569210e+01
    endloop
  endfacet
  facet normal -6.755569e-01 -6.367782e-01 3.716670e-01
    outer loop
      vertex   1.181012e+02 -9.389933e+00 6.569210e+01
      vertex   1.181558e+02 -9.163147e+00 6.617994e+01
      vertex   1.179291e+02 -9.103096e+00 6.587075e+01
    endloop
  endfacet
  facet normal -5.930300e-01 -7.024189e-01 3.936028e-01
    outer loop
      vertex   1.187528e+02 -9.759289e+00 6.608849e+01
      vertex   1.185702e+02 -9.493387e+00 6.628786e+01
      vertex   1.185122e+02 -9.715938e+00 6.580339e+01
    endloop
  endfacet
  facet normal -5.930300e-01 -7.024189e-01 3.936028e-01
    outer loop
      vertex   1.185122e+02 -9.715938e+00 6.580339e+01
      vertex   1.185702e+02 -9.493387e+00 6.628786e+01
      vertex   1.183249e+02 -9.449186e+00 6.599718e+01
    endloop
  endfacet
  facet normal -6.395487e-01 -6.921572e-01 3.345084e-01
    outer loop
      vertex   1.185122e+02 -9.715938e+00 6.580339e+01
      vertex   1.183249e+02 -9.449186e+00 6.599718e+01
      vertex   1.182928e+02 -9.657823e+00 6.550417e+01
    endloop
  endfacet
  facet normal -6.395487e-01 -6.921572e-01 3.345084e-01
    outer loop
      vertex   1.182928e+02 -9.657823e+00 6.550417e+01
      vertex   1.183249e+02 -9.449186e+00 6.599718e+01
      vertex   1.181012e+02 -9.389933e+00 6.569210e+01
    endloop
  endfacet
  facet normal -5.125416e-01 -8.004482e-01 3.107793e-01
    outer loop
      vertex   1.189373e+02 -1.018556e+01 6.538724e+01
      vertex   1.191643e+02 -1.022647e+01 6.565629e+01
      vertex   1.189512e+02 -1.000412e+01 6.587756e+01
    endloop
  endfacet
  facet normal -5.543797e-01 -7.535966e-01 3.532071e-01
    outer loop
      vertex   1.189512e+02 -1.000412e+01 6.587756e+01
      vertex   1.187528e+02 -9.759289e+00 6.608849e+01
      vertex   1.187167e+02 -9.961867e+00 6.559968e+01
    endloop
  endfacet
  facet normal -5.543797e-01 -7.535966e-01 3.532071e-01
    outer loop
      vertex   1.187167e+02 -9.961867e+00 6.559968e+01
      vertex   1.187528e+02 -9.759289e+00 6.608849e+01
      vertex   1.185122e+02 -9.715938e+00 6.580339e+01
    endloop
  endfacet
  facet normal -5.998646e-01 -7.435630e-01 2.954261e-01
    outer loop
      vertex   1.187167e+02 -9.961867e+00 6.559968e+01
      vertex   1.185122e+02 -9.715938e+00 6.580339e+01
      vertex   1.185029e+02 -9.905226e+00 6.530806e+01
    endloop
  endfacet
  facet normal -5.998646e-01 -7.435630e-01 2.954261e-01
    outer loop
      vertex   1.185029e+02 -9.905226e+00 6.530806e+01
      vertex   1.185122e+02 -9.715938e+00 6.580339e+01
      vertex   1.182928e+02 -9.657823e+00 6.550417e+01
    endloop
  endfacet
  facet normal -7.357444e-01 -5.153927e-01 4.393751e-01
    outer loop
      vertex   1.177776e+02 -8.798962e+00 6.603911e+01
      vertex   1.180060e+02 -8.859466e+00 6.635062e+01
      vertex   1.178762e+02 -8.539890e+00 6.650824e+01
    endloop
  endfacet
  facet normal -6.877436e-01 -5.259814e-01 5.003522e-01
    outer loop
      vertex   1.178762e+02 -8.539890e+00 6.650824e+01
      vertex   1.180060e+02 -8.859466e+00 6.635062e+01
      vertex   1.181271e+02 -8.585101e+00 6.680558e+01
    endloop
  endfacet
  facet normal -7.357444e-01 -5.153927e-01 4.393751e-01
    outer loop
      vertex   1.177776e+02 -8.798962e+00 6.603911e+01
      vertex   1.178762e+02 -8.539890e+00 6.650824e+01
      vertex   1.176474e+02 -8.479281e+00 6.619619e+01
    endloop
  endfacet
  facet normal -5.567312e-01 -7.907003e-01 2.546437e-01
    outer loop
      vertex   1.187302e+02 -1.013072e+01 6.510487e+01
      vertex   1.189373e+02 -1.018556e+01 6.538724e+01
      vertex   1.187167e+02 -9.961867e+00 6.559968e+01
    endloop
  endfacet
  facet normal -5.125416e-01 -8.004482e-01 3.107793e-01
    outer loop
      vertex   1.187167e+02 -9.961867e+00 6.559968e+01
      vertex   1.189373e+02 -1.018556e+01 6.538724e+01
      vertex   1.189512e+02 -1.000412e+01 6.587756e+01
    endloop
  endfacet
  facet normal -5.567312e-01 -7.907003e-01 2.546437e-01
    outer loop
      vertex   1.187302e+02 -1.013072e+01 6.510487e+01
      vertex   1.187167e+02 -9.961867e+00 6.559968e+01
      vertex   1.185029e+02 -9.905226e+00 6.530806e+01
    endloop
  endfacet
  facet normal -7.791841e-01 -5.017600e-01 3.756449e-01
    outer loop
      vertex   1.175726e+02 -8.723459e+00 6.571481e+01
      vertex   1.177776e+02 -8.798962e+00 6.603911e+01
      vertex   1.176474e+02 -8.479281e+00 6.619619e+01
    endloop
  endfacet
  facet normal -7.791841e-01 -5.017600e-01 3.756449e-01
    outer loop
      vertex   1.175726e+02 -8.723459e+00 6.571481e+01
      vertex   1.176474e+02 -8.479281e+00 6.619619e+01
      vertex   1.174421e+02 -8.403648e+00 6.587134e+01
    endloop
  endfacet
  facet normal -8.177959e-01 -4.851670e-01 3.095526e-01
    outer loop
      vertex   1.173924e+02 -8.633421e+00 6.537974e+01
      vertex   1.175726e+02 -8.723459e+00 6.571481e+01
      vertex   1.174421e+02 -8.403648e+00 6.587134e+01
    endloop
  endfacet
  facet normal -8.177959e-01 -4.851670e-01 3.095526e-01
    outer loop
      vertex   1.173924e+02 -8.633421e+00 6.537974e+01
      vertex   1.174421e+02 -8.403648e+00 6.587134e+01
      vertex   1.172616e+02 -8.313454e+00 6.553568e+01
    endloop
  endfacet
  facet normal -8.513431e-01 -4.657154e-01 2.415039e-01
    outer loop
      vertex   1.172379e+02 -8.529400e+00 6.503593e+01
      vertex   1.173924e+02 -8.633421e+00 6.537974e+01
      vertex   1.172616e+02 -8.313454e+00 6.553568e+01
    endloop
  endfacet
  facet normal -8.513431e-01 -4.657154e-01 2.415039e-01
    outer loop
      vertex   1.172379e+02 -8.529400e+00 6.503593e+01
      vertex   1.172616e+02 -8.313454e+00 6.553568e+01
      vertex   1.171069e+02 -8.209253e+00 6.519127e+01
    endloop
  endfacet
  facet normal -8.796196e-01 -4.435246e-01 1.719165e-01
    outer loop
      vertex   1.171103e+02 -8.412035e+00 6.468550e+01
      vertex   1.172379e+02 -8.529400e+00 6.503593e+01
      vertex   1.171069e+02 -8.209253e+00 6.519127e+01
    endloop
  endfacet
  facet normal -8.796196e-01 -4.435246e-01 1.719165e-01
    outer loop
      vertex   1.171103e+02 -8.412035e+00 6.468550e+01
      vertex   1.171069e+02 -8.209253e+00 6.519127e+01
      vertex   1.169790e+02 -8.091685e+00 6.484024e+01
    endloop
  endfacet
  facet normal 1.969508e-15 -9.701425e-01 2.425356e-01
    outer loop
      vertex   1.215000e+02 -1.094683e+01 6.529268e+01
      vertex   1.215000e+02 -2.500000e+01 9.080000e+00
      vertex   1.250000e+02 -1.094683e+01 6.529268e+01
    endloop
  endfacet
  facet normal -1.710767e-15 -9.701425e-01 2.425356e-01
    outer loop
      vertex   1.250000e+02 -1.094683e+01 6.529268e+01
      vertex   1.215000e+02 -2.500000e+01 9.080000e+00
      vertex   1.250000e+02 -2.500000e+01 9.080000e+00
    endloop
  endfacet
  facet normal 0.000000e+00 -3.898476e-02 9.992398e-01
    outer loop
      vertex   1.250000e+02 -6.096118e+00 6.908000e+01
      vertex   1.215000e+02 -6.096118e+00 6.908000e+01
      vertex   1.250000e+02 -6.485669e+00 6.906480e+01
    endloop
  endfacet
  facet normal -1.978595e-17 -3.898476e-02 9.992398e-01
    outer loop
      vertex   1.250000e+02 -6.485669e+00 6.906480e+01
      vertex   1.215000e+02 -6.096118e+00 6.908000e+01
      vertex   1.215000e+02 -6.485669e+00 6.906480e+01
    endloop
  endfacet
  facet normal -5.923758e-17 -1.167173e-01 9.931652e-01
    outer loop
      vertex   1.250000e+02 -6.485669e+00 6.906480e+01
      vertex   1.215000e+02 -6.485669e+00 6.906480e+01
      vertex   1.250000e+02 -6.872852e+00 6.901930e+01
    endloop
  endfacet
  facet normal -4.121350e-15 -1.167173e-01 9.931652e-01
    outer loop
      vertex   1.250000e+02 -6.872852e+00 6.901930e+01
      vertex   1.215000e+02 -6.485669e+00 6.906480e+01
      vertex   1.215000e+02 -6.872852e+00 6.901930e+01
    endloop
  endfacet
  facet normal -4.130808e-15 -1.937402e-01 9.810529e-01
    outer loop
      vertex   1.250000e+02 -6.872852e+00 6.901930e+01
      vertex   1.215000e+02 -6.872852e+00 6.901930e+01
      vertex   1.250000e+02 -7.255313e+00 6.894377e+01
    endloop
  endfacet
  facet normal -9.832908e-17 -1.937402e-01 9.810529e-01
    outer loop
      vertex   1.250000e+02 -7.255313e+00 6.894377e+01
      vertex   1.215000e+02 -6.872852e+00 6.901930e+01
      vertex   1.215000e+02 -7.255313e+00 6.894377e+01
    endloop
  endfacet
  facet normal -1.368228e-16 -2.695854e-01 9.629765e-01
    outer loop
      vertex   1.250000e+02 -7.255313e+00 6.894377e+01
      vertex   1.215000e+02 -7.255313e+00 6.894377e+01
      vertex   1.250000e+02 -7.630727e+00 6.883867e+01
    endloop
  endfacet
  facet normal -4.183565e-15 -2.695854e-01 9.629765e-01
    outer loop
      vertex   1.250000e+02 -7.630727e+00 6.883867e+01
      vertex   1.215000e+02 -7.255313e+00 6.894377e+01
      vertex   1.215000e+02 -7.630727e+00 6.883867e+01
    endloop
  endfacet
  facet normal -4.161725e-15 -3.437917e-01 9.390459e-01
    outer loop
      vertex   1.250000e+02 -7.630727e+00 6.883867e+01
      vertex   1.215000e+02 -7.630727e+00 6.883867e+01
      vertex   1.250000e+02 -7.996812e+00 6.870465e+01
    endloop
  endfacet
  facet normal -4.248968e-15 -3.437917e-01 9.390459e-01
    outer loop
      vertex   1.250000e+02 -7.996812e+00 6.870465e+01
      vertex   1.215000e+02 -7.630727e+00 6.883867e+01
      vertex   1.215000e+02 -7.996812e+00 6.870465e+01
    endloop
  endfacet
  facet normal -4.220128e-15 -4.159080e-01 9.094067e-01
    outer loop
      vertex   1.250000e+02 -7.996812e+00 6.870465e+01
      vertex   1.215000e+02 -7.996812e+00 6.870465e+01
      vertex   1.250000e+02 -8.351342e+00 6.854251e+01
    endloop
  endfacet
  facet normal -4.221720e-16 -4.159080e-01 9.094067e-01
    outer loop
      vertex   1.250000e+02 -8.351342e+00 6.854251e+01
      vertex   1.215000e+02 -7.996812e+00 6.870465e+01
      vertex   1.215000e+02 -8.351342e+00 6.854251e+01
    endloop
  endfacet
  facet normal -4.928080e-16 -4.854959e-01 8.742390e-01
    outer loop
      vertex   1.250000e+02 -8.351342e+00 6.854251e+01
      vertex   1.215000e+02 -8.351342e+00 6.854251e+01
      vertex   1.250000e+02 -8.692162e+00 6.835324e+01
    endloop
  endfacet
  facet normal -7.392119e-16 -4.854959e-01 8.742390e-01
    outer loop
      vertex   1.250000e+02 -8.692162e+00 6.835324e+01
      vertex   1.215000e+02 -8.351342e+00 6.854251e+01
      vertex   1.215000e+02 -8.692162e+00 6.835324e+01
    endloop
  endfacet
  facet normal -8.406720e-16 -5.521323e-01 8.337565e-01
    outer loop
      vertex   1.250000e+02 -8.692162e+00 6.835324e+01
      vertex   1.215000e+02 -8.692162e+00 6.835324e+01
      vertex   1.250000e+02 -9.017200e+00 6.813799e+01
    endloop
  endfacet
  facet normal -1.120896e-15 -5.521323e-01 8.337565e-01
    outer loop
      vertex   1.250000e+02 -9.017200e+00 6.813799e+01
      vertex   1.215000e+02 -8.692162e+00 6.835324e+01
      vertex   1.215000e+02 -9.017200e+00 6.813799e+01
    endloop
  endfacet
  facet normal -1.249362e-15 -6.154122e-01 7.882054e-01
    outer loop
      vertex   1.250000e+02 -9.017200e+00 6.813799e+01
      vertex   1.215000e+02 -9.017200e+00 6.813799e+01
      vertex   1.250000e+02 -9.324480e+00 6.789807e+01
    endloop
  endfacet
  facet normal 2.263285e-15 -6.154122e-01 7.882054e-01
    outer loop
      vertex   1.250000e+02 -9.324480e+00 6.789807e+01
      vertex   1.215000e+02 -9.017200e+00 6.813799e+01
      vertex   1.215000e+02 -9.324480e+00 6.789807e+01
    endloop
  endfacet
  facet normal 1.968228e-15 -6.749509e-01 7.378627e-01
    outer loop
      vertex   1.250000e+02 -9.324480e+00 6.789807e+01
      vertex   1.215000e+02 -9.324480e+00 6.789807e+01
      vertex   1.250000e+02 -9.612134e+00 6.763494e+01
    endloop
  endfacet
  facet normal -6.851163e-16 -6.749509e-01 7.378627e-01
    outer loop
      vertex   1.250000e+02 -9.612134e+00 6.763494e+01
      vertex   1.215000e+02 -9.324480e+00 6.789807e+01
      vertex   1.215000e+02 -9.612134e+00 6.763494e+01
    endloop
  endfacet
  facet normal -7.413867e-16 -7.303863e-01 6.830343e-01
    outer loop
      vertex   1.250000e+02 -9.612134e+00 6.763494e+01
      vertex   1.215000e+02 -9.612134e+00 6.763494e+01
      vertex   1.250000e+02 -9.878413e+00 6.735021e+01
    endloop
  endfacet
  facet normal -1.482773e-15 -7.303863e-01 6.830343e-01
    outer loop
      vertex   1.250000e+02 -9.878413e+00 6.735021e+01
      vertex   1.215000e+02 -9.612134e+00 6.763494e+01
      vertex   1.215000e+02 -9.878413e+00 6.735021e+01
    endloop
  endfacet
  facet normal -1.586300e-15 -7.813816e-01 6.240535e-01
    outer loop
      vertex   1.250000e+02 -9.878413e+00 6.735021e+01
      vertex   1.215000e+02 -9.878413e+00 6.735021e+01
      vertex   1.250000e+02 -1.012170e+01 6.704559e+01
    endloop
  endfacet
  facet normal -1.586300e-15 -7.813816e-01 6.240535e-01
    outer loop
      vertex   1.250000e+02 -1.012170e+01 6.704559e+01
      vertex   1.215000e+02 -9.878413e+00 6.735021e+01
      vertex   1.215000e+02 -1.012170e+01 6.704559e+01
    endloop
  endfacet
  facet normal -1.680183e-15 -8.276266e-01 5.612790e-01
    outer loop
      vertex   1.250000e+02 -1.012170e+01 6.704559e+01
      vertex   1.215000e+02 -1.012170e+01 6.704559e+01
      vertex   1.250000e+02 -1.034051e+01 6.672294e+01
    endloop
  endfacet
  facet normal 5.987467e-16 -8.276266e-01 5.612790e-01
    outer loop
      vertex   1.250000e+02 -1.034051e+01 6.672294e+01
      vertex   1.215000e+02 -1.012170e+01 6.704559e+01
      vertex   1.215000e+02 -1.034051e+01 6.672294e+01
    endloop
  endfacet
  facet normal 2.463439e-16 -8.688404e-01 4.950924e-01
    outer loop
      vertex   1.250000e+02 -1.034051e+01 6.672294e+01
      vertex   1.215000e+02 -1.034051e+01 6.672294e+01
      vertex   1.250000e+02 -1.053352e+01 6.638422e+01
    endloop
  endfacet
  facet normal 1.128270e-15 -8.688404e-01 4.950924e-01
    outer loop
      vertex   1.250000e+02 -1.053352e+01 6.638422e+01
      vertex   1.215000e+02 -1.034051e+01 6.672294e+01
      vertex   1.215000e+02 -1.053352e+01 6.638422e+01
    endloop
  endfacet
  facet normal 8.108424e-16 -9.047722e-01 4.258959e-01
    outer loop
      vertex   1.250000e+02 -1.053352e+01 6.638422e+01
      vertex   1.215000e+02 -1.053352e+01 6.638422e+01
      vertex   1.250000e+02 -1.069956e+01 6.603150e+01
    endloop
  endfacet
  facet normal -1.836798e-15 -9.047722e-01 4.258959e-01
    outer loop
      vertex   1.250000e+02 -1.069956e+01 6.603150e+01
      vertex   1.215000e+02 -1.053352e+01 6.638422e+01
      vertex   1.215000e+02 -1.069956e+01 6.603150e+01
    endloop
  endfacet
  facet normal -1.898578e-15 -9.352037e-01 3.541103e-01
    outer loop
      vertex   1.250000e+02 -1.069956e+01 6.603150e+01
      vertex   1.215000e+02 -1.069956e+01 6.603150e+01
      vertex   1.250000e+02 -1.083761e+01 6.566691e+01
    endloop
  endfacet
  facet normal 1.384117e-17 -9.352037e-01 3.541103e-01
    outer loop
      vertex   1.250000e+02 -1.083761e+01 6.566691e+01
      vertex   1.215000e+02 -1.069956e+01 6.603150e+01
      vertex   1.215000e+02 -1.083761e+01 6.566691e+01
    endloop
  endfacet
  facet normal -3.240447e-16 -9.599498e-01 2.801720e-01
    outer loop
      vertex   1.250000e+02 -1.083761e+01 6.566691e+01
      vertex   1.215000e+02 -1.083761e+01 6.566691e+01
      vertex   1.250000e+02 -1.094683e+01 6.529268e+01
    endloop
  endfacet
  facet normal 2.275134e-15 -9.599498e-01 2.801720e-01
    outer loop
      vertex   1.250000e+02 -1.094683e+01 6.529268e+01
      vertex   1.215000e+02 -1.083761e+01 6.566691e+01
      vertex   1.215000e+02 -1.094683e+01 6.529268e+01
    endloop
  endfacet
  facet normal 0.000000e+00 0.000000e+00 1.000000e+00
    outer loop
      vertex   1.215000e+02 -6.096118e+00 6.908000e+01
      vertex   1.250000e+02 -6.096118e+00 6.908000e+01
      vertex   1.215000e+02 3.330669e-15 6.908000e+01
    endloop
  endfacet
  facet normal -0.000000e+00 0.000000e+00 1.000000e+00
    outer loop
      vertex   1.215000e+02 3.330669e-15 6.908000e+01
      vertex   1.250000e+02 -6.096118e+00 6.908000e+01
      vertex   1.250000e+02 4.440892e-15 6.908000e+01
    endloop
  endfacet
  facet normal -2.220446e-16 9.157887e-17 1.000000e+00
    outer loop
      vertex   1.165000e+02 -4.491014e-01 9.080000e+00
      vertex   1.085000e+02 -4.491014e-01 9.080000e+00
      vertex   1.165000e+02 -1.984612e+01 9.080000e+00
    endloop
  endfacet
  facet normal -4.440892e-16 0.000000e+00 1.000000e+00
    outer loop
      vertex   1.165000e+02 -1.984612e+01 9.080000e+00
      vertex   1.085000e+02 -4.491014e-01 9.080000e+00
      vertex   1.085000e+02 -1.984612e+01 9.080000e+00
    endloop
  endfacet
  facet normal -4.440892e-16 -4.628236e-15 1.000000e+00
    outer loop
      vertex   1.165000e+02 -1.984612e+01 9.080000e+00
      vertex   1.085000e+02 -1.984612e+01 9.080000e+00
      vertex   1.165140e+02 -2.023127e+01 9.080000e+00
    endloop
  endfacet
  facet normal -2.212712e-16 8.032183e-18 1.000000e+00
    outer loop
      vertex   1.165140e+02 -2.023127e+01 9.080000e+00
      vertex   1.085000e+02 -1.984612e+01 9.080000e+00
      vertex   1.084860e+02 -2.023127e+01 9.080000e+00
    endloop
  endfacet
  facet normal -2.212712e-16 -2.418689e-17 1.000000e+00
    outer loop
      vertex   1.165140e+02 -2.023127e+01 9.080000e+00
      vertex   1.084860e+02 -2.023127e+01 9.080000e+00
      vertex   1.165558e+02 -2.061426e+01 9.080000e+00
    endloop
  endfacet
  facet normal -2.189872e-16 2.393723e-17 1.000000e+00
    outer loop
      vertex   1.165558e+02 -2.061426e+01 9.080000e+00
      vertex   1.084860e+02 -2.023127e+01 9.080000e+00
      vertex   1.084442e+02 -2.061426e+01 9.080000e+00
    endloop
  endfacet
  facet normal -2.189872e-16 -4.019748e-17 1.000000e+00
    outer loop
      vertex   1.165558e+02 -2.061426e+01 9.080000e+00
      vertex   1.084442e+02 -2.061426e+01 9.080000e+00
      vertex   1.166254e+02 -2.099296e+01 9.080000e+00
    endloop
  endfacet
  facet normal -2.152972e-16 3.952013e-17 1.000000e+00
    outer loop
      vertex   1.166254e+02 -2.099296e+01 9.080000e+00
      vertex   1.084442e+02 -2.061426e+01 9.080000e+00
      vertex   1.083746e+02 -2.099296e+01 9.080000e+00
    endloop
  endfacet
  facet normal -2.152972e-16 -5.596626e-17 1.000000e+00
    outer loop
      vertex   1.166254e+02 -2.099296e+01 9.080000e+00
      vertex   1.083746e+02 -2.099296e+01 9.080000e+00
      vertex   1.167221e+02 -2.136525e+01 9.080000e+00
    endloop
  endfacet
  facet normal -2.103623e-16 5.468346e-17 1.000000e+00
    outer loop
      vertex   1.167221e+02 -2.136525e+01 9.080000e+00
      vertex   1.083746e+02 -2.099296e+01 9.080000e+00
      vertex   1.082779e+02 -2.136525e+01 9.080000e+00
    endloop
  endfacet
  facet normal -2.103623e-16 -7.141119e-17 1.000000e+00
    outer loop
      vertex   1.167221e+02 -2.136525e+01 9.080000e+00
      vertex   1.082779e+02 -2.136525e+01 9.080000e+00
      vertex   1.168456e+02 -2.172904e+01 9.080000e+00
    endloop
  endfacet
  facet normal -2.043842e-16 6.938181e-17 1.000000e+00
    outer loop
      vertex   1.168456e+02 -2.172904e+01 9.080000e+00
      vertex   1.082779e+02 -2.136525e+01 9.080000e+00
      vertex   1.081544e+02 -2.172904e+01 9.080000e+00
    endloop
  endfacet
  facet normal -2.043842e-16 -8.650947e-17 1.000000e+00
    outer loop
      vertex   1.168456e+02 -2.172904e+01 9.080000e+00
      vertex   1.081544e+02 -2.172904e+01 9.080000e+00
      vertex   1.169952e+02 -2.208230e+01 9.080000e+00
    endloop
  endfacet
  facet normal -1.975857e-16 8.363187e-17 1.000000e+00
    outer loop
      vertex   1.169952e+02 -2.208230e+01 9.080000e+00
      vertex   1.081544e+02 -2.172904e+01 9.080000e+00
      vertex   1.080048e+02 -2.208230e+01 9.080000e+00
    endloop
  endfacet
  facet normal -1.975857e-16 -1.013092e-16 1.000000e+00
    outer loop
      vertex   1.169952e+02 -2.208230e+01 9.080000e+00
      vertex   1.080048e+02 -2.208230e+01 9.080000e+00
      vertex   1.171699e+02 -2.242306e+01 9.080000e+00
    endloop
  endfacet
  facet normal -1.901933e-16 9.751880e-17 1.000000e+00
    outer loop
      vertex   1.171699e+02 -2.242306e+01 9.080000e+00
      vertex   1.080048e+02 -2.208230e+01 9.080000e+00
      vertex   1.078301e+02 -2.242306e+01 9.080000e+00
    endloop
  endfacet
  facet normal -1.901933e-16 -1.159382e-16 1.000000e+00
    outer loop
      vertex   1.171699e+02 -2.242306e+01 9.080000e+00
      vertex   1.078301e+02 -2.242306e+01 9.080000e+00
      vertex   1.173688e+02 -2.274940e+01 9.080000e+00
    endloop
  endfacet
  facet normal -1.824222e-16 1.112011e-16 1.000000e+00
    outer loop
      vertex   1.173688e+02 -2.274940e+01 9.080000e+00
      vertex   1.078301e+02 -2.242306e+01 9.080000e+00
      vertex   1.076312e+02 -2.274940e+01 9.080000e+00
    endloop
  endfacet
  facet normal -1.824222e-16 -1.306139e-16 1.000000e+00
    outer loop
      vertex   1.173688e+02 -2.274940e+01 9.080000e+00
      vertex   1.076312e+02 -2.274940e+01 9.080000e+00
      vertex   1.175908e+02 -2.305951e+01 9.080000e+00
    endloop
  endfacet
  facet normal -1.744659e-16 1.249172e-16 1.000000e+00
    outer loop
      vertex   1.175908e+02 -2.305951e+01 9.080000e+00
      vertex   1.076312e+02 -2.274940e+01 9.080000e+00
      vertex   1.074092e+02 -2.305951e+01 9.080000e+00
    endloop
  endfacet
  facet normal -1.744659e-16 -1.456572e-16 1.000000e+00
    outer loop
      vertex   1.175908e+02 -2.305951e+01 9.080000e+00
      vertex   1.074092e+02 -2.305951e+01 9.080000e+00
      vertex   1.178347e+02 -2.335165e+01 9.080000e+00
    endloop
  endfacet
  facet normal -1.664895e-16 1.389980e-16 1.000000e+00
    outer loop
      vertex   1.178347e+02 -2.335165e+01 9.080000e+00
      vertex   1.074092e+02 -2.305951e+01 9.080000e+00
      vertex   1.071653e+02 -2.335165e+01 9.080000e+00
    endloop
  endfacet
  facet normal -1.664895e-16 -1.615186e-16 1.000000e+00
    outer loop
      vertex   1.178347e+02 -2.335165e+01 9.080000e+00
      vertex   1.071653e+02 -2.335165e+01 9.080000e+00
      vertex   1.180991e+02 -2.362418e+01 9.080000e+00
    endloop
  endfacet
  facet normal -1.586278e-16 1.538915e-16 1.000000e+00
    outer loop
      vertex   1.180991e+02 -2.362418e+01 9.080000e+00
      vertex   1.071653e+02 -2.335165e+01 9.080000e+00
      vertex   1.069009e+02 -2.362418e+01 9.080000e+00
    endloop
  endfacet
  facet normal -1.586278e-16 -1.788252e-16 1.000000e+00
    outer loop
      vertex   1.180991e+02 -2.362418e+01 9.080000e+00
      vertex   1.069009e+02 -2.362418e+01 9.080000e+00
      vertex   1.183826e+02 -2.387559e+01 9.080000e+00
    endloop
  endfacet
  facet normal -1.509852e-16 1.702096e-16 1.000000e+00
    outer loop
      vertex   1.183826e+02 -2.387559e+01 9.080000e+00
      vertex   1.069009e+02 -2.362418e+01 9.080000e+00
      vertex   1.066174e+02 -2.387559e+01 9.080000e+00
    endloop
  endfacet
  facet normal -1.509852e-16 -1.984696e-16 1.000000e+00
    outer loop
      vertex   1.183826e+02 -2.387559e+01 9.080000e+00
      vertex   1.066174e+02 -2.387559e+01 9.080000e+00
      vertex   1.186834e+02 -2.410446e+01 9.080000e+00
    endloop
  endfacet
  facet normal -1.436392e-16 1.888132e-16 1.000000e+00
    outer loop
      vertex   1.186834e+02 -2.410446e+01 9.080000e+00
      vertex   1.066174e+02 -2.387559e+01 9.080000e+00
      vertex   1.063166e+02 -2.410446e+01 9.080000e+00
    endloop
  endfacet
  facet normal -1.436392e-16 -2.217750e-16 1.000000e+00
    outer loop
      vertex   1.186834e+02 -2.410446e+01 9.080000e+00
      vertex   1.063166e+02 -2.410446e+01 9.080000e+00
      vertex   1.190000e+02 -2.430951e+01 9.080000e+00
    endloop
  endfacet
  facet normal -1.366428e-16 2.109728e-16 1.000000e+00
    outer loop
      vertex   1.190000e+02 -2.430951e+01 9.080000e+00
      vertex   1.063166e+02 -2.410446e+01 9.080000e+00
      vertex   1.060000e+02 -2.430951e+01 9.080000e+00
    endloop
  endfacet
  facet normal -1.366428e-16 9.612650e-15 1.000000e+00
    outer loop
      vertex   1.190000e+02 -2.430951e+01 9.080000e+00
      vertex   1.060000e+02 -2.430951e+01 9.080000e+00
      vertex   1.193306e+02 -2.448961e+01 9.080000e+00
    endloop
  endfacet
  facet normal -3.900891e-16 -9.147424e-15 1.000000e+00
    outer loop
      vertex   1.193306e+02 -2.448961e+01 9.080000e+00
      vertex   1.060000e+02 -2.430951e+01 9.080000e+00
      vertex   1.056694e+02 -2.448961e+01 9.080000e+00
    endloop
  endfacet
  facet normal -3.900891e-16 -8.673983e-16 1.000000e+00
    outer loop
      vertex   1.193306e+02 -2.448961e+01 9.080000e+00
      vertex   1.056694e+02 -2.448961e+01 9.080000e+00
      vertex   1.196733e+02 -2.464373e+01 9.080000e+00
    endloop
  endfacet
  facet normal -3.714521e-16 8.259572e-16 1.000000e+00
    outer loop
      vertex   1.196733e+02 -2.464373e+01 9.080000e+00
      vertex   1.056694e+02 -2.448961e+01 9.080000e+00
      vertex   1.053267e+02 -2.464373e+01 9.080000e+00
    endloop
  endfacet
  facet normal -3.714521e-16 -1.029854e-15 1.000000e+00
    outer loop
      vertex   1.196733e+02 -2.464373e+01 9.080000e+00
      vertex   1.053267e+02 -2.464373e+01 9.080000e+00
      vertex   1.200262e+02 -2.477103e+01 9.080000e+00
    endloop
  endfacet
  facet normal -3.540335e-16 9.815606e-16 1.000000e+00
    outer loop
      vertex   1.200262e+02 -2.477103e+01 9.080000e+00
      vertex   1.053267e+02 -2.464373e+01 9.080000e+00
      vertex   1.049738e+02 -2.477103e+01 9.080000e+00
    endloop
  endfacet
  facet normal -3.540335e-16 -1.281821e-15 1.000000e+00
    outer loop
      vertex   1.200262e+02 -2.477103e+01 9.080000e+00
      vertex   1.049738e+02 -2.477103e+01 9.080000e+00
      vertex   1.203874e+02 -2.487078e+01 9.080000e+00
    endloop
  endfacet
  facet normal -3.378219e-16 1.223125e-15 1.000000e+00
    outer loop
      vertex   1.203874e+02 -2.487078e+01 9.080000e+00
      vertex   1.049738e+02 -2.477103e+01 9.080000e+00
      vertex   1.046126e+02 -2.487078e+01 9.080000e+00
    endloop
  endfacet
  facet normal -3.378219e-16 -1.732123e-15 1.000000e+00
    outer loop
      vertex   1.203874e+02 -2.487078e+01 9.080000e+00
      vertex   1.046126e+02 -2.487078e+01 9.080000e+00
      vertex   1.207548e+02 -2.494244e+01 9.080000e+00
    endloop
  endfacet
  facet normal -3.227866e-16 1.655032e-15 1.000000e+00
    outer loop
      vertex   1.207548e+02 -2.494244e+01 9.080000e+00
      vertex   1.046126e+02 -2.487078e+01 9.080000e+00
      vertex   1.042452e+02 -2.494244e+01 9.080000e+00
    endloop
  endfacet
  facet normal -3.227866e-16 -2.779274e-15 1.000000e+00
    outer loop
      vertex   1.207548e+02 -2.494244e+01 9.080000e+00
      vertex   1.042452e+02 -2.494244e+01 9.080000e+00
      vertex   1.211263e+02 -2.498559e+01 9.080000e+00
    endloop
  endfacet
  facet normal -3.088833e-16 2.659563e-15 1.000000e+00
    outer loop
      vertex   1.211263e+02 -2.498559e+01 9.080000e+00
      vertex   1.042452e+02 -2.494244e+01 9.080000e+00
      vertex   1.038737e+02 -2.498559e+01 9.080000e+00
    endloop
  endfacet
  facet normal -3.088833e-16 -2.545314e-13 1.000000e+00
    outer loop
      vertex   1.211263e+02 -2.498559e+01 9.080000e+00
      vertex   1.038737e+02 -2.498559e+01 9.080000e+00
      vertex   1.215000e+02 -2.500000e+01 9.080000e+00
    endloop
  endfacet
  facet normal -1.973730e-16 -1.181440e-13 1.000000e+00
    outer loop
      vertex   1.215000e+02 -2.500000e+01 9.080000e+00
      vertex   1.038737e+02 -2.498559e+01 9.080000e+00
      vertex   1.035000e+02 -2.500000e+01 9.080000e+00
    endloop
  endfacet
  facet normal -1.612682e-10 1.000000e+00 0.000000e+00
    outer loop
      vertex   1.044200e+02 -2.316000e+01 -4.494190e-08
      vertex   1.044200e+02 -2.316000e+01 1.670000e+00
      vertex   1.136600e+02 -2.316000e+01 2.220446e-15
    endloop
  endfacet
  facet normal -1.612682e-10 1.000000e+00 0.000000e+00
    outer loop
      vertex   1.136600e+02 -2.316000e+01 2.220446e-15
      vertex   1.044200e+02 -2.316000e+01 1.670000e+00
      vertex   1.136600e+02 -2.316000e+01 1.670000e+00
    endloop
  endfacet
  facet normal -1.000000e+00 -0.000000e+00 0.000000e+00
    outer loop
      vertex   1.136600e+02 -9.215369e+00 1.534615e+00
      vertex   1.136600e+02 -9.900000e+00 1.420000e+00
      vertex   1.136600e+02 -9.219322e+00 1.551307e+00
    endloop
  endfacet
  facet normal -1.000000e+00 0.000000e+00 0.000000e+00
    outer loop
      vertex   1.136600e+02 -9.219322e+00 1.551307e+00
      vertex   1.136600e+02 -9.900000e+00 1.420000e+00
      vertex   1.136600e+02 -9.917365e+00 1.418481e+00
    endloop
  endfacet
  facet normal -1.000000e+00 -0.000000e+00 0.000000e+00
    outer loop
      vertex   1.136600e+02 -9.219322e+00 1.551307e+00
      vertex   1.136600e+02 -9.917365e+00 1.418481e+00
      vertex   1.136600e+02 -1.000000e+01 3.919588e+00
    endloop
  endfacet
  facet normal -1.000000e+00 0.000000e+00 0.000000e+00
    outer loop
      vertex   1.136600e+02 -1.000000e+01 3.919588e+00
      vertex   1.136600e+02 -9.917365e+00 1.418481e+00
      vertex   1.136600e+02 -9.934202e+00 1.413969e+00
    endloop
  endfacet
  facet normal -1.000000e+00 0.000000e+00 0.000000e+00
    outer loop
      vertex   1.136600e+02 -1.000000e+01 3.919588e+00
      vertex   1.136600e+02 -9.934202e+00 1.413969e+00
      vertex   1.136600e+02 -9.950000e+00 1.406603e+00
    endloop
  endfacet
  facet normal -1.000000e+00 0.000000e+00 -0.000000e+00
    outer loop
      vertex   1.136600e+02 -9.215369e+00 1.534615e+00
      vertex   1.136600e+02 -9.214327e+00 1.517493e+00
      vertex   1.136600e+02 -9.900000e+00 1.420000e+00
    endloop
  endfacet
  facet normal -1.000000e+00 0.000000e+00 0.000000e+00
    outer loop
      vertex   1.136600e+02 -9.900000e+00 1.420000e+00
      vertex   1.136600e+02 -9.214327e+00 1.517493e+00
      vertex   1.136600e+02 -9.216226e+00 1.500445e+00
    endloop
  endfacet
  facet normal -1.000000e+00 0.000000e+00 0.000000e+00
    outer loop
      vertex   1.136600e+02 -9.900000e+00 1.420000e+00
      vertex   1.136600e+02 -9.216226e+00 1.500445e+00
      vertex   1.136600e+02 -9.314296e+00 1.420000e+00
    endloop
  endfacet
  facet normal -1.000000e+00 0.000000e+00 0.000000e+00
    outer loop
      vertex   1.136600e+02 -9.314296e+00 1.420000e+00
      vertex   1.136600e+02 -9.216226e+00 1.500445e+00
      vertex   1.136600e+02 -9.221011e+00 1.483972e+00
    endloop
  endfacet
  facet normal -1.000000e+00 0.000000e+00 0.000000e+00
    outer loop
      vertex   1.136600e+02 -9.314296e+00 1.420000e+00
      vertex   1.136600e+02 -9.221011e+00 1.483972e+00
      vertex   1.136600e+02 -9.228541e+00 1.468560e+00
    endloop
  endfacet
  facet normal -1.000000e+00 0.000000e+00 0.000000e+00
    outer loop
      vertex   1.136600e+02 -9.228541e+00 1.468560e+00
      vertex   1.136600e+02 -9.238594e+00 1.454660e+00
      vertex   1.136600e+02 -9.314296e+00 1.420000e+00
    endloop
  endfacet
  facet normal -1.000000e+00 0.000000e+00 0.000000e+00
    outer loop
      vertex   1.136600e+02 -9.314296e+00 1.420000e+00
      vertex   1.136600e+02 -9.238594e+00 1.454660e+00
      vertex   1.136600e+02 -9.250874e+00 1.442684e+00
    endloop
  endfacet
  facet normal -1.000000e+00 0.000000e+00 0.000000e+00
    outer loop
      vertex   1.136600e+02 -9.314296e+00 1.420000e+00
      vertex   1.136600e+02 -9.250874e+00 1.442684e+00
      vertex   1.136600e+02 -9.265021e+00 1.432983e+00
    endloop
  endfacet
  facet normal -1.000000e+00 0.000000e+00 0.000000e+00
    outer loop
      vertex   1.136600e+02 -9.265021e+00 1.432983e+00
      vertex   1.136600e+02 -9.280618e+00 1.425842e+00
      vertex   1.136600e+02 -9.314296e+00 1.420000e+00
    endloop
  endfacet
  facet normal -1.000000e+00 0.000000e+00 0.000000e+00
    outer loop
      vertex   1.136600e+02 -9.314296e+00 1.420000e+00
      vertex   1.136600e+02 -9.280618e+00 1.425842e+00
      vertex   1.136600e+02 -9.297205e+00 1.421471e+00
    endloop
  endfacet
  facet normal -1.000000e+00 0.000000e+00 -0.000000e+00
    outer loop
      vertex   1.136600e+02 -1.000000e+01 3.919588e+00
      vertex   1.136600e+02 -9.950000e+00 1.406603e+00
      vertex   1.136600e+02 -2.321849e+01 1.830697e+00
    endloop
  endfacet
  facet normal -1.000000e+00 0.000000e+00 0.000000e+00
    outer loop
      vertex   1.136600e+02 -2.321849e+01 1.830697e+00
      vertex   1.136600e+02 -9.950000e+00 1.406603e+00
      vertex   1.136600e+02 -9.964279e+00 1.396604e+00
    endloop
  endfacet
  facet normal -1.000000e+00 0.000000e+00 0.000000e+00
    outer loop
      vertex   1.136600e+02 -2.321849e+01 1.830697e+00
      vertex   1.136600e+02 -9.964279e+00 1.396604e+00
      vertex   1.136600e+02 -2.319349e+01 1.795000e+00
    endloop
  endfacet
  facet normal -1.000000e+00 0.000000e+00 0.000000e+00
    outer loop
      vertex   1.136600e+02 -2.319349e+01 1.795000e+00
      vertex   1.136600e+02 -9.964279e+00 1.396604e+00
      vertex   1.136600e+02 -9.976604e+00 1.384279e+00
    endloop
  endfacet
  facet normal -1.000000e+00 0.000000e+00 0.000000e+00
    outer loop
      vertex   1.136600e+02 -2.319349e+01 1.795000e+00
      vertex   1.136600e+02 -9.976604e+00 1.384279e+00
      vertex   1.136600e+02 -2.317508e+01 1.755505e+00
    endloop
  endfacet
  facet normal -1.000000e+00 0.000000e+00 0.000000e+00
    outer loop
      vertex   1.136600e+02 -2.317508e+01 1.755505e+00
      vertex   1.136600e+02 -9.976604e+00 1.384279e+00
      vertex   1.136600e+02 -9.986603e+00 1.370000e+00
    endloop
  endfacet
  facet normal -1.000000e+00 0.000000e+00 0.000000e+00
    outer loop
      vertex   1.136600e+02 -2.317508e+01 1.755505e+00
      vertex   1.136600e+02 -9.986603e+00 1.370000e+00
      vertex   1.136600e+02 -2.316380e+01 1.713412e+00
    endloop
  endfacet
  facet normal -1.000000e+00 0.000000e+00 0.000000e+00
    outer loop
      vertex   1.136600e+02 -2.316380e+01 1.713412e+00
      vertex   1.136600e+02 -9.986603e+00 1.370000e+00
      vertex   1.136600e+02 -9.993969e+00 1.354202e+00
    endloop
  endfacet
  facet normal -1.000000e+00 0.000000e+00 0.000000e+00
    outer loop
      vertex   1.136600e+02 -2.316380e+01 1.713412e+00
      vertex   1.136600e+02 -9.993969e+00 1.354202e+00
      vertex   1.136600e+02 -2.316000e+01 1.670000e+00
    endloop
  endfacet
  facet normal -1.000000e+00 0.000000e+00 0.000000e+00
    outer loop
      vertex   1.136600e+02 -2.316000e+01 1.670000e+00
      vertex   1.136600e+02 -9.993969e+00 1.354202e+00
      vertex   1.136600e+02 -9.998481e+00 1.337365e+00
    endloop
  endfacet
  facet normal -1.000000e+00 0.000000e+00 0.000000e+00
    outer loop
      vertex   1.136600e+02 -2.316000e+01 1.670000e+00
      vertex   1.136600e+02 -9.998481e+00 1.337365e+00
      vertex   1.136600e+02 -1.000000e+01 1.320000e+00
    endloop
  endfacet
  facet normal -1.000000e+00 0.000000e+00 0.000000e+00
    outer loop
      vertex   1.136600e+02 -1.000000e+01 2.220446e-15
      vertex   1.136600e+02 -2.316000e+01 2.220446e-15
      vertex   1.136600e+02 -1.000000e+01 1.320000e+00
    endloop
  endfacet
  facet normal -1.000000e+00 -0.000000e+00 0.000000e+00
    outer loop
      vertex   1.136600e+02 -1.000000e+01 1.320000e+00
      vertex   1.136600e+02 -2.316000e+01 2.220446e-15
      vertex   1.136600e+02 -2.316000e+01 1.670000e+00
    endloop
  endfacet
  facet normal -1.000000e+00 0.000000e+00 0.000000e+00
    outer loop
      vertex   1.136600e+02 -2.321849e+01 1.830697e+00
      vertex   1.136600e+02 -2.324930e+01 1.861511e+00
      vertex   1.136600e+02 -1.000000e+01 3.919588e+00
    endloop
  endfacet
  facet normal -1.000000e+00 -0.000000e+00 0.000000e+00
    outer loop
      vertex   1.136600e+02 -1.000000e+01 3.919588e+00
      vertex   1.136600e+02 -2.324930e+01 1.861511e+00
      vertex   1.136600e+02 -2.316000e+01 3.919588e+00
    endloop
  endfacet
  facet normal -1.000000e+00 0.000000e+00 0.000000e+00
    outer loop
      vertex   1.136600e+02 -1.000000e+01 3.919588e+00
      vertex   1.136600e+02 -2.316000e+01 3.919588e+00
      vertex   1.136600e+02 -2.316000e+01 5.350000e+00
    endloop
  endfacet
  facet normal -1.000000e+00 0.000000e+00 0.000000e+00
    outer loop
      vertex   1.136600e+02 -2.324930e+01 1.861511e+00
      vertex   1.136600e+02 -2.328500e+01 1.886506e+00
      vertex   1.136600e+02 -2.316000e+01 3.919588e+00
    endloop
  endfacet
  facet normal -1.000000e+00 0.000000e+00 0.000000e+00
    outer loop
      vertex   1.136600e+02 -2.316000e+01 3.919588e+00
      vertex   1.136600e+02 -2.328500e+01 1.886506e+00
      vertex   1.136600e+02 -2.332449e+01 1.904923e+00
    endloop
  endfacet
  facet normal -1.000000e+00 0.000000e+00 0.000000e+00
    outer loop
      vertex   1.136600e+02 -2.316000e+01 3.919588e+00
      vertex   1.136600e+02 -2.332449e+01 1.904923e+00
      vertex   1.136600e+02 -2.336659e+01 1.916202e+00
    endloop
  endfacet
  facet normal -1.000000e+00 0.000000e+00 0.000000e+00
    outer loop
      vertex   1.136600e+02 -2.316000e+01 3.919588e+00
      vertex   1.136600e+02 -2.336659e+01 1.916202e+00
      vertex   1.136600e+02 -2.379277e+01 2.000000e+00
    endloop
  endfacet
  facet normal -1.000000e+00 0.000000e+00 0.000000e+00
    outer loop
      vertex   1.136600e+02 -2.379277e+01 2.000000e+00
      vertex   1.136600e+02 -2.336659e+01 1.916202e+00
      vertex   1.136600e+02 -2.341000e+01 1.920000e+00
    endloop
  endfacet
  facet normal -1.000000e+00 0.000000e+00 0.000000e+00
    outer loop
      vertex   1.136600e+02 -2.379277e+01 2.000000e+00
      vertex   1.136600e+02 -2.341000e+01 1.920000e+00
      vertex   1.136600e+02 -2.379277e+01 1.920000e+00
    endloop
  endfacet
  facet normal -1.000000e+00 0.000000e+00 0.000000e+00
    outer loop
      vertex   1.136600e+02 -2.316000e+01 5.350000e+00
      vertex   1.136600e+02 -1.000000e+01 5.350000e+00
      vertex   1.136600e+02 -1.000000e+01 3.919588e+00
    endloop
  endfacet
  facet normal 0.000000e+00 -1.000000e+00 0.000000e+00
    outer loop
      vertex   1.064200e+02 -1.000000e+01 1.320000e+00
      vertex   1.064200e+02 -1.000000e+01 0.000000e+00
      vertex   1.136600e+02 -1.000000e+01 1.320000e+00
    endloop
  endfacet
  facet normal 0.000000e+00 -1.000000e+00 -0.000000e+00
    outer loop
      vertex   1.136600e+02 -1.000000e+01 1.320000e+00
      vertex   1.064200e+02 -1.000000e+01 0.000000e+00
      vertex   1.136600e+02 -1.000000e+01 2.220446e-15
    endloop
  endfacet
  facet normal 1.000000e+00 0.000000e+00 0.000000e+00
    outer loop
      vertex   1.064200e+02 -1.000000e+01 5.350000e+00
      vertex   1.064200e+02 -1.644000e+01 5.350000e+00
      vertex   1.064200e+02 -1.000000e+01 3.919588e+00
    endloop
  endfacet
  facet normal 1.000000e+00 0.000000e+00 0.000000e+00
    outer loop
      vertex   1.064200e+02 -1.000000e+01 3.919588e+00
      vertex   1.064200e+02 -1.644000e+01 5.350000e+00
      vertex   1.064200e+02 -1.644000e+01 0.000000e+00
    endloop
  endfacet
  facet normal 1.000000e+00 0.000000e+00 0.000000e+00
    outer loop
      vertex   1.064200e+02 -1.000000e+01 3.919588e+00
      vertex   1.064200e+02 -1.644000e+01 0.000000e+00
      vertex   1.064200e+02 -9.986603e+00 1.370000e+00
    endloop
  endfacet
  facet normal 1.000000e+00 0.000000e+00 0.000000e+00
    outer loop
      vertex   1.064200e+02 -9.986603e+00 1.370000e+00
      vertex   1.064200e+02 -1.644000e+01 0.000000e+00
      vertex   1.064200e+02 -9.993969e+00 1.354202e+00
    endloop
  endfacet
  facet normal 1.000000e+00 0.000000e+00 0.000000e+00
    outer loop
      vertex   1.064200e+02 -9.993969e+00 1.354202e+00
      vertex   1.064200e+02 -1.644000e+01 0.000000e+00
      vertex   1.064200e+02 -9.998481e+00 1.337365e+00
    endloop
  endfacet
  facet normal 1.000000e+00 0.000000e+00 0.000000e+00
    outer loop
      vertex   1.064200e+02 -9.998481e+00 1.337365e+00
      vertex   1.064200e+02 -1.644000e+01 0.000000e+00
      vertex   1.064200e+02 -1.000000e+01 1.320000e+00
    endloop
  endfacet
  facet normal 1.000000e+00 0.000000e+00 0.000000e+00
    outer loop
      vertex   1.064200e+02 -1.000000e+01 1.320000e+00
      vertex   1.064200e+02 -1.644000e+01 0.000000e+00
      vertex   1.064200e+02 -1.000000e+01 0.000000e+00
    endloop
  endfacet
  facet normal 1.000000e+00 0.000000e+00 -0.000000e+00
    outer loop
      vertex   1.064200e+02 -9.986603e+00 1.370000e+00
      vertex   1.064200e+02 -9.976604e+00 1.384279e+00
      vertex   1.064200e+02 -1.000000e+01 3.919588e+00
    endloop
  endfacet
  facet normal 1.000000e+00 0.000000e+00 0.000000e+00
    outer loop
      vertex   1.064200e+02 -1.000000e+01 3.919588e+00
      vertex   1.064200e+02 -9.976604e+00 1.384279e+00
      vertex   1.064200e+02 -9.964279e+00 1.396604e+00
    endloop
  endfacet
  facet normal 1.000000e+00 0.000000e+00 0.000000e+00
    outer loop
      vertex   1.064200e+02 -1.000000e+01 3.919588e+00
      vertex   1.064200e+02 -9.964279e+00 1.396604e+00
      vertex   1.064200e+02 -9.950000e+00 1.406603e+00
    endloop
  endfacet
  facet normal 1.000000e+00 0.000000e+00 -0.000000e+00
    outer loop
      vertex   1.064200e+02 -9.950000e+00 1.406603e+00
      vertex   1.064200e+02 -9.934202e+00 1.413969e+00
      vertex   1.064200e+02 -1.000000e+01 3.919588e+00
    endloop
  endfacet
  facet normal 1.000000e+00 0.000000e+00 0.000000e+00
    outer loop
      vertex   1.064200e+02 -1.000000e+01 3.919588e+00
      vertex   1.064200e+02 -9.934202e+00 1.413969e+00
      vertex   1.064200e+02 -9.917365e+00 1.418481e+00
    endloop
  endfacet
  facet normal 1.000000e+00 0.000000e+00 0.000000e+00
    outer loop
      vertex   1.064200e+02 -1.000000e+01 3.919588e+00
      vertex   1.064200e+02 -9.917365e+00 1.418481e+00
      vertex   1.064200e+02 -9.900000e+00 1.420000e+00
    endloop
  endfacet
  facet normal 1.000000e+00 0.000000e+00 0.000000e+00
    outer loop
      vertex   1.064200e+02 -1.000000e+01 3.919588e+00
      vertex   1.064200e+02 -9.900000e+00 1.420000e+00
      vertex   1.064200e+02 -9.219322e+00 1.551307e+00
    endloop
  endfacet
  facet normal 1.000000e+00 0.000000e+00 0.000000e+00
    outer loop
      vertex   1.064200e+02 -9.219322e+00 1.551307e+00
      vertex   1.064200e+02 -9.900000e+00 1.420000e+00
      vertex   1.064200e+02 -9.314296e+00 1.420000e+00
    endloop
  endfacet
  facet normal 1.000000e+00 0.000000e+00 0.000000e+00
    outer loop
      vertex   1.064200e+02 -9.219322e+00 1.551307e+00
      vertex   1.064200e+02 -9.314296e+00 1.420000e+00
      vertex   1.064200e+02 -9.215369e+00 1.534615e+00
    endloop
  endfacet
  facet normal 1.000000e+00 0.000000e+00 0.000000e+00
    outer loop
      vertex   1.064200e+02 -9.215369e+00 1.534615e+00
      vertex   1.064200e+02 -9.314296e+00 1.420000e+00
      vertex   1.064200e+02 -9.214327e+00 1.517493e+00
    endloop
  endfacet
  facet normal 1.000000e+00 0.000000e+00 0.000000e+00
    outer loop
      vertex   1.064200e+02 -9.214327e+00 1.517493e+00
      vertex   1.064200e+02 -9.314296e+00 1.420000e+00
      vertex   1.064200e+02 -9.216226e+00 1.500445e+00
    endloop
  endfacet
  facet normal 1.000000e+00 0.000000e+00 0.000000e+00
    outer loop
      vertex   1.064200e+02 -9.216226e+00 1.500445e+00
      vertex   1.064200e+02 -9.314296e+00 1.420000e+00
      vertex   1.064200e+02 -9.221011e+00 1.483972e+00
    endloop
  endfacet
  facet normal 1.000000e+00 0.000000e+00 0.000000e+00
    outer loop
      vertex   1.064200e+02 -9.221011e+00 1.483972e+00
      vertex   1.064200e+02 -9.314296e+00 1.420000e+00
      vertex   1.064200e+02 -9.228541e+00 1.468560e+00
    endloop
  endfacet
  facet normal 1.000000e+00 0.000000e+00 0.000000e+00
    outer loop
      vertex   1.064200e+02 -9.228541e+00 1.468560e+00
      vertex   1.064200e+02 -9.314296e+00 1.420000e+00
      vertex   1.064200e+02 -9.238594e+00 1.454660e+00
    endloop
  endfacet
  facet normal 1.000000e+00 0.000000e+00 0.000000e+00
    outer loop
      vertex   1.064200e+02 -9.238594e+00 1.454660e+00
      vertex   1.064200e+02 -9.314296e+00 1.420000e+00
      vertex   1.064200e+02 -9.250874e+00 1.442684e+00
    endloop
  endfacet
  facet normal 1.000000e+00 0.000000e+00 0.000000e+00
    outer loop
      vertex   1.064200e+02 -9.250874e+00 1.442684e+00
      vertex   1.064200e+02 -9.314296e+00 1.420000e+00
      vertex   1.064200e+02 -9.265021e+00 1.432983e+00
    endloop
  endfacet
  facet normal 1.000000e+00 0.000000e+00 0.000000e+00
    outer loop
      vertex   1.064200e+02 -9.265021e+00 1.432983e+00
      vertex   1.064200e+02 -9.314296e+00 1.420000e+00
      vertex   1.064200e+02 -9.280618e+00 1.425842e+00
    endloop
  endfacet
  facet normal 1.000000e+00 0.000000e+00 0.000000e+00
    outer loop
      vertex   1.064200e+02 -9.280618e+00 1.425842e+00
      vertex   1.064200e+02 -9.314296e+00 1.420000e+00
      vertex   1.064200e+02 -9.297205e+00 1.421471e+00
    endloop
  endfacet
  facet normal -0.000000e+00 -1.000000e+00 -0.000000e+00
    outer loop
      vertex   1.064200e+02 -1.644000e+01 5.350000e+00
      vertex   1.044200e+02 -1.644000e+01 5.350000e+00
      vertex   1.064200e+02 -1.644000e+01 0.000000e+00
    endloop
  endfacet
  facet normal 0.000000e+00 -1.000000e+00 0.000000e+00
    outer loop
      vertex   1.064200e+02 -1.644000e+01 0.000000e+00
      vertex   1.044200e+02 -1.644000e+01 5.350000e+00
      vertex   1.044200e+02 -1.644000e+01 0.000000e+00
    endloop
  endfacet
  facet normal 1.000000e+00 0.000000e+00 0.000000e+00
    outer loop
      vertex   1.044200e+02 -2.316000e+01 -4.494190e-08
      vertex   1.044200e+02 -1.644000e+01 0.000000e+00
      vertex   1.044200e+02 -2.316000e+01 1.670000e+00
    endloop
  endfacet
  facet normal 1.000000e+00 -0.000000e+00 -0.000000e+00
    outer loop
      vertex   1.044200e+02 -2.316000e+01 1.670000e+00
      vertex   1.044200e+02 -1.644000e+01 0.000000e+00
      vertex   1.044200e+02 -2.316380e+01 1.713412e+00
    endloop
  endfacet
  facet normal 1.000000e+00 -0.000000e+00 -0.000000e+00
    outer loop
      vertex   1.044200e+02 -2.316380e+01 1.713412e+00
      vertex   1.044200e+02 -1.644000e+01 0.000000e+00
      vertex   1.044200e+02 -2.317508e+01 1.755505e+00
    endloop
  endfacet
  facet normal 1.000000e+00 -0.000000e+00 0.000000e+00
    outer loop
      vertex   1.044200e+02 -2.317508e+01 1.755505e+00
      vertex   1.044200e+02 -1.644000e+01 0.000000e+00
      vertex   1.044200e+02 -1.644000e+01 5.350000e+00
    endloop
  endfacet
  facet normal 1.000000e+00 0.000000e+00 -0.000000e+00
    outer loop
      vertex   1.044200e+02 -2.317508e+01 1.755505e+00
      vertex   1.044200e+02 -1.644000e+01 5.350000e+00
      vertex   1.044200e+02 -2.319349e+01 1.795000e+00
    endloop
  endfacet
  facet normal 1.000000e+00 0.000000e+00 0.000000e+00
    outer loop
      vertex   1.044200e+02 -2.319349e+01 1.795000e+00
      vertex   1.044200e+02 -1.644000e+01 5.350000e+00
      vertex   1.044200e+02 -2.316000e+01 3.919588e+00
    endloop
  endfacet
  facet normal 1.000000e+00 0.000000e+00 -0.000000e+00
    outer loop
      vertex   1.044200e+02 -2.319349e+01 1.795000e+00
      vertex   1.044200e+02 -2.316000e+01 3.919588e+00
      vertex   1.044200e+02 -2.321849e+01 1.830697e+00
    endloop
  endfacet
  facet normal 1.000000e+00 0.000000e+00 -0.000000e+00
    outer loop
      vertex   1.044200e+02 -2.321849e+01 1.830697e+00
      vertex   1.044200e+02 -2.316000e+01 3.919588e+00
      vertex   1.044200e+02 -2.324930e+01 1.861511e+00
    endloop
  endfacet
  facet normal 1.000000e+00 0.000000e+00 -0.000000e+00
    outer loop
      vertex   1.044200e+02 -2.324930e+01 1.861511e+00
      vertex   1.044200e+02 -2.316000e+01 3.919588e+00
      vertex   1.044200e+02 -2.328500e+01 1.886506e+00
    endloop
  endfacet
  facet normal 1.000000e+00 0.000000e+00 -0.000000e+00
    outer loop
      vertex   1.044200e+02 -2.328500e+01 1.886506e+00
      vertex   1.044200e+02 -2.316000e+01 3.919588e+00
      vertex   1.044200e+02 -2.332449e+01 1.904923e+00
    endloop
  endfacet
  facet normal 1.000000e+00 0.000000e+00 -0.000000e+00
    outer loop
      vertex   1.044200e+02 -2.332449e+01 1.904923e+00
      vertex   1.044200e+02 -2.316000e+01 3.919588e+00
      vertex   1.044200e+02 -2.336659e+01 1.916202e+00
    endloop
  endfacet
  facet normal 1.000000e+00 0.000000e+00 -0.000000e+00
    outer loop
      vertex   1.044200e+02 -2.336659e+01 1.916202e+00
      vertex   1.044200e+02 -2.316000e+01 3.919588e+00
      vertex   1.044200e+02 -2.341000e+01 1.920000e+00
    endloop
  endfacet
  facet normal 1.000000e+00 0.000000e+00 -0.000000e+00
    outer loop
      vertex   1.044200e+02 -2.341000e+01 1.920000e+00
      vertex   1.044200e+02 -2.316000e+01 3.919588e+00
      vertex   1.044200e+02 -2.379277e+01 2.000000e+00
    endloop
  endfacet
  facet normal 1.000000e+00 0.000000e+00 0.000000e+00
    outer loop
      vertex   1.044200e+02 -2.341000e+01 1.920000e+00
      vertex   1.044200e+02 -2.379277e+01 2.000000e+00
      vertex   1.044200e+02 -2.379277e+01 1.920000e+00
    endloop
  endfacet
  facet normal 1.000000e+00 -2.114711e-15 9.934797e-15
    outer loop
      vertex   1.044200e+02 -1.644000e+01 5.350000e+00
      vertex   1.044200e+02 -2.316000e+01 5.350000e+00
      vertex   1.044200e+02 -2.316000e+01 3.919588e+00
    endloop
  endfacet
  facet normal 0.000000e+00 -1.000000e+00 0.000000e+00
    outer loop
      vertex   1.000000e+02 -2.500000e+01 9.080000e+00
      vertex   1.000000e+02 -2.500000e+01 0.000000e+00
      vertex   1.035000e+02 -2.500000e+01 9.080000e+00
    endloop
  endfacet
  facet normal 0.000000e+00 -1.000000e+00 -0.000000e+00
    outer loop
      vertex   1.035000e+02 -2.500000e+01 9.080000e+00
      vertex   1.000000e+02 -2.500000e+01 0.000000e+00
      vertex   1.250000e+02 -2.500000e+01 4.440892e-15
    endloop
  endfacet
  facet normal 1.973730e-16 -1.000000e+00 4.673479e-16
    outer loop
      vertex   1.035000e+02 -2.500000e+01 9.080000e+00
      vertex   1.250000e+02 -2.500000e+01 4.440892e-15
      vertex   1.215000e+02 -2.500000e+01 9.080000e+00
    endloop
  endfacet
  facet normal -1.015061e-15 -1.000000e+00 0.000000e+00
    outer loop
      vertex   1.215000e+02 -2.500000e+01 9.080000e+00
      vertex   1.250000e+02 -2.500000e+01 4.440892e-15
      vertex   1.250000e+02 -2.500000e+01 9.080000e+00
    endloop
  endfacet
  facet normal 0.000000e+00 1.000000e+00 -0.000000e+00
    outer loop
      vertex   1.250000e+02 -9.000000e+00 4.440892e-15
      vertex   1.000000e+02 -9.000000e+00 0.000000e+00
      vertex   1.250000e+02 -9.000000e+00 8.000000e-02
    endloop
  endfacet
  facet normal 0.000000e+00 1.000000e+00 0.000000e+00
    outer loop
      vertex   1.250000e+02 -9.000000e+00 8.000000e-02
      vertex   1.000000e+02 -9.000000e+00 0.000000e+00
      vertex   1.000000e+02 -9.000000e+00 8.000000e-02
    endloop
  endfacet
  facet normal -1.606546e-10 9.961947e-01 8.715573e-02
    outer loop
      vertex   1.044200e+02 -2.316000e+01 1.670000e+00
      vertex   1.090400e+02 -2.316380e+01 1.713412e+00
      vertex   1.136600e+02 -2.316000e+01 1.670000e+00
    endloop
  endfacet
  facet normal -4.158049e-17 9.961947e-01 8.715574e-02
    outer loop
      vertex   1.136600e+02 -2.316000e+01 1.670000e+00
      vertex   1.090400e+02 -2.316380e+01 1.713412e+00
      vertex   1.099640e+02 -2.316380e+01 1.713412e+00
    endloop
  endfacet
  facet normal -2.078937e-17 9.961947e-01 8.715574e-02
    outer loop
      vertex   1.136600e+02 -2.316000e+01 1.670000e+00
      vertex   1.099640e+02 -2.316380e+01 1.713412e+00
      vertex   1.108880e+02 -2.316380e+01 1.713412e+00
    endloop
  endfacet
  facet normal -6.219629e-17 9.659258e-01 2.588190e-01
    outer loop
      vertex   1.108880e+02 -2.316380e+01 1.713412e+00
      vertex   1.099640e+02 -2.316380e+01 1.713412e+00
      vertex   1.108880e+02 -2.317508e+01 1.755505e+00
    endloop
  endfacet
  facet normal -6.216295e-17 9.659258e-01 2.588190e-01
    outer loop
      vertex   1.108880e+02 -2.316380e+01 1.713412e+00
      vertex   1.108880e+02 -2.317508e+01 1.755505e+00
      vertex   1.118120e+02 -2.317508e+01 1.755505e+00
    endloop
  endfacet
  facet normal -1.015586e-16 9.063078e-01 4.226183e-01
    outer loop
      vertex   1.118120e+02 -2.317508e+01 1.755505e+00
      vertex   1.108880e+02 -2.317508e+01 1.755505e+00
      vertex   1.118120e+02 -2.319349e+01 1.795000e+00
    endloop
  endfacet
  facet normal -1.132536e-18 9.063078e-01 4.226183e-01
    outer loop
      vertex   1.118120e+02 -2.317508e+01 1.755505e+00
      vertex   1.118120e+02 -2.319349e+01 1.795000e+00
      vertex   1.127360e+02 -2.319349e+01 1.795000e+00
    endloop
  endfacet
  facet normal 0.000000e+00 8.191520e-01 5.735764e-01
    outer loop
      vertex   1.127360e+02 -2.319349e+01 1.795000e+00
      vertex   1.118120e+02 -2.319349e+01 1.795000e+00
      vertex   1.127360e+02 -2.321849e+01 1.830697e+00
    endloop
  endfacet
  facet normal 2.755466e-16 8.191520e-01 5.735764e-01
    outer loop
      vertex   1.127360e+02 -2.319349e+01 1.795000e+00
      vertex   1.127360e+02 -2.321849e+01 1.830697e+00
      vertex   1.136600e+02 -2.321849e+01 1.830697e+00
    endloop
  endfacet
  facet normal 3.398469e-16 7.071068e-01 7.071068e-01
    outer loop
      vertex   1.136600e+02 -2.321849e+01 1.830697e+00
      vertex   1.127360e+02 -2.321849e+01 1.830697e+00
      vertex   1.136600e+02 -2.324930e+01 1.861511e+00
    endloop
  endfacet
  facet normal 3.398469e-16 7.071068e-01 7.071068e-01
    outer loop
      vertex   1.136600e+02 -2.324930e+01 1.861511e+00
      vertex   1.127360e+02 -2.321849e+01 1.830697e+00
      vertex   1.127360e+02 -2.324930e+01 1.861511e+00
    endloop
  endfacet
  facet normal 3.936976e-16 5.735764e-01 8.191520e-01
    outer loop
      vertex   1.136600e+02 -2.324930e+01 1.861511e+00
      vertex   1.127360e+02 -2.324930e+01 1.861511e+00
      vertex   1.136600e+02 -2.328500e+01 1.886506e+00
    endloop
  endfacet
  facet normal -9.842440e-16 5.735764e-01 8.191520e-01
    outer loop
      vertex   1.136600e+02 -2.328500e+01 1.886506e+00
      vertex   1.127360e+02 -2.324930e+01 1.861511e+00
      vertex   1.127360e+02 -2.328500e+01 1.886506e+00
    endloop
  endfacet
  facet normal -1.088965e-15 4.226183e-01 9.063078e-01
    outer loop
      vertex   1.136600e+02 -2.328500e+01 1.886506e+00
      vertex   1.127360e+02 -2.328500e+01 1.886506e+00
      vertex   1.136600e+02 -2.332449e+01 1.904923e+00
    endloop
  endfacet
  facet normal 6.533791e-16 4.226183e-01 9.063078e-01
    outer loop
      vertex   1.136600e+02 -2.332449e+01 1.904923e+00
      vertex   1.127360e+02 -2.328500e+01 1.886506e+00
      vertex   1.127360e+02 -2.332449e+01 1.904923e+00
    endloop
  endfacet
  facet normal 6.963592e-16 2.588190e-01 9.659258e-01
    outer loop
      vertex   1.136600e+02 -2.332449e+01 1.904923e+00
      vertex   1.127360e+02 -2.332449e+01 1.904923e+00
      vertex   1.136600e+02 -2.336659e+01 1.916202e+00
    endloop
  endfacet
  facet normal 0.000000e+00 2.588190e-01 9.659258e-01
    outer loop
      vertex   1.136600e+02 -2.336659e+01 1.916202e+00
      vertex   1.127360e+02 -2.332449e+01 1.904923e+00
      vertex   1.127360e+02 -2.336659e+01 1.916202e+00
    endloop
  endfacet
  facet normal 0.000000e+00 8.715574e-02 9.961947e-01
    outer loop
      vertex   1.136600e+02 -2.336659e+01 1.916202e+00
      vertex   1.127360e+02 -2.336659e+01 1.916202e+00
      vertex   1.136600e+02 -2.341000e+01 1.920000e+00
    endloop
  endfacet
  facet normal -2.961208e-19 8.715574e-02 9.961947e-01
    outer loop
      vertex   1.136600e+02 -2.341000e+01 1.920000e+00
      vertex   1.127360e+02 -2.336659e+01 1.916202e+00
      vertex   1.118120e+02 -2.336659e+01 1.916202e+00
    endloop
  endfacet
  facet normal -2.396897e-16 8.715574e-02 9.961947e-01
    outer loop
      vertex   1.136600e+02 -2.341000e+01 1.920000e+00
      vertex   1.118120e+02 -2.336659e+01 1.916202e+00
      vertex   1.108880e+02 -2.336659e+01 1.916202e+00
    endloop
  endfacet
  facet normal -2.321197e-16 2.588190e-01 9.659258e-01
    outer loop
      vertex   1.108880e+02 -2.336659e+01 1.916202e+00
      vertex   1.118120e+02 -2.336659e+01 1.916202e+00
      vertex   1.108880e+02 -2.332449e+01 1.904923e+00
    endloop
  endfacet
  facet normal -2.323379e-16 2.588190e-01 9.659258e-01
    outer loop
      vertex   1.108880e+02 -2.336659e+01 1.916202e+00
      vertex   1.108880e+02 -2.332449e+01 1.904923e+00
      vertex   1.099640e+02 -2.332449e+01 1.904923e+00
    endloop
  endfacet
  facet normal -2.177930e-16 4.226183e-01 9.063078e-01
    outer loop
      vertex   1.099640e+02 -2.332449e+01 1.904923e+00
      vertex   1.108880e+02 -2.332449e+01 1.904923e+00
      vertex   1.099640e+02 -2.328500e+01 1.886506e+00
    endloop
  endfacet
  facet normal -2.182453e-16 4.226183e-01 9.063078e-01
    outer loop
      vertex   1.099640e+02 -2.332449e+01 1.904923e+00
      vertex   1.099640e+02 -2.328500e+01 1.886506e+00
      vertex   1.090400e+02 -2.328500e+01 1.886506e+00
    endloop
  endfacet
  facet normal -1.968488e-16 5.735764e-01 8.191520e-01
    outer loop
      vertex   1.090400e+02 -2.328500e+01 1.886506e+00
      vertex   1.099640e+02 -2.328500e+01 1.886506e+00
      vertex   1.090400e+02 -2.324930e+01 1.861511e+00
    endloop
  endfacet
  facet normal -1.030649e-18 5.735764e-01 8.191520e-01
    outer loop
      vertex   1.090400e+02 -2.328500e+01 1.886506e+00
      vertex   1.090400e+02 -2.324930e+01 1.861511e+00
      vertex   1.081160e+02 -2.324930e+01 1.861511e+00
    endloop
  endfacet
  facet normal -0.000000e+00 7.071068e-01 7.071068e-01
    outer loop
      vertex   1.081160e+02 -2.324930e+01 1.861511e+00
      vertex   1.090400e+02 -2.324930e+01 1.861511e+00
      vertex   1.081160e+02 -2.321849e+01 1.830697e+00
    endloop
  endfacet
  facet normal -1.695860e-16 7.071068e-01 7.071068e-01
    outer loop
      vertex   1.081160e+02 -2.324930e+01 1.861511e+00
      vertex   1.081160e+02 -2.321849e+01 1.830697e+00
      vertex   1.071920e+02 -2.321849e+01 1.830697e+00
    endloop
  endfacet
  facet normal -1.378350e-16 8.191520e-01 5.735764e-01
    outer loop
      vertex   1.071920e+02 -2.321849e+01 1.830697e+00
      vertex   1.081160e+02 -2.321849e+01 1.830697e+00
      vertex   1.071920e+02 -2.319349e+01 1.795000e+00
    endloop
  endfacet
  facet normal -2.763058e-16 8.191520e-01 5.735764e-01
    outer loop
      vertex   1.071920e+02 -2.321849e+01 1.830697e+00
      vertex   1.071920e+02 -2.319349e+01 1.795000e+00
      vertex   1.062680e+02 -2.319349e+01 1.795000e+00
    endloop
  endfacet
  facet normal -2.031171e-16 9.063078e-01 4.226183e-01
    outer loop
      vertex   1.062680e+02 -2.319349e+01 1.795000e+00
      vertex   1.071920e+02 -2.319349e+01 1.795000e+00
      vertex   1.062680e+02 -2.317508e+01 1.755505e+00
    endloop
  endfacet
  facet normal -1.026911e-16 9.063078e-01 4.226183e-01
    outer loop
      vertex   1.062680e+02 -2.319349e+01 1.795000e+00
      vertex   1.062680e+02 -2.317508e+01 1.755505e+00
      vertex   1.053440e+02 -2.317508e+01 1.755505e+00
    endloop
  endfacet
  facet normal -6.219629e-17 9.659258e-01 2.588190e-01
    outer loop
      vertex   1.053440e+02 -2.317508e+01 1.755505e+00
      vertex   1.062680e+02 -2.317508e+01 1.755505e+00
      vertex   1.053440e+02 -2.316380e+01 1.713412e+00
    endloop
  endfacet
  facet normal 5.661982e-19 9.659258e-01 2.588190e-01
    outer loop
      vertex   1.053440e+02 -2.317508e+01 1.755505e+00
      vertex   1.053440e+02 -2.316380e+01 1.713412e+00
      vertex   1.044200e+02 -2.316380e+01 1.713412e+00
    endloop
  endfacet
  facet normal -0.000000e+00 9.961947e-01 8.715571e-02
    outer loop
      vertex   1.044200e+02 -2.316380e+01 1.713412e+00
      vertex   1.053440e+02 -2.316380e+01 1.713412e+00
      vertex   1.044200e+02 -2.316000e+01 1.670000e+00
    endloop
  endfacet
  facet normal -2.107223e-17 9.961947e-01 8.715571e-02
    outer loop
      vertex   1.044200e+02 -2.316000e+01 1.670000e+00
      vertex   1.053440e+02 -2.316380e+01 1.713412e+00
      vertex   1.062680e+02 -2.316380e+01 1.713412e+00
    endloop
  endfacet
  facet normal -2.114878e-17 9.961947e-01 8.715571e-02
    outer loop
      vertex   1.044200e+02 -2.316000e+01 1.670000e+00
      vertex   1.062680e+02 -2.316380e+01 1.713412e+00
      vertex   1.071920e+02 -2.316380e+01 1.713412e+00
    endloop
  endfacet
  facet normal -6.219629e-17 9.659258e-01 2.588190e-01
    outer loop
      vertex   1.071920e+02 -2.316380e+01 1.713412e+00
      vertex   1.062680e+02 -2.316380e+01 1.713412e+00
      vertex   1.071920e+02 -2.317508e+01 1.755505e+00
    endloop
  endfacet
  facet normal -1.238264e-16 9.659258e-01 2.588190e-01
    outer loop
      vertex   1.071920e+02 -2.316380e+01 1.713412e+00
      vertex   1.071920e+02 -2.317508e+01 1.755505e+00
      vertex   1.081160e+02 -2.317508e+01 1.755505e+00
    endloop
  endfacet
  facet normal -2.031171e-16 9.063078e-01 4.226183e-01
    outer loop
      vertex   1.081160e+02 -2.317508e+01 1.755505e+00
      vertex   1.071920e+02 -2.317508e+01 1.755505e+00
      vertex   1.081160e+02 -2.319349e+01 1.795000e+00
    endloop
  endfacet
  facet normal -3.721861e-19 9.063078e-01 4.226183e-01
    outer loop
      vertex   1.081160e+02 -2.317508e+01 1.755505e+00
      vertex   1.081160e+02 -2.319349e+01 1.795000e+00
      vertex   1.090400e+02 -2.319349e+01 1.795000e+00
    endloop
  endfacet
  facet normal 0.000000e+00 8.191520e-01 5.735764e-01
    outer loop
      vertex   1.090400e+02 -2.319349e+01 1.795000e+00
      vertex   1.081160e+02 -2.319349e+01 1.795000e+00
      vertex   1.090400e+02 -2.321849e+01 1.830697e+00
    endloop
  endfacet
  facet normal -2.757935e-16 8.191520e-01 5.735764e-01
    outer loop
      vertex   1.090400e+02 -2.319349e+01 1.795000e+00
      vertex   1.090400e+02 -2.321849e+01 1.830697e+00
      vertex   1.099640e+02 -2.321849e+01 1.830697e+00
    endloop
  endfacet
  facet normal -3.398469e-16 7.071068e-01 7.071068e-01
    outer loop
      vertex   1.099640e+02 -2.321849e+01 1.830697e+00
      vertex   1.090400e+02 -2.321849e+01 1.830697e+00
      vertex   1.099640e+02 -2.324930e+01 1.861511e+00
    endloop
  endfacet
  facet normal -1.695860e-16 7.071068e-01 7.071068e-01
    outer loop
      vertex   1.099640e+02 -2.321849e+01 1.830697e+00
      vertex   1.099640e+02 -2.324930e+01 1.861511e+00
      vertex   1.108880e+02 -2.324930e+01 1.861511e+00
    endloop
  endfacet
  facet normal -1.968488e-16 5.735764e-01 8.191520e-01
    outer loop
      vertex   1.108880e+02 -2.324930e+01 1.861511e+00
      vertex   1.099640e+02 -2.324930e+01 1.861511e+00
      vertex   1.108880e+02 -2.328500e+01 1.886506e+00
    endloop
  endfacet
  facet normal -1.975907e-16 5.735764e-01 8.191520e-01
    outer loop
      vertex   1.108880e+02 -2.324930e+01 1.861511e+00
      vertex   1.108880e+02 -2.328500e+01 1.886506e+00
      vertex   1.118120e+02 -2.328500e+01 1.886506e+00
    endloop
  endfacet
  facet normal -2.177930e-16 4.226183e-01 9.063078e-01
    outer loop
      vertex   1.118120e+02 -2.328500e+01 1.886506e+00
      vertex   1.108880e+02 -2.328500e+01 1.886506e+00
      vertex   1.118120e+02 -2.332449e+01 1.904923e+00
    endloop
  endfacet
  facet normal -1.444994e-19 4.226183e-01 9.063078e-01
    outer loop
      vertex   1.118120e+02 -2.328500e+01 1.886506e+00
      vertex   1.118120e+02 -2.332449e+01 1.904923e+00
      vertex   1.127360e+02 -2.332449e+01 1.904923e+00
    endloop
  endfacet
  facet normal 0.000000e+00 2.588190e-01 9.659258e-01
    outer loop
      vertex   1.127360e+02 -2.332449e+01 1.904923e+00
      vertex   1.118120e+02 -2.332449e+01 1.904923e+00
      vertex   1.127360e+02 -2.336659e+01 1.916202e+00
    endloop
  endfacet
  facet normal 6.249606e-17 9.659258e-01 2.588190e-01
    outer loop
      vertex   1.044200e+02 -2.316380e+01 1.713412e+00
      vertex   1.044200e+02 -2.317508e+01 1.755505e+00
      vertex   1.053440e+02 -2.317508e+01 1.755505e+00
    endloop
  endfacet
  facet normal 1.015586e-16 9.063078e-01 4.226183e-01
    outer loop
      vertex   1.053440e+02 -2.317508e+01 1.755505e+00
      vertex   1.044200e+02 -2.317508e+01 1.755505e+00
      vertex   1.053440e+02 -2.319349e+01 1.795000e+00
    endloop
  endfacet
  facet normal -1.026911e-16 9.063078e-01 4.226183e-01
    outer loop
      vertex   1.053440e+02 -2.317508e+01 1.755505e+00
      vertex   1.053440e+02 -2.319349e+01 1.795000e+00
      vertex   1.062680e+02 -2.319349e+01 1.795000e+00
    endloop
  endfacet
  facet normal -1.378350e-16 8.191520e-01 5.735764e-01
    outer loop
      vertex   1.062680e+02 -2.319349e+01 1.795000e+00
      vertex   1.053440e+02 -2.319349e+01 1.795000e+00
      vertex   1.062680e+02 -2.321849e+01 1.830697e+00
    endloop
  endfacet
  facet normal -1.389830e-16 8.191520e-01 5.735764e-01
    outer loop
      vertex   1.062680e+02 -2.319349e+01 1.795000e+00
      vertex   1.062680e+02 -2.321849e+01 1.830697e+00
      vertex   1.071920e+02 -2.321849e+01 1.830697e+00
    endloop
  endfacet
  facet normal -1.699234e-16 7.071068e-01 7.071068e-01
    outer loop
      vertex   1.071920e+02 -2.321849e+01 1.830697e+00
      vertex   1.062680e+02 -2.321849e+01 1.830697e+00
      vertex   1.071920e+02 -2.324930e+01 1.861511e+00
    endloop
  endfacet
  facet normal -1.695860e-16 7.071068e-01 7.071068e-01
    outer loop
      vertex   1.071920e+02 -2.321849e+01 1.830697e+00
      vertex   1.071920e+02 -2.324930e+01 1.861511e+00
      vertex   1.081160e+02 -2.324930e+01 1.861511e+00
    endloop
  endfacet
  facet normal -1.968488e-16 5.735764e-01 8.191520e-01
    outer loop
      vertex   1.081160e+02 -2.324930e+01 1.861511e+00
      vertex   1.071920e+02 -2.324930e+01 1.861511e+00
      vertex   1.081160e+02 -2.328500e+01 1.886506e+00
    endloop
  endfacet
  facet normal -1.030649e-18 5.735764e-01 8.191520e-01
    outer loop
      vertex   1.081160e+02 -2.324930e+01 1.861511e+00
      vertex   1.081160e+02 -2.328500e+01 1.886506e+00
      vertex   1.090400e+02 -2.328500e+01 1.886506e+00
    endloop
  endfacet
  facet normal 0.000000e+00 4.226183e-01 9.063078e-01
    outer loop
      vertex   1.090400e+02 -2.328500e+01 1.886506e+00
      vertex   1.081160e+02 -2.328500e+01 1.886506e+00
      vertex   1.090400e+02 -2.332449e+01 1.904923e+00
    endloop
  endfacet
  facet normal -2.182453e-16 4.226183e-01 9.063078e-01
    outer loop
      vertex   1.090400e+02 -2.328500e+01 1.886506e+00
      vertex   1.090400e+02 -2.332449e+01 1.904923e+00
      vertex   1.099640e+02 -2.332449e+01 1.904923e+00
    endloop
  endfacet
  facet normal -2.321197e-16 2.588190e-01 9.659258e-01
    outer loop
      vertex   1.099640e+02 -2.332449e+01 1.904923e+00
      vertex   1.090400e+02 -2.332449e+01 1.904923e+00
      vertex   1.099640e+02 -2.336659e+01 1.916202e+00
    endloop
  endfacet
  facet normal -4.639017e-16 2.588190e-01 9.659258e-01
    outer loop
      vertex   1.099640e+02 -2.332449e+01 1.904923e+00
      vertex   1.099640e+02 -2.336659e+01 1.916202e+00
      vertex   1.108880e+02 -2.336659e+01 1.916202e+00
    endloop
  endfacet
  facet normal -4.787871e-16 8.715574e-02 9.961947e-01
    outer loop
      vertex   1.108880e+02 -2.336659e+01 1.916202e+00
      vertex   1.099640e+02 -2.336659e+01 1.916202e+00
      vertex   1.136600e+02 -2.341000e+01 1.920000e+00
    endloop
  endfacet
  facet normal -3.034644e-16 9.063078e-01 4.226183e-01
    outer loop
      vertex   1.044200e+02 -2.317508e+01 1.755505e+00
      vertex   1.044200e+02 -2.319349e+01 1.795000e+00
      vertex   1.053440e+02 -2.319349e+01 1.795000e+00
    endloop
  endfacet
  facet normal -4.135050e-16 8.191520e-01 5.735764e-01
    outer loop
      vertex   1.053440e+02 -2.319349e+01 1.795000e+00
      vertex   1.044200e+02 -2.319349e+01 1.795000e+00
      vertex   1.053440e+02 -2.321849e+01 1.830697e+00
    endloop
  endfacet
  facet normal -2.763058e-16 8.191520e-01 5.735764e-01
    outer loop
      vertex   1.053440e+02 -2.319349e+01 1.795000e+00
      vertex   1.053440e+02 -2.321849e+01 1.830697e+00
      vertex   1.062680e+02 -2.321849e+01 1.830697e+00
    endloop
  endfacet
  facet normal -3.398469e-16 7.071068e-01 7.071068e-01
    outer loop
      vertex   1.062680e+02 -2.321849e+01 1.830697e+00
      vertex   1.053440e+02 -2.321849e+01 1.830697e+00
      vertex   1.062680e+02 -2.324930e+01 1.861511e+00
    endloop
  endfacet
  facet normal -1.695860e-16 7.071068e-01 7.071068e-01
    outer loop
      vertex   1.062680e+02 -2.321849e+01 1.830697e+00
      vertex   1.062680e+02 -2.324930e+01 1.861511e+00
      vertex   1.071920e+02 -2.324930e+01 1.861511e+00
    endloop
  endfacet
  facet normal -1.968488e-16 5.735764e-01 8.191520e-01
    outer loop
      vertex   1.071920e+02 -2.324930e+01 1.861511e+00
      vertex   1.062680e+02 -2.324930e+01 1.861511e+00
      vertex   1.071920e+02 -2.328500e+01 1.886506e+00
    endloop
  endfacet
  facet normal -3.944395e-16 5.735764e-01 8.191520e-01
    outer loop
      vertex   1.071920e+02 -2.324930e+01 1.861511e+00
      vertex   1.071920e+02 -2.328500e+01 1.886506e+00
      vertex   1.081160e+02 -2.328500e+01 1.886506e+00
    endloop
  endfacet
  facet normal -4.355860e-16 4.226183e-01 9.063078e-01
    outer loop
      vertex   1.081160e+02 -2.328500e+01 1.886506e+00
      vertex   1.071920e+02 -2.328500e+01 1.886506e+00
      vertex   1.081160e+02 -2.332449e+01 1.904923e+00
    endloop
  endfacet
  facet normal -4.522999e-19 4.226183e-01 9.063078e-01
    outer loop
      vertex   1.081160e+02 -2.328500e+01 1.886506e+00
      vertex   1.081160e+02 -2.332449e+01 1.904923e+00
      vertex   1.090400e+02 -2.332449e+01 1.904923e+00
    endloop
  endfacet
  facet normal 0.000000e+00 2.588190e-01 9.659258e-01
    outer loop
      vertex   1.090400e+02 -2.332449e+01 1.904923e+00
      vertex   1.081160e+02 -2.332449e+01 1.904923e+00
      vertex   1.090400e+02 -2.336659e+01 1.916202e+00
    endloop
  endfacet
  facet normal -2.317820e-16 2.588190e-01 9.659258e-01
    outer loop
      vertex   1.090400e+02 -2.332449e+01 1.904923e+00
      vertex   1.090400e+02 -2.336659e+01 1.916202e+00
      vertex   1.099640e+02 -2.336659e+01 1.916202e+00
    endloop
  endfacet
  facet normal -2.393936e-16 8.715574e-02 9.961947e-01
    outer loop
      vertex   1.099640e+02 -2.336659e+01 1.916202e+00
      vertex   1.090400e+02 -2.336659e+01 1.916202e+00
      vertex   1.136600e+02 -2.341000e+01 1.920000e+00
    endloop
  endfacet
  facet normal -5.514635e-16 8.191520e-01 5.735764e-01
    outer loop
      vertex   1.044200e+02 -2.319349e+01 1.795000e+00
      vertex   1.044200e+02 -2.321849e+01 1.830697e+00
      vertex   1.053440e+02 -2.321849e+01 1.830697e+00
    endloop
  endfacet
  facet normal -6.796937e-16 7.071068e-01 7.071068e-01
    outer loop
      vertex   1.053440e+02 -2.321849e+01 1.830697e+00
      vertex   1.044200e+02 -2.321849e+01 1.830697e+00
      vertex   1.053440e+02 -2.324930e+01 1.861511e+00
    endloop
  endfacet
  facet normal -3.395094e-16 7.071068e-01 7.071068e-01
    outer loop
      vertex   1.053440e+02 -2.321849e+01 1.830697e+00
      vertex   1.053440e+02 -2.324930e+01 1.861511e+00
      vertex   1.062680e+02 -2.324930e+01 1.861511e+00
    endloop
  endfacet
  facet normal -3.936976e-16 5.735764e-01 8.191520e-01
    outer loop
      vertex   1.062680e+02 -2.324930e+01 1.861511e+00
      vertex   1.053440e+02 -2.324930e+01 1.861511e+00
      vertex   1.062680e+02 -2.328500e+01 1.886506e+00
    endloop
  endfacet
  facet normal -1.975907e-16 5.735764e-01 8.191520e-01
    outer loop
      vertex   1.062680e+02 -2.324930e+01 1.861511e+00
      vertex   1.062680e+02 -2.328500e+01 1.886506e+00
      vertex   1.071920e+02 -2.328500e+01 1.886506e+00
    endloop
  endfacet
  facet normal -2.177930e-16 4.226183e-01 9.063078e-01
    outer loop
      vertex   1.071920e+02 -2.328500e+01 1.886506e+00
      vertex   1.062680e+02 -2.328500e+01 1.886506e+00
      vertex   1.071920e+02 -2.332449e+01 1.904923e+00
    endloop
  endfacet
  facet normal -4.360383e-16 4.226183e-01 9.063078e-01
    outer loop
      vertex   1.071920e+02 -2.328500e+01 1.886506e+00
      vertex   1.071920e+02 -2.332449e+01 1.904923e+00
      vertex   1.081160e+02 -2.332449e+01 1.904923e+00
    endloop
  endfacet
  facet normal -4.642394e-16 2.588190e-01 9.659258e-01
    outer loop
      vertex   1.081160e+02 -2.332449e+01 1.904923e+00
      vertex   1.071920e+02 -2.332449e+01 1.904923e+00
      vertex   1.081160e+02 -2.336659e+01 1.916202e+00
    endloop
  endfacet
  facet normal 3.377155e-19 2.588190e-01 9.659258e-01
    outer loop
      vertex   1.081160e+02 -2.332449e+01 1.904923e+00
      vertex   1.081160e+02 -2.336659e+01 1.916202e+00
      vertex   1.090400e+02 -2.336659e+01 1.916202e+00
    endloop
  endfacet
  facet normal 0.000000e+00 8.715574e-02 9.961947e-01
    outer loop
      vertex   1.090400e+02 -2.336659e+01 1.916202e+00
      vertex   1.081160e+02 -2.336659e+01 1.916202e+00
      vertex   1.044200e+02 -2.341000e+01 1.920000e+00
    endloop
  endfacet
  facet normal 2.303918e-21 8.715574e-02 9.961947e-01
    outer loop
      vertex   1.090400e+02 -2.336659e+01 1.916202e+00
      vertex   1.044200e+02 -2.341000e+01 1.920000e+00
      vertex   1.136600e+02 -2.341000e+01 1.920000e+00
    endloop
  endfacet
  facet normal -6.793563e-16 7.071068e-01 7.071068e-01
    outer loop
      vertex   1.044200e+02 -2.321849e+01 1.830697e+00
      vertex   1.044200e+02 -2.324930e+01 1.861511e+00
      vertex   1.053440e+02 -2.324930e+01 1.861511e+00
    endloop
  endfacet
  facet normal -7.873952e-16 5.735764e-01 8.191520e-01
    outer loop
      vertex   1.053440e+02 -2.324930e+01 1.861511e+00
      vertex   1.044200e+02 -2.324930e+01 1.861511e+00
      vertex   1.053440e+02 -2.328500e+01 1.886506e+00
    endloop
  endfacet
  facet normal -1.978794e-16 5.735764e-01 8.191520e-01
    outer loop
      vertex   1.053440e+02 -2.324930e+01 1.861511e+00
      vertex   1.053440e+02 -2.328500e+01 1.886506e+00
      vertex   1.062680e+02 -2.328500e+01 1.886506e+00
    endloop
  endfacet
  facet normal -2.177930e-16 4.226183e-01 9.063078e-01
    outer loop
      vertex   1.062680e+02 -2.328500e+01 1.886506e+00
      vertex   1.053440e+02 -2.328500e+01 1.886506e+00
      vertex   1.062680e+02 -2.332449e+01 1.904923e+00
    endloop
  endfacet
  facet normal -2.182453e-16 4.226183e-01 9.063078e-01
    outer loop
      vertex   1.062680e+02 -2.328500e+01 1.886506e+00
      vertex   1.062680e+02 -2.332449e+01 1.904923e+00
      vertex   1.071920e+02 -2.332449e+01 1.904923e+00
    endloop
  endfacet
  facet normal -2.321197e-16 2.588190e-01 9.659258e-01
    outer loop
      vertex   1.071920e+02 -2.332449e+01 1.904923e+00
      vertex   1.062680e+02 -2.332449e+01 1.904923e+00
      vertex   1.071920e+02 -2.336659e+01 1.916202e+00
    endloop
  endfacet
  facet normal -2.323379e-16 2.588190e-01 9.659258e-01
    outer loop
      vertex   1.071920e+02 -2.332449e+01 1.904923e+00
      vertex   1.071920e+02 -2.336659e+01 1.916202e+00
      vertex   1.081160e+02 -2.336659e+01 1.916202e+00
    endloop
  endfacet
  facet normal -2.393936e-16 8.715574e-02 9.961947e-01
    outer loop
      vertex   1.081160e+02 -2.336659e+01 1.916202e+00
      vertex   1.071920e+02 -2.336659e+01 1.916202e+00
      vertex   1.044200e+02 -2.341000e+01 1.920000e+00
    endloop
  endfacet
  facet normal 3.936268e-16 5.735764e-01 8.191520e-01
    outer loop
      vertex   1.044200e+02 -2.324930e+01 1.861511e+00
      vertex   1.044200e+02 -2.328500e+01 1.886506e+00
      vertex   1.053440e+02 -2.328500e+01 1.886506e+00
    endloop
  endfacet
  facet normal 4.355860e-16 4.226183e-01 9.063078e-01
    outer loop
      vertex   1.053440e+02 -2.328500e+01 1.886506e+00
      vertex   1.044200e+02 -2.328500e+01 1.886506e+00
      vertex   1.053440e+02 -2.332449e+01 1.904923e+00
    endloop
  endfacet
  facet normal -2.182453e-16 4.226183e-01 9.063078e-01
    outer loop
      vertex   1.053440e+02 -2.328500e+01 1.886506e+00
      vertex   1.053440e+02 -2.332449e+01 1.904923e+00
      vertex   1.062680e+02 -2.332449e+01 1.904923e+00
    endloop
  endfacet
  facet normal -2.321197e-16 2.588190e-01 9.659258e-01
    outer loop
      vertex   1.062680e+02 -2.332449e+01 1.904923e+00
      vertex   1.053440e+02 -2.332449e+01 1.904923e+00
      vertex   1.062680e+02 -2.336659e+01 1.916202e+00
    endloop
  endfacet
  facet normal -4.639017e-16 2.588190e-01 9.659258e-01
    outer loop
      vertex   1.062680e+02 -2.332449e+01 1.904923e+00
      vertex   1.062680e+02 -2.336659e+01 1.916202e+00
      vertex   1.071920e+02 -2.336659e+01 1.916202e+00
    endloop
  endfacet
  facet normal -4.787871e-16 8.715574e-02 9.961947e-01
    outer loop
      vertex   1.071920e+02 -2.336659e+01 1.916202e+00
      vertex   1.062680e+02 -2.336659e+01 1.916202e+00
      vertex   1.044200e+02 -2.341000e+01 1.920000e+00
    endloop
  endfacet
  facet normal -1.088879e-15 4.226183e-01 9.063078e-01
    outer loop
      vertex   1.044200e+02 -2.328500e+01 1.886506e+00
      vertex   1.044200e+02 -2.332449e+01 1.904923e+00
      vertex   1.053440e+02 -2.332449e+01 1.904923e+00
    endloop
  endfacet
  facet normal -1.160599e-15 2.588190e-01 9.659258e-01
    outer loop
      vertex   1.053440e+02 -2.332449e+01 1.904923e+00
      vertex   1.044200e+02 -2.332449e+01 1.904923e+00
      vertex   1.053440e+02 -2.336659e+01 1.916202e+00
    endloop
  endfacet
  facet normal -2.317820e-16 2.588190e-01 9.659258e-01
    outer loop
      vertex   1.053440e+02 -2.332449e+01 1.904923e+00
      vertex   1.053440e+02 -2.336659e+01 1.916202e+00
      vertex   1.062680e+02 -2.336659e+01 1.916202e+00
    endloop
  endfacet
  facet normal -2.393936e-16 8.715574e-02 9.961947e-01
    outer loop
      vertex   1.062680e+02 -2.336659e+01 1.916202e+00
      vertex   1.053440e+02 -2.336659e+01 1.916202e+00
      vertex   1.044200e+02 -2.341000e+01 1.920000e+00
    endloop
  endfacet
  facet normal -2.326592e-16 2.588190e-01 9.659258e-01
    outer loop
      vertex   1.044200e+02 -2.332449e+01 1.904923e+00
      vertex   1.044200e+02 -2.336659e+01 1.916202e+00
      vertex   1.053440e+02 -2.336659e+01 1.916202e+00
    endloop
  endfacet
  facet normal -2.393936e-16 8.715574e-02 9.961947e-01
    outer loop
      vertex   1.053440e+02 -2.336659e+01 1.916202e+00
      vertex   1.044200e+02 -2.336659e+01 1.916202e+00
      vertex   1.044200e+02 -2.341000e+01 1.920000e+00
    endloop
  endfacet
  facet normal 2.755466e-16 8.191520e-01 5.735764e-01
    outer loop
      vertex   1.136600e+02 -2.321849e+01 1.830697e+00
      vertex   1.136600e+02 -2.319349e+01 1.795000e+00
      vertex   1.127360e+02 -2.319349e+01 1.795000e+00
    endloop
  endfacet
  facet normal 2.031171e-16 9.063078e-01 4.226183e-01
    outer loop
      vertex   1.127360e+02 -2.319349e+01 1.795000e+00
      vertex   1.136600e+02 -2.319349e+01 1.795000e+00
      vertex   1.127360e+02 -2.317508e+01 1.755505e+00
    endloop
  endfacet
  facet normal -1.132536e-18 9.063078e-01 4.226183e-01
    outer loop
      vertex   1.127360e+02 -2.319349e+01 1.795000e+00
      vertex   1.127360e+02 -2.317508e+01 1.755505e+00
      vertex   1.118120e+02 -2.317508e+01 1.755505e+00
    endloop
  endfacet
  facet normal -0.000000e+00 9.659258e-01 2.588190e-01
    outer loop
      vertex   1.118120e+02 -2.317508e+01 1.755505e+00
      vertex   1.127360e+02 -2.317508e+01 1.755505e+00
      vertex   1.118120e+02 -2.316380e+01 1.713412e+00
    endloop
  endfacet
  facet normal -1.860227e-16 9.659258e-01 2.588190e-01
    outer loop
      vertex   1.118120e+02 -2.317508e+01 1.755505e+00
      vertex   1.118120e+02 -2.316380e+01 1.713412e+00
      vertex   1.108880e+02 -2.316380e+01 1.713412e+00
    endloop
  endfacet
  facet normal -6.283267e-17 9.961947e-01 8.715574e-02
    outer loop
      vertex   1.108880e+02 -2.316380e+01 1.713412e+00
      vertex   1.118120e+02 -2.316380e+01 1.713412e+00
      vertex   1.136600e+02 -2.316000e+01 1.670000e+00
    endloop
  endfacet
  facet normal -2.019058e-16 9.063078e-01 4.226183e-01
    outer loop
      vertex   1.136600e+02 -2.319349e+01 1.795000e+00
      vertex   1.136600e+02 -2.317508e+01 1.755505e+00
      vertex   1.127360e+02 -2.317508e+01 1.755505e+00
    endloop
  endfacet
  facet normal -1.243926e-16 9.659258e-01 2.588190e-01
    outer loop
      vertex   1.127360e+02 -2.317508e+01 1.755505e+00
      vertex   1.136600e+02 -2.317508e+01 1.755505e+00
      vertex   1.127360e+02 -2.316380e+01 1.713412e+00
    endloop
  endfacet
  facet normal 5.661982e-19 9.659258e-01 2.588190e-01
    outer loop
      vertex   1.127360e+02 -2.317508e+01 1.755505e+00
      vertex   1.127360e+02 -2.316380e+01 1.713412e+00
      vertex   1.118120e+02 -2.316380e+01 1.713412e+00
    endloop
  endfacet
  facet normal -0.000000e+00 9.961947e-01 8.715574e-02
    outer loop
      vertex   1.118120e+02 -2.316380e+01 1.713412e+00
      vertex   1.127360e+02 -2.316380e+01 1.713412e+00
      vertex   1.136600e+02 -2.316000e+01 1.670000e+00
    endloop
  endfacet
  facet normal -6.189652e-17 9.659258e-01 2.588190e-01
    outer loop
      vertex   1.136600e+02 -2.317508e+01 1.755505e+00
      vertex   1.136600e+02 -2.316380e+01 1.713412e+00
      vertex   1.127360e+02 -2.316380e+01 1.713412e+00
    endloop
  endfacet
  facet normal -2.094422e-17 9.961947e-01 8.715574e-02
    outer loop
      vertex   1.127360e+02 -2.316380e+01 1.713412e+00
      vertex   1.136600e+02 -2.316380e+01 1.713412e+00
      vertex   1.136600e+02 -2.316000e+01 1.670000e+00
    endloop
  endfacet
  facet normal -6.219629e-17 9.659258e-01 2.588190e-01
    outer loop
      vertex   1.071920e+02 -2.317508e+01 1.755505e+00
      vertex   1.062680e+02 -2.316380e+01 1.713412e+00
      vertex   1.062680e+02 -2.317508e+01 1.755505e+00
    endloop
  endfacet
  facet normal -6.163009e-17 9.659258e-01 2.588190e-01
    outer loop
      vertex   1.062680e+02 -2.317508e+01 1.755505e+00
      vertex   1.062680e+02 -2.316380e+01 1.713412e+00
      vertex   1.053440e+02 -2.316380e+01 1.713412e+00
    endloop
  endfacet
  facet normal 0.000000e+00 9.961947e-01 8.715571e-02
    outer loop
      vertex   1.090400e+02 -2.316380e+01 1.713412e+00
      vertex   1.044200e+02 -2.316000e+01 1.670000e+00
      vertex   1.081160e+02 -2.316380e+01 1.713412e+00
    endloop
  endfacet
  facet normal -2.094422e-17 9.961947e-01 8.715571e-02
    outer loop
      vertex   1.081160e+02 -2.316380e+01 1.713412e+00
      vertex   1.044200e+02 -2.316000e+01 1.670000e+00
      vertex   1.071920e+02 -2.316380e+01 1.713412e+00
    endloop
  endfacet
  facet normal -6.219629e-17 9.659258e-01 2.588190e-01
    outer loop
      vertex   1.081160e+02 -2.316380e+01 1.713412e+00
      vertex   1.071920e+02 -2.316380e+01 1.713412e+00
      vertex   1.081160e+02 -2.317508e+01 1.755505e+00
    endloop
  endfacet
  facet normal 0.000000e+00 9.659258e-01 2.588190e-01
    outer loop
      vertex   1.090400e+02 -2.316380e+01 1.713412e+00
      vertex   1.081160e+02 -2.316380e+01 1.713412e+00
      vertex   1.090400e+02 -2.317508e+01 1.755505e+00
    endloop
  endfacet
  facet normal 0.000000e+00 9.659258e-01 2.588190e-01
    outer loop
      vertex   1.090400e+02 -2.317508e+01 1.755505e+00
      vertex   1.081160e+02 -2.316380e+01 1.713412e+00
      vertex   1.081160e+02 -2.317508e+01 1.755505e+00
    endloop
  endfacet
  facet normal 0.000000e+00 9.063078e-01 4.226183e-01
    outer loop
      vertex   1.090400e+02 -2.317508e+01 1.755505e+00
      vertex   1.081160e+02 -2.317508e+01 1.755505e+00
      vertex   1.090400e+02 -2.319349e+01 1.795000e+00
    endloop
  endfacet
  facet normal -1.243926e-16 9.659258e-01 2.588190e-01
    outer loop
      vertex   1.099640e+02 -2.316380e+01 1.713412e+00
      vertex   1.090400e+02 -2.316380e+01 1.713412e+00
      vertex   1.099640e+02 -2.317508e+01 1.755505e+00
    endloop
  endfacet
  facet normal -6.219629e-17 9.659258e-01 2.588190e-01
    outer loop
      vertex   1.099640e+02 -2.317508e+01 1.755505e+00
      vertex   1.090400e+02 -2.316380e+01 1.713412e+00
      vertex   1.090400e+02 -2.317508e+01 1.755505e+00
    endloop
  endfacet
  facet normal -1.015586e-16 9.063078e-01 4.226183e-01
    outer loop
      vertex   1.099640e+02 -2.317508e+01 1.755505e+00
      vertex   1.090400e+02 -2.317508e+01 1.755505e+00
      vertex   1.099640e+02 -2.319349e+01 1.795000e+00
    endloop
  endfacet
  facet normal -1.015586e-16 9.063078e-01 4.226183e-01
    outer loop
      vertex   1.099640e+02 -2.319349e+01 1.795000e+00
      vertex   1.090400e+02 -2.317508e+01 1.755505e+00
      vertex   1.090400e+02 -2.319349e+01 1.795000e+00
    endloop
  endfacet
  facet normal -1.378350e-16 8.191520e-01 5.735764e-01
    outer loop
      vertex   1.099640e+02 -2.319349e+01 1.795000e+00
      vertex   1.090400e+02 -2.319349e+01 1.795000e+00
      vertex   1.099640e+02 -2.321849e+01 1.830697e+00
    endloop
  endfacet
  facet normal -2.031171e-16 9.063078e-01 4.226183e-01
    outer loop
      vertex   1.081160e+02 -2.319349e+01 1.795000e+00
      vertex   1.071920e+02 -2.317508e+01 1.755505e+00
      vertex   1.071920e+02 -2.319349e+01 1.795000e+00
    endloop
  endfacet
  facet normal -1.019307e-16 9.063078e-01 4.226183e-01
    outer loop
      vertex   1.071920e+02 -2.319349e+01 1.795000e+00
      vertex   1.071920e+02 -2.317508e+01 1.755505e+00
      vertex   1.062680e+02 -2.317508e+01 1.755505e+00
    endloop
  endfacet
  facet normal -1.860227e-16 9.659258e-01 2.588190e-01
    outer loop
      vertex   1.099640e+02 -2.316380e+01 1.713412e+00
      vertex   1.099640e+02 -2.317508e+01 1.755505e+00
      vertex   1.108880e+02 -2.317508e+01 1.755505e+00
    endloop
  endfacet
  facet normal -3.046757e-16 9.063078e-01 4.226183e-01
    outer loop
      vertex   1.108880e+02 -2.317508e+01 1.755505e+00
      vertex   1.099640e+02 -2.317508e+01 1.755505e+00
      vertex   1.108880e+02 -2.319349e+01 1.795000e+00
    endloop
  endfacet
  facet normal -2.023174e-16 9.063078e-01 4.226183e-01
    outer loop
      vertex   1.108880e+02 -2.317508e+01 1.755505e+00
      vertex   1.108880e+02 -2.319349e+01 1.795000e+00
      vertex   1.118120e+02 -2.319349e+01 1.795000e+00
    endloop
  endfacet
  facet normal -2.756700e-16 8.191520e-01 5.735764e-01
    outer loop
      vertex   1.118120e+02 -2.319349e+01 1.795000e+00
      vertex   1.108880e+02 -2.319349e+01 1.795000e+00
      vertex   1.118120e+02 -2.321849e+01 1.830697e+00
    endloop
  endfacet
  facet normal -1.234748e-19 8.191520e-01 5.735764e-01
    outer loop
      vertex   1.118120e+02 -2.319349e+01 1.795000e+00
      vertex   1.118120e+02 -2.321849e+01 1.830697e+00
      vertex   1.127360e+02 -2.321849e+01 1.830697e+00
    endloop
  endfacet
  facet normal 0.000000e+00 7.071068e-01 7.071068e-01
    outer loop
      vertex   1.127360e+02 -2.321849e+01 1.830697e+00
      vertex   1.118120e+02 -2.321849e+01 1.830697e+00
      vertex   1.127360e+02 -2.324930e+01 1.861511e+00
    endloop
  endfacet
  facet normal -1.015586e-16 9.063078e-01 4.226183e-01
    outer loop
      vertex   1.108880e+02 -2.319349e+01 1.795000e+00
      vertex   1.099640e+02 -2.317508e+01 1.755505e+00
      vertex   1.099640e+02 -2.319349e+01 1.795000e+00
    endloop
  endfacet
  facet normal 0.000000e+00 8.191520e-01 5.735764e-01
    outer loop
      vertex   1.090400e+02 -2.321849e+01 1.830697e+00
      vertex   1.081160e+02 -2.319349e+01 1.795000e+00
      vertex   1.081160e+02 -2.321849e+01 1.830697e+00
    endloop
  endfacet
  facet normal -2.757935e-16 8.191520e-01 5.735764e-01
    outer loop
      vertex   1.081160e+02 -2.321849e+01 1.830697e+00
      vertex   1.081160e+02 -2.319349e+01 1.795000e+00
      vertex   1.071920e+02 -2.319349e+01 1.795000e+00
    endloop
  endfacet
  facet normal -1.378350e-16 8.191520e-01 5.735764e-01
    outer loop
      vertex   1.108880e+02 -2.319349e+01 1.795000e+00
      vertex   1.099640e+02 -2.319349e+01 1.795000e+00
      vertex   1.108880e+02 -2.321849e+01 1.830697e+00
    endloop
  endfacet
  facet normal -1.378350e-16 8.191520e-01 5.735764e-01
    outer loop
      vertex   1.108880e+02 -2.321849e+01 1.830697e+00
      vertex   1.099640e+02 -2.319349e+01 1.795000e+00
      vertex   1.099640e+02 -2.321849e+01 1.830697e+00
    endloop
  endfacet
  facet normal -1.699234e-16 7.071068e-01 7.071068e-01
    outer loop
      vertex   1.108880e+02 -2.321849e+01 1.830697e+00
      vertex   1.099640e+02 -2.321849e+01 1.830697e+00
      vertex   1.108880e+02 -2.324930e+01 1.861511e+00
    endloop
  endfacet
  facet normal -3.398469e-16 7.071068e-01 7.071068e-01
    outer loop
      vertex   1.099640e+02 -2.324930e+01 1.861511e+00
      vertex   1.090400e+02 -2.321849e+01 1.830697e+00
      vertex   1.090400e+02 -2.324930e+01 1.861511e+00
    endloop
  endfacet
  facet normal 3.374190e-19 7.071068e-01 7.071068e-01
    outer loop
      vertex   1.090400e+02 -2.324930e+01 1.861511e+00
      vertex   1.090400e+02 -2.321849e+01 1.830697e+00
      vertex   1.081160e+02 -2.321849e+01 1.830697e+00
    endloop
  endfacet
  facet normal -1.384708e-16 8.191520e-01 5.735764e-01
    outer loop
      vertex   1.108880e+02 -2.319349e+01 1.795000e+00
      vertex   1.108880e+02 -2.321849e+01 1.830697e+00
      vertex   1.118120e+02 -2.321849e+01 1.830697e+00
    endloop
  endfacet
  facet normal -1.699234e-16 7.071068e-01 7.071068e-01
    outer loop
      vertex   1.118120e+02 -2.321849e+01 1.830697e+00
      vertex   1.108880e+02 -2.321849e+01 1.830697e+00
      vertex   1.118120e+02 -2.324930e+01 1.861511e+00
    endloop
  endfacet
  facet normal 3.374190e-19 7.071068e-01 7.071068e-01
    outer loop
      vertex   1.118120e+02 -2.321849e+01 1.830697e+00
      vertex   1.118120e+02 -2.324930e+01 1.861511e+00
      vertex   1.127360e+02 -2.324930e+01 1.861511e+00
    endloop
  endfacet
  facet normal 0.000000e+00 5.735764e-01 8.191520e-01
    outer loop
      vertex   1.127360e+02 -2.324930e+01 1.861511e+00
      vertex   1.118120e+02 -2.324930e+01 1.861511e+00
      vertex   1.127360e+02 -2.328500e+01 1.886506e+00
    endloop
  endfacet
  facet normal -1.699234e-16 7.071068e-01 7.071068e-01
    outer loop
      vertex   1.118120e+02 -2.324930e+01 1.861511e+00
      vertex   1.108880e+02 -2.321849e+01 1.830697e+00
      vertex   1.108880e+02 -2.324930e+01 1.861511e+00
    endloop
  endfacet
  facet normal -1.968488e-16 5.735764e-01 8.191520e-01
    outer loop
      vertex   1.108880e+02 -2.328500e+01 1.886506e+00
      vertex   1.099640e+02 -2.324930e+01 1.861511e+00
      vertex   1.099640e+02 -2.328500e+01 1.886506e+00
    endloop
  endfacet
  facet normal -3.944395e-16 5.735764e-01 8.191520e-01
    outer loop
      vertex   1.099640e+02 -2.328500e+01 1.886506e+00
      vertex   1.099640e+02 -2.324930e+01 1.861511e+00
      vertex   1.090400e+02 -2.324930e+01 1.861511e+00
    endloop
  endfacet
  facet normal 0.000000e+00 5.735764e-01 8.191520e-01
    outer loop
      vertex   1.127360e+02 -2.328500e+01 1.886506e+00
      vertex   1.118120e+02 -2.324930e+01 1.861511e+00
      vertex   1.118120e+02 -2.328500e+01 1.886506e+00
    endloop
  endfacet
  facet normal -1.975907e-16 5.735764e-01 8.191520e-01
    outer loop
      vertex   1.118120e+02 -2.328500e+01 1.886506e+00
      vertex   1.118120e+02 -2.324930e+01 1.861511e+00
      vertex   1.108880e+02 -2.324930e+01 1.861511e+00
    endloop
  endfacet
  facet normal -4.355860e-16 4.226183e-01 9.063078e-01
    outer loop
      vertex   1.118120e+02 -2.332449e+01 1.904923e+00
      vertex   1.108880e+02 -2.328500e+01 1.886506e+00
      vertex   1.108880e+02 -2.332449e+01 1.904923e+00
    endloop
  endfacet
  facet normal -2.182453e-16 4.226183e-01 9.063078e-01
    outer loop
      vertex   1.108880e+02 -2.332449e+01 1.904923e+00
      vertex   1.108880e+02 -2.328500e+01 1.886506e+00
      vertex   1.099640e+02 -2.328500e+01 1.886506e+00
    endloop
  endfacet
  facet normal -1.444994e-19 4.226183e-01 9.063078e-01
    outer loop
      vertex   1.127360e+02 -2.332449e+01 1.904923e+00
      vertex   1.127360e+02 -2.328500e+01 1.886506e+00
      vertex   1.118120e+02 -2.328500e+01 1.886506e+00
    endloop
  endfacet
  facet normal 0.000000e+00 2.588190e-01 9.659258e-01
    outer loop
      vertex   1.127360e+02 -2.336659e+01 1.916202e+00
      vertex   1.118120e+02 -2.332449e+01 1.904923e+00
      vertex   1.118120e+02 -2.336659e+01 1.916202e+00
    endloop
  endfacet
  facet normal -4.639017e-16 2.588190e-01 9.659258e-01
    outer loop
      vertex   1.118120e+02 -2.336659e+01 1.916202e+00
      vertex   1.118120e+02 -2.332449e+01 1.904923e+00
      vertex   1.108880e+02 -2.332449e+01 1.904923e+00
    endloop
  endfacet
  facet normal 1.833368e-15 -8.576805e-02 9.963151e-01
    outer loop
      vertex   1.136600e+02 -9.297205e+00 1.421471e+00
      vertex   1.132980e+02 -9.297205e+00 1.421471e+00
      vertex   1.136600e+02 -9.314296e+00 1.420000e+00
    endloop
  endfacet
  facet normal -6.112807e-16 -8.576805e-02 9.963151e-01
    outer loop
      vertex   1.136600e+02 -9.314296e+00 1.420000e+00
      vertex   1.132980e+02 -9.297205e+00 1.421471e+00
      vertex   1.129360e+02 -9.297205e+00 1.421471e+00
    endloop
  endfacet
  facet normal -1.779688e-19 -8.576805e-02 9.963151e-01
    outer loop
      vertex   1.136600e+02 -9.314296e+00 1.420000e+00
      vertex   1.129360e+02 -9.297205e+00 1.421471e+00
      vertex   1.125740e+02 -9.297205e+00 1.421471e+00
    endloop
  endfacet
  facet normal 0.000000e+00 -2.547805e-01 9.669989e-01
    outer loop
      vertex   1.125740e+02 -9.297205e+00 1.421471e+00
      vertex   1.129360e+02 -9.297205e+00 1.421471e+00
      vertex   1.125740e+02 -9.280618e+00 1.425842e+00
    endloop
  endfacet
  facet normal 1.060478e-18 -2.547805e-01 9.669989e-01
    outer loop
      vertex   1.125740e+02 -9.297205e+00 1.421471e+00
      vertex   1.125740e+02 -9.280618e+00 1.425842e+00
      vertex   1.122120e+02 -9.280618e+00 1.425842e+00
    endloop
  endfacet
  facet normal 0.000000e+00 -4.162960e-01 9.092291e-01
    outer loop
      vertex   1.122120e+02 -9.280618e+00 1.425842e+00
      vertex   1.125740e+02 -9.280618e+00 1.425842e+00
      vertex   1.122120e+02 -9.265021e+00 1.432983e+00
    endloop
  endfacet
  facet normal -5.572239e-16 -4.162960e-01 9.092291e-01
    outer loop
      vertex   1.122120e+02 -9.280618e+00 1.425842e+00
      vertex   1.122120e+02 -9.265021e+00 1.432983e+00
      vertex   1.118500e+02 -9.265021e+00 1.432983e+00
    endloop
  endfacet
  facet normal -5.058603e-16 -5.655623e-01 8.247056e-01
    outer loop
      vertex   1.118500e+02 -9.265021e+00 1.432983e+00
      vertex   1.122120e+02 -9.265021e+00 1.432983e+00
      vertex   1.118500e+02 -9.250874e+00 1.442684e+00
    endloop
  endfacet
  facet normal 1.293851e-18 -5.655623e-01 8.247056e-01
    outer loop
      vertex   1.118500e+02 -9.265021e+00 1.432983e+00
      vertex   1.118500e+02 -9.250874e+00 1.442684e+00
      vertex   1.114880e+02 -9.250874e+00 1.442684e+00
    endloop
  endfacet
  facet normal 0.000000e+00 -6.981870e-01 7.159154e-01
    outer loop
      vertex   1.114880e+02 -9.250874e+00 1.442684e+00
      vertex   1.118500e+02 -9.250874e+00 1.442684e+00
      vertex   1.114880e+02 -9.238594e+00 1.454660e+00
    endloop
  endfacet
  facet normal 7.424094e-19 -6.981870e-01 7.159154e-01
    outer loop
      vertex   1.114880e+02 -9.250874e+00 1.442684e+00
      vertex   1.114880e+02 -9.238594e+00 1.454660e+00
      vertex   1.111260e+02 -9.238594e+00 1.454660e+00
    endloop
  endfacet
  facet normal 0.000000e+00 -8.102679e-01 5.860597e-01
    outer loop
      vertex   1.111260e+02 -9.238594e+00 1.454660e+00
      vertex   1.114880e+02 -9.238594e+00 1.454660e+00
      vertex   1.111260e+02 -9.228541e+00 1.468560e+00
    endloop
  endfacet
  facet normal -3.974415e-15 -8.102679e-01 5.860597e-01
    outer loop
      vertex   1.111260e+02 -9.238594e+00 1.454660e+00
      vertex   1.111260e+02 -9.228541e+00 1.468560e+00
      vertex   1.107640e+02 -9.228541e+00 1.468560e+00
    endloop
  endfacet
  facet normal -4.409030e-15 -8.985069e-01 4.389593e-01
    outer loop
      vertex   1.107640e+02 -9.228541e+00 1.468560e+00
      vertex   1.111260e+02 -9.228541e+00 1.468560e+00
      vertex   1.107640e+02 -9.221011e+00 1.483972e+00
    endloop
  endfacet
  facet normal -2.685113e-16 -8.985069e-01 4.389593e-01
    outer loop
      vertex   1.107640e+02 -9.228541e+00 1.468560e+00
      vertex   1.107640e+02 -9.221011e+00 1.483972e+00
      vertex   1.104020e+02 -9.221011e+00 1.483972e+00
    endloop
  endfacet
  facet normal -1.710987e-16 -9.603077e-01 2.789428e-01
    outer loop
      vertex   1.104020e+02 -9.221011e+00 1.483972e+00
      vertex   1.107640e+02 -9.221011e+00 1.483972e+00
      vertex   1.104020e+02 -9.216226e+00 1.500445e+00
    endloop
  endfacet
  facet normal 1.774955e-19 -9.603077e-01 2.789428e-01
    outer loop
      vertex   1.104020e+02 -9.221011e+00 1.483972e+00
      vertex   1.104020e+02 -9.216226e+00 1.500445e+00
      vertex   1.100400e+02 -9.216226e+00 1.500445e+00
    endloop
  endfacet
  facet normal 0.000000e+00 -9.938518e-01 1.107184e-01
    outer loop
      vertex   1.100400e+02 -9.216226e+00 1.500445e+00
      vertex   1.104020e+02 -9.216226e+00 1.500445e+00
      vertex   1.100400e+02 -9.214327e+00 1.517493e+00
    endloop
  endfacet
  facet normal 6.830251e-17 -9.938518e-01 1.107184e-01
    outer loop
      vertex   1.100400e+02 -9.216226e+00 1.500445e+00
      vertex   1.100400e+02 -9.214327e+00 1.517493e+00
      vertex   1.096780e+02 -9.214327e+00 1.517493e+00
    endloop
  endfacet
  facet normal -3.727145e-17 -9.981522e-01 -6.076377e-02
    outer loop
      vertex   1.096780e+02 -9.214327e+00 1.517493e+00
      vertex   1.100400e+02 -9.214327e+00 1.517493e+00
      vertex   1.096780e+02 -9.215369e+00 1.534615e+00
    endloop
  endfacet
  facet normal -1.837512e-19 -9.981522e-01 -6.076377e-02
    outer loop
      vertex   1.096780e+02 -9.214327e+00 1.517493e+00
      vertex   1.096780e+02 -9.215369e+00 1.534615e+00
      vertex   1.093160e+02 -9.215369e+00 1.534615e+00
    endloop
  endfacet
  facet normal 0.000000e+00 -9.730823e-01 -2.304580e-01
    outer loop
      vertex   1.093160e+02 -9.215369e+00 1.534615e+00
      vertex   1.096780e+02 -9.215369e+00 1.534615e+00
      vertex   1.064200e+02 -9.219322e+00 1.551307e+00
    endloop
  endfacet
  facet normal -0.000000e+00 -9.730823e-01 -2.304580e-01
    outer loop
      vertex   1.093160e+02 -9.215369e+00 1.534615e+00
      vertex   1.064200e+02 -9.219322e+00 1.551307e+00
      vertex   1.089540e+02 -9.215369e+00 1.534615e+00
    endloop
  endfacet
  facet normal -2.827180e-16 -9.730823e-01 -2.304580e-01
    outer loop
      vertex   1.089540e+02 -9.215369e+00 1.534615e+00
      vertex   1.064200e+02 -9.219322e+00 1.551307e+00
      vertex   1.085920e+02 -9.215369e+00 1.534615e+00
    endloop
  endfacet
  facet normal -7.454291e-17 -9.981522e-01 -6.076377e-02
    outer loop
      vertex   1.089540e+02 -9.215369e+00 1.534615e+00
      vertex   1.085920e+02 -9.215369e+00 1.534615e+00
      vertex   1.089540e+02 -9.214327e+00 1.517493e+00
    endloop
  endfacet
  facet normal -3.727145e-17 -9.981522e-01 -6.076377e-02
    outer loop
      vertex   1.089540e+02 -9.214327e+00 1.517493e+00
      vertex   1.085920e+02 -9.215369e+00 1.534615e+00
      vertex   1.085920e+02 -9.214327e+00 1.517493e+00
    endloop
  endfacet
  facet normal 6.791279e-17 -9.938518e-01 1.107184e-01
    outer loop
      vertex   1.089540e+02 -9.214327e+00 1.517493e+00
      vertex   1.085920e+02 -9.214327e+00 1.517493e+00
      vertex   1.089540e+02 -9.216226e+00 1.500445e+00
    endloop
  endfacet
  facet normal 6.791279e-17 -9.938518e-01 1.107184e-01
    outer loop
      vertex   1.089540e+02 -9.216226e+00 1.500445e+00
      vertex   1.085920e+02 -9.214327e+00 1.517493e+00
      vertex   1.085920e+02 -9.216226e+00 1.500445e+00
    endloop
  endfacet
  facet normal 1.710987e-16 -9.603077e-01 2.789428e-01
    outer loop
      vertex   1.089540e+02 -9.216226e+00 1.500445e+00
      vertex   1.085920e+02 -9.216226e+00 1.500445e+00
      vertex   1.089540e+02 -9.221011e+00 1.483972e+00
    endloop
  endfacet
  facet normal 1.710987e-16 -9.603077e-01 2.789428e-01
    outer loop
      vertex   1.089540e+02 -9.221011e+00 1.483972e+00
      vertex   1.085920e+02 -9.216226e+00 1.500445e+00
      vertex   1.085920e+02 -9.221011e+00 1.483972e+00
    endloop
  endfacet
  facet normal 2.692501e-16 -8.985069e-01 4.389593e-01
    outer loop
      vertex   1.089540e+02 -9.221011e+00 1.483972e+00
      vertex   1.085920e+02 -9.221011e+00 1.483972e+00
      vertex   1.089540e+02 -9.228541e+00 1.468560e+00
    endloop
  endfacet
  facet normal 0.000000e+00 -8.985069e-01 4.389593e-01
    outer loop
      vertex   1.089540e+02 -9.228541e+00 1.468560e+00
      vertex   1.085920e+02 -9.221011e+00 1.483972e+00
      vertex   1.085920e+02 -9.228541e+00 1.468560e+00
    endloop
  endfacet
  facet normal 0.000000e+00 -8.102679e-01 5.860597e-01
    outer loop
      vertex   1.089540e+02 -9.228541e+00 1.468560e+00
      vertex   1.085920e+02 -9.228541e+00 1.468560e+00
      vertex   1.089540e+02 -9.238594e+00 1.454660e+00
    endloop
  endfacet
  facet normal 0.000000e+00 -8.102679e-01 5.860597e-01
    outer loop
      vertex   1.089540e+02 -9.238594e+00 1.454660e+00
      vertex   1.085920e+02 -9.228541e+00 1.468560e+00
      vertex   1.085920e+02 -9.238594e+00 1.454660e+00
    endloop
  endfacet
  facet normal 0.000000e+00 -6.981870e-01 7.159154e-01
    outer loop
      vertex   1.089540e+02 -9.238594e+00 1.454660e+00
      vertex   1.085920e+02 -9.238594e+00 1.454660e+00
      vertex   1.089540e+02 -9.250874e+00 1.442684e+00
    endloop
  endfacet
  facet normal 0.000000e+00 -6.981870e-01 7.159154e-01
    outer loop
      vertex   1.089540e+02 -9.250874e+00 1.442684e+00
      vertex   1.085920e+02 -9.238594e+00 1.454660e+00
      vertex   1.085920e+02 -9.250874e+00 1.442684e+00
    endloop
  endfacet
  facet normal 0.000000e+00 -5.655623e-01 8.247056e-01
    outer loop
      vertex   1.089540e+02 -9.250874e+00 1.442684e+00
      vertex   1.085920e+02 -9.250874e+00 1.442684e+00
      vertex   1.089540e+02 -9.265021e+00 1.432983e+00
    endloop
  endfacet
  facet normal 0.000000e+00 -5.655623e-01 8.247056e-01
    outer loop
      vertex   1.089540e+02 -9.265021e+00 1.432983e+00
      vertex   1.085920e+02 -9.250874e+00 1.442684e+00
      vertex   1.085920e+02 -9.265021e+00 1.432983e+00
    endloop
  endfacet
  facet normal 0.000000e+00 -4.162960e-01 9.092291e-01
    outer loop
      vertex   1.089540e+02 -9.265021e+00 1.432983e+00
      vertex   1.085920e+02 -9.265021e+00 1.432983e+00
      vertex   1.089540e+02 -9.280618e+00 1.425842e+00
    endloop
  endfacet
  facet normal 0.000000e+00 -4.162960e-01 9.092291e-01
    outer loop
      vertex   1.089540e+02 -9.280618e+00 1.425842e+00
      vertex   1.085920e+02 -9.265021e+00 1.432983e+00
      vertex   1.085920e+02 -9.280618e+00 1.425842e+00
    endloop
  endfacet
  facet normal 0.000000e+00 -2.547805e-01 9.669989e-01
    outer loop
      vertex   1.089540e+02 -9.280618e+00 1.425842e+00
      vertex   1.085920e+02 -9.280618e+00 1.425842e+00
      vertex   1.089540e+02 -9.297205e+00 1.421471e+00
    endloop
  endfacet
  facet normal 0.000000e+00 -2.547805e-01 9.669989e-01
    outer loop
      vertex   1.089540e+02 -9.297205e+00 1.421471e+00
      vertex   1.085920e+02 -9.280618e+00 1.425842e+00
      vertex   1.085920e+02 -9.297205e+00 1.421471e+00
    endloop
  endfacet
  facet normal 0.000000e+00 -8.576805e-02 9.963151e-01
    outer loop
      vertex   1.089540e+02 -9.297205e+00 1.421471e+00
      vertex   1.085920e+02 -9.297205e+00 1.421471e+00
      vertex   1.064200e+02 -9.314296e+00 1.420000e+00
    endloop
  endfacet
  facet normal 1.521491e-19 -8.576805e-02 9.963151e-01
    outer loop
      vertex   1.064200e+02 -9.314296e+00 1.420000e+00
      vertex   1.085920e+02 -9.297205e+00 1.421471e+00
      vertex   1.082300e+02 -9.297205e+00 1.421471e+00
    endloop
  endfacet
  facet normal -6.109705e-16 -8.576805e-02 9.963151e-01
    outer loop
      vertex   1.064200e+02 -9.314296e+00 1.420000e+00
      vertex   1.082300e+02 -9.297205e+00 1.421471e+00
      vertex   1.078680e+02 -9.297205e+00 1.421471e+00
    endloop
  endfacet
  facet normal -5.931406e-16 -2.547805e-01 9.669989e-01
    outer loop
      vertex   1.078680e+02 -9.297205e+00 1.421471e+00
      vertex   1.082300e+02 -9.297205e+00 1.421471e+00
      vertex   1.078680e+02 -9.280618e+00 1.425842e+00
    endloop
  endfacet
  facet normal 1.060478e-18 -2.547805e-01 9.669989e-01
    outer loop
      vertex   1.078680e+02 -9.297205e+00 1.421471e+00
      vertex   1.078680e+02 -9.280618e+00 1.425842e+00
      vertex   1.075060e+02 -9.280618e+00 1.425842e+00
    endloop
  endfacet
  facet normal 0.000000e+00 -4.162960e-01 9.092291e-01
    outer loop
      vertex   1.075060e+02 -9.280618e+00 1.425842e+00
      vertex   1.078680e+02 -9.280618e+00 1.425842e+00
      vertex   1.075060e+02 -9.265021e+00 1.432983e+00
    endloop
  endfacet
  facet normal -6.459056e-19 -4.162960e-01 9.092291e-01
    outer loop
      vertex   1.075060e+02 -9.280618e+00 1.425842e+00
      vertex   1.075060e+02 -9.265021e+00 1.432983e+00
      vertex   1.071440e+02 -9.265021e+00 1.432983e+00
    endloop
  endfacet
  facet normal 0.000000e+00 -5.655623e-01 8.247056e-01
    outer loop
      vertex   1.071440e+02 -9.265021e+00 1.432983e+00
      vertex   1.075060e+02 -9.265021e+00 1.432983e+00
      vertex   1.071440e+02 -9.250874e+00 1.442684e+00
    endloop
  endfacet
  facet normal -5.055303e-16 -5.655623e-01 8.247056e-01
    outer loop
      vertex   1.071440e+02 -9.265021e+00 1.432983e+00
      vertex   1.071440e+02 -9.250874e+00 1.442684e+00
      vertex   1.067820e+02 -9.250874e+00 1.442684e+00
    endloop
  endfacet
  facet normal -4.391303e-16 -6.981870e-01 7.159154e-01
    outer loop
      vertex   1.067820e+02 -9.250874e+00 1.442684e+00
      vertex   1.071440e+02 -9.250874e+00 1.442684e+00
      vertex   1.067820e+02 -9.238594e+00 1.454660e+00
    endloop
  endfacet
  facet normal 4.381360e-16 -6.981870e-01 7.159154e-01
    outer loop
      vertex   1.067820e+02 -9.250874e+00 1.442684e+00
      vertex   1.067820e+02 -9.238594e+00 1.454660e+00
      vertex   1.064200e+02 -9.238594e+00 1.454660e+00
    endloop
  endfacet
  facet normal 3.594790e-16 -8.102679e-01 5.860597e-01
    outer loop
      vertex   1.064200e+02 -9.238594e+00 1.454660e+00
      vertex   1.067820e+02 -9.238594e+00 1.454660e+00
      vertex   1.064200e+02 -9.228541e+00 1.468560e+00
    endloop
  endfacet
  facet normal 0.000000e+00 -8.102679e-01 5.860597e-01
    outer loop
      vertex   1.064200e+02 -9.228541e+00 1.468560e+00
      vertex   1.067820e+02 -9.238594e+00 1.454660e+00
      vertex   1.067820e+02 -9.228541e+00 1.468560e+00
    endloop
  endfacet
  facet normal 0.000000e+00 -8.985069e-01 4.389593e-01
    outer loop
      vertex   1.064200e+02 -9.228541e+00 1.468560e+00
      vertex   1.067820e+02 -9.228541e+00 1.468560e+00
      vertex   1.064200e+02 -9.221011e+00 1.483972e+00
    endloop
  endfacet
  facet normal 2.692501e-16 -8.985069e-01 4.389593e-01
    outer loop
      vertex   1.064200e+02 -9.221011e+00 1.483972e+00
      vertex   1.067820e+02 -9.228541e+00 1.468560e+00
      vertex   1.067820e+02 -9.221011e+00 1.483972e+00
    endloop
  endfacet
  facet normal 1.710987e-16 -9.603077e-01 2.789428e-01
    outer loop
      vertex   1.064200e+02 -9.221011e+00 1.483972e+00
      vertex   1.067820e+02 -9.221011e+00 1.483972e+00
      vertex   1.064200e+02 -9.216226e+00 1.500445e+00
    endloop
  endfacet
  facet normal 0.000000e+00 -9.603077e-01 2.789428e-01
    outer loop
      vertex   1.064200e+02 -9.216226e+00 1.500445e+00
      vertex   1.067820e+02 -9.221011e+00 1.483972e+00
      vertex   1.067820e+02 -9.216226e+00 1.500445e+00
    endloop
  endfacet
  facet normal 0.000000e+00 -9.938518e-01 1.107184e-01
    outer loop
      vertex   1.064200e+02 -9.216226e+00 1.500445e+00
      vertex   1.067820e+02 -9.216226e+00 1.500445e+00
      vertex   1.064200e+02 -9.214327e+00 1.517493e+00
    endloop
  endfacet
  facet normal 6.791279e-17 -9.938518e-01 1.107184e-01
    outer loop
      vertex   1.064200e+02 -9.214327e+00 1.517493e+00
      vertex   1.067820e+02 -9.216226e+00 1.500445e+00
      vertex   1.067820e+02 -9.214327e+00 1.517493e+00
    endloop
  endfacet
  facet normal -3.727145e-17 -9.981522e-01 -6.076377e-02
    outer loop
      vertex   1.064200e+02 -9.214327e+00 1.517493e+00
      vertex   1.067820e+02 -9.214327e+00 1.517493e+00
      vertex   1.064200e+02 -9.215369e+00 1.534615e+00
    endloop
  endfacet
  facet normal 0.000000e+00 -9.981522e-01 -6.076377e-02
    outer loop
      vertex   1.064200e+02 -9.215369e+00 1.534615e+00
      vertex   1.067820e+02 -9.214327e+00 1.517493e+00
      vertex   1.067820e+02 -9.215369e+00 1.534615e+00
    endloop
  endfacet
  facet normal 0.000000e+00 -9.730823e-01 -2.304580e-01
    outer loop
      vertex   1.064200e+02 -9.215369e+00 1.534615e+00
      vertex   1.067820e+02 -9.215369e+00 1.534615e+00
      vertex   1.064200e+02 -9.219322e+00 1.551307e+00
    endloop
  endfacet
  facet normal 4.617159e-19 -9.730823e-01 -2.304580e-01
    outer loop
      vertex   1.064200e+02 -9.219322e+00 1.551307e+00
      vertex   1.067820e+02 -9.215369e+00 1.534615e+00
      vertex   1.071440e+02 -9.215369e+00 1.534615e+00
    endloop
  endfacet
  facet normal 4.617159e-19 -9.730823e-01 -2.304580e-01
    outer loop
      vertex   1.064200e+02 -9.219322e+00 1.551307e+00
      vertex   1.071440e+02 -9.215369e+00 1.534615e+00
      vertex   1.075060e+02 -9.215369e+00 1.534615e+00
    endloop
  endfacet
  facet normal -0.000000e+00 -9.981522e-01 -6.076377e-02
    outer loop
      vertex   1.075060e+02 -9.215369e+00 1.534615e+00
      vertex   1.071440e+02 -9.215369e+00 1.534615e+00
      vertex   1.075060e+02 -9.214327e+00 1.517493e+00
    endloop
  endfacet
  facet normal -3.724716e-17 -9.981522e-01 -6.076377e-02
    outer loop
      vertex   1.075060e+02 -9.215369e+00 1.534615e+00
      vertex   1.075060e+02 -9.214327e+00 1.517493e+00
      vertex   1.078680e+02 -9.214327e+00 1.517493e+00
    endloop
  endfacet
  facet normal 6.791279e-17 -9.938518e-01 1.107184e-01
    outer loop
      vertex   1.078680e+02 -9.214327e+00 1.517493e+00
      vertex   1.075060e+02 -9.214327e+00 1.517493e+00
      vertex   1.078680e+02 -9.216226e+00 1.500445e+00
    endloop
  endfacet
  facet normal 1.347313e-19 -9.938518e-01 1.107184e-01
    outer loop
      vertex   1.078680e+02 -9.214327e+00 1.517493e+00
      vertex   1.078680e+02 -9.216226e+00 1.500445e+00
      vertex   1.082300e+02 -9.216226e+00 1.500445e+00
    endloop
  endfacet
  facet normal 0.000000e+00 -9.603077e-01 2.789428e-01
    outer loop
      vertex   1.082300e+02 -9.216226e+00 1.500445e+00
      vertex   1.078680e+02 -9.216226e+00 1.500445e+00
      vertex   1.082300e+02 -9.221011e+00 1.483972e+00
    endloop
  endfacet
  facet normal 1.774955e-19 -9.603077e-01 2.789428e-01
    outer loop
      vertex   1.082300e+02 -9.216226e+00 1.500445e+00
      vertex   1.082300e+02 -9.221011e+00 1.483972e+00
      vertex   1.085920e+02 -9.221011e+00 1.483972e+00
    endloop
  endfacet
  facet normal 0.000000e+00 -8.985069e-01 4.389593e-01
    outer loop
      vertex   1.085920e+02 -9.221011e+00 1.483972e+00
      vertex   1.082300e+02 -9.221011e+00 1.483972e+00
      vertex   1.085920e+02 -9.228541e+00 1.468560e+00
    endloop
  endfacet
  facet normal 1.779422e-15 -2.547805e-01 9.669989e-01
    outer loop
      vertex   1.132980e+02 -9.297205e+00 1.421471e+00
      vertex   1.136600e+02 -9.297205e+00 1.421471e+00
      vertex   1.132980e+02 -9.280618e+00 1.425842e+00
    endloop
  endfacet
  facet normal 1.186281e-15 -2.547805e-01 9.669989e-01
    outer loop
      vertex   1.132980e+02 -9.280618e+00 1.425842e+00
      vertex   1.136600e+02 -9.297205e+00 1.421471e+00
      vertex   1.136600e+02 -9.280618e+00 1.425842e+00
    endloop
  endfacet
  facet normal 1.115411e-15 -4.162960e-01 9.092291e-01
    outer loop
      vertex   1.132980e+02 -9.280618e+00 1.425842e+00
      vertex   1.136600e+02 -9.280618e+00 1.425842e+00
      vertex   1.132980e+02 -9.265021e+00 1.432983e+00
    endloop
  endfacet
  facet normal 1.673117e-15 -4.162960e-01 9.092291e-01
    outer loop
      vertex   1.132980e+02 -9.265021e+00 1.432983e+00
      vertex   1.136600e+02 -9.280618e+00 1.425842e+00
      vertex   1.136600e+02 -9.265021e+00 1.432983e+00
    endloop
  endfacet
  facet normal 1.517581e-15 -5.655623e-01 8.247056e-01
    outer loop
      vertex   1.132980e+02 -9.265021e+00 1.432983e+00
      vertex   1.136600e+02 -9.265021e+00 1.432983e+00
      vertex   1.132980e+02 -9.250874e+00 1.442684e+00
    endloop
  endfacet
  facet normal 1.011721e-15 -5.655623e-01 8.247056e-01
    outer loop
      vertex   1.132980e+02 -9.250874e+00 1.442684e+00
      vertex   1.136600e+02 -9.265021e+00 1.432983e+00
      vertex   1.136600e+02 -9.250874e+00 1.442684e+00
    endloop
  endfacet
  facet normal 8.782605e-16 -6.981870e-01 7.159154e-01
    outer loop
      vertex   1.132980e+02 -9.250874e+00 1.442684e+00
      vertex   1.136600e+02 -9.250874e+00 1.442684e+00
      vertex   1.132980e+02 -9.238594e+00 1.454660e+00
    endloop
  endfacet
  facet normal 5.182569e-15 -6.981870e-01 7.159154e-01
    outer loop
      vertex   1.132980e+02 -9.238594e+00 1.454660e+00
      vertex   1.136600e+02 -9.250874e+00 1.442684e+00
      vertex   1.136600e+02 -9.238594e+00 1.454660e+00
    endloop
  endfacet
  facet normal 5.413952e-15 -8.102679e-01 5.860597e-01
    outer loop
      vertex   1.132980e+02 -9.238594e+00 1.454660e+00
      vertex   1.136600e+02 -9.238594e+00 1.454660e+00
      vertex   1.132980e+02 -9.228541e+00 1.468560e+00
    endloop
  endfacet
  facet normal 4.694994e-15 -8.102679e-01 5.860597e-01
    outer loop
      vertex   1.132980e+02 -9.228541e+00 1.468560e+00
      vertex   1.136600e+02 -9.238594e+00 1.454660e+00
      vertex   1.136600e+02 -9.228541e+00 1.468560e+00
    endloop
  endfacet
  facet normal 4.947530e-15 -8.985069e-01 4.389593e-01
    outer loop
      vertex   1.132980e+02 -9.228541e+00 1.468560e+00
      vertex   1.136600e+02 -9.228541e+00 1.468560e+00
      vertex   1.132980e+02 -9.221011e+00 1.483972e+00
    endloop
  endfacet
  facet normal 2.692501e-16 -8.985069e-01 4.389593e-01
    outer loop
      vertex   1.132980e+02 -9.221011e+00 1.483972e+00
      vertex   1.136600e+02 -9.228541e+00 1.468560e+00
      vertex   1.136600e+02 -9.221011e+00 1.483972e+00
    endloop
  endfacet
  facet normal 1.710987e-16 -9.603077e-01 2.789428e-01
    outer loop
      vertex   1.132980e+02 -9.221011e+00 1.483972e+00
      vertex   1.136600e+02 -9.221011e+00 1.483972e+00
      vertex   1.132980e+02 -9.216226e+00 1.500445e+00
    endloop
  endfacet
  facet normal 0.000000e+00 -9.603077e-01 2.789428e-01
    outer loop
      vertex   1.132980e+02 -9.216226e+00 1.500445e+00
      vertex   1.136600e+02 -9.221011e+00 1.483972e+00
      vertex   1.136600e+02 -9.216226e+00 1.500445e+00
    endloop
  endfacet
  facet normal 0.000000e+00 -9.938518e-01 1.107184e-01
    outer loop
      vertex   1.132980e+02 -9.216226e+00 1.500445e+00
      vertex   1.136600e+02 -9.216226e+00 1.500445e+00
      vertex   1.132980e+02 -9.214327e+00 1.517493e+00
    endloop
  endfacet
  facet normal 0.000000e+00 -9.938518e-01 1.107184e-01
    outer loop
      vertex   1.132980e+02 -9.214327e+00 1.517493e+00
      vertex   1.136600e+02 -9.216226e+00 1.500445e+00
      vertex   1.136600e+02 -9.214327e+00 1.517493e+00
    endloop
  endfacet
  facet normal 0.000000e+00 -9.981522e-01 -6.076377e-02
    outer loop
      vertex   1.132980e+02 -9.214327e+00 1.517493e+00
      vertex   1.136600e+02 -9.214327e+00 1.517493e+00
      vertex   1.132980e+02 -9.215369e+00 1.534615e+00
    endloop
  endfacet
  facet normal -3.727145e-17 -9.981522e-01 -6.076377e-02
    outer loop
      vertex   1.132980e+02 -9.215369e+00 1.534615e+00
      vertex   1.136600e+02 -9.214327e+00 1.517493e+00
      vertex   1.136600e+02 -9.215369e+00 1.534615e+00
    endloop
  endfacet
  facet normal -1.413590e-16 -9.730823e-01 -2.304580e-01
    outer loop
      vertex   1.132980e+02 -9.215369e+00 1.534615e+00
      vertex   1.136600e+02 -9.215369e+00 1.534615e+00
      vertex   1.136600e+02 -9.219322e+00 1.551307e+00
    endloop
  endfacet
  facet normal 7.067950e-17 -9.730823e-01 -2.304580e-01
    outer loop
      vertex   1.064200e+02 -9.219322e+00 1.551307e+00
      vertex   1.100400e+02 -9.215369e+00 1.534615e+00
      vertex   1.136600e+02 -9.219322e+00 1.551307e+00
    endloop
  endfacet
  facet normal -3.622911e-20 -9.730823e-01 -2.304580e-01
    outer loop
      vertex   1.136600e+02 -9.219322e+00 1.551307e+00
      vertex   1.100400e+02 -9.215369e+00 1.534615e+00
      vertex   1.104020e+02 -9.215369e+00 1.534615e+00
    endloop
  endfacet
  facet normal -3.622911e-20 -9.730823e-01 -2.304580e-01
    outer loop
      vertex   1.136600e+02 -9.219322e+00 1.551307e+00
      vertex   1.104020e+02 -9.215369e+00 1.534615e+00
      vertex   1.107640e+02 -9.215369e+00 1.534615e+00
    endloop
  endfacet
  facet normal -0.000000e+00 -9.981522e-01 -6.076377e-02
    outer loop
      vertex   1.107640e+02 -9.215369e+00 1.534615e+00
      vertex   1.104020e+02 -9.215369e+00 1.534615e+00
      vertex   1.107640e+02 -9.214327e+00 1.517493e+00
    endloop
  endfacet
  facet normal -3.745521e-17 -9.981522e-01 -6.076377e-02
    outer loop
      vertex   1.107640e+02 -9.215369e+00 1.534615e+00
      vertex   1.107640e+02 -9.214327e+00 1.517493e+00
      vertex   1.111260e+02 -9.214327e+00 1.517493e+00
    endloop
  endfacet
  facet normal 6.791279e-17 -9.938518e-01 1.107184e-01
    outer loop
      vertex   1.111260e+02 -9.214327e+00 1.517493e+00
      vertex   1.107640e+02 -9.214327e+00 1.517493e+00
      vertex   1.111260e+02 -9.216226e+00 1.500445e+00
    endloop
  endfacet
  facet normal 3.897183e-19 -9.938518e-01 1.107184e-01
    outer loop
      vertex   1.111260e+02 -9.214327e+00 1.517493e+00
      vertex   1.111260e+02 -9.216226e+00 1.500445e+00
      vertex   1.114880e+02 -9.216226e+00 1.500445e+00
    endloop
  endfacet
  facet normal 0.000000e+00 -9.603077e-01 2.789428e-01
    outer loop
      vertex   1.114880e+02 -9.216226e+00 1.500445e+00
      vertex   1.111260e+02 -9.216226e+00 1.500445e+00
      vertex   1.114880e+02 -9.221011e+00 1.483972e+00
    endloop
  endfacet
  facet normal 1.774955e-19 -9.603077e-01 2.789428e-01
    outer loop
      vertex   1.114880e+02 -9.216226e+00 1.500445e+00
      vertex   1.114880e+02 -9.221011e+00 1.483972e+00
      vertex   1.118500e+02 -9.221011e+00 1.483972e+00
    endloop
  endfacet
  facet normal 0.000000e+00 -8.985069e-01 4.389593e-01
    outer loop
      vertex   1.118500e+02 -9.221011e+00 1.483972e+00
      vertex   1.114880e+02 -9.221011e+00 1.483972e+00
      vertex   1.118500e+02 -9.228541e+00 1.468560e+00
    endloop
  endfacet
  facet normal -2.689520e-16 -8.985069e-01 4.389593e-01
    outer loop
      vertex   1.118500e+02 -9.221011e+00 1.483972e+00
      vertex   1.118500e+02 -9.228541e+00 1.468560e+00
      vertex   1.122120e+02 -9.228541e+00 1.468560e+00
    endloop
  endfacet
  facet normal -3.594790e-16 -8.102679e-01 5.860597e-01
    outer loop
      vertex   1.122120e+02 -9.228541e+00 1.468560e+00
      vertex   1.118500e+02 -9.228541e+00 1.468560e+00
      vertex   1.122120e+02 -9.238594e+00 1.454660e+00
    endloop
  endfacet
  facet normal -1.196663e-18 -8.102679e-01 5.860597e-01
    outer loop
      vertex   1.122120e+02 -9.228541e+00 1.468560e+00
      vertex   1.122120e+02 -9.238594e+00 1.454660e+00
      vertex   1.125740e+02 -9.238594e+00 1.454660e+00
    endloop
  endfacet
  facet normal 0.000000e+00 -6.981870e-01 7.159154e-01
    outer loop
      vertex   1.125740e+02 -9.238594e+00 1.454660e+00
      vertex   1.122120e+02 -9.238594e+00 1.454660e+00
      vertex   1.125740e+02 -9.250874e+00 1.442684e+00
    endloop
  endfacet
  facet normal -1.393602e-18 -6.981870e-01 7.159154e-01
    outer loop
      vertex   1.125740e+02 -9.238594e+00 1.454660e+00
      vertex   1.125740e+02 -9.250874e+00 1.442684e+00
      vertex   1.129360e+02 -9.250874e+00 1.442684e+00
    endloop
  endfacet
  facet normal 0.000000e+00 -5.655623e-01 8.247056e-01
    outer loop
      vertex   1.129360e+02 -9.250874e+00 1.442684e+00
      vertex   1.125740e+02 -9.250874e+00 1.442684e+00
      vertex   1.129360e+02 -9.265021e+00 1.432983e+00
    endloop
  endfacet
  facet normal -5.050484e-16 -5.655623e-01 8.247056e-01
    outer loop
      vertex   1.129360e+02 -9.250874e+00 1.442684e+00
      vertex   1.129360e+02 -9.265021e+00 1.432983e+00
      vertex   1.132980e+02 -9.265021e+00 1.432983e+00
    endloop
  endfacet
  facet normal -5.577056e-16 -4.162960e-01 9.092291e-01
    outer loop
      vertex   1.132980e+02 -9.265021e+00 1.432983e+00
      vertex   1.129360e+02 -9.265021e+00 1.432983e+00
      vertex   1.132980e+02 -9.280618e+00 1.425842e+00
    endloop
  endfacet
  facet normal 1.315505e-15 -6.981870e-01 7.159154e-01
    outer loop
      vertex   1.064200e+02 -9.238594e+00 1.454660e+00
      vertex   1.064200e+02 -9.250874e+00 1.442684e+00
      vertex   1.067820e+02 -9.250874e+00 1.442684e+00
    endloop
  endfacet
  facet normal 1.517581e-15 -5.655623e-01 8.247056e-01
    outer loop
      vertex   1.067820e+02 -9.250874e+00 1.442684e+00
      vertex   1.064200e+02 -9.250874e+00 1.442684e+00
      vertex   1.067820e+02 -9.265021e+00 1.432983e+00
    endloop
  endfacet
  facet normal -5.055303e-16 -5.655623e-01 8.247056e-01
    outer loop
      vertex   1.067820e+02 -9.250874e+00 1.442684e+00
      vertex   1.067820e+02 -9.265021e+00 1.432983e+00
      vertex   1.071440e+02 -9.265021e+00 1.432983e+00
    endloop
  endfacet
  facet normal -5.577056e-16 -4.162960e-01 9.092291e-01
    outer loop
      vertex   1.071440e+02 -9.265021e+00 1.432983e+00
      vertex   1.067820e+02 -9.265021e+00 1.432983e+00
      vertex   1.071440e+02 -9.280618e+00 1.425842e+00
    endloop
  endfacet
  facet normal -6.459056e-19 -4.162960e-01 9.092291e-01
    outer loop
      vertex   1.071440e+02 -9.265021e+00 1.432983e+00
      vertex   1.071440e+02 -9.280618e+00 1.425842e+00
      vertex   1.075060e+02 -9.280618e+00 1.425842e+00
    endloop
  endfacet
  facet normal 0.000000e+00 -2.547805e-01 9.669989e-01
    outer loop
      vertex   1.075060e+02 -9.280618e+00 1.425842e+00
      vertex   1.071440e+02 -9.280618e+00 1.425842e+00
      vertex   1.075060e+02 -9.297205e+00 1.421471e+00
    endloop
  endfacet
  facet normal 1.060478e-18 -2.547805e-01 9.669989e-01
    outer loop
      vertex   1.075060e+02 -9.280618e+00 1.425842e+00
      vertex   1.075060e+02 -9.297205e+00 1.421471e+00
      vertex   1.078680e+02 -9.297205e+00 1.421471e+00
    endloop
  endfacet
  facet normal 0.000000e+00 -8.576805e-02 9.963151e-01
    outer loop
      vertex   1.078680e+02 -9.297205e+00 1.421471e+00
      vertex   1.075060e+02 -9.297205e+00 1.421471e+00
      vertex   1.064200e+02 -9.314296e+00 1.420000e+00
    endloop
  endfacet
  facet normal 1.517911e-15 -5.655623e-01 8.247056e-01
    outer loop
      vertex   1.064200e+02 -9.250874e+00 1.442684e+00
      vertex   1.064200e+02 -9.265021e+00 1.432983e+00
      vertex   1.067820e+02 -9.265021e+00 1.432983e+00
    endloop
  endfacet
  facet normal 1.673117e-15 -4.162960e-01 9.092291e-01
    outer loop
      vertex   1.067820e+02 -9.265021e+00 1.432983e+00
      vertex   1.064200e+02 -9.265021e+00 1.432983e+00
      vertex   1.067820e+02 -9.280618e+00 1.425842e+00
    endloop
  endfacet
  facet normal -5.583515e-16 -4.162960e-01 9.092291e-01
    outer loop
      vertex   1.067820e+02 -9.265021e+00 1.432983e+00
      vertex   1.067820e+02 -9.280618e+00 1.425842e+00
      vertex   1.071440e+02 -9.280618e+00 1.425842e+00
    endloop
  endfacet
  facet normal -5.931406e-16 -2.547805e-01 9.669989e-01
    outer loop
      vertex   1.071440e+02 -9.280618e+00 1.425842e+00
      vertex   1.067820e+02 -9.280618e+00 1.425842e+00
      vertex   1.071440e+02 -9.297205e+00 1.421471e+00
    endloop
  endfacet
  facet normal 1.060478e-18 -2.547805e-01 9.669989e-01
    outer loop
      vertex   1.071440e+02 -9.280618e+00 1.425842e+00
      vertex   1.071440e+02 -9.297205e+00 1.421471e+00
      vertex   1.075060e+02 -9.297205e+00 1.421471e+00
    endloop
  endfacet
  facet normal 0.000000e+00 -8.576805e-02 9.963151e-01
    outer loop
      vertex   1.075060e+02 -9.297205e+00 1.421471e+00
      vertex   1.071440e+02 -9.297205e+00 1.421471e+00
      vertex   1.064200e+02 -9.314296e+00 1.420000e+00
    endloop
  endfacet
  facet normal 1.672471e-15 -4.162960e-01 9.092291e-01
    outer loop
      vertex   1.064200e+02 -9.265021e+00 1.432983e+00
      vertex   1.064200e+02 -9.280618e+00 1.425842e+00
      vertex   1.067820e+02 -9.280618e+00 1.425842e+00
    endloop
  endfacet
  facet normal 1.779422e-15 -2.547805e-01 9.669989e-01
    outer loop
      vertex   1.067820e+02 -9.280618e+00 1.425842e+00
      vertex   1.064200e+02 -9.280618e+00 1.425842e+00
      vertex   1.067820e+02 -9.297205e+00 1.421471e+00
    endloop
  endfacet
  facet normal -5.920801e-16 -2.547805e-01 9.669989e-01
    outer loop
      vertex   1.067820e+02 -9.280618e+00 1.425842e+00
      vertex   1.067820e+02 -9.297205e+00 1.421471e+00
      vertex   1.071440e+02 -9.297205e+00 1.421471e+00
    endloop
  endfacet
  facet normal -6.111227e-16 -8.576805e-02 9.963151e-01
    outer loop
      vertex   1.071440e+02 -9.297205e+00 1.421471e+00
      vertex   1.067820e+02 -9.297205e+00 1.421471e+00
      vertex   1.064200e+02 -9.314296e+00 1.420000e+00
    endloop
  endfacet
  facet normal 1.780482e-15 -2.547805e-01 9.669989e-01
    outer loop
      vertex   1.064200e+02 -9.280618e+00 1.425842e+00
      vertex   1.064200e+02 -9.297205e+00 1.421471e+00
      vertex   1.067820e+02 -9.297205e+00 1.421471e+00
    endloop
  endfacet
  facet normal 1.833368e-15 -8.576805e-02 9.963151e-01
    outer loop
      vertex   1.067820e+02 -9.297205e+00 1.421471e+00
      vertex   1.064200e+02 -9.297205e+00 1.421471e+00
      vertex   1.064200e+02 -9.314296e+00 1.420000e+00
    endloop
  endfacet
  facet normal -3.055613e-16 -8.576805e-02 9.963151e-01
    outer loop
      vertex   1.136600e+02 -9.314296e+00 1.420000e+00
      vertex   1.100400e+02 -9.297205e+00 1.421471e+00
      vertex   1.064200e+02 -9.314296e+00 1.420000e+00
    endloop
  endfacet
  facet normal 1.720941e-19 -8.576805e-02 9.963151e-01
    outer loop
      vertex   1.064200e+02 -9.314296e+00 1.420000e+00
      vertex   1.100400e+02 -9.297205e+00 1.421471e+00
      vertex   1.096780e+02 -9.297205e+00 1.421471e+00
    endloop
  endfacet
  facet normal -6.109506e-16 -8.576805e-02 9.963151e-01
    outer loop
      vertex   1.064200e+02 -9.314296e+00 1.420000e+00
      vertex   1.096780e+02 -9.297205e+00 1.421471e+00
      vertex   1.093160e+02 -9.297205e+00 1.421471e+00
    endloop
  endfacet
  facet normal -5.931406e-16 -2.547805e-01 9.669989e-01
    outer loop
      vertex   1.093160e+02 -9.297205e+00 1.421471e+00
      vertex   1.096780e+02 -9.297205e+00 1.421471e+00
      vertex   1.093160e+02 -9.280618e+00 1.425842e+00
    endloop
  endfacet
  facet normal 1.185661e-15 -2.547805e-01 9.669989e-01
    outer loop
      vertex   1.093160e+02 -9.297205e+00 1.421471e+00
      vertex   1.093160e+02 -9.280618e+00 1.425842e+00
      vertex   1.089540e+02 -9.280618e+00 1.425842e+00
    endloop
  endfacet
  facet normal 1.115411e-15 -4.162960e-01 9.092291e-01
    outer loop
      vertex   1.089540e+02 -9.280618e+00 1.425842e+00
      vertex   1.093160e+02 -9.280618e+00 1.425842e+00
      vertex   1.089540e+02 -9.265021e+00 1.432983e+00
    endloop
  endfacet
  facet normal -5.931406e-16 -2.547805e-01 9.669989e-01
    outer loop
      vertex   1.129360e+02 -9.297205e+00 1.421471e+00
      vertex   1.132980e+02 -9.297205e+00 1.421471e+00
      vertex   1.129360e+02 -9.280618e+00 1.425842e+00
    endloop
  endfacet
  facet normal -5.931406e-16 -2.547805e-01 9.669989e-01
    outer loop
      vertex   1.129360e+02 -9.280618e+00 1.425842e+00
      vertex   1.132980e+02 -9.297205e+00 1.421471e+00
      vertex   1.132980e+02 -9.280618e+00 1.425842e+00
    endloop
  endfacet
  facet normal -5.577056e-16 -4.162960e-01 9.092291e-01
    outer loop
      vertex   1.129360e+02 -9.280618e+00 1.425842e+00
      vertex   1.132980e+02 -9.280618e+00 1.425842e+00
      vertex   1.129360e+02 -9.265021e+00 1.432983e+00
    endloop
  endfacet
  facet normal 6.111227e-16 -8.576805e-02 9.963151e-01
    outer loop
      vertex   1.125740e+02 -9.297205e+00 1.421471e+00
      vertex   1.122120e+02 -9.297205e+00 1.421471e+00
      vertex   1.136600e+02 -9.314296e+00 1.420000e+00
    endloop
  endfacet
  facet normal -6.112807e-16 -8.576805e-02 9.963151e-01
    outer loop
      vertex   1.136600e+02 -9.314296e+00 1.420000e+00
      vertex   1.122120e+02 -9.297205e+00 1.421471e+00
      vertex   1.118500e+02 -9.297205e+00 1.421471e+00
    endloop
  endfacet
  facet normal -1.779688e-19 -8.576805e-02 9.963151e-01
    outer loop
      vertex   1.136600e+02 -9.314296e+00 1.420000e+00
      vertex   1.118500e+02 -9.297205e+00 1.421471e+00
      vertex   1.114880e+02 -9.297205e+00 1.421471e+00
    endloop
  endfacet
  facet normal 0.000000e+00 -2.547805e-01 9.669989e-01
    outer loop
      vertex   1.114880e+02 -9.297205e+00 1.421471e+00
      vertex   1.118500e+02 -9.297205e+00 1.421471e+00
      vertex   1.114880e+02 -9.280618e+00 1.425842e+00
    endloop
  endfacet
  facet normal -6.199934e-19 -2.547805e-01 9.669989e-01
    outer loop
      vertex   1.114880e+02 -9.297205e+00 1.421471e+00
      vertex   1.114880e+02 -9.280618e+00 1.425842e+00
      vertex   1.111260e+02 -9.280618e+00 1.425842e+00
    endloop
  endfacet
  facet normal 0.000000e+00 -4.162960e-01 9.092291e-01
    outer loop
      vertex   1.111260e+02 -9.280618e+00 1.425842e+00
      vertex   1.114880e+02 -9.280618e+00 1.425842e+00
      vertex   1.111260e+02 -9.265021e+00 1.432983e+00
    endloop
  endfacet
  facet normal 4.816447e-19 -4.162960e-01 9.092291e-01
    outer loop
      vertex   1.111260e+02 -9.280618e+00 1.425842e+00
      vertex   1.111260e+02 -9.265021e+00 1.432983e+00
      vertex   1.107640e+02 -9.265021e+00 1.432983e+00
    endloop
  endfacet
  facet normal 0.000000e+00 -5.655623e-01 8.247056e-01
    outer loop
      vertex   1.107640e+02 -9.265021e+00 1.432983e+00
      vertex   1.111260e+02 -9.265021e+00 1.432983e+00
      vertex   1.107640e+02 -9.250874e+00 1.442684e+00
    endloop
  endfacet
  facet normal 1.293851e-18 -5.655623e-01 8.247056e-01
    outer loop
      vertex   1.107640e+02 -9.265021e+00 1.432983e+00
      vertex   1.107640e+02 -9.250874e+00 1.442684e+00
      vertex   1.104020e+02 -9.250874e+00 1.442684e+00
    endloop
  endfacet
  facet normal 0.000000e+00 -6.981870e-01 7.159154e-01
    outer loop
      vertex   1.104020e+02 -9.250874e+00 1.442684e+00
      vertex   1.107640e+02 -9.250874e+00 1.442684e+00
      vertex   1.104020e+02 -9.238594e+00 1.454660e+00
    endloop
  endfacet
  facet normal -1.885909e-18 -6.981870e-01 7.159154e-01
    outer loop
      vertex   1.104020e+02 -9.250874e+00 1.442684e+00
      vertex   1.104020e+02 -9.238594e+00 1.454660e+00
      vertex   1.100400e+02 -9.238594e+00 1.454660e+00
    endloop
  endfacet
  facet normal 0.000000e+00 -8.102679e-01 5.860597e-01
    outer loop
      vertex   1.100400e+02 -9.238594e+00 1.454660e+00
      vertex   1.104020e+02 -9.238594e+00 1.454660e+00
      vertex   1.100400e+02 -9.228541e+00 1.468560e+00
    endloop
  endfacet
  facet normal -1.196663e-18 -8.102679e-01 5.860597e-01
    outer loop
      vertex   1.100400e+02 -9.238594e+00 1.454660e+00
      vertex   1.100400e+02 -9.228541e+00 1.468560e+00
      vertex   1.096780e+02 -9.228541e+00 1.468560e+00
    endloop
  endfacet
  facet normal 0.000000e+00 -8.985069e-01 4.389593e-01
    outer loop
      vertex   1.096780e+02 -9.228541e+00 1.468560e+00
      vertex   1.100400e+02 -9.228541e+00 1.468560e+00
      vertex   1.096780e+02 -9.221011e+00 1.483972e+00
    endloop
  endfacet
  facet normal -2.685113e-16 -8.985069e-01 4.389593e-01
    outer loop
      vertex   1.096780e+02 -9.228541e+00 1.468560e+00
      vertex   1.096780e+02 -9.221011e+00 1.483972e+00
      vertex   1.093160e+02 -9.221011e+00 1.483972e+00
    endloop
  endfacet
  facet normal -1.710987e-16 -9.603077e-01 2.789428e-01
    outer loop
      vertex   1.093160e+02 -9.221011e+00 1.483972e+00
      vertex   1.096780e+02 -9.221011e+00 1.483972e+00
      vertex   1.093160e+02 -9.216226e+00 1.500445e+00
    endloop
  endfacet
  facet normal 1.774955e-19 -9.603077e-01 2.789428e-01
    outer loop
      vertex   1.093160e+02 -9.221011e+00 1.483972e+00
      vertex   1.093160e+02 -9.216226e+00 1.500445e+00
      vertex   1.089540e+02 -9.216226e+00 1.500445e+00
    endloop
  endfacet
  facet normal 0.000000e+00 -9.938518e-01 1.107184e-01
    outer loop
      vertex   1.089540e+02 -9.216226e+00 1.500445e+00
      vertex   1.093160e+02 -9.216226e+00 1.500445e+00
      vertex   1.089540e+02 -9.214327e+00 1.517493e+00
    endloop
  endfacet
  facet normal 5.931406e-16 -2.547805e-01 9.669989e-01
    outer loop
      vertex   1.125740e+02 -9.297205e+00 1.421471e+00
      vertex   1.122120e+02 -9.280618e+00 1.425842e+00
      vertex   1.122120e+02 -9.297205e+00 1.421471e+00
    endloop
  endfacet
  facet normal -5.937606e-16 -2.547805e-01 9.669989e-01
    outer loop
      vertex   1.122120e+02 -9.297205e+00 1.421471e+00
      vertex   1.122120e+02 -9.280618e+00 1.425842e+00
      vertex   1.118500e+02 -9.280618e+00 1.425842e+00
    endloop
  endfacet
  facet normal -5.931406e-16 -2.547805e-01 9.669989e-01
    outer loop
      vertex   1.122120e+02 -9.297205e+00 1.421471e+00
      vertex   1.118500e+02 -9.280618e+00 1.425842e+00
      vertex   1.118500e+02 -9.297205e+00 1.421471e+00
    endloop
  endfacet
  facet normal -6.199934e-19 -2.547805e-01 9.669989e-01
    outer loop
      vertex   1.118500e+02 -9.297205e+00 1.421471e+00
      vertex   1.118500e+02 -9.280618e+00 1.425842e+00
      vertex   1.114880e+02 -9.280618e+00 1.425842e+00
    endloop
  endfacet
  facet normal 0.000000e+00 -8.576805e-02 9.963151e-01
    outer loop
      vertex   1.114880e+02 -9.297205e+00 1.421471e+00
      vertex   1.111260e+02 -9.297205e+00 1.421471e+00
      vertex   1.136600e+02 -9.314296e+00 1.420000e+00
    endloop
  endfacet
  facet normal -1.779688e-19 -8.576805e-02 9.963151e-01
    outer loop
      vertex   1.136600e+02 -9.314296e+00 1.420000e+00
      vertex   1.111260e+02 -9.297205e+00 1.421471e+00
      vertex   1.107640e+02 -9.297205e+00 1.421471e+00
    endloop
  endfacet
  facet normal -1.222423e-15 -8.576805e-02 9.963151e-01
    outer loop
      vertex   1.136600e+02 -9.314296e+00 1.420000e+00
      vertex   1.107640e+02 -9.297205e+00 1.421471e+00
      vertex   1.104020e+02 -9.297205e+00 1.421471e+00
    endloop
  endfacet
  facet normal -1.186281e-15 -2.547805e-01 9.669989e-01
    outer loop
      vertex   1.104020e+02 -9.297205e+00 1.421471e+00
      vertex   1.107640e+02 -9.297205e+00 1.421471e+00
      vertex   1.104020e+02 -9.280618e+00 1.425842e+00
    endloop
  endfacet
  facet normal 1.060478e-18 -2.547805e-01 9.669989e-01
    outer loop
      vertex   1.104020e+02 -9.297205e+00 1.421471e+00
      vertex   1.104020e+02 -9.280618e+00 1.425842e+00
      vertex   1.100400e+02 -9.280618e+00 1.425842e+00
    endloop
  endfacet
  facet normal 0.000000e+00 -4.162960e-01 9.092291e-01
    outer loop
      vertex   1.100400e+02 -9.280618e+00 1.425842e+00
      vertex   1.104020e+02 -9.280618e+00 1.425842e+00
      vertex   1.100400e+02 -9.265021e+00 1.432983e+00
    endloop
  endfacet
  facet normal -6.839752e-19 -4.162960e-01 9.092291e-01
    outer loop
      vertex   1.100400e+02 -9.280618e+00 1.425842e+00
      vertex   1.100400e+02 -9.265021e+00 1.432983e+00
      vertex   1.096780e+02 -9.265021e+00 1.432983e+00
    endloop
  endfacet
  facet normal 0.000000e+00 -5.655623e-01 8.247056e-01
    outer loop
      vertex   1.096780e+02 -9.265021e+00 1.432983e+00
      vertex   1.100400e+02 -9.265021e+00 1.432983e+00
      vertex   1.096780e+02 -9.250874e+00 1.442684e+00
    endloop
  endfacet
  facet normal -1.011391e-15 -5.655623e-01 8.247056e-01
    outer loop
      vertex   1.096780e+02 -9.265021e+00 1.432983e+00
      vertex   1.096780e+02 -9.250874e+00 1.442684e+00
      vertex   1.093160e+02 -9.250874e+00 1.442684e+00
    endloop
  endfacet
  facet normal -8.782605e-16 -6.981870e-01 7.159154e-01
    outer loop
      vertex   1.093160e+02 -9.250874e+00 1.442684e+00
      vertex   1.096780e+02 -9.250874e+00 1.442684e+00
      vertex   1.093160e+02 -9.238594e+00 1.454660e+00
    endloop
  endfacet
  facet normal -9.942910e-19 -6.981870e-01 7.159154e-01
    outer loop
      vertex   1.093160e+02 -9.250874e+00 1.442684e+00
      vertex   1.093160e+02 -9.238594e+00 1.454660e+00
      vertex   1.089540e+02 -9.238594e+00 1.454660e+00
    endloop
  endfacet
  facet normal 0.000000e+00 -8.102679e-01 5.860597e-01
    outer loop
      vertex   1.089540e+02 -9.238594e+00 1.454660e+00
      vertex   1.093160e+02 -9.238594e+00 1.454660e+00
      vertex   1.089540e+02 -9.228541e+00 1.468560e+00
    endloop
  endfacet
  facet normal 0.000000e+00 -2.547805e-01 9.669989e-01
    outer loop
      vertex   1.114880e+02 -9.297205e+00 1.421471e+00
      vertex   1.111260e+02 -9.280618e+00 1.425842e+00
      vertex   1.111260e+02 -9.297205e+00 1.421471e+00
    endloop
  endfacet
  facet normal -6.199934e-19 -2.547805e-01 9.669989e-01
    outer loop
      vertex   1.111260e+02 -9.297205e+00 1.421471e+00
      vertex   1.111260e+02 -9.280618e+00 1.425842e+00
      vertex   1.107640e+02 -9.280618e+00 1.425842e+00
    endloop
  endfacet
  facet normal 0.000000e+00 -2.547805e-01 9.669989e-01
    outer loop
      vertex   1.111260e+02 -9.297205e+00 1.421471e+00
      vertex   1.107640e+02 -9.280618e+00 1.425842e+00
      vertex   1.107640e+02 -9.297205e+00 1.421471e+00
    endloop
  endfacet
  facet normal -5.937606e-16 -2.547805e-01 9.669989e-01
    outer loop
      vertex   1.107640e+02 -9.297205e+00 1.421471e+00
      vertex   1.107640e+02 -9.280618e+00 1.425842e+00
      vertex   1.104020e+02 -9.280618e+00 1.425842e+00
    endloop
  endfacet
  facet normal -4.208692e-16 -8.576805e-02 9.963151e-01
    outer loop
      vertex   1.100400e+02 -9.297205e+00 1.421471e+00
      vertex   1.136600e+02 -9.314296e+00 1.420000e+00
      vertex   1.104020e+02 -9.297205e+00 1.421471e+00
    endloop
  endfacet
  facet normal -1.250224e-15 -2.547805e-01 9.669989e-01
    outer loop
      vertex   1.104020e+02 -9.297205e+00 1.421471e+00
      vertex   1.100400e+02 -9.280618e+00 1.425842e+00
      vertex   1.100400e+02 -9.297205e+00 1.421471e+00
    endloop
  endfacet
  facet normal -1.249163e-15 -2.547805e-01 9.669989e-01
    outer loop
      vertex   1.100400e+02 -9.297205e+00 1.421471e+00
      vertex   1.100400e+02 -9.280618e+00 1.425842e+00
      vertex   1.096780e+02 -9.280618e+00 1.425842e+00
    endloop
  endfacet
  facet normal 0.000000e+00 -2.547805e-01 9.669989e-01
    outer loop
      vertex   1.100400e+02 -9.297205e+00 1.421471e+00
      vertex   1.096780e+02 -9.280618e+00 1.425842e+00
      vertex   1.096780e+02 -9.297205e+00 1.421471e+00
    endloop
  endfacet
  facet normal -1.185221e-15 -2.547805e-01 9.669989e-01
    outer loop
      vertex   1.096780e+02 -9.297205e+00 1.421471e+00
      vertex   1.096780e+02 -9.280618e+00 1.425842e+00
      vertex   1.093160e+02 -9.280618e+00 1.425842e+00
    endloop
  endfacet
  facet normal 0.000000e+00 -8.576805e-02 9.963151e-01
    outer loop
      vertex   1.089540e+02 -9.297205e+00 1.421471e+00
      vertex   1.064200e+02 -9.314296e+00 1.420000e+00
      vertex   1.093160e+02 -9.297205e+00 1.421471e+00
    endloop
  endfacet
  facet normal 5.584395e-19 -2.547805e-01 9.669989e-01
    outer loop
      vertex   1.089540e+02 -9.280618e+00 1.425842e+00
      vertex   1.089540e+02 -9.297205e+00 1.421471e+00
      vertex   1.093160e+02 -9.297205e+00 1.421471e+00
    endloop
  endfacet
  facet normal 0.000000e+00 -2.547805e-01 9.669989e-01
    outer loop
      vertex   1.082300e+02 -9.297205e+00 1.421471e+00
      vertex   1.085920e+02 -9.297205e+00 1.421471e+00
      vertex   1.082300e+02 -9.280618e+00 1.425842e+00
    endloop
  endfacet
  facet normal 0.000000e+00 -2.547805e-01 9.669989e-01
    outer loop
      vertex   1.082300e+02 -9.280618e+00 1.425842e+00
      vertex   1.085920e+02 -9.297205e+00 1.421471e+00
      vertex   1.085920e+02 -9.280618e+00 1.425842e+00
    endloop
  endfacet
  facet normal 0.000000e+00 -4.162960e-01 9.092291e-01
    outer loop
      vertex   1.082300e+02 -9.280618e+00 1.425842e+00
      vertex   1.085920e+02 -9.280618e+00 1.425842e+00
      vertex   1.082300e+02 -9.265021e+00 1.432983e+00
    endloop
  endfacet
  facet normal 0.000000e+00 -4.162960e-01 9.092291e-01
    outer loop
      vertex   1.082300e+02 -9.265021e+00 1.432983e+00
      vertex   1.085920e+02 -9.280618e+00 1.425842e+00
      vertex   1.085920e+02 -9.265021e+00 1.432983e+00
    endloop
  endfacet
  facet normal 0.000000e+00 -5.655623e-01 8.247056e-01
    outer loop
      vertex   1.082300e+02 -9.265021e+00 1.432983e+00
      vertex   1.085920e+02 -9.265021e+00 1.432983e+00
      vertex   1.082300e+02 -9.250874e+00 1.442684e+00
    endloop
  endfacet
  facet normal 0.000000e+00 -5.655623e-01 8.247056e-01
    outer loop
      vertex   1.082300e+02 -9.250874e+00 1.442684e+00
      vertex   1.085920e+02 -9.265021e+00 1.432983e+00
      vertex   1.085920e+02 -9.250874e+00 1.442684e+00
    endloop
  endfacet
  facet normal 0.000000e+00 -6.981870e-01 7.159154e-01
    outer loop
      vertex   1.082300e+02 -9.250874e+00 1.442684e+00
      vertex   1.085920e+02 -9.250874e+00 1.442684e+00
      vertex   1.082300e+02 -9.238594e+00 1.454660e+00
    endloop
  endfacet
  facet normal 0.000000e+00 -6.981870e-01 7.159154e-01
    outer loop
      vertex   1.082300e+02 -9.238594e+00 1.454660e+00
      vertex   1.085920e+02 -9.250874e+00 1.442684e+00
      vertex   1.085920e+02 -9.238594e+00 1.454660e+00
    endloop
  endfacet
  facet normal 0.000000e+00 -8.102679e-01 5.860597e-01
    outer loop
      vertex   1.082300e+02 -9.238594e+00 1.454660e+00
      vertex   1.085920e+02 -9.238594e+00 1.454660e+00
      vertex   1.082300e+02 -9.228541e+00 1.468560e+00
    endloop
  endfacet
  facet normal 0.000000e+00 -8.102679e-01 5.860597e-01
    outer loop
      vertex   1.082300e+02 -9.228541e+00 1.468560e+00
      vertex   1.085920e+02 -9.238594e+00 1.454660e+00
      vertex   1.085920e+02 -9.228541e+00 1.468560e+00
    endloop
  endfacet
  facet normal 0.000000e+00 -8.985069e-01 4.389593e-01
    outer loop
      vertex   1.082300e+02 -9.228541e+00 1.468560e+00
      vertex   1.085920e+02 -9.228541e+00 1.468560e+00
      vertex   1.082300e+02 -9.221011e+00 1.483972e+00
    endloop
  endfacet
  facet normal 5.925206e-16 -2.547805e-01 9.669989e-01
    outer loop
      vertex   1.129360e+02 -9.297205e+00 1.421471e+00
      vertex   1.129360e+02 -9.280618e+00 1.425842e+00
      vertex   1.125740e+02 -9.280618e+00 1.425842e+00
    endloop
  endfacet
  facet normal 5.577056e-16 -4.162960e-01 9.092291e-01
    outer loop
      vertex   1.125740e+02 -9.280618e+00 1.425842e+00
      vertex   1.129360e+02 -9.280618e+00 1.425842e+00
      vertex   1.125740e+02 -9.265021e+00 1.432983e+00
    endloop
  endfacet
  facet normal 5.570216e-16 -4.162960e-01 9.092291e-01
    outer loop
      vertex   1.125740e+02 -9.280618e+00 1.425842e+00
      vertex   1.125740e+02 -9.265021e+00 1.432983e+00
      vertex   1.122120e+02 -9.265021e+00 1.432983e+00
    endloop
  endfacet
  facet normal 5.058603e-16 -5.655623e-01 8.247056e-01
    outer loop
      vertex   1.122120e+02 -9.265021e+00 1.432983e+00
      vertex   1.125740e+02 -9.265021e+00 1.432983e+00
      vertex   1.122120e+02 -9.250874e+00 1.442684e+00
    endloop
  endfacet
  facet normal -5.045664e-16 -5.655623e-01 8.247056e-01
    outer loop
      vertex   1.122120e+02 -9.265021e+00 1.432983e+00
      vertex   1.122120e+02 -9.250874e+00 1.442684e+00
      vertex   1.118500e+02 -9.250874e+00 1.442684e+00
    endloop
  endfacet
  facet normal -4.391303e-16 -6.981870e-01 7.159154e-01
    outer loop
      vertex   1.118500e+02 -9.250874e+00 1.442684e+00
      vertex   1.122120e+02 -9.250874e+00 1.442684e+00
      vertex   1.118500e+02 -9.238594e+00 1.454660e+00
    endloop
  endfacet
  facet normal 4.372443e-16 -6.981870e-01 7.159154e-01
    outer loop
      vertex   1.118500e+02 -9.250874e+00 1.442684e+00
      vertex   1.118500e+02 -9.238594e+00 1.454660e+00
      vertex   1.114880e+02 -9.238594e+00 1.454660e+00
    endloop
  endfacet
  facet normal 3.594790e-16 -8.102679e-01 5.860597e-01
    outer loop
      vertex   1.114880e+02 -9.238594e+00 1.454660e+00
      vertex   1.118500e+02 -9.238594e+00 1.454660e+00
      vertex   1.114880e+02 -9.228541e+00 1.468560e+00
    endloop
  endfacet
  facet normal 2.117840e-18 -8.102679e-01 5.860597e-01
    outer loop
      vertex   1.114880e+02 -9.238594e+00 1.454660e+00
      vertex   1.114880e+02 -9.228541e+00 1.468560e+00
      vertex   1.111260e+02 -9.228541e+00 1.468560e+00
    endloop
  endfacet
  facet normal 0.000000e+00 -8.985069e-01 4.389593e-01
    outer loop
      vertex   1.111260e+02 -9.228541e+00 1.468560e+00
      vertex   1.114880e+02 -9.228541e+00 1.468560e+00
      vertex   1.111260e+02 -9.221011e+00 1.483972e+00
    endloop
  endfacet
  facet normal -1.082949e-18 -8.985069e-01 4.389593e-01
    outer loop
      vertex   1.111260e+02 -9.228541e+00 1.468560e+00
      vertex   1.111260e+02 -9.221011e+00 1.483972e+00
      vertex   1.107640e+02 -9.221011e+00 1.483972e+00
    endloop
  endfacet
  facet normal 0.000000e+00 -9.603077e-01 2.789428e-01
    outer loop
      vertex   1.107640e+02 -9.221011e+00 1.483972e+00
      vertex   1.111260e+02 -9.221011e+00 1.483972e+00
      vertex   1.107640e+02 -9.216226e+00 1.500445e+00
    endloop
  endfacet
  facet normal -6.854692e-19 -9.603077e-01 2.789428e-01
    outer loop
      vertex   1.107640e+02 -9.221011e+00 1.483972e+00
      vertex   1.107640e+02 -9.216226e+00 1.500445e+00
      vertex   1.104020e+02 -9.216226e+00 1.500445e+00
    endloop
  endfacet
  facet normal 0.000000e+00 -9.938518e-01 1.107184e-01
    outer loop
      vertex   1.104020e+02 -9.216226e+00 1.500445e+00
      vertex   1.107640e+02 -9.216226e+00 1.500445e+00
      vertex   1.104020e+02 -9.214327e+00 1.517493e+00
    endloop
  endfacet
  facet normal 3.897183e-19 -9.938518e-01 1.107184e-01
    outer loop
      vertex   1.104020e+02 -9.216226e+00 1.500445e+00
      vertex   1.104020e+02 -9.214327e+00 1.517493e+00
      vertex   1.100400e+02 -9.214327e+00 1.517493e+00
    endloop
  endfacet
  facet normal 0.000000e+00 -9.981522e-01 -6.076377e-02
    outer loop
      vertex   1.100400e+02 -9.214327e+00 1.517493e+00
      vertex   1.104020e+02 -9.214327e+00 1.517493e+00
      vertex   1.100400e+02 -9.215369e+00 1.534615e+00
    endloop
  endfacet
  facet normal 1.930863e-19 -9.981522e-01 -6.076377e-02
    outer loop
      vertex   1.100400e+02 -9.214327e+00 1.517493e+00
      vertex   1.100400e+02 -9.215369e+00 1.534615e+00
      vertex   1.096780e+02 -9.215369e+00 1.534615e+00
    endloop
  endfacet
  facet normal 0.000000e+00 -9.730823e-01 -2.304580e-01
    outer loop
      vertex   1.096780e+02 -9.215369e+00 1.534615e+00
      vertex   1.100400e+02 -9.215369e+00 1.534615e+00
      vertex   1.064200e+02 -9.219322e+00 1.551307e+00
    endloop
  endfacet
  facet normal 0.000000e+00 -4.162960e-01 9.092291e-01
    outer loop
      vertex   1.125740e+02 -9.265021e+00 1.432983e+00
      vertex   1.129360e+02 -9.280618e+00 1.425842e+00
      vertex   1.129360e+02 -9.265021e+00 1.432983e+00
    endloop
  endfacet
  facet normal -5.577056e-16 -4.162960e-01 9.092291e-01
    outer loop
      vertex   1.122120e+02 -9.280618e+00 1.425842e+00
      vertex   1.118500e+02 -9.265021e+00 1.432983e+00
      vertex   1.118500e+02 -9.280618e+00 1.425842e+00
    endloop
  endfacet
  facet normal 4.816447e-19 -4.162960e-01 9.092291e-01
    outer loop
      vertex   1.118500e+02 -9.280618e+00 1.425842e+00
      vertex   1.118500e+02 -9.265021e+00 1.432983e+00
      vertex   1.114880e+02 -9.265021e+00 1.432983e+00
    endloop
  endfacet
  facet normal 0.000000e+00 -4.162960e-01 9.092291e-01
    outer loop
      vertex   1.118500e+02 -9.280618e+00 1.425842e+00
      vertex   1.114880e+02 -9.265021e+00 1.432983e+00
      vertex   1.114880e+02 -9.280618e+00 1.425842e+00
    endloop
  endfacet
  facet normal 4.816447e-19 -4.162960e-01 9.092291e-01
    outer loop
      vertex   1.114880e+02 -9.280618e+00 1.425842e+00
      vertex   1.114880e+02 -9.265021e+00 1.432983e+00
      vertex   1.111260e+02 -9.265021e+00 1.432983e+00
    endloop
  endfacet
  facet normal 0.000000e+00 -4.162960e-01 9.092291e-01
    outer loop
      vertex   1.111260e+02 -9.280618e+00 1.425842e+00
      vertex   1.107640e+02 -9.265021e+00 1.432983e+00
      vertex   1.107640e+02 -9.280618e+00 1.425842e+00
    endloop
  endfacet
  facet normal -1.114930e-15 -4.162960e-01 9.092291e-01
    outer loop
      vertex   1.107640e+02 -9.280618e+00 1.425842e+00
      vertex   1.107640e+02 -9.265021e+00 1.432983e+00
      vertex   1.104020e+02 -9.265021e+00 1.432983e+00
    endloop
  endfacet
  facet normal -5.577056e-16 -4.162960e-01 9.092291e-01
    outer loop
      vertex   1.107640e+02 -9.280618e+00 1.425842e+00
      vertex   1.104020e+02 -9.265021e+00 1.432983e+00
      vertex   1.104020e+02 -9.280618e+00 1.425842e+00
    endloop
  endfacet
  facet normal -6.839752e-19 -4.162960e-01 9.092291e-01
    outer loop
      vertex   1.104020e+02 -9.280618e+00 1.425842e+00
      vertex   1.104020e+02 -9.265021e+00 1.432983e+00
      vertex   1.100400e+02 -9.265021e+00 1.432983e+00
    endloop
  endfacet
  facet normal -2.042791e-15 -4.162960e-01 9.092291e-01
    outer loop
      vertex   1.100400e+02 -9.280618e+00 1.425842e+00
      vertex   1.096780e+02 -9.265021e+00 1.432983e+00
      vertex   1.096780e+02 -9.280618e+00 1.425842e+00
    endloop
  endfacet
  facet normal -5.583515e-16 -4.162960e-01 9.092291e-01
    outer loop
      vertex   1.096780e+02 -9.280618e+00 1.425842e+00
      vertex   1.096780e+02 -9.265021e+00 1.432983e+00
      vertex   1.093160e+02 -9.265021e+00 1.432983e+00
    endloop
  endfacet
  facet normal -1.115411e-15 -4.162960e-01 9.092291e-01
    outer loop
      vertex   1.096780e+02 -9.280618e+00 1.425842e+00
      vertex   1.093160e+02 -9.265021e+00 1.432983e+00
      vertex   1.093160e+02 -9.280618e+00 1.425842e+00
    endloop
  endfacet
  facet normal 5.197144e-19 -4.162960e-01 9.092291e-01
    outer loop
      vertex   1.093160e+02 -9.280618e+00 1.425842e+00
      vertex   1.093160e+02 -9.265021e+00 1.432983e+00
      vertex   1.089540e+02 -9.265021e+00 1.432983e+00
    endloop
  endfacet
  facet normal -1.185723e-15 -2.547805e-01 9.669989e-01
    outer loop
      vertex   1.082300e+02 -9.297205e+00 1.421471e+00
      vertex   1.082300e+02 -9.280618e+00 1.425842e+00
      vertex   1.078680e+02 -9.280618e+00 1.425842e+00
    endloop
  endfacet
  facet normal -1.115411e-15 -4.162960e-01 9.092291e-01
    outer loop
      vertex   1.078680e+02 -9.280618e+00 1.425842e+00
      vertex   1.082300e+02 -9.280618e+00 1.425842e+00
      vertex   1.078680e+02 -9.265021e+00 1.432983e+00
    endloop
  endfacet
  facet normal -6.459056e-19 -4.162960e-01 9.092291e-01
    outer loop
      vertex   1.078680e+02 -9.280618e+00 1.425842e+00
      vertex   1.078680e+02 -9.265021e+00 1.432983e+00
      vertex   1.075060e+02 -9.265021e+00 1.432983e+00
    endloop
  endfacet
  facet normal 0.000000e+00 -5.655623e-01 8.247056e-01
    outer loop
      vertex   1.075060e+02 -9.265021e+00 1.432983e+00
      vertex   1.078680e+02 -9.265021e+00 1.432983e+00
      vertex   1.075060e+02 -9.250874e+00 1.442684e+00
    endloop
  endfacet
  facet normal 3.299574e-19 -5.655623e-01 8.247056e-01
    outer loop
      vertex   1.075060e+02 -9.265021e+00 1.432983e+00
      vertex   1.075060e+02 -9.250874e+00 1.442684e+00
      vertex   1.071440e+02 -9.250874e+00 1.442684e+00
    endloop
  endfacet
  facet normal 0.000000e+00 -6.981870e-01 7.159154e-01
    outer loop
      vertex   1.071440e+02 -9.250874e+00 1.442684e+00
      vertex   1.075060e+02 -9.250874e+00 1.442684e+00
      vertex   1.071440e+02 -9.238594e+00 1.454660e+00
    endloop
  endfacet
  facet normal -4.401245e-16 -6.981870e-01 7.159154e-01
    outer loop
      vertex   1.071440e+02 -9.250874e+00 1.442684e+00
      vertex   1.071440e+02 -9.238594e+00 1.454660e+00
      vertex   1.067820e+02 -9.238594e+00 1.454660e+00
    endloop
  endfacet
  facet normal -3.594790e-16 -8.102679e-01 5.860597e-01
    outer loop
      vertex   1.067820e+02 -9.238594e+00 1.454660e+00
      vertex   1.071440e+02 -9.238594e+00 1.454660e+00
      vertex   1.067820e+02 -9.228541e+00 1.468560e+00
    endloop
  endfacet
  facet normal -5.577056e-16 -4.162960e-01 9.092291e-01
    outer loop
      vertex   1.078680e+02 -9.265021e+00 1.432983e+00
      vertex   1.082300e+02 -9.280618e+00 1.425842e+00
      vertex   1.082300e+02 -9.265021e+00 1.432983e+00
    endloop
  endfacet
  facet normal -5.058603e-16 -5.655623e-01 8.247056e-01
    outer loop
      vertex   1.129360e+02 -9.250874e+00 1.442684e+00
      vertex   1.132980e+02 -9.265021e+00 1.432983e+00
      vertex   1.132980e+02 -9.250874e+00 1.442684e+00
    endloop
  endfacet
  facet normal 0.000000e+00 -5.655623e-01 8.247056e-01
    outer loop
      vertex   1.122120e+02 -9.250874e+00 1.442684e+00
      vertex   1.125740e+02 -9.265021e+00 1.432983e+00
      vertex   1.125740e+02 -9.250874e+00 1.442684e+00
    endloop
  endfacet
  facet normal 8.119042e-19 -5.655623e-01 8.247056e-01
    outer loop
      vertex   1.125740e+02 -9.250874e+00 1.442684e+00
      vertex   1.125740e+02 -9.265021e+00 1.432983e+00
      vertex   1.129360e+02 -9.265021e+00 1.432983e+00
    endloop
  endfacet
  facet normal 0.000000e+00 -5.655623e-01 8.247056e-01
    outer loop
      vertex   1.118500e+02 -9.265021e+00 1.432983e+00
      vertex   1.114880e+02 -9.250874e+00 1.442684e+00
      vertex   1.114880e+02 -9.265021e+00 1.432983e+00
    endloop
  endfacet
  facet normal 1.293851e-18 -5.655623e-01 8.247056e-01
    outer loop
      vertex   1.114880e+02 -9.265021e+00 1.432983e+00
      vertex   1.114880e+02 -9.250874e+00 1.442684e+00
      vertex   1.111260e+02 -9.250874e+00 1.442684e+00
    endloop
  endfacet
  facet normal 0.000000e+00 -5.655623e-01 8.247056e-01
    outer loop
      vertex   1.114880e+02 -9.265021e+00 1.432983e+00
      vertex   1.111260e+02 -9.250874e+00 1.442684e+00
      vertex   1.111260e+02 -9.265021e+00 1.432983e+00
    endloop
  endfacet
  facet normal 1.293851e-18 -5.655623e-01 8.247056e-01
    outer loop
      vertex   1.111260e+02 -9.265021e+00 1.432983e+00
      vertex   1.111260e+02 -9.250874e+00 1.442684e+00
      vertex   1.107640e+02 -9.250874e+00 1.442684e+00
    endloop
  endfacet
  facet normal -1.011721e-15 -5.655623e-01 8.247056e-01
    outer loop
      vertex   1.107640e+02 -9.265021e+00 1.432983e+00
      vertex   1.104020e+02 -9.250874e+00 1.442684e+00
      vertex   1.104020e+02 -9.265021e+00 1.432983e+00
    endloop
  endfacet
  facet normal 3.299574e-19 -5.655623e-01 8.247056e-01
    outer loop
      vertex   1.104020e+02 -9.265021e+00 1.432983e+00
      vertex   1.104020e+02 -9.250874e+00 1.442684e+00
      vertex   1.100400e+02 -9.250874e+00 1.442684e+00
    endloop
  endfacet
  facet normal 0.000000e+00 -5.655623e-01 8.247056e-01
    outer loop
      vertex   1.104020e+02 -9.265021e+00 1.432983e+00
      vertex   1.100400e+02 -9.250874e+00 1.442684e+00
      vertex   1.100400e+02 -9.265021e+00 1.432983e+00
    endloop
  endfacet
  facet normal 3.299574e-19 -5.655623e-01 8.247056e-01
    outer loop
      vertex   1.100400e+02 -9.265021e+00 1.432983e+00
      vertex   1.100400e+02 -9.250874e+00 1.442684e+00
      vertex   1.096780e+02 -9.250874e+00 1.442684e+00
    endloop
  endfacet
  facet normal 8.119042e-19 -5.655623e-01 8.247056e-01
    outer loop
      vertex   1.089540e+02 -9.250874e+00 1.442684e+00
      vertex   1.089540e+02 -9.265021e+00 1.432983e+00
      vertex   1.093160e+02 -9.265021e+00 1.432983e+00
    endloop
  endfacet
  facet normal 0.000000e+00 -5.655623e-01 8.247056e-01
    outer loop
      vertex   1.089540e+02 -9.250874e+00 1.442684e+00
      vertex   1.093160e+02 -9.265021e+00 1.432983e+00
      vertex   1.093160e+02 -9.250874e+00 1.442684e+00
    endloop
  endfacet
  facet normal -5.050484e-16 -5.655623e-01 8.247056e-01
    outer loop
      vertex   1.093160e+02 -9.250874e+00 1.442684e+00
      vertex   1.093160e+02 -9.265021e+00 1.432983e+00
      vertex   1.096780e+02 -9.265021e+00 1.432983e+00
    endloop
  endfacet
  facet normal -5.058603e-16 -5.655623e-01 8.247056e-01
    outer loop
      vertex   1.078680e+02 -9.265021e+00 1.432983e+00
      vertex   1.082300e+02 -9.265021e+00 1.432983e+00
      vertex   1.078680e+02 -9.250874e+00 1.442684e+00
    endloop
  endfacet
  facet normal -5.058603e-16 -5.655623e-01 8.247056e-01
    outer loop
      vertex   1.078680e+02 -9.250874e+00 1.442684e+00
      vertex   1.082300e+02 -9.265021e+00 1.432983e+00
      vertex   1.082300e+02 -9.250874e+00 1.442684e+00
    endloop
  endfacet
  facet normal -4.391303e-16 -6.981870e-01 7.159154e-01
    outer loop
      vertex   1.078680e+02 -9.250874e+00 1.442684e+00
      vertex   1.082300e+02 -9.250874e+00 1.442684e+00
      vertex   1.078680e+02 -9.238594e+00 1.454660e+00
    endloop
  endfacet
  facet normal 0.000000e+00 -6.981870e-01 7.159154e-01
    outer loop
      vertex   1.078680e+02 -9.238594e+00 1.454660e+00
      vertex   1.082300e+02 -9.250874e+00 1.442684e+00
      vertex   1.082300e+02 -9.238594e+00 1.454660e+00
    endloop
  endfacet
  facet normal 0.000000e+00 -8.102679e-01 5.860597e-01
    outer loop
      vertex   1.078680e+02 -9.238594e+00 1.454660e+00
      vertex   1.082300e+02 -9.238594e+00 1.454660e+00
      vertex   1.078680e+02 -9.228541e+00 1.468560e+00
    endloop
  endfacet
  facet normal -3.594790e-16 -8.102679e-01 5.860597e-01
    outer loop
      vertex   1.078680e+02 -9.228541e+00 1.468560e+00
      vertex   1.082300e+02 -9.238594e+00 1.454660e+00
      vertex   1.082300e+02 -9.228541e+00 1.468560e+00
    endloop
  endfacet
  facet normal -2.692501e-16 -8.985069e-01 4.389593e-01
    outer loop
      vertex   1.078680e+02 -9.228541e+00 1.468560e+00
      vertex   1.082300e+02 -9.228541e+00 1.468560e+00
      vertex   1.078680e+02 -9.221011e+00 1.483972e+00
    endloop
  endfacet
  facet normal -2.692501e-16 -8.985069e-01 4.389593e-01
    outer loop
      vertex   1.078680e+02 -9.221011e+00 1.483972e+00
      vertex   1.082300e+02 -9.228541e+00 1.468560e+00
      vertex   1.082300e+02 -9.221011e+00 1.483972e+00
    endloop
  endfacet
  facet normal -1.710987e-16 -9.603077e-01 2.789428e-01
    outer loop
      vertex   1.078680e+02 -9.221011e+00 1.483972e+00
      vertex   1.082300e+02 -9.221011e+00 1.483972e+00
      vertex   1.078680e+02 -9.216226e+00 1.500445e+00
    endloop
  endfacet
  facet normal -4.391303e-16 -6.981870e-01 7.159154e-01
    outer loop
      vertex   1.129360e+02 -9.250874e+00 1.442684e+00
      vertex   1.132980e+02 -9.250874e+00 1.442684e+00
      vertex   1.129360e+02 -9.238594e+00 1.454660e+00
    endloop
  endfacet
  facet normal -8.782605e-16 -6.981870e-01 7.159154e-01
    outer loop
      vertex   1.129360e+02 -9.238594e+00 1.454660e+00
      vertex   1.132980e+02 -9.250874e+00 1.442684e+00
      vertex   1.132980e+02 -9.238594e+00 1.454660e+00
    endloop
  endfacet
  facet normal -7.189579e-16 -8.102679e-01 5.860597e-01
    outer loop
      vertex   1.129360e+02 -9.238594e+00 1.454660e+00
      vertex   1.132980e+02 -9.238594e+00 1.454660e+00
      vertex   1.129360e+02 -9.228541e+00 1.468560e+00
    endloop
  endfacet
  facet normal -3.594790e-16 -8.102679e-01 5.860597e-01
    outer loop
      vertex   1.129360e+02 -9.228541e+00 1.468560e+00
      vertex   1.132980e+02 -9.238594e+00 1.454660e+00
      vertex   1.132980e+02 -9.228541e+00 1.468560e+00
    endloop
  endfacet
  facet normal -2.692501e-16 -8.985069e-01 4.389593e-01
    outer loop
      vertex   1.129360e+02 -9.228541e+00 1.468560e+00
      vertex   1.132980e+02 -9.228541e+00 1.468560e+00
      vertex   1.129360e+02 -9.221011e+00 1.483972e+00
    endloop
  endfacet
  facet normal -2.692501e-16 -8.985069e-01 4.389593e-01
    outer loop
      vertex   1.129360e+02 -9.221011e+00 1.483972e+00
      vertex   1.132980e+02 -9.228541e+00 1.468560e+00
      vertex   1.132980e+02 -9.221011e+00 1.483972e+00
    endloop
  endfacet
  facet normal -1.710987e-16 -9.603077e-01 2.789428e-01
    outer loop
      vertex   1.129360e+02 -9.221011e+00 1.483972e+00
      vertex   1.132980e+02 -9.221011e+00 1.483972e+00
      vertex   1.129360e+02 -9.216226e+00 1.500445e+00
    endloop
  endfacet
  facet normal 0.000000e+00 -9.603077e-01 2.789428e-01
    outer loop
      vertex   1.129360e+02 -9.216226e+00 1.500445e+00
      vertex   1.132980e+02 -9.221011e+00 1.483972e+00
      vertex   1.132980e+02 -9.216226e+00 1.500445e+00
    endloop
  endfacet
  facet normal 0.000000e+00 -9.938518e-01 1.107184e-01
    outer loop
      vertex   1.129360e+02 -9.216226e+00 1.500445e+00
      vertex   1.132980e+02 -9.216226e+00 1.500445e+00
      vertex   1.129360e+02 -9.214327e+00 1.517493e+00
    endloop
  endfacet
  facet normal 0.000000e+00 -9.938518e-01 1.107184e-01
    outer loop
      vertex   1.129360e+02 -9.214327e+00 1.517493e+00
      vertex   1.132980e+02 -9.216226e+00 1.500445e+00
      vertex   1.132980e+02 -9.214327e+00 1.517493e+00
    endloop
  endfacet
  facet normal 0.000000e+00 -9.981522e-01 -6.076377e-02
    outer loop
      vertex   1.129360e+02 -9.214327e+00 1.517493e+00
      vertex   1.132980e+02 -9.214327e+00 1.517493e+00
      vertex   1.129360e+02 -9.215369e+00 1.534615e+00
    endloop
  endfacet
  facet normal 3.727145e-17 -9.981522e-01 -6.076377e-02
    outer loop
      vertex   1.129360e+02 -9.215369e+00 1.534615e+00
      vertex   1.132980e+02 -9.214327e+00 1.517493e+00
      vertex   1.132980e+02 -9.215369e+00 1.534615e+00
    endloop
  endfacet
  facet normal 1.413590e-16 -9.730823e-01 -2.304580e-01
    outer loop
      vertex   1.129360e+02 -9.215369e+00 1.534615e+00
      vertex   1.132980e+02 -9.215369e+00 1.534615e+00
      vertex   1.136600e+02 -9.219322e+00 1.551307e+00
    endloop
  endfacet
  facet normal -3.865178e-15 -6.981870e-01 7.159154e-01
    outer loop
      vertex   1.118500e+02 -9.238594e+00 1.454660e+00
      vertex   1.122120e+02 -9.250874e+00 1.442684e+00
      vertex   1.122120e+02 -9.238594e+00 1.454660e+00
    endloop
  endfacet
  facet normal -1.393602e-18 -6.981870e-01 7.159154e-01
    outer loop
      vertex   1.122120e+02 -9.238594e+00 1.454660e+00
      vertex   1.122120e+02 -9.250874e+00 1.442684e+00
      vertex   1.125740e+02 -9.250874e+00 1.442684e+00
    endloop
  endfacet
  facet normal 0.000000e+00 -6.981870e-01 7.159154e-01
    outer loop
      vertex   1.114880e+02 -9.250874e+00 1.442684e+00
      vertex   1.111260e+02 -9.238594e+00 1.454660e+00
      vertex   1.111260e+02 -9.250874e+00 1.442684e+00
    endloop
  endfacet
  facet normal 7.424094e-19 -6.981870e-01 7.159154e-01
    outer loop
      vertex   1.111260e+02 -9.250874e+00 1.442684e+00
      vertex   1.111260e+02 -9.238594e+00 1.454660e+00
      vertex   1.107640e+02 -9.238594e+00 1.454660e+00
    endloop
  endfacet
  facet normal 0.000000e+00 -6.981870e-01 7.159154e-01
    outer loop
      vertex   1.111260e+02 -9.250874e+00 1.442684e+00
      vertex   1.107640e+02 -9.238594e+00 1.454660e+00
      vertex   1.107640e+02 -9.250874e+00 1.442684e+00
    endloop
  endfacet
  facet normal -4.383878e-16 -6.981870e-01 7.159154e-01
    outer loop
      vertex   1.107640e+02 -9.250874e+00 1.442684e+00
      vertex   1.107640e+02 -9.238594e+00 1.454660e+00
      vertex   1.104020e+02 -9.238594e+00 1.454660e+00
    endloop
  endfacet
  facet normal 0.000000e+00 -6.981870e-01 7.159154e-01
    outer loop
      vertex   1.104020e+02 -9.250874e+00 1.442684e+00
      vertex   1.100400e+02 -9.238594e+00 1.454660e+00
      vertex   1.100400e+02 -9.250874e+00 1.442684e+00
    endloop
  endfacet
  facet normal 4.372443e-16 -6.981870e-01 7.159154e-01
    outer loop
      vertex   1.100400e+02 -9.250874e+00 1.442684e+00
      vertex   1.100400e+02 -9.238594e+00 1.454660e+00
      vertex   1.096780e+02 -9.238594e+00 1.454660e+00
    endloop
  endfacet
  facet normal 0.000000e+00 -6.981870e-01 7.159154e-01
    outer loop
      vertex   1.100400e+02 -9.250874e+00 1.442684e+00
      vertex   1.096780e+02 -9.238594e+00 1.454660e+00
      vertex   1.096780e+02 -9.250874e+00 1.442684e+00
    endloop
  endfacet
  facet normal -4.383878e-16 -6.981870e-01 7.159154e-01
    outer loop
      vertex   1.096780e+02 -9.250874e+00 1.442684e+00
      vertex   1.096780e+02 -9.238594e+00 1.454660e+00
      vertex   1.093160e+02 -9.238594e+00 1.454660e+00
    endloop
  endfacet
  facet normal -9.942910e-19 -6.981870e-01 7.159154e-01
    outer loop
      vertex   1.089540e+02 -9.238594e+00 1.454660e+00
      vertex   1.089540e+02 -9.250874e+00 1.442684e+00
      vertex   1.093160e+02 -9.250874e+00 1.442684e+00
    endloop
  endfacet
  facet normal 5.066722e-16 -5.655623e-01 8.247056e-01
    outer loop
      vertex   1.078680e+02 -9.265021e+00 1.432983e+00
      vertex   1.078680e+02 -9.250874e+00 1.442684e+00
      vertex   1.075060e+02 -9.250874e+00 1.442684e+00
    endloop
  endfacet
  facet normal 4.391303e-16 -6.981870e-01 7.159154e-01
    outer loop
      vertex   1.075060e+02 -9.250874e+00 1.442684e+00
      vertex   1.078680e+02 -9.250874e+00 1.442684e+00
      vertex   1.075060e+02 -9.238594e+00 1.454660e+00
    endloop
  endfacet
  facet normal -9.942910e-19 -6.981870e-01 7.159154e-01
    outer loop
      vertex   1.075060e+02 -9.250874e+00 1.442684e+00
      vertex   1.075060e+02 -9.238594e+00 1.454660e+00
      vertex   1.071440e+02 -9.238594e+00 1.454660e+00
    endloop
  endfacet
  facet normal 0.000000e+00 -8.102679e-01 5.860597e-01
    outer loop
      vertex   1.071440e+02 -9.238594e+00 1.454660e+00
      vertex   1.075060e+02 -9.238594e+00 1.454660e+00
      vertex   1.071440e+02 -9.228541e+00 1.468560e+00
    endloop
  endfacet
  facet normal -3.606756e-16 -8.102679e-01 5.860597e-01
    outer loop
      vertex   1.071440e+02 -9.238594e+00 1.454660e+00
      vertex   1.071440e+02 -9.228541e+00 1.468560e+00
      vertex   1.067820e+02 -9.228541e+00 1.468560e+00
    endloop
  endfacet
  facet normal -2.692501e-16 -8.985069e-01 4.389593e-01
    outer loop
      vertex   1.067820e+02 -9.228541e+00 1.468560e+00
      vertex   1.071440e+02 -9.228541e+00 1.468560e+00
      vertex   1.067820e+02 -9.221011e+00 1.483972e+00
    endloop
  endfacet
  facet normal 0.000000e+00 -6.981870e-01 7.159154e-01
    outer loop
      vertex   1.075060e+02 -9.238594e+00 1.454660e+00
      vertex   1.078680e+02 -9.250874e+00 1.442684e+00
      vertex   1.078680e+02 -9.238594e+00 1.454660e+00
    endloop
  endfacet
  facet normal -1.393602e-18 -6.981870e-01 7.159154e-01
    outer loop
      vertex   1.129360e+02 -9.250874e+00 1.442684e+00
      vertex   1.129360e+02 -9.238594e+00 1.454660e+00
      vertex   1.125740e+02 -9.238594e+00 1.454660e+00
    endloop
  endfacet
  facet normal 0.000000e+00 -8.102679e-01 5.860597e-01
    outer loop
      vertex   1.125740e+02 -9.238594e+00 1.454660e+00
      vertex   1.129360e+02 -9.238594e+00 1.454660e+00
      vertex   1.125740e+02 -9.228541e+00 1.468560e+00
    endloop
  endfacet
  facet normal 3.610999e-16 -8.102679e-01 5.860597e-01
    outer loop
      vertex   1.125740e+02 -9.238594e+00 1.454660e+00
      vertex   1.125740e+02 -9.228541e+00 1.468560e+00
      vertex   1.122120e+02 -9.228541e+00 1.468560e+00
    endloop
  endfacet
  facet normal 2.692501e-16 -8.985069e-01 4.389593e-01
    outer loop
      vertex   1.122120e+02 -9.228541e+00 1.468560e+00
      vertex   1.125740e+02 -9.228541e+00 1.468560e+00
      vertex   1.122120e+02 -9.221011e+00 1.483972e+00
    endloop
  endfacet
  facet normal -2.689520e-16 -8.985069e-01 4.389593e-01
    outer loop
      vertex   1.122120e+02 -9.228541e+00 1.468560e+00
      vertex   1.122120e+02 -9.221011e+00 1.483972e+00
      vertex   1.118500e+02 -9.221011e+00 1.483972e+00
    endloop
  endfacet
  facet normal -1.710987e-16 -9.603077e-01 2.789428e-01
    outer loop
      vertex   1.118500e+02 -9.221011e+00 1.483972e+00
      vertex   1.122120e+02 -9.221011e+00 1.483972e+00
      vertex   1.118500e+02 -9.216226e+00 1.500445e+00
    endloop
  endfacet
  facet normal 3.428315e-16 -9.603077e-01 2.789428e-01
    outer loop
      vertex   1.118500e+02 -9.221011e+00 1.483972e+00
      vertex   1.118500e+02 -9.216226e+00 1.500445e+00
      vertex   1.114880e+02 -9.216226e+00 1.500445e+00
    endloop
  endfacet
  facet normal 1.358256e-16 -9.938518e-01 1.107184e-01
    outer loop
      vertex   1.114880e+02 -9.216226e+00 1.500445e+00
      vertex   1.118500e+02 -9.216226e+00 1.500445e+00
      vertex   1.114880e+02 -9.214327e+00 1.517493e+00
    endloop
  endfacet
  facet normal 3.897183e-19 -9.938518e-01 1.107184e-01
    outer loop
      vertex   1.114880e+02 -9.216226e+00 1.500445e+00
      vertex   1.114880e+02 -9.214327e+00 1.517493e+00
      vertex   1.111260e+02 -9.214327e+00 1.517493e+00
    endloop
  endfacet
  facet normal 0.000000e+00 -9.981522e-01 -6.076377e-02
    outer loop
      vertex   1.111260e+02 -9.214327e+00 1.517493e+00
      vertex   1.114880e+02 -9.214327e+00 1.517493e+00
      vertex   1.111260e+02 -9.215369e+00 1.534615e+00
    endloop
  endfacet
  facet normal 1.930863e-19 -9.981522e-01 -6.076377e-02
    outer loop
      vertex   1.111260e+02 -9.214327e+00 1.517493e+00
      vertex   1.111260e+02 -9.215369e+00 1.534615e+00
      vertex   1.107640e+02 -9.215369e+00 1.534615e+00
    endloop
  endfacet
  facet normal 0.000000e+00 -9.730823e-01 -2.304580e-01
    outer loop
      vertex   1.107640e+02 -9.215369e+00 1.534615e+00
      vertex   1.111260e+02 -9.215369e+00 1.534615e+00
      vertex   1.136600e+02 -9.219322e+00 1.551307e+00
    endloop
  endfacet
  facet normal 0.000000e+00 -8.102679e-01 5.860597e-01
    outer loop
      vertex   1.125740e+02 -9.228541e+00 1.468560e+00
      vertex   1.129360e+02 -9.238594e+00 1.454660e+00
      vertex   1.129360e+02 -9.228541e+00 1.468560e+00
    endloop
  endfacet
  facet normal 0.000000e+00 -8.102679e-01 5.860597e-01
    outer loop
      vertex   1.114880e+02 -9.228541e+00 1.468560e+00
      vertex   1.118500e+02 -9.238594e+00 1.454660e+00
      vertex   1.118500e+02 -9.228541e+00 1.468560e+00
    endloop
  endfacet
  facet normal -4.336711e-15 -8.102679e-01 5.860597e-01
    outer loop
      vertex   1.118500e+02 -9.228541e+00 1.468560e+00
      vertex   1.118500e+02 -9.238594e+00 1.454660e+00
      vertex   1.122120e+02 -9.238594e+00 1.454660e+00
    endloop
  endfacet
  facet normal 0.000000e+00 -8.102679e-01 5.860597e-01
    outer loop
      vertex   1.111260e+02 -9.238594e+00 1.454660e+00
      vertex   1.107640e+02 -9.228541e+00 1.468560e+00
      vertex   1.107640e+02 -9.238594e+00 1.454660e+00
    endloop
  endfacet
  facet normal 1.620980e-18 -8.102679e-01 5.860597e-01
    outer loop
      vertex   1.107640e+02 -9.238594e+00 1.454660e+00
      vertex   1.107640e+02 -9.228541e+00 1.468560e+00
      vertex   1.104020e+02 -9.228541e+00 1.468560e+00
    endloop
  endfacet
  facet normal -3.594790e-16 -8.102679e-01 5.860597e-01
    outer loop
      vertex   1.107640e+02 -9.238594e+00 1.454660e+00
      vertex   1.104020e+02 -9.228541e+00 1.468560e+00
      vertex   1.104020e+02 -9.238594e+00 1.454660e+00
    endloop
  endfacet
  facet normal -1.196663e-18 -8.102679e-01 5.860597e-01
    outer loop
      vertex   1.104020e+02 -9.238594e+00 1.454660e+00
      vertex   1.104020e+02 -9.228541e+00 1.468560e+00
      vertex   1.100400e+02 -9.228541e+00 1.468560e+00
    endloop
  endfacet
  facet normal 3.594790e-16 -8.102679e-01 5.860597e-01
    outer loop
      vertex   1.100400e+02 -9.238594e+00 1.454660e+00
      vertex   1.096780e+02 -9.228541e+00 1.468560e+00
      vertex   1.096780e+02 -9.238594e+00 1.454660e+00
    endloop
  endfacet
  facet normal -3.578580e-16 -8.102679e-01 5.860597e-01
    outer loop
      vertex   1.096780e+02 -9.238594e+00 1.454660e+00
      vertex   1.096780e+02 -9.228541e+00 1.468560e+00
      vertex   1.093160e+02 -9.228541e+00 1.468560e+00
    endloop
  endfacet
  facet normal -3.594790e-16 -8.102679e-01 5.860597e-01
    outer loop
      vertex   1.096780e+02 -9.238594e+00 1.454660e+00
      vertex   1.093160e+02 -9.228541e+00 1.468560e+00
      vertex   1.093160e+02 -9.238594e+00 1.454660e+00
    endloop
  endfacet
  facet normal 3.610999e-16 -8.102679e-01 5.860597e-01
    outer loop
      vertex   1.093160e+02 -9.238594e+00 1.454660e+00
      vertex   1.093160e+02 -9.228541e+00 1.468560e+00
      vertex   1.089540e+02 -9.228541e+00 1.468560e+00
    endloop
  endfacet
  facet normal 0.000000e+00 -8.102679e-01 5.860597e-01
    outer loop
      vertex   1.075060e+02 -9.238594e+00 1.454660e+00
      vertex   1.078680e+02 -9.238594e+00 1.454660e+00
      vertex   1.075060e+02 -9.228541e+00 1.468560e+00
    endloop
  endfacet
  facet normal 0.000000e+00 -8.102679e-01 5.860597e-01
    outer loop
      vertex   1.075060e+02 -9.228541e+00 1.468560e+00
      vertex   1.078680e+02 -9.238594e+00 1.454660e+00
      vertex   1.078680e+02 -9.228541e+00 1.468560e+00
    endloop
  endfacet
  facet normal 0.000000e+00 -8.985069e-01 4.389593e-01
    outer loop
      vertex   1.075060e+02 -9.228541e+00 1.468560e+00
      vertex   1.078680e+02 -9.228541e+00 1.468560e+00
      vertex   1.075060e+02 -9.221011e+00 1.483972e+00
    endloop
  endfacet
  facet normal 2.692501e-16 -8.985069e-01 4.389593e-01
    outer loop
      vertex   1.075060e+02 -9.221011e+00 1.483972e+00
      vertex   1.078680e+02 -9.228541e+00 1.468560e+00
      vertex   1.078680e+02 -9.221011e+00 1.483972e+00
    endloop
  endfacet
  facet normal 1.710987e-16 -9.603077e-01 2.789428e-01
    outer loop
      vertex   1.075060e+02 -9.221011e+00 1.483972e+00
      vertex   1.078680e+02 -9.221011e+00 1.483972e+00
      vertex   1.075060e+02 -9.216226e+00 1.500445e+00
    endloop
  endfacet
  facet normal 0.000000e+00 -9.603077e-01 2.789428e-01
    outer loop
      vertex   1.075060e+02 -9.216226e+00 1.500445e+00
      vertex   1.078680e+02 -9.221011e+00 1.483972e+00
      vertex   1.078680e+02 -9.216226e+00 1.500445e+00
    endloop
  endfacet
  facet normal 0.000000e+00 -9.938518e-01 1.107184e-01
    outer loop
      vertex   1.075060e+02 -9.216226e+00 1.500445e+00
      vertex   1.078680e+02 -9.216226e+00 1.500445e+00
      vertex   1.075060e+02 -9.214327e+00 1.517493e+00
    endloop
  endfacet
  facet normal 0.000000e+00 -8.985069e-01 4.389593e-01
    outer loop
      vertex   1.125740e+02 -9.228541e+00 1.468560e+00
      vertex   1.129360e+02 -9.228541e+00 1.468560e+00
      vertex   1.125740e+02 -9.221011e+00 1.483972e+00
    endloop
  endfacet
  facet normal 0.000000e+00 -8.985069e-01 4.389593e-01
    outer loop
      vertex   1.125740e+02 -9.221011e+00 1.483972e+00
      vertex   1.129360e+02 -9.228541e+00 1.468560e+00
      vertex   1.129360e+02 -9.221011e+00 1.483972e+00
    endloop
  endfacet
  facet normal 0.000000e+00 -9.603077e-01 2.789428e-01
    outer loop
      vertex   1.125740e+02 -9.221011e+00 1.483972e+00
      vertex   1.129360e+02 -9.221011e+00 1.483972e+00
      vertex   1.125740e+02 -9.216226e+00 1.500445e+00
    endloop
  endfacet
  facet normal 0.000000e+00 -9.603077e-01 2.789428e-01
    outer loop
      vertex   1.125740e+02 -9.216226e+00 1.500445e+00
      vertex   1.129360e+02 -9.221011e+00 1.483972e+00
      vertex   1.129360e+02 -9.216226e+00 1.500445e+00
    endloop
  endfacet
  facet normal 0.000000e+00 -9.938518e-01 1.107184e-01
    outer loop
      vertex   1.125740e+02 -9.216226e+00 1.500445e+00
      vertex   1.129360e+02 -9.216226e+00 1.500445e+00
      vertex   1.125740e+02 -9.214327e+00 1.517493e+00
    endloop
  endfacet
  facet normal 0.000000e+00 -9.938518e-01 1.107184e-01
    outer loop
      vertex   1.125740e+02 -9.214327e+00 1.517493e+00
      vertex   1.129360e+02 -9.216226e+00 1.500445e+00
      vertex   1.129360e+02 -9.214327e+00 1.517493e+00
    endloop
  endfacet
  facet normal 0.000000e+00 -9.981522e-01 -6.076377e-02
    outer loop
      vertex   1.125740e+02 -9.214327e+00 1.517493e+00
      vertex   1.129360e+02 -9.214327e+00 1.517493e+00
      vertex   1.125740e+02 -9.215369e+00 1.534615e+00
    endloop
  endfacet
  facet normal 0.000000e+00 -9.981522e-01 -6.076377e-02
    outer loop
      vertex   1.125740e+02 -9.215369e+00 1.534615e+00
      vertex   1.129360e+02 -9.214327e+00 1.517493e+00
      vertex   1.129360e+02 -9.215369e+00 1.534615e+00
    endloop
  endfacet
  facet normal 0.000000e+00 -9.730823e-01 -2.304580e-01
    outer loop
      vertex   1.125740e+02 -9.215369e+00 1.534615e+00
      vertex   1.129360e+02 -9.215369e+00 1.534615e+00
      vertex   1.136600e+02 -9.219322e+00 1.551307e+00
    endloop
  endfacet
  facet normal 2.692501e-16 -8.985069e-01 4.389593e-01
    outer loop
      vertex   1.111260e+02 -9.221011e+00 1.483972e+00
      vertex   1.114880e+02 -9.228541e+00 1.468560e+00
      vertex   1.114880e+02 -9.221011e+00 1.483972e+00
    endloop
  endfacet
  facet normal 2.981164e-19 -8.985069e-01 4.389593e-01
    outer loop
      vertex   1.114880e+02 -9.221011e+00 1.483972e+00
      vertex   1.114880e+02 -9.228541e+00 1.468560e+00
      vertex   1.118500e+02 -9.228541e+00 1.468560e+00
    endloop
  endfacet
  facet normal 0.000000e+00 -8.985069e-01 4.389593e-01
    outer loop
      vertex   1.107640e+02 -9.228541e+00 1.468560e+00
      vertex   1.104020e+02 -9.221011e+00 1.483972e+00
      vertex   1.104020e+02 -9.228541e+00 1.468560e+00
    endloop
  endfacet
  facet normal 2.691875e-16 -8.985069e-01 4.389593e-01
    outer loop
      vertex   1.104020e+02 -9.228541e+00 1.468560e+00
      vertex   1.104020e+02 -9.221011e+00 1.483972e+00
      vertex   1.100400e+02 -9.221011e+00 1.483972e+00
    endloop
  endfacet
  facet normal 0.000000e+00 -8.985069e-01 4.389593e-01
    outer loop
      vertex   1.104020e+02 -9.228541e+00 1.468560e+00
      vertex   1.100400e+02 -9.221011e+00 1.483972e+00
      vertex   1.100400e+02 -9.228541e+00 1.468560e+00
    endloop
  endfacet
  facet normal 7.388514e-19 -8.985069e-01 4.389593e-01
    outer loop
      vertex   1.100400e+02 -9.228541e+00 1.468560e+00
      vertex   1.100400e+02 -9.221011e+00 1.483972e+00
      vertex   1.096780e+02 -9.221011e+00 1.483972e+00
    endloop
  endfacet
  facet normal 2.691875e-16 -8.985069e-01 4.389593e-01
    outer loop
      vertex   1.089540e+02 -9.221011e+00 1.483972e+00
      vertex   1.089540e+02 -9.228541e+00 1.468560e+00
      vertex   1.093160e+02 -9.228541e+00 1.468560e+00
    endloop
  endfacet
  facet normal 0.000000e+00 -8.985069e-01 4.389593e-01
    outer loop
      vertex   1.089540e+02 -9.221011e+00 1.483972e+00
      vertex   1.093160e+02 -9.228541e+00 1.468560e+00
      vertex   1.093160e+02 -9.221011e+00 1.483972e+00
    endloop
  endfacet
  facet normal -2.685113e-16 -8.985069e-01 4.389593e-01
    outer loop
      vertex   1.093160e+02 -9.221011e+00 1.483972e+00
      vertex   1.093160e+02 -9.228541e+00 1.468560e+00
      vertex   1.096780e+02 -9.228541e+00 1.468560e+00
    endloop
  endfacet
  facet normal 3.610999e-16 -8.102679e-01 5.860597e-01
    outer loop
      vertex   1.075060e+02 -9.238594e+00 1.454660e+00
      vertex   1.075060e+02 -9.228541e+00 1.468560e+00
      vertex   1.071440e+02 -9.228541e+00 1.468560e+00
    endloop
  endfacet
  facet normal 2.692501e-16 -8.985069e-01 4.389593e-01
    outer loop
      vertex   1.071440e+02 -9.228541e+00 1.468560e+00
      vertex   1.075060e+02 -9.228541e+00 1.468560e+00
      vertex   1.071440e+02 -9.221011e+00 1.483972e+00
    endloop
  endfacet
  facet normal -2.685113e-16 -8.985069e-01 4.389593e-01
    outer loop
      vertex   1.071440e+02 -9.228541e+00 1.468560e+00
      vertex   1.071440e+02 -9.221011e+00 1.483972e+00
      vertex   1.067820e+02 -9.221011e+00 1.483972e+00
    endloop
  endfacet
  facet normal -1.710987e-16 -9.603077e-01 2.789428e-01
    outer loop
      vertex   1.067820e+02 -9.221011e+00 1.483972e+00
      vertex   1.071440e+02 -9.221011e+00 1.483972e+00
      vertex   1.067820e+02 -9.216226e+00 1.500445e+00
    endloop
  endfacet
  facet normal 0.000000e+00 -8.985069e-01 4.389593e-01
    outer loop
      vertex   1.071440e+02 -9.221011e+00 1.483972e+00
      vertex   1.075060e+02 -9.228541e+00 1.468560e+00
      vertex   1.075060e+02 -9.221011e+00 1.483972e+00
    endloop
  endfacet
  facet normal 2.695482e-16 -8.985069e-01 4.389593e-01
    outer loop
      vertex   1.125740e+02 -9.228541e+00 1.468560e+00
      vertex   1.125740e+02 -9.221011e+00 1.483972e+00
      vertex   1.122120e+02 -9.221011e+00 1.483972e+00
    endloop
  endfacet
  facet normal 1.710987e-16 -9.603077e-01 2.789428e-01
    outer loop
      vertex   1.122120e+02 -9.221011e+00 1.483972e+00
      vertex   1.125740e+02 -9.221011e+00 1.483972e+00
      vertex   1.122120e+02 -9.216226e+00 1.500445e+00
    endloop
  endfacet
  facet normal -3.428829e-16 -9.603077e-01 2.789428e-01
    outer loop
      vertex   1.122120e+02 -9.221011e+00 1.483972e+00
      vertex   1.122120e+02 -9.216226e+00 1.500445e+00
      vertex   1.118500e+02 -9.216226e+00 1.500445e+00
    endloop
  endfacet
  facet normal -1.358256e-16 -9.938518e-01 1.107184e-01
    outer loop
      vertex   1.118500e+02 -9.216226e+00 1.500445e+00
      vertex   1.122120e+02 -9.216226e+00 1.500445e+00
      vertex   1.118500e+02 -9.214327e+00 1.517493e+00
    endloop
  endfacet
  facet normal -1.915624e-19 -9.938518e-01 1.107184e-01
    outer loop
      vertex   1.118500e+02 -9.216226e+00 1.500445e+00
      vertex   1.118500e+02 -9.214327e+00 1.517493e+00
      vertex   1.114880e+02 -9.214327e+00 1.517493e+00
    endloop
  endfacet
  facet normal 0.000000e+00 -9.981522e-01 -6.076377e-02
    outer loop
      vertex   1.114880e+02 -9.214327e+00 1.517493e+00
      vertex   1.118500e+02 -9.214327e+00 1.517493e+00
      vertex   1.114880e+02 -9.215369e+00 1.534615e+00
    endloop
  endfacet
  facet normal 1.930863e-19 -9.981522e-01 -6.076377e-02
    outer loop
      vertex   1.114880e+02 -9.214327e+00 1.517493e+00
      vertex   1.114880e+02 -9.215369e+00 1.534615e+00
      vertex   1.111260e+02 -9.215369e+00 1.534615e+00
    endloop
  endfacet
  facet normal 0.000000e+00 -9.730823e-01 -2.304580e-01
    outer loop
      vertex   1.111260e+02 -9.215369e+00 1.534615e+00
      vertex   1.114880e+02 -9.215369e+00 1.534615e+00
      vertex   1.136600e+02 -9.219322e+00 1.551307e+00
    endloop
  endfacet
  facet normal 3.421974e-16 -9.603077e-01 2.789428e-01
    outer loop
      vertex   1.122120e+02 -9.216226e+00 1.500445e+00
      vertex   1.125740e+02 -9.221011e+00 1.483972e+00
      vertex   1.125740e+02 -9.216226e+00 1.500445e+00
    endloop
  endfacet
  facet normal 0.000000e+00 -9.603077e-01 2.789428e-01
    outer loop
      vertex   1.107640e+02 -9.216226e+00 1.500445e+00
      vertex   1.111260e+02 -9.221011e+00 1.483972e+00
      vertex   1.111260e+02 -9.216226e+00 1.500445e+00
    endloop
  endfacet
  facet normal 1.704132e-16 -9.603077e-01 2.789428e-01
    outer loop
      vertex   1.111260e+02 -9.216226e+00 1.500445e+00
      vertex   1.111260e+02 -9.221011e+00 1.483972e+00
      vertex   1.114880e+02 -9.221011e+00 1.483972e+00
    endloop
  endfacet
  facet normal 1.710987e-16 -9.603077e-01 2.789428e-01
    outer loop
      vertex   1.104020e+02 -9.221011e+00 1.483972e+00
      vertex   1.100400e+02 -9.216226e+00 1.500445e+00
      vertex   1.100400e+02 -9.221011e+00 1.483972e+00
    endloop
  endfacet
  facet normal 1.704132e-16 -9.603077e-01 2.789428e-01
    outer loop
      vertex   1.100400e+02 -9.221011e+00 1.483972e+00
      vertex   1.100400e+02 -9.216226e+00 1.500445e+00
      vertex   1.096780e+02 -9.216226e+00 1.500445e+00
    endloop
  endfacet
  facet normal 0.000000e+00 -9.603077e-01 2.789428e-01
    outer loop
      vertex   1.100400e+02 -9.221011e+00 1.483972e+00
      vertex   1.096780e+02 -9.216226e+00 1.500445e+00
      vertex   1.096780e+02 -9.221011e+00 1.483972e+00
    endloop
  endfacet
  facet normal -1.709212e-16 -9.603077e-01 2.789428e-01
    outer loop
      vertex   1.096780e+02 -9.221011e+00 1.483972e+00
      vertex   1.096780e+02 -9.216226e+00 1.500445e+00
      vertex   1.093160e+02 -9.216226e+00 1.500445e+00
    endloop
  endfacet
  facet normal 1.774955e-19 -9.603077e-01 2.789428e-01
    outer loop
      vertex   1.089540e+02 -9.216226e+00 1.500445e+00
      vertex   1.089540e+02 -9.221011e+00 1.483972e+00
      vertex   1.093160e+02 -9.221011e+00 1.483972e+00
    endloop
  endfacet
  facet normal 0.000000e+00 -9.603077e-01 2.789428e-01
    outer loop
      vertex   1.082300e+02 -9.216226e+00 1.500445e+00
      vertex   1.085920e+02 -9.221011e+00 1.483972e+00
      vertex   1.085920e+02 -9.216226e+00 1.500445e+00
    endloop
  endfacet
  facet normal 0.000000e+00 -9.603077e-01 2.789428e-01
    outer loop
      vertex   1.071440e+02 -9.221011e+00 1.483972e+00
      vertex   1.075060e+02 -9.221011e+00 1.483972e+00
      vertex   1.071440e+02 -9.216226e+00 1.500445e+00
    endloop
  endfacet
  facet normal 1.710987e-16 -9.603077e-01 2.789428e-01
    outer loop
      vertex   1.071440e+02 -9.216226e+00 1.500445e+00
      vertex   1.075060e+02 -9.221011e+00 1.483972e+00
      vertex   1.075060e+02 -9.216226e+00 1.500445e+00
    endloop
  endfacet
  facet normal 6.791279e-17 -9.938518e-01 1.107184e-01
    outer loop
      vertex   1.071440e+02 -9.216226e+00 1.500445e+00
      vertex   1.075060e+02 -9.216226e+00 1.500445e+00
      vertex   1.071440e+02 -9.214327e+00 1.517493e+00
    endloop
  endfacet
  facet normal 0.000000e+00 -9.938518e-01 1.107184e-01
    outer loop
      vertex   1.071440e+02 -9.214327e+00 1.517493e+00
      vertex   1.075060e+02 -9.216226e+00 1.500445e+00
      vertex   1.075060e+02 -9.214327e+00 1.517493e+00
    endloop
  endfacet
  facet normal 0.000000e+00 -9.981522e-01 -6.076377e-02
    outer loop
      vertex   1.071440e+02 -9.214327e+00 1.517493e+00
      vertex   1.075060e+02 -9.214327e+00 1.517493e+00
      vertex   1.071440e+02 -9.215369e+00 1.534615e+00
    endloop
  endfacet
  facet normal 1.358256e-16 -9.938518e-01 1.107184e-01
    outer loop
      vertex   1.122120e+02 -9.216226e+00 1.500445e+00
      vertex   1.125740e+02 -9.216226e+00 1.500445e+00
      vertex   1.122120e+02 -9.214327e+00 1.517493e+00
    endloop
  endfacet
  facet normal 0.000000e+00 -9.938518e-01 1.107184e-01
    outer loop
      vertex   1.122120e+02 -9.214327e+00 1.517493e+00
      vertex   1.125740e+02 -9.216226e+00 1.500445e+00
      vertex   1.125740e+02 -9.214327e+00 1.517493e+00
    endloop
  endfacet
  facet normal 0.000000e+00 -9.981522e-01 -6.076377e-02
    outer loop
      vertex   1.122120e+02 -9.214327e+00 1.517493e+00
      vertex   1.125740e+02 -9.214327e+00 1.517493e+00
      vertex   1.122120e+02 -9.215369e+00 1.534615e+00
    endloop
  endfacet
  facet normal -3.727145e-17 -9.981522e-01 -6.076377e-02
    outer loop
      vertex   1.122120e+02 -9.215369e+00 1.534615e+00
      vertex   1.125740e+02 -9.214327e+00 1.517493e+00
      vertex   1.125740e+02 -9.215369e+00 1.534615e+00
    endloop
  endfacet
  facet normal -1.413590e-16 -9.730823e-01 -2.304580e-01
    outer loop
      vertex   1.122120e+02 -9.215369e+00 1.534615e+00
      vertex   1.125740e+02 -9.215369e+00 1.534615e+00
      vertex   1.136600e+02 -9.219322e+00 1.551307e+00
    endloop
  endfacet
  facet normal -6.791279e-17 -9.938518e-01 1.107184e-01
    outer loop
      vertex   1.104020e+02 -9.214327e+00 1.517493e+00
      vertex   1.107640e+02 -9.216226e+00 1.500445e+00
      vertex   1.107640e+02 -9.214327e+00 1.517493e+00
    endloop
  endfacet
  facet normal -4.465494e-19 -9.938518e-01 1.107184e-01
    outer loop
      vertex   1.107640e+02 -9.214327e+00 1.517493e+00
      vertex   1.107640e+02 -9.216226e+00 1.500445e+00
      vertex   1.111260e+02 -9.216226e+00 1.500445e+00
    endloop
  endfacet
  facet normal 6.791279e-17 -9.938518e-01 1.107184e-01
    outer loop
      vertex   1.100400e+02 -9.216226e+00 1.500445e+00
      vertex   1.096780e+02 -9.214327e+00 1.517493e+00
      vertex   1.096780e+02 -9.216226e+00 1.500445e+00
    endloop
  endfacet
  facet normal -6.752307e-17 -9.938518e-01 1.107184e-01
    outer loop
      vertex   1.096780e+02 -9.216226e+00 1.500445e+00
      vertex   1.096780e+02 -9.214327e+00 1.517493e+00
      vertex   1.093160e+02 -9.214327e+00 1.517493e+00
    endloop
  endfacet
  facet normal -6.791279e-17 -9.938518e-01 1.107184e-01
    outer loop
      vertex   1.096780e+02 -9.216226e+00 1.500445e+00
      vertex   1.093160e+02 -9.214327e+00 1.517493e+00
      vertex   1.093160e+02 -9.216226e+00 1.500445e+00
    endloop
  endfacet
  facet normal 3.897183e-19 -9.938518e-01 1.107184e-01
    outer loop
      vertex   1.093160e+02 -9.216226e+00 1.500445e+00
      vertex   1.093160e+02 -9.214327e+00 1.517493e+00
      vertex   1.089540e+02 -9.214327e+00 1.517493e+00
    endloop
  endfacet
  facet normal 0.000000e+00 -9.938518e-01 1.107184e-01
    outer loop
      vertex   1.082300e+02 -9.216226e+00 1.500445e+00
      vertex   1.085920e+02 -9.216226e+00 1.500445e+00
      vertex   1.082300e+02 -9.214327e+00 1.517493e+00
    endloop
  endfacet
  facet normal 0.000000e+00 -9.938518e-01 1.107184e-01
    outer loop
      vertex   1.082300e+02 -9.214327e+00 1.517493e+00
      vertex   1.085920e+02 -9.216226e+00 1.500445e+00
      vertex   1.085920e+02 -9.214327e+00 1.517493e+00
    endloop
  endfacet
  facet normal 0.000000e+00 -9.981522e-01 -6.076377e-02
    outer loop
      vertex   1.082300e+02 -9.214327e+00 1.517493e+00
      vertex   1.085920e+02 -9.214327e+00 1.517493e+00
      vertex   1.082300e+02 -9.215369e+00 1.534615e+00
    endloop
  endfacet
  facet normal 0.000000e+00 -9.981522e-01 -6.076377e-02
    outer loop
      vertex   1.082300e+02 -9.215369e+00 1.534615e+00
      vertex   1.085920e+02 -9.214327e+00 1.517493e+00
      vertex   1.085920e+02 -9.215369e+00 1.534615e+00
    endloop
  endfacet
  facet normal 0.000000e+00 -9.730823e-01 -2.304580e-01
    outer loop
      vertex   1.082300e+02 -9.215369e+00 1.534615e+00
      vertex   1.085920e+02 -9.215369e+00 1.534615e+00
      vertex   1.064200e+02 -9.219322e+00 1.551307e+00
    endloop
  endfacet
  facet normal -6.777806e-17 -9.938518e-01 1.107184e-01
    outer loop
      vertex   1.067820e+02 -9.214327e+00 1.517493e+00
      vertex   1.067820e+02 -9.216226e+00 1.500445e+00
      vertex   1.071440e+02 -9.216226e+00 1.500445e+00
    endloop
  endfacet
  facet normal -1.710987e-16 -9.603077e-01 2.789428e-01
    outer loop
      vertex   1.071440e+02 -9.216226e+00 1.500445e+00
      vertex   1.067820e+02 -9.216226e+00 1.500445e+00
      vertex   1.071440e+02 -9.221011e+00 1.483972e+00
    endloop
  endfacet
  facet normal -6.791279e-17 -9.938518e-01 1.107184e-01
    outer loop
      vertex   1.067820e+02 -9.214327e+00 1.517493e+00
      vertex   1.071440e+02 -9.216226e+00 1.500445e+00
      vertex   1.071440e+02 -9.214327e+00 1.517493e+00
    endloop
  endfacet
  facet normal 3.897183e-19 -9.938518e-01 1.107184e-01
    outer loop
      vertex   1.122120e+02 -9.216226e+00 1.500445e+00
      vertex   1.122120e+02 -9.214327e+00 1.517493e+00
      vertex   1.118500e+02 -9.214327e+00 1.517493e+00
    endloop
  endfacet
  facet normal 0.000000e+00 -9.981522e-01 -6.076377e-02
    outer loop
      vertex   1.118500e+02 -9.214327e+00 1.517493e+00
      vertex   1.122120e+02 -9.214327e+00 1.517493e+00
      vertex   1.118500e+02 -9.215369e+00 1.534615e+00
    endloop
  endfacet
  facet normal -3.745521e-17 -9.981522e-01 -6.076377e-02
    outer loop
      vertex   1.118500e+02 -9.214327e+00 1.517493e+00
      vertex   1.118500e+02 -9.215369e+00 1.534615e+00
      vertex   1.114880e+02 -9.215369e+00 1.534615e+00
    endloop
  endfacet
  facet normal -1.413590e-16 -9.730823e-01 -2.304580e-01
    outer loop
      vertex   1.114880e+02 -9.215369e+00 1.534615e+00
      vertex   1.118500e+02 -9.215369e+00 1.534615e+00
      vertex   1.136600e+02 -9.219322e+00 1.551307e+00
    endloop
  endfacet
  facet normal 3.727145e-17 -9.981522e-01 -6.076377e-02
    outer loop
      vertex   1.118500e+02 -9.215369e+00 1.534615e+00
      vertex   1.122120e+02 -9.214327e+00 1.517493e+00
      vertex   1.122120e+02 -9.215369e+00 1.534615e+00
    endloop
  endfacet
  facet normal 0.000000e+00 -9.981522e-01 -6.076377e-02
    outer loop
      vertex   1.100400e+02 -9.215369e+00 1.534615e+00
      vertex   1.104020e+02 -9.214327e+00 1.517493e+00
      vertex   1.104020e+02 -9.215369e+00 1.534615e+00
    endloop
  endfacet
  facet normal 3.746454e-17 -9.981522e-01 -6.076377e-02
    outer loop
      vertex   1.104020e+02 -9.215369e+00 1.534615e+00
      vertex   1.104020e+02 -9.214327e+00 1.517493e+00
      vertex   1.107640e+02 -9.214327e+00 1.517493e+00
    endloop
  endfacet
  facet normal 1.930863e-19 -9.981522e-01 -6.076377e-02
    outer loop
      vertex   1.089540e+02 -9.215369e+00 1.534615e+00
      vertex   1.089540e+02 -9.214327e+00 1.517493e+00
      vertex   1.093160e+02 -9.214327e+00 1.517493e+00
    endloop
  endfacet
  facet normal 0.000000e+00 -9.981522e-01 -6.076377e-02
    outer loop
      vertex   1.089540e+02 -9.215369e+00 1.534615e+00
      vertex   1.093160e+02 -9.214327e+00 1.517493e+00
      vertex   1.093160e+02 -9.215369e+00 1.534615e+00
    endloop
  endfacet
  facet normal 3.746454e-17 -9.981522e-01 -6.076377e-02
    outer loop
      vertex   1.093160e+02 -9.215369e+00 1.534615e+00
      vertex   1.093160e+02 -9.214327e+00 1.517493e+00
      vertex   1.096780e+02 -9.214327e+00 1.517493e+00
    endloop
  endfacet
  facet normal -6.752307e-17 -9.938518e-01 1.107184e-01
    outer loop
      vertex   1.082300e+02 -9.216226e+00 1.500445e+00
      vertex   1.082300e+02 -9.214327e+00 1.517493e+00
      vertex   1.078680e+02 -9.214327e+00 1.517493e+00
    endloop
  endfacet
  facet normal 3.727145e-17 -9.981522e-01 -6.076377e-02
    outer loop
      vertex   1.078680e+02 -9.214327e+00 1.517493e+00
      vertex   1.082300e+02 -9.214327e+00 1.517493e+00
      vertex   1.078680e+02 -9.215369e+00 1.534615e+00
    endloop
  endfacet
  facet normal -7.434982e-17 -9.981522e-01 -6.076377e-02
    outer loop
      vertex   1.078680e+02 -9.214327e+00 1.517493e+00
      vertex   1.078680e+02 -9.215369e+00 1.534615e+00
      vertex   1.075060e+02 -9.215369e+00 1.534615e+00
    endloop
  endfacet
  facet normal -2.827180e-16 -9.730823e-01 -2.304580e-01
    outer loop
      vertex   1.075060e+02 -9.215369e+00 1.534615e+00
      vertex   1.078680e+02 -9.215369e+00 1.534615e+00
      vertex   1.064200e+02 -9.219322e+00 1.551307e+00
    endloop
  endfacet
  facet normal 7.454291e-17 -9.981522e-01 -6.076377e-02
    outer loop
      vertex   1.078680e+02 -9.215369e+00 1.534615e+00
      vertex   1.082300e+02 -9.214327e+00 1.517493e+00
      vertex   1.082300e+02 -9.215369e+00 1.534615e+00
    endloop
  endfacet
  facet normal 3.712696e-17 -9.981522e-01 -6.076377e-02
    outer loop
      vertex   1.067820e+02 -9.215369e+00 1.534615e+00
      vertex   1.067820e+02 -9.214327e+00 1.517493e+00
      vertex   1.071440e+02 -9.214327e+00 1.517493e+00
    endloop
  endfacet
  facet normal 0.000000e+00 -9.981522e-01 -6.076377e-02
    outer loop
      vertex   1.067820e+02 -9.215369e+00 1.534615e+00
      vertex   1.071440e+02 -9.214327e+00 1.517493e+00
      vertex   1.071440e+02 -9.215369e+00 1.534615e+00
    endloop
  endfacet
  facet normal 1.418269e-16 -9.730823e-01 -2.304580e-01
    outer loop
      vertex   1.136600e+02 -9.219322e+00 1.551307e+00
      vertex   1.118500e+02 -9.215369e+00 1.534615e+00
      vertex   1.122120e+02 -9.215369e+00 1.534615e+00
    endloop
  endfacet
  facet normal 2.820055e-16 -9.730823e-01 -2.304580e-01
    outer loop
      vertex   1.064200e+02 -9.219322e+00 1.551307e+00
      vertex   1.078680e+02 -9.215369e+00 1.534615e+00
      vertex   1.082300e+02 -9.215369e+00 1.534615e+00
    endloop
  endfacet
  facet normal -3.066914e-16 0.000000e+00 1.000000e+00
    outer loop
      vertex   1.064200e+02 -9.900000e+00 1.420000e+00
      vertex   1.136600e+02 -9.900000e+00 1.420000e+00
      vertex   1.064200e+02 -9.314296e+00 1.420000e+00
    endloop
  endfacet
  facet normal -3.066914e-16 0.000000e+00 1.000000e+00
    outer loop
      vertex   1.064200e+02 -9.314296e+00 1.420000e+00
      vertex   1.136600e+02 -9.900000e+00 1.420000e+00
      vertex   1.136600e+02 -9.314296e+00 1.420000e+00
    endloop
  endfacet
  facet normal 3.055244e-15 -8.715574e-02 9.961947e-01
    outer loop
      vertex   1.064200e+02 -9.917365e+00 1.418481e+00
      vertex   1.067820e+02 -9.917365e+00 1.418481e+00
      vertex   1.064200e+02 -9.900000e+00 1.420000e+00
    endloop
  endfacet
  facet normal 1.839715e-19 -8.715574e-02 9.961947e-01
    outer loop
      vertex   1.064200e+02 -9.900000e+00 1.420000e+00
      vertex   1.067820e+02 -9.917365e+00 1.418481e+00
      vertex   1.071440e+02 -9.917365e+00 1.418481e+00
    endloop
  endfacet
  facet normal 1.839715e-19 -8.715574e-02 9.961947e-01
    outer loop
      vertex   1.064200e+02 -9.900000e+00 1.420000e+00
      vertex   1.071440e+02 -9.917365e+00 1.418481e+00
      vertex   1.075060e+02 -9.917365e+00 1.418481e+00
    endloop
  endfacet
  facet normal 0.000000e+00 -2.588190e-01 9.659258e-01
    outer loop
      vertex   1.075060e+02 -9.917365e+00 1.418481e+00
      vertex   1.071440e+02 -9.917365e+00 1.418481e+00
      vertex   1.075060e+02 -9.934202e+00 1.413969e+00
    endloop
  endfacet
  facet normal -7.378335e-19 -2.588190e-01 9.659258e-01
    outer loop
      vertex   1.075060e+02 -9.917365e+00 1.418481e+00
      vertex   1.075060e+02 -9.934202e+00 1.413969e+00
      vertex   1.078680e+02 -9.934202e+00 1.413969e+00
    endloop
  endfacet
  facet normal 0.000000e+00 -4.226183e-01 9.063078e-01
    outer loop
      vertex   1.078680e+02 -9.934202e+00 1.413969e+00
      vertex   1.075060e+02 -9.934202e+00 1.413969e+00
      vertex   1.078680e+02 -9.950000e+00 1.406603e+00
    endloop
  endfacet
  facet normal -1.050189e-18 -4.226183e-01 9.063078e-01
    outer loop
      vertex   1.078680e+02 -9.934202e+00 1.413969e+00
      vertex   1.078680e+02 -9.950000e+00 1.406603e+00
      vertex   1.082300e+02 -9.950000e+00 1.406603e+00
    endloop
  endfacet
  facet normal 0.000000e+00 -5.735764e-01 8.191520e-01
    outer loop
      vertex   1.082300e+02 -9.950000e+00 1.406603e+00
      vertex   1.078680e+02 -9.950000e+00 1.406603e+00
      vertex   1.082300e+02 -9.964279e+00 1.396604e+00
    endloop
  endfacet
  facet normal -1.883312e-18 -5.735764e-01 8.191520e-01
    outer loop
      vertex   1.082300e+02 -9.950000e+00 1.406603e+00
      vertex   1.082300e+02 -9.964279e+00 1.396604e+00
      vertex   1.085920e+02 -9.964279e+00 1.396604e+00
    endloop
  endfacet
  facet normal 0.000000e+00 -7.071068e-01 7.071068e-01
    outer loop
      vertex   1.085920e+02 -9.964279e+00 1.396604e+00
      vertex   1.082300e+02 -9.964279e+00 1.396604e+00
      vertex   1.085920e+02 -9.976604e+00 1.384279e+00
    endloop
  endfacet
  facet normal 1.988818e-18 -7.071068e-01 7.071068e-01
    outer loop
      vertex   1.085920e+02 -9.964279e+00 1.396604e+00
      vertex   1.085920e+02 -9.976604e+00 1.384279e+00
      vertex   1.089540e+02 -9.976604e+00 1.384279e+00
    endloop
  endfacet
  facet normal 0.000000e+00 -8.191520e-01 5.735764e-01
    outer loop
      vertex   1.089540e+02 -9.976604e+00 1.384279e+00
      vertex   1.085920e+02 -9.976604e+00 1.384279e+00
      vertex   1.089540e+02 -9.986603e+00 1.370000e+00
    endloop
  endfacet
  facet normal -3.528392e-16 -8.191520e-01 5.735764e-01
    outer loop
      vertex   1.089540e+02 -9.976604e+00 1.384279e+00
      vertex   1.089540e+02 -9.986603e+00 1.370000e+00
      vertex   1.093160e+02 -9.986603e+00 1.370000e+00
    endloop
  endfacet
  facet normal -2.592268e-16 -9.063078e-01 4.226183e-01
    outer loop
      vertex   1.093160e+02 -9.986603e+00 1.370000e+00
      vertex   1.089540e+02 -9.986603e+00 1.370000e+00
      vertex   1.093160e+02 -9.993969e+00 1.354202e+00
    endloop
  endfacet
  facet normal 2.588888e-16 -9.063078e-01 4.226183e-01
    outer loop
      vertex   1.093160e+02 -9.986603e+00 1.370000e+00
      vertex   1.093160e+02 -9.993969e+00 1.354202e+00
      vertex   1.096780e+02 -9.993969e+00 1.354202e+00
    endloop
  endfacet
  facet normal 1.587552e-16 -9.659258e-01 2.588190e-01
    outer loop
      vertex   1.096780e+02 -9.993969e+00 1.354202e+00
      vertex   1.093160e+02 -9.993969e+00 1.354202e+00
      vertex   1.096780e+02 -9.998481e+00 1.337365e+00
    endloop
  endfacet
  facet normal -7.441984e-19 -9.659258e-01 2.588190e-01
    outer loop
      vertex   1.096780e+02 -9.993969e+00 1.354202e+00
      vertex   1.096780e+02 -9.998481e+00 1.337365e+00
      vertex   1.100400e+02 -9.998481e+00 1.337365e+00
    endloop
  endfacet
  facet normal 0.000000e+00 -9.961947e-01 8.715574e-02
    outer loop
      vertex   1.100400e+02 -9.998481e+00 1.337365e+00
      vertex   1.096780e+02 -9.998481e+00 1.337365e+00
      vertex   1.064200e+02 -1.000000e+01 1.320000e+00
    endloop
  endfacet
  facet normal -3.522812e-21 -9.961947e-01 8.715574e-02
    outer loop
      vertex   1.100400e+02 -9.998481e+00 1.337365e+00
      vertex   1.064200e+02 -1.000000e+01 1.320000e+00
      vertex   1.136600e+02 -1.000000e+01 1.320000e+00
    endloop
  endfacet
  facet normal 2.962412e-15 -2.588190e-01 9.659258e-01
    outer loop
      vertex   1.067820e+02 -9.917365e+00 1.418481e+00
      vertex   1.064200e+02 -9.917365e+00 1.418481e+00
      vertex   1.067820e+02 -9.934202e+00 1.413969e+00
    endloop
  endfacet
  facet normal 2.962412e-15 -2.588190e-01 9.659258e-01
    outer loop
      vertex   1.067820e+02 -9.934202e+00 1.413969e+00
      vertex   1.064200e+02 -9.917365e+00 1.418481e+00
      vertex   1.064200e+02 -9.934202e+00 1.413969e+00
    endloop
  endfacet
  facet normal 2.779568e-15 -4.226183e-01 9.063078e-01
    outer loop
      vertex   1.067820e+02 -9.934202e+00 1.413969e+00
      vertex   1.064200e+02 -9.934202e+00 1.413969e+00
      vertex   1.067820e+02 -9.950000e+00 1.406603e+00
    endloop
  endfacet
  facet normal 2.223655e-15 -4.226183e-01 9.063078e-01
    outer loop
      vertex   1.067820e+02 -9.950000e+00 1.406603e+00
      vertex   1.064200e+02 -9.934202e+00 1.413969e+00
      vertex   1.064200e+02 -9.950000e+00 1.406603e+00
    endloop
  endfacet
  facet normal 2.009815e-15 -5.735764e-01 8.191520e-01
    outer loop
      vertex   1.067820e+02 -9.950000e+00 1.406603e+00
      vertex   1.064200e+02 -9.950000e+00 1.406603e+00
      vertex   1.067820e+02 -9.964279e+00 1.396604e+00
    endloop
  endfacet
  facet normal 4.321937e-15 -5.735764e-01 8.191520e-01
    outer loop
      vertex   1.067820e+02 -9.964279e+00 1.396604e+00
      vertex   1.064200e+02 -9.950000e+00 1.406603e+00
      vertex   1.064200e+02 -9.964279e+00 1.396604e+00
    endloop
  endfacet
  facet normal 4.770999e-15 -7.071068e-01 7.071068e-01
    outer loop
      vertex   1.067820e+02 -9.964279e+00 1.396604e+00
      vertex   1.064200e+02 -9.964279e+00 1.396604e+00
      vertex   1.067820e+02 -9.976604e+00 1.384279e+00
    endloop
  endfacet
  facet normal 8.674544e-16 -7.071068e-01 7.071068e-01
    outer loop
      vertex   1.067820e+02 -9.976604e+00 1.384279e+00
      vertex   1.064200e+02 -9.964279e+00 1.396604e+00
      vertex   1.064200e+02 -9.976604e+00 1.384279e+00
    endloop
  endfacet
  facet normal 7.036439e-16 -8.191520e-01 5.735764e-01
    outer loop
      vertex   1.067820e+02 -9.976604e+00 1.384279e+00
      vertex   1.064200e+02 -9.976604e+00 1.384279e+00
      vertex   1.067820e+02 -9.986603e+00 1.370000e+00
    endloop
  endfacet
  facet normal 0.000000e+00 -8.191520e-01 5.735764e-01
    outer loop
      vertex   1.067820e+02 -9.986603e+00 1.370000e+00
      vertex   1.064200e+02 -9.976604e+00 1.384279e+00
      vertex   1.064200e+02 -9.986603e+00 1.370000e+00
    endloop
  endfacet
  facet normal 0.000000e+00 -9.063078e-01 4.226183e-01
    outer loop
      vertex   1.067820e+02 -9.986603e+00 1.370000e+00
      vertex   1.064200e+02 -9.986603e+00 1.370000e+00
      vertex   1.067820e+02 -9.993969e+00 1.354202e+00
    endloop
  endfacet
  facet normal 0.000000e+00 -9.063078e-01 4.226183e-01
    outer loop
      vertex   1.067820e+02 -9.993969e+00 1.354202e+00
      vertex   1.064200e+02 -9.986603e+00 1.370000e+00
      vertex   1.064200e+02 -9.993969e+00 1.354202e+00
    endloop
  endfacet
  facet normal 0.000000e+00 -9.659258e-01 2.588190e-01
    outer loop
      vertex   1.067820e+02 -9.993969e+00 1.354202e+00
      vertex   1.064200e+02 -9.993969e+00 1.354202e+00
      vertex   1.067820e+02 -9.998481e+00 1.337365e+00
    endloop
  endfacet
  facet normal 0.000000e+00 -9.659258e-01 2.588190e-01
    outer loop
      vertex   1.067820e+02 -9.998481e+00 1.337365e+00
      vertex   1.064200e+02 -9.993969e+00 1.354202e+00
      vertex   1.064200e+02 -9.998481e+00 1.337365e+00
    endloop
  endfacet
  facet normal 0.000000e+00 -9.961947e-01 8.715574e-02
    outer loop
      vertex   1.067820e+02 -9.998481e+00 1.337365e+00
      vertex   1.064200e+02 -9.998481e+00 1.337365e+00
      vertex   1.064200e+02 -1.000000e+01 1.320000e+00
    endloop
  endfacet
  facet normal 0.000000e+00 -9.961947e-01 8.715574e-02
    outer loop
      vertex   1.136600e+02 -9.998481e+00 1.337365e+00
      vertex   1.132980e+02 -9.998481e+00 1.337365e+00
      vertex   1.136600e+02 -1.000000e+01 1.320000e+00
    endloop
  endfacet
  facet normal 5.338938e-17 -9.961947e-01 8.715574e-02
    outer loop
      vertex   1.136600e+02 -1.000000e+01 1.320000e+00
      vertex   1.132980e+02 -9.998481e+00 1.337365e+00
      vertex   1.129360e+02 -9.998481e+00 1.337365e+00
    endloop
  endfacet
  facet normal -5.322751e-17 -9.961947e-01 8.715574e-02
    outer loop
      vertex   1.136600e+02 -1.000000e+01 1.320000e+00
      vertex   1.129360e+02 -9.998481e+00 1.337365e+00
      vertex   1.125740e+02 -9.998481e+00 1.337365e+00
    endloop
  endfacet
  facet normal -1.587552e-16 -9.659258e-01 2.588190e-01
    outer loop
      vertex   1.125740e+02 -9.998481e+00 1.337365e+00
      vertex   1.129360e+02 -9.998481e+00 1.337365e+00
      vertex   1.125740e+02 -9.993969e+00 1.354202e+00
    endloop
  endfacet
  facet normal -7.441984e-19 -9.659258e-01 2.588190e-01
    outer loop
      vertex   1.125740e+02 -9.998481e+00 1.337365e+00
      vertex   1.125740e+02 -9.993969e+00 1.354202e+00
      vertex   1.122120e+02 -9.993969e+00 1.354202e+00
    endloop
  endfacet
  facet normal 0.000000e+00 -9.063078e-01 4.226183e-01
    outer loop
      vertex   1.122120e+02 -9.993969e+00 1.354202e+00
      vertex   1.125740e+02 -9.993969e+00 1.354202e+00
      vertex   1.122120e+02 -9.986603e+00 1.370000e+00
    endloop
  endfacet
  facet normal -9.901077e-19 -9.063078e-01 4.226183e-01
    outer loop
      vertex   1.122120e+02 -9.993969e+00 1.354202e+00
      vertex   1.122120e+02 -9.986603e+00 1.370000e+00
      vertex   1.118500e+02 -9.986603e+00 1.370000e+00
    endloop
  endfacet
  facet normal 0.000000e+00 -8.191520e-01 5.735764e-01
    outer loop
      vertex   1.118500e+02 -9.986603e+00 1.370000e+00
      vertex   1.122120e+02 -9.986603e+00 1.370000e+00
      vertex   1.118500e+02 -9.976604e+00 1.384279e+00
    endloop
  endfacet
  facet normal -1.427885e-18 -8.191520e-01 5.735764e-01
    outer loop
      vertex   1.118500e+02 -9.986603e+00 1.370000e+00
      vertex   1.118500e+02 -9.976604e+00 1.384279e+00
      vertex   1.114880e+02 -9.976604e+00 1.384279e+00
    endloop
  endfacet
  facet normal 0.000000e+00 -7.071068e-01 7.071068e-01
    outer loop
      vertex   1.114880e+02 -9.976604e+00 1.384279e+00
      vertex   1.118500e+02 -9.976604e+00 1.384279e+00
      vertex   1.114880e+02 -9.964279e+00 1.396604e+00
    endloop
  endfacet
  facet normal 2.109101e-18 -7.071068e-01 7.071068e-01
    outer loop
      vertex   1.114880e+02 -9.976604e+00 1.384279e+00
      vertex   1.114880e+02 -9.964279e+00 1.396604e+00
      vertex   1.111260e+02 -9.964279e+00 1.396604e+00
    endloop
  endfacet
  facet normal 0.000000e+00 -5.735764e-01 8.191520e-01
    outer loop
      vertex   1.111260e+02 -9.964279e+00 1.396604e+00
      vertex   1.114880e+02 -9.964279e+00 1.396604e+00
      vertex   1.111260e+02 -9.950000e+00 1.406603e+00
    endloop
  endfacet
  facet normal -2.005262e-18 -5.735764e-01 8.191520e-01
    outer loop
      vertex   1.111260e+02 -9.964279e+00 1.396604e+00
      vertex   1.111260e+02 -9.950000e+00 1.406603e+00
      vertex   1.107640e+02 -9.950000e+00 1.406603e+00
    endloop
  endfacet
  facet normal 0.000000e+00 -4.226183e-01 9.063078e-01
    outer loop
      vertex   1.107640e+02 -9.950000e+00 1.406603e+00
      vertex   1.111260e+02 -9.950000e+00 1.406603e+00
      vertex   1.107640e+02 -9.934202e+00 1.413969e+00
    endloop
  endfacet
  facet normal 3.853614e-19 -4.226183e-01 9.063078e-01
    outer loop
      vertex   1.107640e+02 -9.950000e+00 1.406603e+00
      vertex   1.107640e+02 -9.934202e+00 1.413969e+00
      vertex   1.104020e+02 -9.934202e+00 1.413969e+00
    endloop
  endfacet
  facet normal 0.000000e+00 -2.588190e-01 9.659258e-01
    outer loop
      vertex   1.104020e+02 -9.934202e+00 1.413969e+00
      vertex   1.107640e+02 -9.934202e+00 1.413969e+00
      vertex   1.104020e+02 -9.917365e+00 1.418481e+00
    endloop
  endfacet
  facet normal -1.185703e-15 -2.588190e-01 9.659258e-01
    outer loop
      vertex   1.104020e+02 -9.934202e+00 1.413969e+00
      vertex   1.104020e+02 -9.917365e+00 1.418481e+00
      vertex   1.100400e+02 -9.917365e+00 1.418481e+00
    endloop
  endfacet
  facet normal -1.222098e-15 -8.715574e-02 9.961947e-01
    outer loop
      vertex   1.100400e+02 -9.917365e+00 1.418481e+00
      vertex   1.104020e+02 -9.917365e+00 1.418481e+00
      vertex   1.136600e+02 -9.900000e+00 1.420000e+00
    endloop
  endfacet
  facet normal -3.055376e-16 -8.715574e-02 9.961947e-01
    outer loop
      vertex   1.100400e+02 -9.917365e+00 1.418481e+00
      vertex   1.136600e+02 -9.900000e+00 1.420000e+00
      vertex   1.064200e+02 -9.900000e+00 1.420000e+00
    endloop
  endfacet
  facet normal 0.000000e+00 -9.659258e-01 2.588190e-01
    outer loop
      vertex   1.132980e+02 -9.998481e+00 1.337365e+00
      vertex   1.136600e+02 -9.998481e+00 1.337365e+00
      vertex   1.132980e+02 -9.993969e+00 1.354202e+00
    endloop
  endfacet
  facet normal 1.587552e-16 -9.659258e-01 2.588190e-01
    outer loop
      vertex   1.132980e+02 -9.993969e+00 1.354202e+00
      vertex   1.136600e+02 -9.998481e+00 1.337365e+00
      vertex   1.136600e+02 -9.993969e+00 1.354202e+00
    endloop
  endfacet
  facet normal 2.592268e-16 -9.063078e-01 4.226183e-01
    outer loop
      vertex   1.132980e+02 -9.993969e+00 1.354202e+00
      vertex   1.136600e+02 -9.993969e+00 1.354202e+00
      vertex   1.132980e+02 -9.986603e+00 1.370000e+00
    endloop
  endfacet
  facet normal 2.592268e-16 -9.063078e-01 4.226183e-01
    outer loop
      vertex   1.132980e+02 -9.986603e+00 1.370000e+00
      vertex   1.136600e+02 -9.993969e+00 1.354202e+00
      vertex   1.136600e+02 -9.986603e+00 1.370000e+00
    endloop
  endfacet
  facet normal 3.518220e-16 -8.191520e-01 5.735764e-01
    outer loop
      vertex   1.132980e+02 -9.986603e+00 1.370000e+00
      vertex   1.136600e+02 -9.986603e+00 1.370000e+00
      vertex   1.132980e+02 -9.976604e+00 1.384279e+00
    endloop
  endfacet
  facet normal 3.518220e-16 -8.191520e-01 5.735764e-01
    outer loop
      vertex   1.132980e+02 -9.976604e+00 1.384279e+00
      vertex   1.136600e+02 -9.986603e+00 1.370000e+00
      vertex   1.136600e+02 -9.976604e+00 1.384279e+00
    endloop
  endfacet
  facet normal 4.337272e-16 -7.071068e-01 7.071068e-01
    outer loop
      vertex   1.132980e+02 -9.976604e+00 1.384279e+00
      vertex   1.136600e+02 -9.976604e+00 1.384279e+00
      vertex   1.132980e+02 -9.964279e+00 1.396604e+00
    endloop
  endfacet
  facet normal 4.337272e-16 -7.071068e-01 7.071068e-01
    outer loop
      vertex   1.132980e+02 -9.964279e+00 1.396604e+00
      vertex   1.136600e+02 -9.976604e+00 1.384279e+00
      vertex   1.136600e+02 -9.964279e+00 1.396604e+00
    endloop
  endfacet
  facet normal 5.024538e-16 -5.735764e-01 8.191520e-01
    outer loop
      vertex   1.132980e+02 -9.964279e+00 1.396604e+00
      vertex   1.136600e+02 -9.964279e+00 1.396604e+00
      vertex   1.132980e+02 -9.950000e+00 1.406603e+00
    endloop
  endfacet
  facet normal 0.000000e+00 -5.735764e-01 8.191520e-01
    outer loop
      vertex   1.132980e+02 -9.950000e+00 1.406603e+00
      vertex   1.136600e+02 -9.964279e+00 1.396604e+00
      vertex   1.136600e+02 -9.950000e+00 1.406603e+00
    endloop
  endfacet
  facet normal 0.000000e+00 -4.226183e-01 9.063078e-01
    outer loop
      vertex   1.132980e+02 -9.950000e+00 1.406603e+00
      vertex   1.136600e+02 -9.950000e+00 1.406603e+00
      vertex   1.132980e+02 -9.934202e+00 1.413969e+00
    endloop
  endfacet
  facet normal 0.000000e+00 -4.226183e-01 9.063078e-01
    outer loop
      vertex   1.132980e+02 -9.934202e+00 1.413969e+00
      vertex   1.136600e+02 -9.950000e+00 1.406603e+00
      vertex   1.136600e+02 -9.934202e+00 1.413969e+00
    endloop
  endfacet
  facet normal 0.000000e+00 -2.588190e-01 9.659258e-01
    outer loop
      vertex   1.132980e+02 -9.934202e+00 1.413969e+00
      vertex   1.136600e+02 -9.934202e+00 1.413969e+00
      vertex   1.132980e+02 -9.917365e+00 1.418481e+00
    endloop
  endfacet
  facet normal 5.924824e-16 -2.588190e-01 9.659258e-01
    outer loop
      vertex   1.132980e+02 -9.917365e+00 1.418481e+00
      vertex   1.136600e+02 -9.934202e+00 1.413969e+00
      vertex   1.136600e+02 -9.917365e+00 1.418481e+00
    endloop
  endfacet
  facet normal 6.110488e-16 -8.715574e-02 9.961947e-01
    outer loop
      vertex   1.132980e+02 -9.917365e+00 1.418481e+00
      vertex   1.136600e+02 -9.917365e+00 1.418481e+00
      vertex   1.136600e+02 -9.900000e+00 1.420000e+00
    endloop
  endfacet
  facet normal 0.000000e+00 -2.588190e-01 9.659258e-01
    outer loop
      vertex   1.071440e+02 -9.917365e+00 1.418481e+00
      vertex   1.067820e+02 -9.917365e+00 1.418481e+00
      vertex   1.071440e+02 -9.934202e+00 1.413969e+00
    endloop
  endfacet
  facet normal 0.000000e+00 -2.588190e-01 9.659258e-01
    outer loop
      vertex   1.071440e+02 -9.934202e+00 1.413969e+00
      vertex   1.067820e+02 -9.917365e+00 1.418481e+00
      vertex   1.067820e+02 -9.934202e+00 1.413969e+00
    endloop
  endfacet
  facet normal 0.000000e+00 -4.226183e-01 9.063078e-01
    outer loop
      vertex   1.071440e+02 -9.934202e+00 1.413969e+00
      vertex   1.067820e+02 -9.934202e+00 1.413969e+00
      vertex   1.071440e+02 -9.950000e+00 1.406603e+00
    endloop
  endfacet
  facet normal 0.000000e+00 -4.226183e-01 9.063078e-01
    outer loop
      vertex   1.071440e+02 -9.950000e+00 1.406603e+00
      vertex   1.067820e+02 -9.934202e+00 1.413969e+00
      vertex   1.067820e+02 -9.950000e+00 1.406603e+00
    endloop
  endfacet
  facet normal 0.000000e+00 -5.735764e-01 8.191520e-01
    outer loop
      vertex   1.071440e+02 -9.950000e+00 1.406603e+00
      vertex   1.067820e+02 -9.950000e+00 1.406603e+00
      vertex   1.071440e+02 -9.964279e+00 1.396604e+00
    endloop
  endfacet
  facet normal 0.000000e+00 -5.735764e-01 8.191520e-01
    outer loop
      vertex   1.071440e+02 -9.964279e+00 1.396604e+00
      vertex   1.067820e+02 -9.950000e+00 1.406603e+00
      vertex   1.067820e+02 -9.964279e+00 1.396604e+00
    endloop
  endfacet
  facet normal 0.000000e+00 -7.071068e-01 7.071068e-01
    outer loop
      vertex   1.071440e+02 -9.964279e+00 1.396604e+00
      vertex   1.067820e+02 -9.964279e+00 1.396604e+00
      vertex   1.071440e+02 -9.976604e+00 1.384279e+00
    endloop
  endfacet
  facet normal 0.000000e+00 -7.071068e-01 7.071068e-01
    outer loop
      vertex   1.071440e+02 -9.976604e+00 1.384279e+00
      vertex   1.067820e+02 -9.964279e+00 1.396604e+00
      vertex   1.067820e+02 -9.976604e+00 1.384279e+00
    endloop
  endfacet
  facet normal 0.000000e+00 -8.191520e-01 5.735764e-01
    outer loop
      vertex   1.071440e+02 -9.976604e+00 1.384279e+00
      vertex   1.067820e+02 -9.976604e+00 1.384279e+00
      vertex   1.071440e+02 -9.986603e+00 1.370000e+00
    endloop
  endfacet
  facet normal 0.000000e+00 -8.191520e-01 5.735764e-01
    outer loop
      vertex   1.071440e+02 -9.986603e+00 1.370000e+00
      vertex   1.067820e+02 -9.976604e+00 1.384279e+00
      vertex   1.067820e+02 -9.986603e+00 1.370000e+00
    endloop
  endfacet
  facet normal 0.000000e+00 -9.063078e-01 4.226183e-01
    outer loop
      vertex   1.071440e+02 -9.986603e+00 1.370000e+00
      vertex   1.067820e+02 -9.986603e+00 1.370000e+00
      vertex   1.071440e+02 -9.993969e+00 1.354202e+00
    endloop
  endfacet
  facet normal 0.000000e+00 -9.063078e-01 4.226183e-01
    outer loop
      vertex   1.071440e+02 -9.993969e+00 1.354202e+00
      vertex   1.067820e+02 -9.986603e+00 1.370000e+00
      vertex   1.067820e+02 -9.993969e+00 1.354202e+00
    endloop
  endfacet
  facet normal 0.000000e+00 -9.659258e-01 2.588190e-01
    outer loop
      vertex   1.071440e+02 -9.993969e+00 1.354202e+00
      vertex   1.067820e+02 -9.993969e+00 1.354202e+00
      vertex   1.071440e+02 -9.998481e+00 1.337365e+00
    endloop
  endfacet
  facet normal 0.000000e+00 -9.659258e-01 2.588190e-01
    outer loop
      vertex   1.071440e+02 -9.998481e+00 1.337365e+00
      vertex   1.067820e+02 -9.993969e+00 1.354202e+00
      vertex   1.067820e+02 -9.998481e+00 1.337365e+00
    endloop
  endfacet
  facet normal 0.000000e+00 -9.961947e-01 8.715574e-02
    outer loop
      vertex   1.071440e+02 -9.998481e+00 1.337365e+00
      vertex   1.067820e+02 -9.998481e+00 1.337365e+00
      vertex   1.064200e+02 -1.000000e+01 1.320000e+00
    endloop
  endfacet
  facet normal 0.000000e+00 -8.715574e-02 9.961947e-01
    outer loop
      vertex   1.075060e+02 -9.917365e+00 1.418481e+00
      vertex   1.078680e+02 -9.917365e+00 1.418481e+00
      vertex   1.064200e+02 -9.900000e+00 1.420000e+00
    endloop
  endfacet
  facet normal -6.108648e-16 -8.715574e-02 9.961947e-01
    outer loop
      vertex   1.064200e+02 -9.900000e+00 1.420000e+00
      vertex   1.078680e+02 -9.917365e+00 1.418481e+00
      vertex   1.082300e+02 -9.917365e+00 1.418481e+00
    endloop
  endfacet
  facet normal 1.728584e-19 -8.715574e-02 9.961947e-01
    outer loop
      vertex   1.064200e+02 -9.900000e+00 1.420000e+00
      vertex   1.082300e+02 -9.917365e+00 1.418481e+00
      vertex   1.085920e+02 -9.917365e+00 1.418481e+00
    endloop
  endfacet
  facet normal 0.000000e+00 -2.588190e-01 9.659258e-01
    outer loop
      vertex   1.085920e+02 -9.917365e+00 1.418481e+00
      vertex   1.082300e+02 -9.917365e+00 1.418481e+00
      vertex   1.085920e+02 -9.934202e+00 1.413969e+00
    endloop
  endfacet
  facet normal -4.384971e-19 -2.588190e-01 9.659258e-01
    outer loop
      vertex   1.085920e+02 -9.917365e+00 1.418481e+00
      vertex   1.085920e+02 -9.934202e+00 1.413969e+00
      vertex   1.089540e+02 -9.934202e+00 1.413969e+00
    endloop
  endfacet
  facet normal 0.000000e+00 -4.226183e-01 9.063078e-01
    outer loop
      vertex   1.089540e+02 -9.934202e+00 1.413969e+00
      vertex   1.085920e+02 -9.934202e+00 1.413969e+00
      vertex   1.089540e+02 -9.950000e+00 1.406603e+00
    endloop
  endfacet
  facet normal -5.555283e-16 -4.226183e-01 9.063078e-01
    outer loop
      vertex   1.089540e+02 -9.934202e+00 1.413969e+00
      vertex   1.089540e+02 -9.950000e+00 1.406603e+00
      vertex   1.093160e+02 -9.950000e+00 1.406603e+00
    endloop
  endfacet
  facet normal -5.024538e-16 -5.735764e-01 8.191520e-01
    outer loop
      vertex   1.093160e+02 -9.950000e+00 1.406603e+00
      vertex   1.089540e+02 -9.950000e+00 1.406603e+00
      vertex   1.093160e+02 -9.964279e+00 1.396604e+00
    endloop
  endfacet
  facet normal -1.883312e-18 -5.735764e-01 8.191520e-01
    outer loop
      vertex   1.093160e+02 -9.950000e+00 1.406603e+00
      vertex   1.093160e+02 -9.964279e+00 1.396604e+00
      vertex   1.096780e+02 -9.964279e+00 1.396604e+00
    endloop
  endfacet
  facet normal 0.000000e+00 -7.071068e-01 7.071068e-01
    outer loop
      vertex   1.096780e+02 -9.964279e+00 1.396604e+00
      vertex   1.093160e+02 -9.964279e+00 1.396604e+00
      vertex   1.096780e+02 -9.976604e+00 1.384279e+00
    endloop
  endfacet
  facet normal 1.868535e-18 -7.071068e-01 7.071068e-01
    outer loop
      vertex   1.096780e+02 -9.964279e+00 1.396604e+00
      vertex   1.096780e+02 -9.976604e+00 1.384279e+00
      vertex   1.100400e+02 -9.976604e+00 1.384279e+00
    endloop
  endfacet
  facet normal 0.000000e+00 -8.191520e-01 5.735764e-01
    outer loop
      vertex   1.100400e+02 -9.976604e+00 1.384279e+00
      vertex   1.096780e+02 -9.976604e+00 1.384279e+00
      vertex   1.100400e+02 -9.986603e+00 1.370000e+00
    endloop
  endfacet
  facet normal -3.528392e-16 -8.191520e-01 5.735764e-01
    outer loop
      vertex   1.100400e+02 -9.976604e+00 1.384279e+00
      vertex   1.100400e+02 -9.986603e+00 1.370000e+00
      vertex   1.104020e+02 -9.986603e+00 1.370000e+00
    endloop
  endfacet
  facet normal -2.592268e-16 -9.063078e-01 4.226183e-01
    outer loop
      vertex   1.104020e+02 -9.986603e+00 1.370000e+00
      vertex   1.100400e+02 -9.986603e+00 1.370000e+00
      vertex   1.104020e+02 -9.993969e+00 1.354202e+00
    endloop
  endfacet
  facet normal -3.379798e-19 -9.063078e-01 4.226183e-01
    outer loop
      vertex   1.104020e+02 -9.986603e+00 1.370000e+00
      vertex   1.104020e+02 -9.993969e+00 1.354202e+00
      vertex   1.107640e+02 -9.993969e+00 1.354202e+00
    endloop
  endfacet
  facet normal 0.000000e+00 -9.659258e-01 2.588190e-01
    outer loop
      vertex   1.107640e+02 -9.993969e+00 1.354202e+00
      vertex   1.104020e+02 -9.993969e+00 1.354202e+00
      vertex   1.107640e+02 -9.998481e+00 1.337365e+00
    endloop
  endfacet
  facet normal -9.232515e-19 -9.659258e-01 2.588190e-01
    outer loop
      vertex   1.107640e+02 -9.993969e+00 1.354202e+00
      vertex   1.107640e+02 -9.998481e+00 1.337365e+00
      vertex   1.111260e+02 -9.998481e+00 1.337365e+00
    endloop
  endfacet
  facet normal 0.000000e+00 -9.961947e-01 8.715574e-02
    outer loop
      vertex   1.111260e+02 -9.998481e+00 1.337365e+00
      vertex   1.107640e+02 -9.998481e+00 1.337365e+00
      vertex   1.136600e+02 -1.000000e+01 1.320000e+00
    endloop
  endfacet
  facet normal 0.000000e+00 -9.961947e-01 8.715574e-02
    outer loop
      vertex   1.111260e+02 -9.998481e+00 1.337365e+00
      vertex   1.136600e+02 -1.000000e+01 1.320000e+00
      vertex   1.114880e+02 -9.998481e+00 1.337365e+00
    endloop
  endfacet
  facet normal 0.000000e+00 -9.961947e-01 8.715574e-02
    outer loop
      vertex   1.114880e+02 -9.998481e+00 1.337365e+00
      vertex   1.136600e+02 -1.000000e+01 1.320000e+00
      vertex   1.118500e+02 -9.998481e+00 1.337365e+00
    endloop
  endfacet
  facet normal 0.000000e+00 -9.659258e-01 2.588190e-01
    outer loop
      vertex   1.114880e+02 -9.998481e+00 1.337365e+00
      vertex   1.118500e+02 -9.998481e+00 1.337365e+00
      vertex   1.114880e+02 -9.993969e+00 1.354202e+00
    endloop
  endfacet
  facet normal -1.587552e-16 -9.659258e-01 2.588190e-01
    outer loop
      vertex   1.114880e+02 -9.993969e+00 1.354202e+00
      vertex   1.118500e+02 -9.998481e+00 1.337365e+00
      vertex   1.118500e+02 -9.993969e+00 1.354202e+00
    endloop
  endfacet
  facet normal -2.592268e-16 -9.063078e-01 4.226183e-01
    outer loop
      vertex   1.114880e+02 -9.993969e+00 1.354202e+00
      vertex   1.118500e+02 -9.993969e+00 1.354202e+00
      vertex   1.114880e+02 -9.986603e+00 1.370000e+00
    endloop
  endfacet
  facet normal -2.592268e-16 -9.063078e-01 4.226183e-01
    outer loop
      vertex   1.114880e+02 -9.986603e+00 1.370000e+00
      vertex   1.118500e+02 -9.993969e+00 1.354202e+00
      vertex   1.118500e+02 -9.986603e+00 1.370000e+00
    endloop
  endfacet
  facet normal -3.518220e-16 -8.191520e-01 5.735764e-01
    outer loop
      vertex   1.114880e+02 -9.986603e+00 1.370000e+00
      vertex   1.118500e+02 -9.986603e+00 1.370000e+00
      vertex   1.114880e+02 -9.976604e+00 1.384279e+00
    endloop
  endfacet
  facet normal 0.000000e+00 -2.588190e-01 9.659258e-01
    outer loop
      vertex   1.075060e+02 -9.917365e+00 1.418481e+00
      vertex   1.078680e+02 -9.934202e+00 1.413969e+00
      vertex   1.078680e+02 -9.917365e+00 1.418481e+00
    endloop
  endfacet
  facet normal -1.185703e-15 -2.588190e-01 9.659258e-01
    outer loop
      vertex   1.078680e+02 -9.917365e+00 1.418481e+00
      vertex   1.078680e+02 -9.934202e+00 1.413969e+00
      vertex   1.082300e+02 -9.934202e+00 1.413969e+00
    endloop
  endfacet
  facet normal -5.924824e-16 -2.588190e-01 9.659258e-01
    outer loop
      vertex   1.078680e+02 -9.917365e+00 1.418481e+00
      vertex   1.082300e+02 -9.934202e+00 1.413969e+00
      vertex   1.082300e+02 -9.917365e+00 1.418481e+00
    endloop
  endfacet
  facet normal -4.384971e-19 -2.588190e-01 9.659258e-01
    outer loop
      vertex   1.082300e+02 -9.917365e+00 1.418481e+00
      vertex   1.082300e+02 -9.934202e+00 1.413969e+00
      vertex   1.085920e+02 -9.934202e+00 1.413969e+00
    endloop
  endfacet
  facet normal 0.000000e+00 -8.715574e-02 9.961947e-01
    outer loop
      vertex   1.085920e+02 -9.917365e+00 1.418481e+00
      vertex   1.089540e+02 -9.917365e+00 1.418481e+00
      vertex   1.064200e+02 -9.900000e+00 1.420000e+00
    endloop
  endfacet
  facet normal -6.108759e-16 -8.715574e-02 9.961947e-01
    outer loop
      vertex   1.064200e+02 -9.900000e+00 1.420000e+00
      vertex   1.089540e+02 -9.917365e+00 1.418481e+00
      vertex   1.093160e+02 -9.917365e+00 1.418481e+00
    endloop
  endfacet
  facet normal 1.617453e-19 -8.715574e-02 9.961947e-01
    outer loop
      vertex   1.064200e+02 -9.900000e+00 1.420000e+00
      vertex   1.093160e+02 -9.917365e+00 1.418481e+00
      vertex   1.096780e+02 -9.917365e+00 1.418481e+00
    endloop
  endfacet
  facet normal 0.000000e+00 -2.588190e-01 9.659258e-01
    outer loop
      vertex   1.096780e+02 -9.917365e+00 1.418481e+00
      vertex   1.093160e+02 -9.917365e+00 1.418481e+00
      vertex   1.096780e+02 -9.934202e+00 1.413969e+00
    endloop
  endfacet
  facet normal -4.384971e-19 -2.588190e-01 9.659258e-01
    outer loop
      vertex   1.096780e+02 -9.917365e+00 1.418481e+00
      vertex   1.096780e+02 -9.934202e+00 1.413969e+00
      vertex   1.100400e+02 -9.934202e+00 1.413969e+00
    endloop
  endfacet
  facet normal 0.000000e+00 -4.226183e-01 9.063078e-01
    outer loop
      vertex   1.100400e+02 -9.934202e+00 1.413969e+00
      vertex   1.096780e+02 -9.934202e+00 1.413969e+00
      vertex   1.100400e+02 -9.950000e+00 1.406603e+00
    endloop
  endfacet
  facet normal -5.555283e-16 -4.226183e-01 9.063078e-01
    outer loop
      vertex   1.100400e+02 -9.934202e+00 1.413969e+00
      vertex   1.100400e+02 -9.950000e+00 1.406603e+00
      vertex   1.104020e+02 -9.950000e+00 1.406603e+00
    endloop
  endfacet
  facet normal -5.024538e-16 -5.735764e-01 8.191520e-01
    outer loop
      vertex   1.104020e+02 -9.950000e+00 1.406603e+00
      vertex   1.100400e+02 -9.950000e+00 1.406603e+00
      vertex   1.104020e+02 -9.964279e+00 1.396604e+00
    endloop
  endfacet
  facet normal -1.761361e-18 -5.735764e-01 8.191520e-01
    outer loop
      vertex   1.104020e+02 -9.950000e+00 1.406603e+00
      vertex   1.104020e+02 -9.964279e+00 1.396604e+00
      vertex   1.107640e+02 -9.964279e+00 1.396604e+00
    endloop
  endfacet
  facet normal 0.000000e+00 -7.071068e-01 7.071068e-01
    outer loop
      vertex   1.107640e+02 -9.964279e+00 1.396604e+00
      vertex   1.104020e+02 -9.964279e+00 1.396604e+00
      vertex   1.107640e+02 -9.976604e+00 1.384279e+00
    endloop
  endfacet
  facet normal 1.868535e-18 -7.071068e-01 7.071068e-01
    outer loop
      vertex   1.107640e+02 -9.964279e+00 1.396604e+00
      vertex   1.107640e+02 -9.976604e+00 1.384279e+00
      vertex   1.111260e+02 -9.976604e+00 1.384279e+00
    endloop
  endfacet
  facet normal 0.000000e+00 -8.191520e-01 5.735764e-01
    outer loop
      vertex   1.111260e+02 -9.976604e+00 1.384279e+00
      vertex   1.107640e+02 -9.976604e+00 1.384279e+00
      vertex   1.111260e+02 -9.986603e+00 1.370000e+00
    endloop
  endfacet
  facet normal -1.838524e-18 -8.191520e-01 5.735764e-01
    outer loop
      vertex   1.111260e+02 -9.976604e+00 1.384279e+00
      vertex   1.111260e+02 -9.986603e+00 1.370000e+00
      vertex   1.114880e+02 -9.986603e+00 1.370000e+00
    endloop
  endfacet
  facet normal 0.000000e+00 -9.063078e-01 4.226183e-01
    outer loop
      vertex   1.114880e+02 -9.986603e+00 1.370000e+00
      vertex   1.111260e+02 -9.986603e+00 1.370000e+00
      vertex   1.114880e+02 -9.993969e+00 1.354202e+00
    endloop
  endfacet
  facet normal 0.000000e+00 -2.588190e-01 9.659258e-01
    outer loop
      vertex   1.085920e+02 -9.917365e+00 1.418481e+00
      vertex   1.089540e+02 -9.934202e+00 1.413969e+00
      vertex   1.089540e+02 -9.917365e+00 1.418481e+00
    endloop
  endfacet
  facet normal -5.929209e-16 -2.588190e-01 9.659258e-01
    outer loop
      vertex   1.089540e+02 -9.917365e+00 1.418481e+00
      vertex   1.089540e+02 -9.934202e+00 1.413969e+00
      vertex   1.093160e+02 -9.934202e+00 1.413969e+00
    endloop
  endfacet
  facet normal -5.924824e-16 -2.588190e-01 9.659258e-01
    outer loop
      vertex   1.089540e+02 -9.917365e+00 1.418481e+00
      vertex   1.093160e+02 -9.934202e+00 1.413969e+00
      vertex   1.093160e+02 -9.917365e+00 1.418481e+00
    endloop
  endfacet
  facet normal -4.384971e-19 -2.588190e-01 9.659258e-01
    outer loop
      vertex   1.093160e+02 -9.917365e+00 1.418481e+00
      vertex   1.093160e+02 -9.934202e+00 1.413969e+00
      vertex   1.096780e+02 -9.934202e+00 1.413969e+00
    endloop
  endfacet
  facet normal 0.000000e+00 -8.715574e-02 9.961947e-01
    outer loop
      vertex   1.100400e+02 -9.917365e+00 1.418481e+00
      vertex   1.064200e+02 -9.900000e+00 1.420000e+00
      vertex   1.096780e+02 -9.917365e+00 1.418481e+00
    endloop
  endfacet
  facet normal -5.924824e-16 -2.588190e-01 9.659258e-01
    outer loop
      vertex   1.104020e+02 -9.934202e+00 1.413969e+00
      vertex   1.100400e+02 -9.917365e+00 1.418481e+00
      vertex   1.100400e+02 -9.934202e+00 1.413969e+00
    endloop
  endfacet
  facet normal -4.384971e-19 -2.588190e-01 9.659258e-01
    outer loop
      vertex   1.100400e+02 -9.934202e+00 1.413969e+00
      vertex   1.100400e+02 -9.917365e+00 1.418481e+00
      vertex   1.096780e+02 -9.917365e+00 1.418481e+00
    endloop
  endfacet
  facet normal 0.000000e+00 -8.715574e-02 9.961947e-01
    outer loop
      vertex   1.104020e+02 -9.917365e+00 1.418481e+00
      vertex   1.107640e+02 -9.917365e+00 1.418481e+00
      vertex   1.136600e+02 -9.900000e+00 1.420000e+00
    endloop
  endfacet
  facet normal 2.506503e-19 -8.715574e-02 9.961947e-01
    outer loop
      vertex   1.136600e+02 -9.900000e+00 1.420000e+00
      vertex   1.107640e+02 -9.917365e+00 1.418481e+00
      vertex   1.111260e+02 -9.917365e+00 1.418481e+00
    endloop
  endfacet
  facet normal 2.506503e-19 -8.715574e-02 9.961947e-01
    outer loop
      vertex   1.136600e+02 -9.900000e+00 1.420000e+00
      vertex   1.111260e+02 -9.917365e+00 1.418481e+00
      vertex   1.114880e+02 -9.917365e+00 1.418481e+00
    endloop
  endfacet
  facet normal 0.000000e+00 -2.588190e-01 9.659258e-01
    outer loop
      vertex   1.114880e+02 -9.917365e+00 1.418481e+00
      vertex   1.111260e+02 -9.917365e+00 1.418481e+00
      vertex   1.114880e+02 -9.934202e+00 1.413969e+00
    endloop
  endfacet
  facet normal -5.932202e-16 -2.588190e-01 9.659258e-01
    outer loop
      vertex   1.114880e+02 -9.917365e+00 1.418481e+00
      vertex   1.114880e+02 -9.934202e+00 1.413969e+00
      vertex   1.118500e+02 -9.934202e+00 1.413969e+00
    endloop
  endfacet
  facet normal -5.559137e-16 -4.226183e-01 9.063078e-01
    outer loop
      vertex   1.118500e+02 -9.934202e+00 1.413969e+00
      vertex   1.114880e+02 -9.934202e+00 1.413969e+00
      vertex   1.118500e+02 -9.950000e+00 1.406603e+00
    endloop
  endfacet
  facet normal 7.414661e-19 -4.226183e-01 9.063078e-01
    outer loop
      vertex   1.118500e+02 -9.934202e+00 1.413969e+00
      vertex   1.118500e+02 -9.950000e+00 1.406603e+00
      vertex   1.122120e+02 -9.950000e+00 1.406603e+00
    endloop
  endfacet
  facet normal 0.000000e+00 -5.735764e-01 8.191520e-01
    outer loop
      vertex   1.122120e+02 -9.950000e+00 1.406603e+00
      vertex   1.118500e+02 -9.950000e+00 1.406603e+00
      vertex   1.122120e+02 -9.964279e+00 1.396604e+00
    endloop
  endfacet
  facet normal -2.005262e-18 -5.735764e-01 8.191520e-01
    outer loop
      vertex   1.122120e+02 -9.950000e+00 1.406603e+00
      vertex   1.122120e+02 -9.964279e+00 1.396604e+00
      vertex   1.125740e+02 -9.964279e+00 1.396604e+00
    endloop
  endfacet
  facet normal 0.000000e+00 -7.071068e-01 7.071068e-01
    outer loop
      vertex   1.125740e+02 -9.964279e+00 1.396604e+00
      vertex   1.122120e+02 -9.964279e+00 1.396604e+00
      vertex   1.125740e+02 -9.976604e+00 1.384279e+00
    endloop
  endfacet
  facet normal -4.318587e-16 -7.071068e-01 7.071068e-01
    outer loop
      vertex   1.125740e+02 -9.964279e+00 1.396604e+00
      vertex   1.125740e+02 -9.976604e+00 1.384279e+00
      vertex   1.129360e+02 -9.976604e+00 1.384279e+00
    endloop
  endfacet
  facet normal -3.518220e-16 -8.191520e-01 5.735764e-01
    outer loop
      vertex   1.129360e+02 -9.976604e+00 1.384279e+00
      vertex   1.125740e+02 -9.976604e+00 1.384279e+00
      vertex   1.129360e+02 -9.986603e+00 1.370000e+00
    endloop
  endfacet
  facet normal -1.838524e-18 -8.191520e-01 5.735764e-01
    outer loop
      vertex   1.129360e+02 -9.976604e+00 1.384279e+00
      vertex   1.129360e+02 -9.986603e+00 1.370000e+00
      vertex   1.132980e+02 -9.986603e+00 1.370000e+00
    endloop
  endfacet
  facet normal 0.000000e+00 -9.063078e-01 4.226183e-01
    outer loop
      vertex   1.132980e+02 -9.986603e+00 1.370000e+00
      vertex   1.129360e+02 -9.986603e+00 1.370000e+00
      vertex   1.132980e+02 -9.993969e+00 1.354202e+00
    endloop
  endfacet
  facet normal 0.000000e+00 -2.588190e-01 9.659258e-01
    outer loop
      vertex   1.104020e+02 -9.917365e+00 1.418481e+00
      vertex   1.107640e+02 -9.934202e+00 1.413969e+00
      vertex   1.107640e+02 -9.917365e+00 1.418481e+00
    endloop
  endfacet
  facet normal -7.378335e-19 -2.588190e-01 9.659258e-01
    outer loop
      vertex   1.107640e+02 -9.917365e+00 1.418481e+00
      vertex   1.107640e+02 -9.934202e+00 1.413969e+00
      vertex   1.111260e+02 -9.934202e+00 1.413969e+00
    endloop
  endfacet
  facet normal 0.000000e+00 -2.588190e-01 9.659258e-01
    outer loop
      vertex   1.107640e+02 -9.917365e+00 1.418481e+00
      vertex   1.111260e+02 -9.934202e+00 1.413969e+00
      vertex   1.111260e+02 -9.917365e+00 1.418481e+00
    endloop
  endfacet
  facet normal -7.378335e-19 -2.588190e-01 9.659258e-01
    outer loop
      vertex   1.111260e+02 -9.917365e+00 1.418481e+00
      vertex   1.111260e+02 -9.934202e+00 1.413969e+00
      vertex   1.114880e+02 -9.934202e+00 1.413969e+00
    endloop
  endfacet
  facet normal -6.110488e-16 -8.715574e-02 9.961947e-01
    outer loop
      vertex   1.114880e+02 -9.917365e+00 1.418481e+00
      vertex   1.118500e+02 -9.917365e+00 1.418481e+00
      vertex   1.136600e+02 -9.900000e+00 1.420000e+00
    endloop
  endfacet
  facet normal 2.395372e-19 -8.715574e-02 9.961947e-01
    outer loop
      vertex   1.136600e+02 -9.900000e+00 1.420000e+00
      vertex   1.118500e+02 -9.917365e+00 1.418481e+00
      vertex   1.122120e+02 -9.917365e+00 1.418481e+00
    endloop
  endfacet
  facet normal 2.395372e-19 -8.715574e-02 9.961947e-01
    outer loop
      vertex   1.136600e+02 -9.900000e+00 1.420000e+00
      vertex   1.122120e+02 -9.917365e+00 1.418481e+00
      vertex   1.125740e+02 -9.917365e+00 1.418481e+00
    endloop
  endfacet
  facet normal 0.000000e+00 -2.588190e-01 9.659258e-01
    outer loop
      vertex   1.125740e+02 -9.917365e+00 1.418481e+00
      vertex   1.122120e+02 -9.917365e+00 1.418481e+00
      vertex   1.125740e+02 -9.934202e+00 1.413969e+00
    endloop
  endfacet
  facet normal -5.935195e-16 -2.588190e-01 9.659258e-01
    outer loop
      vertex   1.125740e+02 -9.917365e+00 1.418481e+00
      vertex   1.125740e+02 -9.934202e+00 1.413969e+00
      vertex   1.129360e+02 -9.934202e+00 1.413969e+00
    endloop
  endfacet
  facet normal -5.559137e-16 -4.226183e-01 9.063078e-01
    outer loop
      vertex   1.129360e+02 -9.934202e+00 1.413969e+00
      vertex   1.125740e+02 -9.934202e+00 1.413969e+00
      vertex   1.129360e+02 -9.950000e+00 1.406603e+00
    endloop
  endfacet
  facet normal 7.414661e-19 -4.226183e-01 9.063078e-01
    outer loop
      vertex   1.129360e+02 -9.934202e+00 1.413969e+00
      vertex   1.129360e+02 -9.950000e+00 1.406603e+00
      vertex   1.132980e+02 -9.950000e+00 1.406603e+00
    endloop
  endfacet
  facet normal 0.000000e+00 -5.735764e-01 8.191520e-01
    outer loop
      vertex   1.132980e+02 -9.950000e+00 1.406603e+00
      vertex   1.129360e+02 -9.950000e+00 1.406603e+00
      vertex   1.132980e+02 -9.964279e+00 1.396604e+00
    endloop
  endfacet
  facet normal -5.924824e-16 -2.588190e-01 9.659258e-01
    outer loop
      vertex   1.114880e+02 -9.917365e+00 1.418481e+00
      vertex   1.118500e+02 -9.934202e+00 1.413969e+00
      vertex   1.118500e+02 -9.917365e+00 1.418481e+00
    endloop
  endfacet
  facet normal -7.378335e-19 -2.588190e-01 9.659258e-01
    outer loop
      vertex   1.118500e+02 -9.917365e+00 1.418481e+00
      vertex   1.118500e+02 -9.934202e+00 1.413969e+00
      vertex   1.122120e+02 -9.934202e+00 1.413969e+00
    endloop
  endfacet
  facet normal 0.000000e+00 -2.588190e-01 9.659258e-01
    outer loop
      vertex   1.118500e+02 -9.917365e+00 1.418481e+00
      vertex   1.122120e+02 -9.934202e+00 1.413969e+00
      vertex   1.122120e+02 -9.917365e+00 1.418481e+00
    endloop
  endfacet
  facet normal 5.917445e-16 -2.588190e-01 9.659258e-01
    outer loop
      vertex   1.122120e+02 -9.917365e+00 1.418481e+00
      vertex   1.122120e+02 -9.934202e+00 1.413969e+00
      vertex   1.125740e+02 -9.934202e+00 1.413969e+00
    endloop
  endfacet
  facet normal 0.000000e+00 -8.715574e-02 9.961947e-01
    outer loop
      vertex   1.132980e+02 -9.917365e+00 1.418481e+00
      vertex   1.136600e+02 -9.900000e+00 1.420000e+00
      vertex   1.129360e+02 -9.917365e+00 1.418481e+00
    endloop
  endfacet
  facet normal -6.110488e-16 -8.715574e-02 9.961947e-01
    outer loop
      vertex   1.129360e+02 -9.917365e+00 1.418481e+00
      vertex   1.136600e+02 -9.900000e+00 1.420000e+00
      vertex   1.125740e+02 -9.917365e+00 1.418481e+00
    endloop
  endfacet
  facet normal -5.924824e-16 -2.588190e-01 9.659258e-01
    outer loop
      vertex   1.129360e+02 -9.917365e+00 1.418481e+00
      vertex   1.125740e+02 -9.917365e+00 1.418481e+00
      vertex   1.129360e+02 -9.934202e+00 1.413969e+00
    endloop
  endfacet
  facet normal -1.037170e-18 -2.588190e-01 9.659258e-01
    outer loop
      vertex   1.132980e+02 -9.934202e+00 1.413969e+00
      vertex   1.132980e+02 -9.917365e+00 1.418481e+00
      vertex   1.129360e+02 -9.917365e+00 1.418481e+00
    endloop
  endfacet
  facet normal 0.000000e+00 -2.588190e-01 9.659258e-01
    outer loop
      vertex   1.132980e+02 -9.934202e+00 1.413969e+00
      vertex   1.129360e+02 -9.917365e+00 1.418481e+00
      vertex   1.129360e+02 -9.934202e+00 1.413969e+00
    endloop
  endfacet
  facet normal -7.378335e-19 -2.588190e-01 9.659258e-01
    outer loop
      vertex   1.071440e+02 -9.917365e+00 1.418481e+00
      vertex   1.071440e+02 -9.934202e+00 1.413969e+00
      vertex   1.075060e+02 -9.934202e+00 1.413969e+00
    endloop
  endfacet
  facet normal 0.000000e+00 -4.226183e-01 9.063078e-01
    outer loop
      vertex   1.075060e+02 -9.934202e+00 1.413969e+00
      vertex   1.071440e+02 -9.934202e+00 1.413969e+00
      vertex   1.075060e+02 -9.950000e+00 1.406603e+00
    endloop
  endfacet
  facet normal -1.050189e-18 -4.226183e-01 9.063078e-01
    outer loop
      vertex   1.075060e+02 -9.934202e+00 1.413969e+00
      vertex   1.075060e+02 -9.950000e+00 1.406603e+00
      vertex   1.078680e+02 -9.950000e+00 1.406603e+00
    endloop
  endfacet
  facet normal 0.000000e+00 -5.735764e-01 8.191520e-01
    outer loop
      vertex   1.078680e+02 -9.950000e+00 1.406603e+00
      vertex   1.075060e+02 -9.950000e+00 1.406603e+00
      vertex   1.078680e+02 -9.964279e+00 1.396604e+00
    endloop
  endfacet
  facet normal -5.044591e-16 -5.735764e-01 8.191520e-01
    outer loop
      vertex   1.078680e+02 -9.950000e+00 1.406603e+00
      vertex   1.078680e+02 -9.964279e+00 1.396604e+00
      vertex   1.082300e+02 -9.964279e+00 1.396604e+00
    endloop
  endfacet
  facet normal -4.337272e-16 -7.071068e-01 7.071068e-01
    outer loop
      vertex   1.082300e+02 -9.964279e+00 1.396604e+00
      vertex   1.078680e+02 -9.964279e+00 1.396604e+00
      vertex   1.082300e+02 -9.976604e+00 1.384279e+00
    endloop
  endfacet
  facet normal 1.988818e-18 -7.071068e-01 7.071068e-01
    outer loop
      vertex   1.082300e+02 -9.964279e+00 1.396604e+00
      vertex   1.082300e+02 -9.976604e+00 1.384279e+00
      vertex   1.085920e+02 -9.976604e+00 1.384279e+00
    endloop
  endfacet
  facet normal 0.000000e+00 -8.191520e-01 5.735764e-01
    outer loop
      vertex   1.085920e+02 -9.976604e+00 1.384279e+00
      vertex   1.082300e+02 -9.976604e+00 1.384279e+00
      vertex   1.085920e+02 -9.986603e+00 1.370000e+00
    endloop
  endfacet
  facet normal -1.017246e-18 -8.191520e-01 5.735764e-01
    outer loop
      vertex   1.085920e+02 -9.976604e+00 1.384279e+00
      vertex   1.085920e+02 -9.986603e+00 1.370000e+00
      vertex   1.089540e+02 -9.986603e+00 1.370000e+00
    endloop
  endfacet
  facet normal 0.000000e+00 -9.063078e-01 4.226183e-01
    outer loop
      vertex   1.089540e+02 -9.986603e+00 1.370000e+00
      vertex   1.085920e+02 -9.986603e+00 1.370000e+00
      vertex   1.089540e+02 -9.993969e+00 1.354202e+00
    endloop
  endfacet
  facet normal -2.595648e-16 -9.063078e-01 4.226183e-01
    outer loop
      vertex   1.089540e+02 -9.986603e+00 1.370000e+00
      vertex   1.089540e+02 -9.993969e+00 1.354202e+00
      vertex   1.093160e+02 -9.993969e+00 1.354202e+00
    endloop
  endfacet
  facet normal -1.587552e-16 -9.659258e-01 2.588190e-01
    outer loop
      vertex   1.093160e+02 -9.993969e+00 1.354202e+00
      vertex   1.089540e+02 -9.993969e+00 1.354202e+00
      vertex   1.093160e+02 -9.998481e+00 1.337365e+00
    endloop
  endfacet
  facet normal -9.232515e-19 -9.659258e-01 2.588190e-01
    outer loop
      vertex   1.093160e+02 -9.993969e+00 1.354202e+00
      vertex   1.093160e+02 -9.998481e+00 1.337365e+00
      vertex   1.096780e+02 -9.998481e+00 1.337365e+00
    endloop
  endfacet
  facet normal 0.000000e+00 -9.961947e-01 8.715574e-02
    outer loop
      vertex   1.096780e+02 -9.998481e+00 1.337365e+00
      vertex   1.093160e+02 -9.998481e+00 1.337365e+00
      vertex   1.064200e+02 -1.000000e+01 1.320000e+00
    endloop
  endfacet
  facet normal 0.000000e+00 -4.226183e-01 9.063078e-01
    outer loop
      vertex   1.075060e+02 -9.950000e+00 1.406603e+00
      vertex   1.071440e+02 -9.934202e+00 1.413969e+00
      vertex   1.071440e+02 -9.950000e+00 1.406603e+00
    endloop
  endfacet
  facet normal -1.111827e-15 -4.226183e-01 9.063078e-01
    outer loop
      vertex   1.078680e+02 -9.934202e+00 1.413969e+00
      vertex   1.082300e+02 -9.950000e+00 1.406603e+00
      vertex   1.082300e+02 -9.934202e+00 1.413969e+00
    endloop
  endfacet
  facet normal 3.853614e-19 -4.226183e-01 9.063078e-01
    outer loop
      vertex   1.082300e+02 -9.934202e+00 1.413969e+00
      vertex   1.082300e+02 -9.950000e+00 1.406603e+00
      vertex   1.085920e+02 -9.950000e+00 1.406603e+00
    endloop
  endfacet
  facet normal 0.000000e+00 -4.226183e-01 9.063078e-01
    outer loop
      vertex   1.082300e+02 -9.934202e+00 1.413969e+00
      vertex   1.085920e+02 -9.950000e+00 1.406603e+00
      vertex   1.085920e+02 -9.934202e+00 1.413969e+00
    endloop
  endfacet
  facet normal 3.853614e-19 -4.226183e-01 9.063078e-01
    outer loop
      vertex   1.085920e+02 -9.934202e+00 1.413969e+00
      vertex   1.085920e+02 -9.950000e+00 1.406603e+00
      vertex   1.089540e+02 -9.950000e+00 1.406603e+00
    endloop
  endfacet
  facet normal -5.559137e-16 -4.226183e-01 9.063078e-01
    outer loop
      vertex   1.089540e+02 -9.934202e+00 1.413969e+00
      vertex   1.093160e+02 -9.950000e+00 1.406603e+00
      vertex   1.093160e+02 -9.934202e+00 1.413969e+00
    endloop
  endfacet
  facet normal 3.853614e-19 -4.226183e-01 9.063078e-01
    outer loop
      vertex   1.093160e+02 -9.934202e+00 1.413969e+00
      vertex   1.093160e+02 -9.950000e+00 1.406603e+00
      vertex   1.096780e+02 -9.950000e+00 1.406603e+00
    endloop
  endfacet
  facet normal 0.000000e+00 -4.226183e-01 9.063078e-01
    outer loop
      vertex   1.093160e+02 -9.934202e+00 1.413969e+00
      vertex   1.096780e+02 -9.950000e+00 1.406603e+00
      vertex   1.096780e+02 -9.934202e+00 1.413969e+00
    endloop
  endfacet
  facet normal 3.853614e-19 -4.226183e-01 9.063078e-01
    outer loop
      vertex   1.096780e+02 -9.934202e+00 1.413969e+00
      vertex   1.096780e+02 -9.950000e+00 1.406603e+00
      vertex   1.100400e+02 -9.950000e+00 1.406603e+00
    endloop
  endfacet
  facet normal 0.000000e+00 -4.226183e-01 9.063078e-01
    outer loop
      vertex   1.107640e+02 -9.950000e+00 1.406603e+00
      vertex   1.104020e+02 -9.934202e+00 1.413969e+00
      vertex   1.104020e+02 -9.950000e+00 1.406603e+00
    endloop
  endfacet
  facet normal -5.555283e-16 -4.226183e-01 9.063078e-01
    outer loop
      vertex   1.104020e+02 -9.950000e+00 1.406603e+00
      vertex   1.104020e+02 -9.934202e+00 1.413969e+00
      vertex   1.100400e+02 -9.934202e+00 1.413969e+00
    endloop
  endfacet
  facet normal 0.000000e+00 -4.226183e-01 9.063078e-01
    outer loop
      vertex   1.107640e+02 -9.934202e+00 1.413969e+00
      vertex   1.111260e+02 -9.950000e+00 1.406603e+00
      vertex   1.111260e+02 -9.934202e+00 1.413969e+00
    endloop
  endfacet
  facet normal 3.853614e-19 -4.226183e-01 9.063078e-01
    outer loop
      vertex   1.111260e+02 -9.934202e+00 1.413969e+00
      vertex   1.111260e+02 -9.950000e+00 1.406603e+00
      vertex   1.114880e+02 -9.950000e+00 1.406603e+00
    endloop
  endfacet
  facet normal 0.000000e+00 -4.226183e-01 9.063078e-01
    outer loop
      vertex   1.111260e+02 -9.934202e+00 1.413969e+00
      vertex   1.114880e+02 -9.950000e+00 1.406603e+00
      vertex   1.114880e+02 -9.934202e+00 1.413969e+00
    endloop
  endfacet
  facet normal -1.111442e-15 -4.226183e-01 9.063078e-01
    outer loop
      vertex   1.114880e+02 -9.934202e+00 1.413969e+00
      vertex   1.114880e+02 -9.950000e+00 1.406603e+00
      vertex   1.118500e+02 -9.950000e+00 1.406603e+00
    endloop
  endfacet
  facet normal 0.000000e+00 -4.226183e-01 9.063078e-01
    outer loop
      vertex   1.118500e+02 -9.934202e+00 1.413969e+00
      vertex   1.122120e+02 -9.950000e+00 1.406603e+00
      vertex   1.122120e+02 -9.934202e+00 1.413969e+00
    endloop
  endfacet
  facet normal 7.414661e-19 -4.226183e-01 9.063078e-01
    outer loop
      vertex   1.122120e+02 -9.934202e+00 1.413969e+00
      vertex   1.122120e+02 -9.950000e+00 1.406603e+00
      vertex   1.125740e+02 -9.950000e+00 1.406603e+00
    endloop
  endfacet
  facet normal 5.559137e-16 -4.226183e-01 9.063078e-01
    outer loop
      vertex   1.122120e+02 -9.934202e+00 1.413969e+00
      vertex   1.125740e+02 -9.950000e+00 1.406603e+00
      vertex   1.125740e+02 -9.934202e+00 1.413969e+00
    endloop
  endfacet
  facet normal -1.050189e-18 -4.226183e-01 9.063078e-01
    outer loop
      vertex   1.125740e+02 -9.934202e+00 1.413969e+00
      vertex   1.125740e+02 -9.950000e+00 1.406603e+00
      vertex   1.129360e+02 -9.950000e+00 1.406603e+00
    endloop
  endfacet
  facet normal 7.414661e-19 -4.226183e-01 9.063078e-01
    outer loop
      vertex   1.132980e+02 -9.950000e+00 1.406603e+00
      vertex   1.132980e+02 -9.934202e+00 1.413969e+00
      vertex   1.129360e+02 -9.934202e+00 1.413969e+00
    endloop
  endfacet
  facet normal 0.000000e+00 -5.735764e-01 8.191520e-01
    outer loop
      vertex   1.075060e+02 -9.950000e+00 1.406603e+00
      vertex   1.071440e+02 -9.950000e+00 1.406603e+00
      vertex   1.075060e+02 -9.964279e+00 1.396604e+00
    endloop
  endfacet
  facet normal -2.814576e-15 -5.735764e-01 8.191520e-01
    outer loop
      vertex   1.075060e+02 -9.964279e+00 1.396604e+00
      vertex   1.071440e+02 -9.950000e+00 1.406603e+00
      vertex   1.071440e+02 -9.964279e+00 1.396604e+00
    endloop
  endfacet
  facet normal -3.469818e-15 -7.071068e-01 7.071068e-01
    outer loop
      vertex   1.075060e+02 -9.964279e+00 1.396604e+00
      vertex   1.071440e+02 -9.964279e+00 1.396604e+00
      vertex   1.075060e+02 -9.976604e+00 1.384279e+00
    endloop
  endfacet
  facet normal 4.337272e-16 -7.071068e-01 7.071068e-01
    outer loop
      vertex   1.075060e+02 -9.976604e+00 1.384279e+00
      vertex   1.071440e+02 -9.964279e+00 1.396604e+00
      vertex   1.071440e+02 -9.976604e+00 1.384279e+00
    endloop
  endfacet
  facet normal 3.518220e-16 -8.191520e-01 5.735764e-01
    outer loop
      vertex   1.075060e+02 -9.976604e+00 1.384279e+00
      vertex   1.071440e+02 -9.976604e+00 1.384279e+00
      vertex   1.075060e+02 -9.986603e+00 1.370000e+00
    endloop
  endfacet
  facet normal 0.000000e+00 -8.191520e-01 5.735764e-01
    outer loop
      vertex   1.075060e+02 -9.986603e+00 1.370000e+00
      vertex   1.071440e+02 -9.976604e+00 1.384279e+00
      vertex   1.071440e+02 -9.986603e+00 1.370000e+00
    endloop
  endfacet
  facet normal 0.000000e+00 -9.063078e-01 4.226183e-01
    outer loop
      vertex   1.075060e+02 -9.986603e+00 1.370000e+00
      vertex   1.071440e+02 -9.986603e+00 1.370000e+00
      vertex   1.075060e+02 -9.993969e+00 1.354202e+00
    endloop
  endfacet
  facet normal 0.000000e+00 -9.063078e-01 4.226183e-01
    outer loop
      vertex   1.075060e+02 -9.993969e+00 1.354202e+00
      vertex   1.071440e+02 -9.986603e+00 1.370000e+00
      vertex   1.071440e+02 -9.993969e+00 1.354202e+00
    endloop
  endfacet
  facet normal 0.000000e+00 -9.659258e-01 2.588190e-01
    outer loop
      vertex   1.075060e+02 -9.993969e+00 1.354202e+00
      vertex   1.071440e+02 -9.993969e+00 1.354202e+00
      vertex   1.075060e+02 -9.998481e+00 1.337365e+00
    endloop
  endfacet
  facet normal 0.000000e+00 -9.659258e-01 2.588190e-01
    outer loop
      vertex   1.075060e+02 -9.998481e+00 1.337365e+00
      vertex   1.071440e+02 -9.993969e+00 1.354202e+00
      vertex   1.071440e+02 -9.998481e+00 1.337365e+00
    endloop
  endfacet
  facet normal 0.000000e+00 -9.961947e-01 8.715574e-02
    outer loop
      vertex   1.075060e+02 -9.998481e+00 1.337365e+00
      vertex   1.071440e+02 -9.998481e+00 1.337365e+00
      vertex   1.064200e+02 -1.000000e+01 1.320000e+00
    endloop
  endfacet
  facet normal 0.000000e+00 -5.735764e-01 8.191520e-01
    outer loop
      vertex   1.082300e+02 -9.950000e+00 1.406603e+00
      vertex   1.085920e+02 -9.964279e+00 1.396604e+00
      vertex   1.085920e+02 -9.950000e+00 1.406603e+00
    endloop
  endfacet
  facet normal -1.883312e-18 -5.735764e-01 8.191520e-01
    outer loop
      vertex   1.085920e+02 -9.950000e+00 1.406603e+00
      vertex   1.085920e+02 -9.964279e+00 1.396604e+00
      vertex   1.089540e+02 -9.964279e+00 1.396604e+00
    endloop
  endfacet
  facet normal 0.000000e+00 -5.735764e-01 8.191520e-01
    outer loop
      vertex   1.085920e+02 -9.950000e+00 1.406603e+00
      vertex   1.089540e+02 -9.964279e+00 1.396604e+00
      vertex   1.089540e+02 -9.950000e+00 1.406603e+00
    endloop
  endfacet
  facet normal -5.043372e-16 -5.735764e-01 8.191520e-01
    outer loop
      vertex   1.089540e+02 -9.950000e+00 1.406603e+00
      vertex   1.089540e+02 -9.964279e+00 1.396604e+00
      vertex   1.093160e+02 -9.964279e+00 1.396604e+00
    endloop
  endfacet
  facet normal 0.000000e+00 -5.735764e-01 8.191520e-01
    outer loop
      vertex   1.093160e+02 -9.950000e+00 1.406603e+00
      vertex   1.096780e+02 -9.964279e+00 1.396604e+00
      vertex   1.096780e+02 -9.950000e+00 1.406603e+00
    endloop
  endfacet
  facet normal -1.883312e-18 -5.735764e-01 8.191520e-01
    outer loop
      vertex   1.096780e+02 -9.950000e+00 1.406603e+00
      vertex   1.096780e+02 -9.964279e+00 1.396604e+00
      vertex   1.100400e+02 -9.964279e+00 1.396604e+00
    endloop
  endfacet
  facet normal 0.000000e+00 -5.735764e-01 8.191520e-01
    outer loop
      vertex   1.096780e+02 -9.950000e+00 1.406603e+00
      vertex   1.100400e+02 -9.964279e+00 1.396604e+00
      vertex   1.100400e+02 -9.950000e+00 1.406603e+00
    endloop
  endfacet
  facet normal -1.006791e-15 -5.735764e-01 8.191520e-01
    outer loop
      vertex   1.100400e+02 -9.950000e+00 1.406603e+00
      vertex   1.100400e+02 -9.964279e+00 1.396604e+00
      vertex   1.104020e+02 -9.964279e+00 1.396604e+00
    endloop
  endfacet
  facet normal 1.004908e-15 -5.735764e-01 8.191520e-01
    outer loop
      vertex   1.111260e+02 -9.964279e+00 1.396604e+00
      vertex   1.107640e+02 -9.950000e+00 1.406603e+00
      vertex   1.107640e+02 -9.964279e+00 1.396604e+00
    endloop
  endfacet
  facet normal -1.761361e-18 -5.735764e-01 8.191520e-01
    outer loop
      vertex   1.107640e+02 -9.964279e+00 1.396604e+00
      vertex   1.107640e+02 -9.950000e+00 1.406603e+00
      vertex   1.104020e+02 -9.950000e+00 1.406603e+00
    endloop
  endfacet
  facet normal 0.000000e+00 -5.735764e-01 8.191520e-01
    outer loop
      vertex   1.111260e+02 -9.950000e+00 1.406603e+00
      vertex   1.114880e+02 -9.964279e+00 1.396604e+00
      vertex   1.114880e+02 -9.950000e+00 1.406603e+00
    endloop
  endfacet
  facet normal -1.006913e-15 -5.735764e-01 8.191520e-01
    outer loop
      vertex   1.114880e+02 -9.950000e+00 1.406603e+00
      vertex   1.114880e+02 -9.964279e+00 1.396604e+00
      vertex   1.118500e+02 -9.964279e+00 1.396604e+00
    endloop
  endfacet
  facet normal -1.004908e-15 -5.735764e-01 8.191520e-01
    outer loop
      vertex   1.114880e+02 -9.950000e+00 1.406603e+00
      vertex   1.118500e+02 -9.964279e+00 1.396604e+00
      vertex   1.118500e+02 -9.950000e+00 1.406603e+00
    endloop
  endfacet
  facet normal -2.005262e-18 -5.735764e-01 8.191520e-01
    outer loop
      vertex   1.118500e+02 -9.950000e+00 1.406603e+00
      vertex   1.118500e+02 -9.964279e+00 1.396604e+00
      vertex   1.122120e+02 -9.964279e+00 1.396604e+00
    endloop
  endfacet
  facet normal 0.000000e+00 -5.735764e-01 8.191520e-01
    outer loop
      vertex   1.122120e+02 -9.950000e+00 1.406603e+00
      vertex   1.125740e+02 -9.964279e+00 1.396604e+00
      vertex   1.125740e+02 -9.950000e+00 1.406603e+00
    endloop
  endfacet
  facet normal -5.044591e-16 -5.735764e-01 8.191520e-01
    outer loop
      vertex   1.125740e+02 -9.950000e+00 1.406603e+00
      vertex   1.125740e+02 -9.964279e+00 1.396604e+00
      vertex   1.129360e+02 -9.964279e+00 1.396604e+00
    endloop
  endfacet
  facet normal 0.000000e+00 -5.735764e-01 8.191520e-01
    outer loop
      vertex   1.125740e+02 -9.950000e+00 1.406603e+00
      vertex   1.129360e+02 -9.964279e+00 1.396604e+00
      vertex   1.129360e+02 -9.950000e+00 1.406603e+00
    endloop
  endfacet
  facet normal -1.883312e-18 -5.735764e-01 8.191520e-01
    outer loop
      vertex   1.129360e+02 -9.950000e+00 1.406603e+00
      vertex   1.129360e+02 -9.964279e+00 1.396604e+00
      vertex   1.132980e+02 -9.964279e+00 1.396604e+00
    endloop
  endfacet
  facet normal 5.005705e-16 -5.735764e-01 8.191520e-01
    outer loop
      vertex   1.075060e+02 -9.950000e+00 1.406603e+00
      vertex   1.075060e+02 -9.964279e+00 1.396604e+00
      vertex   1.078680e+02 -9.964279e+00 1.396604e+00
    endloop
  endfacet
  facet normal 4.337272e-16 -7.071068e-01 7.071068e-01
    outer loop
      vertex   1.078680e+02 -9.964279e+00 1.396604e+00
      vertex   1.075060e+02 -9.964279e+00 1.396604e+00
      vertex   1.078680e+02 -9.976604e+00 1.384279e+00
    endloop
  endfacet
  facet normal -4.317384e-16 -7.071068e-01 7.071068e-01
    outer loop
      vertex   1.078680e+02 -9.964279e+00 1.396604e+00
      vertex   1.078680e+02 -9.976604e+00 1.384279e+00
      vertex   1.082300e+02 -9.976604e+00 1.384279e+00
    endloop
  endfacet
  facet normal -3.518220e-16 -8.191520e-01 5.735764e-01
    outer loop
      vertex   1.082300e+02 -9.976604e+00 1.384279e+00
      vertex   1.078680e+02 -9.976604e+00 1.384279e+00
      vertex   1.082300e+02 -9.986603e+00 1.370000e+00
    endloop
  endfacet
  facet normal -1.017246e-18 -8.191520e-01 5.735764e-01
    outer loop
      vertex   1.082300e+02 -9.976604e+00 1.384279e+00
      vertex   1.082300e+02 -9.986603e+00 1.370000e+00
      vertex   1.085920e+02 -9.986603e+00 1.370000e+00
    endloop
  endfacet
  facet normal 0.000000e+00 -9.063078e-01 4.226183e-01
    outer loop
      vertex   1.085920e+02 -9.986603e+00 1.370000e+00
      vertex   1.082300e+02 -9.986603e+00 1.370000e+00
      vertex   1.085920e+02 -9.993969e+00 1.354202e+00
    endloop
  endfacet
  facet normal -3.379798e-19 -9.063078e-01 4.226183e-01
    outer loop
      vertex   1.085920e+02 -9.986603e+00 1.370000e+00
      vertex   1.085920e+02 -9.993969e+00 1.354202e+00
      vertex   1.089540e+02 -9.993969e+00 1.354202e+00
    endloop
  endfacet
  facet normal 0.000000e+00 -9.659258e-01 2.588190e-01
    outer loop
      vertex   1.089540e+02 -9.993969e+00 1.354202e+00
      vertex   1.085920e+02 -9.993969e+00 1.354202e+00
      vertex   1.089540e+02 -9.998481e+00 1.337365e+00
    endloop
  endfacet
  facet normal -7.441984e-19 -9.659258e-01 2.588190e-01
    outer loop
      vertex   1.089540e+02 -9.993969e+00 1.354202e+00
      vertex   1.089540e+02 -9.998481e+00 1.337365e+00
      vertex   1.093160e+02 -9.998481e+00 1.337365e+00
    endloop
  endfacet
  facet normal 0.000000e+00 -9.961947e-01 8.715574e-02
    outer loop
      vertex   1.093160e+02 -9.998481e+00 1.337365e+00
      vertex   1.089540e+02 -9.998481e+00 1.337365e+00
      vertex   1.064200e+02 -1.000000e+01 1.320000e+00
    endloop
  endfacet
  facet normal 0.000000e+00 -7.071068e-01 7.071068e-01
    outer loop
      vertex   1.078680e+02 -9.976604e+00 1.384279e+00
      vertex   1.075060e+02 -9.964279e+00 1.396604e+00
      vertex   1.075060e+02 -9.976604e+00 1.384279e+00
    endloop
  endfacet
  facet normal 0.000000e+00 -7.071068e-01 7.071068e-01
    outer loop
      vertex   1.085920e+02 -9.964279e+00 1.396604e+00
      vertex   1.089540e+02 -9.976604e+00 1.384279e+00
      vertex   1.089540e+02 -9.964279e+00 1.396604e+00
    endloop
  endfacet
  facet normal -8.654656e-16 -7.071068e-01 7.071068e-01
    outer loop
      vertex   1.089540e+02 -9.964279e+00 1.396604e+00
      vertex   1.089540e+02 -9.976604e+00 1.384279e+00
      vertex   1.093160e+02 -9.976604e+00 1.384279e+00
    endloop
  endfacet
  facet normal -4.337272e-16 -7.071068e-01 7.071068e-01
    outer loop
      vertex   1.089540e+02 -9.964279e+00 1.396604e+00
      vertex   1.093160e+02 -9.976604e+00 1.384279e+00
      vertex   1.093160e+02 -9.964279e+00 1.396604e+00
    endloop
  endfacet
  facet normal 8.695635e-16 -7.071068e-01 7.071068e-01
    outer loop
      vertex   1.093160e+02 -9.964279e+00 1.396604e+00
      vertex   1.093160e+02 -9.976604e+00 1.384279e+00
      vertex   1.096780e+02 -9.976604e+00 1.384279e+00
    endloop
  endfacet
  facet normal 0.000000e+00 -7.071068e-01 7.071068e-01
    outer loop
      vertex   1.096780e+02 -9.964279e+00 1.396604e+00
      vertex   1.100400e+02 -9.976604e+00 1.384279e+00
      vertex   1.100400e+02 -9.964279e+00 1.396604e+00
    endloop
  endfacet
  facet normal -8.655859e-16 -7.071068e-01 7.071068e-01
    outer loop
      vertex   1.100400e+02 -9.964279e+00 1.396604e+00
      vertex   1.100400e+02 -9.976604e+00 1.384279e+00
      vertex   1.104020e+02 -9.976604e+00 1.384279e+00
    endloop
  endfacet
  facet normal -8.674544e-16 -7.071068e-01 7.071068e-01
    outer loop
      vertex   1.100400e+02 -9.964279e+00 1.396604e+00
      vertex   1.104020e+02 -9.976604e+00 1.384279e+00
      vertex   1.104020e+02 -9.964279e+00 1.396604e+00
    endloop
  endfacet
  facet normal 1.868535e-18 -7.071068e-01 7.071068e-01
    outer loop
      vertex   1.104020e+02 -9.964279e+00 1.396604e+00
      vertex   1.104020e+02 -9.976604e+00 1.384279e+00
      vertex   1.107640e+02 -9.976604e+00 1.384279e+00
    endloop
  endfacet
  facet normal 0.000000e+00 -7.071068e-01 7.071068e-01
    outer loop
      vertex   1.114880e+02 -9.976604e+00 1.384279e+00
      vertex   1.111260e+02 -9.964279e+00 1.396604e+00
      vertex   1.111260e+02 -9.976604e+00 1.384279e+00
    endloop
  endfacet
  facet normal 8.695635e-16 -7.071068e-01 7.071068e-01
    outer loop
      vertex   1.111260e+02 -9.976604e+00 1.384279e+00
      vertex   1.111260e+02 -9.964279e+00 1.396604e+00
      vertex   1.107640e+02 -9.964279e+00 1.396604e+00
    endloop
  endfacet
  facet normal -8.674544e-16 -7.071068e-01 7.071068e-01
    outer loop
      vertex   1.114880e+02 -9.964279e+00 1.396604e+00
      vertex   1.118500e+02 -9.976604e+00 1.384279e+00
      vertex   1.118500e+02 -9.964279e+00 1.396604e+00
    endloop
  endfacet
  facet normal 1.868535e-18 -7.071068e-01 7.071068e-01
    outer loop
      vertex   1.118500e+02 -9.964279e+00 1.396604e+00
      vertex   1.118500e+02 -9.976604e+00 1.384279e+00
      vertex   1.122120e+02 -9.976604e+00 1.384279e+00
    endloop
  endfacet
  facet normal 0.000000e+00 -7.071068e-01 7.071068e-01
    outer loop
      vertex   1.118500e+02 -9.964279e+00 1.396604e+00
      vertex   1.122120e+02 -9.976604e+00 1.384279e+00
      vertex   1.122120e+02 -9.964279e+00 1.396604e+00
    endloop
  endfacet
  facet normal 1.868535e-18 -7.071068e-01 7.071068e-01
    outer loop
      vertex   1.122120e+02 -9.964279e+00 1.396604e+00
      vertex   1.122120e+02 -9.976604e+00 1.384279e+00
      vertex   1.125740e+02 -9.976604e+00 1.384279e+00
    endloop
  endfacet
  facet normal 1.868535e-18 -7.071068e-01 7.071068e-01
    outer loop
      vertex   1.132980e+02 -9.976604e+00 1.384279e+00
      vertex   1.132980e+02 -9.964279e+00 1.396604e+00
      vertex   1.129360e+02 -9.964279e+00 1.396604e+00
    endloop
  endfacet
  facet normal 0.000000e+00 -7.071068e-01 7.071068e-01
    outer loop
      vertex   1.132980e+02 -9.976604e+00 1.384279e+00
      vertex   1.129360e+02 -9.964279e+00 1.396604e+00
      vertex   1.129360e+02 -9.976604e+00 1.384279e+00
    endloop
  endfacet
  facet normal -4.318587e-16 -7.071068e-01 7.071068e-01
    outer loop
      vertex   1.129360e+02 -9.976604e+00 1.384279e+00
      vertex   1.129360e+02 -9.964279e+00 1.396604e+00
      vertex   1.125740e+02 -9.964279e+00 1.396604e+00
    endloop
  endfacet
  facet normal 0.000000e+00 -8.191520e-01 5.735764e-01
    outer loop
      vertex   1.078680e+02 -9.976604e+00 1.384279e+00
      vertex   1.075060e+02 -9.976604e+00 1.384279e+00
      vertex   1.078680e+02 -9.986603e+00 1.370000e+00
    endloop
  endfacet
  facet normal 3.518220e-16 -8.191520e-01 5.735764e-01
    outer loop
      vertex   1.078680e+02 -9.986603e+00 1.370000e+00
      vertex   1.075060e+02 -9.976604e+00 1.384279e+00
      vertex   1.075060e+02 -9.986603e+00 1.370000e+00
    endloop
  endfacet
  facet normal 2.592268e-16 -9.063078e-01 4.226183e-01
    outer loop
      vertex   1.078680e+02 -9.986603e+00 1.370000e+00
      vertex   1.075060e+02 -9.986603e+00 1.370000e+00
      vertex   1.078680e+02 -9.993969e+00 1.354202e+00
    endloop
  endfacet
  facet normal 0.000000e+00 -9.063078e-01 4.226183e-01
    outer loop
      vertex   1.078680e+02 -9.993969e+00 1.354202e+00
      vertex   1.075060e+02 -9.986603e+00 1.370000e+00
      vertex   1.075060e+02 -9.993969e+00 1.354202e+00
    endloop
  endfacet
  facet normal 0.000000e+00 -9.659258e-01 2.588190e-01
    outer loop
      vertex   1.078680e+02 -9.993969e+00 1.354202e+00
      vertex   1.075060e+02 -9.993969e+00 1.354202e+00
      vertex   1.078680e+02 -9.998481e+00 1.337365e+00
    endloop
  endfacet
  facet normal 0.000000e+00 -9.659258e-01 2.588190e-01
    outer loop
      vertex   1.078680e+02 -9.998481e+00 1.337365e+00
      vertex   1.075060e+02 -9.993969e+00 1.354202e+00
      vertex   1.075060e+02 -9.998481e+00 1.337365e+00
    endloop
  endfacet
  facet normal 0.000000e+00 -9.961947e-01 8.715574e-02
    outer loop
      vertex   1.078680e+02 -9.998481e+00 1.337365e+00
      vertex   1.075060e+02 -9.998481e+00 1.337365e+00
      vertex   1.064200e+02 -1.000000e+01 1.320000e+00
    endloop
  endfacet
  facet normal -7.036439e-16 -8.191520e-01 5.735764e-01
    outer loop
      vertex   1.089540e+02 -9.976604e+00 1.384279e+00
      vertex   1.093160e+02 -9.986603e+00 1.370000e+00
      vertex   1.093160e+02 -9.976604e+00 1.384279e+00
    endloop
  endfacet
  facet normal 3.503941e-16 -8.191520e-01 5.735764e-01
    outer loop
      vertex   1.093160e+02 -9.976604e+00 1.384279e+00
      vertex   1.093160e+02 -9.986603e+00 1.370000e+00
      vertex   1.096780e+02 -9.986603e+00 1.370000e+00
    endloop
  endfacet
  facet normal 7.036439e-16 -8.191520e-01 5.735764e-01
    outer loop
      vertex   1.093160e+02 -9.976604e+00 1.384279e+00
      vertex   1.096780e+02 -9.986603e+00 1.370000e+00
      vertex   1.096780e+02 -9.976604e+00 1.384279e+00
    endloop
  endfacet
  facet normal -1.017246e-18 -8.191520e-01 5.735764e-01
    outer loop
      vertex   1.096780e+02 -9.976604e+00 1.384279e+00
      vertex   1.096780e+02 -9.986603e+00 1.370000e+00
      vertex   1.100400e+02 -9.986603e+00 1.370000e+00
    endloop
  endfacet
  facet normal -7.036439e-16 -8.191520e-01 5.735764e-01
    outer loop
      vertex   1.100400e+02 -9.976604e+00 1.384279e+00
      vertex   1.104020e+02 -9.986603e+00 1.370000e+00
      vertex   1.104020e+02 -9.976604e+00 1.384279e+00
    endloop
  endfacet
  facet normal -1.427885e-18 -8.191520e-01 5.735764e-01
    outer loop
      vertex   1.104020e+02 -9.976604e+00 1.384279e+00
      vertex   1.104020e+02 -9.986603e+00 1.370000e+00
      vertex   1.107640e+02 -9.986603e+00 1.370000e+00
    endloop
  endfacet
  facet normal 0.000000e+00 -8.191520e-01 5.735764e-01
    outer loop
      vertex   1.104020e+02 -9.976604e+00 1.384279e+00
      vertex   1.107640e+02 -9.986603e+00 1.370000e+00
      vertex   1.107640e+02 -9.976604e+00 1.384279e+00
    endloop
  endfacet
  facet normal 3.503941e-16 -8.191520e-01 5.735764e-01
    outer loop
      vertex   1.107640e+02 -9.976604e+00 1.384279e+00
      vertex   1.107640e+02 -9.986603e+00 1.370000e+00
      vertex   1.111260e+02 -9.986603e+00 1.370000e+00
    endloop
  endfacet
  facet normal -1.838524e-18 -8.191520e-01 5.735764e-01
    outer loop
      vertex   1.114880e+02 -9.986603e+00 1.370000e+00
      vertex   1.114880e+02 -9.976604e+00 1.384279e+00
      vertex   1.111260e+02 -9.976604e+00 1.384279e+00
    endloop
  endfacet
  facet normal 0.000000e+00 -8.191520e-01 5.735764e-01
    outer loop
      vertex   1.118500e+02 -9.976604e+00 1.384279e+00
      vertex   1.122120e+02 -9.986603e+00 1.370000e+00
      vertex   1.122120e+02 -9.976604e+00 1.384279e+00
    endloop
  endfacet
  facet normal -1.427885e-18 -8.191520e-01 5.735764e-01
    outer loop
      vertex   1.122120e+02 -9.976604e+00 1.384279e+00
      vertex   1.122120e+02 -9.986603e+00 1.370000e+00
      vertex   1.125740e+02 -9.986603e+00 1.370000e+00
    endloop
  endfacet
  facet normal 0.000000e+00 -8.191520e-01 5.735764e-01
    outer loop
      vertex   1.122120e+02 -9.976604e+00 1.384279e+00
      vertex   1.125740e+02 -9.986603e+00 1.370000e+00
      vertex   1.125740e+02 -9.976604e+00 1.384279e+00
    endloop
  endfacet
  facet normal -1.427885e-18 -8.191520e-01 5.735764e-01
    outer loop
      vertex   1.125740e+02 -9.976604e+00 1.384279e+00
      vertex   1.125740e+02 -9.986603e+00 1.370000e+00
      vertex   1.129360e+02 -9.986603e+00 1.370000e+00
    endloop
  endfacet
  facet normal -1.838524e-18 -8.191520e-01 5.735764e-01
    outer loop
      vertex   1.132980e+02 -9.986603e+00 1.370000e+00
      vertex   1.132980e+02 -9.976604e+00 1.384279e+00
      vertex   1.129360e+02 -9.976604e+00 1.384279e+00
    endloop
  endfacet
  facet normal -3.528392e-16 -8.191520e-01 5.735764e-01
    outer loop
      vertex   1.078680e+02 -9.976604e+00 1.384279e+00
      vertex   1.078680e+02 -9.986603e+00 1.370000e+00
      vertex   1.082300e+02 -9.986603e+00 1.370000e+00
    endloop
  endfacet
  facet normal -2.592268e-16 -9.063078e-01 4.226183e-01
    outer loop
      vertex   1.082300e+02 -9.986603e+00 1.370000e+00
      vertex   1.078680e+02 -9.986603e+00 1.370000e+00
      vertex   1.082300e+02 -9.993969e+00 1.354202e+00
    endloop
  endfacet
  facet normal -3.379798e-19 -9.063078e-01 4.226183e-01
    outer loop
      vertex   1.082300e+02 -9.986603e+00 1.370000e+00
      vertex   1.082300e+02 -9.993969e+00 1.354202e+00
      vertex   1.085920e+02 -9.993969e+00 1.354202e+00
    endloop
  endfacet
  facet normal 0.000000e+00 -9.659258e-01 2.588190e-01
    outer loop
      vertex   1.085920e+02 -9.993969e+00 1.354202e+00
      vertex   1.082300e+02 -9.993969e+00 1.354202e+00
      vertex   1.085920e+02 -9.998481e+00 1.337365e+00
    endloop
  endfacet
  facet normal -7.441984e-19 -9.659258e-01 2.588190e-01
    outer loop
      vertex   1.085920e+02 -9.993969e+00 1.354202e+00
      vertex   1.085920e+02 -9.998481e+00 1.337365e+00
      vertex   1.089540e+02 -9.998481e+00 1.337365e+00
    endloop
  endfacet
  facet normal 0.000000e+00 -9.961947e-01 8.715574e-02
    outer loop
      vertex   1.089540e+02 -9.998481e+00 1.337365e+00
      vertex   1.085920e+02 -9.998481e+00 1.337365e+00
      vertex   1.064200e+02 -1.000000e+01 1.320000e+00
    endloop
  endfacet
  facet normal 0.000000e+00 -9.063078e-01 4.226183e-01
    outer loop
      vertex   1.082300e+02 -9.993969e+00 1.354202e+00
      vertex   1.078680e+02 -9.986603e+00 1.370000e+00
      vertex   1.078680e+02 -9.993969e+00 1.354202e+00
    endloop
  endfacet
  facet normal 2.592268e-16 -9.063078e-01 4.226183e-01
    outer loop
      vertex   1.093160e+02 -9.986603e+00 1.370000e+00
      vertex   1.096780e+02 -9.993969e+00 1.354202e+00
      vertex   1.096780e+02 -9.986603e+00 1.370000e+00
    endloop
  endfacet
  facet normal -3.379798e-19 -9.063078e-01 4.226183e-01
    outer loop
      vertex   1.096780e+02 -9.986603e+00 1.370000e+00
      vertex   1.096780e+02 -9.993969e+00 1.354202e+00
      vertex   1.100400e+02 -9.993969e+00 1.354202e+00
    endloop
  endfacet
  facet normal 0.000000e+00 -9.063078e-01 4.226183e-01
    outer loop
      vertex   1.096780e+02 -9.986603e+00 1.370000e+00
      vertex   1.100400e+02 -9.993969e+00 1.354202e+00
      vertex   1.100400e+02 -9.986603e+00 1.370000e+00
    endloop
  endfacet
  facet normal -2.595648e-16 -9.063078e-01 4.226183e-01
    outer loop
      vertex   1.100400e+02 -9.986603e+00 1.370000e+00
      vertex   1.100400e+02 -9.993969e+00 1.354202e+00
      vertex   1.104020e+02 -9.993969e+00 1.354202e+00
    endloop
  endfacet
  facet normal 0.000000e+00 -9.063078e-01 4.226183e-01
    outer loop
      vertex   1.104020e+02 -9.986603e+00 1.370000e+00
      vertex   1.107640e+02 -9.993969e+00 1.354202e+00
      vertex   1.107640e+02 -9.986603e+00 1.370000e+00
    endloop
  endfacet
  facet normal 2.588888e-16 -9.063078e-01 4.226183e-01
    outer loop
      vertex   1.107640e+02 -9.986603e+00 1.370000e+00
      vertex   1.107640e+02 -9.993969e+00 1.354202e+00
      vertex   1.111260e+02 -9.993969e+00 1.354202e+00
    endloop
  endfacet
  facet normal 2.592268e-16 -9.063078e-01 4.226183e-01
    outer loop
      vertex   1.107640e+02 -9.986603e+00 1.370000e+00
      vertex   1.111260e+02 -9.993969e+00 1.354202e+00
      vertex   1.111260e+02 -9.986603e+00 1.370000e+00
    endloop
  endfacet
  facet normal -3.379798e-19 -9.063078e-01 4.226183e-01
    outer loop
      vertex   1.111260e+02 -9.986603e+00 1.370000e+00
      vertex   1.111260e+02 -9.993969e+00 1.354202e+00
      vertex   1.114880e+02 -9.993969e+00 1.354202e+00
    endloop
  endfacet
  facet normal 2.592268e-16 -9.063078e-01 4.226183e-01
    outer loop
      vertex   1.122120e+02 -9.993969e+00 1.354202e+00
      vertex   1.118500e+02 -9.986603e+00 1.370000e+00
      vertex   1.118500e+02 -9.993969e+00 1.354202e+00
    endloop
  endfacet
  facet normal 0.000000e+00 -9.063078e-01 4.226183e-01
    outer loop
      vertex   1.122120e+02 -9.986603e+00 1.370000e+00
      vertex   1.125740e+02 -9.993969e+00 1.354202e+00
      vertex   1.125740e+02 -9.986603e+00 1.370000e+00
    endloop
  endfacet
  facet normal -2.602169e-16 -9.063078e-01 4.226183e-01
    outer loop
      vertex   1.125740e+02 -9.986603e+00 1.370000e+00
      vertex   1.125740e+02 -9.993969e+00 1.354202e+00
      vertex   1.129360e+02 -9.993969e+00 1.354202e+00
    endloop
  endfacet
  facet normal 0.000000e+00 -9.063078e-01 4.226183e-01
    outer loop
      vertex   1.125740e+02 -9.986603e+00 1.370000e+00
      vertex   1.129360e+02 -9.993969e+00 1.354202e+00
      vertex   1.129360e+02 -9.986603e+00 1.370000e+00
    endloop
  endfacet
  facet normal -3.379798e-19 -9.063078e-01 4.226183e-01
    outer loop
      vertex   1.129360e+02 -9.986603e+00 1.370000e+00
      vertex   1.129360e+02 -9.993969e+00 1.354202e+00
      vertex   1.132980e+02 -9.993969e+00 1.354202e+00
    endloop
  endfacet
  facet normal 0.000000e+00 -9.659258e-01 2.588190e-01
    outer loop
      vertex   1.082300e+02 -9.993969e+00 1.354202e+00
      vertex   1.078680e+02 -9.993969e+00 1.354202e+00
      vertex   1.082300e+02 -9.998481e+00 1.337365e+00
    endloop
  endfacet
  facet normal 0.000000e+00 -9.659258e-01 2.588190e-01
    outer loop
      vertex   1.082300e+02 -9.998481e+00 1.337365e+00
      vertex   1.078680e+02 -9.993969e+00 1.354202e+00
      vertex   1.078680e+02 -9.998481e+00 1.337365e+00
    endloop
  endfacet
  facet normal 0.000000e+00 -9.961947e-01 8.715574e-02
    outer loop
      vertex   1.082300e+02 -9.998481e+00 1.337365e+00
      vertex   1.078680e+02 -9.998481e+00 1.337365e+00
      vertex   1.064200e+02 -1.000000e+01 1.320000e+00
    endloop
  endfacet
  facet normal 0.000000e+00 -9.659258e-01 2.588190e-01
    outer loop
      vertex   1.096780e+02 -9.993969e+00 1.354202e+00
      vertex   1.100400e+02 -9.998481e+00 1.337365e+00
      vertex   1.100400e+02 -9.993969e+00 1.354202e+00
    endloop
  endfacet
  facet normal -1.594994e-16 -9.659258e-01 2.588190e-01
    outer loop
      vertex   1.100400e+02 -9.993969e+00 1.354202e+00
      vertex   1.100400e+02 -9.998481e+00 1.337365e+00
      vertex   1.104020e+02 -9.998481e+00 1.337365e+00
    endloop
  endfacet
  facet normal -1.587552e-16 -9.659258e-01 2.588190e-01
    outer loop
      vertex   1.100400e+02 -9.993969e+00 1.354202e+00
      vertex   1.104020e+02 -9.998481e+00 1.337365e+00
      vertex   1.104020e+02 -9.993969e+00 1.354202e+00
    endloop
  endfacet
  facet normal 1.580110e-16 -9.659258e-01 2.588190e-01
    outer loop
      vertex   1.104020e+02 -9.993969e+00 1.354202e+00
      vertex   1.104020e+02 -9.998481e+00 1.337365e+00
      vertex   1.107640e+02 -9.998481e+00 1.337365e+00
    endloop
  endfacet
  facet normal -7.441984e-19 -9.659258e-01 2.588190e-01
    outer loop
      vertex   1.114880e+02 -9.998481e+00 1.337365e+00
      vertex   1.114880e+02 -9.993969e+00 1.354202e+00
      vertex   1.111260e+02 -9.993969e+00 1.354202e+00
    endloop
  endfacet
  facet normal 0.000000e+00 -9.659258e-01 2.588190e-01
    outer loop
      vertex   1.114880e+02 -9.998481e+00 1.337365e+00
      vertex   1.111260e+02 -9.993969e+00 1.354202e+00
      vertex   1.111260e+02 -9.998481e+00 1.337365e+00
    endloop
  endfacet
  facet normal 1.580110e-16 -9.659258e-01 2.588190e-01
    outer loop
      vertex   1.111260e+02 -9.998481e+00 1.337365e+00
      vertex   1.111260e+02 -9.993969e+00 1.354202e+00
      vertex   1.107640e+02 -9.993969e+00 1.354202e+00
    endloop
  endfacet
  facet normal 1.587552e-16 -9.659258e-01 2.588190e-01
    outer loop
      vertex   1.122120e+02 -9.993969e+00 1.354202e+00
      vertex   1.118500e+02 -9.993969e+00 1.354202e+00
      vertex   1.122120e+02 -9.998481e+00 1.337365e+00
    endloop
  endfacet
  facet normal 0.000000e+00 -9.659258e-01 2.588190e-01
    outer loop
      vertex   1.122120e+02 -9.998481e+00 1.337365e+00
      vertex   1.118500e+02 -9.993969e+00 1.354202e+00
      vertex   1.118500e+02 -9.998481e+00 1.337365e+00
    endloop
  endfacet
  facet normal 0.000000e+00 -9.961947e-01 8.715574e-02
    outer loop
      vertex   1.122120e+02 -9.998481e+00 1.337365e+00
      vertex   1.118500e+02 -9.998481e+00 1.337365e+00
      vertex   1.136600e+02 -1.000000e+01 1.320000e+00
    endloop
  endfacet
  facet normal -9.232515e-19 -9.659258e-01 2.588190e-01
    outer loop
      vertex   1.132980e+02 -9.998481e+00 1.337365e+00
      vertex   1.132980e+02 -9.993969e+00 1.354202e+00
      vertex   1.129360e+02 -9.993969e+00 1.354202e+00
    endloop
  endfacet
  facet normal 1.587552e-16 -9.659258e-01 2.588190e-01
    outer loop
      vertex   1.132980e+02 -9.998481e+00 1.337365e+00
      vertex   1.129360e+02 -9.993969e+00 1.354202e+00
      vertex   1.129360e+02 -9.998481e+00 1.337365e+00
    endloop
  endfacet
  facet normal -1.594994e-16 -9.659258e-01 2.588190e-01
    outer loop
      vertex   1.129360e+02 -9.998481e+00 1.337365e+00
      vertex   1.129360e+02 -9.993969e+00 1.354202e+00
      vertex   1.125740e+02 -9.993969e+00 1.354202e+00
    endloop
  endfacet
  facet normal -7.045624e-20 -9.961947e-01 8.715574e-02
    outer loop
      vertex   1.064200e+02 -1.000000e+01 1.320000e+00
      vertex   1.085920e+02 -9.998481e+00 1.337365e+00
      vertex   1.082300e+02 -9.998481e+00 1.337365e+00
    endloop
  endfacet
  facet normal 0.000000e+00 -9.659258e-01 2.588190e-01
    outer loop
      vertex   1.082300e+02 -9.998481e+00 1.337365e+00
      vertex   1.085920e+02 -9.998481e+00 1.337365e+00
      vertex   1.082300e+02 -9.993969e+00 1.354202e+00
    endloop
  endfacet
  facet normal 5.338938e-17 -9.961947e-01 8.715574e-02
    outer loop
      vertex   1.136600e+02 -1.000000e+01 1.320000e+00
      vertex   1.107640e+02 -9.998481e+00 1.337365e+00
      vertex   1.104020e+02 -9.998481e+00 1.337365e+00
    endloop
  endfacet
  facet normal -5.345984e-17 -9.961947e-01 8.715574e-02
    outer loop
      vertex   1.104020e+02 -9.998481e+00 1.337365e+00
      vertex   1.100400e+02 -9.998481e+00 1.337365e+00
      vertex   1.136600e+02 -1.000000e+01 1.320000e+00
    endloop
  endfacet
  facet normal -7.045624e-20 -9.961947e-01 8.715574e-02
    outer loop
      vertex   1.136600e+02 -1.000000e+01 1.320000e+00
      vertex   1.125740e+02 -9.998481e+00 1.337365e+00
      vertex   1.122120e+02 -9.998481e+00 1.337365e+00
    endloop
  endfacet
  facet normal 0.000000e+00 -9.659258e-01 2.588190e-01
    outer loop
      vertex   1.122120e+02 -9.998481e+00 1.337365e+00
      vertex   1.125740e+02 -9.998481e+00 1.337365e+00
      vertex   1.122120e+02 -9.993969e+00 1.354202e+00
    endloop
  endfacet
  facet normal 0.000000e+00 0.000000e+00 1.000000e+00
    outer loop
      vertex   1.136600e+02 -2.341000e+01 1.920000e+00
      vertex   1.044200e+02 -2.341000e+01 1.920000e+00
      vertex   1.136600e+02 -2.379277e+01 1.920000e+00
    endloop
  endfacet
  facet normal -2.403080e-16 -5.800981e-15 1.000000e+00
    outer loop
      vertex   1.136600e+02 -2.379277e+01 1.920000e+00
      vertex   1.044200e+02 -2.341000e+01 1.920000e+00
      vertex   1.044200e+02 -2.379277e+01 1.920000e+00
    endloop
  endfacet
  facet normal 0.000000e+00 1.000000e+00 -0.000000e+00
    outer loop
      vertex   1.136600e+02 -2.379277e+01 1.920000e+00
      vertex   1.044200e+02 -2.379277e+01 1.920000e+00
      vertex   1.136600e+02 -2.379277e+01 2.000000e+00
    endloop
  endfacet
  facet normal 0.000000e+00 1.000000e+00 0.000000e+00
    outer loop
      vertex   1.136600e+02 -2.379277e+01 2.000000e+00
      vertex   1.044200e+02 -2.379277e+01 1.920000e+00
      vertex   1.044200e+02 -2.379277e+01 2.000000e+00
    endloop
  endfacet
  facet normal 7.523279e-17 9.497307e-01 -3.130682e-01
    outer loop
      vertex   1.044200e+02 -2.379277e+01 2.000000e+00
      vertex   1.044200e+02 -2.316000e+01 3.919588e+00
      vertex   1.136600e+02 -2.379277e+01 2.000000e+00
    endloop
  endfacet
  facet normal -1.933541e-18 9.497307e-01 -3.130682e-01
    outer loop
      vertex   1.136600e+02 -2.379277e+01 2.000000e+00
      vertex   1.044200e+02 -2.316000e+01 3.919588e+00
      vertex   1.136600e+02 -2.316000e+01 3.919588e+00
    endloop
  endfacet
  facet normal 0.000000e+00 1.000000e+00 -0.000000e+00
    outer loop
      vertex   1.044200e+02 -2.316000e+01 3.919588e+00
      vertex   1.044200e+02 -2.316000e+01 5.350000e+00
      vertex   1.136600e+02 -2.316000e+01 3.919588e+00
    endloop
  endfacet
  facet normal 0.000000e+00 1.000000e+00 -0.000000e+00
    outer loop
      vertex   1.136600e+02 -2.316000e+01 3.919588e+00
      vertex   1.044200e+02 -2.316000e+01 5.350000e+00
      vertex   1.136600e+02 -2.316000e+01 5.350000e+00
    endloop
  endfacet
  facet normal -6.190629e-09 1.811688e-11 -1.000000e+00
    outer loop
      vertex   1.136600e+02 -1.000000e+01 5.350000e+00
      vertex   1.136600e+02 -2.316000e+01 5.350000e+00
      vertex   1.064200e+02 -1.644000e+01 5.350000e+00
    endloop
  endfacet
  facet normal 4.806160e-16 6.687783e-09 -1.000000e+00
    outer loop
      vertex   1.064200e+02 -1.644000e+01 5.350000e+00
      vertex   1.136600e+02 -2.316000e+01 5.350000e+00
      vertex   1.044200e+02 -2.316000e+01 5.350000e+00
    endloop
  endfacet
  facet normal 0.000000e+00 6.687783e-09 -1.000000e+00
    outer loop
      vertex   1.064200e+02 -1.644000e+01 5.350000e+00
      vertex   1.044200e+02 -2.316000e+01 5.350000e+00
      vertex   1.044200e+02 -1.644000e+01 5.350000e+00
    endloop
  endfacet
  facet normal 3.680297e-16 -6.941535e-09 -1.000000e+00
    outer loop
      vertex   1.064200e+02 -1.644000e+01 5.350000e+00
      vertex   1.064200e+02 -1.000000e+01 5.350000e+00
      vertex   1.136600e+02 -1.000000e+01 5.350000e+00
    endloop
  endfacet
  facet normal 0.000000e+00 -1.000000e+00 0.000000e+00
    outer loop
      vertex   1.064200e+02 -1.000000e+01 5.350000e+00
      vertex   1.064200e+02 -1.000000e+01 3.919588e+00
      vertex   1.136600e+02 -1.000000e+01 5.350000e+00
    endloop
  endfacet
  facet normal 0.000000e+00 -1.000000e+00 -0.000000e+00
    outer loop
      vertex   1.136600e+02 -1.000000e+01 5.350000e+00
      vertex   1.064200e+02 -1.000000e+01 3.919588e+00
      vertex   1.136600e+02 -1.000000e+01 3.919588e+00
    endloop
  endfacet
  facet normal 9.601533e-17 -9.497307e-01 -3.130682e-01
    outer loop
      vertex   1.136600e+02 -9.219322e+00 1.551307e+00
      vertex   1.136600e+02 -1.000000e+01 3.919588e+00
      vertex   1.064200e+02 -9.219322e+00 1.551307e+00
    endloop
  endfacet
  facet normal -2.539819e-19 -9.497307e-01 -3.130682e-01
    outer loop
      vertex   1.064200e+02 -9.219322e+00 1.551307e+00
      vertex   1.136600e+02 -1.000000e+01 3.919588e+00
      vertex   1.064200e+02 -1.000000e+01 3.919588e+00
    endloop
  endfacet
  facet normal -1.295191e-08 6.687783e-09 -1.000000e+00
    outer loop
      vertex   1.044200e+02 -1.644000e+01 0.000000e+00
      vertex   1.044200e+02 -2.316000e+01 -4.494190e-08
      vertex   1.000000e+02 -2.500000e+01 0.000000e+00
    endloop
  endfacet
  facet normal 4.863842e-09 -3.610874e-08 -1.000000e+00
    outer loop
      vertex   1.000000e+02 -2.500000e+01 0.000000e+00
      vertex   1.044200e+02 -2.316000e+01 -4.494190e-08
      vertex   1.136600e+02 -2.316000e+01 2.220446e-15
    endloop
  endfacet
  facet normal 1.776357e-16 -1.119877e-16 -1.000000e+00
    outer loop
      vertex   1.000000e+02 -2.500000e+01 0.000000e+00
      vertex   1.136600e+02 -2.316000e+01 2.220446e-15
      vertex   1.250000e+02 -2.500000e+01 4.440892e-15
    endloop
  endfacet
  facet normal 1.958065e-16 0.000000e+00 -1.000000e+00
    outer loop
      vertex   1.250000e+02 -2.500000e+01 4.440892e-15
      vertex   1.136600e+02 -2.316000e+01 2.220446e-15
      vertex   1.250000e+02 -9.000000e+00 4.440892e-15
    endloop
  endfacet
  facet normal 1.958065e-16 0.000000e+00 -1.000000e+00
    outer loop
      vertex   1.250000e+02 -9.000000e+00 4.440892e-15
      vertex   1.136600e+02 -2.316000e+01 2.220446e-15
      vertex   1.136600e+02 -1.000000e+01 2.220446e-15
    endloop
  endfacet
  facet normal 1.776357e-16 2.060574e-16 -1.000000e+00
    outer loop
      vertex   1.250000e+02 -9.000000e+00 4.440892e-15
      vertex   1.136600e+02 -1.000000e+01 2.220446e-15
      vertex   1.000000e+02 -9.000000e+00 0.000000e+00
    endloop
  endfacet
  facet normal 3.066914e-16 1.968959e-15 -1.000000e+00
    outer loop
      vertex   1.000000e+02 -9.000000e+00 0.000000e+00
      vertex   1.136600e+02 -1.000000e+01 2.220446e-15
      vertex   1.064200e+02 -1.000000e+01 0.000000e+00
    endloop
  endfacet
  facet normal 0.000000e+00 0.000000e+00 -1.000000e+00
    outer loop
      vertex   1.000000e+02 -9.000000e+00 0.000000e+00
      vertex   1.064200e+02 -1.000000e+01 0.000000e+00
      vertex   1.044200e+02 -1.644000e+01 0.000000e+00
    endloop
  endfacet
  facet normal 0.000000e+00 0.000000e+00 -1.000000e+00
    outer loop
      vertex   1.044200e+02 -1.644000e+01 0.000000e+00
      vertex   1.064200e+02 -1.000000e+01 0.000000e+00
      vertex   1.064200e+02 -1.644000e+01 0.000000e+00
    endloop
  endfacet
  facet normal 0.000000e+00 0.000000e+00 -1.000000e+00
    outer loop
      vertex   1.000000e+02 -9.000000e+00 0.000000e+00
      vertex   1.044200e+02 -1.644000e+01 0.000000e+00
      vertex   1.000000e+02 -2.500000e+01 0.000000e+00
    endloop
  endfacet
  facet normal -1.000000e+00 -0.000000e+00 0.000000e+00
    outer loop
      vertex   1.000000e+02 -1.541333e-02 1.075877e+01
      vertex   1.000000e+02 -6.155830e-02 1.036890e+01
      vertex   1.000000e+02 0.000000e+00 1.115107e+01
    endloop
  endfacet
  facet normal -1.000000e+00 0.000000e+00 0.000000e+00
    outer loop
      vertex   1.000000e+02 0.000000e+00 1.115107e+01
      vertex   1.000000e+02 -6.155830e-02 1.036890e+01
      vertex   1.000000e+02 -1.381504e-01 9.983841e+00
    endloop
  endfacet
  facet normal -1.000000e+00 0.000000e+00 0.000000e+00
    outer loop
      vertex   1.000000e+02 0.000000e+00 1.115107e+01
      vertex   1.000000e+02 -1.381504e-01 9.983841e+00
      vertex   1.000000e+02 -2.447174e-01 9.605983e+00
    endloop
  endfacet
  facet normal -1.000000e+00 -0.000000e+00 0.000000e+00
    outer loop
      vertex   1.000000e+02 -2.447174e-01 9.605983e+00
      vertex   1.000000e+02 -3.806023e-01 9.237651e+00
      vertex   1.000000e+02 0.000000e+00 1.115107e+01
    endloop
  endfacet
  facet normal -1.000000e+00 0.000000e+00 0.000000e+00
    outer loop
      vertex   1.000000e+02 0.000000e+00 1.115107e+01
      vertex   1.000000e+02 -3.806023e-01 9.237651e+00
      vertex   1.000000e+02 -5.449674e-01 8.881115e+00
    endloop
  endfacet
  facet normal -1.000000e+00 0.000000e+00 0.000000e+00
    outer loop
      vertex   1.000000e+02 0.000000e+00 1.115107e+01
      vertex   1.000000e+02 -5.449674e-01 8.881115e+00
      vertex   1.000000e+02 -7.367992e-01 8.538575e+00
    endloop
  endfacet
  facet normal -1.000000e+00 -0.000000e+00 0.000000e+00
    outer loop
      vertex   1.000000e+02 -7.367992e-01 8.538575e+00
      vertex   1.000000e+02 -9.549150e-01 8.212142e+00
      vertex   1.000000e+02 0.000000e+00 1.115107e+01
    endloop
  endfacet
  facet normal -1.000000e+00 0.000000e+00 0.000000e+00
    outer loop
      vertex   1.000000e+02 0.000000e+00 1.115107e+01
      vertex   1.000000e+02 -9.549150e-01 8.212142e+00
      vertex   1.000000e+02 -1.197970e+00 7.903828e+00
    endloop
  endfacet
  facet normal -1.000000e+00 0.000000e+00 0.000000e+00
    outer loop
      vertex   1.000000e+02 0.000000e+00 1.115107e+01
      vertex   1.000000e+02 -1.197970e+00 7.903828e+00
      vertex   1.000000e+02 -1.464466e+00 7.615534e+00
    endloop
  endfacet
  facet normal -1.000000e+00 -0.000000e+00 0.000000e+00
    outer loop
      vertex   1.000000e+02 0.000000e+00 1.115107e+01
      vertex   1.000000e+02 -1.464466e+00 7.615534e+00
      vertex   1.000000e+02 -1.069956e+01 6.603150e+01
    endloop
  endfacet
  facet normal -1.000000e+00 0.000000e+00 0.000000e+00
    outer loop
      vertex   1.000000e+02 -1.069956e+01 6.603150e+01
      vertex   1.000000e+02 -1.464466e+00 7.615534e+00
      vertex   1.000000e+02 -9.000000e+00 8.000000e-02
    endloop
  endfacet
  facet normal -1.000000e+00 0.000000e+00 -0.000000e+00
    outer loop
      vertex   1.000000e+02 -1.069956e+01 6.603150e+01
      vertex   1.000000e+02 -9.000000e+00 8.000000e-02
      vertex   1.000000e+02 -2.500000e+01 0.000000e+00
    endloop
  endfacet
  facet normal -1.000000e+00 0.000000e+00 0.000000e+00
    outer loop
      vertex   1.000000e+02 -2.500000e+01 0.000000e+00
      vertex   1.000000e+02 -9.000000e+00 8.000000e-02
      vertex   1.000000e+02 -9.000000e+00 0.000000e+00
    endloop
  endfacet
  facet normal -1.000000e+00 -1.011221e-15 -0.000000e+00
    outer loop
      vertex   1.000000e+02 -2.500000e+01 9.080000e+00
      vertex   1.000000e+02 -1.094683e+01 6.529268e+01
      vertex   1.000000e+02 -2.500000e+01 0.000000e+00
    endloop
  endfacet
  facet normal -1.000000e+00 4.983948e-13 -1.074889e-13
    outer loop
      vertex   1.000000e+02 -2.500000e+01 0.000000e+00
      vertex   1.000000e+02 -1.094683e+01 6.529268e+01
      vertex   1.000000e+02 -1.083761e+01 6.566691e+01
    endloop
  endfacet
  facet normal -1.000000e+00 0.000000e+00 0.000000e+00
    outer loop
      vertex   1.000000e+02 -2.500000e+01 0.000000e+00
      vertex   1.000000e+02 -1.083761e+01 6.566691e+01
      vertex   1.000000e+02 -1.069956e+01 6.603150e+01
    endloop
  endfacet
  facet normal -1.000000e+00 0.000000e+00 0.000000e+00
    outer loop
      vertex   1.000000e+02 -1.069956e+01 6.603150e+01
      vertex   1.000000e+02 -1.053352e+01 6.638422e+01
      vertex   1.000000e+02 0.000000e+00 1.115107e+01
    endloop
  endfacet
  facet normal -1.000000e+00 0.000000e+00 0.000000e+00
    outer loop
      vertex   1.000000e+02 0.000000e+00 1.115107e+01
      vertex   1.000000e+02 -1.053352e+01 6.638422e+01
      vertex   1.000000e+02 -6.096118e+00 6.908000e+01
    endloop
  endfacet
  facet normal -1.000000e+00 0.000000e+00 0.000000e+00
    outer loop
      vertex   1.000000e+02 0.000000e+00 1.115107e+01
      vertex   1.000000e+02 -6.096118e+00 6.908000e+01
      vertex   1.000000e+02 0.000000e+00 6.908000e+01
    endloop
  endfacet
  facet normal -1.000000e+00 0.000000e+00 -0.000000e+00
    outer loop
      vertex   1.000000e+02 -1.034051e+01 6.672294e+01
      vertex   1.000000e+02 -1.012170e+01 6.704559e+01
      vertex   1.000000e+02 -1.053352e+01 6.638422e+01
    endloop
  endfacet
  facet normal -1.000000e+00 0.000000e+00 0.000000e+00
    outer loop
      vertex   1.000000e+02 -1.053352e+01 6.638422e+01
      vertex   1.000000e+02 -1.012170e+01 6.704559e+01
      vertex   1.000000e+02 -9.878413e+00 6.735021e+01
    endloop
  endfacet
  facet normal -1.000000e+00 0.000000e+00 0.000000e+00
    outer loop
      vertex   1.000000e+02 -1.053352e+01 6.638422e+01
      vertex   1.000000e+02 -9.878413e+00 6.735021e+01
      vertex   1.000000e+02 -9.612134e+00 6.763494e+01
    endloop
  endfacet
  facet normal -1.000000e+00 0.000000e+00 -0.000000e+00
    outer loop
      vertex   1.000000e+02 -9.612134e+00 6.763494e+01
      vertex   1.000000e+02 -9.324480e+00 6.789807e+01
      vertex   1.000000e+02 -1.053352e+01 6.638422e+01
    endloop
  endfacet
  facet normal -1.000000e+00 0.000000e+00 0.000000e+00
    outer loop
      vertex   1.000000e+02 -1.053352e+01 6.638422e+01
      vertex   1.000000e+02 -9.324480e+00 6.789807e+01
      vertex   1.000000e+02 -9.017200e+00 6.813799e+01
    endloop
  endfacet
  facet normal -1.000000e+00 0.000000e+00 0.000000e+00
    outer loop
      vertex   1.000000e+02 -1.053352e+01 6.638422e+01
      vertex   1.000000e+02 -9.017200e+00 6.813799e+01
      vertex   1.000000e+02 -8.692162e+00 6.835324e+01
    endloop
  endfacet
  facet normal -1.000000e+00 0.000000e+00 -0.000000e+00
    outer loop
      vertex   1.000000e+02 -8.692162e+00 6.835324e+01
      vertex   1.000000e+02 -8.351342e+00 6.854251e+01
      vertex   1.000000e+02 -1.053352e+01 6.638422e+01
    endloop
  endfacet
  facet normal -1.000000e+00 0.000000e+00 0.000000e+00
    outer loop
      vertex   1.000000e+02 -1.053352e+01 6.638422e+01
      vertex   1.000000e+02 -8.351342e+00 6.854251e+01
      vertex   1.000000e+02 -7.996812e+00 6.870465e+01
    endloop
  endfacet
  facet normal -1.000000e+00 0.000000e+00 0.000000e+00
    outer loop
      vertex   1.000000e+02 -1.053352e+01 6.638422e+01
      vertex   1.000000e+02 -7.996812e+00 6.870465e+01
      vertex   1.000000e+02 -7.630727e+00 6.883867e+01
    endloop
  endfacet
  facet normal -1.000000e+00 0.000000e+00 -0.000000e+00
    outer loop
      vertex   1.000000e+02 -7.630727e+00 6.883867e+01
      vertex   1.000000e+02 -7.255313e+00 6.894377e+01
      vertex   1.000000e+02 -1.053352e+01 6.638422e+01
    endloop
  endfacet
  facet normal -1.000000e+00 0.000000e+00 0.000000e+00
    outer loop
      vertex   1.000000e+02 -1.053352e+01 6.638422e+01
      vertex   1.000000e+02 -7.255313e+00 6.894377e+01
      vertex   1.000000e+02 -6.872852e+00 6.901930e+01
    endloop
  endfacet
  facet normal -1.000000e+00 0.000000e+00 0.000000e+00
    outer loop
      vertex   1.000000e+02 -1.053352e+01 6.638422e+01
      vertex   1.000000e+02 -6.872852e+00 6.901930e+01
      vertex   1.000000e+02 -6.485669e+00 6.906480e+01
    endloop
  endfacet
  facet normal -1.000000e+00 0.000000e+00 -0.000000e+00
    outer loop
      vertex   1.000000e+02 -6.485669e+00 6.906480e+01
      vertex   1.000000e+02 -6.096118e+00 6.908000e+01
      vertex   1.000000e+02 -1.053352e+01 6.638422e+01
    endloop
  endfacet
  facet normal 3.739037e-02 -9.694426e-01 2.424521e-01
    outer loop
      vertex   1.038737e+02 -2.498559e+01 9.080000e+00
      vertex   1.038923e+02 -2.297745e+01 1.710664e+01
      vertex   1.035000e+02 -2.500000e+01 9.080000e+00
    endloop
  endfacet
  facet normal 3.925982e-02 -9.693946e-01 2.423486e-01
    outer loop
      vertex   1.035000e+02 -2.500000e+01 9.080000e+00
      vertex   1.038923e+02 -2.297745e+01 1.710664e+01
      vertex   1.038923e+02 -2.096986e+01 2.513703e+01
    endloop
  endfacet
  facet normal 3.925982e-02 -9.693946e-01 2.423486e-01
    outer loop
      vertex   1.035000e+02 -2.500000e+01 9.080000e+00
      vertex   1.038923e+02 -2.096986e+01 2.513703e+01
      vertex   1.038923e+02 -1.896226e+01 3.316741e+01
    endloop
  endfacet
  facet normal 1.175374e-01 -9.634179e-01 2.408545e-01
    outer loop
      vertex   1.038923e+02 -1.896226e+01 3.316741e+01
      vertex   1.038923e+02 -2.096986e+01 2.513703e+01
      vertex   1.042822e+02 -1.891749e+01 3.315622e+01
    endloop
  endfacet
  facet normal 1.175374e-01 -9.634179e-01 2.408545e-01
    outer loop
      vertex   1.038923e+02 -1.896226e+01 3.316741e+01
      vertex   1.042822e+02 -1.891749e+01 3.315622e+01
      vertex   1.042822e+02 -1.690990e+01 4.118660e+01
    endloop
  endfacet
  facet normal 1.950903e-01 -9.515015e-01 2.378754e-01
    outer loop
      vertex   1.042822e+02 -1.690990e+01 4.118660e+01
      vertex   1.042822e+02 -1.891749e+01 3.315622e+01
      vertex   1.046672e+02 -1.683559e+01 4.116802e+01
    endloop
  endfacet
  facet normal 1.950903e-01 -9.515015e-01 2.378754e-01
    outer loop
      vertex   1.042822e+02 -1.690990e+01 4.118660e+01
      vertex   1.046672e+02 -1.683559e+01 4.116802e+01
      vertex   1.046672e+02 -1.482800e+01 4.919841e+01
    endloop
  endfacet
  facet normal 2.714404e-01 -9.337187e-01 2.334297e-01
    outer loop
      vertex   1.046672e+02 -1.482800e+01 4.919841e+01
      vertex   1.046672e+02 -1.683559e+01 4.116802e+01
      vertex   1.050451e+02 -1.472461e+01 4.917256e+01
    endloop
  endfacet
  facet normal 2.714404e-01 -9.337187e-01 2.334297e-01
    outer loop
      vertex   1.046672e+02 -1.482800e+01 4.919841e+01
      vertex   1.050451e+02 -1.472461e+01 4.917256e+01
      vertex   1.050451e+02 -1.271702e+01 5.720294e+01
    endloop
  endfacet
  facet normal 3.461171e-01 -9.101793e-01 2.275448e-01
    outer loop
      vertex   1.050451e+02 -1.271702e+01 5.720294e+01
      vertex   1.050451e+02 -1.472461e+01 4.917256e+01
      vertex   1.054134e+02 -1.258519e+01 5.716999e+01
    endloop
  endfacet
  facet normal 3.461171e-01 -9.101793e-01 2.275448e-01
    outer loop
      vertex   1.050451e+02 -1.271702e+01 5.720294e+01
      vertex   1.054134e+02 -1.258519e+01 5.716999e+01
      vertex   1.054134e+02 -1.057759e+01 6.520037e+01
    endloop
  endfacet
  facet normal 4.186597e-01 -8.810283e-01 2.202571e-01
    outer loop
      vertex   1.054134e+02 -1.057759e+01 6.520037e+01
      vertex   1.054134e+02 -1.258519e+01 5.716999e+01
      vertex   1.057700e+02 -1.041813e+01 6.516050e+01
    endloop
  endfacet
  facet normal 4.186597e-01 -8.810283e-01 2.202571e-01
    outer loop
      vertex   1.057700e+02 -1.041813e+01 6.516050e+01
      vertex   1.054134e+02 -1.258519e+01 5.716999e+01
      vertex   1.057700e+02 -1.242573e+01 5.713012e+01
    endloop
  endfacet
  facet normal 4.886212e-01 -8.464455e-01 2.116114e-01
    outer loop
      vertex   1.057700e+02 -1.041813e+01 6.516050e+01
      vertex   1.057700e+02 -1.242573e+01 5.713012e+01
      vertex   1.061125e+02 -1.023203e+01 6.511398e+01
    endloop
  endfacet
  facet normal 4.886212e-01 -8.464455e-01 2.116114e-01
    outer loop
      vertex   1.061125e+02 -1.023203e+01 6.511398e+01
      vertex   1.057700e+02 -1.242573e+01 5.713012e+01
      vertex   1.061125e+02 -1.223963e+01 5.708360e+01
    endloop
  endfacet
  facet normal 5.555702e-01 -8.066440e-01 2.016610e-01
    outer loop
      vertex   1.061125e+02 -1.023203e+01 6.511398e+01
      vertex   1.061125e+02 -1.223963e+01 5.708360e+01
      vertex   1.064389e+02 -1.002043e+01 6.506108e+01
    endloop
  endfacet
  facet normal 5.555702e-01 -8.066440e-01 2.016610e-01
    outer loop
      vertex   1.064389e+02 -1.002043e+01 6.506108e+01
      vertex   1.061125e+02 -1.223963e+01 5.708360e+01
      vertex   1.064389e+02 -1.202802e+01 5.703069e+01
    endloop
  endfacet
  facet normal 6.190939e-01 -7.618693e-01 1.904673e-01
    outer loop
      vertex   1.064389e+02 -1.002043e+01 6.506108e+01
      vertex   1.064389e+02 -1.202802e+01 5.703069e+01
      vertex   1.067472e+02 -9.784629e+00 6.500213e+01
    endloop
  endfacet
  facet normal 6.190939e-01 -7.618693e-01 1.904673e-01
    outer loop
      vertex   1.067472e+02 -9.784629e+00 6.500213e+01
      vertex   1.064389e+02 -1.202802e+01 5.703069e+01
      vertex   1.067472e+02 -1.179222e+01 5.697175e+01
    endloop
  endfacet
  facet normal 6.788007e-01 -7.123975e-01 1.780994e-01
    outer loop
      vertex   1.067472e+02 -9.784629e+00 6.500213e+01
      vertex   1.067472e+02 -1.179222e+01 5.697175e+01
      vertex   1.070355e+02 -9.526090e+00 6.493749e+01
    endloop
  endfacet
  facet normal 6.788007e-01 -7.123975e-01 1.780994e-01
    outer loop
      vertex   1.070355e+02 -9.526090e+00 6.493749e+01
      vertex   1.067472e+02 -1.179222e+01 5.697175e+01
      vertex   1.070355e+02 -1.153369e+01 5.690711e+01
    endloop
  endfacet
  facet normal 7.343225e-01 -6.585335e-01 1.646334e-01
    outer loop
      vertex   1.070355e+02 -9.526090e+00 6.493749e+01
      vertex   1.070355e+02 -1.153369e+01 5.690711e+01
      vertex   1.073020e+02 -9.246404e+00 6.486757e+01
    endloop
  endfacet
  facet normal 7.343225e-01 -6.585335e-01 1.646334e-01
    outer loop
      vertex   1.073020e+02 -9.246404e+00 6.486757e+01
      vertex   1.070355e+02 -1.153369e+01 5.690711e+01
      vertex   1.073020e+02 -1.125400e+01 5.683719e+01
    endloop
  endfacet
  facet normal 7.853169e-01 -6.006094e-01 1.501523e-01
    outer loop
      vertex   1.073020e+02 -9.246404e+00 6.486757e+01
      vertex   1.073020e+02 -1.125400e+01 5.683719e+01
      vertex   1.075451e+02 -8.947295e+00 6.479279e+01
    endloop
  endfacet
  facet normal 7.853169e-01 -6.006094e-01 1.501523e-01
    outer loop
      vertex   1.075451e+02 -8.947295e+00 6.479279e+01
      vertex   1.073020e+02 -1.125400e+01 5.683719e+01
      vertex   1.075451e+02 -1.095489e+01 5.676241e+01
    endloop
  endfacet
  facet normal 8.314696e-01 -5.389823e-01 1.347456e-01
    outer loop
      vertex   1.075451e+02 -8.947295e+00 6.479279e+01
      vertex   1.075451e+02 -1.095489e+01 5.676241e+01
      vertex   1.077632e+02 -8.630608e+00 6.471362e+01
    endloop
  endfacet
  facet normal 8.314696e-01 -5.389823e-01 1.347456e-01
    outer loop
      vertex   1.077632e+02 -8.630608e+00 6.471362e+01
      vertex   1.075451e+02 -1.095489e+01 5.676241e+01
      vertex   1.077632e+02 -1.063820e+01 5.668324e+01
    endloop
  endfacet
  facet normal 8.724960e-01 -4.740322e-01 1.185081e-01
    outer loop
      vertex   1.077632e+02 -8.630608e+00 6.471362e+01
      vertex   1.077632e+02 -1.063820e+01 5.668324e+01
      vertex   1.079550e+02 -8.298295e+00 6.463054e+01
    endloop
  endfacet
  facet normal 8.724960e-01 -4.740322e-01 1.185081e-01
    outer loop
      vertex   1.079550e+02 -8.298295e+00 6.463054e+01
      vertex   1.077632e+02 -1.063820e+01 5.668324e+01
      vertex   1.079550e+02 -1.030589e+01 5.660016e+01
    endloop
  endfacet
  facet normal 9.081432e-01 -4.061596e-01 1.015399e-01
    outer loop
      vertex   1.079550e+02 -8.298295e+00 6.463054e+01
      vertex   1.079550e+02 -1.030589e+01 5.660016e+01
      vertex   1.081194e+02 -7.952405e+00 6.454407e+01
    endloop
  endfacet
  facet normal 9.081432e-01 -4.061596e-01 1.015399e-01
    outer loop
      vertex   1.081194e+02 -7.952405e+00 6.454407e+01
      vertex   1.079550e+02 -1.030589e+01 5.660016e+01
      vertex   1.081194e+02 -9.960001e+00 5.651369e+01
    endloop
  endfacet
  facet normal 9.381913e-01 -3.357829e-01 8.394572e-02
    outer loop
      vertex   1.081194e+02 -7.952405e+00 6.454407e+01
      vertex   1.081194e+02 -9.960001e+00 5.651369e+01
      vertex   1.082553e+02 -7.595071e+00 6.445474e+01
    endloop
  endfacet
  facet normal 9.381913e-01 -3.357829e-01 8.394572e-02
    outer loop
      vertex   1.082553e+02 -7.595071e+00 6.445474e+01
      vertex   1.081194e+02 -9.960001e+00 5.651369e+01
      vertex   1.082553e+02 -9.602666e+00 5.642436e+01
    endloop
  endfacet
  facet normal 9.624552e-01 -2.633359e-01 6.583398e-02
    outer loop
      vertex   1.082553e+02 -7.595071e+00 6.445474e+01
      vertex   1.082553e+02 -9.602666e+00 5.642436e+01
      vertex   1.083618e+02 -7.228494e+00 6.436309e+01
    endloop
  endfacet
  facet normal 9.624552e-01 -2.633359e-01 6.583398e-02
    outer loop
      vertex   1.083618e+02 -7.228494e+00 6.436309e+01
      vertex   1.082553e+02 -9.602666e+00 5.642436e+01
      vertex   1.083618e+02 -9.236090e+00 5.633271e+01
    endloop
  endfacet
  facet normal 9.807853e-01 -1.892654e-01 4.731635e-02
    outer loop
      vertex   1.083618e+02 -7.228494e+00 6.436309e+01
      vertex   1.083618e+02 -9.236090e+00 5.633271e+01
      vertex   1.084384e+02 -6.854937e+00 6.426970e+01
    endloop
  endfacet
  facet normal 9.807853e-01 -1.892654e-01 4.731635e-02
    outer loop
      vertex   1.084384e+02 -6.854937e+00 6.426970e+01
      vertex   1.083618e+02 -9.236090e+00 5.633271e+01
      vertex   1.084384e+02 -8.862532e+00 5.623932e+01
    endloop
  endfacet
  facet normal 9.930685e-01 -1.140280e-01 2.850701e-02
    outer loop
      vertex   1.084384e+02 -6.854937e+00 6.426970e+01
      vertex   1.084384e+02 -8.862532e+00 5.623932e+01
      vertex   1.084846e+02 -6.476700e+00 6.417515e+01
    endloop
  endfacet
  facet normal 9.930685e-01 -1.140280e-01 2.850701e-02
    outer loop
      vertex   1.084846e+02 -6.476700e+00 6.417515e+01
      vertex   1.084384e+02 -8.862532e+00 5.623932e+01
      vertex   1.084846e+02 -8.484296e+00 5.614476e+01
    endloop
  endfacet
  facet normal 9.992290e-01 -3.808762e-02 9.521904e-03
    outer loop
      vertex   1.084846e+02 -6.476700e+00 6.417515e+01
      vertex   1.084846e+02 -8.484296e+00 5.614476e+01
      vertex   1.085000e+02 -6.096118e+00 6.408000e+01
    endloop
  endfacet
  facet normal 9.992290e-01 -3.808762e-02 9.521904e-03
    outer loop
      vertex   1.085000e+02 -6.096118e+00 6.408000e+01
      vertex   1.084846e+02 -8.484296e+00 5.614476e+01
      vertex   1.084846e+02 -1.049189e+01 4.811438e+01
    endloop
  endfacet
  facet normal 9.992290e-01 -3.808762e-02 9.521904e-03
    outer loop
      vertex   1.085000e+02 -6.096118e+00 6.408000e+01
      vertex   1.084846e+02 -1.049189e+01 4.811438e+01
      vertex   1.084846e+02 -1.249949e+01 4.008400e+01
    endloop
  endfacet
  facet normal 9.930685e-01 -1.140280e-01 2.850701e-02
    outer loop
      vertex   1.084846e+02 -1.249949e+01 4.008400e+01
      vertex   1.084846e+02 -1.049189e+01 4.811438e+01
      vertex   1.084384e+02 -1.287772e+01 4.017856e+01
    endloop
  endfacet
  facet normal 9.930685e-01 -1.140280e-01 2.850701e-02
    outer loop
      vertex   1.084846e+02 -1.249949e+01 4.008400e+01
      vertex   1.084384e+02 -1.287772e+01 4.017856e+01
      vertex   1.084384e+02 -1.488532e+01 3.214817e+01
    endloop
  endfacet
  facet normal 9.807853e-01 -1.892654e-01 4.731635e-02
    outer loop
      vertex   1.084384e+02 -1.488532e+01 3.214817e+01
      vertex   1.084384e+02 -1.287772e+01 4.017856e+01
      vertex   1.083618e+02 -1.525888e+01 3.224156e+01
    endloop
  endfacet
  facet normal 9.807853e-01 -1.892654e-01 4.731635e-02
    outer loop
      vertex   1.084384e+02 -1.488532e+01 3.214817e+01
      vertex   1.083618e+02 -1.525888e+01 3.224156e+01
      vertex   1.083618e+02 -1.726647e+01 2.421118e+01
    endloop
  endfacet
  facet normal 9.624552e-01 -2.633359e-01 6.583398e-02
    outer loop
      vertex   1.083618e+02 -1.726647e+01 2.421118e+01
      vertex   1.083618e+02 -1.525888e+01 3.224156e+01
      vertex   1.082553e+02 -1.763305e+01 2.430283e+01
    endloop
  endfacet
  facet normal 9.624552e-01 -2.633359e-01 6.583398e-02
    outer loop
      vertex   1.083618e+02 -1.726647e+01 2.421118e+01
      vertex   1.082553e+02 -1.763305e+01 2.430283e+01
      vertex   1.082553e+02 -1.964064e+01 1.627244e+01
    endloop
  endfacet
  facet normal 9.381913e-01 -3.357829e-01 8.394572e-02
    outer loop
      vertex   1.082553e+02 -1.964064e+01 1.627244e+01
      vertex   1.082553e+02 -1.763305e+01 2.430283e+01
      vertex   1.081194e+02 -1.999798e+01 1.636178e+01
    endloop
  endfacet
  facet normal 9.381913e-01 -3.356922e-01 8.430828e-02
    outer loop
      vertex   1.082553e+02 -1.964064e+01 1.627244e+01
      vertex   1.081194e+02 -1.999798e+01 1.636178e+01
      vertex   1.081544e+02 -2.172904e+01 9.080000e+00
    endloop
  endfacet
  facet normal 9.165942e-01 -3.879658e-01 9.663132e-02
    outer loop
      vertex   1.081544e+02 -2.172904e+01 9.080000e+00
      vertex   1.081194e+02 -1.999798e+01 1.636178e+01
      vertex   1.080048e+02 -2.208230e+01 9.080000e+00
    endloop
  endfacet
  facet normal 9.081431e-01 -4.060588e-01 1.019432e-01
    outer loop
      vertex   1.080048e+02 -2.208230e+01 9.080000e+00
      vertex   1.081194e+02 -1.999798e+01 1.636178e+01
      vertex   1.079550e+02 -2.034387e+01 1.644825e+01
    endloop
  endfacet
  facet normal 8.841553e-01 -4.533376e-01 1.129358e-01
    outer loop
      vertex   1.080048e+02 -2.208230e+01 9.080000e+00
      vertex   1.079550e+02 -2.034387e+01 1.644825e+01
      vertex   1.078301e+02 -2.242306e+01 9.080000e+00
    endloop
  endfacet
  facet normal 8.724959e-01 -4.739236e-01 1.189424e-01
    outer loop
      vertex   1.078301e+02 -2.242306e+01 9.080000e+00
      vertex   1.079550e+02 -2.034387e+01 1.644825e+01
      vertex   1.077632e+02 -2.067618e+01 1.653133e+01
    endloop
  endfacet
  facet normal 8.467708e-01 -5.161753e-01 1.286168e-01
    outer loop
      vertex   1.078301e+02 -2.242306e+01 9.080000e+00
      vertex   1.077632e+02 -2.067618e+01 1.653133e+01
      vertex   1.076312e+02 -2.274940e+01 9.080000e+00
    endloop
  endfacet
  facet normal 8.314695e-01 -5.388682e-01 1.352018e-01
    outer loop
      vertex   1.076312e+02 -2.274940e+01 9.080000e+00
      vertex   1.077632e+02 -2.067618e+01 1.653133e+01
      vertex   1.075451e+02 -2.099287e+01 1.661050e+01
    endloop
  endfacet
  facet normal 8.046494e-01 -5.761271e-01 1.435860e-01
    outer loop
      vertex   1.076312e+02 -2.274940e+01 9.080000e+00
      vertex   1.075451e+02 -2.099287e+01 1.661050e+01
      vertex   1.074092e+02 -2.305951e+01 9.080000e+00
    endloop
  endfacet
  facet normal 7.853168e-01 -6.004920e-01 1.506216e-01
    outer loop
      vertex   1.074092e+02 -2.305951e+01 9.080000e+00
      vertex   1.075451e+02 -2.099287e+01 1.661050e+01
      vertex   1.073020e+02 -2.129198e+01 1.668528e+01
    endloop
  endfacet
  facet normal 7.580262e-01 -6.328572e-01 1.577591e-01
    outer loop
      vertex   1.074092e+02 -2.305951e+01 9.080000e+00
      vertex   1.073020e+02 -2.129198e+01 1.668528e+01
      vertex   1.071653e+02 -2.335165e+01 9.080000e+00
    endloop
  endfacet
  facet normal 7.343224e-01 -6.584150e-01 1.651070e-01
    outer loop
      vertex   1.071653e+02 -2.335165e+01 9.080000e+00
      vertex   1.073020e+02 -2.129198e+01 1.668528e+01
      vertex   1.070355e+02 -2.157166e+01 1.675520e+01
    endloop
  endfacet
  facet normal 7.071620e-01 -6.860479e-01 1.710564e-01
    outer loop
      vertex   1.071653e+02 -2.335165e+01 9.080000e+00
      vertex   1.070355e+02 -2.157166e+01 1.675520e+01
      vertex   1.069009e+02 -2.362418e+01 9.080000e+00
    endloop
  endfacet
  facet normal 6.788007e-01 -7.122800e-01 1.785691e-01
    outer loop
      vertex   1.069009e+02 -2.362418e+01 9.080000e+00
      vertex   1.070355e+02 -2.157166e+01 1.675520e+01
      vertex   1.067472e+02 -2.183020e+01 1.681983e+01
    endloop
  endfacet
  facet normal 6.523410e-01 -7.354010e-01 1.834030e-01
    outer loop
      vertex   1.069009e+02 -2.362418e+01 9.080000e+00
      vertex   1.067472e+02 -2.183020e+01 1.681983e+01
      vertex   1.066174e+02 -2.387559e+01 9.080000e+00
    endloop
  endfacet
  facet normal 6.190939e-01 -7.617548e-01 1.909250e-01
    outer loop
      vertex   1.066174e+02 -2.387559e+01 9.080000e+00
      vertex   1.067472e+02 -2.183020e+01 1.681983e+01
      vertex   1.064389e+02 -2.206600e+01 1.687878e+01
    endloop
  endfacet
  facet normal 5.938700e-01 -7.806400e-01 1.947296e-01
    outer loop
      vertex   1.066174e+02 -2.387559e+01 9.080000e+00
      vertex   1.064389e+02 -2.206600e+01 1.687878e+01
      vertex   1.063166e+02 -2.410446e+01 9.080000e+00
    endloop
  endfacet
  facet normal 5.555702e-01 -8.065345e-01 2.020986e-01
    outer loop
      vertex   1.063166e+02 -2.410446e+01 9.080000e+00
      vertex   1.064389e+02 -2.206600e+01 1.687878e+01
      vertex   1.061125e+02 -2.227760e+01 1.693168e+01
    endloop
  endfacet
  facet normal 5.320763e-01 -8.215114e-01 2.049726e-01
    outer loop
      vertex   1.063166e+02 -2.410446e+01 9.080000e+00
      vertex   1.061125e+02 -2.227760e+01 1.693168e+01
      vertex   1.060000e+02 -2.430951e+01 9.080000e+00
    endloop
  endfacet
  facet normal 4.886212e-01 -8.463429e-01 2.120212e-01
    outer loop
      vertex   1.060000e+02 -2.430951e+01 9.080000e+00
      vertex   1.061125e+02 -2.227760e+01 1.693168e+01
      vertex   1.057700e+02 -2.246371e+01 1.697821e+01
    endloop
  endfacet
  facet normal 4.673059e-01 -8.577863e-01 2.140747e-01
    outer loop
      vertex   1.060000e+02 -2.430951e+01 9.080000e+00
      vertex   1.057700e+02 -2.246371e+01 1.697821e+01
      vertex   1.056694e+02 -2.448961e+01 9.080000e+00
    endloop
  endfacet
  facet normal 4.186597e-01 -8.809346e-01 2.206315e-01
    outer loop
      vertex   1.056694e+02 -2.448961e+01 9.080000e+00
      vertex   1.057700e+02 -2.246371e+01 1.697821e+01
      vertex   1.054134e+02 -2.262317e+01 1.701807e+01
    endloop
  endfacet
  facet normal 3.999214e-01 -8.892613e-01 2.219849e-01
    outer loop
      vertex   1.056694e+02 -2.448961e+01 9.080000e+00
      vertex   1.054134e+02 -2.262317e+01 1.701807e+01
      vertex   1.053267e+02 -2.464373e+01 9.080000e+00
    endloop
  endfacet
  facet normal 3.461170e-01 -9.100964e-01 2.278761e-01
    outer loop
      vertex   1.053267e+02 -2.464373e+01 9.080000e+00
      vertex   1.054134e+02 -2.262317e+01 1.701807e+01
      vertex   1.050451e+02 -2.275499e+01 1.705103e+01
    endloop
  endfacet
  facet normal 3.303003e-01 -9.157602e-01 2.286593e-01
    outer loop
      vertex   1.053267e+02 -2.464373e+01 9.080000e+00
      vertex   1.050451e+02 -2.275499e+01 1.705103e+01
      vertex   1.049738e+02 -2.477103e+01 9.080000e+00
    endloop
  endfacet
  facet normal 2.714404e-01 -9.336486e-01 2.337102e-01
    outer loop
      vertex   1.049738e+02 -2.477103e+01 9.080000e+00
      vertex   1.050451e+02 -2.275499e+01 1.705103e+01
      vertex   1.046672e+02 -2.285838e+01 1.707688e+01
    endloop
  endfacet
  facet normal 2.588326e-01 -9.371346e-01 2.340607e-01
    outer loop
      vertex   1.049738e+02 -2.477103e+01 9.080000e+00
      vertex   1.046672e+02 -2.285838e+01 1.707688e+01
      vertex   1.046126e+02 -2.487078e+01 9.080000e+00
    endloop
  endfacet
  facet normal 1.950903e-01 -9.514459e-01 2.380975e-01
    outer loop
      vertex   1.046126e+02 -2.487078e+01 9.080000e+00
      vertex   1.046672e+02 -2.285838e+01 1.707688e+01
      vertex   1.042822e+02 -2.293268e+01 1.709545e+01
    endloop
  endfacet
  facet normal 1.859186e-01 -9.532652e-01 2.381593e-01
    outer loop
      vertex   1.046126e+02 -2.487078e+01 9.080000e+00
      vertex   1.042822e+02 -2.293268e+01 1.709545e+01
      vertex   1.042452e+02 -2.494244e+01 9.080000e+00
    endloop
  endfacet
  facet normal 1.175374e-01 -9.633789e-01 2.410104e-01
    outer loop
      vertex   1.042452e+02 -2.494244e+01 9.080000e+00
      vertex   1.042822e+02 -2.293268e+01 1.709545e+01
      vertex   1.038923e+02 -2.297745e+01 1.710664e+01
    endloop
  endfacet
  facet normal 1.119667e-01 -9.640617e-01 2.409327e-01
    outer loop
      vertex   1.042452e+02 -2.494244e+01 9.080000e+00
      vertex   1.038923e+02 -2.297745e+01 1.710664e+01
      vertex   1.038737e+02 -2.498559e+01 9.080000e+00
    endloop
  endfacet
  facet normal 9.439068e-01 -3.204257e-01 7.979531e-02
    outer loop
      vertex   1.081544e+02 -2.172904e+01 9.080000e+00
      vertex   1.082779e+02 -2.136525e+01 9.080000e+00
      vertex   1.082553e+02 -1.964064e+01 1.627244e+01
    endloop
  endfacet
  facet normal 9.624552e-01 -2.632579e-01 6.614583e-02
    outer loop
      vertex   1.082553e+02 -1.964064e+01 1.627244e+01
      vertex   1.082779e+02 -2.136525e+01 9.080000e+00
      vertex   1.083618e+02 -1.927407e+01 1.618080e+01
    endloop
  endfacet
  facet normal 9.624552e-01 -2.633359e-01 6.583398e-02
    outer loop
      vertex   1.082553e+02 -1.964064e+01 1.627244e+01
      vertex   1.083618e+02 -1.927407e+01 1.618080e+01
      vertex   1.083618e+02 -1.726647e+01 2.421118e+01
    endloop
  endfacet
  facet normal 9.807853e-01 -1.892654e-01 4.731635e-02
    outer loop
      vertex   1.083618e+02 -1.726647e+01 2.421118e+01
      vertex   1.083618e+02 -1.927407e+01 1.618080e+01
      vertex   1.084384e+02 -1.689291e+01 2.411779e+01
    endloop
  endfacet
  facet normal 9.807853e-01 -1.892654e-01 4.731635e-02
    outer loop
      vertex   1.083618e+02 -1.726647e+01 2.421118e+01
      vertex   1.084384e+02 -1.689291e+01 2.411779e+01
      vertex   1.084384e+02 -1.488532e+01 3.214817e+01
    endloop
  endfacet
  facet normal 9.930685e-01 -1.140280e-01 2.850701e-02
    outer loop
      vertex   1.084384e+02 -1.488532e+01 3.214817e+01
      vertex   1.084384e+02 -1.689291e+01 2.411779e+01
      vertex   1.084846e+02 -1.450708e+01 3.205362e+01
    endloop
  endfacet
  facet normal 9.930685e-01 -1.140280e-01 2.850701e-02
    outer loop
      vertex   1.084384e+02 -1.488532e+01 3.214817e+01
      vertex   1.084846e+02 -1.450708e+01 3.205362e+01
      vertex   1.084846e+02 -1.249949e+01 4.008400e+01
    endloop
  endfacet
  facet normal 9.992290e-01 -3.808762e-02 9.521904e-03
    outer loop
      vertex   1.084846e+02 -1.249949e+01 4.008400e+01
      vertex   1.084846e+02 -1.450708e+01 3.205362e+01
      vertex   1.085000e+02 -6.096118e+00 6.408000e+01
    endloop
  endfacet
  facet normal 9.659410e-01 -2.510953e-01 6.252271e-02
    outer loop
      vertex   1.082779e+02 -2.136525e+01 9.080000e+00
      vertex   1.083746e+02 -2.099296e+01 9.080000e+00
      vertex   1.083618e+02 -1.927407e+01 1.618080e+01
    endloop
  endfacet
  facet normal 9.807852e-01 -1.892027e-01 4.756706e-02
    outer loop
      vertex   1.083618e+02 -1.927407e+01 1.618080e+01
      vertex   1.083746e+02 -2.099296e+01 9.080000e+00
      vertex   1.084384e+02 -1.890051e+01 1.608741e+01
    endloop
  endfacet
  facet normal 9.807853e-01 -1.892654e-01 4.731635e-02
    outer loop
      vertex   1.083618e+02 -1.927407e+01 1.618080e+01
      vertex   1.084384e+02 -1.890051e+01 1.608741e+01
      vertex   1.084384e+02 -1.689291e+01 2.411779e+01
    endloop
  endfacet
  facet normal 9.930685e-01 -1.140280e-01 2.850701e-02
    outer loop
      vertex   1.084384e+02 -1.689291e+01 2.411779e+01
      vertex   1.084384e+02 -1.890051e+01 1.608741e+01
      vertex   1.084846e+02 -1.651468e+01 2.402323e+01
    endloop
  endfacet
  facet normal 9.930685e-01 -1.140280e-01 2.850701e-02
    outer loop
      vertex   1.084384e+02 -1.689291e+01 2.411779e+01
      vertex   1.084846e+02 -1.651468e+01 2.402323e+01
      vertex   1.084846e+02 -1.450708e+01 3.205362e+01
    endloop
  endfacet
  facet normal 9.992290e-01 -3.808762e-02 9.521904e-03
    outer loop
      vertex   1.084846e+02 -1.450708e+01 3.205362e+01
      vertex   1.084846e+02 -1.651468e+01 2.402323e+01
      vertex   1.085000e+02 -6.096118e+00 6.408000e+01
    endloop
  endfacet
  facet normal 9.825744e-01 -1.803622e-01 4.491094e-02
    outer loop
      vertex   1.083746e+02 -2.099296e+01 9.080000e+00
      vertex   1.084442e+02 -2.061426e+01 9.080000e+00
      vertex   1.084384e+02 -1.890051e+01 1.608741e+01
    endloop
  endfacet
  facet normal 9.930684e-01 -1.139834e-01 2.868567e-02
    outer loop
      vertex   1.084384e+02 -1.890051e+01 1.608741e+01
      vertex   1.084442e+02 -2.061426e+01 9.080000e+00
      vertex   1.084846e+02 -1.852227e+01 1.599285e+01
    endloop
  endfacet
  facet normal 9.930685e-01 -1.140280e-01 2.850701e-02
    outer loop
      vertex   1.084384e+02 -1.890051e+01 1.608741e+01
      vertex   1.084846e+02 -1.852227e+01 1.599285e+01
      vertex   1.084846e+02 -1.651468e+01 2.402323e+01
    endloop
  endfacet
  facet normal 9.992290e-01 -3.808762e-02 9.521904e-03
    outer loop
      vertex   1.084846e+02 -1.651468e+01 2.402323e+01
      vertex   1.084846e+02 -1.852227e+01 1.599285e+01
      vertex   1.085000e+02 -6.096118e+00 6.408000e+01
    endloop
  endfacet
  facet normal 9.937148e-01 -1.086218e-01 2.705935e-02
    outer loop
      vertex   1.084442e+02 -2.061426e+01 9.080000e+00
      vertex   1.084860e+02 -2.023127e+01 9.080000e+00
      vertex   1.084846e+02 -1.852227e+01 1.599285e+01
    endloop
  endfacet
  facet normal 9.988195e-01 -4.710795e-02 1.185297e-02
    outer loop
      vertex   1.084846e+02 -1.852227e+01 1.599285e+01
      vertex   1.084860e+02 -2.023127e+01 9.080000e+00
      vertex   1.085000e+02 -6.096118e+00 6.408000e+01
    endloop
  endfacet
  facet normal 9.993007e-01 -3.627479e-02 9.068697e-03
    outer loop
      vertex   1.084860e+02 -2.023127e+01 9.080000e+00
      vertex   1.085000e+02 -1.984612e+01 9.080000e+00
      vertex   1.085000e+02 -6.096118e+00 6.408000e+01
    endloop
  endfacet
  facet normal 3.461171e-01 -9.101793e-01 2.275448e-01
    outer loop
      vertex   1.054134e+02 -1.057759e+01 6.520037e+01
      vertex   1.050451e+02 -1.070942e+01 6.523333e+01
      vertex   1.050451e+02 -1.271702e+01 5.720294e+01
    endloop
  endfacet
  facet normal 2.714404e-01 -9.337187e-01 2.334297e-01
    outer loop
      vertex   1.050451e+02 -1.271702e+01 5.720294e+01
      vertex   1.050451e+02 -1.070942e+01 6.523333e+01
      vertex   1.046672e+02 -1.282040e+01 5.722879e+01
    endloop
  endfacet
  facet normal 2.714404e-01 -9.337187e-01 2.334297e-01
    outer loop
      vertex   1.050451e+02 -1.271702e+01 5.720294e+01
      vertex   1.046672e+02 -1.282040e+01 5.722879e+01
      vertex   1.046672e+02 -1.482800e+01 4.919841e+01
    endloop
  endfacet
  facet normal 1.950903e-01 -9.515015e-01 2.378754e-01
    outer loop
      vertex   1.046672e+02 -1.482800e+01 4.919841e+01
      vertex   1.046672e+02 -1.282040e+01 5.722879e+01
      vertex   1.042822e+02 -1.490230e+01 4.921698e+01
    endloop
  endfacet
  facet normal 1.950903e-01 -9.515015e-01 2.378754e-01
    outer loop
      vertex   1.046672e+02 -1.482800e+01 4.919841e+01
      vertex   1.042822e+02 -1.490230e+01 4.921698e+01
      vertex   1.042822e+02 -1.690990e+01 4.118660e+01
    endloop
  endfacet
  facet normal 1.175374e-01 -9.634179e-01 2.408545e-01
    outer loop
      vertex   1.042822e+02 -1.690990e+01 4.118660e+01
      vertex   1.042822e+02 -1.490230e+01 4.921698e+01
      vertex   1.038923e+02 -1.695466e+01 4.119779e+01
    endloop
  endfacet
  facet normal 1.175374e-01 -9.634179e-01 2.408545e-01
    outer loop
      vertex   1.042822e+02 -1.690990e+01 4.118660e+01
      vertex   1.038923e+02 -1.695466e+01 4.119779e+01
      vertex   1.038923e+02 -1.896226e+01 3.316741e+01
    endloop
  endfacet
  facet normal 3.925982e-02 -9.693946e-01 2.423486e-01
    outer loop
      vertex   1.038923e+02 -1.896226e+01 3.316741e+01
      vertex   1.038923e+02 -1.695466e+01 4.119779e+01
      vertex   1.035000e+02 -2.500000e+01 9.080000e+00
    endloop
  endfacet
  facet normal 2.714404e-01 -9.337187e-01 2.334297e-01
    outer loop
      vertex   1.050451e+02 -1.070942e+01 6.523333e+01
      vertex   1.046672e+02 -1.081280e+01 6.525917e+01
      vertex   1.046672e+02 -1.282040e+01 5.722879e+01
    endloop
  endfacet
  facet normal 1.950903e-01 -9.515015e-01 2.378754e-01
    outer loop
      vertex   1.046672e+02 -1.282040e+01 5.722879e+01
      vertex   1.046672e+02 -1.081280e+01 6.525917e+01
      vertex   1.042822e+02 -1.289471e+01 5.724737e+01
    endloop
  endfacet
  facet normal 1.950903e-01 -9.515015e-01 2.378754e-01
    outer loop
      vertex   1.046672e+02 -1.282040e+01 5.722879e+01
      vertex   1.042822e+02 -1.289471e+01 5.724737e+01
      vertex   1.042822e+02 -1.490230e+01 4.921698e+01
    endloop
  endfacet
  facet normal 1.175374e-01 -9.634179e-01 2.408545e-01
    outer loop
      vertex   1.042822e+02 -1.490230e+01 4.921698e+01
      vertex   1.042822e+02 -1.289471e+01 5.724737e+01
      vertex   1.038923e+02 -1.494707e+01 4.922817e+01
    endloop
  endfacet
  facet normal 1.175374e-01 -9.634179e-01 2.408545e-01
    outer loop
      vertex   1.042822e+02 -1.490230e+01 4.921698e+01
      vertex   1.038923e+02 -1.494707e+01 4.922817e+01
      vertex   1.038923e+02 -1.695466e+01 4.119779e+01
    endloop
  endfacet
  facet normal 3.925982e-02 -9.693946e-01 2.423486e-01
    outer loop
      vertex   1.038923e+02 -1.695466e+01 4.119779e+01
      vertex   1.038923e+02 -1.494707e+01 4.922817e+01
      vertex   1.035000e+02 -1.094683e+01 6.529268e+01
    endloop
  endfacet
  facet normal 3.925982e-02 -9.693946e-01 2.423486e-01
    outer loop
      vertex   1.038923e+02 -1.695466e+01 4.119779e+01
      vertex   1.035000e+02 -1.094683e+01 6.529268e+01
      vertex   1.035000e+02 -2.500000e+01 9.080000e+00
    endloop
  endfacet
  facet normal 1.950903e-01 -9.515015e-01 2.378754e-01
    outer loop
      vertex   1.046672e+02 -1.081280e+01 6.525917e+01
      vertex   1.042822e+02 -1.088711e+01 6.527775e+01
      vertex   1.042822e+02 -1.289471e+01 5.724737e+01
    endloop
  endfacet
  facet normal 1.175374e-01 -9.634179e-01 2.408545e-01
    outer loop
      vertex   1.042822e+02 -1.289471e+01 5.724737e+01
      vertex   1.042822e+02 -1.088711e+01 6.527775e+01
      vertex   1.038923e+02 -1.293947e+01 5.725856e+01
    endloop
  endfacet
  facet normal 1.175374e-01 -9.634179e-01 2.408545e-01
    outer loop
      vertex   1.042822e+02 -1.289471e+01 5.724737e+01
      vertex   1.038923e+02 -1.293947e+01 5.725856e+01
      vertex   1.038923e+02 -1.494707e+01 4.922817e+01
    endloop
  endfacet
  facet normal 3.925982e-02 -9.693946e-01 2.423486e-01
    outer loop
      vertex   1.038923e+02 -1.494707e+01 4.922817e+01
      vertex   1.038923e+02 -1.293947e+01 5.725856e+01
      vertex   1.035000e+02 -1.094683e+01 6.529268e+01
    endloop
  endfacet
  facet normal 1.175374e-01 -9.634179e-01 2.408545e-01
    outer loop
      vertex   1.042822e+02 -1.088711e+01 6.527775e+01
      vertex   1.038923e+02 -1.093188e+01 6.528894e+01
      vertex   1.038923e+02 -1.293947e+01 5.725856e+01
    endloop
  endfacet
  facet normal 3.925982e-02 -9.693946e-01 2.423486e-01
    outer loop
      vertex   1.038923e+02 -1.293947e+01 5.725856e+01
      vertex   1.038923e+02 -1.093188e+01 6.528894e+01
      vertex   1.035000e+02 -1.094683e+01 6.529268e+01
    endloop
  endfacet
  facet normal 1.175374e-01 -9.634179e-01 2.408545e-01
    outer loop
      vertex   1.038923e+02 -2.096986e+01 2.513703e+01
      vertex   1.038923e+02 -2.297745e+01 1.710664e+01
      vertex   1.042822e+02 -2.092509e+01 2.512584e+01
    endloop
  endfacet
  facet normal 1.175374e-01 -9.634179e-01 2.408545e-01
    outer loop
      vertex   1.042822e+02 -2.092509e+01 2.512584e+01
      vertex   1.038923e+02 -2.297745e+01 1.710664e+01
      vertex   1.042822e+02 -2.293268e+01 1.709545e+01
    endloop
  endfacet
  facet normal 1.950903e-01 -9.515015e-01 2.378754e-01
    outer loop
      vertex   1.042822e+02 -2.092509e+01 2.512584e+01
      vertex   1.042822e+02 -2.293268e+01 1.709545e+01
      vertex   1.046672e+02 -2.085078e+01 2.510726e+01
    endloop
  endfacet
  facet normal 1.950903e-01 -9.515015e-01 2.378754e-01
    outer loop
      vertex   1.046672e+02 -2.085078e+01 2.510726e+01
      vertex   1.042822e+02 -2.293268e+01 1.709545e+01
      vertex   1.046672e+02 -2.285838e+01 1.707688e+01
    endloop
  endfacet
  facet normal 2.714404e-01 -9.337187e-01 2.334297e-01
    outer loop
      vertex   1.046672e+02 -2.085078e+01 2.510726e+01
      vertex   1.046672e+02 -2.285838e+01 1.707688e+01
      vertex   1.050451e+02 -2.074740e+01 2.508141e+01
    endloop
  endfacet
  facet normal 2.714404e-01 -9.337187e-01 2.334297e-01
    outer loop
      vertex   1.050451e+02 -2.074740e+01 2.508141e+01
      vertex   1.046672e+02 -2.285838e+01 1.707688e+01
      vertex   1.050451e+02 -2.275499e+01 1.705103e+01
    endloop
  endfacet
  facet normal 3.461171e-01 -9.101793e-01 2.275448e-01
    outer loop
      vertex   1.050451e+02 -2.074740e+01 2.508141e+01
      vertex   1.050451e+02 -2.275499e+01 1.705103e+01
      vertex   1.054134e+02 -2.061557e+01 2.504846e+01
    endloop
  endfacet
  facet normal 3.461171e-01 -9.101793e-01 2.275448e-01
    outer loop
      vertex   1.054134e+02 -2.061557e+01 2.504846e+01
      vertex   1.050451e+02 -2.275499e+01 1.705103e+01
      vertex   1.054134e+02 -2.262317e+01 1.701807e+01
    endloop
  endfacet
  facet normal 4.186597e-01 -8.810283e-01 2.202571e-01
    outer loop
      vertex   1.054134e+02 -2.061557e+01 2.504846e+01
      vertex   1.054134e+02 -2.262317e+01 1.701807e+01
      vertex   1.057700e+02 -2.045611e+01 2.500859e+01
    endloop
  endfacet
  facet normal 4.186597e-01 -8.810283e-01 2.202571e-01
    outer loop
      vertex   1.057700e+02 -2.045611e+01 2.500859e+01
      vertex   1.054134e+02 -2.262317e+01 1.701807e+01
      vertex   1.057700e+02 -2.246371e+01 1.697821e+01
    endloop
  endfacet
  facet normal 4.886212e-01 -8.464455e-01 2.116114e-01
    outer loop
      vertex   1.057700e+02 -2.045611e+01 2.500859e+01
      vertex   1.057700e+02 -2.246371e+01 1.697821e+01
      vertex   1.061125e+02 -2.027001e+01 2.496207e+01
    endloop
  endfacet
  facet normal 4.886212e-01 -8.464455e-01 2.116114e-01
    outer loop
      vertex   1.061125e+02 -2.027001e+01 2.496207e+01
      vertex   1.057700e+02 -2.246371e+01 1.697821e+01
      vertex   1.061125e+02 -2.227760e+01 1.693168e+01
    endloop
  endfacet
  facet normal 5.555702e-01 -8.066440e-01 2.016610e-01
    outer loop
      vertex   1.061125e+02 -2.027001e+01 2.496207e+01
      vertex   1.061125e+02 -2.227760e+01 1.693168e+01
      vertex   1.064389e+02 -2.005841e+01 2.490916e+01
    endloop
  endfacet
  facet normal 5.555702e-01 -8.066440e-01 2.016610e-01
    outer loop
      vertex   1.064389e+02 -2.005841e+01 2.490916e+01
      vertex   1.061125e+02 -2.227760e+01 1.693168e+01
      vertex   1.064389e+02 -2.206600e+01 1.687878e+01
    endloop
  endfacet
  facet normal 6.190939e-01 -7.618693e-01 1.904673e-01
    outer loop
      vertex   1.064389e+02 -2.005841e+01 2.490916e+01
      vertex   1.064389e+02 -2.206600e+01 1.687878e+01
      vertex   1.067472e+02 -1.982261e+01 2.485021e+01
    endloop
  endfacet
  facet normal 6.190939e-01 -7.618693e-01 1.904673e-01
    outer loop
      vertex   1.067472e+02 -1.982261e+01 2.485021e+01
      vertex   1.064389e+02 -2.206600e+01 1.687878e+01
      vertex   1.067472e+02 -2.183020e+01 1.681983e+01
    endloop
  endfacet
  facet normal 6.788007e-01 -7.123975e-01 1.780994e-01
    outer loop
      vertex   1.067472e+02 -1.982261e+01 2.485021e+01
      vertex   1.067472e+02 -2.183020e+01 1.681983e+01
      vertex   1.070355e+02 -1.956407e+01 2.478558e+01
    endloop
  endfacet
  facet normal 6.788007e-01 -7.123975e-01 1.780994e-01
    outer loop
      vertex   1.070355e+02 -1.956407e+01 2.478558e+01
      vertex   1.067472e+02 -2.183020e+01 1.681983e+01
      vertex   1.070355e+02 -2.157166e+01 1.675520e+01
    endloop
  endfacet
  facet normal 7.343225e-01 -6.585335e-01 1.646334e-01
    outer loop
      vertex   1.070355e+02 -1.956407e+01 2.478558e+01
      vertex   1.070355e+02 -2.157166e+01 1.675520e+01
      vertex   1.073020e+02 -1.928438e+01 2.471566e+01
    endloop
  endfacet
  facet normal 7.343225e-01 -6.585335e-01 1.646334e-01
    outer loop
      vertex   1.073020e+02 -1.928438e+01 2.471566e+01
      vertex   1.070355e+02 -2.157166e+01 1.675520e+01
      vertex   1.073020e+02 -2.129198e+01 1.668528e+01
    endloop
  endfacet
  facet normal 7.853169e-01 -6.006094e-01 1.501523e-01
    outer loop
      vertex   1.073020e+02 -1.928438e+01 2.471566e+01
      vertex   1.073020e+02 -2.129198e+01 1.668528e+01
      vertex   1.075451e+02 -1.898527e+01 2.464088e+01
    endloop
  endfacet
  facet normal 7.853169e-01 -6.006094e-01 1.501523e-01
    outer loop
      vertex   1.075451e+02 -1.898527e+01 2.464088e+01
      vertex   1.073020e+02 -2.129198e+01 1.668528e+01
      vertex   1.075451e+02 -2.099287e+01 1.661050e+01
    endloop
  endfacet
  facet normal 8.314696e-01 -5.389823e-01 1.347456e-01
    outer loop
      vertex   1.075451e+02 -1.898527e+01 2.464088e+01
      vertex   1.075451e+02 -2.099287e+01 1.661050e+01
      vertex   1.077632e+02 -1.866859e+01 2.456171e+01
    endloop
  endfacet
  facet normal 8.314696e-01 -5.389823e-01 1.347456e-01
    outer loop
      vertex   1.077632e+02 -1.866859e+01 2.456171e+01
      vertex   1.075451e+02 -2.099287e+01 1.661050e+01
      vertex   1.077632e+02 -2.067618e+01 1.653133e+01
    endloop
  endfacet
  facet normal 8.724960e-01 -4.740322e-01 1.185081e-01
    outer loop
      vertex   1.077632e+02 -1.866859e+01 2.456171e+01
      vertex   1.077632e+02 -2.067618e+01 1.653133e+01
      vertex   1.079550e+02 -1.833627e+01 2.447863e+01
    endloop
  endfacet
  facet normal 8.724960e-01 -4.740322e-01 1.185081e-01
    outer loop
      vertex   1.079550e+02 -1.833627e+01 2.447863e+01
      vertex   1.077632e+02 -2.067618e+01 1.653133e+01
      vertex   1.079550e+02 -2.034387e+01 1.644825e+01
    endloop
  endfacet
  facet normal 9.081432e-01 -4.061596e-01 1.015399e-01
    outer loop
      vertex   1.079550e+02 -1.833627e+01 2.447863e+01
      vertex   1.079550e+02 -2.034387e+01 1.644825e+01
      vertex   1.081194e+02 -1.799038e+01 2.439216e+01
    endloop
  endfacet
  facet normal 9.081432e-01 -4.061596e-01 1.015399e-01
    outer loop
      vertex   1.081194e+02 -1.799038e+01 2.439216e+01
      vertex   1.079550e+02 -2.034387e+01 1.644825e+01
      vertex   1.081194e+02 -1.999798e+01 1.636178e+01
    endloop
  endfacet
  facet normal 9.381913e-01 -3.357829e-01 8.394572e-02
    outer loop
      vertex   1.081194e+02 -1.799038e+01 2.439216e+01
      vertex   1.081194e+02 -1.999798e+01 1.636178e+01
      vertex   1.082553e+02 -1.763305e+01 2.430283e+01
    endloop
  endfacet
  facet normal 1.175374e-01 -9.634179e-01 2.408545e-01
    outer loop
      vertex   1.038923e+02 -2.096986e+01 2.513703e+01
      vertex   1.042822e+02 -2.092509e+01 2.512584e+01
      vertex   1.042822e+02 -1.891749e+01 3.315622e+01
    endloop
  endfacet
  facet normal 1.950903e-01 -9.515015e-01 2.378754e-01
    outer loop
      vertex   1.042822e+02 -1.891749e+01 3.315622e+01
      vertex   1.042822e+02 -2.092509e+01 2.512584e+01
      vertex   1.046672e+02 -1.884319e+01 3.313764e+01
    endloop
  endfacet
  facet normal 1.950903e-01 -9.515015e-01 2.378754e-01
    outer loop
      vertex   1.042822e+02 -1.891749e+01 3.315622e+01
      vertex   1.046672e+02 -1.884319e+01 3.313764e+01
      vertex   1.046672e+02 -1.683559e+01 4.116802e+01
    endloop
  endfacet
  facet normal 2.714404e-01 -9.337187e-01 2.334297e-01
    outer loop
      vertex   1.046672e+02 -1.683559e+01 4.116802e+01
      vertex   1.046672e+02 -1.884319e+01 3.313764e+01
      vertex   1.050451e+02 -1.673221e+01 4.114218e+01
    endloop
  endfacet
  facet normal 2.714404e-01 -9.337187e-01 2.334297e-01
    outer loop
      vertex   1.046672e+02 -1.683559e+01 4.116802e+01
      vertex   1.050451e+02 -1.673221e+01 4.114218e+01
      vertex   1.050451e+02 -1.472461e+01 4.917256e+01
    endloop
  endfacet
  facet normal 3.461171e-01 -9.101793e-01 2.275448e-01
    outer loop
      vertex   1.050451e+02 -1.472461e+01 4.917256e+01
      vertex   1.050451e+02 -1.673221e+01 4.114218e+01
      vertex   1.054134e+02 -1.459278e+01 4.913960e+01
    endloop
  endfacet
  facet normal 3.461171e-01 -9.101793e-01 2.275448e-01
    outer loop
      vertex   1.050451e+02 -1.472461e+01 4.917256e+01
      vertex   1.054134e+02 -1.459278e+01 4.913960e+01
      vertex   1.054134e+02 -1.258519e+01 5.716999e+01
    endloop
  endfacet
  facet normal 4.186597e-01 -8.810283e-01 2.202571e-01
    outer loop
      vertex   1.054134e+02 -1.258519e+01 5.716999e+01
      vertex   1.054134e+02 -1.459278e+01 4.913960e+01
      vertex   1.057700e+02 -1.242573e+01 5.713012e+01
    endloop
  endfacet
  facet normal 1.950903e-01 -9.515015e-01 2.378754e-01
    outer loop
      vertex   1.046672e+02 -1.884319e+01 3.313764e+01
      vertex   1.042822e+02 -2.092509e+01 2.512584e+01
      vertex   1.046672e+02 -2.085078e+01 2.510726e+01
    endloop
  endfacet
  facet normal 2.714404e-01 -9.337187e-01 2.334297e-01
    outer loop
      vertex   1.046672e+02 -1.884319e+01 3.313764e+01
      vertex   1.046672e+02 -2.085078e+01 2.510726e+01
      vertex   1.050451e+02 -1.873980e+01 3.311180e+01
    endloop
  endfacet
  facet normal 2.714404e-01 -9.337187e-01 2.334297e-01
    outer loop
      vertex   1.050451e+02 -1.873980e+01 3.311180e+01
      vertex   1.046672e+02 -2.085078e+01 2.510726e+01
      vertex   1.050451e+02 -2.074740e+01 2.508141e+01
    endloop
  endfacet
  facet normal 3.461171e-01 -9.101793e-01 2.275448e-01
    outer loop
      vertex   1.050451e+02 -1.873980e+01 3.311180e+01
      vertex   1.050451e+02 -2.074740e+01 2.508141e+01
      vertex   1.054134e+02 -1.860797e+01 3.307884e+01
    endloop
  endfacet
  facet normal 3.461171e-01 -9.101793e-01 2.275448e-01
    outer loop
      vertex   1.054134e+02 -1.860797e+01 3.307884e+01
      vertex   1.050451e+02 -2.074740e+01 2.508141e+01
      vertex   1.054134e+02 -2.061557e+01 2.504846e+01
    endloop
  endfacet
  facet normal 4.186597e-01 -8.810283e-01 2.202571e-01
    outer loop
      vertex   1.054134e+02 -1.860797e+01 3.307884e+01
      vertex   1.054134e+02 -2.061557e+01 2.504846e+01
      vertex   1.057700e+02 -1.844852e+01 3.303897e+01
    endloop
  endfacet
  facet normal 4.186597e-01 -8.810283e-01 2.202571e-01
    outer loop
      vertex   1.057700e+02 -1.844852e+01 3.303897e+01
      vertex   1.054134e+02 -2.061557e+01 2.504846e+01
      vertex   1.057700e+02 -2.045611e+01 2.500859e+01
    endloop
  endfacet
  facet normal 4.886212e-01 -8.464455e-01 2.116114e-01
    outer loop
      vertex   1.057700e+02 -1.844852e+01 3.303897e+01
      vertex   1.057700e+02 -2.045611e+01 2.500859e+01
      vertex   1.061125e+02 -1.826241e+01 3.299245e+01
    endloop
  endfacet
  facet normal 4.886212e-01 -8.464455e-01 2.116114e-01
    outer loop
      vertex   1.061125e+02 -1.826241e+01 3.299245e+01
      vertex   1.057700e+02 -2.045611e+01 2.500859e+01
      vertex   1.061125e+02 -2.027001e+01 2.496207e+01
    endloop
  endfacet
  facet normal 5.555702e-01 -8.066440e-01 2.016610e-01
    outer loop
      vertex   1.061125e+02 -1.826241e+01 3.299245e+01
      vertex   1.061125e+02 -2.027001e+01 2.496207e+01
      vertex   1.064389e+02 -1.805081e+01 3.293955e+01
    endloop
  endfacet
  facet normal 5.555702e-01 -8.066440e-01 2.016610e-01
    outer loop
      vertex   1.064389e+02 -1.805081e+01 3.293955e+01
      vertex   1.061125e+02 -2.027001e+01 2.496207e+01
      vertex   1.064389e+02 -2.005841e+01 2.490916e+01
    endloop
  endfacet
  facet normal 6.190939e-01 -7.618693e-01 1.904673e-01
    outer loop
      vertex   1.064389e+02 -1.805081e+01 3.293955e+01
      vertex   1.064389e+02 -2.005841e+01 2.490916e+01
      vertex   1.067472e+02 -1.781501e+01 3.288060e+01
    endloop
  endfacet
  facet normal 6.190939e-01 -7.618693e-01 1.904673e-01
    outer loop
      vertex   1.067472e+02 -1.781501e+01 3.288060e+01
      vertex   1.064389e+02 -2.005841e+01 2.490916e+01
      vertex   1.067472e+02 -1.982261e+01 2.485021e+01
    endloop
  endfacet
  facet normal 6.788007e-01 -7.123975e-01 1.780994e-01
    outer loop
      vertex   1.067472e+02 -1.781501e+01 3.288060e+01
      vertex   1.067472e+02 -1.982261e+01 2.485021e+01
      vertex   1.070355e+02 -1.755647e+01 3.281596e+01
    endloop
  endfacet
  facet normal 6.788007e-01 -7.123975e-01 1.780994e-01
    outer loop
      vertex   1.070355e+02 -1.755647e+01 3.281596e+01
      vertex   1.067472e+02 -1.982261e+01 2.485021e+01
      vertex   1.070355e+02 -1.956407e+01 2.478558e+01
    endloop
  endfacet
  facet normal 7.343225e-01 -6.585335e-01 1.646334e-01
    outer loop
      vertex   1.070355e+02 -1.755647e+01 3.281596e+01
      vertex   1.070355e+02 -1.956407e+01 2.478558e+01
      vertex   1.073020e+02 -1.727679e+01 3.274604e+01
    endloop
  endfacet
  facet normal 7.343225e-01 -6.585335e-01 1.646334e-01
    outer loop
      vertex   1.073020e+02 -1.727679e+01 3.274604e+01
      vertex   1.070355e+02 -1.956407e+01 2.478558e+01
      vertex   1.073020e+02 -1.928438e+01 2.471566e+01
    endloop
  endfacet
  facet normal 7.853169e-01 -6.006094e-01 1.501523e-01
    outer loop
      vertex   1.073020e+02 -1.727679e+01 3.274604e+01
      vertex   1.073020e+02 -1.928438e+01 2.471566e+01
      vertex   1.075451e+02 -1.697768e+01 3.267126e+01
    endloop
  endfacet
  facet normal 7.853169e-01 -6.006094e-01 1.501523e-01
    outer loop
      vertex   1.075451e+02 -1.697768e+01 3.267126e+01
      vertex   1.073020e+02 -1.928438e+01 2.471566e+01
      vertex   1.075451e+02 -1.898527e+01 2.464088e+01
    endloop
  endfacet
  facet normal 8.314696e-01 -5.389823e-01 1.347456e-01
    outer loop
      vertex   1.075451e+02 -1.697768e+01 3.267126e+01
      vertex   1.075451e+02 -1.898527e+01 2.464088e+01
      vertex   1.077632e+02 -1.666099e+01 3.259209e+01
    endloop
  endfacet
  facet normal 8.314696e-01 -5.389823e-01 1.347456e-01
    outer loop
      vertex   1.077632e+02 -1.666099e+01 3.259209e+01
      vertex   1.075451e+02 -1.898527e+01 2.464088e+01
      vertex   1.077632e+02 -1.866859e+01 2.456171e+01
    endloop
  endfacet
  facet normal 8.724960e-01 -4.740322e-01 1.185081e-01
    outer loop
      vertex   1.077632e+02 -1.666099e+01 3.259209e+01
      vertex   1.077632e+02 -1.866859e+01 2.456171e+01
      vertex   1.079550e+02 -1.632868e+01 3.250901e+01
    endloop
  endfacet
  facet normal 8.724960e-01 -4.740322e-01 1.185081e-01
    outer loop
      vertex   1.079550e+02 -1.632868e+01 3.250901e+01
      vertex   1.077632e+02 -1.866859e+01 2.456171e+01
      vertex   1.079550e+02 -1.833627e+01 2.447863e+01
    endloop
  endfacet
  facet normal 9.081432e-01 -4.061596e-01 1.015399e-01
    outer loop
      vertex   1.079550e+02 -1.632868e+01 3.250901e+01
      vertex   1.079550e+02 -1.833627e+01 2.447863e+01
      vertex   1.081194e+02 -1.598279e+01 3.242254e+01
    endloop
  endfacet
  facet normal 9.081432e-01 -4.061596e-01 1.015399e-01
    outer loop
      vertex   1.081194e+02 -1.598279e+01 3.242254e+01
      vertex   1.079550e+02 -1.833627e+01 2.447863e+01
      vertex   1.081194e+02 -1.799038e+01 2.439216e+01
    endloop
  endfacet
  facet normal 9.381913e-01 -3.357829e-01 8.394572e-02
    outer loop
      vertex   1.081194e+02 -1.598279e+01 3.242254e+01
      vertex   1.081194e+02 -1.799038e+01 2.439216e+01
      vertex   1.082553e+02 -1.562545e+01 3.233321e+01
    endloop
  endfacet
  facet normal 9.381913e-01 -3.357829e-01 8.394572e-02
    outer loop
      vertex   1.082553e+02 -1.562545e+01 3.233321e+01
      vertex   1.081194e+02 -1.799038e+01 2.439216e+01
      vertex   1.082553e+02 -1.763305e+01 2.430283e+01
    endloop
  endfacet
  facet normal 9.624552e-01 -2.633359e-01 6.583398e-02
    outer loop
      vertex   1.082553e+02 -1.562545e+01 3.233321e+01
      vertex   1.082553e+02 -1.763305e+01 2.430283e+01
      vertex   1.083618e+02 -1.525888e+01 3.224156e+01
    endloop
  endfacet
  facet normal 2.714404e-01 -9.337187e-01 2.334297e-01
    outer loop
      vertex   1.046672e+02 -1.884319e+01 3.313764e+01
      vertex   1.050451e+02 -1.873980e+01 3.311180e+01
      vertex   1.050451e+02 -1.673221e+01 4.114218e+01
    endloop
  endfacet
  facet normal 3.461171e-01 -9.101793e-01 2.275448e-01
    outer loop
      vertex   1.050451e+02 -1.673221e+01 4.114218e+01
      vertex   1.050451e+02 -1.873980e+01 3.311180e+01
      vertex   1.054134e+02 -1.660038e+01 4.110922e+01
    endloop
  endfacet
  facet normal 3.461171e-01 -9.101793e-01 2.275448e-01
    outer loop
      vertex   1.050451e+02 -1.673221e+01 4.114218e+01
      vertex   1.054134e+02 -1.660038e+01 4.110922e+01
      vertex   1.054134e+02 -1.459278e+01 4.913960e+01
    endloop
  endfacet
  facet normal 4.186597e-01 -8.810283e-01 2.202571e-01
    outer loop
      vertex   1.054134e+02 -1.459278e+01 4.913960e+01
      vertex   1.054134e+02 -1.660038e+01 4.110922e+01
      vertex   1.057700e+02 -1.443333e+01 4.909974e+01
    endloop
  endfacet
  facet normal 4.186597e-01 -8.810283e-01 2.202571e-01
    outer loop
      vertex   1.054134e+02 -1.459278e+01 4.913960e+01
      vertex   1.057700e+02 -1.443333e+01 4.909974e+01
      vertex   1.057700e+02 -1.242573e+01 5.713012e+01
    endloop
  endfacet
  facet normal 4.886212e-01 -8.464455e-01 2.116114e-01
    outer loop
      vertex   1.057700e+02 -1.242573e+01 5.713012e+01
      vertex   1.057700e+02 -1.443333e+01 4.909974e+01
      vertex   1.061125e+02 -1.223963e+01 5.708360e+01
    endloop
  endfacet
  facet normal 3.461171e-01 -9.101793e-01 2.275448e-01
    outer loop
      vertex   1.054134e+02 -1.660038e+01 4.110922e+01
      vertex   1.050451e+02 -1.873980e+01 3.311180e+01
      vertex   1.054134e+02 -1.860797e+01 3.307884e+01
    endloop
  endfacet
  facet normal 4.186597e-01 -8.810283e-01 2.202571e-01
    outer loop
      vertex   1.054134e+02 -1.660038e+01 4.110922e+01
      vertex   1.054134e+02 -1.860797e+01 3.307884e+01
      vertex   1.057700e+02 -1.644092e+01 4.106936e+01
    endloop
  endfacet
  facet normal 4.186597e-01 -8.810283e-01 2.202571e-01
    outer loop
      vertex   1.057700e+02 -1.644092e+01 4.106936e+01
      vertex   1.054134e+02 -1.860797e+01 3.307884e+01
      vertex   1.057700e+02 -1.844852e+01 3.303897e+01
    endloop
  endfacet
  facet normal 4.886212e-01 -8.464455e-01 2.116114e-01
    outer loop
      vertex   1.057700e+02 -1.644092e+01 4.106936e+01
      vertex   1.057700e+02 -1.844852e+01 3.303897e+01
      vertex   1.061125e+02 -1.625482e+01 4.102283e+01
    endloop
  endfacet
  facet normal 4.886212e-01 -8.464455e-01 2.116114e-01
    outer loop
      vertex   1.061125e+02 -1.625482e+01 4.102283e+01
      vertex   1.057700e+02 -1.844852e+01 3.303897e+01
      vertex   1.061125e+02 -1.826241e+01 3.299245e+01
    endloop
  endfacet
  facet normal 5.555702e-01 -8.066440e-01 2.016610e-01
    outer loop
      vertex   1.061125e+02 -1.625482e+01 4.102283e+01
      vertex   1.061125e+02 -1.826241e+01 3.299245e+01
      vertex   1.064389e+02 -1.604321e+01 4.096993e+01
    endloop
  endfacet
  facet normal 5.555702e-01 -8.066440e-01 2.016610e-01
    outer loop
      vertex   1.064389e+02 -1.604321e+01 4.096993e+01
      vertex   1.061125e+02 -1.826241e+01 3.299245e+01
      vertex   1.064389e+02 -1.805081e+01 3.293955e+01
    endloop
  endfacet
  facet normal 6.190939e-01 -7.618693e-01 1.904673e-01
    outer loop
      vertex   1.064389e+02 -1.604321e+01 4.096993e+01
      vertex   1.064389e+02 -1.805081e+01 3.293955e+01
      vertex   1.067472e+02 -1.580742e+01 4.091098e+01
    endloop
  endfacet
  facet normal 6.190939e-01 -7.618693e-01 1.904673e-01
    outer loop
      vertex   1.067472e+02 -1.580742e+01 4.091098e+01
      vertex   1.064389e+02 -1.805081e+01 3.293955e+01
      vertex   1.067472e+02 -1.781501e+01 3.288060e+01
    endloop
  endfacet
  facet normal 6.788007e-01 -7.123975e-01 1.780994e-01
    outer loop
      vertex   1.067472e+02 -1.580742e+01 4.091098e+01
      vertex   1.067472e+02 -1.781501e+01 3.288060e+01
      vertex   1.070355e+02 -1.554888e+01 4.084635e+01
    endloop
  endfacet
  facet normal 6.788007e-01 -7.123975e-01 1.780994e-01
    outer loop
      vertex   1.070355e+02 -1.554888e+01 4.084635e+01
      vertex   1.067472e+02 -1.781501e+01 3.288060e+01
      vertex   1.070355e+02 -1.755647e+01 3.281596e+01
    endloop
  endfacet
  facet normal 7.343225e-01 -6.585335e-01 1.646334e-01
    outer loop
      vertex   1.070355e+02 -1.554888e+01 4.084635e+01
      vertex   1.070355e+02 -1.755647e+01 3.281596e+01
      vertex   1.073020e+02 -1.526919e+01 4.077642e+01
    endloop
  endfacet
  facet normal 7.343225e-01 -6.585335e-01 1.646334e-01
    outer loop
      vertex   1.073020e+02 -1.526919e+01 4.077642e+01
      vertex   1.070355e+02 -1.755647e+01 3.281596e+01
      vertex   1.073020e+02 -1.727679e+01 3.274604e+01
    endloop
  endfacet
  facet normal 7.853169e-01 -6.006094e-01 1.501523e-01
    outer loop
      vertex   1.073020e+02 -1.526919e+01 4.077642e+01
      vertex   1.073020e+02 -1.727679e+01 3.274604e+01
      vertex   1.075451e+02 -1.497008e+01 4.070165e+01
    endloop
  endfacet
  facet normal 7.853169e-01 -6.006094e-01 1.501523e-01
    outer loop
      vertex   1.075451e+02 -1.497008e+01 4.070165e+01
      vertex   1.073020e+02 -1.727679e+01 3.274604e+01
      vertex   1.075451e+02 -1.697768e+01 3.267126e+01
    endloop
  endfacet
  facet normal 8.314696e-01 -5.389823e-01 1.347456e-01
    outer loop
      vertex   1.075451e+02 -1.497008e+01 4.070165e+01
      vertex   1.075451e+02 -1.697768e+01 3.267126e+01
      vertex   1.077632e+02 -1.465340e+01 4.062247e+01
    endloop
  endfacet
  facet normal 8.314696e-01 -5.389823e-01 1.347456e-01
    outer loop
      vertex   1.077632e+02 -1.465340e+01 4.062247e+01
      vertex   1.075451e+02 -1.697768e+01 3.267126e+01
      vertex   1.077632e+02 -1.666099e+01 3.259209e+01
    endloop
  endfacet
  facet normal 8.724960e-01 -4.740322e-01 1.185081e-01
    outer loop
      vertex   1.077632e+02 -1.465340e+01 4.062247e+01
      vertex   1.077632e+02 -1.666099e+01 3.259209e+01
      vertex   1.079550e+02 -1.432108e+01 4.053940e+01
    endloop
  endfacet
  facet normal 8.724960e-01 -4.740322e-01 1.185081e-01
    outer loop
      vertex   1.079550e+02 -1.432108e+01 4.053940e+01
      vertex   1.077632e+02 -1.666099e+01 3.259209e+01
      vertex   1.079550e+02 -1.632868e+01 3.250901e+01
    endloop
  endfacet
  facet normal 9.081432e-01 -4.061596e-01 1.015399e-01
    outer loop
      vertex   1.079550e+02 -1.432108e+01 4.053940e+01
      vertex   1.079550e+02 -1.632868e+01 3.250901e+01
      vertex   1.081194e+02 -1.397519e+01 4.045292e+01
    endloop
  endfacet
  facet normal 9.081432e-01 -4.061596e-01 1.015399e-01
    outer loop
      vertex   1.081194e+02 -1.397519e+01 4.045292e+01
      vertex   1.079550e+02 -1.632868e+01 3.250901e+01
      vertex   1.081194e+02 -1.598279e+01 3.242254e+01
    endloop
  endfacet
  facet normal 9.381913e-01 -3.357829e-01 8.394572e-02
    outer loop
      vertex   1.081194e+02 -1.397519e+01 4.045292e+01
      vertex   1.081194e+02 -1.598279e+01 3.242254e+01
      vertex   1.082553e+02 -1.361786e+01 4.036359e+01
    endloop
  endfacet
  facet normal 9.381913e-01 -3.357829e-01 8.394572e-02
    outer loop
      vertex   1.082553e+02 -1.361786e+01 4.036359e+01
      vertex   1.081194e+02 -1.598279e+01 3.242254e+01
      vertex   1.082553e+02 -1.562545e+01 3.233321e+01
    endloop
  endfacet
  facet normal 9.624552e-01 -2.633359e-01 6.583398e-02
    outer loop
      vertex   1.082553e+02 -1.361786e+01 4.036359e+01
      vertex   1.082553e+02 -1.562545e+01 3.233321e+01
      vertex   1.083618e+02 -1.325128e+01 4.027195e+01
    endloop
  endfacet
  facet normal 9.624552e-01 -2.633359e-01 6.583398e-02
    outer loop
      vertex   1.083618e+02 -1.325128e+01 4.027195e+01
      vertex   1.082553e+02 -1.562545e+01 3.233321e+01
      vertex   1.083618e+02 -1.525888e+01 3.224156e+01
    endloop
  endfacet
  facet normal 9.807853e-01 -1.892654e-01 4.731635e-02
    outer loop
      vertex   1.083618e+02 -1.325128e+01 4.027195e+01
      vertex   1.083618e+02 -1.525888e+01 3.224156e+01
      vertex   1.084384e+02 -1.287772e+01 4.017856e+01
    endloop
  endfacet
  facet normal 4.186597e-01 -8.810283e-01 2.202571e-01
    outer loop
      vertex   1.054134e+02 -1.660038e+01 4.110922e+01
      vertex   1.057700e+02 -1.644092e+01 4.106936e+01
      vertex   1.057700e+02 -1.443333e+01 4.909974e+01
    endloop
  endfacet
  facet normal 4.886212e-01 -8.464455e-01 2.116114e-01
    outer loop
      vertex   1.057700e+02 -1.443333e+01 4.909974e+01
      vertex   1.057700e+02 -1.644092e+01 4.106936e+01
      vertex   1.061125e+02 -1.424722e+01 4.905321e+01
    endloop
  endfacet
  facet normal 4.886212e-01 -8.464455e-01 2.116114e-01
    outer loop
      vertex   1.057700e+02 -1.443333e+01 4.909974e+01
      vertex   1.061125e+02 -1.424722e+01 4.905321e+01
      vertex   1.061125e+02 -1.223963e+01 5.708360e+01
    endloop
  endfacet
  facet normal 5.555702e-01 -8.066440e-01 2.016610e-01
    outer loop
      vertex   1.061125e+02 -1.223963e+01 5.708360e+01
      vertex   1.061125e+02 -1.424722e+01 4.905321e+01
      vertex   1.064389e+02 -1.202802e+01 5.703069e+01
    endloop
  endfacet
  facet normal 4.886212e-01 -8.464455e-01 2.116114e-01
    outer loop
      vertex   1.061125e+02 -1.424722e+01 4.905321e+01
      vertex   1.057700e+02 -1.644092e+01 4.106936e+01
      vertex   1.061125e+02 -1.625482e+01 4.102283e+01
    endloop
  endfacet
  facet normal 5.555702e-01 -8.066440e-01 2.016610e-01
    outer loop
      vertex   1.061125e+02 -1.424722e+01 4.905321e+01
      vertex   1.061125e+02 -1.625482e+01 4.102283e+01
      vertex   1.064389e+02 -1.403562e+01 4.900031e+01
    endloop
  endfacet
  facet normal 5.555702e-01 -8.066440e-01 2.016610e-01
    outer loop
      vertex   1.064389e+02 -1.403562e+01 4.900031e+01
      vertex   1.061125e+02 -1.625482e+01 4.102283e+01
      vertex   1.064389e+02 -1.604321e+01 4.096993e+01
    endloop
  endfacet
  facet normal 6.190939e-01 -7.618693e-01 1.904673e-01
    outer loop
      vertex   1.064389e+02 -1.403562e+01 4.900031e+01
      vertex   1.064389e+02 -1.604321e+01 4.096993e+01
      vertex   1.067472e+02 -1.379982e+01 4.894136e+01
    endloop
  endfacet
  facet normal 6.190939e-01 -7.618693e-01 1.904673e-01
    outer loop
      vertex   1.067472e+02 -1.379982e+01 4.894136e+01
      vertex   1.064389e+02 -1.604321e+01 4.096993e+01
      vertex   1.067472e+02 -1.580742e+01 4.091098e+01
    endloop
  endfacet
  facet normal 6.788007e-01 -7.123975e-01 1.780994e-01
    outer loop
      vertex   1.067472e+02 -1.379982e+01 4.894136e+01
      vertex   1.067472e+02 -1.580742e+01 4.091098e+01
      vertex   1.070355e+02 -1.354128e+01 4.887673e+01
    endloop
  endfacet
  facet normal 6.788007e-01 -7.123975e-01 1.780994e-01
    outer loop
      vertex   1.070355e+02 -1.354128e+01 4.887673e+01
      vertex   1.067472e+02 -1.580742e+01 4.091098e+01
      vertex   1.070355e+02 -1.554888e+01 4.084635e+01
    endloop
  endfacet
  facet normal 7.343225e-01 -6.585335e-01 1.646334e-01
    outer loop
      vertex   1.070355e+02 -1.354128e+01 4.887673e+01
      vertex   1.070355e+02 -1.554888e+01 4.084635e+01
      vertex   1.073020e+02 -1.326160e+01 4.880681e+01
    endloop
  endfacet
  facet normal 7.343225e-01 -6.585335e-01 1.646334e-01
    outer loop
      vertex   1.073020e+02 -1.326160e+01 4.880681e+01
      vertex   1.070355e+02 -1.554888e+01 4.084635e+01
      vertex   1.073020e+02 -1.526919e+01 4.077642e+01
    endloop
  endfacet
  facet normal 7.853169e-01 -6.006094e-01 1.501523e-01
    outer loop
      vertex   1.073020e+02 -1.326160e+01 4.880681e+01
      vertex   1.073020e+02 -1.526919e+01 4.077642e+01
      vertex   1.075451e+02 -1.296249e+01 4.873203e+01
    endloop
  endfacet
  facet normal 7.853169e-01 -6.006094e-01 1.501523e-01
    outer loop
      vertex   1.075451e+02 -1.296249e+01 4.873203e+01
      vertex   1.073020e+02 -1.526919e+01 4.077642e+01
      vertex   1.075451e+02 -1.497008e+01 4.070165e+01
    endloop
  endfacet
  facet normal 8.314696e-01 -5.389823e-01 1.347456e-01
    outer loop
      vertex   1.075451e+02 -1.296249e+01 4.873203e+01
      vertex   1.075451e+02 -1.497008e+01 4.070165e+01
      vertex   1.077632e+02 -1.264580e+01 4.865286e+01
    endloop
  endfacet
  facet normal 8.314696e-01 -5.389823e-01 1.347456e-01
    outer loop
      vertex   1.077632e+02 -1.264580e+01 4.865286e+01
      vertex   1.075451e+02 -1.497008e+01 4.070165e+01
      vertex   1.077632e+02 -1.465340e+01 4.062247e+01
    endloop
  endfacet
  facet normal 8.724960e-01 -4.740322e-01 1.185081e-01
    outer loop
      vertex   1.077632e+02 -1.264580e+01 4.865286e+01
      vertex   1.077632e+02 -1.465340e+01 4.062247e+01
      vertex   1.079550e+02 -1.231349e+01 4.856978e+01
    endloop
  endfacet
  facet normal 8.724960e-01 -4.740322e-01 1.185081e-01
    outer loop
      vertex   1.079550e+02 -1.231349e+01 4.856978e+01
      vertex   1.077632e+02 -1.465340e+01 4.062247e+01
      vertex   1.079550e+02 -1.432108e+01 4.053940e+01
    endloop
  endfacet
  facet normal 9.081432e-01 -4.061596e-01 1.015399e-01
    outer loop
      vertex   1.079550e+02 -1.231349e+01 4.856978e+01
      vertex   1.079550e+02 -1.432108e+01 4.053940e+01
      vertex   1.081194e+02 -1.196760e+01 4.848331e+01
    endloop
  endfacet
  facet normal 9.081432e-01 -4.061596e-01 1.015399e-01
    outer loop
      vertex   1.081194e+02 -1.196760e+01 4.848331e+01
      vertex   1.079550e+02 -1.432108e+01 4.053940e+01
      vertex   1.081194e+02 -1.397519e+01 4.045292e+01
    endloop
  endfacet
  facet normal 9.381913e-01 -3.357829e-01 8.394572e-02
    outer loop
      vertex   1.081194e+02 -1.196760e+01 4.848331e+01
      vertex   1.081194e+02 -1.397519e+01 4.045292e+01
      vertex   1.082553e+02 -1.161026e+01 4.839397e+01
    endloop
  endfacet
  facet normal 9.381913e-01 -3.357829e-01 8.394572e-02
    outer loop
      vertex   1.082553e+02 -1.161026e+01 4.839397e+01
      vertex   1.081194e+02 -1.397519e+01 4.045292e+01
      vertex   1.082553e+02 -1.361786e+01 4.036359e+01
    endloop
  endfacet
  facet normal 9.624552e-01 -2.633359e-01 6.583398e-02
    outer loop
      vertex   1.082553e+02 -1.161026e+01 4.839397e+01
      vertex   1.082553e+02 -1.361786e+01 4.036359e+01
      vertex   1.083618e+02 -1.124369e+01 4.830233e+01
    endloop
  endfacet
  facet normal 9.624552e-01 -2.633359e-01 6.583398e-02
    outer loop
      vertex   1.083618e+02 -1.124369e+01 4.830233e+01
      vertex   1.082553e+02 -1.361786e+01 4.036359e+01
      vertex   1.083618e+02 -1.325128e+01 4.027195e+01
    endloop
  endfacet
  facet normal 9.807853e-01 -1.892654e-01 4.731635e-02
    outer loop
      vertex   1.083618e+02 -1.124369e+01 4.830233e+01
      vertex   1.083618e+02 -1.325128e+01 4.027195e+01
      vertex   1.084384e+02 -1.087013e+01 4.820894e+01
    endloop
  endfacet
  facet normal 9.807853e-01 -1.892654e-01 4.731635e-02
    outer loop
      vertex   1.084384e+02 -1.087013e+01 4.820894e+01
      vertex   1.083618e+02 -1.325128e+01 4.027195e+01
      vertex   1.084384e+02 -1.287772e+01 4.017856e+01
    endloop
  endfacet
  facet normal 9.930685e-01 -1.140280e-01 2.850701e-02
    outer loop
      vertex   1.084384e+02 -1.087013e+01 4.820894e+01
      vertex   1.084384e+02 -1.287772e+01 4.017856e+01
      vertex   1.084846e+02 -1.049189e+01 4.811438e+01
    endloop
  endfacet
  facet normal 6.190939e-01 -7.618693e-01 1.904673e-01
    outer loop
      vertex   1.067472e+02 -1.179222e+01 5.697175e+01
      vertex   1.064389e+02 -1.202802e+01 5.703069e+01
      vertex   1.064389e+02 -1.403562e+01 4.900031e+01
    endloop
  endfacet
  facet normal 5.555702e-01 -8.066440e-01 2.016610e-01
    outer loop
      vertex   1.064389e+02 -1.403562e+01 4.900031e+01
      vertex   1.064389e+02 -1.202802e+01 5.703069e+01
      vertex   1.061125e+02 -1.424722e+01 4.905321e+01
    endloop
  endfacet
  facet normal 6.190939e-01 -7.618693e-01 1.904673e-01
    outer loop
      vertex   1.067472e+02 -1.179222e+01 5.697175e+01
      vertex   1.064389e+02 -1.403562e+01 4.900031e+01
      vertex   1.067472e+02 -1.379982e+01 4.894136e+01
    endloop
  endfacet
  facet normal 6.788007e-01 -7.123975e-01 1.780994e-01
    outer loop
      vertex   1.070355e+02 -1.153369e+01 5.690711e+01
      vertex   1.067472e+02 -1.179222e+01 5.697175e+01
      vertex   1.067472e+02 -1.379982e+01 4.894136e+01
    endloop
  endfacet
  facet normal 6.788007e-01 -7.123975e-01 1.780994e-01
    outer loop
      vertex   1.070355e+02 -1.153369e+01 5.690711e+01
      vertex   1.067472e+02 -1.379982e+01 4.894136e+01
      vertex   1.070355e+02 -1.354128e+01 4.887673e+01
    endloop
  endfacet
  facet normal 7.343225e-01 -6.585335e-01 1.646334e-01
    outer loop
      vertex   1.073020e+02 -1.125400e+01 5.683719e+01
      vertex   1.070355e+02 -1.153369e+01 5.690711e+01
      vertex   1.070355e+02 -1.354128e+01 4.887673e+01
    endloop
  endfacet
  facet normal 7.343225e-01 -6.585335e-01 1.646334e-01
    outer loop
      vertex   1.073020e+02 -1.125400e+01 5.683719e+01
      vertex   1.070355e+02 -1.354128e+01 4.887673e+01
      vertex   1.073020e+02 -1.326160e+01 4.880681e+01
    endloop
  endfacet
  facet normal 7.853169e-01 -6.006094e-01 1.501523e-01
    outer loop
      vertex   1.075451e+02 -1.095489e+01 5.676241e+01
      vertex   1.073020e+02 -1.125400e+01 5.683719e+01
      vertex   1.073020e+02 -1.326160e+01 4.880681e+01
    endloop
  endfacet
  facet normal 7.853169e-01 -6.006094e-01 1.501523e-01
    outer loop
      vertex   1.075451e+02 -1.095489e+01 5.676241e+01
      vertex   1.073020e+02 -1.326160e+01 4.880681e+01
      vertex   1.075451e+02 -1.296249e+01 4.873203e+01
    endloop
  endfacet
  facet normal 8.314696e-01 -5.389823e-01 1.347456e-01
    outer loop
      vertex   1.077632e+02 -1.063820e+01 5.668324e+01
      vertex   1.075451e+02 -1.095489e+01 5.676241e+01
      vertex   1.075451e+02 -1.296249e+01 4.873203e+01
    endloop
  endfacet
  facet normal 8.314696e-01 -5.389823e-01 1.347456e-01
    outer loop
      vertex   1.077632e+02 -1.063820e+01 5.668324e+01
      vertex   1.075451e+02 -1.296249e+01 4.873203e+01
      vertex   1.077632e+02 -1.264580e+01 4.865286e+01
    endloop
  endfacet
  facet normal 8.724960e-01 -4.740322e-01 1.185081e-01
    outer loop
      vertex   1.079550e+02 -1.030589e+01 5.660016e+01
      vertex   1.077632e+02 -1.063820e+01 5.668324e+01
      vertex   1.077632e+02 -1.264580e+01 4.865286e+01
    endloop
  endfacet
  facet normal 8.724960e-01 -4.740322e-01 1.185081e-01
    outer loop
      vertex   1.079550e+02 -1.030589e+01 5.660016e+01
      vertex   1.077632e+02 -1.264580e+01 4.865286e+01
      vertex   1.079550e+02 -1.231349e+01 4.856978e+01
    endloop
  endfacet
  facet normal 9.081432e-01 -4.061596e-01 1.015399e-01
    outer loop
      vertex   1.081194e+02 -9.960001e+00 5.651369e+01
      vertex   1.079550e+02 -1.030589e+01 5.660016e+01
      vertex   1.079550e+02 -1.231349e+01 4.856978e+01
    endloop
  endfacet
  facet normal 9.081432e-01 -4.061596e-01 1.015399e-01
    outer loop
      vertex   1.081194e+02 -9.960001e+00 5.651369e+01
      vertex   1.079550e+02 -1.231349e+01 4.856978e+01
      vertex   1.081194e+02 -1.196760e+01 4.848331e+01
    endloop
  endfacet
  facet normal 9.381913e-01 -3.357829e-01 8.394572e-02
    outer loop
      vertex   1.082553e+02 -9.602666e+00 5.642436e+01
      vertex   1.081194e+02 -9.960001e+00 5.651369e+01
      vertex   1.081194e+02 -1.196760e+01 4.848331e+01
    endloop
  endfacet
  facet normal 9.381913e-01 -3.357829e-01 8.394572e-02
    outer loop
      vertex   1.082553e+02 -9.602666e+00 5.642436e+01
      vertex   1.081194e+02 -1.196760e+01 4.848331e+01
      vertex   1.082553e+02 -1.161026e+01 4.839397e+01
    endloop
  endfacet
  facet normal 9.624552e-01 -2.633359e-01 6.583398e-02
    outer loop
      vertex   1.083618e+02 -9.236090e+00 5.633271e+01
      vertex   1.082553e+02 -9.602666e+00 5.642436e+01
      vertex   1.082553e+02 -1.161026e+01 4.839397e+01
    endloop
  endfacet
  facet normal 9.624552e-01 -2.633359e-01 6.583398e-02
    outer loop
      vertex   1.083618e+02 -9.236090e+00 5.633271e+01
      vertex   1.082553e+02 -1.161026e+01 4.839397e+01
      vertex   1.083618e+02 -1.124369e+01 4.830233e+01
    endloop
  endfacet
  facet normal 9.807853e-01 -1.892654e-01 4.731635e-02
    outer loop
      vertex   1.084384e+02 -8.862532e+00 5.623932e+01
      vertex   1.083618e+02 -9.236090e+00 5.633271e+01
      vertex   1.083618e+02 -1.124369e+01 4.830233e+01
    endloop
  endfacet
  facet normal 9.807853e-01 -1.892654e-01 4.731635e-02
    outer loop
      vertex   1.084384e+02 -8.862532e+00 5.623932e+01
      vertex   1.083618e+02 -1.124369e+01 4.830233e+01
      vertex   1.084384e+02 -1.087013e+01 4.820894e+01
    endloop
  endfacet
  facet normal 9.930685e-01 -1.140280e-01 2.850701e-02
    outer loop
      vertex   1.084846e+02 -8.484296e+00 5.614476e+01
      vertex   1.084384e+02 -8.862532e+00 5.623932e+01
      vertex   1.084384e+02 -1.087013e+01 4.820894e+01
    endloop
  endfacet
  facet normal 9.930685e-01 -1.140280e-01 2.850701e-02
    outer loop
      vertex   1.084846e+02 -8.484296e+00 5.614476e+01
      vertex   1.084384e+02 -1.087013e+01 4.820894e+01
      vertex   1.084846e+02 -1.049189e+01 4.811438e+01
    endloop
  endfacet
  facet normal 9.992290e-01 9.151981e-17 3.925982e-02
    outer loop
      vertex   1.085000e+02 -6.096118e+00 6.408000e+01
      vertex   1.085000e+02 -1.110223e-15 6.408000e+01
      vertex   1.084846e+02 -6.096118e+00 6.447230e+01
    endloop
  endfacet
  facet normal 9.992290e-01 -2.329335e-15 3.925982e-02
    outer loop
      vertex   1.084846e+02 -6.096118e+00 6.447230e+01
      vertex   1.085000e+02 -1.110223e-15 6.408000e+01
      vertex   1.084846e+02 0.000000e+00 6.447230e+01
    endloop
  endfacet
  facet normal 9.930685e-01 -2.314974e-15 1.175374e-01
    outer loop
      vertex   1.084846e+02 -6.096118e+00 6.447230e+01
      vertex   1.084846e+02 0.000000e+00 6.447230e+01
      vertex   1.084384e+02 -6.096118e+00 6.486217e+01
    endloop
  endfacet
  facet normal 9.930685e-01 -0.000000e+00 1.175374e-01
    outer loop
      vertex   1.084384e+02 -6.096118e+00 6.486217e+01
      vertex   1.084846e+02 0.000000e+00 6.447230e+01
      vertex   1.084384e+02 0.000000e+00 6.486217e+01
    endloop
  endfacet
  facet normal 9.807853e-01 -0.000000e+00 1.950903e-01
    outer loop
      vertex   1.084384e+02 -6.096118e+00 6.486217e+01
      vertex   1.084384e+02 0.000000e+00 6.486217e+01
      vertex   1.083618e+02 -6.096118e+00 6.524723e+01
    endloop
  endfacet
  facet normal 9.807853e-01 -0.000000e+00 1.950903e-01
    outer loop
      vertex   1.083618e+02 -6.096118e+00 6.524723e+01
      vertex   1.084384e+02 0.000000e+00 6.486217e+01
      vertex   1.083618e+02 0.000000e+00 6.524723e+01
    endloop
  endfacet
  facet normal 9.624552e-01 -0.000000e+00 2.714404e-01
    outer loop
      vertex   1.083618e+02 -6.096118e+00 6.524723e+01
      vertex   1.083618e+02 0.000000e+00 6.524723e+01
      vertex   1.082553e+02 -6.096118e+00 6.562508e+01
    endloop
  endfacet
  facet normal 9.624552e-01 -0.000000e+00 2.714404e-01
    outer loop
      vertex   1.082553e+02 -6.096118e+00 6.562508e+01
      vertex   1.083618e+02 0.000000e+00 6.524723e+01
      vertex   1.082553e+02 0.000000e+00 6.562508e+01
    endloop
  endfacet
  facet normal 9.381913e-01 -0.000000e+00 3.461171e-01
    outer loop
      vertex   1.082553e+02 -6.096118e+00 6.562508e+01
      vertex   1.082553e+02 0.000000e+00 6.562508e+01
      vertex   1.081194e+02 -6.096118e+00 6.599342e+01
    endloop
  endfacet
  facet normal 9.381913e-01 -0.000000e+00 3.461171e-01
    outer loop
      vertex   1.081194e+02 -6.096118e+00 6.599342e+01
      vertex   1.082553e+02 0.000000e+00 6.562508e+01
      vertex   1.081194e+02 0.000000e+00 6.599342e+01
    endloop
  endfacet
  facet normal 9.081432e-01 -0.000000e+00 4.186597e-01
    outer loop
      vertex   1.081194e+02 -6.096118e+00 6.599342e+01
      vertex   1.081194e+02 0.000000e+00 6.599342e+01
      vertex   1.079550e+02 -6.096118e+00 6.634995e+01
    endloop
  endfacet
  facet normal 9.081432e-01 -2.117001e-15 4.186597e-01
    outer loop
      vertex   1.079550e+02 -6.096118e+00 6.634995e+01
      vertex   1.081194e+02 0.000000e+00 6.599342e+01
      vertex   1.079550e+02 0.000000e+00 6.634995e+01
    endloop
  endfacet
  facet normal 8.724960e-01 -2.033903e-15 4.886212e-01
    outer loop
      vertex   1.079550e+02 -6.096118e+00 6.634995e+01
      vertex   1.079550e+02 0.000000e+00 6.634995e+01
      vertex   1.077632e+02 -6.096118e+00 6.669249e+01
    endloop
  endfacet
  facet normal 8.724960e-01 -0.000000e+00 4.886212e-01
    outer loop
      vertex   1.077632e+02 -6.096118e+00 6.669249e+01
      vertex   1.079550e+02 0.000000e+00 6.634995e+01
      vertex   1.077632e+02 0.000000e+00 6.669249e+01
    endloop
  endfacet
  facet normal 8.314696e-01 -0.000000e+00 5.555702e-01
    outer loop
      vertex   1.077632e+02 -6.096118e+00 6.669249e+01
      vertex   1.077632e+02 0.000000e+00 6.669249e+01
      vertex   1.075451e+02 -6.096118e+00 6.701893e+01
    endloop
  endfacet
  facet normal 8.314696e-01 -0.000000e+00 5.555702e-01
    outer loop
      vertex   1.075451e+02 -6.096118e+00 6.701893e+01
      vertex   1.077632e+02 0.000000e+00 6.669249e+01
      vertex   1.075451e+02 0.000000e+00 6.701893e+01
    endloop
  endfacet
  facet normal 7.853169e-01 -0.000000e+00 6.190939e-01
    outer loop
      vertex   1.075451e+02 -6.096118e+00 6.701893e+01
      vertex   1.075451e+02 0.000000e+00 6.701893e+01
      vertex   1.073020e+02 -6.096118e+00 6.732724e+01
    endloop
  endfacet
  facet normal 7.853169e-01 -0.000000e+00 6.190939e-01
    outer loop
      vertex   1.073020e+02 -6.096118e+00 6.732724e+01
      vertex   1.075451e+02 0.000000e+00 6.701893e+01
      vertex   1.073020e+02 0.000000e+00 6.732724e+01
    endloop
  endfacet
  facet normal 7.343225e-01 -0.000000e+00 6.788007e-01
    outer loop
      vertex   1.073020e+02 -6.096118e+00 6.732724e+01
      vertex   1.073020e+02 0.000000e+00 6.732724e+01
      vertex   1.070355e+02 -6.096118e+00 6.761553e+01
    endloop
  endfacet
  facet normal 7.343225e-01 -0.000000e+00 6.788007e-01
    outer loop
      vertex   1.070355e+02 -6.096118e+00 6.761553e+01
      vertex   1.073020e+02 0.000000e+00 6.732724e+01
      vertex   1.070355e+02 0.000000e+00 6.761553e+01
    endloop
  endfacet
  facet normal 6.788007e-01 -0.000000e+00 7.343225e-01
    outer loop
      vertex   1.070355e+02 -6.096118e+00 6.761553e+01
      vertex   1.070355e+02 0.000000e+00 6.761553e+01
      vertex   1.067472e+02 -6.096118e+00 6.788203e+01
    endloop
  endfacet
  facet normal 6.788007e-01 -0.000000e+00 7.343225e-01
    outer loop
      vertex   1.067472e+02 -6.096118e+00 6.788203e+01
      vertex   1.070355e+02 0.000000e+00 6.761553e+01
      vertex   1.067472e+02 0.000000e+00 6.788203e+01
    endloop
  endfacet
  facet normal 6.190939e-01 -0.000000e+00 7.853169e-01
    outer loop
      vertex   1.067472e+02 -6.096118e+00 6.788203e+01
      vertex   1.067472e+02 0.000000e+00 6.788203e+01
      vertex   1.064389e+02 -6.096118e+00 6.812508e+01
    endloop
  endfacet
  facet normal 6.190939e-01 -0.000000e+00 7.853169e-01
    outer loop
      vertex   1.064389e+02 -6.096118e+00 6.812508e+01
      vertex   1.067472e+02 0.000000e+00 6.788203e+01
      vertex   1.064389e+02 0.000000e+00 6.812508e+01
    endloop
  endfacet
  facet normal 5.555702e-01 -0.000000e+00 8.314696e-01
    outer loop
      vertex   1.064389e+02 -6.096118e+00 6.812508e+01
      vertex   1.064389e+02 0.000000e+00 6.812508e+01
      vertex   1.061125e+02 -6.096118e+00 6.834320e+01
    endloop
  endfacet
  facet normal 5.555702e-01 -0.000000e+00 8.314696e-01
    outer loop
      vertex   1.061125e+02 -6.096118e+00 6.834320e+01
      vertex   1.064389e+02 0.000000e+00 6.812508e+01
      vertex   1.061125e+02 0.000000e+00 6.834320e+01
    endloop
  endfacet
  facet normal 4.886212e-01 -0.000000e+00 8.724960e-01
    outer loop
      vertex   1.061125e+02 -6.096118e+00 6.834320e+01
      vertex   1.061125e+02 0.000000e+00 6.834320e+01
      vertex   1.057700e+02 -6.096118e+00 6.853503e+01
    endloop
  endfacet
  facet normal 4.886212e-01 2.033903e-15 8.724960e-01
    outer loop
      vertex   1.057700e+02 -6.096118e+00 6.853503e+01
      vertex   1.061125e+02 0.000000e+00 6.834320e+01
      vertex   1.057700e+02 0.000000e+00 6.853503e+01
    endloop
  endfacet
  facet normal 4.186597e-01 2.117001e-15 9.081432e-01
    outer loop
      vertex   1.057700e+02 -6.096118e+00 6.853503e+01
      vertex   1.057700e+02 0.000000e+00 6.853503e+01
      vertex   1.054134e+02 -6.096118e+00 6.869940e+01
    endloop
  endfacet
  facet normal 4.186597e-01 -2.117001e-15 9.081432e-01
    outer loop
      vertex   1.054134e+02 -6.096118e+00 6.869940e+01
      vertex   1.057700e+02 0.000000e+00 6.853503e+01
      vertex   1.054134e+02 0.000000e+00 6.869940e+01
    endloop
  endfacet
  facet normal 3.461171e-01 -2.187048e-15 9.381913e-01
    outer loop
      vertex   1.054134e+02 -6.096118e+00 6.869940e+01
      vertex   1.054134e+02 0.000000e+00 6.869940e+01
      vertex   1.050451e+02 -6.096118e+00 6.883528e+01
    endloop
  endfacet
  facet normal 3.461171e-01 -8.068445e-16 9.381913e-01
    outer loop
      vertex   1.050451e+02 -6.096118e+00 6.883528e+01
      vertex   1.054134e+02 0.000000e+00 6.869940e+01
      vertex   1.050451e+02 0.000000e+00 6.883528e+01
    endloop
  endfacet
  facet normal 2.714404e-01 -6.327635e-16 9.624552e-01
    outer loop
      vertex   1.050451e+02 -6.096118e+00 6.883528e+01
      vertex   1.050451e+02 0.000000e+00 6.883528e+01
      vertex   1.046672e+02 -6.096118e+00 6.894185e+01
    endloop
  endfacet
  facet normal 2.714404e-01 -0.000000e+00 9.624552e-01
    outer loop
      vertex   1.046672e+02 -6.096118e+00 6.894185e+01
      vertex   1.050451e+02 0.000000e+00 6.883528e+01
      vertex   1.046672e+02 0.000000e+00 6.894185e+01
    endloop
  endfacet
  facet normal 1.950903e-01 -0.000000e+00 9.807853e-01
    outer loop
      vertex   1.046672e+02 -6.096118e+00 6.894185e+01
      vertex   1.046672e+02 0.000000e+00 6.894185e+01
      vertex   1.042822e+02 -6.096118e+00 6.901844e+01
    endloop
  endfacet
  facet normal 1.950903e-01 -0.000000e+00 9.807853e-01
    outer loop
      vertex   1.042822e+02 -6.096118e+00 6.901844e+01
      vertex   1.046672e+02 0.000000e+00 6.894185e+01
      vertex   1.042822e+02 0.000000e+00 6.901844e+01
    endloop
  endfacet
  facet normal 1.175374e-01 -0.000000e+00 9.930685e-01
    outer loop
      vertex   1.042822e+02 -6.096118e+00 6.901844e+01
      vertex   1.042822e+02 0.000000e+00 6.901844e+01
      vertex   1.038923e+02 -6.096118e+00 6.906459e+01
    endloop
  endfacet
  facet normal 1.175374e-01 -0.000000e+00 9.930685e-01
    outer loop
      vertex   1.038923e+02 -6.096118e+00 6.906459e+01
      vertex   1.042822e+02 0.000000e+00 6.901844e+01
      vertex   1.038923e+02 0.000000e+00 6.906459e+01
    endloop
  endfacet
  facet normal 3.925982e-02 -0.000000e+00 9.992290e-01
    outer loop
      vertex   1.038923e+02 -6.096118e+00 6.906459e+01
      vertex   1.038923e+02 0.000000e+00 6.906459e+01
      vertex   1.035000e+02 -6.096118e+00 6.908000e+01
    endloop
  endfacet
  facet normal 3.925982e-02 -0.000000e+00 9.992290e-01
    outer loop
      vertex   1.035000e+02 -6.096118e+00 6.908000e+01
      vertex   1.038923e+02 0.000000e+00 6.906459e+01
      vertex   1.035000e+02 -1.110223e-15 6.908000e+01
    endloop
  endfacet
  facet normal 9.991523e-01 -3.507857e-02 2.154565e-02
    outer loop
      vertex   1.084846e+02 -6.476700e+00 6.417515e+01
      vertex   1.085000e+02 -6.096118e+00 6.408000e+01
      vertex   1.084858e+02 -6.310897e+00 6.438956e+01
    endloop
  endfacet
  facet normal 9.991834e-01 -9.552076e-03 3.925802e-02
    outer loop
      vertex   1.084858e+02 -6.310897e+00 6.438956e+01
      vertex   1.085000e+02 -6.096118e+00 6.408000e+01
      vertex   1.084846e+02 -6.096118e+00 6.447230e+01
    endloop
  endfacet
  facet normal 9.937923e-01 -3.512348e-02 1.055609e-01
    outer loop
      vertex   1.084858e+02 -6.310897e+00 6.438956e+01
      vertex   1.084846e+02 -6.096118e+00 6.447230e+01
      vertex   1.084445e+02 -6.456247e+00 6.472949e+01
    endloop
  endfacet
  facet normal 9.927202e-01 -2.648040e-02 1.174962e-01
    outer loop
      vertex   1.084445e+02 -6.456247e+00 6.472949e+01
      vertex   1.084846e+02 -6.096118e+00 6.447230e+01
      vertex   1.084384e+02 -6.096118e+00 6.486217e+01
    endloop
  endfacet
  facet normal 9.907766e-01 -3.175803e-02 1.317316e-01
    outer loop
      vertex   1.084445e+02 -6.456247e+00 6.472949e+01
      vertex   1.084384e+02 -6.096118e+00 6.486217e+01
      vertex   1.084367e+02 -6.105292e+00 6.487293e+01
    endloop
  endfacet
  facet normal 9.798194e-01 4.436990e-02 1.948982e-01
    outer loop
      vertex   1.084367e+02 -6.105292e+00 6.487293e+01
      vertex   1.084384e+02 -6.096118e+00 6.486217e+01
      vertex   1.083618e+02 -6.096118e+00 6.524723e+01
    endloop
  endfacet
  facet normal 9.805554e-01 -3.318524e-03 1.962143e-01
    outer loop
      vertex   1.084367e+02 -6.105292e+00 6.487293e+01
      vertex   1.083618e+02 -6.096118e+00 6.524723e+01
      vertex   1.083702e+02 -6.236457e+00 6.520329e+01
    endloop
  endfacet
  facet normal 9.645003e-01 -2.513981e-02 2.628826e-01
    outer loop
      vertex   1.083702e+02 -6.236457e+00 6.520329e+01
      vertex   1.083618e+02 -6.096118e+00 6.524723e+01
      vertex   1.082776e+02 -6.356684e+00 6.553154e+01
    endloop
  endfacet
  facet normal 9.665841e-01 -7.631223e-02 2.447275e-01
    outer loop
      vertex   1.083702e+02 -6.236457e+00 6.520329e+01
      vertex   1.082776e+02 -6.356684e+00 6.553154e+01
      vertex   1.082808e+02 -6.714847e+00 6.540699e+01
    endloop
  endfacet
  facet normal 9.451803e-01 -9.955472e-02 3.110032e-01
    outer loop
      vertex   1.082808e+02 -6.714847e+00 6.540699e+01
      vertex   1.082776e+02 -6.356684e+00 6.553154e+01
      vertex   1.081594e+02 -6.826511e+00 6.574039e+01
    endloop
  endfacet
  facet normal 9.427779e-01 -1.711234e-01 2.861583e-01
    outer loop
      vertex   1.082808e+02 -6.714847e+00 6.540699e+01
      vertex   1.081594e+02 -6.826511e+00 6.574039e+01
      vertex   1.081324e+02 -7.183585e+00 6.561558e+01
    endloop
  endfacet
  facet normal 9.155994e-01 -1.924525e-01 3.530435e-01
    outer loop
      vertex   1.081324e+02 -7.183585e+00 6.561558e+01
      vertex   1.081594e+02 -6.826511e+00 6.574039e+01
      vertex   1.079822e+02 -7.284742e+00 6.594993e+01
    endloop
  endfacet
  facet normal 9.072663e-01 -2.634378e-01 3.278235e-01
    outer loop
      vertex   1.081324e+02 -7.183585e+00 6.561558e+01
      vertex   1.079822e+02 -7.284742e+00 6.594993e+01
      vertex   1.079263e+02 -7.637169e+00 6.582160e+01
    endloop
  endfacet
  facet normal 8.744110e-01 -2.824883e-01 3.944690e-01
    outer loop
      vertex   1.079263e+02 -7.637169e+00 6.582160e+01
      vertex   1.079822e+02 -7.284742e+00 6.594993e+01
      vertex   1.077482e+02 -7.726120e+00 6.615263e+01
    endloop
  endfacet
  facet normal 8.604448e-01 -3.522020e-01 3.682235e-01
    outer loop
      vertex   1.079263e+02 -7.637169e+00 6.582160e+01
      vertex   1.077482e+02 -7.726120e+00 6.615263e+01
      vertex   1.076650e+02 -8.070563e+00 6.601756e+01
    endloop
  endfacet
  facet normal 8.221432e-01 -3.686617e-01 4.337847e-01
    outer loop
      vertex   1.076650e+02 -8.070563e+00 6.601756e+01
      vertex   1.077482e+02 -7.726120e+00 6.615263e+01
      vertex   1.074605e+02 -8.145891e+00 6.634110e+01
    endloop
  endfacet
  facet normal 8.029694e-01 -4.364647e-01 4.058802e-01
    outer loop
      vertex   1.076650e+02 -8.070563e+00 6.601756e+01
      vertex   1.074605e+02 -8.145891e+00 6.634110e+01
      vertex   1.073526e+02 -8.479281e+00 6.619619e+01
    endloop
  endfacet
  facet normal 7.595797e-01 -4.500817e-01 4.695371e-01
    outer loop
      vertex   1.073526e+02 -8.479281e+00 6.619619e+01
      vertex   1.074605e+02 -8.145891e+00 6.634110e+01
      vertex   1.071238e+02 -8.539890e+00 6.650824e+01
    endloop
  endfacet
  facet normal 7.357444e-01 -5.153927e-01 4.393751e-01
    outer loop
      vertex   1.073526e+02 -8.479281e+00 6.619619e+01
      vertex   1.071238e+02 -8.539890e+00 6.650824e+01
      vertex   1.069940e+02 -8.859466e+00 6.635062e+01
    endloop
  endfacet
  facet normal 6.877436e-01 -5.259814e-01 5.003522e-01
    outer loop
      vertex   1.069940e+02 -8.859466e+00 6.635062e+01
      vertex   1.071238e+02 -8.539890e+00 6.650824e+01
      vertex   1.067436e+02 -8.904600e+00 6.664744e+01
    endloop
  endfacet
  facet normal 6.599030e-01 -5.882840e-01 4.673863e-01
    outer loop
      vertex   1.069940e+02 -8.859466e+00 6.635062e+01
      vertex   1.067436e+02 -8.904600e+00 6.664744e+01
      vertex   1.065956e+02 -9.207943e+00 6.647454e+01
    endloop
  endfacet
  facet normal 6.078758e-01 -5.957292e-01 5.249702e-01
    outer loop
      vertex   1.065956e+02 -9.207943e+00 6.647454e+01
      vertex   1.067436e+02 -8.904600e+00 6.664744e+01
      vertex   1.063266e+02 -9.237209e+00 6.675276e+01
    endloop
  endfacet
  facet normal 5.767833e-01 -6.545772e-01 4.887226e-01
    outer loop
      vertex   1.065956e+02 -9.207943e+00 6.647454e+01
      vertex   1.063266e+02 -9.237209e+00 6.675276e+01
      vertex   1.061645e+02 -9.522264e+00 6.656238e+01
    endloop
  endfacet
  facet normal 5.214081e-01 -6.588374e-01 5.422794e-01
    outer loop
      vertex   1.061645e+02 -9.522264e+00 6.656238e+01
      vertex   1.063266e+02 -9.237209e+00 6.675276e+01
      vertex   1.058806e+02 -9.535640e+00 6.681905e+01
    endloop
  endfacet
  facet normal 4.878989e-01 -7.138587e-01 5.023549e-01
    outer loop
      vertex   1.061645e+02 -9.522264e+00 6.656238e+01
      vertex   1.058806e+02 -9.535640e+00 6.681905e+01
      vertex   1.057085e+02 -9.800730e+00 6.660946e+01
    endloop
  endfacet
  facet normal 4.299319e-01 -7.149665e-01 5.513451e-01
    outer loop
      vertex   1.057085e+02 -9.800730e+00 6.660946e+01
      vertex   1.058806e+02 -9.535640e+00 6.681905e+01
      vertex   1.054138e+02 -9.798565e+00 6.684213e+01
    endloop
  endfacet
  facet normal 3.949064e-01 -7.658654e-01 5.074437e-01
    outer loop
      vertex   1.057085e+02 -9.800730e+00 6.660946e+01
      vertex   1.054138e+02 -9.798565e+00 6.684213e+01
      vertex   1.052365e+02 -1.004240e+01 6.661210e+01
    endloop
  endfacet
  facet normal 3.351635e-01 -7.639273e-01 5.514350e-01
    outer loop
      vertex   1.052365e+02 -1.004240e+01 6.661210e+01
      vertex   1.054138e+02 -9.798565e+00 6.684213e+01
      vertex   1.049349e+02 -1.002541e+01 6.681891e+01
    endloop
  endfacet
  facet normal 2.995679e-01 -8.104847e-01 5.033623e-01
    outer loop
      vertex   1.052365e+02 -1.004240e+01 6.661210e+01
      vertex   1.049349e+02 -1.002541e+01 6.681891e+01
      vertex   1.047572e+02 -1.024708e+01 6.656774e+01
    endloop
  endfacet
  facet normal 2.389056e-01 -8.056780e-01 5.420398e-01
    outer loop
      vertex   1.047572e+02 -1.024708e+01 6.656774e+01
      vertex   1.049349e+02 -1.002541e+01 6.681891e+01
      vertex   1.044533e+02 -1.021632e+01 6.674742e+01
    endloop
  endfacet
  facet normal 2.037124e-01 -8.477505e-01 4.897146e-01
    outer loop
      vertex   1.047572e+02 -1.024708e+01 6.656774e+01
      vertex   1.044533e+02 -1.021632e+01 6.674742e+01
      vertex   1.042801e+02 -1.041530e+01 6.647501e+01
    endloop
  endfacet
  facet normal 1.430075e-01 -8.403195e-01 5.228882e-01
    outer loop
      vertex   1.042801e+02 -1.041530e+01 6.647501e+01
      vertex   1.044533e+02 -1.021632e+01 6.674742e+01
      vertex   1.039782e+02 -1.037215e+01 6.662694e+01
    endloop
  endfacet
  facet normal 1.091949e-01 -8.778364e-01 4.663473e-01
    outer loop
      vertex   1.042801e+02 -1.041530e+01 6.647501e+01
      vertex   1.039782e+02 -1.037215e+01 6.662694e+01
      vertex   1.038143e+02 -1.054827e+01 6.633379e+01
    endloop
  endfacet
  facet normal 4.932337e-02 -8.680865e-01 4.939566e-01
    outer loop
      vertex   1.038143e+02 -1.054827e+01 6.633379e+01
      vertex   1.039782e+02 -1.037215e+01 6.662694e+01
      vertex   1.035187e+02 -1.049439e+01 6.645799e+01
    endloop
  endfacet
  facet normal 3.253313e-02 -8.863302e-01 4.619095e-01
    outer loop
      vertex   1.038143e+02 -1.054827e+01 6.633379e+01
      vertex   1.035187e+02 -1.049439e+01 6.645799e+01
      vertex   1.035000e+02 -1.053352e+01 6.638422e+01
    endloop
  endfacet
  facet normal -1.336692e-01 -8.610434e-01 4.906494e-01
    outer loop
      vertex   1.035000e+02 -1.053352e+01 6.638422e+01
      vertex   1.035187e+02 -1.049439e+01 6.645799e+01
      vertex   1.035000e+02 -1.034051e+01 6.672294e+01
    endloop
  endfacet
  facet normal 2.519067e-02 -8.636853e-01 5.034015e-01
    outer loop
      vertex   1.035000e+02 -1.034051e+01 6.672294e+01
      vertex   1.035187e+02 -1.049439e+01 6.645799e+01
      vertex   1.036684e+02 -1.031569e+01 6.675711e+01
    endloop
  endfacet
  facet normal 8.127917e-03 -8.275993e-01 5.612605e-01
    outer loop
      vertex   1.035000e+02 -1.034051e+01 6.672294e+01
      vertex   1.036684e+02 -1.031569e+01 6.675711e+01
      vertex   1.035000e+02 -1.012170e+01 6.704559e+01
    endloop
  endfacet
  facet normal 3.184026e-02 -8.207052e-01 5.704640e-01
    outer loop
      vertex   1.035000e+02 -1.012170e+01 6.704559e+01
      vertex   1.036684e+02 -1.031569e+01 6.675711e+01
      vertex   1.038171e+02 -1.011271e+01 6.704082e+01
    endloop
  endfacet
  facet normal 3.151425e-02 -7.809935e-01 6.237436e-01
    outer loop
      vertex   1.035000e+02 -1.012170e+01 6.704559e+01
      vertex   1.038171e+02 -1.011271e+01 6.704082e+01
      vertex   1.035000e+02 -9.878413e+00 6.735021e+01
    endloop
  endfacet
  facet normal 4.443026e-02 -7.739702e-01 6.316613e-01
    outer loop
      vertex   1.035000e+02 -9.878413e+00 6.735021e+01
      vertex   1.038171e+02 -1.011271e+01 6.704082e+01
      vertex   1.039639e+02 -9.886625e+00 6.730751e+01
    endloop
  endfacet
  facet normal 4.426330e-02 -7.752559e-01 6.300944e-01
    outer loop
      vertex   1.035000e+02 -9.878413e+00 6.735021e+01
      vertex   1.039639e+02 -9.886625e+00 6.730751e+01
      vertex   1.036247e+02 -9.812043e+00 6.742310e+01
    endloop
  endfacet
  facet normal 7.311825e-02 -7.264746e-01 6.832923e-01
    outer loop
      vertex   1.036247e+02 -9.812043e+00 6.742310e+01
      vertex   1.039639e+02 -9.886625e+00 6.730751e+01
      vertex   1.041081e+02 -9.638738e+00 6.755563e+01
    endloop
  endfacet
  facet normal 7.311825e-02 -7.264746e-01 6.832923e-01
    outer loop
      vertex   1.036247e+02 -9.812043e+00 6.742310e+01
      vertex   1.041081e+02 -9.638738e+00 6.755563e+01
      vertex   1.037601e+02 -9.562217e+00 6.767423e+01
    endloop
  endfacet
  facet normal 1.008297e-01 -6.746804e-01 7.311906e-01
    outer loop
      vertex   1.037601e+02 -9.562217e+00 6.767423e+01
      vertex   1.041081e+02 -9.638738e+00 6.755563e+01
      vertex   1.042488e+02 -9.370474e+00 6.778376e+01
    endloop
  endfacet
  facet normal 1.008297e-01 -6.746804e-01 7.311906e-01
    outer loop
      vertex   1.037601e+02 -9.562217e+00 6.767423e+01
      vertex   1.042488e+02 -9.370474e+00 6.778376e+01
      vertex   1.038940e+02 -9.292453e+00 6.790469e+01
    endloop
  endfacet
  facet normal 1.279604e-01 -6.190135e-01 7.748861e-01
    outer loop
      vertex   1.038940e+02 -9.292453e+00 6.790469e+01
      vertex   1.042488e+02 -9.370474e+00 6.778376e+01
      vertex   1.043852e+02 -9.083375e+00 6.799059e+01
    endloop
  endfacet
  facet normal 1.279604e-01 -6.190135e-01 7.748861e-01
    outer loop
      vertex   1.038940e+02 -9.292453e+00 6.790469e+01
      vertex   1.043852e+02 -9.083375e+00 6.799059e+01
      vertex   1.040256e+02 -9.004303e+00 6.811314e+01
    endloop
  endfacet
  facet normal 1.543550e-01 -5.597933e-01 8.141290e-01
    outer loop
      vertex   1.040256e+02 -9.004303e+00 6.811314e+01
      vertex   1.043852e+02 -9.083375e+00 6.799059e+01
      vertex   1.045165e+02 -8.779092e+00 6.817492e+01
    endloop
  endfacet
  facet normal 1.543550e-01 -5.597933e-01 8.141290e-01
    outer loop
      vertex   1.040256e+02 -9.004303e+00 6.811314e+01
      vertex   1.045165e+02 -8.779092e+00 6.817492e+01
      vertex   1.041542e+02 -8.699424e+00 6.829839e+01
    endloop
  endfacet
  facet normal 1.798625e-01 -4.973592e-01 8.486951e-01
    outer loop
      vertex   1.041542e+02 -8.699424e+00 6.829839e+01
      vertex   1.045165e+02 -8.779092e+00 6.817492e+01
      vertex   1.046420e+02 -8.459377e+00 6.833569e+01
    endloop
  endfacet
  facet normal 1.798625e-01 -4.973592e-01 8.486951e-01
    outer loop
      vertex   1.041542e+02 -8.699424e+00 6.829839e+01
      vertex   1.046420e+02 -8.459377e+00 6.833569e+01
      vertex   1.042790e+02 -8.379571e+00 6.845938e+01
    endloop
  endfacet
  facet normal 2.043369e-01 -4.320689e-01 8.783865e-01
    outer loop
      vertex   1.042790e+02 -8.379571e+00 6.845938e+01
      vertex   1.046420e+02 -8.459377e+00 6.833569e+01
      vertex   1.047609e+02 -8.126068e+00 6.847199e+01
    endloop
  endfacet
  facet normal 2.043369e-01 -4.320689e-01 8.783865e-01
    outer loop
      vertex   1.042790e+02 -8.379571e+00 6.845938e+01
      vertex   1.047609e+02 -8.126068e+00 6.847199e+01
      vertex   1.043994e+02 -8.046583e+00 6.859518e+01
    endloop
  endfacet
  facet normal 2.276379e-01 -3.642963e-01 9.030333e-01
    outer loop
      vertex   1.043994e+02 -8.046583e+00 6.859518e+01
      vertex   1.047609e+02 -8.126068e+00 6.847199e+01
      vertex   1.048725e+02 -7.781081e+00 6.858302e+01
    endloop
  endfacet
  facet normal 2.276379e-01 -3.642963e-01 9.030333e-01
    outer loop
      vertex   1.043994e+02 -8.046583e+00 6.859518e+01
      vertex   1.048725e+02 -7.781081e+00 6.858302e+01
      vertex   1.045145e+02 -7.702375e+00 6.870500e+01
    endloop
  endfacet
  facet normal 2.496321e-01 -2.944292e-01 9.224941e-01
    outer loop
      vertex   1.045145e+02 -7.702375e+00 6.870500e+01
      vertex   1.048725e+02 -7.781081e+00 6.858302e+01
      vertex   1.049762e+02 -7.426403e+00 6.866815e+01
    endloop
  endfacet
  facet normal 2.496321e-01 -2.944292e-01 9.224941e-01
    outer loop
      vertex   1.045145e+02 -7.702375e+00 6.870500e+01
      vertex   1.049762e+02 -7.426403e+00 6.866815e+01
      vertex   1.046239e+02 -7.348928e+00 6.878823e+01
    endloop
  endfacet
  facet normal 2.701934e-01 -2.228675e-01 9.366566e-01
    outer loop
      vertex   1.046239e+02 -7.348928e+00 6.878823e+01
      vertex   1.049762e+02 -7.426403e+00 6.866815e+01
      vertex   1.050715e+02 -7.064073e+00 6.872689e+01
    endloop
  endfacet
  facet normal 2.701934e-01 -2.228675e-01 9.366566e-01
    outer loop
      vertex   1.046239e+02 -7.348928e+00 6.878823e+01
      vertex   1.050715e+02 -7.064073e+00 6.872689e+01
      vertex   1.047267e+02 -6.988275e+00 6.884436e+01
    endloop
  endfacet
  facet normal 2.892037e-01 -1.500211e-01 9.454390e-01
    outer loop
      vertex   1.047267e+02 -6.988275e+00 6.884436e+01
      vertex   1.050715e+02 -7.064073e+00 6.872689e+01
      vertex   1.051577e+02 -6.696174e+00 6.875890e+01
    endloop
  endfacet
  facet normal 2.892037e-01 -1.500211e-01 9.454390e-01
    outer loop
      vertex   1.047267e+02 -6.988275e+00 6.884436e+01
      vertex   1.051577e+02 -6.696174e+00 6.875890e+01
      vertex   1.048226e+02 -6.622489e+00 6.887310e+01
    endloop
  endfacet
  facet normal 3.065537e-01 -7.630723e-02 9.487898e-01
    outer loop
      vertex   1.048226e+02 -6.622489e+00 6.887310e+01
      vertex   1.051577e+02 -6.696174e+00 6.875890e+01
      vertex   1.052343e+02 -6.324824e+00 6.876399e+01
    endloop
  endfacet
  facet normal 3.065537e-01 -7.630723e-02 9.487898e-01
    outer loop
      vertex   1.048226e+02 -6.622489e+00 6.887310e+01
      vertex   1.052343e+02 -6.324824e+00 6.876399e+01
      vertex   1.049108e+02 -6.253676e+00 6.887426e+01
    endloop
  endfacet
  facet normal 3.155800e-01 -3.445537e-02 9.482732e-01
    outer loop
      vertex   1.049108e+02 -6.253676e+00 6.887426e+01
      vertex   1.052343e+02 -6.324824e+00 6.876399e+01
      vertex   1.050451e+02 -6.096118e+00 6.883528e+01
    endloop
  endfacet
  facet normal 2.714344e-01 6.683426e-03 9.624337e-01
    outer loop
      vertex   1.049108e+02 -6.253676e+00 6.887426e+01
      vertex   1.050451e+02 -6.096118e+00 6.883528e+01
      vertex   1.046672e+02 -6.096118e+00 6.894185e+01
    endloop
  endfacet
  facet normal 9.623449e-01 -1.513873e-02 2.714093e-01
    outer loop
      vertex   1.083618e+02 -6.096118e+00 6.524723e+01
      vertex   1.082553e+02 -6.096118e+00 6.562508e+01
      vertex   1.082776e+02 -6.356684e+00 6.553154e+01
    endloop
  endfacet
  facet normal 9.429425e-01 -3.810790e-02 3.307676e-01
    outer loop
      vertex   1.082776e+02 -6.356684e+00 6.553154e+01
      vertex   1.082553e+02 -6.096118e+00 6.562508e+01
      vertex   1.081595e+02 -6.465235e+00 6.585565e+01
    endloop
  endfacet
  facet normal 9.451803e-01 -9.955472e-02 3.110032e-01
    outer loop
      vertex   1.082776e+02 -6.356684e+00 6.553154e+01
      vertex   1.081595e+02 -6.465235e+00 6.585565e+01
      vertex   1.081594e+02 -6.826511e+00 6.574039e+01
    endloop
  endfacet
  facet normal 9.186729e-01 -1.203571e-01 3.762369e-01
    outer loop
      vertex   1.081594e+02 -6.826511e+00 6.574039e+01
      vertex   1.081595e+02 -6.465235e+00 6.585565e+01
      vertex   1.080124e+02 -6.925478e+00 6.606750e+01
    endloop
  endfacet
  facet normal 9.155994e-01 -1.924525e-01 3.530435e-01
    outer loop
      vertex   1.081594e+02 -6.826511e+00 6.574039e+01
      vertex   1.080124e+02 -6.925478e+00 6.606750e+01
      vertex   1.079822e+02 -7.284742e+00 6.594993e+01
    endloop
  endfacet
  facet normal 8.833550e-01 -2.111488e-01 4.184498e-01
    outer loop
      vertex   1.079822e+02 -7.284742e+00 6.594993e+01
      vertex   1.080124e+02 -6.925478e+00 6.606750e+01
      vertex   1.078070e+02 -7.372302e+00 6.627578e+01
    endloop
  endfacet
  facet normal 8.744110e-01 -2.824883e-01 3.944690e-01
    outer loop
      vertex   1.079822e+02 -7.284742e+00 6.594993e+01
      vertex   1.078070e+02 -7.372302e+00 6.627578e+01
      vertex   1.077482e+02 -7.726120e+00 6.615263e+01
    endloop
  endfacet
  facet normal 8.365953e-01 -2.987393e-01 4.591984e-01
    outer loop
      vertex   1.077482e+02 -7.726120e+00 6.615263e+01
      vertex   1.078070e+02 -7.372302e+00 6.627578e+01
      vertex   1.075457e+02 -7.800711e+00 6.647300e+01
    endloop
  endfacet
  facet normal 8.221432e-01 -3.686617e-01 4.337847e-01
    outer loop
      vertex   1.077482e+02 -7.726120e+00 6.615263e+01
      vertex   1.075457e+02 -7.800711e+00 6.647300e+01
      vertex   1.074605e+02 -8.145891e+00 6.634110e+01
    endloop
  endfacet
  facet normal 7.790526e-01 -3.821849e-01 4.970028e-01
    outer loop
      vertex   1.074605e+02 -8.145891e+00 6.634110e+01
      vertex   1.075457e+02 -7.800711e+00 6.647300e+01
      vertex   1.072326e+02 -8.206256e+00 6.665190e+01
    endloop
  endfacet
  facet normal 7.595797e-01 -4.500817e-01 4.695371e-01
    outer loop
      vertex   1.074605e+02 -8.145891e+00 6.634110e+01
      vertex   1.072326e+02 -8.206256e+00 6.665190e+01
      vertex   1.071238e+02 -8.539890e+00 6.650824e+01
    endloop
  endfacet
  facet normal 7.116341e-01 -4.606582e-01 5.304441e-01
    outer loop
      vertex   1.071238e+02 -8.539890e+00 6.650824e+01
      vertex   1.072326e+02 -8.206256e+00 6.665190e+01
      vertex   1.068729e+02 -8.585101e+00 6.680558e+01
    endloop
  endfacet
  facet normal 6.877436e-01 -5.259814e-01 5.003522e-01
    outer loop
      vertex   1.071238e+02 -8.539890e+00 6.650824e+01
      vertex   1.068729e+02 -8.585101e+00 6.680558e+01
      vertex   1.067436e+02 -8.904600e+00 6.664744e+01
    endloop
  endfacet
  facet normal 6.354763e-01 -5.334610e-01 5.582018e-01
    outer loop
      vertex   1.067436e+02 -8.904600e+00 6.664744e+01
      vertex   1.068729e+02 -8.585101e+00 6.680558e+01
      vertex   1.064726e+02 -8.934086e+00 6.692776e+01
    endloop
  endfacet
  facet normal 6.078758e-01 -5.957292e-01 5.249702e-01
    outer loop
      vertex   1.067436e+02 -8.904600e+00 6.664744e+01
      vertex   1.064726e+02 -8.934086e+00 6.692776e+01
      vertex   1.063266e+02 -9.237209e+00 6.675276e+01
    endloop
  endfacet
  facet normal 5.519210e-01 -6.000340e-01 5.790876e-01
    outer loop
      vertex   1.063266e+02 -9.237209e+00 6.675276e+01
      vertex   1.064726e+02 -8.934086e+00 6.692776e+01
      vertex   1.060390e+02 -9.250766e+00 6.701288e+01
    endloop
  endfacet
  facet normal 5.214081e-01 -6.588374e-01 5.422794e-01
    outer loop
      vertex   1.063266e+02 -9.237209e+00 6.675276e+01
      vertex   1.060390e+02 -9.250766e+00 6.701288e+01
      vertex   1.058806e+02 -9.535640e+00 6.681905e+01
    endloop
  endfacet
  facet normal 4.624858e-01 -6.599635e-01 5.920769e-01
    outer loop
      vertex   1.058806e+02 -9.535640e+00 6.681905e+01
      vertex   1.060390e+02 -9.250766e+00 6.701288e+01
      vertex   1.055801e+02 -9.533433e+00 6.705628e+01
    endloop
  endfacet
  facet normal 4.299319e-01 -7.149665e-01 5.513451e-01
    outer loop
      vertex   1.058806e+02 -9.535640e+00 6.681905e+01
      vertex   1.055801e+02 -9.533433e+00 6.705628e+01
      vertex   1.054138e+02 -9.798565e+00 6.684213e+01
    endloop
  endfacet
  facet normal 3.688311e-01 -7.129843e-01 5.963363e-01
    outer loop
      vertex   1.054138e+02 -9.798565e+00 6.684213e+01
      vertex   1.055801e+02 -9.533433e+00 6.705628e+01
      vertex   1.051044e+02 -9.781131e+00 6.705432e+01
    endloop
  endfacet
  facet normal 3.351635e-01 -7.639273e-01 5.514350e-01
    outer loop
      vertex   1.054138e+02 -9.798565e+00 6.684213e+01
      vertex   1.051044e+02 -9.781131e+00 6.705432e+01
      vertex   1.049349e+02 -1.002541e+01 6.681891e+01
    endloop
  endfacet
  facet normal 2.727231e-01 -7.589797e-01 5.912461e-01
    outer loop
      vertex   1.049349e+02 -1.002541e+01 6.681891e+01
      vertex   1.051044e+02 -9.781131e+00 6.705432e+01
      vertex   1.046210e+02 -9.993636e+00 6.700448e+01
    endloop
  endfacet
  facet normal 2.389056e-01 -8.056780e-01 5.420398e-01
    outer loop
      vertex   1.049349e+02 -1.002541e+01 6.681891e+01
      vertex   1.046210e+02 -9.993636e+00 6.700448e+01
      vertex   1.044533e+02 -1.021632e+01 6.674742e+01
    endloop
  endfacet
  facet normal 1.759950e-01 -7.979770e-01 5.764187e-01
    outer loop
      vertex   1.044533e+02 -1.021632e+01 6.674742e+01
      vertex   1.046210e+02 -9.993636e+00 6.700448e+01
      vertex   1.041393e+02 -1.017144e+01 6.690544e+01
    endloop
  endfacet
  facet normal 1.430075e-01 -8.403195e-01 5.228882e-01
    outer loop
      vertex   1.044533e+02 -1.021632e+01 6.674742e+01
      vertex   1.041393e+02 -1.017144e+01 6.690544e+01
      vertex   1.039782e+02 -1.037215e+01 6.662694e+01
    endloop
  endfacet
  facet normal 8.050560e-02 -8.301412e-01 5.517104e-01
    outer loop
      vertex   1.039782e+02 -1.037215e+01 6.662694e+01
      vertex   1.041393e+02 -1.017144e+01 6.690544e+01
      vertex   1.036684e+02 -1.031569e+01 6.675711e+01
    endloop
  endfacet
  facet normal 4.932337e-02 -8.680865e-01 4.939566e-01
    outer loop
      vertex   1.039782e+02 -1.037215e+01 6.662694e+01
      vertex   1.036684e+02 -1.031569e+01 6.675711e+01
      vertex   1.035187e+02 -1.049439e+01 6.645799e+01
    endloop
  endfacet
  facet normal 9.391484e-01 -2.998142e-02 3.422009e-01
    outer loop
      vertex   1.081595e+02 -6.465235e+00 6.585565e+01
      vertex   1.082553e+02 -6.096118e+00 6.562508e+01
      vertex   1.081328e+02 -6.101835e+00 6.596070e+01
    endloop
  endfacet
  facet normal 9.162030e-01 2.152316e-01 3.380051e-01
    outer loop
      vertex   1.081328e+02 -6.101835e+00 6.596070e+01
      vertex   1.082553e+02 -6.096118e+00 6.562508e+01
      vertex   1.081194e+02 -6.096118e+00 6.599342e+01
    endloop
  endfacet
  facet normal 9.179329e-01 -7.541544e-02 3.895018e-01
    outer loop
      vertex   1.081328e+02 -6.101835e+00 6.596070e+01
      vertex   1.081194e+02 -6.096118e+00 6.599342e+01
      vertex   1.079949e+02 -6.194732e+00 6.626774e+01
    endloop
  endfacet
  facet normal 9.079952e-01 1.805238e-02 4.185915e-01
    outer loop
      vertex   1.079949e+02 -6.194732e+00 6.626774e+01
      vertex   1.081194e+02 -6.096118e+00 6.599342e+01
      vertex   1.079550e+02 -6.096118e+00 6.634995e+01
    endloop
  endfacet
  facet normal 8.837720e-01 -3.195185e-02 4.668256e-01
    outer loop
      vertex   1.079949e+02 -6.194732e+00 6.626774e+01
      vertex   1.079550e+02 -6.096118e+00 6.634995e+01
      vertex   1.078339e+02 -6.275141e+00 6.656698e+01
    endloop
  endfacet
  facet normal 8.724941e-01 2.099323e-03 4.886202e-01
    outer loop
      vertex   1.078339e+02 -6.275141e+00 6.656698e+01
      vertex   1.079550e+02 -6.096118e+00 6.634995e+01
      vertex   1.077632e+02 -6.096118e+00 6.669249e+01
    endloop
  endfacet
  facet normal 8.484644e-01 -3.506481e-02 5.280897e-01
    outer loop
      vertex   1.078339e+02 -6.275141e+00 6.656698e+01
      vertex   1.077632e+02 -6.096118e+00 6.669249e+01
      vertex   1.076509e+02 -6.342569e+00 6.685659e+01
    endloop
  endfacet
  facet normal 8.314358e-01 -9.021035e-03 5.555476e-01
    outer loop
      vertex   1.076509e+02 -6.342569e+00 6.685659e+01
      vertex   1.077632e+02 -6.096118e+00 6.669249e+01
      vertex   1.075451e+02 -6.096118e+00 6.701893e+01
    endloop
  endfacet
  facet normal 8.093963e-01 -3.853843e-02 5.859969e-01
    outer loop
      vertex   1.076509e+02 -6.342569e+00 6.685659e+01
      vertex   1.075451e+02 -6.096118e+00 6.701893e+01
      vertex   1.074469e+02 -6.396602e+00 6.713479e+01
    endloop
  endfacet
  facet normal 7.851910e-01 -1.790481e-02 6.189947e-01
    outer loop
      vertex   1.074469e+02 -6.396602e+00 6.713479e+01
      vertex   1.075451e+02 -6.096118e+00 6.701893e+01
      vertex   1.073020e+02 -6.096118e+00 6.732724e+01
    endloop
  endfacet
  facet normal 7.666767e-01 -4.075650e-02 6.407384e-01
    outer loop
      vertex   1.074469e+02 -6.396602e+00 6.713479e+01
      vertex   1.073020e+02 -6.096118e+00 6.732724e+01
      vertex   1.072232e+02 -6.436909e+00 6.739987e+01
    endloop
  endfacet
  facet normal 7.340902e-01 -2.515365e-02 6.785860e-01
    outer loop
      vertex   1.072232e+02 -6.436909e+00 6.739987e+01
      vertex   1.073020e+02 -6.096118e+00 6.732724e+01
      vertex   1.070355e+02 -6.096118e+00 6.761553e+01
    endloop
  endfacet
  facet normal 7.205276e-01 -4.123742e-02 6.921990e-01
    outer loop
      vertex   1.072232e+02 -6.436909e+00 6.739987e+01
      vertex   1.070355e+02 -6.096118e+00 6.761553e+01
      vertex   1.069812e+02 -6.463242e+00 6.765021e+01
    endloop
  endfacet
  facet normal 6.784730e-01 -3.107001e-02 7.339680e-01
    outer loop
      vertex   1.069812e+02 -6.463242e+00 6.765021e+01
      vertex   1.070355e+02 -6.096118e+00 6.761553e+01
      vertex   1.067472e+02 -6.096118e+00 6.788203e+01
    endloop
  endfacet
  facet normal 6.712074e-01 -3.964138e-02 7.402089e-01
    outer loop
      vertex   1.069812e+02 -6.463242e+00 6.765021e+01
      vertex   1.067472e+02 -6.096118e+00 6.788203e+01
      vertex   1.067224e+02 -6.475440e+00 6.788426e+01
    endloop
  endfacet
  facet normal 6.190015e-01 -3.595887e-02 7.845662e-01
    outer loop
      vertex   1.067224e+02 -6.475440e+00 6.788426e+01
      vertex   1.067472e+02 -6.096118e+00 6.788203e+01
      vertex   1.064483e+02 -6.473427e+00 6.810059e+01
    endloop
  endfacet
  facet normal 6.150049e-01 -1.140654e-01 7.802294e-01
    outer loop
      vertex   1.067224e+02 -6.475440e+00 6.788426e+01
      vertex   1.064483e+02 -6.473427e+00 6.810059e+01
      vertex   1.064149e+02 -6.850076e+00 6.807185e+01
    endloop
  endfacet
  facet normal 5.577382e-01 -1.122076e-01 8.223975e-01
    outer loop
      vertex   1.064149e+02 -6.850076e+00 6.807185e+01
      vertex   1.064483e+02 -6.473427e+00 6.810059e+01
      vertex   1.061170e+02 -6.833287e+00 6.827617e+01
    endloop
  endfacet
  facet normal 5.484415e-01 -1.870726e-01 8.149944e-01
    outer loop
      vertex   1.064149e+02 -6.850076e+00 6.807185e+01
      vertex   1.061170e+02 -6.833287e+00 6.827617e+01
      vertex   1.060583e+02 -7.205117e+00 6.823032e+01
    endloop
  endfacet
  facet normal 4.866701e-01 -1.821779e-01 8.543790e-01
    outer loop
      vertex   1.060583e+02 -7.205117e+00 6.823032e+01
      vertex   1.061170e+02 -6.833287e+00 6.827617e+01
      vertex   1.057393e+02 -7.172828e+00 6.841892e+01
    endloop
  endfacet
  facet normal 4.726592e-01 -2.558385e-01 8.432911e-01
    outer loop
      vertex   1.060583e+02 -7.205117e+00 6.823032e+01
      vertex   1.057393e+02 -7.172828e+00 6.841892e+01
      vertex   1.056588e+02 -7.537564e+00 6.835337e+01
    endloop
  endfacet
  facet normal 4.069765e-01 -2.477981e-01 8.791850e-01
    outer loop
      vertex   1.056588e+02 -7.537564e+00 6.835337e+01
      vertex   1.057393e+02 -7.172828e+00 6.841892e+01
      vertex   1.053219e+02 -7.489411e+00 6.852290e+01
    endloop
  endfacet
  facet normal 3.890068e-01 -3.198321e-01 8.639335e-01
    outer loop
      vertex   1.056588e+02 -7.537564e+00 6.835337e+01
      vertex   1.053219e+02 -7.489411e+00 6.852290e+01
      vertex   1.052237e+02 -7.845090e+00 6.843546e+01
    endloop
  endfacet
  facet normal 3.200985e-01 -3.086106e-01 8.957100e-01
    outer loop
      vertex   1.052237e+02 -7.845090e+00 6.843546e+01
      vertex   1.053219e+02 -7.489411e+00 6.852290e+01
      vertex   1.048725e+02 -7.781081e+00 6.858302e+01
    endloop
  endfacet
  facet normal 2.990098e-01 -3.786599e-01 8.759052e-01
    outer loop
      vertex   1.052237e+02 -7.845090e+00 6.843546e+01
      vertex   1.048725e+02 -7.781081e+00 6.858302e+01
      vertex   1.047609e+02 -8.126068e+00 6.847199e+01
    endloop
  endfacet
  facet normal 6.187021e-01 -3.557470e-02 7.848198e-01
    outer loop
      vertex   1.067472e+02 -6.096118e+00 6.788203e+01
      vertex   1.064389e+02 -6.096118e+00 6.812508e+01
      vertex   1.064483e+02 -6.473427e+00 6.810059e+01
    endloop
  endfacet
  facet normal 5.636589e-01 -3.955376e-02 8.250601e-01
    outer loop
      vertex   1.064483e+02 -6.473427e+00 6.810059e+01
      vertex   1.064389e+02 -6.096118e+00 6.812508e+01
      vertex   1.061607e+02 -6.457217e+00 6.829788e+01
    endloop
  endfacet
  facet normal 5.577382e-01 -1.122076e-01 8.223975e-01
    outer loop
      vertex   1.064483e+02 -6.473427e+00 6.810059e+01
      vertex   1.061607e+02 -6.457217e+00 6.829788e+01
      vertex   1.061170e+02 -6.833287e+00 6.827617e+01
    endloop
  endfacet
  facet normal 4.978857e-01 -1.074651e-01 8.605586e-01
    outer loop
      vertex   1.061170e+02 -6.833287e+00 6.827617e+01
      vertex   1.061607e+02 -6.457217e+00 6.829788e+01
      vertex   1.058069e+02 -6.801898e+00 6.845951e+01
    endloop
  endfacet
  facet normal 4.866701e-01 -1.821779e-01 8.543790e-01
    outer loop
      vertex   1.061170e+02 -6.833287e+00 6.827617e+01
      vertex   1.058069e+02 -6.801898e+00 6.845951e+01
      vertex   1.057393e+02 -7.172828e+00 6.841892e+01
    endloop
  endfacet
  facet normal 4.226093e-01 -1.743361e-01 8.893865e-01
    outer loop
      vertex   1.057393e+02 -7.172828e+00 6.841892e+01
      vertex   1.058069e+02 -6.801898e+00 6.845951e+01
      vertex   1.054097e+02 -7.125716e+00 6.858478e+01
    endloop
  endfacet
  facet normal 4.069765e-01 -2.477981e-01 8.791850e-01
    outer loop
      vertex   1.057393e+02 -7.172828e+00 6.841892e+01
      vertex   1.054097e+02 -7.125716e+00 6.858478e+01
      vertex   1.053219e+02 -7.489411e+00 6.852290e+01
    endloop
  endfacet
  facet normal 3.393495e-01 -2.367853e-01 9.103706e-01
    outer loop
      vertex   1.053219e+02 -7.489411e+00 6.852290e+01
      vertex   1.054097e+02 -7.125716e+00 6.858478e+01
      vertex   1.049762e+02 -7.426403e+00 6.866815e+01
    endloop
  endfacet
  facet normal 3.200985e-01 -3.086106e-01 8.957100e-01
    outer loop
      vertex   1.053219e+02 -7.489411e+00 6.852290e+01
      vertex   1.049762e+02 -7.426403e+00 6.866815e+01
      vertex   1.048725e+02 -7.781081e+00 6.858302e+01
    endloop
  endfacet
  facet normal 5.553162e-01 -3.023940e-02 8.310894e-01
    outer loop
      vertex   1.064389e+02 -6.096118e+00 6.812508e+01
      vertex   1.061125e+02 -6.096118e+00 6.834320e+01
      vertex   1.061607e+02 -6.457217e+00 6.829788e+01
    endloop
  endfacet
  facet normal 5.054323e-01 -4.075959e-02 8.619030e-01
    outer loop
      vertex   1.061607e+02 -6.457217e+00 6.829788e+01
      vertex   1.061125e+02 -6.096118e+00 6.834320e+01
      vertex   1.058612e+02 -6.426908e+00 6.847491e+01
    endloop
  endfacet
  facet normal 4.978857e-01 -1.074651e-01 8.605586e-01
    outer loop
      vertex   1.061607e+02 -6.457217e+00 6.829788e+01
      vertex   1.058612e+02 -6.426908e+00 6.847491e+01
      vertex   1.058069e+02 -6.801898e+00 6.845951e+01
    endloop
  endfacet
  facet normal 4.358150e-01 -9.986684e-02 8.944786e-01
    outer loop
      vertex   1.058069e+02 -6.801898e+00 6.845951e+01
      vertex   1.058612e+02 -6.426908e+00 6.847491e+01
      vertex   1.054865e+02 -6.756100e+00 6.862075e+01
    endloop
  endfacet
  facet normal 4.226093e-01 -1.743361e-01 8.893865e-01
    outer loop
      vertex   1.058069e+02 -6.801898e+00 6.845951e+01
      vertex   1.054865e+02 -6.756100e+00 6.862075e+01
      vertex   1.054097e+02 -7.125716e+00 6.858478e+01
    endloop
  endfacet
  facet normal 3.566522e-01 -1.635952e-01 9.198021e-01
    outer loop
      vertex   1.054097e+02 -7.125716e+00 6.858478e+01
      vertex   1.054865e+02 -6.756100e+00 6.862075e+01
      vertex   1.050715e+02 -7.064073e+00 6.872689e+01
    endloop
  endfacet
  facet normal 3.393495e-01 -2.367853e-01 9.103706e-01
    outer loop
      vertex   1.054097e+02 -7.125716e+00 6.858478e+01
      vertex   1.050715e+02 -7.064073e+00 6.872689e+01
      vertex   1.049762e+02 -7.426403e+00 6.866815e+01
    endloop
  endfacet
  facet normal 4.884832e-01 -2.376451e-02 8.722496e-01
    outer loop
      vertex   1.061125e+02 -6.096118e+00 6.834320e+01
      vertex   1.057700e+02 -6.096118e+00 6.853503e+01
      vertex   1.058612e+02 -6.426908e+00 6.847491e+01
    endloop
  endfacet
  facet normal 4.445623e-01 -3.998963e-02 8.948549e-01
    outer loop
      vertex   1.058612e+02 -6.426908e+00 6.847491e+01
      vertex   1.057700e+02 -6.096118e+00 6.853503e+01
      vertex   1.055518e+02 -6.382687e+00 6.863060e+01
    endloop
  endfacet
  facet normal 4.358150e-01 -9.986684e-02 8.944786e-01
    outer loop
      vertex   1.058612e+02 -6.426908e+00 6.847491e+01
      vertex   1.055518e+02 -6.382687e+00 6.863060e+01
      vertex   1.054865e+02 -6.756100e+00 6.862075e+01
    endloop
  endfacet
  facet normal 3.719069e-01 -8.945961e-02 9.239493e-01
    outer loop
      vertex   1.054865e+02 -6.756100e+00 6.862075e+01
      vertex   1.055518e+02 -6.382687e+00 6.863060e+01
      vertex   1.051577e+02 -6.696174e+00 6.875890e+01
    endloop
  endfacet
  facet normal 3.566522e-01 -1.635952e-01 9.198021e-01
    outer loop
      vertex   1.054865e+02 -6.756100e+00 6.862075e+01
      vertex   1.051577e+02 -6.696174e+00 6.875890e+01
      vertex   1.050715e+02 -7.064073e+00 6.872689e+01
    endloop
  endfacet
  facet normal 4.186072e-01 -1.583812e-02 9.080293e-01
    outer loop
      vertex   1.057700e+02 -6.096118e+00 6.853503e+01
      vertex   1.054134e+02 -6.096118e+00 6.869940e+01
      vertex   1.055518e+02 -6.382687e+00 6.863060e+01
    endloop
  endfacet
  facet normal 3.812489e-01 -3.764247e-02 9.237057e-01
    outer loop
      vertex   1.055518e+02 -6.382687e+00 6.863060e+01
      vertex   1.054134e+02 -6.096118e+00 6.869940e+01
      vertex   1.052343e+02 -6.324824e+00 6.876399e+01
    endloop
  endfacet
  facet normal 3.719069e-01 -8.945961e-02 9.239493e-01
    outer loop
      vertex   1.055518e+02 -6.382687e+00 6.863060e+01
      vertex   1.052343e+02 -6.324824e+00 6.876399e+01
      vertex   1.051577e+02 -6.696174e+00 6.875890e+01
    endloop
  endfacet
  facet normal 3.461107e-01 -6.043015e-03 9.381742e-01
    outer loop
      vertex   1.054134e+02 -6.096118e+00 6.869940e+01
      vertex   1.050451e+02 -6.096118e+00 6.883528e+01
      vertex   1.052343e+02 -6.324824e+00 6.876399e+01
    endloop
  endfacet
  facet normal 2.468809e-01 -3.385118e-02 9.684544e-01
    outer loop
      vertex   1.049108e+02 -6.253676e+00 6.887426e+01
      vertex   1.046672e+02 -6.096118e+00 6.894185e+01
      vertex   1.045831e+02 -6.169679e+00 6.896074e+01
    endloop
  endfacet
  facet normal 1.950107e-01 2.856438e-02 9.803851e-01
    outer loop
      vertex   1.045831e+02 -6.169679e+00 6.896074e+01
      vertex   1.046672e+02 -6.096118e+00 6.894185e+01
      vertex   1.042822e+02 -6.096118e+00 6.901844e+01
    endloop
  endfacet
  facet normal 1.779287e-01 -4.342344e-02 9.830848e-01
    outer loop
      vertex   1.045831e+02 -6.169679e+00 6.896074e+01
      vertex   1.042822e+02 -6.096118e+00 6.901844e+01
      vertex   1.044832e+02 -6.535497e+00 6.896266e+01
    endloop
  endfacet
  facet normal 1.719030e-01 -4.629927e-02 9.840253e-01
    outer loop
      vertex   1.044832e+02 -6.535497e+00 6.896266e+01
      vertex   1.042822e+02 -6.096118e+00 6.901844e+01
      vertex   1.041416e+02 -6.435731e+00 6.902702e+01
    endloop
  endfacet
  facet normal 1.514948e-01 -1.147237e-01 9.817779e-01
    outer loop
      vertex   1.044832e+02 -6.535497e+00 6.896266e+01
      vertex   1.041416e+02 -6.435731e+00 6.902702e+01
      vertex   1.040262e+02 -6.796161e+00 6.900270e+01
    endloop
  endfacet
  facet normal 8.207966e-02 -9.321694e-02 9.922568e-01
    outer loop
      vertex   1.040262e+02 -6.796161e+00 6.900270e+01
      vertex   1.041416e+02 -6.435731e+00 6.902702e+01
      vertex   1.036748e+02 -6.681025e+00 6.904259e+01
    endloop
  endfacet
  facet normal 5.782544e-02 -1.646252e-01 9.846597e-01
    outer loop
      vertex   1.040262e+02 -6.796161e+00 6.900270e+01
      vertex   1.036748e+02 -6.681025e+00 6.904259e+01
      vertex   1.035486e+02 -7.034881e+00 6.899084e+01
    endloop
  endfacet
  facet normal 4.413769e-02 -1.599616e-01 9.861360e-01
    outer loop
      vertex   1.035486e+02 -7.034881e+00 6.899084e+01
      vertex   1.036748e+02 -6.681025e+00 6.904259e+01
      vertex   1.035000e+02 -6.872852e+00 6.901930e+01
    endloop
  endfacet
  facet normal -7.122878e-02 -1.932481e-01 9.785610e-01
    outer loop
      vertex   1.035486e+02 -7.034881e+00 6.899084e+01
      vertex   1.035000e+02 -6.872852e+00 6.901930e+01
      vertex   1.035000e+02 -7.255313e+00 6.894377e+01
    endloop
  endfacet
  facet normal 1.175048e-01 -2.355822e-02 9.927928e-01
    outer loop
      vertex   1.042822e+02 -6.096118e+00 6.901844e+01
      vertex   1.038923e+02 -6.096118e+00 6.906459e+01
      vertex   1.041416e+02 -6.435731e+00 6.902702e+01
    endloop
  endfacet
  facet normal 1.011341e-01 -3.573381e-02 9.942309e-01
    outer loop
      vertex   1.041416e+02 -6.435731e+00 6.902702e+01
      vertex   1.038923e+02 -6.096118e+00 6.906459e+01
      vertex   1.037999e+02 -6.323804e+00 6.906580e+01
    endloop
  endfacet
  facet normal 8.207966e-02 -9.321694e-02 9.922568e-01
    outer loop
      vertex   1.041416e+02 -6.435731e+00 6.902702e+01
      vertex   1.037999e+02 -6.323804e+00 6.906580e+01
      vertex   1.036748e+02 -6.681025e+00 6.904259e+01
    endloop
  endfacet
  facet normal 3.897867e-02 -7.837165e-02 9.961619e-01
    outer loop
      vertex   1.036748e+02 -6.681025e+00 6.904259e+01
      vertex   1.037999e+02 -6.323804e+00 6.906580e+01
      vertex   1.035000e+02 -6.485669e+00 6.906480e+01
    endloop
  endfacet
  facet normal -4.265756e-03 -1.167162e-01 9.931561e-01
    outer loop
      vertex   1.036748e+02 -6.681025e+00 6.904259e+01
      vertex   1.035000e+02 -6.485669e+00 6.906480e+01
      vertex   1.035000e+02 -6.872852e+00 6.901930e+01
    endloop
  endfacet
  facet normal 3.925761e-02 -1.059901e-02 9.991729e-01
    outer loop
      vertex   1.038923e+02 -6.096118e+00 6.906459e+01
      vertex   1.035000e+02 -6.096118e+00 6.908000e+01
      vertex   1.037999e+02 -6.323804e+00 6.906580e+01
    endloop
  endfacet
  facet normal 1.770765e-02 -3.897864e-02 9.990831e-01
    outer loop
      vertex   1.037999e+02 -6.323804e+00 6.906580e+01
      vertex   1.035000e+02 -6.096118e+00 6.908000e+01
      vertex   1.035000e+02 -6.485669e+00 6.906480e+01
    endloop
  endfacet
  facet normal 1.690787e-02 -2.695469e-01 9.628388e-01
    outer loop
      vertex   1.035000e+02 -7.630727e+00 6.883867e+01
      vertex   1.037872e+02 -7.502891e+00 6.886942e+01
      vertex   1.035000e+02 -7.255313e+00 6.894377e+01
    endloop
  endfacet
  facet normal 4.520137e-02 -2.388801e-01 9.699965e-01
    outer loop
      vertex   1.035000e+02 -7.255313e+00 6.894377e+01
      vertex   1.037872e+02 -7.502891e+00 6.886942e+01
      vertex   1.039079e+02 -7.152564e+00 6.895007e+01
    endloop
  endfacet
  facet normal 3.960957e-02 -2.170121e-01 9.753650e-01
    outer loop
      vertex   1.035000e+02 -7.255313e+00 6.894377e+01
      vertex   1.039079e+02 -7.152564e+00 6.895007e+01
      vertex   1.035486e+02 -7.034881e+00 6.899084e+01
    endloop
  endfacet
  facet normal 5.782544e-02 -1.646252e-01 9.846597e-01
    outer loop
      vertex   1.035486e+02 -7.034881e+00 6.899084e+01
      vertex   1.039079e+02 -7.152564e+00 6.895007e+01
      vertex   1.040262e+02 -6.796161e+00 6.900270e+01
    endloop
  endfacet
  facet normal 3.800348e-02 -3.135584e-01 9.488081e-01
    outer loop
      vertex   1.037872e+02 -7.502891e+00 6.886942e+01
      vertex   1.035000e+02 -7.630727e+00 6.883867e+01
      vertex   1.036648e+02 -7.845125e+00 6.876122e+01
    endloop
  endfacet
  facet normal -5.920435e-03 -3.437857e-01 9.390295e-01
    outer loop
      vertex   1.036648e+02 -7.845125e+00 6.876122e+01
      vertex   1.035000e+02 -7.630727e+00 6.883867e+01
      vertex   1.035000e+02 -7.996812e+00 6.870465e+01
    endloop
  endfacet
  facet normal 4.351654e-02 -3.902717e-01 9.196708e-01
    outer loop
      vertex   1.036648e+02 -7.845125e+00 6.876122e+01
      vertex   1.035000e+02 -7.996812e+00 6.870465e+01
      vertex   1.035415e+02 -8.177299e+00 6.862609e+01
    endloop
  endfacet
  facet normal -8.716646e-02 -4.143249e-01 9.059453e-01
    outer loop
      vertex   1.035415e+02 -8.177299e+00 6.862609e+01
      vertex   1.035000e+02 -7.996812e+00 6.870465e+01
      vertex   1.035000e+02 -8.351342e+00 6.854251e+01
    endloop
  endfacet
  facet normal 4.038833e-02 -4.403762e-01 8.969045e-01
    outer loop
      vertex   1.035415e+02 -8.177299e+00 6.862609e+01
      vertex   1.035000e+02 -8.351342e+00 6.854251e+01
      vertex   1.039114e+02 -8.285352e+00 6.855638e+01
    endloop
  endfacet
  facet normal 4.441517e-02 -4.630279e-01 8.852302e-01
    outer loop
      vertex   1.039114e+02 -8.285352e+00 6.855638e+01
      vertex   1.035000e+02 -8.351342e+00 6.854251e+01
      vertex   1.037872e+02 -8.605368e+00 6.839522e+01
    endloop
  endfacet
  facet normal 1.067631e-01 -4.799458e-01 8.707776e-01
    outer loop
      vertex   1.039114e+02 -8.285352e+00 6.855638e+01
      vertex   1.037872e+02 -8.605368e+00 6.839522e+01
      vertex   1.042790e+02 -8.379571e+00 6.845938e+01
    endloop
  endfacet
  facet normal 1.067631e-01 -4.799458e-01 8.707776e-01
    outer loop
      vertex   1.042790e+02 -8.379571e+00 6.845938e+01
      vertex   1.037872e+02 -8.605368e+00 6.839522e+01
      vertex   1.041542e+02 -8.699424e+00 6.829839e+01
    endloop
  endfacet
  facet normal 1.890568e-02 -4.854091e-01 8.740827e-01
    outer loop
      vertex   1.035000e+02 -8.351342e+00 6.854251e+01
      vertex   1.035000e+02 -8.692162e+00 6.835324e+01
      vertex   1.037872e+02 -8.605368e+00 6.839522e+01
    endloop
  endfacet
  facet normal 3.649103e-02 -5.304659e-01 8.469205e-01
    outer loop
      vertex   1.037872e+02 -8.605368e+00 6.839522e+01
      vertex   1.035000e+02 -8.692162e+00 6.835324e+01
      vertex   1.036614e+02 -8.910950e+00 6.820925e+01
    endloop
  endfacet
  facet normal 8.159136e-02 -5.424599e-01 8.361101e-01
    outer loop
      vertex   1.037872e+02 -8.605368e+00 6.839522e+01
      vertex   1.036614e+02 -8.910950e+00 6.820925e+01
      vertex   1.041542e+02 -8.699424e+00 6.829839e+01
    endloop
  endfacet
  facet normal 8.159136e-02 -5.424599e-01 8.361101e-01
    outer loop
      vertex   1.041542e+02 -8.699424e+00 6.829839e+01
      vertex   1.036614e+02 -8.910950e+00 6.820925e+01
      vertex   1.040256e+02 -9.004303e+00 6.811314e+01
    endloop
  endfacet
  facet normal -4.625501e-03 -5.521264e-01 8.337476e-01
    outer loop
      vertex   1.035000e+02 -8.692162e+00 6.835324e+01
      vertex   1.035000e+02 -9.017200e+00 6.813799e+01
      vertex   1.036614e+02 -8.910950e+00 6.820925e+01
    endloop
  endfacet
  facet normal 4.005926e-02 -5.978002e-01 8.006436e-01
    outer loop
      vertex   1.036614e+02 -8.910950e+00 6.820925e+01
      vertex   1.035000e+02 -9.017200e+00 6.813799e+01
      vertex   1.035346e+02 -9.200340e+00 6.799952e+01
    endloop
  endfacet
  facet normal 5.595046e-02 -6.018597e-01 7.966395e-01
    outer loop
      vertex   1.036614e+02 -8.910950e+00 6.820925e+01
      vertex   1.035346e+02 -9.200340e+00 6.799952e+01
      vertex   1.040256e+02 -9.004303e+00 6.811314e+01
    endloop
  endfacet
  facet normal 5.595046e-02 -6.018597e-01 7.966395e-01
    outer loop
      vertex   1.040256e+02 -9.004303e+00 6.811314e+01
      vertex   1.035346e+02 -9.200340e+00 6.799952e+01
      vertex   1.038940e+02 -9.292453e+00 6.790469e+01
    endloop
  endfacet
  facet normal -1.023286e-01 -6.121817e-01 7.840679e-01
    outer loop
      vertex   1.035000e+02 -9.017200e+00 6.813799e+01
      vertex   1.035000e+02 -9.324480e+00 6.789807e+01
      vertex   1.035346e+02 -9.200340e+00 6.799952e+01
    endloop
  endfacet
  facet normal 3.903004e-02 -6.387901e-01 7.683904e-01
    outer loop
      vertex   1.035346e+02 -9.200340e+00 6.799952e+01
      vertex   1.035000e+02 -9.324480e+00 6.789807e+01
      vertex   1.038940e+02 -9.292453e+00 6.790469e+01
    endloop
  endfacet
  facet normal 4.112850e-02 -6.607070e-01 7.495163e-01
    outer loop
      vertex   1.038940e+02 -9.292453e+00 6.790469e+01
      vertex   1.035000e+02 -9.324480e+00 6.789807e+01
      vertex   1.037601e+02 -9.562217e+00 6.767423e+01
    endloop
  endfacet
  facet normal 1.807756e-02 -6.748406e-01 7.377421e-01
    outer loop
      vertex   1.037601e+02 -9.562217e+00 6.767423e+01
      vertex   1.035000e+02 -9.324480e+00 6.789807e+01
      vertex   1.035000e+02 -9.612134e+00 6.763494e+01
    endloop
  endfacet
  facet normal 3.252280e-02 -7.172783e-01 6.960274e-01
    outer loop
      vertex   1.037601e+02 -9.562217e+00 6.767423e+01
      vertex   1.035000e+02 -9.612134e+00 6.763494e+01
      vertex   1.036247e+02 -9.812043e+00 6.742310e+01
    endloop
  endfacet
  facet normal -1.055360e-02 -7.303456e-01 6.829962e-01
    outer loop
      vertex   1.036247e+02 -9.812043e+00 6.742310e+01
      vertex   1.035000e+02 -9.612134e+00 6.763494e+01
      vertex   1.035000e+02 -9.878413e+00 6.735021e+01
    endloop
  endfacet
  facet normal 2.655832e-02 -9.026961e-01 4.294582e-01
    outer loop
      vertex   1.038143e+02 -1.054827e+01 6.633379e+01
      vertex   1.035000e+02 -1.053352e+01 6.638422e+01
      vertex   1.036486e+02 -1.069878e+01 6.602768e+01
    endloop
  endfacet
  facet normal 1.570256e-02 -9.046606e-01 4.258434e-01
    outer loop
      vertex   1.036486e+02 -1.069878e+01 6.602768e+01
      vertex   1.035000e+02 -1.053352e+01 6.638422e+01
      vertex   1.035000e+02 -1.069956e+01 6.603150e+01
    endloop
  endfacet
  facet normal 1.401745e-02 -9.351118e-01 3.540755e-01
    outer loop
      vertex   1.036486e+02 -1.069878e+01 6.602768e+01
      vertex   1.035000e+02 -1.069956e+01 6.603150e+01
      vertex   1.035000e+02 -1.083761e+01 6.566691e+01
    endloop
  endfacet
  facet normal 3.794984e-02 -9.377501e-01 3.452312e-01
    outer loop
      vertex   1.036486e+02 -1.069878e+01 6.602768e+01
      vertex   1.035000e+02 -1.083761e+01 6.566691e+01
      vertex   1.037376e+02 -1.085933e+01 6.558179e+01
    endloop
  endfacet
  facet normal 1.261301e-02 -9.598734e-01 2.801497e-01
    outer loop
      vertex   1.037376e+02 -1.085933e+01 6.558179e+01
      vertex   1.035000e+02 -1.083761e+01 6.566691e+01
      vertex   1.035000e+02 -1.094683e+01 6.529268e+01
    endloop
  endfacet
  facet normal 3.925346e-02 -9.648730e-01 2.597679e-01
    outer loop
      vertex   1.037376e+02 -1.085933e+01 6.558179e+01
      vertex   1.035000e+02 -1.094683e+01 6.529268e+01
      vertex   1.038923e+02 -1.093188e+01 6.528894e+01
    endloop
  endfacet
  facet normal 6.318398e-02 -9.604176e-01 2.713041e-01
    outer loop
      vertex   1.037376e+02 -1.085933e+01 6.558179e+01
      vertex   1.038923e+02 -1.093188e+01 6.528894e+01
      vertex   1.039849e+02 -1.088436e+01 6.543559e+01
    endloop
  endfacet
  facet normal 1.175369e-01 -9.640848e-01 2.381713e-01
    outer loop
      vertex   1.039849e+02 -1.088436e+01 6.543559e+01
      vertex   1.038923e+02 -1.093188e+01 6.528894e+01
      vertex   1.042822e+02 -1.088711e+01 6.527775e+01
    endloop
  endfacet
  facet normal 1.423064e-01 -9.480432e-01 2.845398e-01
    outer loop
      vertex   1.039849e+02 -1.088436e+01 6.543559e+01
      vertex   1.042822e+02 -1.088711e+01 6.527775e+01
      vertex   1.044384e+02 -1.077872e+01 6.556075e+01
    endloop
  endfacet
  facet normal 1.945678e-01 -9.470786e-01 2.553145e-01
    outer loop
      vertex   1.044384e+02 -1.077872e+01 6.556075e+01
      vertex   1.042822e+02 -1.088711e+01 6.527775e+01
      vertex   1.046799e+02 -1.078049e+01 6.537016e+01
    endloop
  endfacet
  facet normal 2.342818e-01 -9.229517e-01 3.054050e-01
    outer loop
      vertex   1.044384e+02 -1.077872e+01 6.556075e+01
      vertex   1.046799e+02 -1.078049e+01 6.537016e+01
      vertex   1.049042e+02 -1.063463e+01 6.563888e+01
    endloop
  endfacet
  facet normal 2.826509e-01 -9.220272e-01 2.645265e-01
    outer loop
      vertex   1.049042e+02 -1.063463e+01 6.563888e+01
      vertex   1.046799e+02 -1.078049e+01 6.537016e+01
      vertex   1.051452e+02 -1.062327e+01 6.542095e+01
    endloop
  endfacet
  facet normal 3.279647e-01 -8.901654e-01 3.162986e-01
    outer loop
      vertex   1.049042e+02 -1.063463e+01 6.563888e+01
      vertex   1.051452e+02 -1.062327e+01 6.542095e+01
      vertex   1.053730e+02 -1.045076e+01 6.567023e+01
    endloop
  endfacet
  facet normal 3.757987e-01 -8.864853e-01 2.700353e-01
    outer loop
      vertex   1.053730e+02 -1.045076e+01 6.567023e+01
      vertex   1.051452e+02 -1.062327e+01 6.542095e+01
      vertex   1.056092e+02 -1.042506e+01 6.542595e+01
    endloop
  endfacet
  facet normal 4.213242e-01 -8.493484e-01 3.179515e-01
    outer loop
      vertex   1.053730e+02 -1.045076e+01 6.567023e+01
      vertex   1.056092e+02 -1.042506e+01 6.542595e+01
      vertex   1.058357e+02 -1.022647e+01 6.565629e+01
    endloop
  endfacet
  facet normal 4.677547e-01 -8.427041e-01 2.665621e-01
    outer loop
      vertex   1.058357e+02 -1.022647e+01 6.565629e+01
      vertex   1.056092e+02 -1.042506e+01 6.542595e+01
      vertex   1.060627e+02 -1.018556e+01 6.538724e+01
    endloop
  endfacet
  facet normal 5.125416e-01 -8.004482e-01 3.107793e-01
    outer loop
      vertex   1.058357e+02 -1.022647e+01 6.565629e+01
      vertex   1.060627e+02 -1.018556e+01 6.538724e+01
      vertex   1.062833e+02 -9.961867e+00 6.559968e+01
    endloop
  endfacet
  facet normal 5.567312e-01 -7.907003e-01 2.546437e-01
    outer loop
      vertex   1.062833e+02 -9.961867e+00 6.559968e+01
      vertex   1.060627e+02 -1.018556e+01 6.538724e+01
      vertex   1.064971e+02 -9.905226e+00 6.530806e+01
    endloop
  endfacet
  facet normal 5.998646e-01 -7.435630e-01 2.954261e-01
    outer loop
      vertex   1.062833e+02 -9.961867e+00 6.559968e+01
      vertex   1.064971e+02 -9.905226e+00 6.530806e+01
      vertex   1.067072e+02 -9.657823e+00 6.550417e+01
    endloop
  endfacet
  facet normal 6.410274e-01 -7.306448e-01 2.350361e-01
    outer loop
      vertex   1.067072e+02 -9.657823e+00 6.550417e+01
      vertex   1.064971e+02 -9.905226e+00 6.530806e+01
      vertex   1.069040e+02 -9.585303e+00 6.519269e+01
    endloop
  endfacet
  facet normal 6.816472e-01 -6.789454e-01 2.727458e-01
    outer loop
      vertex   1.067072e+02 -9.657823e+00 6.550417e+01
      vertex   1.069040e+02 -9.585303e+00 6.519269e+01
      vertex   1.070995e+02 -9.315991e+00 6.537451e+01
    endloop
  endfacet
  facet normal 7.157997e-01 -6.645025e-01 2.146330e-01
    outer loop
      vertex   1.070995e+02 -9.315991e+00 6.537451e+01
      vertex   1.069040e+02 -9.585303e+00 6.519269e+01
      vertex   1.070355e+02 -9.526090e+00 6.493749e+01
    endloop
  endfacet
  facet normal 7.217878e-01 -6.591141e-01 2.111656e-01
    outer loop
      vertex   1.070995e+02 -9.315991e+00 6.537451e+01
      vertex   1.070355e+02 -9.526090e+00 6.493749e+01
      vertex   1.072761e+02 -9.227814e+00 6.504636e+01
    endloop
  endfacet
  facet normal 7.342816e-01 -6.559379e-01 1.748599e-01
    outer loop
      vertex   1.072761e+02 -9.227814e+00 6.504636e+01
      vertex   1.070355e+02 -9.526090e+00 6.493749e+01
      vertex   1.073020e+02 -9.246404e+00 6.486757e+01
    endloop
  endfacet
  facet normal 7.850415e-01 -5.939760e-01 1.757905e-01
    outer loop
      vertex   1.072761e+02 -9.227814e+00 6.504636e+01
      vertex   1.073020e+02 -9.246404e+00 6.486757e+01
      vertex   1.075451e+02 -8.947295e+00 6.479279e+01
    endloop
  endfacet
  facet normal 1.950646e-01 -9.474391e-01 2.535920e-01
    outer loop
      vertex   1.042822e+02 -1.088711e+01 6.527775e+01
      vertex   1.046672e+02 -1.081280e+01 6.525917e+01
      vertex   1.046799e+02 -1.078049e+01 6.537016e+01
    endloop
  endfacet
  facet normal 2.714335e-01 -9.319581e-01 2.403705e-01
    outer loop
      vertex   1.046799e+02 -1.078049e+01 6.537016e+01
      vertex   1.046672e+02 -1.081280e+01 6.525917e+01
      vertex   1.050451e+02 -1.070942e+01 6.523333e+01
    endloop
  endfacet
  facet normal 2.811598e-01 -9.201740e-01 2.724499e-01
    outer loop
      vertex   1.046799e+02 -1.078049e+01 6.537016e+01
      vertex   1.050451e+02 -1.070942e+01 6.523333e+01
      vertex   1.051452e+02 -1.062327e+01 6.542095e+01
    endloop
  endfacet
  facet normal 3.461123e-01 -9.088991e-01 2.326127e-01
    outer loop
      vertex   1.051452e+02 -1.062327e+01 6.542095e+01
      vertex   1.050451e+02 -1.070942e+01 6.523333e+01
      vertex   1.054134e+02 -1.057759e+01 6.520037e+01
    endloop
  endfacet
  facet normal 3.754349e-01 -8.857101e-01 2.730681e-01
    outer loop
      vertex   1.051452e+02 -1.062327e+01 6.542095e+01
      vertex   1.054134e+02 -1.057759e+01 6.520037e+01
      vertex   1.056092e+02 -1.042506e+01 6.542595e+01
    endloop
  endfacet
  facet normal 4.186358e-01 -8.783833e-01 2.306227e-01
    outer loop
      vertex   1.056092e+02 -1.042506e+01 6.542595e+01
      vertex   1.054134e+02 -1.057759e+01 6.520037e+01
      vertex   1.057700e+02 -1.041813e+01 6.516050e+01
    endloop
  endfacet
  facet normal 4.524557e-01 -8.555289e-01 2.517025e-01
    outer loop
      vertex   1.056092e+02 -1.042506e+01 6.542595e+01
      vertex   1.057700e+02 -1.041813e+01 6.516050e+01
      vertex   1.058275e+02 -1.038573e+01 6.516727e+01
    endloop
  endfacet
  facet normal 4.835119e-01 -8.725768e-01 6.946927e-02
    outer loop
      vertex   1.058275e+02 -1.038573e+01 6.516727e+01
      vertex   1.057700e+02 -1.041813e+01 6.516050e+01
      vertex   1.061125e+02 -1.023203e+01 6.511398e+01
    endloop
  endfacet
  facet normal 4.949422e-01 -8.372402e-01 2.325103e-01
    outer loop
      vertex   1.058275e+02 -1.038573e+01 6.516727e+01
      vertex   1.061125e+02 -1.023203e+01 6.511398e+01
      vertex   1.060627e+02 -1.018556e+01 6.538724e+01
    endloop
  endfacet
  facet normal 5.358999e-01 -8.107808e-01 2.354692e-01
    outer loop
      vertex   1.060627e+02 -1.018556e+01 6.538724e+01
      vertex   1.061125e+02 -1.023203e+01 6.511398e+01
      vertex   1.062698e+02 -1.013072e+01 6.510487e+01
    endloop
  endfacet
  facet normal 5.567312e-01 -7.907003e-01 2.546437e-01
    outer loop
      vertex   1.060627e+02 -1.018556e+01 6.538724e+01
      vertex   1.062698e+02 -1.013072e+01 6.510487e+01
      vertex   1.064971e+02 -9.905226e+00 6.530806e+01
    endloop
  endfacet
  facet normal 5.727048e-01 -7.862852e-01 2.318723e-01
    outer loop
      vertex   1.064971e+02 -9.905226e+00 6.530806e+01
      vertex   1.062698e+02 -1.013072e+01 6.510487e+01
      vertex   1.064389e+02 -1.002043e+01 6.506108e+01
    endloop
  endfacet
  facet normal 6.189978e-01 -7.574774e-01 2.075324e-01
    outer loop
      vertex   1.064971e+02 -9.905226e+00 6.530806e+01
      vertex   1.064389e+02 -1.002043e+01 6.506108e+01
      vertex   1.067472e+02 -9.784629e+00 6.500213e+01
    endloop
  endfacet
  facet normal 5.398909e-01 -8.410924e-01 -3.288480e-02
    outer loop
      vertex   1.061125e+02 -1.023203e+01 6.511398e+01
      vertex   1.064389e+02 -1.002043e+01 6.506108e+01
      vertex   1.062698e+02 -1.013072e+01 6.510487e+01
    endloop
  endfacet
  facet normal 6.410500e-01 -7.302137e-01 2.363110e-01
    outer loop
      vertex   1.064971e+02 -9.905226e+00 6.530806e+01
      vertex   1.067472e+02 -9.784629e+00 6.500213e+01
      vertex   1.069040e+02 -9.585303e+00 6.519269e+01
    endloop
  endfacet
  facet normal 6.787843e-01 -7.106932e-01 1.848433e-01
    outer loop
      vertex   1.069040e+02 -9.585303e+00 6.519269e+01
      vertex   1.067472e+02 -9.784629e+00 6.500213e+01
      vertex   1.070355e+02 -9.526090e+00 6.493749e+01
    endloop
  endfacet
  facet normal 8.313348e-01 -5.432616e-01 1.172572e-01
    outer loop
      vertex   1.077632e+02 -8.630608e+00 6.471362e+01
      vertex   1.076065e+02 -8.835551e+00 6.487508e+01
      vertex   1.075451e+02 -8.947295e+00 6.479279e+01
    endloop
  endfacet
  facet normal 7.976071e-01 -5.742585e-01 1.845265e-01
    outer loop
      vertex   1.075451e+02 -8.947295e+00 6.479279e+01
      vertex   1.076065e+02 -8.835551e+00 6.487508e+01
      vertex   1.074532e+02 -8.938793e+00 6.521632e+01
    endloop
  endfacet
  facet normal 7.868030e-01 -5.896084e-01 1.824912e-01
    outer loop
      vertex   1.075451e+02 -8.947295e+00 6.479279e+01
      vertex   1.074532e+02 -8.938793e+00 6.521632e+01
      vertex   1.072761e+02 -9.227814e+00 6.504636e+01
    endloop
  endfacet
  facet normal 7.563854e-01 -6.070030e-01 2.437795e-01
    outer loop
      vertex   1.072761e+02 -9.227814e+00 6.504636e+01
      vertex   1.074532e+02 -8.938793e+00 6.521632e+01
      vertex   1.070995e+02 -9.315991e+00 6.537451e+01
    endloop
  endfacet
  facet normal 8.646679e-01 -5.021953e-01 -1.221983e-02
    outer loop
      vertex   1.079550e+02 -8.298295e+00 6.463054e+01
      vertex   1.078897e+02 -8.412035e+00 6.468550e+01
      vertex   1.077632e+02 -8.630608e+00 6.471362e+01
    endloop
  endfacet
  facet normal 8.635729e-01 -4.801992e-01 1.537874e-01
    outer loop
      vertex   1.077632e+02 -8.630608e+00 6.471362e+01
      vertex   1.078897e+02 -8.412035e+00 6.468550e+01
      vertex   1.077621e+02 -8.529400e+00 6.503593e+01
    endloop
  endfacet
  facet normal 8.418037e-01 -5.141482e-01 1.643724e-01
    outer loop
      vertex   1.077632e+02 -8.630608e+00 6.471362e+01
      vertex   1.077621e+02 -8.529400e+00 6.503593e+01
      vertex   1.076065e+02 -8.835551e+00 6.487508e+01
    endloop
  endfacet
  facet normal 8.227509e-01 -5.282948e-01 2.097272e-01
    outer loop
      vertex   1.076065e+02 -8.835551e+00 6.487508e+01
      vertex   1.077621e+02 -8.529400e+00 6.503593e+01
      vertex   1.074532e+02 -8.938793e+00 6.521632e+01
    endloop
  endfacet
  facet normal 8.870720e-01 -4.363361e-01 1.507122e-01
    outer loop
      vertex   1.078897e+02 -8.412035e+00 6.468550e+01
      vertex   1.079550e+02 -8.298295e+00 6.463054e+01
      vertex   1.080210e+02 -8.091685e+00 6.484024e+01
    endloop
  endfacet
  facet normal 9.080922e-01 -4.035679e-01 1.118099e-01
    outer loop
      vertex   1.080210e+02 -8.091685e+00 6.484024e+01
      vertex   1.079550e+02 -8.298295e+00 6.463054e+01
      vertex   1.081194e+02 -7.952405e+00 6.454407e+01
    endloop
  endfacet
  facet normal 9.239394e-01 -3.562677e-01 1.393171e-01
    outer loop
      vertex   1.080210e+02 -8.091685e+00 6.484024e+01
      vertex   1.081194e+02 -7.952405e+00 6.454407e+01
      vertex   1.081263e+02 -7.759856e+00 6.499061e+01
    endloop
  endfacet
  facet normal 9.283162e-01 -3.464155e-01 1.350010e-01
    outer loop
      vertex   1.081263e+02 -7.759856e+00 6.499061e+01
      vertex   1.081194e+02 -7.952405e+00 6.454407e+01
      vertex   1.082262e+02 -7.630166e+00 6.463653e+01
    endloop
  endfacet
  facet normal 9.444204e-01 -2.862998e-01 1.615626e-01
    outer loop
      vertex   1.081263e+02 -7.759856e+00 6.499061e+01
      vertex   1.082262e+02 -7.630166e+00 6.463653e+01
      vertex   1.083039e+02 -7.290037e+00 6.478513e+01
    endloop
  endfacet
  facet normal 9.591033e-01 -2.638475e-01 1.024957e-01
    outer loop
      vertex   1.083039e+02 -7.290037e+00 6.478513e+01
      vertex   1.082262e+02 -7.630166e+00 6.463653e+01
      vertex   1.082553e+02 -7.595071e+00 6.445474e+01
    endloop
  endfacet
  facet normal 9.620255e-01 -2.559710e-01 9.479377e-02
    outer loop
      vertex   1.083039e+02 -7.290037e+00 6.478513e+01
      vertex   1.082553e+02 -7.595071e+00 6.445474e+01
      vertex   1.083618e+02 -7.228494e+00 6.436309e+01
    endloop
  endfacet
  facet normal 9.381904e-01 -3.354366e-01 8.532940e-02
    outer loop
      vertex   1.081194e+02 -7.952405e+00 6.454407e+01
      vertex   1.082553e+02 -7.595071e+00 6.445474e+01
      vertex   1.082262e+02 -7.630166e+00 6.463653e+01
    endloop
  endfacet
  facet normal 9.644131e-01 -2.461390e-01 9.655544e-02
    outer loop
      vertex   1.083039e+02 -7.290037e+00 6.478513e+01
      vertex   1.083618e+02 -7.228494e+00 6.436309e+01
      vertex   1.083750e+02 -7.149934e+00 6.443225e+01
    endloop
  endfacet
  facet normal 9.806774e-01 -1.928414e-01 3.292386e-02
    outer loop
      vertex   1.083750e+02 -7.149934e+00 6.443225e+01
      vertex   1.083618e+02 -7.228494e+00 6.436309e+01
      vertex   1.084384e+02 -6.854937e+00 6.426970e+01
    endloop
  endfacet
  facet normal 9.825336e-01 -1.712023e-01 7.292060e-02
    outer loop
      vertex   1.083750e+02 -7.149934e+00 6.443225e+01
      vertex   1.084384e+02 -6.854937e+00 6.426970e+01
      vertex   1.084239e+02 -6.805130e+00 6.458232e+01
    endloop
  endfacet
  facet normal 9.897904e-01 -1.262765e-01 6.609989e-02
    outer loop
      vertex   1.084239e+02 -6.805130e+00 6.458232e+01
      vertex   1.084384e+02 -6.854937e+00 6.426970e+01
      vertex   1.084661e+02 -6.656565e+00 6.423486e+01
    endloop
  endfacet
  facet normal 9.924109e-01 -9.272448e-02 8.076410e-02
    outer loop
      vertex   1.084239e+02 -6.805130e+00 6.458232e+01
      vertex   1.084661e+02 -6.656565e+00 6.423486e+01
      vertex   1.084858e+02 -6.310897e+00 6.438956e+01
    endloop
  endfacet
  facet normal 9.948323e-01 -8.293207e-02 5.857453e-02
    outer loop
      vertex   1.084858e+02 -6.310897e+00 6.438956e+01
      vertex   1.084661e+02 -6.656565e+00 6.423486e+01
      vertex   1.084846e+02 -6.476700e+00 6.417515e+01
    endloop
  endfacet
  facet normal 9.592999e-01 -1.728601e-01 -2.233006e-01
    outer loop
      vertex   1.084384e+02 -6.854937e+00 6.426970e+01
      vertex   1.084846e+02 -6.476700e+00 6.417515e+01
      vertex   1.084661e+02 -6.656565e+00 6.423486e+01
    endloop
  endfacet
  facet normal 9.924109e-01 -9.272448e-02 8.076410e-02
    outer loop
      vertex   1.084858e+02 -6.310897e+00 6.438956e+01
      vertex   1.084445e+02 -6.456247e+00 6.472949e+01
      vertex   1.084239e+02 -6.805130e+00 6.458232e+01
    endloop
  endfacet
  facet normal 9.813019e-01 -1.211059e-01 1.495995e-01
    outer loop
      vertex   1.084239e+02 -6.805130e+00 6.458232e+01
      vertex   1.084445e+02 -6.456247e+00 6.472949e+01
      vertex   1.083539e+02 -6.943041e+00 6.492967e+01
    endloop
  endfacet
  facet normal 9.742136e-01 -1.907395e-01 1.205250e-01
    outer loop
      vertex   1.084239e+02 -6.805130e+00 6.458232e+01
      vertex   1.083539e+02 -6.943041e+00 6.492967e+01
      vertex   1.083039e+02 -7.290037e+00 6.478513e+01
    endloop
  endfacet
  facet normal 9.573213e-01 -2.174222e-01 1.904299e-01
    outer loop
      vertex   1.083039e+02 -7.290037e+00 6.478513e+01
      vertex   1.083539e+02 -6.943041e+00 6.492967e+01
      vertex   1.082050e+02 -7.418457e+00 6.513574e+01
    endloop
  endfacet
  facet normal 9.444204e-01 -2.862998e-01 1.615626e-01
    outer loop
      vertex   1.083039e+02 -7.290037e+00 6.478513e+01
      vertex   1.082050e+02 -7.418457e+00 6.513574e+01
      vertex   1.081263e+02 -7.759856e+00 6.499061e+01
    endloop
  endfacet
  facet normal 9.217716e-01 -3.108943e-01 2.316935e-01
    outer loop
      vertex   1.081263e+02 -7.759856e+00 6.499061e+01
      vertex   1.082050e+02 -7.418457e+00 6.513574e+01
      vertex   1.079989e+02 -7.876951e+00 6.534023e+01
    endloop
  endfacet
  facet normal 9.032895e-01 -3.782962e-01 2.023860e-01
    outer loop
      vertex   1.081263e+02 -7.759856e+00 6.499061e+01
      vertex   1.079989e+02 -7.876951e+00 6.534023e+01
      vertex   1.078931e+02 -8.209253e+00 6.519127e+01
    endloop
  endfacet
  facet normal 8.750455e-01 -4.004615e-01 2.718934e-01
    outer loop
      vertex   1.078931e+02 -8.209253e+00 6.519127e+01
      vertex   1.079989e+02 -7.876951e+00 6.534023e+01
      vertex   1.077384e+02 -8.313454e+00 6.553568e+01
    endloop
  endfacet
  facet normal 8.513431e-01 -4.657154e-01 2.415039e-01
    outer loop
      vertex   1.078931e+02 -8.209253e+00 6.519127e+01
      vertex   1.077384e+02 -8.313454e+00 6.553568e+01
      vertex   1.076076e+02 -8.633421e+00 6.537974e+01
    endloop
  endfacet
  facet normal 8.177959e-01 -4.851670e-01 3.095526e-01
    outer loop
      vertex   1.076076e+02 -8.633421e+00 6.537974e+01
      vertex   1.077384e+02 -8.313454e+00 6.553568e+01
      vertex   1.074274e+02 -8.723459e+00 6.571481e+01
    endloop
  endfacet
  facet normal 7.893579e-01 -5.476570e-01 2.774632e-01
    outer loop
      vertex   1.076076e+02 -8.633421e+00 6.537974e+01
      vertex   1.074274e+02 -8.723459e+00 6.571481e+01
      vertex   1.072743e+02 -9.028158e+00 6.554889e+01
    endloop
  endfacet
  facet normal 7.509234e-01 -5.641739e-01 3.432519e-01
    outer loop
      vertex   1.072743e+02 -9.028158e+00 6.554889e+01
      vertex   1.074274e+02 -8.723459e+00 6.571481e+01
      vertex   1.070709e+02 -9.103096e+00 6.587075e+01
    endloop
  endfacet
  facet normal 7.183491e-01 -6.233487e-01 3.088867e-01
    outer loop
      vertex   1.072743e+02 -9.028158e+00 6.554889e+01
      vertex   1.070709e+02 -9.103096e+00 6.587075e+01
      vertex   1.068988e+02 -9.389933e+00 6.569210e+01
    endloop
  endfacet
  facet normal 6.755569e-01 -6.367782e-01 3.716670e-01
    outer loop
      vertex   1.068988e+02 -9.389933e+00 6.569210e+01
      vertex   1.070709e+02 -9.103096e+00 6.587075e+01
      vertex   1.066751e+02 -9.449186e+00 6.599718e+01
    endloop
  endfacet
  facet normal 6.395487e-01 -6.921572e-01 3.345084e-01
    outer loop
      vertex   1.068988e+02 -9.389933e+00 6.569210e+01
      vertex   1.066751e+02 -9.449186e+00 6.599718e+01
      vertex   1.064878e+02 -9.715938e+00 6.580339e+01
    endloop
  endfacet
  facet normal 5.930300e-01 -7.024189e-01 3.936028e-01
    outer loop
      vertex   1.064878e+02 -9.715938e+00 6.580339e+01
      vertex   1.066751e+02 -9.449186e+00 6.599718e+01
      vertex   1.062472e+02 -9.759289e+00 6.608849e+01
    endloop
  endfacet
  facet normal 5.543797e-01 -7.535966e-01 3.532071e-01
    outer loop
      vertex   1.064878e+02 -9.715938e+00 6.580339e+01
      vertex   1.062472e+02 -9.759289e+00 6.608849e+01
      vertex   1.060488e+02 -1.000412e+01 6.587756e+01
    endloop
  endfacet
  facet normal 5.048519e-01 -7.606842e-01 4.080247e-01
    outer loop
      vertex   1.060488e+02 -1.000412e+01 6.587756e+01
      vertex   1.062472e+02 -9.759289e+00 6.608849e+01
      vertex   1.057951e+02 -1.003172e+01 6.613997e+01
    endloop
  endfacet
  facet normal 4.644241e-01 -8.073340e-01 3.640359e-01
    outer loop
      vertex   1.060488e+02 -1.000412e+01 6.587756e+01
      vertex   1.057951e+02 -1.003172e+01 6.613997e+01
      vertex   1.055901e+02 -1.025320e+01 6.591037e+01
    endloop
  endfacet
  facet normal 4.126742e-01 -8.113153e-01 4.140864e-01
    outer loop
      vertex   1.055901e+02 -1.025320e+01 6.591037e+01
      vertex   1.057951e+02 -1.003172e+01 6.613997e+01
      vertex   1.053274e+02 -1.026558e+01 6.614793e+01
    endloop
  endfacet
  facet normal 3.713887e-01 -8.531901e-01 3.662472e-01
    outer loop
      vertex   1.055901e+02 -1.025320e+01 6.591037e+01
      vertex   1.053274e+02 -1.026558e+01 6.614793e+01
      vertex   1.051205e+02 -1.046266e+01 6.589863e+01
    endloop
  endfacet
  facet normal 3.182545e-01 -8.542056e-01 4.111530e-01
    outer loop
      vertex   1.051205e+02 -1.046266e+01 6.589863e+01
      vertex   1.053274e+02 -1.026558e+01 6.614793e+01
      vertex   1.048530e+02 -1.046070e+01 6.610974e+01
    endloop
  endfacet
  facet normal 2.770667e-01 -8.911381e-01 3.593145e-01
    outer loop
      vertex   1.051205e+02 -1.046266e+01 6.589863e+01
      vertex   1.048530e+02 -1.046070e+01 6.610974e+01
      vertex   1.046490e+02 -1.063276e+01 6.584031e+01
    endloop
  endfacet
  facet normal 2.234170e-01 -8.893977e-01 3.988190e-01
    outer loop
      vertex   1.046490e+02 -1.063276e+01 6.584031e+01
      vertex   1.048530e+02 -1.046070e+01 6.610974e+01
      vertex   1.043812e+02 -1.061766e+01 6.602400e+01
    endloop
  endfacet
  facet normal 1.832979e-01 -9.212977e-01 3.429468e-01
    outer loop
      vertex   1.046490e+02 -1.063276e+01 6.584031e+01
      vertex   1.043812e+02 -1.061766e+01 6.602400e+01
      vertex   1.041850e+02 -1.076444e+01 6.573456e+01
    endloop
  endfacet
  facet normal 1.300119e-01 -9.170754e-01 3.769212e-01
    outer loop
      vertex   1.041850e+02 -1.076444e+01 6.573456e+01
      vertex   1.043812e+02 -1.061766e+01 6.602400e+01
      vertex   1.039212e+02 -1.073773e+01 6.589052e+01
    endloop
  endfacet
  facet normal 9.192713e-02 -9.439267e-01 3.170989e-01
    outer loop
      vertex   1.041850e+02 -1.076444e+01 6.573456e+01
      vertex   1.039212e+02 -1.073773e+01 6.589052e+01
      vertex   1.037376e+02 -1.085933e+01 6.558179e+01
    endloop
  endfacet
  facet normal 3.987360e-02 -9.375547e-01 3.455448e-01
    outer loop
      vertex   1.037376e+02 -1.085933e+01 6.558179e+01
      vertex   1.039212e+02 -1.073773e+01 6.589052e+01
      vertex   1.036486e+02 -1.069878e+01 6.602768e+01
    endloop
  endfacet
  facet normal 9.827530e-01 -5.077229e-02 1.778164e-01
    outer loop
      vertex   1.084445e+02 -6.456247e+00 6.472949e+01
      vertex   1.084367e+02 -6.105292e+00 6.487293e+01
      vertex   1.083761e+02 -6.591173e+00 6.506933e+01
    endloop
  endfacet
  facet normal 9.827530e-01 -5.077229e-02 1.778164e-01
    outer loop
      vertex   1.083761e+02 -6.591173e+00 6.506933e+01
      vertex   1.084367e+02 -6.105292e+00 6.487293e+01
      vertex   1.083702e+02 -6.236457e+00 6.520329e+01
    endloop
  endfacet
  facet normal 9.665841e-01 -7.631223e-02 2.447275e-01
    outer loop
      vertex   1.083761e+02 -6.591173e+00 6.506933e+01
      vertex   1.083702e+02 -6.236457e+00 6.520329e+01
      vertex   1.082808e+02 -6.714847e+00 6.540699e+01
    endloop
  endfacet
  facet normal 9.742136e-01 -1.907395e-01 1.205250e-01
    outer loop
      vertex   1.083039e+02 -7.290037e+00 6.478513e+01
      vertex   1.083750e+02 -7.149934e+00 6.443225e+01
      vertex   1.084239e+02 -6.805130e+00 6.458232e+01
    endloop
  endfacet
  facet normal 9.813019e-01 -1.211059e-01 1.495995e-01
    outer loop
      vertex   1.084445e+02 -6.456247e+00 6.472949e+01
      vertex   1.083761e+02 -6.591173e+00 6.506933e+01
      vertex   1.083539e+02 -6.943041e+00 6.492967e+01
    endloop
  endfacet
  facet normal 9.647236e-01 -1.472925e-01 2.182046e-01
    outer loop
      vertex   1.083539e+02 -6.943041e+00 6.492967e+01
      vertex   1.083761e+02 -6.591173e+00 6.506933e+01
      vertex   1.082566e+02 -7.069451e+00 6.527480e+01
    endloop
  endfacet
  facet normal 9.573213e-01 -2.174222e-01 1.904299e-01
    outer loop
      vertex   1.083539e+02 -6.943041e+00 6.492967e+01
      vertex   1.082566e+02 -7.069451e+00 6.527480e+01
      vertex   1.082050e+02 -7.418457e+00 6.513574e+01
    endloop
  endfacet
  facet normal 9.349598e-01 -2.417047e-01 2.596711e-01
    outer loop
      vertex   1.082050e+02 -7.418457e+00 6.513574e+01
      vertex   1.082566e+02 -7.069451e+00 6.527480e+01
      vertex   1.080789e+02 -7.534405e+00 6.548194e+01
    endloop
  endfacet
  facet normal 9.217716e-01 -3.108943e-01 2.316935e-01
    outer loop
      vertex   1.082050e+02 -7.418457e+00 6.513574e+01
      vertex   1.080789e+02 -7.534405e+00 6.548194e+01
      vertex   1.079989e+02 -7.876951e+00 6.534023e+01
    endloop
  endfacet
  facet normal 8.937223e-01 -3.329067e-01 3.007217e-01
    outer loop
      vertex   1.079989e+02 -7.876951e+00 6.534023e+01
      vertex   1.080789e+02 -7.534405e+00 6.548194e+01
      vertex   1.078449e+02 -7.980732e+00 6.568325e+01
    endloop
  endfacet
  facet normal 8.750455e-01 -4.004615e-01 2.718934e-01
    outer loop
      vertex   1.079989e+02 -7.876951e+00 6.534023e+01
      vertex   1.078449e+02 -7.980732e+00 6.568325e+01
      vertex   1.077384e+02 -8.313454e+00 6.553568e+01
    endloop
  endfacet
  facet normal 8.415369e-01 -4.198907e-01 3.398639e-01
    outer loop
      vertex   1.077384e+02 -8.313454e+00 6.553568e+01
      vertex   1.078449e+02 -7.980732e+00 6.568325e+01
      vertex   1.075579e+02 -8.403648e+00 6.587134e+01
    endloop
  endfacet
  facet normal 8.177959e-01 -4.851670e-01 3.095526e-01
    outer loop
      vertex   1.077384e+02 -8.313454e+00 6.553568e+01
      vertex   1.075579e+02 -8.403648e+00 6.587134e+01
      vertex   1.074274e+02 -8.723459e+00 6.571481e+01
    endloop
  endfacet
  facet normal 7.791841e-01 -5.017600e-01 3.756449e-01
    outer loop
      vertex   1.074274e+02 -8.723459e+00 6.571481e+01
      vertex   1.075579e+02 -8.403648e+00 6.587134e+01
      vertex   1.072224e+02 -8.798962e+00 6.603911e+01
    endloop
  endfacet
  facet normal 7.509234e-01 -5.641739e-01 3.432519e-01
    outer loop
      vertex   1.074274e+02 -8.723459e+00 6.571481e+01
      vertex   1.072224e+02 -8.798962e+00 6.603911e+01
      vertex   1.070709e+02 -9.103096e+00 6.587075e+01
    endloop
  endfacet
  facet normal 7.076833e-01 -5.777440e-01 4.066894e-01
    outer loop
      vertex   1.070709e+02 -9.103096e+00 6.587075e+01
      vertex   1.072224e+02 -8.798962e+00 6.603911e+01
      vertex   1.068442e+02 -9.163147e+00 6.617994e+01
    endloop
  endfacet
  facet normal 6.755569e-01 -6.367782e-01 3.716670e-01
    outer loop
      vertex   1.070709e+02 -9.103096e+00 6.587075e+01
      vertex   1.068442e+02 -9.163147e+00 6.617994e+01
      vertex   1.066751e+02 -9.449186e+00 6.599718e+01
    endloop
  endfacet
  facet normal 6.282716e-01 -6.472090e-01 4.317352e-01
    outer loop
      vertex   1.066751e+02 -9.449186e+00 6.599718e+01
      vertex   1.068442e+02 -9.163147e+00 6.617994e+01
      vertex   1.064298e+02 -9.493387e+00 6.628786e+01
    endloop
  endfacet
  facet normal 5.930300e-01 -7.024189e-01 3.936028e-01
    outer loop
      vertex   1.066751e+02 -9.449186e+00 6.599718e+01
      vertex   1.064298e+02 -9.493387e+00 6.628786e+01
      vertex   1.062472e+02 -9.759289e+00 6.608849e+01
    endloop
  endfacet
  facet normal 5.423764e-01 -7.096675e-01 4.496663e-01
    outer loop
      vertex   1.062472e+02 -9.759289e+00 6.608849e+01
      vertex   1.064298e+02 -9.493387e+00 6.628786e+01
      vertex   1.059869e+02 -9.787611e+00 6.635773e+01
    endloop
  endfacet
  facet normal 5.048519e-01 -7.606842e-01 4.080247e-01
    outer loop
      vertex   1.062472e+02 -9.759289e+00 6.608849e+01
      vertex   1.059869e+02 -9.787611e+00 6.635773e+01
      vertex   1.057951e+02 -1.003172e+01 6.613997e+01
    endloop
  endfacet
  facet normal 4.515851e-01 -7.647822e-01 4.595423e-01
    outer loop
      vertex   1.057951e+02 -1.003172e+01 6.613997e+01
      vertex   1.059869e+02 -9.787611e+00 6.635773e+01
      vertex   1.055238e+02 -1.004451e+01 6.638532e+01
    endloop
  endfacet
  facet normal 4.126742e-01 -8.113153e-01 4.140864e-01
    outer loop
      vertex   1.057951e+02 -1.003172e+01 6.613997e+01
      vertex   1.055238e+02 -1.004451e+01 6.638532e+01
      vertex   1.053274e+02 -1.026558e+01 6.614793e+01
    endloop
  endfacet
  facet normal 3.576095e-01 -8.123677e-01 4.606238e-01
    outer loop
      vertex   1.053274e+02 -1.026558e+01 6.614793e+01
      vertex   1.055238e+02 -1.004451e+01 6.638532e+01
      vertex   1.050492e+02 -1.026354e+01 6.636750e+01
    endloop
  endfacet
  facet normal 3.182545e-01 -8.542056e-01 4.111530e-01
    outer loop
      vertex   1.053274e+02 -1.026558e+01 6.614793e+01
      vertex   1.050492e+02 -1.026354e+01 6.636750e+01
      vertex   1.048530e+02 -1.046070e+01 6.610974e+01
    endloop
  endfacet
  facet normal 2.622478e-01 -8.523887e-01 4.523931e-01
    outer loop
      vertex   1.048530e+02 -1.046070e+01 6.610974e+01
      vertex   1.050492e+02 -1.026354e+01 6.636750e+01
      vertex   1.045723e+02 -1.044488e+01 6.630226e+01
    endloop
  endfacet
  facet normal 2.234170e-01 -8.893977e-01 3.988190e-01
    outer loop
      vertex   1.048530e+02 -1.046070e+01 6.610974e+01
      vertex   1.045723e+02 -1.044488e+01 6.630226e+01
      vertex   1.043812e+02 -1.061766e+01 6.602400e+01
    endloop
  endfacet
  facet normal 1.673450e-01 -8.849546e-01 4.345698e-01
    outer loop
      vertex   1.043812e+02 -1.061766e+01 6.602400e+01
      vertex   1.045723e+02 -1.044488e+01 6.630226e+01
      vertex   1.041024e+02 -1.058944e+01 6.618883e+01
    endloop
  endfacet
  facet normal 1.300119e-01 -9.170754e-01 3.769212e-01
    outer loop
      vertex   1.043812e+02 -1.061766e+01 6.602400e+01
      vertex   1.041024e+02 -1.058944e+01 6.618883e+01
      vertex   1.039212e+02 -1.073773e+01 6.589052e+01
    endloop
  endfacet
  facet normal 7.475103e-02 -9.103108e-01 4.071198e-01
    outer loop
      vertex   1.039212e+02 -1.073773e+01 6.589052e+01
      vertex   1.041024e+02 -1.058944e+01 6.618883e+01
      vertex   1.036486e+02 -1.069878e+01 6.602768e+01
    endloop
  endfacet
  facet normal 9.647236e-01 -1.472925e-01 2.182046e-01
    outer loop
      vertex   1.082566e+02 -7.069451e+00 6.527480e+01
      vertex   1.083761e+02 -6.591173e+00 6.506933e+01
      vertex   1.082808e+02 -6.714847e+00 6.540699e+01
    endloop
  endfacet
  facet normal 9.164682e-01 -4.756473e-02 3.972702e-01
    outer loop
      vertex   1.081595e+02 -6.465235e+00 6.585565e+01
      vertex   1.081328e+02 -6.101835e+00 6.596070e+01
      vertex   1.080167e+02 -6.561443e+00 6.617364e+01
    endloop
  endfacet
  facet normal 9.164682e-01 -4.756473e-02 3.972702e-01
    outer loop
      vertex   1.080167e+02 -6.561443e+00 6.617364e+01
      vertex   1.081328e+02 -6.101835e+00 6.596070e+01
      vertex   1.079949e+02 -6.194732e+00 6.626774e+01
    endloop
  endfacet
  facet normal 8.859969e-01 -6.523287e-02 4.590797e-01
    outer loop
      vertex   1.080167e+02 -6.561443e+00 6.617364e+01
      vertex   1.079949e+02 -6.194732e+00 6.626774e+01
      vertex   1.078499e+02 -6.644719e+00 6.648355e+01
    endloop
  endfacet
  facet normal 8.859969e-01 -6.523287e-02 4.590797e-01
    outer loop
      vertex   1.078499e+02 -6.644719e+00 6.648355e+01
      vertex   1.079949e+02 -6.194732e+00 6.626774e+01
      vertex   1.078339e+02 -6.275141e+00 6.656698e+01
    endloop
  endfacet
  facet normal 8.509252e-01 -8.030457e-02 5.191121e-01
    outer loop
      vertex   1.078499e+02 -6.644719e+00 6.648355e+01
      vertex   1.078339e+02 -6.275141e+00 6.656698e+01
      vertex   1.076604e+02 -6.714552e+00 6.678349e+01
    endloop
  endfacet
  facet normal 8.509252e-01 -8.030457e-02 5.191121e-01
    outer loop
      vertex   1.076604e+02 -6.714552e+00 6.678349e+01
      vertex   1.078339e+02 -6.275141e+00 6.656698e+01
      vertex   1.076509e+02 -6.342569e+00 6.685659e+01
    endloop
  endfacet
  facet normal 8.114685e-01 -9.268732e-02 5.769991e-01
    outer loop
      vertex   1.076604e+02 -6.714552e+00 6.678349e+01
      vertex   1.076509e+02 -6.342569e+00 6.685659e+01
      vertex   1.074491e+02 -6.770512e+00 6.707161e+01
    endloop
  endfacet
  facet normal 8.114685e-01 -9.268732e-02 5.769991e-01
    outer loop
      vertex   1.074491e+02 -6.770512e+00 6.707161e+01
      vertex   1.076509e+02 -6.342569e+00 6.685659e+01
      vertex   1.074469e+02 -6.396602e+00 6.713479e+01
    endloop
  endfacet
  facet normal 7.678687e-01 -1.023051e-01 6.323854e-01
    outer loop
      vertex   1.074491e+02 -6.770512e+00 6.707161e+01
      vertex   1.074469e+02 -6.396602e+00 6.713479e+01
      vertex   1.072175e+02 -6.812256e+00 6.734614e+01
    endloop
  endfacet
  facet normal 7.678687e-01 -1.023051e-01 6.323854e-01
    outer loop
      vertex   1.072175e+02 -6.812256e+00 6.734614e+01
      vertex   1.074469e+02 -6.396602e+00 6.713479e+01
      vertex   1.072232e+02 -6.436909e+00 6.739987e+01
    endloop
  endfacet
  facet normal 7.203936e-01 -1.090989e-01 6.849310e-01
    outer loop
      vertex   1.072175e+02 -6.812256e+00 6.734614e+01
      vertex   1.072232e+02 -6.436909e+00 6.739987e+01
      vertex   1.069668e+02 -6.839528e+00 6.760540e+01
    endloop
  endfacet
  facet normal 7.203936e-01 -1.090989e-01 6.849310e-01
    outer loop
      vertex   1.069668e+02 -6.839528e+00 6.760540e+01
      vertex   1.072232e+02 -6.436909e+00 6.739987e+01
      vertex   1.069812e+02 -6.463242e+00 6.765021e+01
    endloop
  endfacet
  facet normal 6.693346e-01 -1.130271e-01 7.343133e-01
    outer loop
      vertex   1.069668e+02 -6.839528e+00 6.760540e+01
      vertex   1.069812e+02 -6.463242e+00 6.765021e+01
      vertex   1.066988e+02 -6.852160e+00 6.784780e+01
    endloop
  endfacet
  facet normal 6.693346e-01 -1.130271e-01 7.343133e-01
    outer loop
      vertex   1.066988e+02 -6.852160e+00 6.784780e+01
      vertex   1.069812e+02 -6.463242e+00 6.765021e+01
      vertex   1.067224e+02 -6.475440e+00 6.788426e+01
    endloop
  endfacet
  facet normal 6.150049e-01 -1.140654e-01 7.802294e-01
    outer loop
      vertex   1.066988e+02 -6.852160e+00 6.784780e+01
      vertex   1.067224e+02 -6.475440e+00 6.788426e+01
      vertex   1.064149e+02 -6.850076e+00 6.807185e+01
    endloop
  endfacet
  facet normal 9.427779e-01 -1.711234e-01 2.861583e-01
    outer loop
      vertex   1.082566e+02 -7.069451e+00 6.527480e+01
      vertex   1.082808e+02 -6.714847e+00 6.540699e+01
      vertex   1.081324e+02 -7.183585e+00 6.561558e+01
    endloop
  endfacet
  facet normal 9.349598e-01 -2.417047e-01 2.596711e-01
    outer loop
      vertex   1.082566e+02 -7.069451e+00 6.527480e+01
      vertex   1.081324e+02 -7.183585e+00 6.561558e+01
      vertex   1.080789e+02 -7.534405e+00 6.548194e+01
    endloop
  endfacet
  facet normal 9.072663e-01 -2.634378e-01 3.278235e-01
    outer loop
      vertex   1.080789e+02 -7.534405e+00 6.548194e+01
      vertex   1.081324e+02 -7.183585e+00 6.561558e+01
      vertex   1.079263e+02 -7.637169e+00 6.582160e+01
    endloop
  endfacet
  facet normal 8.937223e-01 -3.329067e-01 3.007217e-01
    outer loop
      vertex   1.080789e+02 -7.534405e+00 6.548194e+01
      vertex   1.079263e+02 -7.637169e+00 6.582160e+01
      vertex   1.078449e+02 -7.980732e+00 6.568325e+01
    endloop
  endfacet
  facet normal 8.604448e-01 -3.522020e-01 3.682235e-01
    outer loop
      vertex   1.078449e+02 -7.980732e+00 6.568325e+01
      vertex   1.079263e+02 -7.637169e+00 6.582160e+01
      vertex   1.076650e+02 -8.070563e+00 6.601756e+01
    endloop
  endfacet
  facet normal 8.415369e-01 -4.198907e-01 3.398639e-01
    outer loop
      vertex   1.078449e+02 -7.980732e+00 6.568325e+01
      vertex   1.076650e+02 -8.070563e+00 6.601756e+01
      vertex   1.075579e+02 -8.403648e+00 6.587134e+01
    endloop
  endfacet
  facet normal 8.029694e-01 -4.364647e-01 4.058802e-01
    outer loop
      vertex   1.075579e+02 -8.403648e+00 6.587134e+01
      vertex   1.076650e+02 -8.070563e+00 6.601756e+01
      vertex   1.073526e+02 -8.479281e+00 6.619619e+01
    endloop
  endfacet
  facet normal 7.791841e-01 -5.017600e-01 3.756449e-01
    outer loop
      vertex   1.075579e+02 -8.403648e+00 6.587134e+01
      vertex   1.073526e+02 -8.479281e+00 6.619619e+01
      vertex   1.072224e+02 -8.798962e+00 6.603911e+01
    endloop
  endfacet
  facet normal 7.357444e-01 -5.153927e-01 4.393751e-01
    outer loop
      vertex   1.072224e+02 -8.798962e+00 6.603911e+01
      vertex   1.073526e+02 -8.479281e+00 6.619619e+01
      vertex   1.069940e+02 -8.859466e+00 6.635062e+01
    endloop
  endfacet
  facet normal 7.076833e-01 -5.777440e-01 4.066894e-01
    outer loop
      vertex   1.072224e+02 -8.798962e+00 6.603911e+01
      vertex   1.069940e+02 -8.859466e+00 6.635062e+01
      vertex   1.068442e+02 -9.163147e+00 6.617994e+01
    endloop
  endfacet
  facet normal 6.599030e-01 -5.882840e-01 4.673863e-01
    outer loop
      vertex   1.068442e+02 -9.163147e+00 6.617994e+01
      vertex   1.069940e+02 -8.859466e+00 6.635062e+01
      vertex   1.065956e+02 -9.207943e+00 6.647454e+01
    endloop
  endfacet
  facet normal 6.282716e-01 -6.472090e-01 4.317352e-01
    outer loop
      vertex   1.068442e+02 -9.163147e+00 6.617994e+01
      vertex   1.065956e+02 -9.207943e+00 6.647454e+01
      vertex   1.064298e+02 -9.493387e+00 6.628786e+01
    endloop
  endfacet
  facet normal 5.767833e-01 -6.545772e-01 4.887226e-01
    outer loop
      vertex   1.064298e+02 -9.493387e+00 6.628786e+01
      vertex   1.065956e+02 -9.207943e+00 6.647454e+01
      vertex   1.061645e+02 -9.522264e+00 6.656238e+01
    endloop
  endfacet
  facet normal 5.423764e-01 -7.096675e-01 4.496663e-01
    outer loop
      vertex   1.064298e+02 -9.493387e+00 6.628786e+01
      vertex   1.061645e+02 -9.522264e+00 6.656238e+01
      vertex   1.059869e+02 -9.787611e+00 6.635773e+01
    endloop
  endfacet
  facet normal 4.878989e-01 -7.138587e-01 5.023549e-01
    outer loop
      vertex   1.059869e+02 -9.787611e+00 6.635773e+01
      vertex   1.061645e+02 -9.522264e+00 6.656238e+01
      vertex   1.057085e+02 -9.800730e+00 6.660946e+01
    endloop
  endfacet
  facet normal 4.515851e-01 -7.647822e-01 4.595423e-01
    outer loop
      vertex   1.059869e+02 -9.787611e+00 6.635773e+01
      vertex   1.057085e+02 -9.800730e+00 6.660946e+01
      vertex   1.055238e+02 -1.004451e+01 6.638532e+01
    endloop
  endfacet
  facet normal 3.949064e-01 -7.658654e-01 5.074437e-01
    outer loop
      vertex   1.055238e+02 -1.004451e+01 6.638532e+01
      vertex   1.057085e+02 -9.800730e+00 6.660946e+01
      vertex   1.052365e+02 -1.004240e+01 6.661210e+01
    endloop
  endfacet
  facet normal 3.576095e-01 -8.123677e-01 4.606238e-01
    outer loop
      vertex   1.055238e+02 -1.004451e+01 6.638532e+01
      vertex   1.052365e+02 -1.004240e+01 6.661210e+01
      vertex   1.050492e+02 -1.026354e+01 6.636750e+01
    endloop
  endfacet
  facet normal 2.995679e-01 -8.104847e-01 5.033623e-01
    outer loop
      vertex   1.050492e+02 -1.026354e+01 6.636750e+01
      vertex   1.052365e+02 -1.004240e+01 6.661210e+01
      vertex   1.047572e+02 -1.024708e+01 6.656774e+01
    endloop
  endfacet
  facet normal 2.622478e-01 -8.523887e-01 4.523931e-01
    outer loop
      vertex   1.050492e+02 -1.026354e+01 6.636750e+01
      vertex   1.047572e+02 -1.024708e+01 6.656774e+01
      vertex   1.045723e+02 -1.044488e+01 6.630226e+01
    endloop
  endfacet
  facet normal 2.037124e-01 -8.477505e-01 4.897146e-01
    outer loop
      vertex   1.045723e+02 -1.044488e+01 6.630226e+01
      vertex   1.047572e+02 -1.024708e+01 6.656774e+01
      vertex   1.042801e+02 -1.041530e+01 6.647501e+01
    endloop
  endfacet
  facet normal 1.673450e-01 -8.849546e-01 4.345698e-01
    outer loop
      vertex   1.045723e+02 -1.044488e+01 6.630226e+01
      vertex   1.042801e+02 -1.041530e+01 6.647501e+01
      vertex   1.041024e+02 -1.058944e+01 6.618883e+01
    endloop
  endfacet
  facet normal 1.091949e-01 -8.778364e-01 4.663473e-01
    outer loop
      vertex   1.041024e+02 -1.058944e+01 6.618883e+01
      vertex   1.042801e+02 -1.041530e+01 6.647501e+01
      vertex   1.038143e+02 -1.054827e+01 6.633379e+01
    endloop
  endfacet
  facet normal 7.475103e-02 -9.103108e-01 4.071198e-01
    outer loop
      vertex   1.041024e+02 -1.058944e+01 6.618883e+01
      vertex   1.038143e+02 -1.054827e+01 6.633379e+01
      vertex   1.036486e+02 -1.069878e+01 6.602768e+01
    endloop
  endfacet
  facet normal 9.032895e-01 -3.782962e-01 2.023860e-01
    outer loop
      vertex   1.080210e+02 -8.091685e+00 6.484024e+01
      vertex   1.081263e+02 -7.759856e+00 6.499061e+01
      vertex   1.078931e+02 -8.209253e+00 6.519127e+01
    endloop
  endfacet
  facet normal 8.796196e-01 -4.435246e-01 1.719165e-01
    outer loop
      vertex   1.078897e+02 -8.412035e+00 6.468550e+01
      vertex   1.080210e+02 -8.091685e+00 6.484024e+01
      vertex   1.077621e+02 -8.529400e+00 6.503593e+01
    endloop
  endfacet
  facet normal 8.796196e-01 -4.435246e-01 1.719165e-01
    outer loop
      vertex   1.077621e+02 -8.529400e+00 6.503593e+01
      vertex   1.080210e+02 -8.091685e+00 6.484024e+01
      vertex   1.078931e+02 -8.209253e+00 6.519127e+01
    endloop
  endfacet
  facet normal 8.513431e-01 -4.657154e-01 2.415039e-01
    outer loop
      vertex   1.077621e+02 -8.529400e+00 6.503593e+01
      vertex   1.078931e+02 -8.209253e+00 6.519127e+01
      vertex   1.076076e+02 -8.633421e+00 6.537974e+01
    endloop
  endfacet
  facet normal 8.227509e-01 -5.282948e-01 2.097272e-01
    outer loop
      vertex   1.074532e+02 -8.938793e+00 6.521632e+01
      vertex   1.077621e+02 -8.529400e+00 6.503593e+01
      vertex   1.076076e+02 -8.633421e+00 6.537974e+01
    endloop
  endfacet
  facet normal 9.186729e-01 -1.203571e-01 3.762369e-01
    outer loop
      vertex   1.081595e+02 -6.465235e+00 6.585565e+01
      vertex   1.080167e+02 -6.561443e+00 6.617364e+01
      vertex   1.080124e+02 -6.925478e+00 6.606750e+01
    endloop
  endfacet
  facet normal 8.872247e-01 -1.385917e-01 4.400281e-01
    outer loop
      vertex   1.080124e+02 -6.925478e+00 6.606750e+01
      vertex   1.080167e+02 -6.561443e+00 6.617364e+01
      vertex   1.078409e+02 -7.011142e+00 6.638630e+01
    endloop
  endfacet
  facet normal 8.833550e-01 -2.111488e-01 4.184498e-01
    outer loop
      vertex   1.080124e+02 -6.925478e+00 6.606750e+01
      vertex   1.078409e+02 -7.011142e+00 6.638630e+01
      vertex   1.078070e+02 -7.372302e+00 6.627578e+01
    endloop
  endfacet
  facet normal 8.462424e-01 -2.270975e-01 4.819756e-01
    outer loop
      vertex   1.078070e+02 -7.372302e+00 6.627578e+01
      vertex   1.078409e+02 -7.011142e+00 6.638630e+01
      vertex   1.076076e+02 -7.445726e+00 6.659114e+01
    endloop
  endfacet
  facet normal 8.365953e-01 -2.987393e-01 4.591984e-01
    outer loop
      vertex   1.078070e+02 -7.372302e+00 6.627578e+01
      vertex   1.076076e+02 -7.445726e+00 6.659114e+01
      vertex   1.075457e+02 -7.800711e+00 6.647300e+01
    endloop
  endfacet
  facet normal 7.940514e-01 -3.120908e-01 5.216145e-01
    outer loop
      vertex   1.075457e+02 -7.800711e+00 6.647300e+01
      vertex   1.076076e+02 -7.445726e+00 6.659114e+01
      vertex   1.073201e+02 -7.860484e+00 6.678076e+01
    endloop
  endfacet
  facet normal 7.790526e-01 -3.821849e-01 4.970028e-01
    outer loop
      vertex   1.075457e+02 -7.800711e+00 6.647300e+01
      vertex   1.073201e+02 -7.860484e+00 6.678076e+01
      vertex   1.072326e+02 -8.206256e+00 6.665190e+01
    endloop
  endfacet
  facet normal 7.314376e-01 -3.926884e-01 5.574898e-01
    outer loop
      vertex   1.072326e+02 -8.206256e+00 6.665190e+01
      vertex   1.073201e+02 -7.860484e+00 6.678076e+01
      vertex   1.069828e+02 -8.251286e+00 6.694804e+01
    endloop
  endfacet
  facet normal 7.116341e-01 -4.606582e-01 5.304441e-01
    outer loop
      vertex   1.072326e+02 -8.206256e+00 6.665190e+01
      vertex   1.069828e+02 -8.251286e+00 6.694804e+01
      vertex   1.068729e+02 -8.585101e+00 6.680558e+01
    endloop
  endfacet
  facet normal 6.594269e-01 -4.681292e-01 5.882272e-01
    outer loop
      vertex   1.068729e+02 -8.585101e+00 6.680558e+01
      vertex   1.069828e+02 -8.251286e+00 6.694804e+01
      vertex   1.066014e+02 -8.614639e+00 6.708638e+01
    endloop
  endfacet
  facet normal 6.354763e-01 -5.334610e-01 5.582018e-01
    outer loop
      vertex   1.068729e+02 -8.585101e+00 6.680558e+01
      vertex   1.066014e+02 -8.614639e+00 6.708638e+01
      vertex   1.064726e+02 -8.934086e+00 6.692776e+01
    endloop
  endfacet
  facet normal 5.792633e-01 -5.377856e-01 6.125689e-01
    outer loop
      vertex   1.064726e+02 -8.934086e+00 6.692776e+01
      vertex   1.066014e+02 -8.614639e+00 6.708638e+01
      vertex   1.061827e+02 -8.947745e+00 6.718984e+01
    endloop
  endfacet
  facet normal 5.519210e-01 -6.000340e-01 5.790876e-01
    outer loop
      vertex   1.064726e+02 -8.934086e+00 6.692776e+01
      vertex   1.061827e+02 -8.947745e+00 6.718984e+01
      vertex   1.060390e+02 -9.250766e+00 6.701288e+01
    endloop
  endfacet
  facet normal 4.923820e-01 -6.011719e-01 6.294063e-01
    outer loop
      vertex   1.060390e+02 -9.250766e+00 6.701288e+01
      vertex   1.061827e+02 -8.947745e+00 6.718984e+01
      vertex   1.057344e+02 -9.248529e+00 6.725331e+01
    endloop
  endfacet
  facet normal 4.624858e-01 -6.599635e-01 5.920769e-01
    outer loop
      vertex   1.060390e+02 -9.250766e+00 6.701288e+01
      vertex   1.057344e+02 -9.248529e+00 6.725331e+01
      vertex   1.055801e+02 -9.533433e+00 6.705628e+01
    endloop
  endfacet
  facet normal 4.003781e-01 -6.579486e-01 6.378095e-01
    outer loop
      vertex   1.055801e+02 -9.533433e+00 6.705628e+01
      vertex   1.057344e+02 -9.248529e+00 6.725331e+01
      vertex   1.052646e+02 -9.515657e+00 6.727263e+01
    endloop
  endfacet
  facet normal 3.688311e-01 -7.129843e-01 5.963363e-01
    outer loop
      vertex   1.055801e+02 -9.533433e+00 6.705628e+01
      vertex   1.052646e+02 -9.515657e+00 6.727263e+01
      vertex   1.051044e+02 -9.781131e+00 6.705432e+01
    endloop
  endfacet
  facet normal 3.049715e-01 -7.079243e-01 6.370523e-01
    outer loop
      vertex   1.051044e+02 -9.781131e+00 6.705432e+01
      vertex   1.052646e+02 -9.515657e+00 6.727263e+01
      vertex   1.047823e+02 -9.748532e+00 6.724472e+01
    endloop
  endfacet
  facet normal 2.727231e-01 -7.589797e-01 5.912461e-01
    outer loop
      vertex   1.051044e+02 -9.781131e+00 6.705432e+01
      vertex   1.047823e+02 -9.748532e+00 6.724472e+01
      vertex   1.046210e+02 -9.993636e+00 6.700448e+01
    endloop
  endfacet
  facet normal 2.079686e-01 -7.510529e-01 6.266328e-01
    outer loop
      vertex   1.046210e+02 -9.993636e+00 6.700448e+01
      vertex   1.047823e+02 -9.748532e+00 6.724472e+01
      vertex   1.042967e+02 -9.947280e+00 6.716769e+01
    endloop
  endfacet
  facet normal 1.759950e-01 -7.979770e-01 5.764187e-01
    outer loop
      vertex   1.046210e+02 -9.993636e+00 6.700448e+01
      vertex   1.042967e+02 -9.947280e+00 6.716769e+01
      vertex   1.041393e+02 -1.017144e+01 6.690544e+01
    endloop
  endfacet
  facet normal 1.112222e-01 -7.874289e-01 6.062882e-01
    outer loop
      vertex   1.041393e+02 -1.017144e+01 6.690544e+01
      vertex   1.042967e+02 -9.947280e+00 6.716769e+01
      vertex   1.038171e+02 -1.011271e+01 6.704082e+01
    endloop
  endfacet
  facet normal 8.050560e-02 -8.301412e-01 5.517104e-01
    outer loop
      vertex   1.041393e+02 -1.017144e+01 6.690544e+01
      vertex   1.038171e+02 -1.011271e+01 6.704082e+01
      vertex   1.036684e+02 -1.031569e+01 6.675711e+01
    endloop
  endfacet
  facet normal 8.872247e-01 -1.385917e-01 4.400281e-01
    outer loop
      vertex   1.078409e+02 -7.011142e+00 6.638630e+01
      vertex   1.080167e+02 -6.561443e+00 6.617364e+01
      vertex   1.078499e+02 -6.644719e+00 6.648355e+01
    endloop
  endfacet
  facet normal 7.563854e-01 -6.070030e-01 2.437795e-01
    outer loop
      vertex   1.070995e+02 -9.315991e+00 6.537451e+01
      vertex   1.074532e+02 -8.938793e+00 6.521632e+01
      vertex   1.072743e+02 -9.028158e+00 6.554889e+01
    endloop
  endfacet
  facet normal 7.893579e-01 -5.476570e-01 2.774632e-01
    outer loop
      vertex   1.072743e+02 -9.028158e+00 6.554889e+01
      vertex   1.074532e+02 -8.938793e+00 6.521632e+01
      vertex   1.076076e+02 -8.633421e+00 6.537974e+01
    endloop
  endfacet
  facet normal 8.510286e-01 -1.541466e-01 5.019853e-01
    outer loop
      vertex   1.078409e+02 -7.011142e+00 6.638630e+01
      vertex   1.078499e+02 -6.644719e+00 6.648355e+01
      vertex   1.076459e+02 -7.082977e+00 6.669484e+01
    endloop
  endfacet
  facet normal 8.510286e-01 -1.541466e-01 5.019853e-01
    outer loop
      vertex   1.076459e+02 -7.082977e+00 6.669484e+01
      vertex   1.078499e+02 -6.644719e+00 6.648355e+01
      vertex   1.076604e+02 -6.714552e+00 6.678349e+01
    endloop
  endfacet
  facet normal 8.103067e-01 -1.669264e-01 5.617282e-01
    outer loop
      vertex   1.076459e+02 -7.082977e+00 6.669484e+01
      vertex   1.076604e+02 -6.714552e+00 6.678349e+01
      vertex   1.074286e+02 -7.140542e+00 6.699122e+01
    endloop
  endfacet
  facet normal 8.103067e-01 -1.669264e-01 5.617282e-01
    outer loop
      vertex   1.074286e+02 -7.140542e+00 6.699122e+01
      vertex   1.076604e+02 -6.714552e+00 6.678349e+01
      vertex   1.074491e+02 -6.770512e+00 6.707161e+01
    endloop
  endfacet
  facet normal 7.653091e-01 -1.768526e-01 6.188902e-01
    outer loop
      vertex   1.074286e+02 -7.140542e+00 6.699122e+01
      vertex   1.074491e+02 -6.770512e+00 6.707161e+01
      vertex   1.071903e+02 -7.183483e+00 6.727362e+01
    endloop
  endfacet
  facet normal 7.653091e-01 -1.768526e-01 6.188902e-01
    outer loop
      vertex   1.071903e+02 -7.183483e+00 6.727362e+01
      vertex   1.074491e+02 -6.770512e+00 6.707161e+01
      vertex   1.072175e+02 -6.812256e+00 6.734614e+01
    endloop
  endfacet
  facet normal 7.163119e-01 -1.838642e-01 6.731205e-01
    outer loop
      vertex   1.071903e+02 -7.183483e+00 6.727362e+01
      vertex   1.072175e+02 -6.812256e+00 6.734614e+01
      vertex   1.069325e+02 -7.211537e+00 6.754032e+01
    endloop
  endfacet
  facet normal 7.163119e-01 -1.838642e-01 6.731205e-01
    outer loop
      vertex   1.069325e+02 -7.211537e+00 6.754032e+01
      vertex   1.072175e+02 -6.812256e+00 6.734614e+01
      vertex   1.069668e+02 -6.839528e+00 6.760540e+01
    endloop
  endfacet
  facet normal 6.636158e-01 -1.879183e-01 7.240861e-01
    outer loop
      vertex   1.069325e+02 -7.211537e+00 6.754032e+01
      vertex   1.069668e+02 -6.839528e+00 6.760540e+01
      vertex   1.066567e+02 -7.224532e+00 6.778967e+01
    endloop
  endfacet
  facet normal 6.636158e-01 -1.879183e-01 7.240861e-01
    outer loop
      vertex   1.066567e+02 -7.224532e+00 6.778967e+01
      vertex   1.069668e+02 -6.839528e+00 6.760540e+01
      vertex   1.066988e+02 -6.852160e+00 6.784780e+01
    endloop
  endfacet
  facet normal 6.075443e-01 -1.889899e-01 7.714744e-01
    outer loop
      vertex   1.066567e+02 -7.224532e+00 6.778967e+01
      vertex   1.066988e+02 -6.852160e+00 6.784780e+01
      vertex   1.063648e+02 -7.222387e+00 6.802014e+01
    endloop
  endfacet
  facet normal 6.075443e-01 -1.889899e-01 7.714744e-01
    outer loop
      vertex   1.063648e+02 -7.222387e+00 6.802014e+01
      vertex   1.066988e+02 -6.852160e+00 6.784780e+01
      vertex   1.064149e+02 -6.850076e+00 6.807185e+01
    endloop
  endfacet
  facet normal 5.484415e-01 -1.870726e-01 8.149944e-01
    outer loop
      vertex   1.063648e+02 -7.222387e+00 6.802014e+01
      vertex   1.064149e+02 -6.850076e+00 6.807185e+01
      vertex   1.060583e+02 -7.205117e+00 6.823032e+01
    endloop
  endfacet
  facet normal 6.816472e-01 -6.789454e-01 2.727458e-01
    outer loop
      vertex   1.067072e+02 -9.657823e+00 6.550417e+01
      vertex   1.070995e+02 -9.315991e+00 6.537451e+01
      vertex   1.068988e+02 -9.389933e+00 6.569210e+01
    endloop
  endfacet
  facet normal 7.183491e-01 -6.233487e-01 3.088867e-01
    outer loop
      vertex   1.068988e+02 -9.389933e+00 6.569210e+01
      vertex   1.070995e+02 -9.315991e+00 6.537451e+01
      vertex   1.072743e+02 -9.028158e+00 6.554889e+01
    endloop
  endfacet
  facet normal 8.462424e-01 -2.270975e-01 4.819756e-01
    outer loop
      vertex   1.078409e+02 -7.011142e+00 6.638630e+01
      vertex   1.076459e+02 -7.082977e+00 6.669484e+01
      vertex   1.076076e+02 -7.445726e+00 6.659114e+01
    endloop
  endfacet
  facet normal 8.044896e-01 -2.402008e-01 5.432311e-01
    outer loop
      vertex   1.076076e+02 -7.445726e+00 6.659114e+01
      vertex   1.076459e+02 -7.082977e+00 6.669484e+01
      vertex   1.073855e+02 -7.504564e+00 6.689408e+01
    endloop
  endfacet
  facet normal 7.940514e-01 -3.120908e-01 5.216145e-01
    outer loop
      vertex   1.076076e+02 -7.445726e+00 6.659114e+01
      vertex   1.073855e+02 -7.504564e+00 6.689408e+01
      vertex   1.073201e+02 -7.860484e+00 6.678076e+01
    endloop
  endfacet
  facet normal 7.470404e-01 -3.224611e-01 5.813342e-01
    outer loop
      vertex   1.073201e+02 -7.860484e+00 6.678076e+01
      vertex   1.073855e+02 -7.504564e+00 6.689408e+01
      vertex   1.070726e+02 -7.905073e+00 6.707399e+01
    endloop
  endfacet
  facet normal 7.314376e-01 -3.926884e-01 5.574898e-01
    outer loop
      vertex   1.073201e+02 -7.860484e+00 6.678076e+01
      vertex   1.070726e+02 -7.905073e+00 6.707399e+01
      vertex   1.069828e+02 -8.251286e+00 6.694804e+01
    endloop
  endfacet
  facet normal 6.795903e-01 -4.001079e-01 6.148745e-01
    outer loop
      vertex   1.069828e+02 -8.251286e+00 6.694804e+01
      vertex   1.070726e+02 -7.905073e+00 6.707399e+01
      vertex   1.067124e+02 -8.280704e+00 6.722770e+01
    endloop
  endfacet
  facet normal 6.594269e-01 -4.681292e-01 5.882272e-01
    outer loop
      vertex   1.069828e+02 -8.251286e+00 6.694804e+01
      vertex   1.067124e+02 -8.280704e+00 6.722770e+01
      vertex   1.066014e+02 -8.614639e+00 6.708638e+01
    endloop
  endfacet
  facet normal 6.032784e-01 -4.724489e-01 6.425319e-01
    outer loop
      vertex   1.066014e+02 -8.614639e+00 6.708638e+01
      vertex   1.067124e+02 -8.280704e+00 6.722770e+01
      vertex   1.063111e+02 -8.628321e+00 6.734891e+01
    endloop
  endfacet
  facet normal 5.792633e-01 -5.377856e-01 6.125689e-01
    outer loop
      vertex   1.066014e+02 -8.614639e+00 6.708638e+01
      vertex   1.063111e+02 -8.628321e+00 6.734891e+01
      vertex   1.061827e+02 -8.947745e+00 6.718984e+01
    endloop
  endfacet
  facet normal 5.194495e-01 -5.389288e-01 6.631199e-01
    outer loop
      vertex   1.061827e+02 -8.947745e+00 6.718984e+01
      vertex   1.063111e+02 -8.628321e+00 6.734891e+01
      vertex   1.058758e+02 -8.945491e+00 6.743208e+01
    endloop
  endfacet
  facet normal 4.923820e-01 -6.011719e-01 6.294063e-01
    outer loop
      vertex   1.061827e+02 -8.947745e+00 6.718984e+01
      vertex   1.058758e+02 -8.945491e+00 6.743208e+01
      vertex   1.057344e+02 -9.248529e+00 6.725331e+01
    endloop
  endfacet
  facet normal 4.296242e-01 -5.991360e-01 6.756176e-01
    outer loop
      vertex   1.057344e+02 -9.248529e+00 6.725331e+01
      vertex   1.058758e+02 -8.945491e+00 6.743208e+01
      vertex   1.054147e+02 -9.230513e+00 6.747257e+01
    endloop
  endfacet
  facet normal 4.003781e-01 -6.579486e-01 6.378095e-01
    outer loop
      vertex   1.057344e+02 -9.248529e+00 6.725331e+01
      vertex   1.054147e+02 -9.230513e+00 6.747257e+01
      vertex   1.052646e+02 -9.515657e+00 6.727263e+01
    endloop
  endfacet
  facet normal 3.354662e-01 -6.528052e-01 6.791965e-01
    outer loop
      vertex   1.052646e+02 -9.515657e+00 6.727263e+01
      vertex   1.054147e+02 -9.230513e+00 6.747257e+01
      vertex   1.049362e+02 -9.482420e+00 6.746676e+01
    endloop
  endfacet
  facet normal 3.049715e-01 -7.079243e-01 6.370523e-01
    outer loop
      vertex   1.052646e+02 -9.515657e+00 6.727263e+01
      vertex   1.049362e+02 -9.482420e+00 6.746676e+01
      vertex   1.047823e+02 -9.748532e+00 6.724472e+01
    endloop
  endfacet
  facet normal 2.387451e-01 -6.998173e-01 6.732432e-01
    outer loop
      vertex   1.047823e+02 -9.748532e+00 6.724472e+01
      vertex   1.049362e+02 -9.482420e+00 6.746676e+01
      vertex   1.044496e+02 -9.700971e+00 6.741217e+01
    endloop
  endfacet
  facet normal 2.079686e-01 -7.510529e-01 6.266328e-01
    outer loop
      vertex   1.047823e+02 -9.748532e+00 6.724472e+01
      vertex   1.044496e+02 -9.700971e+00 6.741217e+01
      vertex   1.042967e+02 -9.947280e+00 6.716769e+01
    endloop
  endfacet
  facet normal 1.412972e-01 -7.401957e-01 6.573777e-01
    outer loop
      vertex   1.042967e+02 -9.947280e+00 6.716769e+01
      vertex   1.044496e+02 -9.700971e+00 6.741217e+01
      vertex   1.039639e+02 -9.886625e+00 6.730751e+01
    endloop
  endfacet
  facet normal 1.112222e-01 -7.874289e-01 6.062882e-01
    outer loop
      vertex   1.042967e+02 -9.947280e+00 6.716769e+01
      vertex   1.039639e+02 -9.886625e+00 6.730751e+01
      vertex   1.038171e+02 -1.011271e+01 6.704082e+01
    endloop
  endfacet
  facet normal 8.044896e-01 -2.402008e-01 5.432311e-01
    outer loop
      vertex   1.073855e+02 -7.504564e+00 6.689408e+01
      vertex   1.076459e+02 -7.082977e+00 6.669484e+01
      vertex   1.074286e+02 -7.140542e+00 6.699122e+01
    endloop
  endfacet
  facet normal 5.998646e-01 -7.435630e-01 2.954261e-01
    outer loop
      vertex   1.062833e+02 -9.961867e+00 6.559968e+01
      vertex   1.067072e+02 -9.657823e+00 6.550417e+01
      vertex   1.064878e+02 -9.715938e+00 6.580339e+01
    endloop
  endfacet
  facet normal 6.395487e-01 -6.921572e-01 3.345084e-01
    outer loop
      vertex   1.064878e+02 -9.715938e+00 6.580339e+01
      vertex   1.067072e+02 -9.657823e+00 6.550417e+01
      vertex   1.068988e+02 -9.389933e+00 6.569210e+01
    endloop
  endfacet
  facet normal 7.583528e-01 -2.503783e-01 6.018403e-01
    outer loop
      vertex   1.073855e+02 -7.504564e+00 6.689408e+01
      vertex   1.074286e+02 -7.140542e+00 6.699122e+01
      vertex   1.071419e+02 -7.548455e+00 6.718273e+01
    endloop
  endfacet
  facet normal 7.583528e-01 -2.503783e-01 6.018403e-01
    outer loop
      vertex   1.071419e+02 -7.548455e+00 6.718273e+01
      vertex   1.074286e+02 -7.140542e+00 6.699122e+01
      vertex   1.071903e+02 -7.183483e+00 6.727362e+01
    endloop
  endfacet
  facet normal 7.081151e-01 -2.575674e-01 6.574436e-01
    outer loop
      vertex   1.071419e+02 -7.548455e+00 6.718273e+01
      vertex   1.071903e+02 -7.183483e+00 6.727362e+01
      vertex   1.068784e+02 -7.577130e+00 6.745533e+01
    endloop
  endfacet
  facet normal 7.081151e-01 -2.575674e-01 6.574436e-01
    outer loop
      vertex   1.068784e+02 -7.577130e+00 6.745533e+01
      vertex   1.071903e+02 -7.183483e+00 6.727362e+01
      vertex   1.069325e+02 -7.211537e+00 6.754032e+01
    endloop
  endfacet
  facet normal 6.540848e-01 -2.617242e-01 7.096996e-01
    outer loop
      vertex   1.068784e+02 -7.577130e+00 6.745533e+01
      vertex   1.069325e+02 -7.211537e+00 6.754032e+01
      vertex   1.065966e+02 -7.590412e+00 6.771019e+01
    endloop
  endfacet
  facet normal 6.540848e-01 -2.617242e-01 7.096996e-01
    outer loop
      vertex   1.065966e+02 -7.590412e+00 6.771019e+01
      vertex   1.069325e+02 -7.211537e+00 6.754032e+01
      vertex   1.066567e+02 -7.224532e+00 6.778967e+01
    endloop
  endfacet
  facet normal 5.965937e-01 -2.628229e-01 7.582876e-01
    outer loop
      vertex   1.065966e+02 -7.590412e+00 6.771019e+01
      vertex   1.066567e+02 -7.224532e+00 6.778967e+01
      vertex   1.062981e+02 -7.588220e+00 6.794576e+01
    endloop
  endfacet
  facet normal 5.965937e-01 -2.628229e-01 7.582876e-01
    outer loop
      vertex   1.062981e+02 -7.588220e+00 6.794576e+01
      vertex   1.066567e+02 -7.224532e+00 6.778967e+01
      vertex   1.063648e+02 -7.222387e+00 6.802014e+01
    endloop
  endfacet
  facet normal 5.359945e-01 -2.608570e-01 8.029094e-01
    outer loop
      vertex   1.062981e+02 -7.588220e+00 6.794576e+01
      vertex   1.063648e+02 -7.222387e+00 6.802014e+01
      vertex   1.059849e+02 -7.570568e+00 6.816060e+01
    endloop
  endfacet
  facet normal 5.359945e-01 -2.608570e-01 8.029094e-01
    outer loop
      vertex   1.059849e+02 -7.570568e+00 6.816060e+01
      vertex   1.063648e+02 -7.222387e+00 6.802014e+01
      vertex   1.060583e+02 -7.205117e+00 6.823032e+01
    endloop
  endfacet
  facet normal 4.726592e-01 -2.558385e-01 8.432911e-01
    outer loop
      vertex   1.059849e+02 -7.570568e+00 6.816060e+01
      vertex   1.060583e+02 -7.205117e+00 6.823032e+01
      vertex   1.056588e+02 -7.537564e+00 6.835337e+01
    endloop
  endfacet
  facet normal 5.125416e-01 -8.004482e-01 3.107793e-01
    outer loop
      vertex   1.058357e+02 -1.022647e+01 6.565629e+01
      vertex   1.062833e+02 -9.961867e+00 6.559968e+01
      vertex   1.060488e+02 -1.000412e+01 6.587756e+01
    endloop
  endfacet
  facet normal 5.543797e-01 -7.535966e-01 3.532071e-01
    outer loop
      vertex   1.060488e+02 -1.000412e+01 6.587756e+01
      vertex   1.062833e+02 -9.961867e+00 6.559968e+01
      vertex   1.064878e+02 -9.715938e+00 6.580339e+01
    endloop
  endfacet
  facet normal 4.677547e-01 -8.427041e-01 2.665621e-01
    outer loop
      vertex   1.056092e+02 -1.042506e+01 6.542595e+01
      vertex   1.058275e+02 -1.038573e+01 6.516727e+01
      vertex   1.060627e+02 -1.018556e+01 6.538724e+01
    endloop
  endfacet
  facet normal 7.470404e-01 -3.224611e-01 5.813342e-01
    outer loop
      vertex   1.073855e+02 -7.504564e+00 6.689408e+01
      vertex   1.071419e+02 -7.548455e+00 6.718273e+01
      vertex   1.070726e+02 -7.905073e+00 6.707399e+01
    endloop
  endfacet
  facet normal 6.958509e-01 -3.297865e-01 6.379909e-01
    outer loop
      vertex   1.070726e+02 -7.905073e+00 6.707399e+01
      vertex   1.071419e+02 -7.548455e+00 6.718273e+01
      vertex   1.068049e+02 -7.934203e+00 6.735092e+01
    endloop
  endfacet
  facet normal 6.795903e-01 -4.001079e-01 6.148745e-01
    outer loop
      vertex   1.070726e+02 -7.905073e+00 6.707399e+01
      vertex   1.068049e+02 -7.934203e+00 6.735092e+01
      vertex   1.067124e+02 -8.280704e+00 6.722770e+01
    endloop
  endfacet
  facet normal 6.238290e-01 -4.043978e-01 6.688048e-01
    outer loop
      vertex   1.067124e+02 -8.280704e+00 6.722770e+01
      vertex   1.068049e+02 -7.934203e+00 6.735092e+01
      vertex   1.064232e+02 -8.294331e+00 6.748918e+01
    endloop
  endfacet
  facet normal 6.032784e-01 -4.724489e-01 6.425319e-01
    outer loop
      vertex   1.067124e+02 -8.280704e+00 6.722770e+01
      vertex   1.064232e+02 -8.294331e+00 6.748918e+01
      vertex   1.063111e+02 -8.628321e+00 6.734891e+01
    endloop
  endfacet
  facet normal 5.435334e-01 -4.735907e-01 6.930247e-01
    outer loop
      vertex   1.063111e+02 -8.628321e+00 6.734891e+01
      vertex   1.064232e+02 -8.294331e+00 6.748918e+01
      vertex   1.060036e+02 -8.626063e+00 6.759157e+01
    endloop
  endfacet
  facet normal 5.194495e-01 -5.389288e-01 6.631199e-01
    outer loop
      vertex   1.063111e+02 -8.628321e+00 6.734891e+01
      vertex   1.060036e+02 -8.626063e+00 6.759157e+01
      vertex   1.058758e+02 -8.945491e+00 6.743208e+01
    endloop
  endfacet
  facet normal 4.564021e-01 -5.368835e-01 7.095444e-01
    outer loop
      vertex   1.058758e+02 -8.945491e+00 6.743208e+01
      vertex   1.060036e+02 -8.626063e+00 6.759157e+01
      vertex   1.055538e+02 -8.927339e+00 6.765299e+01
    endloop
  endfacet
  facet normal 4.296242e-01 -5.991360e-01 6.756176e-01
    outer loop
      vertex   1.058758e+02 -8.945491e+00 6.743208e+01
      vertex   1.055538e+02 -8.927339e+00 6.765299e+01
      vertex   1.054147e+02 -9.230513e+00 6.747257e+01
    endloop
  endfacet
  facet normal 3.640328e-01 -5.939386e-01 7.174378e-01
    outer loop
      vertex   1.054147e+02 -9.230513e+00 6.747257e+01
      vertex   1.055538e+02 -8.927339e+00 6.765299e+01
      vertex   1.050819e+02 -9.196828e+00 6.766932e+01
    endloop
  endfacet
  facet normal 3.354662e-01 -6.528052e-01 6.791965e-01
    outer loop
      vertex   1.054147e+02 -9.230513e+00 6.747257e+01
      vertex   1.050819e+02 -9.196828e+00 6.766932e+01
      vertex   1.049362e+02 -9.482420e+00 6.746676e+01
    endloop
  endfacet
  facet normal 2.681485e-01 -6.445647e-01 7.159838e-01
    outer loop
      vertex   1.049362e+02 -9.482420e+00 6.746676e+01
      vertex   1.050819e+02 -9.196828e+00 6.766932e+01
      vertex   1.045970e+02 -9.433926e+00 6.763749e+01
    endloop
  endfacet
  facet normal 2.387451e-01 -6.998173e-01 6.732432e-01
    outer loop
      vertex   1.049362e+02 -9.482420e+00 6.746676e+01
      vertex   1.045970e+02 -9.433926e+00 6.763749e+01
      vertex   1.044496e+02 -9.700971e+00 6.741217e+01
    endloop
  endfacet
  facet normal 1.705583e-01 -6.887133e-01 7.046870e-01
    outer loop
      vertex   1.044496e+02 -9.700971e+00 6.741217e+01
      vertex   1.045970e+02 -9.433926e+00 6.763749e+01
      vertex   1.041081e+02 -9.638738e+00 6.755563e+01
    endloop
  endfacet
  facet normal 1.412972e-01 -7.401957e-01 6.573777e-01
    outer loop
      vertex   1.044496e+02 -9.700971e+00 6.741217e+01
      vertex   1.041081e+02 -9.638738e+00 6.755563e+01
      vertex   1.039639e+02 -9.886625e+00 6.730751e+01
    endloop
  endfacet
  facet normal 6.958509e-01 -3.297865e-01 6.379909e-01
    outer loop
      vertex   1.068049e+02 -7.934203e+00 6.735092e+01
      vertex   1.071419e+02 -7.548455e+00 6.718273e+01
      vertex   1.068784e+02 -7.577130e+00 6.745533e+01
    endloop
  endfacet
  facet normal 4.213242e-01 -8.493484e-01 3.179515e-01
    outer loop
      vertex   1.053730e+02 -1.045076e+01 6.567023e+01
      vertex   1.058357e+02 -1.022647e+01 6.565629e+01
      vertex   1.055901e+02 -1.025320e+01 6.591037e+01
    endloop
  endfacet
  facet normal 4.644241e-01 -8.073340e-01 3.640359e-01
    outer loop
      vertex   1.055901e+02 -1.025320e+01 6.591037e+01
      vertex   1.058357e+02 -1.022647e+01 6.565629e+01
      vertex   1.060488e+02 -1.000412e+01 6.587756e+01
    endloop
  endfacet
  facet normal 6.407970e-01 -3.340220e-01 6.912370e-01
    outer loop
      vertex   1.068049e+02 -7.934203e+00 6.735092e+01
      vertex   1.068784e+02 -7.577130e+00 6.745533e+01
      vertex   1.065186e+02 -7.947697e+00 6.760984e+01
    endloop
  endfacet
  facet normal 6.407970e-01 -3.340220e-01 6.912370e-01
    outer loop
      vertex   1.065186e+02 -7.947697e+00 6.760984e+01
      vertex   1.068784e+02 -7.577130e+00 6.745533e+01
      vertex   1.065966e+02 -7.590412e+00 6.771019e+01
    endloop
  endfacet
  facet normal 5.822166e-01 -3.351416e-01 7.407456e-01
    outer loop
      vertex   1.065186e+02 -7.947697e+00 6.760984e+01
      vertex   1.065966e+02 -7.590412e+00 6.771019e+01
      vertex   1.062154e+02 -7.945470e+00 6.784915e+01
    endloop
  endfacet
  facet normal 5.822166e-01 -3.351416e-01 7.407456e-01
    outer loop
      vertex   1.062154e+02 -7.945470e+00 6.784915e+01
      vertex   1.065966e+02 -7.590412e+00 6.771019e+01
      vertex   1.062981e+02 -7.588220e+00 6.794576e+01
    endloop
  endfacet
  facet normal 5.204692e-01 -3.331384e-01 7.862128e-01
    outer loop
      vertex   1.062154e+02 -7.945470e+00 6.784915e+01
      vertex   1.062981e+02 -7.588220e+00 6.794576e+01
      vertex   1.058972e+02 -7.927538e+00 6.806740e+01
    endloop
  endfacet
  facet normal 5.204692e-01 -3.331384e-01 7.862128e-01
    outer loop
      vertex   1.058972e+02 -7.927538e+00 6.806740e+01
      vertex   1.062981e+02 -7.588220e+00 6.794576e+01
      vertex   1.059849e+02 -7.570568e+00 6.816060e+01
    endloop
  endfacet
  facet normal 4.559340e-01 -3.280248e-01 8.273596e-01
    outer loop
      vertex   1.058972e+02 -7.927538e+00 6.806740e+01
      vertex   1.059849e+02 -7.570568e+00 6.816060e+01
      vertex   1.055659e+02 -7.894009e+00 6.826324e+01
    endloop
  endfacet
  facet normal 4.559340e-01 -3.280248e-01 8.273596e-01
    outer loop
      vertex   1.055659e+02 -7.894009e+00 6.826324e+01
      vertex   1.059849e+02 -7.570568e+00 6.816060e+01
      vertex   1.056588e+02 -7.537564e+00 6.835337e+01
    endloop
  endfacet
  facet normal 3.890068e-01 -3.198321e-01 8.639335e-01
    outer loop
      vertex   1.055659e+02 -7.894009e+00 6.826324e+01
      vertex   1.056588e+02 -7.537564e+00 6.835337e+01
      vertex   1.052237e+02 -7.845090e+00 6.843546e+01
    endloop
  endfacet
  facet normal 3.279647e-01 -8.901654e-01 3.162986e-01
    outer loop
      vertex   1.049042e+02 -1.063463e+01 6.563888e+01
      vertex   1.053730e+02 -1.045076e+01 6.567023e+01
      vertex   1.051205e+02 -1.046266e+01 6.589863e+01
    endloop
  endfacet
  facet normal 3.713887e-01 -8.531901e-01 3.662472e-01
    outer loop
      vertex   1.051205e+02 -1.046266e+01 6.589863e+01
      vertex   1.053730e+02 -1.045076e+01 6.567023e+01
      vertex   1.055901e+02 -1.025320e+01 6.591037e+01
    endloop
  endfacet
  facet normal 6.238290e-01 -4.043978e-01 6.688048e-01
    outer loop
      vertex   1.068049e+02 -7.934203e+00 6.735092e+01
      vertex   1.065186e+02 -7.947697e+00 6.760984e+01
      vertex   1.064232e+02 -8.294331e+00 6.748918e+01
    endloop
  endfacet
  facet normal 5.644959e-01 -4.055318e-01 7.189495e-01
    outer loop
      vertex   1.064232e+02 -8.294331e+00 6.748918e+01
      vertex   1.065186e+02 -7.947697e+00 6.760984e+01
      vertex   1.061170e+02 -8.292083e+00 6.773086e+01
    endloop
  endfacet
  facet normal 5.435334e-01 -4.735907e-01 6.930247e-01
    outer loop
      vertex   1.064232e+02 -8.294331e+00 6.748918e+01
      vertex   1.061170e+02 -8.292083e+00 6.773086e+01
      vertex   1.060036e+02 -8.626063e+00 6.759157e+01
    endloop
  endfacet
  facet normal 4.805585e-01 -4.715477e-01 7.393959e-01
    outer loop
      vertex   1.060036e+02 -8.626063e+00 6.759157e+01
      vertex   1.061170e+02 -8.292083e+00 6.773086e+01
      vertex   1.056810e+02 -8.607880e+00 6.781287e+01
    endloop
  endfacet
  facet normal 4.564021e-01 -5.368835e-01 7.095444e-01
    outer loop
      vertex   1.060036e+02 -8.626063e+00 6.759157e+01
      vertex   1.056810e+02 -8.607880e+00 6.781287e+01
      vertex   1.055538e+02 -8.927339e+00 6.765299e+01
    endloop
  endfacet
  facet normal 3.905080e-01 -5.316622e-01 7.515576e-01
    outer loop
      vertex   1.055538e+02 -8.927339e+00 6.765299e+01
      vertex   1.056810e+02 -8.607880e+00 6.781287e+01
      vertex   1.052185e+02 -8.893401e+00 6.785122e+01
    endloop
  endfacet
  facet normal 3.640328e-01 -5.939386e-01 7.174378e-01
    outer loop
      vertex   1.055538e+02 -8.927339e+00 6.765299e+01
      vertex   1.052185e+02 -8.893401e+00 6.785122e+01
      vertex   1.050819e+02 -9.196828e+00 6.766932e+01
    endloop
  endfacet
  facet normal 2.960105e-01 -5.856119e-01 7.546102e-01
    outer loop
      vertex   1.050819e+02 -9.196828e+00 6.766932e+01
      vertex   1.052185e+02 -8.893401e+00 6.785122e+01
      vertex   1.047380e+02 -9.147682e+00 6.784234e+01
    endloop
  endfacet
  facet normal 2.681485e-01 -6.445647e-01 7.159838e-01
    outer loop
      vertex   1.050819e+02 -9.196828e+00 6.766932e+01
      vertex   1.047380e+02 -9.147682e+00 6.784234e+01
      vertex   1.045970e+02 -9.433926e+00 6.763749e+01
    endloop
  endfacet
  facet normal 1.988381e-01 -6.332777e-01 7.479457e-01
    outer loop
      vertex   1.045970e+02 -9.433926e+00 6.763749e+01
      vertex   1.047380e+02 -9.147682e+00 6.784234e+01
      vertex   1.042488e+02 -9.370474e+00 6.778376e+01
    endloop
  endfacet
  facet normal 1.705583e-01 -6.887133e-01 7.046870e-01
    outer loop
      vertex   1.045970e+02 -9.433926e+00 6.763749e+01
      vertex   1.042488e+02 -9.370474e+00 6.778376e+01
      vertex   1.041081e+02 -9.638738e+00 6.755563e+01
    endloop
  endfacet
  facet normal 5.644959e-01 -4.055318e-01 7.189495e-01
    outer loop
      vertex   1.061170e+02 -8.292083e+00 6.773086e+01
      vertex   1.065186e+02 -7.947697e+00 6.760984e+01
      vertex   1.062154e+02 -7.945470e+00 6.784915e+01
    endloop
  endfacet
  facet normal 2.342818e-01 -9.229517e-01 3.054050e-01
    outer loop
      vertex   1.044384e+02 -1.077872e+01 6.556075e+01
      vertex   1.049042e+02 -1.063463e+01 6.563888e+01
      vertex   1.046490e+02 -1.063276e+01 6.584031e+01
    endloop
  endfacet
  facet normal 2.770667e-01 -8.911381e-01 3.593145e-01
    outer loop
      vertex   1.046490e+02 -1.063276e+01 6.584031e+01
      vertex   1.049042e+02 -1.063463e+01 6.563888e+01
      vertex   1.051205e+02 -1.046266e+01 6.589863e+01
    endloop
  endfacet
  facet normal 1.421204e-01 -9.479039e-01 2.850964e-01
    outer loop
      vertex   1.039849e+02 -1.088436e+01 6.543559e+01
      vertex   1.044384e+02 -1.077872e+01 6.556075e+01
      vertex   1.041850e+02 -1.076444e+01 6.573456e+01
    endloop
  endfacet
  facet normal 1.832979e-01 -9.212977e-01 3.429468e-01
    outer loop
      vertex   1.041850e+02 -1.076444e+01 6.573456e+01
      vertex   1.044384e+02 -1.077872e+01 6.556075e+01
      vertex   1.046490e+02 -1.063276e+01 6.584031e+01
    endloop
  endfacet
  facet normal 5.019551e-01 -4.035029e-01 7.650010e-01
    outer loop
      vertex   1.061170e+02 -8.292083e+00 6.773086e+01
      vertex   1.062154e+02 -7.945470e+00 6.784915e+01
      vertex   1.057957e+02 -8.273973e+00 6.795127e+01
    endloop
  endfacet
  facet normal 5.019551e-01 -4.035029e-01 7.650010e-01
    outer loop
      vertex   1.057957e+02 -8.273973e+00 6.795127e+01
      vertex   1.062154e+02 -7.945470e+00 6.784915e+01
      vertex   1.058972e+02 -7.927538e+00 6.806740e+01
    endloop
  endfacet
  facet normal 4.365906e-01 -3.983236e-01 8.066765e-01
    outer loop
      vertex   1.057957e+02 -8.273973e+00 6.795127e+01
      vertex   1.058972e+02 -7.927538e+00 6.806740e+01
      vertex   1.054612e+02 -8.240113e+00 6.814904e+01
    endloop
  endfacet
  facet normal 4.365906e-01 -3.983236e-01 8.066765e-01
    outer loop
      vertex   1.054612e+02 -8.240113e+00 6.814904e+01
      vertex   1.058972e+02 -7.927538e+00 6.806740e+01
      vertex   1.055659e+02 -7.894009e+00 6.826324e+01
    endloop
  endfacet
  facet normal 3.688035e-01 -3.900256e-01 8.437204e-01
    outer loop
      vertex   1.054612e+02 -8.240113e+00 6.814904e+01
      vertex   1.055659e+02 -7.894009e+00 6.826324e+01
      vertex   1.051155e+02 -8.190710e+00 6.832297e+01
    endloop
  endfacet
  facet normal 3.688035e-01 -3.900256e-01 8.437204e-01
    outer loop
      vertex   1.051155e+02 -8.190710e+00 6.832297e+01
      vertex   1.055659e+02 -7.894009e+00 6.826324e+01
      vertex   1.052237e+02 -7.845090e+00 6.843546e+01
    endloop
  endfacet
  facet normal 2.990098e-01 -3.786599e-01 8.759052e-01
    outer loop
      vertex   1.051155e+02 -8.190710e+00 6.832297e+01
      vertex   1.052237e+02 -7.845090e+00 6.843546e+01
      vertex   1.047609e+02 -8.126068e+00 6.847199e+01
    endloop
  endfacet
  facet normal 4.805585e-01 -4.715477e-01 7.393959e-01
    outer loop
      vertex   1.061170e+02 -8.292083e+00 6.773086e+01
      vertex   1.057957e+02 -8.273973e+00 6.795127e+01
      vertex   1.056810e+02 -8.607880e+00 6.781287e+01
    endloop
  endfacet
  facet normal 4.147402e-01 -4.663325e-01 7.813608e-01
    outer loop
      vertex   1.056810e+02 -8.607880e+00 6.781287e+01
      vertex   1.057957e+02 -8.273973e+00 6.795127e+01
      vertex   1.053451e+02 -8.573883e+00 6.801144e+01
    endloop
  endfacet
  facet normal 3.905080e-01 -5.316622e-01 7.515576e-01
    outer loop
      vertex   1.056810e+02 -8.607880e+00 6.781287e+01
      vertex   1.053451e+02 -8.573883e+00 6.801144e+01
      vertex   1.052185e+02 -8.893401e+00 6.785122e+01
    endloop
  endfacet
  facet normal 3.221717e-01 -5.232970e-01 7.889016e-01
    outer loop
      vertex   1.052185e+02 -8.893401e+00 6.785122e+01
      vertex   1.053451e+02 -8.573883e+00 6.801144e+01
      vertex   1.048720e+02 -8.843884e+00 6.802556e+01
    endloop
  endfacet
  facet normal 2.960105e-01 -5.856119e-01 7.546102e-01
    outer loop
      vertex   1.052185e+02 -8.893401e+00 6.785122e+01
      vertex   1.048720e+02 -8.843884e+00 6.802556e+01
      vertex   1.047380e+02 -9.147682e+00 6.784234e+01
    endloop
  endfacet
  facet normal 2.259746e-01 -5.742068e-01 7.869067e-01
    outer loop
      vertex   1.047380e+02 -9.147682e+00 6.784234e+01
      vertex   1.048720e+02 -8.843884e+00 6.802556e+01
      vertex   1.043852e+02 -9.083375e+00 6.799059e+01
    endloop
  endfacet
  facet normal 1.988381e-01 -6.332777e-01 7.479457e-01
    outer loop
      vertex   1.047380e+02 -9.147682e+00 6.784234e+01
      vertex   1.043852e+02 -9.083375e+00 6.799059e+01
      vertex   1.042488e+02 -9.370474e+00 6.778376e+01
    endloop
  endfacet
  facet normal 4.147402e-01 -4.663325e-01 7.813608e-01
    outer loop
      vertex   1.053451e+02 -8.573883e+00 6.801144e+01
      vertex   1.057957e+02 -8.273973e+00 6.795127e+01
      vertex   1.054612e+02 -8.240113e+00 6.814904e+01
    endloop
  endfacet
  facet normal 9.192713e-02 -9.439267e-01 3.170989e-01
    outer loop
      vertex   1.037376e+02 -1.085933e+01 6.558179e+01
      vertex   1.039849e+02 -1.088436e+01 6.543559e+01
      vertex   1.041850e+02 -1.076444e+01 6.573456e+01
    endloop
  endfacet
  facet normal 3.464824e-01 -4.579769e-01 8.186618e-01
    outer loop
      vertex   1.053451e+02 -8.573883e+00 6.801144e+01
      vertex   1.054612e+02 -8.240113e+00 6.814904e+01
      vertex   1.049981e+02 -8.524280e+00 6.818607e+01
    endloop
  endfacet
  facet normal 3.464824e-01 -4.579769e-01 8.186618e-01
    outer loop
      vertex   1.049981e+02 -8.524280e+00 6.818607e+01
      vertex   1.054612e+02 -8.240113e+00 6.814904e+01
      vertex   1.051155e+02 -8.190710e+00 6.832297e+01
    endloop
  endfacet
  facet normal 2.762042e-01 -4.465323e-01 8.510700e-01
    outer loop
      vertex   1.049981e+02 -8.524280e+00 6.818607e+01
      vertex   1.051155e+02 -8.190710e+00 6.832297e+01
      vertex   1.046420e+02 -8.459377e+00 6.833569e+01
    endloop
  endfacet
  facet normal 2.762042e-01 -4.465323e-01 8.510700e-01
    outer loop
      vertex   1.046420e+02 -8.459377e+00 6.833569e+01
      vertex   1.051155e+02 -8.190710e+00 6.832297e+01
      vertex   1.047609e+02 -8.126068e+00 6.847199e+01
    endloop
  endfacet
  facet normal 3.221717e-01 -5.232970e-01 7.889016e-01
    outer loop
      vertex   1.053451e+02 -8.573883e+00 6.801144e+01
      vertex   1.049981e+02 -8.524280e+00 6.818607e+01
      vertex   1.048720e+02 -8.843884e+00 6.802556e+01
    endloop
  endfacet
  facet normal 2.518126e-01 -5.118392e-01 8.213471e-01
    outer loop
      vertex   1.048720e+02 -8.843884e+00 6.802556e+01
      vertex   1.049981e+02 -8.524280e+00 6.818607e+01
      vertex   1.045165e+02 -8.779092e+00 6.817492e+01
    endloop
  endfacet
  facet normal 2.259746e-01 -5.742068e-01 7.869067e-01
    outer loop
      vertex   1.048720e+02 -8.843884e+00 6.802556e+01
      vertex   1.045165e+02 -8.779092e+00 6.817492e+01
      vertex   1.043852e+02 -9.083375e+00 6.799059e+01
    endloop
  endfacet
  facet normal 2.518126e-01 -5.118392e-01 8.213471e-01
    outer loop
      vertex   1.045165e+02 -8.779092e+00 6.817492e+01
      vertex   1.049981e+02 -8.524280e+00 6.818607e+01
      vertex   1.046420e+02 -8.459377e+00 6.833569e+01
    endloop
  endfacet
  facet normal 2.401565e-01 -6.049045e-02 9.688476e-01
    outer loop
      vertex   1.045831e+02 -6.169679e+00 6.896074e+01
      vertex   1.044832e+02 -6.535497e+00 6.896266e+01
      vertex   1.049108e+02 -6.253676e+00 6.887426e+01
    endloop
  endfacet
  facet normal 2.401565e-01 -6.049045e-02 9.688476e-01
    outer loop
      vertex   1.049108e+02 -6.253676e+00 6.887426e+01
      vertex   1.044832e+02 -6.535497e+00 6.896266e+01
      vertex   1.048226e+02 -6.622489e+00 6.887310e+01
    endloop
  endfacet
  facet normal 2.206777e-01 -1.336972e-01 9.661400e-01
    outer loop
      vertex   1.047267e+02 -6.988275e+00 6.884436e+01
      vertex   1.048226e+02 -6.622489e+00 6.887310e+01
      vertex   1.043776e+02 -6.898788e+00 6.893649e+01
    endloop
  endfacet
  facet normal 2.206777e-01 -1.336972e-01 9.661400e-01
    outer loop
      vertex   1.043776e+02 -6.898788e+00 6.893649e+01
      vertex   1.048226e+02 -6.622489e+00 6.887310e+01
      vertex   1.044832e+02 -6.535497e+00 6.896266e+01
    endloop
  endfacet
  facet normal 1.514948e-01 -1.147237e-01 9.817779e-01
    outer loop
      vertex   1.043776e+02 -6.898788e+00 6.893649e+01
      vertex   1.044832e+02 -6.535497e+00 6.896266e+01
      vertex   1.040262e+02 -6.796161e+00 6.900270e+01
    endloop
  endfacet
  facet normal 1.999325e-01 -2.061304e-01 9.578817e-01
    outer loop
      vertex   1.046239e+02 -7.348928e+00 6.878823e+01
      vertex   1.047267e+02 -6.988275e+00 6.884436e+01
      vertex   1.042670e+02 -7.257461e+00 6.888239e+01
    endloop
  endfacet
  facet normal 1.999325e-01 -2.061304e-01 9.578817e-01
    outer loop
      vertex   1.042670e+02 -7.257461e+00 6.888239e+01
      vertex   1.047267e+02 -6.988275e+00 6.884436e+01
      vertex   1.043776e+02 -6.898788e+00 6.893649e+01
    endloop
  endfacet
  facet normal 1.289980e-01 -1.866764e-01 9.739155e-01
    outer loop
      vertex   1.042670e+02 -7.257461e+00 6.888239e+01
      vertex   1.043776e+02 -6.898788e+00 6.893649e+01
      vertex   1.039079e+02 -7.152564e+00 6.895007e+01
    endloop
  endfacet
  facet normal 1.289980e-01 -1.866764e-01 9.739155e-01
    outer loop
      vertex   1.039079e+02 -7.152564e+00 6.895007e+01
      vertex   1.043776e+02 -6.898788e+00 6.893649e+01
      vertex   1.040262e+02 -6.796161e+00 6.900270e+01
    endloop
  endfacet
  facet normal 1.780400e-01 -2.773749e-01 9.441213e-01
    outer loop
      vertex   1.045145e+02 -7.702375e+00 6.870500e+01
      vertex   1.046239e+02 -7.348928e+00 6.878823e+01
      vertex   1.041520e+02 -7.609455e+00 6.880067e+01
    endloop
  endfacet
  facet normal 1.780400e-01 -2.773749e-01 9.441213e-01
    outer loop
      vertex   1.041520e+02 -7.609455e+00 6.880067e+01
      vertex   1.046239e+02 -7.348928e+00 6.878823e+01
      vertex   1.042670e+02 -7.257461e+00 6.888239e+01
    endloop
  endfacet
  facet normal 1.057616e-01 -2.575524e-01 9.604589e-01
    outer loop
      vertex   1.041520e+02 -7.609455e+00 6.880067e+01
      vertex   1.042670e+02 -7.257461e+00 6.888239e+01
      vertex   1.037872e+02 -7.502891e+00 6.886942e+01
    endloop
  endfacet
  facet normal 1.057616e-01 -2.575524e-01 9.604589e-01
    outer loop
      vertex   1.037872e+02 -7.502891e+00 6.886942e+01
      vertex   1.042670e+02 -7.257461e+00 6.888239e+01
      vertex   1.039079e+02 -7.152564e+00 6.895007e+01
    endloop
  endfacet
  facet normal 1.313214e-01 -4.146756e-01 9.004437e-01
    outer loop
      vertex   1.039114e+02 -8.285352e+00 6.855638e+01
      vertex   1.042790e+02 -8.379571e+00 6.845938e+01
      vertex   1.043994e+02 -8.046583e+00 6.859518e+01
    endloop
  endfacet
  facet normal 1.551259e-01 -3.470228e-01 9.249384e-01
    outer loop
      vertex   1.043994e+02 -8.046583e+00 6.859518e+01
      vertex   1.045145e+02 -7.702375e+00 6.870500e+01
      vertex   1.040333e+02 -7.952743e+00 6.869179e+01
    endloop
  endfacet
  facet normal 1.551259e-01 -3.470228e-01 9.249384e-01
    outer loop
      vertex   1.040333e+02 -7.952743e+00 6.869179e+01
      vertex   1.045145e+02 -7.702375e+00 6.870500e+01
      vertex   1.041520e+02 -7.609455e+00 6.880067e+01
    endloop
  endfacet
  facet normal 8.191874e-02 -3.269456e-01 9.414860e-01
    outer loop
      vertex   1.040333e+02 -7.952743e+00 6.869179e+01
      vertex   1.041520e+02 -7.609455e+00 6.880067e+01
      vertex   1.036648e+02 -7.845125e+00 6.876122e+01
    endloop
  endfacet
  facet normal 8.191874e-02 -3.269456e-01 9.414860e-01
    outer loop
      vertex   1.036648e+02 -7.845125e+00 6.876122e+01
      vertex   1.041520e+02 -7.609455e+00 6.880067e+01
      vertex   1.037872e+02 -7.502891e+00 6.886942e+01
    endloop
  endfacet
  facet normal 5.760608e-02 -3.944590e-01 9.171061e-01
    outer loop
      vertex   1.035415e+02 -8.177299e+00 6.862609e+01
      vertex   1.039114e+02 -8.285352e+00 6.855638e+01
      vertex   1.040333e+02 -7.952743e+00 6.869179e+01
    endloop
  endfacet
  facet normal 1.313214e-01 -4.146756e-01 9.004437e-01
    outer loop
      vertex   1.040333e+02 -7.952743e+00 6.869179e+01
      vertex   1.039114e+02 -8.285352e+00 6.855638e+01
      vertex   1.043994e+02 -8.046583e+00 6.859518e+01
    endloop
  endfacet
  facet normal 5.760608e-02 -3.944590e-01 9.171061e-01
    outer loop
      vertex   1.035415e+02 -8.177299e+00 6.862609e+01
      vertex   1.040333e+02 -7.952743e+00 6.869179e+01
      vertex   1.036648e+02 -7.845125e+00 6.876122e+01
    endloop
  endfacet
  facet normal 0.000000e+00 -9.701425e-01 2.425356e-01
    outer loop
      vertex   1.035000e+02 -2.500000e+01 9.080000e+00
      vertex   1.035000e+02 -1.094683e+01 6.529268e+01
      vertex   1.000000e+02 -2.500000e+01 9.080000e+00
    endloop
  endfacet
  facet normal -1.150179e-15 -9.701425e-01 2.425356e-01
    outer loop
      vertex   1.000000e+02 -2.500000e+01 9.080000e+00
      vertex   1.035000e+02 -1.094683e+01 6.529268e+01
      vertex   1.000000e+02 -1.094683e+01 6.529268e+01
    endloop
  endfacet
  facet normal -1.137567e-15 -9.599498e-01 2.801720e-01
    outer loop
      vertex   1.000000e+02 -1.094683e+01 6.529268e+01
      vertex   1.035000e+02 -1.094683e+01 6.529268e+01
      vertex   1.000000e+02 -1.083761e+01 6.566691e+01
    endloop
  endfacet
  facet normal -1.631592e-16 -9.599498e-01 2.801720e-01
    outer loop
      vertex   1.000000e+02 -1.083761e+01 6.566691e+01
      vertex   1.035000e+02 -1.094683e+01 6.529268e+01
      vertex   1.035000e+02 -1.083761e+01 6.566691e+01
    endloop
  endfacet
  facet normal -4.884856e-16 -9.352037e-01 3.541103e-01
    outer loop
      vertex   1.000000e+02 -1.083761e+01 6.566691e+01
      vertex   1.035000e+02 -1.083761e+01 6.566691e+01
      vertex   1.000000e+02 -1.069956e+01 6.603150e+01
    endloop
  endfacet
  facet normal 1.898578e-15 -9.352037e-01 3.541103e-01
    outer loop
      vertex   1.000000e+02 -1.069956e+01 6.603150e+01
      vertex   1.035000e+02 -1.083761e+01 6.566691e+01
      vertex   1.035000e+02 -1.069956e+01 6.603150e+01
    endloop
  endfacet
  facet normal 1.836798e-15 -9.047722e-01 4.258959e-01
    outer loop
      vertex   1.000000e+02 -1.069956e+01 6.603150e+01
      vertex   1.035000e+02 -1.069956e+01 6.603150e+01
      vertex   1.000000e+02 -1.053352e+01 6.638422e+01
    endloop
  endfacet
  facet normal -3.516429e-16 -9.047722e-01 4.258959e-01
    outer loop
      vertex   1.000000e+02 -1.053352e+01 6.638422e+01
      vertex   1.035000e+02 -1.069956e+01 6.603150e+01
      vertex   1.035000e+02 -1.053352e+01 6.638422e+01
    endloop
  endfacet
  facet normal -6.873069e-16 -8.688404e-01 4.950924e-01
    outer loop
      vertex   1.000000e+02 -1.053352e+01 6.638422e+01
      vertex   1.035000e+02 -1.053352e+01 6.638422e+01
      vertex   1.000000e+02 -1.034051e+01 6.672294e+01
    endloop
  endfacet
  facet normal -6.873069e-16 -8.688404e-01 4.950924e-01
    outer loop
      vertex   1.000000e+02 -1.034051e+01 6.672294e+01
      vertex   1.035000e+02 -1.053352e+01 6.638422e+01
      vertex   1.035000e+02 -1.034051e+01 6.672294e+01
    endloop
  endfacet
  facet normal -1.018793e-15 -8.276266e-01 5.612790e-01
    outer loop
      vertex   1.000000e+02 -1.034051e+01 6.672294e+01
      vertex   1.035000e+02 -1.034051e+01 6.672294e+01
      vertex   1.000000e+02 -1.012170e+01 6.704559e+01
    endloop
  endfacet
  facet normal 1.680183e-15 -8.276266e-01 5.612790e-01
    outer loop
      vertex   1.000000e+02 -1.012170e+01 6.704559e+01
      vertex   1.035000e+02 -1.034051e+01 6.672294e+01
      vertex   1.035000e+02 -1.012170e+01 6.704559e+01
    endloop
  endfacet
  facet normal 1.586300e-15 -7.813816e-01 6.240535e-01
    outer loop
      vertex   1.000000e+02 -1.012170e+01 6.704559e+01
      vertex   1.035000e+02 -1.012170e+01 6.704559e+01
      vertex   1.000000e+02 -9.878413e+00 6.735021e+01
    endloop
  endfacet
  facet normal 1.586300e-15 -7.813816e-01 6.240535e-01
    outer loop
      vertex   1.000000e+02 -9.878413e+00 6.735021e+01
      vertex   1.035000e+02 -1.012170e+01 6.704559e+01
      vertex   1.035000e+02 -9.878413e+00 6.735021e+01
    endloop
  endfacet
  facet normal 1.482773e-15 -7.303863e-01 6.830343e-01
    outer loop
      vertex   1.000000e+02 -9.878413e+00 6.735021e+01
      vertex   1.035000e+02 -9.878413e+00 6.735021e+01
      vertex   1.000000e+02 -9.612134e+00 6.763494e+01
    endloop
  endfacet
  facet normal 7.413867e-16 -7.303863e-01 6.830343e-01
    outer loop
      vertex   1.000000e+02 -9.612134e+00 6.763494e+01
      vertex   1.035000e+02 -9.878413e+00 6.735021e+01
      vertex   1.035000e+02 -9.612134e+00 6.763494e+01
    endloop
  endfacet
  facet normal 6.851163e-16 -6.749509e-01 7.378627e-01
    outer loop
      vertex   1.000000e+02 -9.612134e+00 6.763494e+01
      vertex   1.035000e+02 -9.612134e+00 6.763494e+01
      vertex   1.000000e+02 -9.324480e+00 6.789807e+01
    endloop
  endfacet
  facet normal -1.968228e-15 -6.749509e-01 7.378627e-01
    outer loop
      vertex   1.000000e+02 -9.324480e+00 6.789807e+01
      vertex   1.035000e+02 -9.612134e+00 6.763494e+01
      vertex   1.035000e+02 -9.324480e+00 6.789807e+01
    endloop
  endfacet
  facet normal -2.263285e-15 -6.154122e-01 7.882054e-01
    outer loop
      vertex   1.000000e+02 -9.324480e+00 6.789807e+01
      vertex   1.035000e+02 -9.324480e+00 6.789807e+01
      vertex   1.000000e+02 -9.017200e+00 6.813799e+01
    endloop
  endfacet
  facet normal 9.370214e-16 -6.154122e-01 7.882054e-01
    outer loop
      vertex   1.000000e+02 -9.017200e+00 6.813799e+01
      vertex   1.035000e+02 -9.324480e+00 6.789807e+01
      vertex   1.035000e+02 -9.017200e+00 6.813799e+01
    endloop
  endfacet
  facet normal 8.406720e-16 -5.521323e-01 8.337565e-01
    outer loop
      vertex   1.000000e+02 -9.017200e+00 6.813799e+01
      vertex   1.035000e+02 -9.017200e+00 6.813799e+01
      vertex   1.000000e+02 -8.692162e+00 6.835324e+01
    endloop
  endfacet
  facet normal 8.406720e-16 -5.521323e-01 8.337565e-01
    outer loop
      vertex   1.000000e+02 -8.692162e+00 6.835324e+01
      vertex   1.035000e+02 -9.017200e+00 6.813799e+01
      vertex   1.035000e+02 -8.692162e+00 6.835324e+01
    endloop
  endfacet
  facet normal 7.392119e-16 -4.854959e-01 8.742390e-01
    outer loop
      vertex   1.000000e+02 -8.692162e+00 6.835324e+01
      vertex   1.035000e+02 -8.692162e+00 6.835324e+01
      vertex   1.000000e+02 -8.351342e+00 6.854251e+01
    endloop
  endfacet
  facet normal 4.928080e-16 -4.854959e-01 8.742390e-01
    outer loop
      vertex   1.000000e+02 -8.351342e+00 6.854251e+01
      vertex   1.035000e+02 -8.692162e+00 6.835324e+01
      vertex   1.035000e+02 -8.351342e+00 6.854251e+01
    endloop
  endfacet
  facet normal 4.221720e-16 -4.159080e-01 9.094067e-01
    outer loop
      vertex   1.000000e+02 -8.351342e+00 6.854251e+01
      vertex   1.035000e+02 -8.351342e+00 6.854251e+01
      vertex   1.000000e+02 -7.996812e+00 6.870465e+01
    endloop
  endfacet
  facet normal 4.220128e-15 -4.159080e-01 9.094067e-01
    outer loop
      vertex   1.000000e+02 -7.996812e+00 6.870465e+01
      vertex   1.035000e+02 -8.351342e+00 6.854251e+01
      vertex   1.035000e+02 -7.996812e+00 6.870465e+01
    endloop
  endfacet
  facet normal 4.248968e-15 -3.437917e-01 9.390459e-01
    outer loop
      vertex   1.000000e+02 -7.996812e+00 6.870465e+01
      vertex   1.035000e+02 -7.996812e+00 6.870465e+01
      vertex   1.000000e+02 -7.630727e+00 6.883867e+01
    endloop
  endfacet
  facet normal 4.161725e-15 -3.437917e-01 9.390459e-01
    outer loop
      vertex   1.000000e+02 -7.630727e+00 6.883867e+01
      vertex   1.035000e+02 -7.996812e+00 6.870465e+01
      vertex   1.035000e+02 -7.630727e+00 6.883867e+01
    endloop
  endfacet
  facet normal 4.183565e-15 -2.695854e-01 9.629765e-01
    outer loop
      vertex   1.000000e+02 -7.630727e+00 6.883867e+01
      vertex   1.035000e+02 -7.630727e+00 6.883867e+01
      vertex   1.000000e+02 -7.255313e+00 6.894377e+01
    endloop
  endfacet
  facet normal 2.052342e-16 -2.695854e-01 9.629765e-01
    outer loop
      vertex   1.000000e+02 -7.255313e+00 6.894377e+01
      vertex   1.035000e+02 -7.630727e+00 6.883867e+01
      vertex   1.035000e+02 -7.255313e+00 6.894377e+01
    endloop
  endfacet
  facet normal 1.474936e-16 -1.937402e-01 9.810529e-01
    outer loop
      vertex   1.000000e+02 -7.255313e+00 6.894377e+01
      vertex   1.035000e+02 -7.255313e+00 6.894377e+01
      vertex   1.000000e+02 -6.872852e+00 6.901930e+01
    endloop
  endfacet
  facet normal 4.081643e-15 -1.937402e-01 9.810529e-01
    outer loop
      vertex   1.000000e+02 -6.872852e+00 6.901930e+01
      vertex   1.035000e+02 -7.255313e+00 6.894377e+01
      vertex   1.035000e+02 -6.872852e+00 6.901930e+01
    endloop
  endfacet
  facet normal 4.091731e-15 -1.167173e-01 9.931652e-01
    outer loop
      vertex   1.000000e+02 -6.872852e+00 6.901930e+01
      vertex   1.035000e+02 -6.872852e+00 6.901930e+01
      vertex   1.000000e+02 -6.485669e+00 6.906480e+01
    endloop
  endfacet
  facet normal 8.885637e-17 -1.167173e-01 9.931652e-01
    outer loop
      vertex   1.000000e+02 -6.485669e+00 6.906480e+01
      vertex   1.035000e+02 -6.872852e+00 6.901930e+01
      vertex   1.035000e+02 -6.485669e+00 6.906480e+01
    endloop
  endfacet
  facet normal 2.967893e-17 -3.898476e-02 9.992398e-01
    outer loop
      vertex   1.000000e+02 -6.485669e+00 6.906480e+01
      vertex   1.035000e+02 -6.485669e+00 6.906480e+01
      vertex   1.000000e+02 -6.096118e+00 6.908000e+01
    endloop
  endfacet
  facet normal 0.000000e+00 -3.898476e-02 9.992398e-01
    outer loop
      vertex   1.000000e+02 -6.096118e+00 6.908000e+01
      vertex   1.035000e+02 -6.485669e+00 6.906480e+01
      vertex   1.035000e+02 -6.096118e+00 6.908000e+01
    endloop
  endfacet
  facet normal 0.000000e+00 0.000000e+00 1.000000e+00
    outer loop
      vertex   1.035000e+02 -1.110223e-15 6.908000e+01
      vertex   1.000000e+02 0.000000e+00 6.908000e+01
      vertex   1.035000e+02 -6.096118e+00 6.908000e+01
    endloop
  endfacet
  facet normal 0.000000e+00 0.000000e+00 1.000000e+00
    outer loop
      vertex   1.035000e+02 -6.096118e+00 6.908000e+01
      vertex   1.000000e+02 0.000000e+00 6.908000e+01
      vertex   1.000000e+02 -6.096118e+00 6.908000e+01
    endloop
  endfacet
  facet normal 1.000000e+00 0.000000e+00 0.000000e+00
    outer loop
      vertex   1.085000e+02 -1.984612e+01 9.080000e+00
      vertex   1.085000e+02 -4.491014e-01 9.080000e+00
      vertex   1.085000e+02 -1.110223e-15 1.115107e+01
    endloop
  endfacet
  facet normal 1.000000e+00 0.000000e+00 0.000000e+00
    outer loop
      vertex   1.085000e+02 -1.110223e-15 1.115107e+01
      vertex   1.085000e+02 -4.491014e-01 9.080000e+00
      vertex   1.085000e+02 -3.133316e-01 9.408903e+00
    endloop
  endfacet
  facet normal 1.000000e+00 0.000000e+00 0.000000e+00
    outer loop
      vertex   1.085000e+02 -1.110223e-15 1.115107e+01
      vertex   1.085000e+02 -3.133316e-01 9.408903e+00
      vertex   1.085000e+02 -2.012970e-01 9.746629e+00
    endloop
  endfacet
  facet normal 1.000000e+00 0.000000e+00 0.000000e+00
    outer loop
      vertex   1.085000e+02 -2.012970e-01 9.746629e+00
      vertex   1.085000e+02 -1.135651e-01 1.009147e+01
      vertex   1.085000e+02 -1.110223e-15 1.115107e+01
    endloop
  endfacet
  facet normal 1.000000e+00 0.000000e+00 0.000000e+00
    outer loop
      vertex   1.085000e+02 -1.110223e-15 1.115107e+01
      vertex   1.085000e+02 -1.135651e-01 1.009147e+01
      vertex   1.085000e+02 -5.058008e-02 1.044167e+01
    endloop
  endfacet
  facet normal 1.000000e+00 0.000000e+00 0.000000e+00
    outer loop
      vertex   1.085000e+02 -1.110223e-15 1.115107e+01
      vertex   1.085000e+02 -5.058008e-02 1.044167e+01
      vertex   1.085000e+02 -1.266105e-02 1.079547e+01
    endloop
  endfacet
  facet normal 1.000000e+00 0.000000e+00 0.000000e+00
    outer loop
      vertex   1.085000e+02 -1.110223e-15 6.408000e+01
      vertex   1.085000e+02 -6.096118e+00 6.408000e+01
      vertex   1.085000e+02 -1.110223e-15 1.115107e+01
    endloop
  endfacet
  facet normal 1.000000e+00 0.000000e+00 0.000000e+00
    outer loop
      vertex   1.085000e+02 -1.110223e-15 1.115107e+01
      vertex   1.085000e+02 -6.096118e+00 6.408000e+01
      vertex   1.085000e+02 -1.984612e+01 9.080000e+00
    endloop
  endfacet
  facet normal 1.306145e-16 1.000000e+00 -9.665441e-18
    outer loop
      vertex   1.000000e+02 0.000000e+00 1.115107e+01
      vertex   1.042822e+02 0.000000e+00 6.901844e+01
      vertex   1.085000e+02 -1.110223e-15 1.115107e+01
    endloop
  endfacet
  facet normal -3.872406e-18 1.000000e+00 -1.946790e-17
    outer loop
      vertex   1.085000e+02 -1.110223e-15 1.115107e+01
      vertex   1.042822e+02 0.000000e+00 6.901844e+01
      vertex   1.046672e+02 0.000000e+00 6.894185e+01
    endloop
  endfacet
  facet normal -5.521358e-18 1.000000e+00 -1.957726e-17
    outer loop
      vertex   1.085000e+02 -1.110223e-15 1.115107e+01
      vertex   1.046672e+02 0.000000e+00 6.894185e+01
      vertex   1.050451e+02 0.000000e+00 6.883528e+01
    endloop
  endfacet
  facet normal 3.172066e-16 1.000000e+00 0.000000e+00
    outer loop
      vertex   1.000000e+02 0.000000e+00 6.908000e+01
      vertex   1.035000e+02 -1.110223e-15 6.908000e+01
      vertex   1.000000e+02 0.000000e+00 1.115107e+01
    endloop
  endfacet
  facet normal -2.822615e-15 1.000000e+00 1.897044e-16
    outer loop
      vertex   1.000000e+02 0.000000e+00 1.115107e+01
      vertex   1.035000e+02 -1.110223e-15 6.908000e+01
      vertex   1.038923e+02 0.000000e+00 6.906459e+01
    endloop
  endfacet
  facet normal 0.000000e+00 1.000000e+00 0.000000e+00
    outer loop
      vertex   1.000000e+02 0.000000e+00 1.115107e+01
      vertex   1.038923e+02 0.000000e+00 6.906459e+01
      vertex   1.042822e+02 0.000000e+00 6.901844e+01
    endloop
  endfacet
  facet normal -7.260868e-18 1.000000e+00 -1.968145e-17
    outer loop
      vertex   1.050451e+02 0.000000e+00 6.883528e+01
      vertex   1.054134e+02 0.000000e+00 6.869940e+01
      vertex   1.085000e+02 -1.110223e-15 1.115107e+01
    endloop
  endfacet
  facet normal -9.119220e-18 1.000000e+00 -1.978112e-17
    outer loop
      vertex   1.085000e+02 -1.110223e-15 1.115107e+01
      vertex   1.054134e+02 0.000000e+00 6.869940e+01
      vertex   1.057700e+02 0.000000e+00 6.853503e+01
    endloop
  endfacet
  facet normal -1.113157e-17 1.000000e+00 -1.987686e-17
    outer loop
      vertex   1.085000e+02 -1.110223e-15 1.115107e+01
      vertex   1.057700e+02 0.000000e+00 6.853503e+01
      vertex   1.061125e+02 0.000000e+00 6.834320e+01
    endloop
  endfacet
  facet normal -1.334297e-17 1.000000e+00 -1.996917e-17
    outer loop
      vertex   1.061125e+02 0.000000e+00 6.834320e+01
      vertex   1.064389e+02 0.000000e+00 6.812508e+01
      vertex   1.085000e+02 -1.110223e-15 1.115107e+01
    endloop
  endfacet
  facet normal -1.581286e-17 1.000000e+00 -2.005852e-17
    outer loop
      vertex   1.085000e+02 -1.110223e-15 1.115107e+01
      vertex   1.064389e+02 0.000000e+00 6.812508e+01
      vertex   1.067472e+02 0.000000e+00 6.788203e+01
    endloop
  endfacet
  facet normal -1.862214e-17 1.000000e+00 -2.014532e-17
    outer loop
      vertex   1.085000e+02 -1.110223e-15 1.115107e+01
      vertex   1.067472e+02 0.000000e+00 6.788203e+01
      vertex   1.070355e+02 0.000000e+00 6.761553e+01
    endloop
  endfacet
  facet normal 7.581077e-16 1.000000e+00 -0.000000e+00
    outer loop
      vertex   1.085000e+02 -1.110223e-15 1.115107e+01
      vertex   1.070355e+02 0.000000e+00 6.761553e+01
      vertex   1.085000e+02 -1.110223e-15 6.408000e+01
    endloop
  endfacet
  facet normal -6.155090e-16 1.000000e+00 -5.689707e-16
    outer loop
      vertex   1.085000e+02 -1.110223e-15 6.408000e+01
      vertex   1.070355e+02 0.000000e+00 6.761553e+01
      vertex   1.073020e+02 0.000000e+00 6.732724e+01
    endloop
  endfacet
  facet normal -8.151731e-16 1.000000e+00 -6.426306e-16
    outer loop
      vertex   1.085000e+02 -1.110223e-15 6.408000e+01
      vertex   1.073020e+02 0.000000e+00 6.732724e+01
      vertex   1.075451e+02 0.000000e+00 6.701893e+01
    endloop
  endfacet
  facet normal -1.100524e-15 1.000000e+00 -7.353469e-16
    outer loop
      vertex   1.075451e+02 0.000000e+00 6.701893e+01
      vertex   1.077632e+02 0.000000e+00 6.669249e+01
      vertex   1.085000e+02 -1.110223e-15 6.408000e+01
    endloop
  endfacet
  facet normal -1.528670e-15 1.000000e+00 -8.560966e-16
    outer loop
      vertex   1.085000e+02 -1.110223e-15 6.408000e+01
      vertex   1.077632e+02 0.000000e+00 6.669249e+01
      vertex   1.079550e+02 0.000000e+00 6.634995e+01
    endloop
  endfacet
  facet normal -2.213826e-15 1.000000e+00 -1.020588e-15
    outer loop
      vertex   1.085000e+02 -1.110223e-15 6.408000e+01
      vertex   1.079550e+02 0.000000e+00 6.634995e+01
      vertex   1.081194e+02 0.000000e+00 6.599342e+01
    endloop
  endfacet
  facet normal -3.412978e-15 1.000000e+00 -1.259114e-15
    outer loop
      vertex   1.081194e+02 0.000000e+00 6.599342e+01
      vertex   1.082553e+02 0.000000e+00 6.562508e+01
      vertex   1.085000e+02 -1.110223e-15 6.408000e+01
    endloop
  endfacet
  facet normal -5.811420e-15 1.000000e+00 -1.638990e-15
    outer loop
      vertex   1.085000e+02 -1.110223e-15 6.408000e+01
      vertex   1.082553e+02 0.000000e+00 6.562508e+01
      vertex   1.083618e+02 0.000000e+00 6.524723e+01
    endloop
  endfacet
  facet normal -1.180769e-14 1.000000e+00 -2.348695e-15
    outer loop
      vertex   1.085000e+02 -1.110223e-15 6.408000e+01
      vertex   1.083618e+02 0.000000e+00 6.524723e+01
      vertex   1.084384e+02 0.000000e+00 6.486217e+01
    endloop
  endfacet
  facet normal -3.579298e-14 1.000000e+00 -4.236378e-15
    outer loop
      vertex   1.084384e+02 0.000000e+00 6.486217e+01
      vertex   1.084846e+02 0.000000e+00 6.447230e+01
      vertex   1.085000e+02 -1.110223e-15 6.408000e+01
    endloop
  endfacet
endsolid
