solid ASCII
  facet normal -0.000000e+00 3.141076e-02 9.995066e-01
    outer loop
      vertex   1.915000e+01 -5.000000e+00 3.808000e+01
      vertex   2.500000e+01 -5.000000e+00 3.808000e+01
      vertex   1.915000e+01 -4.686047e+00 3.807013e+01
    endloop
  endfacet
  facet normal 4.768950e-18 3.141076e-02 9.995066e-01
    outer loop
      vertex   1.915000e+01 -4.686047e+00 3.807013e+01
      vertex   2.500000e+01 -5.000000e+00 3.808000e+01
      vertex   2.500000e+01 -4.686047e+00 3.807013e+01
    endloop
  endfacet
  facet normal 1.428803e-17 9.410831e-02 9.955620e-01
    outer loop
      vertex   1.915000e+01 -4.686047e+00 3.807013e+01
      vertex   2.500000e+01 -4.686047e+00 3.807013e+01
      vertex   1.915000e+01 -4.373334e+00 3.804057e+01
    endloop
  endfacet
  facet normal -1.223501e-15 9.410831e-02 9.955620e-01
    outer loop
      vertex   1.915000e+01 -4.373334e+00 3.804057e+01
      vertex   2.500000e+01 -4.686047e+00 3.807013e+01
      vertex   2.500000e+01 -4.373334e+00 3.804057e+01
    endloop
  endfacet
  facet normal -1.223400e-15 1.564345e-01 9.876883e-01
    outer loop
      vertex   1.915000e+01 -4.373334e+00 3.804057e+01
      vertex   2.500000e+01 -4.373334e+00 3.804057e+01
      vertex   1.915000e+01 -4.063093e+00 3.799144e+01
    endloop
  endfacet
  facet normal -0.000000e+00 1.564345e-01 9.876883e-01
    outer loop
      vertex   1.915000e+01 -4.063093e+00 3.799144e+01
      vertex   2.500000e+01 -4.373334e+00 3.804057e+01
      vertex   2.500000e+01 -4.063093e+00 3.799144e+01
    endloop
  endfacet
  facet normal -0.000000e+00 2.181432e-01 9.759168e-01
    outer loop
      vertex   1.915000e+01 -4.063093e+00 3.799144e+01
      vertex   2.500000e+01 -4.063093e+00 3.799144e+01
      vertex   1.915000e+01 -3.756551e+00 3.792292e+01
    endloop
  endfacet
  facet normal 1.655984e-17 2.181432e-01 9.759168e-01
    outer loop
      vertex   1.915000e+01 -3.756551e+00 3.792292e+01
      vertex   2.500000e+01 -4.063093e+00 3.799144e+01
      vertex   2.500000e+01 -3.756551e+00 3.792292e+01
    endloop
  endfacet
  facet normal 2.117896e-17 2.789911e-01 9.602937e-01
    outer loop
      vertex   1.915000e+01 -3.756551e+00 3.792292e+01
      vertex   2.500000e+01 -3.756551e+00 3.792292e+01
      vertex   1.915000e+01 -3.454915e+00 3.783528e+01
    endloop
  endfacet
  facet normal -0.000000e+00 2.789911e-01 9.602937e-01
    outer loop
      vertex   1.915000e+01 -3.454915e+00 3.783528e+01
      vertex   2.500000e+01 -3.756551e+00 3.792292e+01
      vertex   2.500000e+01 -3.454915e+00 3.783528e+01
    endloop
  endfacet
  facet normal -0.000000e+00 3.387379e-01 9.408808e-01
    outer loop
      vertex   1.915000e+01 -3.454915e+00 3.783528e+01
      vertex   2.500000e+01 -3.454915e+00 3.783528e+01
      vertex   1.915000e+01 -3.159377e+00 3.772888e+01
    endloop
  endfacet
  facet normal -0.000000e+00 3.387379e-01 9.408808e-01
    outer loop
      vertex   1.915000e+01 -3.159377e+00 3.772888e+01
      vertex   2.500000e+01 -3.454915e+00 3.783528e+01
      vertex   2.500000e+01 -3.159377e+00 3.772888e+01
    endloop
  endfacet
  facet normal -0.000000e+00 3.971479e-01 9.177546e-01
    outer loop
      vertex   1.915000e+01 -3.159377e+00 3.772888e+01
      vertex   2.500000e+01 -3.159377e+00 3.772888e+01
      vertex   1.915000e+01 -2.871104e+00 3.760414e+01
    endloop
  endfacet
  facet normal 3.014856e-17 3.971479e-01 9.177546e-01
    outer loop
      vertex   1.915000e+01 -2.871104e+00 3.760414e+01
      vertex   2.500000e+01 -3.159377e+00 3.772888e+01
      vertex   2.500000e+01 -2.871104e+00 3.760414e+01
    endloop
  endfacet
  facet normal 3.446364e-17 4.539905e-01 8.910065e-01
    outer loop
      vertex   1.915000e+01 -2.871104e+00 3.760414e+01
      vertex   2.500000e+01 -2.871104e+00 3.760414e+01
      vertex   1.915000e+01 -2.591232e+00 3.746153e+01
    endloop
  endfacet
  facet normal -0.000000e+00 4.539905e-01 8.910065e-01
    outer loop
      vertex   1.915000e+01 -2.591232e+00 3.746153e+01
      vertex   2.500000e+01 -2.871104e+00 3.760414e+01
      vertex   2.500000e+01 -2.591232e+00 3.746153e+01
    endloop
  endfacet
  facet normal -0.000000e+00 5.090414e-01 8.607420e-01
    outer loop
      vertex   1.915000e+01 -2.591232e+00 3.746153e+01
      vertex   2.500000e+01 -2.591232e+00 3.746153e+01
      vertex   1.915000e+01 -2.320866e+00 3.730164e+01
    endloop
  endfacet
  facet normal 7.728540e-17 5.090414e-01 8.607420e-01
    outer loop
      vertex   1.915000e+01 -2.320866e+00 3.730164e+01
      vertex   2.500000e+01 -2.591232e+00 3.746153e+01
      vertex   2.500000e+01 -2.320866e+00 3.730164e+01
    endloop
  endfacet
  facet normal 8.533852e-17 5.620834e-01 8.270806e-01
    outer loop
      vertex   1.915000e+01 -2.320866e+00 3.730164e+01
      vertex   2.500000e+01 -2.320866e+00 3.730164e+01
      vertex   1.915000e+01 -2.061074e+00 3.712508e+01
    endloop
  endfacet
  facet normal -0.000000e+00 5.620834e-01 8.270806e-01
    outer loop
      vertex   1.915000e+01 -2.061074e+00 3.712508e+01
      vertex   2.500000e+01 -2.320866e+00 3.730164e+01
      vertex   2.500000e+01 -2.061074e+00 3.712508e+01
    endloop
  endfacet
  facet normal -0.000000e+00 6.129071e-01 7.901550e-01
    outer loop
      vertex   1.915000e+01 -2.061074e+00 3.712508e+01
      vertex   2.500000e+01 -2.061074e+00 3.712508e+01
      vertex   1.915000e+01 -1.812880e+00 3.693257e+01
    endloop
  endfacet
  facet normal 2.326371e-17 6.129071e-01 7.901550e-01
    outer loop
      vertex   1.915000e+01 -1.812880e+00 3.693257e+01
      vertex   2.500000e+01 -2.061074e+00 3.712508e+01
      vertex   2.500000e+01 -1.812880e+00 3.693257e+01
    endloop
  endfacet
  facet normal 2.510098e-17 6.613119e-01 7.501111e-01
    outer loop
      vertex   1.915000e+01 -1.812880e+00 3.693257e+01
      vertex   2.500000e+01 -1.812880e+00 3.693257e+01
      vertex   1.915000e+01 -1.577264e+00 3.672484e+01
    endloop
  endfacet
  facet normal 9.863901e-16 6.613119e-01 7.501111e-01
    outer loop
      vertex   1.915000e+01 -1.577264e+00 3.672484e+01
      vertex   2.500000e+01 -1.812880e+00 3.693257e+01
      vertex   2.500000e+01 -1.577264e+00 3.672484e+01
    endloop
  endfacet
  facet normal 9.393716e-16 7.071068e-01 7.071068e-01
    outer loop
      vertex   1.915000e+01 -1.577264e+00 3.672484e+01
      vertex   2.500000e+01 -1.577264e+00 3.672484e+01
      vertex   1.915000e+01 -1.355157e+00 3.650274e+01
    endloop
  endfacet
  facet normal 5.367837e-17 7.071068e-01 7.071068e-01
    outer loop
      vertex   1.915000e+01 -1.355157e+00 3.650274e+01
      vertex   2.500000e+01 -1.577264e+00 3.672484e+01
      vertex   2.500000e+01 -1.355157e+00 3.650274e+01
    endloop
  endfacet
  facet normal 5.694295e-17 7.501111e-01 6.613119e-01
    outer loop
      vertex   1.915000e+01 -1.355157e+00 3.650274e+01
      vertex   2.500000e+01 -1.355157e+00 3.650274e+01
      vertex   1.915000e+01 -1.147434e+00 3.626712e+01
    endloop
  endfacet
  facet normal 8.541442e-17 7.501111e-01 6.613119e-01
    outer loop
      vertex   1.915000e+01 -1.147434e+00 3.626712e+01
      vertex   2.500000e+01 -1.355157e+00 3.650274e+01
      vertex   2.500000e+01 -1.147434e+00 3.626712e+01
    endloop
  endfacet
  facet normal 8.997418e-17 7.901550e-01 6.129071e-01
    outer loop
      vertex   1.915000e+01 -1.147434e+00 3.626712e+01
      vertex   2.500000e+01 -1.147434e+00 3.626712e+01
      vertex   1.915000e+01 -9.549150e-01 3.601893e+01
    endloop
  endfacet
  facet normal 7.444387e-16 7.901550e-01 6.129071e-01
    outer loop
      vertex   1.915000e+01 -9.549150e-01 3.601893e+01
      vertex   2.500000e+01 -1.147434e+00 3.626712e+01
      vertex   2.500000e+01 -9.549150e-01 3.601893e+01
    endloop
  endfacet
  facet normal 6.827081e-16 8.270806e-01 5.620834e-01
    outer loop
      vertex   1.915000e+01 -9.549150e-01 3.601893e+01
      vertex   2.500000e+01 -9.549150e-01 3.601893e+01
      vertex   1.915000e+01 -7.783604e-01 3.575913e+01
    endloop
  endfacet
  facet normal 1.569648e-17 8.270806e-01 5.620834e-01
    outer loop
      vertex   1.915000e+01 -7.783604e-01 3.575913e+01
      vertex   2.500000e+01 -9.549150e-01 3.601893e+01
      vertex   2.500000e+01 -7.783604e-01 3.575913e+01
    endloop
  endfacet
  facet normal 1.633531e-17 8.607420e-01 5.090414e-01
    outer loop
      vertex   1.915000e+01 -7.783604e-01 3.575913e+01
      vertex   2.500000e+01 -7.783604e-01 3.575913e+01
      vertex   1.915000e+01 -6.184666e-01 3.548877e+01
    endloop
  endfacet
  facet normal 1.633531e-17 8.607420e-01 5.090414e-01
    outer loop
      vertex   1.915000e+01 -6.184666e-01 3.548877e+01
      vertex   2.500000e+01 -7.783604e-01 3.575913e+01
      vertex   2.500000e+01 -6.184666e-01 3.548877e+01
    endloop
  endfacet
  facet normal 1.690967e-17 8.910065e-01 4.539905e-01
    outer loop
      vertex   1.915000e+01 -6.184666e-01 3.548877e+01
      vertex   2.500000e+01 -6.184666e-01 3.548877e+01
      vertex   1.915000e+01 -4.758647e-01 3.520890e+01
    endloop
  endfacet
  facet normal 4.227419e-17 8.910065e-01 4.539905e-01
    outer loop
      vertex   1.915000e+01 -4.758647e-01 3.520890e+01
      vertex   2.500000e+01 -6.184666e-01 3.548877e+01
      vertex   2.500000e+01 -4.758647e-01 3.520890e+01
    endloop
  endfacet
  facet normal 4.354326e-17 9.177546e-01 3.971479e-01
    outer loop
      vertex   1.915000e+01 -4.758647e-01 3.520890e+01
      vertex   2.500000e+01 -4.758647e-01 3.520890e+01
      vertex   1.915000e+01 -3.511176e-01 3.492062e+01
    endloop
  endfacet
  facet normal 8.708652e-17 9.177546e-01 3.971479e-01
    outer loop
      vertex   1.915000e+01 -3.511176e-01 3.492062e+01
      vertex   2.500000e+01 -4.758647e-01 3.520890e+01
      vertex   2.500000e+01 -3.511176e-01 3.492062e+01
    endloop
  endfacet
  facet normal 8.928098e-17 9.408808e-01 3.387379e-01
    outer loop
      vertex   1.915000e+01 -3.511176e-01 3.492062e+01
      vertex   2.500000e+01 -3.511176e-01 3.492062e+01
      vertex   1.915000e+01 -2.447174e-01 3.462508e+01
    endloop
  endfacet
  facet normal 4.464049e-17 9.408808e-01 3.387379e-01
    outer loop
      vertex   1.915000e+01 -2.447174e-01 3.462508e+01
      vertex   2.500000e+01 -3.511176e-01 3.492062e+01
      vertex   2.500000e+01 -2.447174e-01 3.462508e+01
    endloop
  endfacet
  facet normal 4.556155e-17 9.602937e-01 2.789911e-01
    outer loop
      vertex   1.915000e+01 -2.447174e-01 3.462508e+01
      vertex   2.500000e+01 -2.447174e-01 3.462508e+01
      vertex   1.915000e+01 -1.570842e-01 3.432345e+01
    endloop
  endfacet
  facet normal 4.556155e-17 9.602937e-01 2.789911e-01
    outer loop
      vertex   1.915000e+01 -1.570842e-01 3.432345e+01
      vertex   2.500000e+01 -2.447174e-01 3.462508e+01
      vertex   2.500000e+01 -1.570842e-01 3.432345e+01
    endloop
  endfacet
  facet normal 4.630279e-17 9.759168e-01 2.181432e-01
    outer loop
      vertex   1.915000e+01 -1.570842e-01 3.432345e+01
      vertex   2.500000e+01 -1.570842e-01 3.432345e+01
      vertex   1.915000e+01 -8.856375e-02 3.401691e+01
    endloop
  endfacet
  facet normal 9.260558e-17 9.759168e-01 2.181432e-01
    outer loop
      vertex   1.915000e+01 -8.856375e-02 3.401691e+01
      vertex   2.500000e+01 -1.570842e-01 3.432345e+01
      vertex   2.500000e+01 -8.856375e-02 3.401691e+01
    endloop
  endfacet
  facet normal 9.372259e-17 9.876883e-01 1.564345e-01
    outer loop
      vertex   1.915000e+01 -8.856375e-02 3.401691e+01
      vertex   2.500000e+01 -8.856375e-02 3.401691e+01
      vertex   1.915000e+01 -3.942649e-02 3.370667e+01
    endloop
  endfacet
  facet normal 9.372259e-17 9.876883e-01 1.564345e-01
    outer loop
      vertex   1.915000e+01 -3.942649e-02 3.370667e+01
      vertex   2.500000e+01 -8.856375e-02 3.401691e+01
      vertex   2.500000e+01 -3.942649e-02 3.370667e+01
    endloop
  endfacet
  facet normal 9.446973e-17 9.955620e-01 9.410831e-02
    outer loop
      vertex   1.915000e+01 -3.942649e-02 3.370667e+01
      vertex   2.500000e+01 -3.942649e-02 3.370667e+01
      vertex   1.915000e+01 -9.866358e-03 3.339395e+01
    endloop
  endfacet
  facet normal 1.417046e-16 9.955620e-01 9.410831e-02
    outer loop
      vertex   1.915000e+01 -9.866358e-03 3.339395e+01
      vertex   2.500000e+01 -3.942649e-02 3.370667e+01
      vertex   2.500000e+01 -9.866358e-03 3.339395e+01
    endloop
  endfacet
  facet normal 1.422661e-16 9.995066e-01 3.141076e-02
    outer loop
      vertex   1.915000e+01 -9.866358e-03 3.339395e+01
      vertex   2.500000e+01 -9.866358e-03 3.339395e+01
      vertex   1.915000e+01 2.220446e-15 3.308000e+01
    endloop
  endfacet
  facet normal -1.896881e-16 9.995066e-01 3.141076e-02
    outer loop
      vertex   1.915000e+01 2.220446e-15 3.308000e+01
      vertex   2.500000e+01 -9.866358e-03 3.339395e+01
      vertex   2.500000e+01 3.330669e-15 3.308000e+01
    endloop
  endfacet
  facet normal -3.141076e-02 9.995066e-01 4.623647e-17
    outer loop
      vertex   1.883605e+01 -9.866358e-03 9.080000e+00
      vertex   1.883605e+01 -9.866358e-03 1.508000e+01
      vertex   1.915000e+01 2.220446e-15 9.080000e+00
    endloop
  endfacet
  facet normal -3.141076e-02 9.995066e-01 -6.817913e-20
    outer loop
      vertex   1.915000e+01 2.220446e-15 9.080000e+00
      vertex   1.883605e+01 -9.866358e-03 1.508000e+01
      vertex   1.883605e+01 -9.866358e-03 2.108000e+01
    endloop
  endfacet
  facet normal -3.141076e-02 9.995066e-01 0.000000e+00
    outer loop
      vertex   1.915000e+01 2.220446e-15 9.080000e+00
      vertex   1.883605e+01 -9.866358e-03 2.108000e+01
      vertex   1.915000e+01 2.220446e-15 3.308000e+01
    endloop
  endfacet
  facet normal -3.141076e-02 9.995066e-01 -6.817913e-20
    outer loop
      vertex   1.915000e+01 2.220446e-15 3.308000e+01
      vertex   1.883605e+01 -9.866358e-03 2.108000e+01
      vertex   1.883605e+01 -9.866358e-03 2.708000e+01
    endloop
  endfacet
  facet normal -3.141076e-02 9.995066e-01 -1.850140e-16
    outer loop
      vertex   1.915000e+01 2.220446e-15 3.308000e+01
      vertex   1.883605e+01 -9.866358e-03 2.708000e+01
      vertex   1.883605e+01 -9.866358e-03 3.308000e+01
    endloop
  endfacet
  facet normal -9.410831e-02 9.955620e-01 -1.842160e-16
    outer loop
      vertex   1.883605e+01 -9.866358e-03 3.308000e+01
      vertex   1.883605e+01 -9.866358e-03 2.708000e+01
      vertex   1.852333e+01 -3.942649e-02 3.308000e+01
    endloop
  endfacet
  facet normal -9.410831e-02 9.955620e-01 -9.210798e-17
    outer loop
      vertex   1.852333e+01 -3.942649e-02 3.308000e+01
      vertex   1.883605e+01 -9.866358e-03 2.708000e+01
      vertex   1.852333e+01 -3.942649e-02 2.708000e+01
    endloop
  endfacet
  facet normal -1.564345e-01 9.876883e-01 -9.137953e-17
    outer loop
      vertex   1.852333e+01 -3.942649e-02 3.308000e+01
      vertex   1.852333e+01 -3.942649e-02 2.708000e+01
      vertex   1.821309e+01 -8.856375e-02 3.308000e+01
    endloop
  endfacet
  facet normal -1.564345e-01 9.876883e-01 -9.137953e-17
    outer loop
      vertex   1.821309e+01 -8.856375e-02 3.308000e+01
      vertex   1.852333e+01 -3.942649e-02 2.708000e+01
      vertex   1.821309e+01 -8.856375e-02 2.708000e+01
    endloop
  endfacet
  facet normal -2.181432e-01 9.759168e-01 -9.029044e-17
    outer loop
      vertex   1.821309e+01 -8.856375e-02 3.308000e+01
      vertex   1.821309e+01 -8.856375e-02 2.708000e+01
      vertex   1.790655e+01 -1.570842e-01 3.308000e+01
    endloop
  endfacet
  facet normal -2.181432e-01 9.759168e-01 0.000000e+00
    outer loop
      vertex   1.790655e+01 -1.570842e-01 3.308000e+01
      vertex   1.821309e+01 -8.856375e-02 2.708000e+01
      vertex   1.790655e+01 -1.570842e-01 2.708000e+01
    endloop
  endfacet
  facet normal -2.789911e-01 9.602937e-01 0.000000e+00
    outer loop
      vertex   1.790655e+01 -1.570842e-01 3.308000e+01
      vertex   1.790655e+01 -1.570842e-01 2.708000e+01
      vertex   1.760492e+01 -2.447174e-01 3.308000e+01
    endloop
  endfacet
  facet normal -2.789911e-01 9.602937e-01 -8.884501e-17
    outer loop
      vertex   1.760492e+01 -2.447174e-01 3.308000e+01
      vertex   1.790655e+01 -1.570842e-01 2.708000e+01
      vertex   1.760492e+01 -2.447174e-01 2.708000e+01
    endloop
  endfacet
  facet normal -3.387379e-01 9.408808e-01 -8.704896e-17
    outer loop
      vertex   1.760492e+01 -2.447174e-01 3.308000e+01
      vertex   1.760492e+01 -2.447174e-01 2.708000e+01
      vertex   1.730938e+01 -3.511176e-01 3.308000e+01
    endloop
  endfacet
  facet normal -3.387379e-01 9.408808e-01 -8.704896e-17
    outer loop
      vertex   1.730938e+01 -3.511176e-01 3.308000e+01
      vertex   1.760492e+01 -2.447174e-01 2.708000e+01
      vertex   1.730938e+01 -3.511176e-01 2.708000e+01
    endloop
  endfacet
  facet normal -3.971479e-01 9.177546e-01 -8.490936e-17
    outer loop
      vertex   1.730938e+01 -3.511176e-01 3.308000e+01
      vertex   1.730938e+01 -3.511176e-01 2.708000e+01
      vertex   1.702110e+01 -4.758647e-01 3.308000e+01
    endloop
  endfacet
  facet normal -3.971479e-01 9.177546e-01 -1.698187e-16
    outer loop
      vertex   1.702110e+01 -4.758647e-01 3.308000e+01
      vertex   1.730938e+01 -3.511176e-01 2.708000e+01
      vertex   1.702110e+01 -4.758647e-01 2.708000e+01
    endloop
  endfacet
  facet normal -4.539905e-01 8.910065e-01 -1.648693e-16
    outer loop
      vertex   1.702110e+01 -4.758647e-01 3.308000e+01
      vertex   1.702110e+01 -4.758647e-01 2.708000e+01
      vertex   1.674123e+01 -6.184666e-01 3.308000e+01
    endloop
  endfacet
  facet normal -4.539905e-01 8.910065e-01 -1.648693e-16
    outer loop
      vertex   1.674123e+01 -6.184666e-01 3.308000e+01
      vertex   1.702110e+01 -4.758647e-01 2.708000e+01
      vertex   1.674123e+01 -6.184666e-01 2.708000e+01
    endloop
  endfacet
  facet normal -5.090414e-01 8.607420e-01 -1.592693e-16
    outer loop
      vertex   1.674123e+01 -6.184666e-01 3.308000e+01
      vertex   1.674123e+01 -6.184666e-01 2.708000e+01
      vertex   1.647087e+01 -7.783604e-01 3.308000e+01
    endloop
  endfacet
  facet normal -5.090414e-01 8.607420e-01 0.000000e+00
    outer loop
      vertex   1.647087e+01 -7.783604e-01 3.308000e+01
      vertex   1.674123e+01 -6.184666e-01 2.708000e+01
      vertex   1.647087e+01 -7.783604e-01 2.708000e+01
    endloop
  endfacet
  facet normal -5.620834e-01 8.270806e-01 0.000000e+00
    outer loop
      vertex   1.647087e+01 -7.783604e-01 3.308000e+01
      vertex   1.647087e+01 -7.783604e-01 2.708000e+01
      vertex   1.621107e+01 -9.549150e-01 3.308000e+01
    endloop
  endfacet
  facet normal -5.620834e-01 8.270806e-01 0.000000e+00
    outer loop
      vertex   1.621107e+01 -9.549150e-01 3.308000e+01
      vertex   1.647087e+01 -7.783604e-01 2.708000e+01
      vertex   1.621107e+01 -9.549150e-01 2.708000e+01
    endloop
  endfacet
  facet normal -6.129071e-01 7.901550e-01 0.000000e+00
    outer loop
      vertex   1.621107e+01 -9.549150e-01 3.308000e+01
      vertex   1.621107e+01 -9.549150e-01 2.708000e+01
      vertex   1.596288e+01 -1.147434e+00 3.308000e+01
    endloop
  endfacet
  facet normal -6.129071e-01 7.901550e-01 -3.629139e-16
    outer loop
      vertex   1.596288e+01 -1.147434e+00 3.308000e+01
      vertex   1.621107e+01 -9.549150e-01 2.708000e+01
      vertex   1.596288e+01 -1.147434e+00 2.708000e+01
    endloop
  endfacet
  facet normal -6.613119e-01 7.501111e-01 -3.915753e-16
    outer loop
      vertex   1.596288e+01 -1.147434e+00 3.308000e+01
      vertex   1.596288e+01 -1.147434e+00 2.708000e+01
      vertex   1.572726e+01 -1.355157e+00 3.308000e+01
    endloop
  endfacet
  facet normal -6.613119e-01 7.501111e-01 -8.327906e-17
    outer loop
      vertex   1.572726e+01 -1.355157e+00 3.308000e+01
      vertex   1.596288e+01 -1.147434e+00 2.708000e+01
      vertex   1.572726e+01 -1.355157e+00 2.708000e+01
    endloop
  endfacet
  facet normal -7.071068e-01 7.071068e-01 -7.850462e-17
    outer loop
      vertex   1.572726e+01 -1.355157e+00 3.308000e+01
      vertex   1.572726e+01 -1.355157e+00 2.708000e+01
      vertex   1.550516e+01 -1.577264e+00 3.308000e+01
    endloop
  endfacet
  facet normal -7.071068e-01 7.071068e-01 -1.308410e-16
    outer loop
      vertex   1.550516e+01 -1.577264e+00 3.308000e+01
      vertex   1.572726e+01 -1.355157e+00 2.708000e+01
      vertex   1.550516e+01 -1.577264e+00 2.708000e+01
    endloop
  endfacet
  facet normal -7.501111e-01 6.613119e-01 -1.223673e-16
    outer loop
      vertex   1.550516e+01 -1.577264e+00 3.308000e+01
      vertex   1.550516e+01 -1.577264e+00 2.708000e+01
      vertex   1.529743e+01 -1.812880e+00 3.308000e+01
    endloop
  endfacet
  facet normal -7.501111e-01 6.613119e-01 0.000000e+00
    outer loop
      vertex   1.529743e+01 -1.812880e+00 3.308000e+01
      vertex   1.550516e+01 -1.577264e+00 2.708000e+01
      vertex   1.529743e+01 -1.812880e+00 2.708000e+01
    endloop
  endfacet
  facet normal -7.901550e-01 6.129071e-01 0.000000e+00
    outer loop
      vertex   1.529743e+01 -1.812880e+00 3.308000e+01
      vertex   1.529743e+01 -1.812880e+00 2.708000e+01
      vertex   1.510492e+01 -2.061074e+00 3.308000e+01
    endloop
  endfacet
  facet normal -7.901550e-01 6.129071e-01 0.000000e+00
    outer loop
      vertex   1.510492e+01 -2.061074e+00 3.308000e+01
      vertex   1.529743e+01 -1.812880e+00 2.708000e+01
      vertex   1.510492e+01 -2.061074e+00 2.708000e+01
    endloop
  endfacet
  facet normal -8.270806e-01 5.620834e-01 0.000000e+00
    outer loop
      vertex   1.510492e+01 -2.061074e+00 3.308000e+01
      vertex   1.510492e+01 -2.061074e+00 2.708000e+01
      vertex   1.492836e+01 -2.320866e+00 3.308000e+01
    endloop
  endfacet
  facet normal -8.270806e-01 5.620834e-01 -5.729351e-16
    outer loop
      vertex   1.492836e+01 -2.320866e+00 3.308000e+01
      vertex   1.510492e+01 -2.061074e+00 2.708000e+01
      vertex   1.492836e+01 -2.320866e+00 2.708000e+01
    endloop
  endfacet
  facet normal -8.607420e-01 5.090414e-01 -5.850149e-16
    outer loop
      vertex   1.492836e+01 -2.320866e+00 3.308000e+01
      vertex   1.492836e+01 -2.320866e+00 2.708000e+01
      vertex   1.476847e+01 -2.591232e+00 3.308000e+01
    endloop
  endfacet
  facet normal -8.607420e-01 5.090414e-01 -3.767663e-17
    outer loop
      vertex   1.476847e+01 -2.591232e+00 3.308000e+01
      vertex   1.492836e+01 -2.320866e+00 2.708000e+01
      vertex   1.476847e+01 -2.591232e+00 2.708000e+01
    endloop
  endfacet
  facet normal -8.910065e-01 4.539905e-01 -3.360205e-17
    outer loop
      vertex   1.476847e+01 -2.591232e+00 3.308000e+01
      vertex   1.476847e+01 -2.591232e+00 2.708000e+01
      vertex   1.462586e+01 -2.871104e+00 3.308000e+01
    endloop
  endfacet
  facet normal -8.910065e-01 4.539905e-01 -3.360205e-17
    outer loop
      vertex   1.462586e+01 -2.871104e+00 3.308000e+01
      vertex   1.476847e+01 -2.591232e+00 2.708000e+01
      vertex   1.462586e+01 -2.871104e+00 2.708000e+01
    endloop
  endfacet
  facet normal -9.177546e-01 3.971479e-01 -2.939485e-17
    outer loop
      vertex   1.462586e+01 -2.871104e+00 3.308000e+01
      vertex   1.462586e+01 -2.871104e+00 2.708000e+01
      vertex   1.450112e+01 -3.159377e+00 3.308000e+01
    endloop
  endfacet
  facet normal -9.177546e-01 3.971479e-01 0.000000e+00
    outer loop
      vertex   1.450112e+01 -3.159377e+00 3.308000e+01
      vertex   1.462586e+01 -2.871104e+00 2.708000e+01
      vertex   1.450112e+01 -3.159377e+00 2.708000e+01
    endloop
  endfacet
  facet normal -9.408808e-01 3.387379e-01 0.000000e+00
    outer loop
      vertex   1.450112e+01 -3.159377e+00 3.308000e+01
      vertex   1.450112e+01 -3.159377e+00 2.708000e+01
      vertex   1.439472e+01 -3.454915e+00 3.308000e+01
    endloop
  endfacet
  facet normal -9.408808e-01 3.387379e-01 0.000000e+00
    outer loop
      vertex   1.439472e+01 -3.454915e+00 3.308000e+01
      vertex   1.450112e+01 -3.159377e+00 2.708000e+01
      vertex   1.439472e+01 -3.454915e+00 2.708000e+01
    endloop
  endfacet
  facet normal -9.602937e-01 2.789911e-01 0.000000e+00
    outer loop
      vertex   1.439472e+01 -3.454915e+00 3.308000e+01
      vertex   1.439472e+01 -3.454915e+00 2.708000e+01
      vertex   1.430708e+01 -3.756551e+00 3.308000e+01
    endloop
  endfacet
  facet normal -9.602937e-01 2.789911e-01 -4.129898e-17
    outer loop
      vertex   1.430708e+01 -3.756551e+00 3.308000e+01
      vertex   1.439472e+01 -3.454915e+00 2.708000e+01
      vertex   1.430708e+01 -3.756551e+00 2.708000e+01
    endloop
  endfacet
  facet normal -9.759168e-01 2.181432e-01 -3.229169e-17
    outer loop
      vertex   1.430708e+01 -3.756551e+00 3.308000e+01
      vertex   1.430708e+01 -3.756551e+00 2.708000e+01
      vertex   1.423856e+01 -4.063093e+00 3.308000e+01
    endloop
  endfacet
  facet normal -9.759168e-01 2.181432e-01 -3.229169e-17
    outer loop
      vertex   1.423856e+01 -4.063093e+00 3.308000e+01
      vertex   1.430708e+01 -3.756551e+00 2.708000e+01
      vertex   1.423856e+01 -4.063093e+00 2.708000e+01
    endloop
  endfacet
  facet normal -9.876883e-01 1.564345e-01 -2.315695e-17
    outer loop
      vertex   1.423856e+01 -4.063093e+00 3.308000e+01
      vertex   1.423856e+01 -4.063093e+00 2.708000e+01
      vertex   1.418943e+01 -4.373334e+00 3.308000e+01
    endloop
  endfacet
  facet normal -9.876883e-01 1.564345e-01 -2.924145e-16
    outer loop
      vertex   1.418943e+01 -4.373334e+00 3.308000e+01
      vertex   1.423856e+01 -4.063093e+00 2.708000e+01
      vertex   1.418943e+01 -4.373334e+00 2.708000e+01
    endloop
  endfacet
  facet normal -9.955620e-01 9.410831e-02 -2.947456e-16
    outer loop
      vertex   1.418943e+01 -4.373334e+00 3.308000e+01
      vertex   1.418943e+01 -4.373334e+00 2.708000e+01
      vertex   1.415987e+01 -4.686047e+00 3.308000e+01
    endloop
  endfacet
  facet normal -9.955620e-01 9.410831e-02 -1.393083e-17
    outer loop
      vertex   1.415987e+01 -4.686047e+00 3.308000e+01
      vertex   1.418943e+01 -4.373334e+00 2.708000e+01
      vertex   1.415987e+01 -4.686047e+00 2.708000e+01
    endloop
  endfacet
  facet normal -9.995066e-01 3.141076e-02 -4.649726e-18
    outer loop
      vertex   1.415987e+01 -4.686047e+00 3.308000e+01
      vertex   1.415987e+01 -4.686047e+00 2.708000e+01
      vertex   1.415000e+01 -5.000000e+00 3.308000e+01
    endloop
  endfacet
  facet normal -9.995066e-01 3.141076e-02 1.087778e-19
    outer loop
      vertex   1.415000e+01 -5.000000e+00 3.308000e+01
      vertex   1.415987e+01 -4.686047e+00 2.708000e+01
      vertex   1.415987e+01 -4.686047e+00 2.108000e+01
    endloop
  endfacet
  facet normal -9.995066e-01 3.141076e-02 0.000000e+00
    outer loop
      vertex   1.415000e+01 -5.000000e+00 3.308000e+01
      vertex   1.415987e+01 -4.686047e+00 2.108000e+01
      vertex   1.415000e+01 -5.000000e+00 9.080000e+00
    endloop
  endfacet
  facet normal -9.995066e-01 3.141076e-02 1.087778e-19
    outer loop
      vertex   1.415000e+01 -5.000000e+00 9.080000e+00
      vertex   1.415987e+01 -4.686047e+00 2.108000e+01
      vertex   1.415987e+01 -4.686047e+00 1.508000e+01
    endloop
  endfacet
  facet normal -9.995066e-01 3.141076e-02 1.087778e-19
    outer loop
      vertex   1.415000e+01 -5.000000e+00 9.080000e+00
      vertex   1.415987e+01 -4.686047e+00 1.508000e+01
      vertex   1.415987e+01 -4.686047e+00 9.080000e+00
    endloop
  endfacet
  facet normal -9.955620e-01 9.410831e-02 0.000000e+00
    outer loop
      vertex   1.415987e+01 -4.686047e+00 9.080000e+00
      vertex   1.415987e+01 -4.686047e+00 1.508000e+01
      vertex   1.418943e+01 -4.373334e+00 9.080000e+00
    endloop
  endfacet
  facet normal -9.955620e-01 9.410831e-02 0.000000e+00
    outer loop
      vertex   1.418943e+01 -4.373334e+00 9.080000e+00
      vertex   1.415987e+01 -4.686047e+00 1.508000e+01
      vertex   1.418943e+01 -4.373334e+00 1.508000e+01
    endloop
  endfacet
  facet normal -9.876883e-01 1.564345e-01 0.000000e+00
    outer loop
      vertex   1.418943e+01 -4.373334e+00 9.080000e+00
      vertex   1.418943e+01 -4.373334e+00 1.508000e+01
      vertex   1.423856e+01 -4.063093e+00 9.080000e+00
    endloop
  endfacet
  facet normal -9.876883e-01 1.564345e-01 -2.924145e-16
    outer loop
      vertex   1.423856e+01 -4.063093e+00 9.080000e+00
      vertex   1.418943e+01 -4.373334e+00 1.508000e+01
      vertex   1.423856e+01 -4.063093e+00 1.508000e+01
    endloop
  endfacet
  facet normal -9.759168e-01 2.181432e-01 -2.889294e-16
    outer loop
      vertex   1.423856e+01 -4.063093e+00 9.080000e+00
      vertex   1.423856e+01 -4.063093e+00 1.508000e+01
      vertex   1.430708e+01 -3.756551e+00 9.080000e+00
    endloop
  endfacet
  facet normal -9.759168e-01 2.181432e-01 -2.889294e-16
    outer loop
      vertex   1.430708e+01 -3.756551e+00 9.080000e+00
      vertex   1.423856e+01 -4.063093e+00 1.508000e+01
      vertex   1.430708e+01 -3.756551e+00 1.508000e+01
    endloop
  endfacet
  facet normal -9.602937e-01 2.789911e-01 -2.843040e-16
    outer loop
      vertex   1.430708e+01 -3.756551e+00 9.080000e+00
      vertex   1.430708e+01 -3.756551e+00 1.508000e+01
      vertex   1.439472e+01 -3.454915e+00 9.080000e+00
    endloop
  endfacet
  facet normal -9.602937e-01 2.789911e-01 0.000000e+00
    outer loop
      vertex   1.439472e+01 -3.454915e+00 9.080000e+00
      vertex   1.430708e+01 -3.756551e+00 1.508000e+01
      vertex   1.439472e+01 -3.454915e+00 1.508000e+01
    endloop
  endfacet
  facet normal -9.408808e-01 3.387379e-01 0.000000e+00
    outer loop
      vertex   1.439472e+01 -3.454915e+00 9.080000e+00
      vertex   1.439472e+01 -3.454915e+00 1.508000e+01
      vertex   1.450112e+01 -3.159377e+00 9.080000e+00
    endloop
  endfacet
  facet normal -9.408808e-01 3.387379e-01 0.000000e+00
    outer loop
      vertex   1.450112e+01 -3.159377e+00 9.080000e+00
      vertex   1.439472e+01 -3.454915e+00 1.508000e+01
      vertex   1.450112e+01 -3.159377e+00 1.508000e+01
    endloop
  endfacet
  facet normal -9.177546e-01 3.971479e-01 0.000000e+00
    outer loop
      vertex   1.450112e+01 -3.159377e+00 9.080000e+00
      vertex   1.450112e+01 -3.159377e+00 1.508000e+01
      vertex   1.462586e+01 -2.871104e+00 9.080000e+00
    endloop
  endfacet
  facet normal -9.177546e-01 3.971479e-01 0.000000e+00
    outer loop
      vertex   1.462586e+01 -2.871104e+00 9.080000e+00
      vertex   1.450112e+01 -3.159377e+00 1.508000e+01
      vertex   1.462586e+01 -2.871104e+00 1.508000e+01
    endloop
  endfacet
  facet normal -8.910065e-01 4.539905e-01 0.000000e+00
    outer loop
      vertex   1.462586e+01 -2.871104e+00 9.080000e+00
      vertex   1.462586e+01 -2.871104e+00 1.508000e+01
      vertex   1.476847e+01 -2.591232e+00 9.080000e+00
    endloop
  endfacet
  facet normal -8.910065e-01 4.539905e-01 0.000000e+00
    outer loop
      vertex   1.476847e+01 -2.591232e+00 9.080000e+00
      vertex   1.462586e+01 -2.871104e+00 1.508000e+01
      vertex   1.476847e+01 -2.591232e+00 1.508000e+01
    endloop
  endfacet
  facet normal -8.607420e-01 5.090414e-01 0.000000e+00
    outer loop
      vertex   1.476847e+01 -2.591232e+00 9.080000e+00
      vertex   1.476847e+01 -2.591232e+00 1.508000e+01
      vertex   1.492836e+01 -2.320866e+00 9.080000e+00
    endloop
  endfacet
  facet normal -8.607420e-01 5.090414e-01 1.130299e-16
    outer loop
      vertex   1.492836e+01 -2.320866e+00 9.080000e+00
      vertex   1.476847e+01 -2.591232e+00 1.508000e+01
      vertex   1.492836e+01 -2.320866e+00 1.508000e+01
    endloop
  endfacet
  facet normal -8.270806e-01 5.620834e-01 1.248076e-16
    outer loop
      vertex   1.492836e+01 -2.320866e+00 9.080000e+00
      vertex   1.492836e+01 -2.320866e+00 1.508000e+01
      vertex   1.510492e+01 -2.061074e+00 9.080000e+00
    endloop
  endfacet
  facet normal -8.270806e-01 5.620834e-01 -5.313326e-16
    outer loop
      vertex   1.510492e+01 -2.061074e+00 9.080000e+00
      vertex   1.492836e+01 -2.320866e+00 1.508000e+01
      vertex   1.510492e+01 -2.061074e+00 1.508000e+01
    endloop
  endfacet
  facet normal -7.901550e-01 6.129071e-01 -5.132300e-16
    outer loop
      vertex   1.510492e+01 -2.061074e+00 9.080000e+00
      vertex   1.510492e+01 -2.061074e+00 1.508000e+01
      vertex   1.529743e+01 -1.812880e+00 9.080000e+00
    endloop
  endfacet
  facet normal -7.901550e-01 6.129071e-01 -6.804635e-17
    outer loop
      vertex   1.529743e+01 -1.812880e+00 9.080000e+00
      vertex   1.510492e+01 -2.061074e+00 1.508000e+01
      vertex   1.529743e+01 -1.812880e+00 1.508000e+01
    endloop
  endfacet
  facet normal -7.501111e-01 6.613119e-01 -7.342037e-17
    outer loop
      vertex   1.529743e+01 -1.812880e+00 9.080000e+00
      vertex   1.529743e+01 -1.812880e+00 1.508000e+01
      vertex   1.550516e+01 -1.577264e+00 9.080000e+00
    endloop
  endfacet
  facet normal -7.501111e-01 6.613119e-01 -4.894691e-17
    outer loop
      vertex   1.550516e+01 -1.577264e+00 9.080000e+00
      vertex   1.529743e+01 -1.812880e+00 1.508000e+01
      vertex   1.550516e+01 -1.577264e+00 1.508000e+01
    endloop
  endfacet
  facet normal -7.071068e-01 7.071068e-01 -5.233642e-17
    outer loop
      vertex   1.550516e+01 -1.577264e+00 9.080000e+00
      vertex   1.550516e+01 -1.577264e+00 1.508000e+01
      vertex   1.572726e+01 -1.355157e+00 9.080000e+00
    endloop
  endfacet
  facet normal -7.071068e-01 7.071068e-01 2.616821e-17
    outer loop
      vertex   1.572726e+01 -1.355157e+00 9.080000e+00
      vertex   1.550516e+01 -1.577264e+00 1.508000e+01
      vertex   1.572726e+01 -1.355157e+00 1.508000e+01
    endloop
  endfacet
  facet normal -6.613119e-01 7.501111e-01 2.775969e-17
    outer loop
      vertex   1.572726e+01 -1.355157e+00 9.080000e+00
      vertex   1.572726e+01 -1.355157e+00 1.508000e+01
      vertex   1.596288e+01 -1.147434e+00 9.080000e+00
    endloop
  endfacet
  facet normal -6.613119e-01 7.501111e-01 -1.110387e-16
    outer loop
      vertex   1.596288e+01 -1.147434e+00 9.080000e+00
      vertex   1.572726e+01 -1.355157e+00 1.508000e+01
      vertex   1.596288e+01 -1.147434e+00 1.508000e+01
    endloop
  endfacet
  facet normal -6.129071e-01 7.901550e-01 -1.169664e-16
    outer loop
      vertex   1.596288e+01 -1.147434e+00 9.080000e+00
      vertex   1.596288e+01 -1.147434e+00 1.508000e+01
      vertex   1.621107e+01 -9.549150e-01 9.080000e+00
    endloop
  endfacet
  facet normal -6.129071e-01 7.901550e-01 7.310402e-17
    outer loop
      vertex   1.621107e+01 -9.549150e-01 9.080000e+00
      vertex   1.596288e+01 -1.147434e+00 1.508000e+01
      vertex   1.621107e+01 -9.549150e-01 1.508000e+01
    endloop
  endfacet
  facet normal -5.620834e-01 8.270806e-01 7.652032e-17
    outer loop
      vertex   1.621107e+01 -9.549150e-01 9.080000e+00
      vertex   1.621107e+01 -9.549150e-01 1.508000e+01
      vertex   1.647087e+01 -7.783604e-01 9.080000e+00
    endloop
  endfacet
  facet normal -5.620834e-01 8.270806e-01 -6.121626e-17
    outer loop
      vertex   1.647087e+01 -7.783604e-01 9.080000e+00
      vertex   1.621107e+01 -9.549150e-01 1.508000e+01
      vertex   1.647087e+01 -7.783604e-01 1.508000e+01
    endloop
  endfacet
  facet normal -5.090414e-01 8.607420e-01 -6.370771e-17
    outer loop
      vertex   1.647087e+01 -7.783604e-01 9.080000e+00
      vertex   1.647087e+01 -7.783604e-01 1.508000e+01
      vertex   1.674123e+01 -6.184666e-01 9.080000e+00
    endloop
  endfacet
  facet normal -5.090414e-01 8.607420e-01 -1.592693e-17
    outer loop
      vertex   1.674123e+01 -6.184666e-01 9.080000e+00
      vertex   1.647087e+01 -7.783604e-01 1.508000e+01
      vertex   1.674123e+01 -6.184666e-01 1.508000e+01
    endloop
  endfacet
  facet normal -4.539905e-01 8.910065e-01 -1.648693e-17
    outer loop
      vertex   1.674123e+01 -6.184666e-01 9.080000e+00
      vertex   1.674123e+01 -6.184666e-01 1.508000e+01
      vertex   1.702110e+01 -4.758647e-01 9.080000e+00
    endloop
  endfacet
  facet normal -4.539905e-01 8.910065e-01 -6.594773e-17
    outer loop
      vertex   1.702110e+01 -4.758647e-01 9.080000e+00
      vertex   1.674123e+01 -6.184666e-01 1.508000e+01
      vertex   1.702110e+01 -4.758647e-01 1.508000e+01
    endloop
  endfacet
  facet normal -3.971479e-01 9.177546e-01 -6.792749e-17
    outer loop
      vertex   1.702110e+01 -4.758647e-01 9.080000e+00
      vertex   1.702110e+01 -4.758647e-01 1.508000e+01
      vertex   1.730938e+01 -3.511176e-01 9.080000e+00
    endloop
  endfacet
  facet normal -3.971479e-01 9.177546e-01 -4.245468e-17
    outer loop
      vertex   1.730938e+01 -3.511176e-01 9.080000e+00
      vertex   1.702110e+01 -4.758647e-01 1.508000e+01
      vertex   1.730938e+01 -3.511176e-01 1.508000e+01
    endloop
  endfacet
  facet normal -3.387379e-01 9.408808e-01 -4.352448e-17
    outer loop
      vertex   1.730938e+01 -3.511176e-01 9.080000e+00
      vertex   1.730938e+01 -3.511176e-01 1.508000e+01
      vertex   1.760492e+01 -2.447174e-01 9.080000e+00
    endloop
  endfacet
  facet normal -3.387379e-01 9.408808e-01 4.352448e-17
    outer loop
      vertex   1.760492e+01 -2.447174e-01 9.080000e+00
      vertex   1.730938e+01 -3.511176e-01 1.508000e+01
      vertex   1.760492e+01 -2.447174e-01 1.508000e+01
    endloop
  endfacet
  facet normal -2.789911e-01 9.602937e-01 4.442251e-17
    outer loop
      vertex   1.760492e+01 -2.447174e-01 9.080000e+00
      vertex   1.760492e+01 -2.447174e-01 1.508000e+01
      vertex   1.790655e+01 -1.570842e-01 9.080000e+00
    endloop
  endfacet
  facet normal -2.789911e-01 9.602937e-01 -4.442251e-17
    outer loop
      vertex   1.790655e+01 -1.570842e-01 9.080000e+00
      vertex   1.760492e+01 -2.447174e-01 1.508000e+01
      vertex   1.790655e+01 -1.570842e-01 1.508000e+01
    endloop
  endfacet
  facet normal -2.181432e-01 9.759168e-01 -4.514522e-17
    outer loop
      vertex   1.790655e+01 -1.570842e-01 9.080000e+00
      vertex   1.790655e+01 -1.570842e-01 1.508000e+01
      vertex   1.821309e+01 -8.856375e-02 9.080000e+00
    endloop
  endfacet
  facet normal -2.181432e-01 9.759168e-01 0.000000e+00
    outer loop
      vertex   1.821309e+01 -8.856375e-02 9.080000e+00
      vertex   1.790655e+01 -1.570842e-01 1.508000e+01
      vertex   1.821309e+01 -8.856375e-02 1.508000e+01
    endloop
  endfacet
  facet normal -1.564345e-01 9.876883e-01 0.000000e+00
    outer loop
      vertex   1.821309e+01 -8.856375e-02 9.080000e+00
      vertex   1.821309e+01 -8.856375e-02 1.508000e+01
      vertex   1.852333e+01 -3.942649e-02 9.080000e+00
    endloop
  endfacet
  facet normal -1.564345e-01 9.876883e-01 0.000000e+00
    outer loop
      vertex   1.852333e+01 -3.942649e-02 9.080000e+00
      vertex   1.821309e+01 -8.856375e-02 1.508000e+01
      vertex   1.852333e+01 -3.942649e-02 1.508000e+01
    endloop
  endfacet
  facet normal -9.410831e-02 9.955620e-01 0.000000e+00
    outer loop
      vertex   1.852333e+01 -3.942649e-02 9.080000e+00
      vertex   1.852333e+01 -3.942649e-02 1.508000e+01
      vertex   1.883605e+01 -9.866358e-03 9.080000e+00
    endloop
  endfacet
  facet normal -9.410831e-02 9.955620e-01 4.605399e-17
    outer loop
      vertex   1.883605e+01 -9.866358e-03 9.080000e+00
      vertex   1.852333e+01 -3.942649e-02 1.508000e+01
      vertex   1.883605e+01 -9.866358e-03 1.508000e+01
    endloop
  endfacet
  facet normal -9.410831e-02 9.955620e-01 -2.789888e-19
    outer loop
      vertex   1.852333e+01 -3.942649e-02 2.708000e+01
      vertex   1.883605e+01 -9.866358e-03 2.708000e+01
      vertex   1.883605e+01 -9.866358e-03 2.108000e+01
    endloop
  endfacet
  facet normal -9.410831e-02 9.955620e-01 0.000000e+00
    outer loop
      vertex   1.883605e+01 -9.866358e-03 2.108000e+01
      vertex   1.883605e+01 -9.866358e-03 1.508000e+01
      vertex   1.852333e+01 -3.942649e-02 2.108000e+01
    endloop
  endfacet
  facet normal -9.410831e-02 9.955620e-01 0.000000e+00
    outer loop
      vertex   1.852333e+01 -3.942649e-02 2.108000e+01
      vertex   1.883605e+01 -9.866358e-03 1.508000e+01
      vertex   1.852333e+01 -3.942649e-02 1.508000e+01
    endloop
  endfacet
  facet normal -1.564345e-01 9.876883e-01 0.000000e+00
    outer loop
      vertex   1.852333e+01 -3.942649e-02 2.108000e+01
      vertex   1.852333e+01 -3.942649e-02 1.508000e+01
      vertex   1.821309e+01 -8.856375e-02 2.108000e+01
    endloop
  endfacet
  facet normal -1.564345e-01 9.876883e-01 0.000000e+00
    outer loop
      vertex   1.821309e+01 -8.856375e-02 2.108000e+01
      vertex   1.852333e+01 -3.942649e-02 1.508000e+01
      vertex   1.821309e+01 -8.856375e-02 1.508000e+01
    endloop
  endfacet
  facet normal -2.181432e-01 9.759168e-01 0.000000e+00
    outer loop
      vertex   1.821309e+01 -8.856375e-02 2.108000e+01
      vertex   1.821309e+01 -8.856375e-02 1.508000e+01
      vertex   1.790655e+01 -1.570842e-01 2.108000e+01
    endloop
  endfacet
  facet normal -2.181432e-01 9.759168e-01 0.000000e+00
    outer loop
      vertex   1.790655e+01 -1.570842e-01 2.108000e+01
      vertex   1.821309e+01 -8.856375e-02 1.508000e+01
      vertex   1.790655e+01 -1.570842e-01 1.508000e+01
    endloop
  endfacet
  facet normal -2.789911e-01 9.602937e-01 0.000000e+00
    outer loop
      vertex   1.790655e+01 -1.570842e-01 2.108000e+01
      vertex   1.790655e+01 -1.570842e-01 1.508000e+01
      vertex   1.760492e+01 -2.447174e-01 2.108000e+01
    endloop
  endfacet
  facet normal -2.789911e-01 9.602937e-01 0.000000e+00
    outer loop
      vertex   1.760492e+01 -2.447174e-01 2.108000e+01
      vertex   1.790655e+01 -1.570842e-01 1.508000e+01
      vertex   1.760492e+01 -2.447174e-01 1.508000e+01
    endloop
  endfacet
  facet normal -3.387379e-01 9.408808e-01 0.000000e+00
    outer loop
      vertex   1.760492e+01 -2.447174e-01 2.108000e+01
      vertex   1.760492e+01 -2.447174e-01 1.508000e+01
      vertex   1.730938e+01 -3.511176e-01 2.108000e+01
    endloop
  endfacet
  facet normal -3.387379e-01 9.408808e-01 0.000000e+00
    outer loop
      vertex   1.730938e+01 -3.511176e-01 2.108000e+01
      vertex   1.760492e+01 -2.447174e-01 1.508000e+01
      vertex   1.730938e+01 -3.511176e-01 1.508000e+01
    endloop
  endfacet
  facet normal -3.971479e-01 9.177546e-01 0.000000e+00
    outer loop
      vertex   1.730938e+01 -3.511176e-01 2.108000e+01
      vertex   1.730938e+01 -3.511176e-01 1.508000e+01
      vertex   1.702110e+01 -4.758647e-01 2.108000e+01
    endloop
  endfacet
  facet normal -3.971479e-01 9.177546e-01 8.490936e-17
    outer loop
      vertex   1.702110e+01 -4.758647e-01 2.108000e+01
      vertex   1.730938e+01 -3.511176e-01 1.508000e+01
      vertex   1.702110e+01 -4.758647e-01 1.508000e+01
    endloop
  endfacet
  facet normal -4.539905e-01 8.910065e-01 8.243466e-17
    outer loop
      vertex   1.702110e+01 -4.758647e-01 2.108000e+01
      vertex   1.702110e+01 -4.758647e-01 1.508000e+01
      vertex   1.674123e+01 -6.184666e-01 2.108000e+01
    endloop
  endfacet
  facet normal -4.539905e-01 8.910065e-01 0.000000e+00
    outer loop
      vertex   1.674123e+01 -6.184666e-01 2.108000e+01
      vertex   1.702110e+01 -4.758647e-01 1.508000e+01
      vertex   1.674123e+01 -6.184666e-01 1.508000e+01
    endloop
  endfacet
  facet normal -5.090414e-01 8.607420e-01 0.000000e+00
    outer loop
      vertex   1.674123e+01 -6.184666e-01 2.108000e+01
      vertex   1.674123e+01 -6.184666e-01 1.508000e+01
      vertex   1.647087e+01 -7.783604e-01 2.108000e+01
    endloop
  endfacet
  facet normal -5.090414e-01 8.607420e-01 0.000000e+00
    outer loop
      vertex   1.647087e+01 -7.783604e-01 2.108000e+01
      vertex   1.674123e+01 -6.184666e-01 1.508000e+01
      vertex   1.647087e+01 -7.783604e-01 1.508000e+01
    endloop
  endfacet
  facet normal -5.620834e-01 8.270806e-01 0.000000e+00
    outer loop
      vertex   1.647087e+01 -7.783604e-01 2.108000e+01
      vertex   1.647087e+01 -7.783604e-01 1.508000e+01
      vertex   1.621107e+01 -9.549150e-01 2.108000e+01
    endloop
  endfacet
  facet normal -5.620834e-01 8.270806e-01 -7.652032e-17
    outer loop
      vertex   1.621107e+01 -9.549150e-01 2.108000e+01
      vertex   1.647087e+01 -7.783604e-01 1.508000e+01
      vertex   1.621107e+01 -9.549150e-01 1.508000e+01
    endloop
  endfacet
  facet normal -6.129071e-01 7.901550e-01 -7.310402e-17
    outer loop
      vertex   1.621107e+01 -9.549150e-01 2.108000e+01
      vertex   1.621107e+01 -9.549150e-01 1.508000e+01
      vertex   1.596288e+01 -1.147434e+00 2.108000e+01
    endloop
  endfacet
  facet normal -6.129071e-01 7.901550e-01 0.000000e+00
    outer loop
      vertex   1.596288e+01 -1.147434e+00 2.108000e+01
      vertex   1.621107e+01 -9.549150e-01 1.508000e+01
      vertex   1.596288e+01 -1.147434e+00 1.508000e+01
    endloop
  endfacet
  facet normal -6.613119e-01 7.501111e-01 0.000000e+00
    outer loop
      vertex   1.596288e+01 -1.147434e+00 2.108000e+01
      vertex   1.596288e+01 -1.147434e+00 1.508000e+01
      vertex   1.572726e+01 -1.355157e+00 2.108000e+01
    endloop
  endfacet
  facet normal -6.613119e-01 7.501111e-01 0.000000e+00
    outer loop
      vertex   1.572726e+01 -1.355157e+00 2.108000e+01
      vertex   1.596288e+01 -1.147434e+00 1.508000e+01
      vertex   1.572726e+01 -1.355157e+00 1.508000e+01
    endloop
  endfacet
  facet normal -7.071068e-01 7.071068e-01 0.000000e+00
    outer loop
      vertex   1.572726e+01 -1.355157e+00 2.108000e+01
      vertex   1.572726e+01 -1.355157e+00 1.508000e+01
      vertex   1.550516e+01 -1.577264e+00 2.108000e+01
    endloop
  endfacet
  facet normal -7.071068e-01 7.071068e-01 -1.308410e-16
    outer loop
      vertex   1.550516e+01 -1.577264e+00 2.108000e+01
      vertex   1.572726e+01 -1.355157e+00 1.508000e+01
      vertex   1.550516e+01 -1.577264e+00 1.508000e+01
    endloop
  endfacet
  facet normal -7.501111e-01 6.613119e-01 -1.486571e-16
    outer loop
      vertex   1.550516e+01 -1.577264e+00 2.108000e+01
      vertex   1.550516e+01 -1.577264e+00 1.508000e+01
      vertex   1.529743e+01 -1.812880e+00 2.108000e+01
    endloop
  endfacet
  facet normal -7.501111e-01 6.613119e-01 0.000000e+00
    outer loop
      vertex   1.529743e+01 -1.812880e+00 2.108000e+01
      vertex   1.550516e+01 -1.577264e+00 1.508000e+01
      vertex   1.529743e+01 -1.812880e+00 1.508000e+01
    endloop
  endfacet
  facet normal -7.901550e-01 6.129071e-01 0.000000e+00
    outer loop
      vertex   1.529743e+01 -1.812880e+00 2.108000e+01
      vertex   1.529743e+01 -1.812880e+00 1.508000e+01
      vertex   1.510492e+01 -2.061074e+00 2.108000e+01
    endloop
  endfacet
  facet normal -7.901550e-01 6.129071e-01 0.000000e+00
    outer loop
      vertex   1.510492e+01 -2.061074e+00 2.108000e+01
      vertex   1.529743e+01 -1.812880e+00 1.508000e+01
      vertex   1.510492e+01 -2.061074e+00 1.508000e+01
    endloop
  endfacet
  facet normal -8.270806e-01 5.620834e-01 0.000000e+00
    outer loop
      vertex   1.510492e+01 -2.061074e+00 2.108000e+01
      vertex   1.510492e+01 -2.061074e+00 1.508000e+01
      vertex   1.492836e+01 -2.320866e+00 2.108000e+01
    endloop
  endfacet
  facet normal -8.270806e-01 5.620834e-01 4.065250e-16
    outer loop
      vertex   1.492836e+01 -2.320866e+00 2.108000e+01
      vertex   1.510492e+01 -2.061074e+00 1.508000e+01
      vertex   1.492836e+01 -2.320866e+00 1.508000e+01
    endloop
  endfacet
  facet normal -8.607420e-01 5.090414e-01 4.343084e-16
    outer loop
      vertex   1.492836e+01 -2.320866e+00 2.108000e+01
      vertex   1.492836e+01 -2.320866e+00 1.508000e+01
      vertex   1.476847e+01 -2.591232e+00 2.108000e+01
    endloop
  endfacet
  facet normal -8.607420e-01 5.090414e-01 -3.767663e-17
    outer loop
      vertex   1.476847e+01 -2.591232e+00 2.108000e+01
      vertex   1.492836e+01 -2.320866e+00 1.508000e+01
      vertex   1.476847e+01 -2.591232e+00 1.508000e+01
    endloop
  endfacet
  facet normal -8.910065e-01 4.539905e-01 -3.360205e-17
    outer loop
      vertex   1.476847e+01 -2.591232e+00 2.108000e+01
      vertex   1.476847e+01 -2.591232e+00 1.508000e+01
      vertex   1.462586e+01 -2.871104e+00 2.108000e+01
    endloop
  endfacet
  facet normal -8.910065e-01 4.539905e-01 0.000000e+00
    outer loop
      vertex   1.462586e+01 -2.871104e+00 2.108000e+01
      vertex   1.476847e+01 -2.591232e+00 1.508000e+01
      vertex   1.462586e+01 -2.871104e+00 1.508000e+01
    endloop
  endfacet
  facet normal -9.177546e-01 3.971479e-01 0.000000e+00
    outer loop
      vertex   1.462586e+01 -2.871104e+00 2.108000e+01
      vertex   1.462586e+01 -2.871104e+00 1.508000e+01
      vertex   1.450112e+01 -3.159377e+00 2.108000e+01
    endloop
  endfacet
  facet normal -9.177546e-01 3.971479e-01 0.000000e+00
    outer loop
      vertex   1.450112e+01 -3.159377e+00 2.108000e+01
      vertex   1.462586e+01 -2.871104e+00 1.508000e+01
      vertex   1.450112e+01 -3.159377e+00 1.508000e+01
    endloop
  endfacet
  facet normal -9.408808e-01 3.387379e-01 0.000000e+00
    outer loop
      vertex   1.450112e+01 -3.159377e+00 2.108000e+01
      vertex   1.450112e+01 -3.159377e+00 1.508000e+01
      vertex   1.439472e+01 -3.454915e+00 2.108000e+01
    endloop
  endfacet
  facet normal -9.408808e-01 3.387379e-01 0.000000e+00
    outer loop
      vertex   1.439472e+01 -3.454915e+00 2.108000e+01
      vertex   1.450112e+01 -3.159377e+00 1.508000e+01
      vertex   1.439472e+01 -3.454915e+00 1.508000e+01
    endloop
  endfacet
  facet normal -9.602937e-01 2.789911e-01 0.000000e+00
    outer loop
      vertex   1.439472e+01 -3.454915e+00 2.108000e+01
      vertex   1.439472e+01 -3.454915e+00 1.508000e+01
      vertex   1.430708e+01 -3.756551e+00 2.108000e+01
    endloop
  endfacet
  facet normal -9.602937e-01 2.789911e-01 0.000000e+00
    outer loop
      vertex   1.430708e+01 -3.756551e+00 2.108000e+01
      vertex   1.439472e+01 -3.454915e+00 1.508000e+01
      vertex   1.430708e+01 -3.756551e+00 1.508000e+01
    endloop
  endfacet
  facet normal -9.759168e-01 2.181432e-01 0.000000e+00
    outer loop
      vertex   1.430708e+01 -3.756551e+00 2.108000e+01
      vertex   1.430708e+01 -3.756551e+00 1.508000e+01
      vertex   1.423856e+01 -4.063093e+00 2.108000e+01
    endloop
  endfacet
  facet normal -9.759168e-01 2.181432e-01 0.000000e+00
    outer loop
      vertex   1.423856e+01 -4.063093e+00 2.108000e+01
      vertex   1.430708e+01 -3.756551e+00 1.508000e+01
      vertex   1.423856e+01 -4.063093e+00 1.508000e+01
    endloop
  endfacet
  facet normal -9.876883e-01 1.564345e-01 0.000000e+00
    outer loop
      vertex   1.423856e+01 -4.063093e+00 2.108000e+01
      vertex   1.423856e+01 -4.063093e+00 1.508000e+01
      vertex   1.418943e+01 -4.373334e+00 2.108000e+01
    endloop
  endfacet
  facet normal -9.876883e-01 1.564345e-01 0.000000e+00
    outer loop
      vertex   1.418943e+01 -4.373334e+00 2.108000e+01
      vertex   1.423856e+01 -4.063093e+00 1.508000e+01
      vertex   1.418943e+01 -4.373334e+00 1.508000e+01
    endloop
  endfacet
  facet normal -9.955620e-01 9.410831e-02 0.000000e+00
    outer loop
      vertex   1.418943e+01 -4.373334e+00 2.108000e+01
      vertex   1.418943e+01 -4.373334e+00 1.508000e+01
      vertex   1.415987e+01 -4.686047e+00 2.108000e+01
    endloop
  endfacet
  facet normal -9.955620e-01 9.410831e-02 0.000000e+00
    outer loop
      vertex   1.415987e+01 -4.686047e+00 2.108000e+01
      vertex   1.418943e+01 -4.373334e+00 1.508000e+01
      vertex   1.415987e+01 -4.686047e+00 1.508000e+01
    endloop
  endfacet
  facet normal -1.564345e-01 9.876883e-01 9.239683e-20
    outer loop
      vertex   1.821309e+01 -8.856375e-02 2.708000e+01
      vertex   1.852333e+01 -3.942649e-02 2.708000e+01
      vertex   1.852333e+01 -3.942649e-02 2.108000e+01
    endloop
  endfacet
  facet normal -9.410831e-02 9.955620e-01 0.000000e+00
    outer loop
      vertex   1.852333e+01 -3.942649e-02 2.108000e+01
      vertex   1.852333e+01 -3.942649e-02 2.708000e+01
      vertex   1.883605e+01 -9.866358e-03 2.108000e+01
    endloop
  endfacet
  facet normal -1.564345e-01 9.876883e-01 0.000000e+00
    outer loop
      vertex   1.821309e+01 -8.856375e-02 2.708000e+01
      vertex   1.852333e+01 -3.942649e-02 2.108000e+01
      vertex   1.821309e+01 -8.856375e-02 2.108000e+01
    endloop
  endfacet
  facet normal -2.181432e-01 9.759168e-01 8.359656e-19
    outer loop
      vertex   1.790655e+01 -1.570842e-01 2.708000e+01
      vertex   1.821309e+01 -8.856375e-02 2.708000e+01
      vertex   1.821309e+01 -8.856375e-02 2.108000e+01
    endloop
  endfacet
  facet normal -2.181432e-01 9.759168e-01 0.000000e+00
    outer loop
      vertex   1.790655e+01 -1.570842e-01 2.708000e+01
      vertex   1.821309e+01 -8.856375e-02 2.108000e+01
      vertex   1.790655e+01 -1.570842e-01 2.108000e+01
    endloop
  endfacet
  facet normal -2.789911e-01 9.602937e-01 6.826913e-20
    outer loop
      vertex   1.760492e+01 -2.447174e-01 2.708000e+01
      vertex   1.790655e+01 -1.570842e-01 2.708000e+01
      vertex   1.790655e+01 -1.570842e-01 2.108000e+01
    endloop
  endfacet
  facet normal -2.789911e-01 9.602937e-01 0.000000e+00
    outer loop
      vertex   1.760492e+01 -2.447174e-01 2.708000e+01
      vertex   1.790655e+01 -1.570842e-01 2.108000e+01
      vertex   1.760492e+01 -2.447174e-01 2.108000e+01
    endloop
  endfacet
  facet normal -3.387379e-01 9.408808e-01 -4.204215e-19
    outer loop
      vertex   1.730938e+01 -3.511176e-01 2.708000e+01
      vertex   1.760492e+01 -2.447174e-01 2.708000e+01
      vertex   1.760492e+01 -2.447174e-01 2.108000e+01
    endloop
  endfacet
  facet normal -3.387379e-01 9.408808e-01 0.000000e+00
    outer loop
      vertex   1.730938e+01 -3.511176e-01 2.708000e+01
      vertex   1.760492e+01 -2.447174e-01 2.108000e+01
      vertex   1.730938e+01 -3.511176e-01 2.108000e+01
    endloop
  endfacet
  facet normal -3.971479e-01 9.177546e-01 -4.757298e-19
    outer loop
      vertex   1.702110e+01 -4.758647e-01 2.708000e+01
      vertex   1.730938e+01 -3.511176e-01 2.708000e+01
      vertex   1.730938e+01 -3.511176e-01 2.108000e+01
    endloop
  endfacet
  facet normal -3.971479e-01 9.177546e-01 -2.351588e-16
    outer loop
      vertex   1.702110e+01 -4.758647e-01 2.708000e+01
      vertex   1.730938e+01 -3.511176e-01 2.108000e+01
      vertex   1.702110e+01 -4.758647e-01 2.108000e+01
    endloop
  endfacet
  facet normal -4.539905e-01 8.910065e-01 -2.692517e-16
    outer loop
      vertex   1.674123e+01 -6.184666e-01 2.708000e+01
      vertex   1.702110e+01 -4.758647e-01 2.708000e+01
      vertex   1.702110e+01 -4.758647e-01 2.108000e+01
    endloop
  endfacet
  facet normal -4.539905e-01 8.910065e-01 0.000000e+00
    outer loop
      vertex   1.674123e+01 -6.184666e-01 2.708000e+01
      vertex   1.702110e+01 -4.758647e-01 2.108000e+01
      vertex   1.674123e+01 -6.184666e-01 2.108000e+01
    endloop
  endfacet
  facet normal -5.090414e-01 8.607420e-01 1.812890e-18
    outer loop
      vertex   1.647087e+01 -7.783604e-01 2.708000e+01
      vertex   1.674123e+01 -6.184666e-01 2.708000e+01
      vertex   1.674123e+01 -6.184666e-01 2.108000e+01
    endloop
  endfacet
  facet normal -5.090414e-01 8.607420e-01 0.000000e+00
    outer loop
      vertex   1.647087e+01 -7.783604e-01 2.708000e+01
      vertex   1.674123e+01 -6.184666e-01 2.108000e+01
      vertex   1.647087e+01 -7.783604e-01 2.108000e+01
    endloop
  endfacet
  facet normal -5.620834e-01 8.270806e-01 -1.315828e-18
    outer loop
      vertex   1.621107e+01 -9.549150e-01 2.708000e+01
      vertex   1.647087e+01 -7.783604e-01 2.708000e+01
      vertex   1.647087e+01 -7.783604e-01 2.108000e+01
    endloop
  endfacet
  facet normal -5.620834e-01 8.270806e-01 0.000000e+00
    outer loop
      vertex   1.621107e+01 -9.549150e-01 2.708000e+01
      vertex   1.647087e+01 -7.783604e-01 2.108000e+01
      vertex   1.621107e+01 -9.549150e-01 2.108000e+01
    endloop
  endfacet
  facet normal -6.129071e-01 7.901550e-01 -7.526625e-19
    outer loop
      vertex   1.596288e+01 -1.147434e+00 2.708000e+01
      vertex   1.621107e+01 -9.549150e-01 2.708000e+01
      vertex   1.621107e+01 -9.549150e-01 2.108000e+01
    endloop
  endfacet
  facet normal -6.129071e-01 7.901550e-01 0.000000e+00
    outer loop
      vertex   1.596288e+01 -1.147434e+00 2.708000e+01
      vertex   1.621107e+01 -9.549150e-01 2.108000e+01
      vertex   1.596288e+01 -1.147434e+00 2.108000e+01
    endloop
  endfacet
  facet normal -6.613119e-01 7.501111e-01 -1.391995e-19
    outer loop
      vertex   1.572726e+01 -1.355157e+00 2.708000e+01
      vertex   1.596288e+01 -1.147434e+00 2.708000e+01
      vertex   1.596288e+01 -1.147434e+00 2.108000e+01
    endloop
  endfacet
  facet normal -6.613119e-01 7.501111e-01 -5.551937e-17
    outer loop
      vertex   1.572726e+01 -1.355157e+00 2.708000e+01
      vertex   1.596288e+01 -1.147434e+00 2.108000e+01
      vertex   1.572726e+01 -1.355157e+00 2.108000e+01
    endloop
  endfacet
  facet normal -7.071068e-01 7.071068e-01 -5.084928e-17
    outer loop
      vertex   1.550516e+01 -1.577264e+00 2.708000e+01
      vertex   1.572726e+01 -1.355157e+00 2.708000e+01
      vertex   1.572726e+01 -1.355157e+00 2.108000e+01
    endloop
  endfacet
  facet normal -7.071068e-01 7.071068e-01 0.000000e+00
    outer loop
      vertex   1.550516e+01 -1.577264e+00 2.708000e+01
      vertex   1.572726e+01 -1.355157e+00 2.108000e+01
      vertex   1.550516e+01 -1.577264e+00 2.108000e+01
    endloop
  endfacet
  facet normal -7.501111e-01 6.613119e-01 9.659058e-19
    outer loop
      vertex   1.529743e+01 -1.812880e+00 2.708000e+01
      vertex   1.550516e+01 -1.577264e+00 2.708000e+01
      vertex   1.550516e+01 -1.577264e+00 2.108000e+01
    endloop
  endfacet
  facet normal -7.501111e-01 6.613119e-01 -4.894691e-17
    outer loop
      vertex   1.529743e+01 -1.812880e+00 2.708000e+01
      vertex   1.550516e+01 -1.577264e+00 2.108000e+01
      vertex   1.529743e+01 -1.812880e+00 2.108000e+01
    endloop
  endfacet
  facet normal -7.901550e-01 6.129071e-01 -4.376720e-17
    outer loop
      vertex   1.510492e+01 -2.061074e+00 2.708000e+01
      vertex   1.529743e+01 -1.812880e+00 2.708000e+01
      vertex   1.529743e+01 -1.812880e+00 2.108000e+01
    endloop
  endfacet
  facet normal -7.901550e-01 6.129071e-01 0.000000e+00
    outer loop
      vertex   1.510492e+01 -2.061074e+00 2.708000e+01
      vertex   1.529743e+01 -1.812880e+00 2.108000e+01
      vertex   1.510492e+01 -2.061074e+00 2.108000e+01
    endloop
  endfacet
  facet normal -8.270806e-01 5.620834e-01 -7.557848e-19
    outer loop
      vertex   1.492836e+01 -2.320866e+00 2.708000e+01
      vertex   1.510492e+01 -2.061074e+00 2.708000e+01
      vertex   1.510492e+01 -2.061074e+00 2.108000e+01
    endloop
  endfacet
  facet normal -8.270806e-01 5.620834e-01 0.000000e+00
    outer loop
      vertex   1.492836e+01 -2.320866e+00 2.708000e+01
      vertex   1.510492e+01 -2.061074e+00 2.108000e+01
      vertex   1.492836e+01 -2.320866e+00 2.108000e+01
    endloop
  endfacet
  facet normal -8.607420e-01 5.090414e-01 -1.175632e-18
    outer loop
      vertex   1.476847e+01 -2.591232e+00 2.708000e+01
      vertex   1.492836e+01 -2.320866e+00 2.708000e+01
      vertex   1.492836e+01 -2.320866e+00 2.108000e+01
    endloop
  endfacet
  facet normal -8.607420e-01 5.090414e-01 0.000000e+00
    outer loop
      vertex   1.476847e+01 -2.591232e+00 2.708000e+01
      vertex   1.492836e+01 -2.320866e+00 2.108000e+01
      vertex   1.476847e+01 -2.591232e+00 2.108000e+01
    endloop
  endfacet
  facet normal -8.910065e-01 4.539905e-01 -1.334452e-18
    outer loop
      vertex   1.462586e+01 -2.871104e+00 2.708000e+01
      vertex   1.476847e+01 -2.591232e+00 2.708000e+01
      vertex   1.476847e+01 -2.591232e+00 2.108000e+01
    endloop
  endfacet
  facet normal -8.910065e-01 4.539905e-01 0.000000e+00
    outer loop
      vertex   1.462586e+01 -2.871104e+00 2.708000e+01
      vertex   1.476847e+01 -2.591232e+00 2.108000e+01
      vertex   1.462586e+01 -2.871104e+00 2.108000e+01
    endloop
  endfacet
  facet normal -9.177546e-01 3.971479e-01 -1.427286e-19
    outer loop
      vertex   1.450112e+01 -3.159377e+00 2.708000e+01
      vertex   1.462586e+01 -2.871104e+00 2.708000e+01
      vertex   1.462586e+01 -2.871104e+00 2.108000e+01
    endloop
  endfacet
  facet normal -9.177546e-01 3.971479e-01 0.000000e+00
    outer loop
      vertex   1.450112e+01 -3.159377e+00 2.708000e+01
      vertex   1.462586e+01 -2.871104e+00 2.108000e+01
      vertex   1.450112e+01 -3.159377e+00 2.108000e+01
    endloop
  endfacet
  facet normal -9.408808e-01 3.387379e-01 4.945580e-19
    outer loop
      vertex   1.439472e+01 -3.454915e+00 2.708000e+01
      vertex   1.450112e+01 -3.159377e+00 2.708000e+01
      vertex   1.450112e+01 -3.159377e+00 2.108000e+01
    endloop
  endfacet
  facet normal -9.408808e-01 3.387379e-01 0.000000e+00
    outer loop
      vertex   1.439472e+01 -3.454915e+00 2.708000e+01
      vertex   1.450112e+01 -3.159377e+00 2.108000e+01
      vertex   1.439472e+01 -3.454915e+00 2.108000e+01
    endloop
  endfacet
  facet normal -9.602937e-01 2.789911e-01 -2.530227e-19
    outer loop
      vertex   1.430708e+01 -3.756551e+00 2.708000e+01
      vertex   1.439472e+01 -3.454915e+00 2.708000e+01
      vertex   1.439472e+01 -3.454915e+00 2.108000e+01
    endloop
  endfacet
  facet normal -9.602937e-01 2.789911e-01 0.000000e+00
    outer loop
      vertex   1.430708e+01 -3.756551e+00 2.708000e+01
      vertex   1.439472e+01 -3.454915e+00 2.108000e+01
      vertex   1.430708e+01 -3.756551e+00 2.108000e+01
    endloop
  endfacet
  facet normal -9.759168e-01 2.181432e-01 1.639459e-19
    outer loop
      vertex   1.423856e+01 -4.063093e+00 2.708000e+01
      vertex   1.430708e+01 -3.756551e+00 2.708000e+01
      vertex   1.430708e+01 -3.756551e+00 2.108000e+01
    endloop
  endfacet
  facet normal -9.759168e-01 2.181432e-01 0.000000e+00
    outer loop
      vertex   1.423856e+01 -4.063093e+00 2.708000e+01
      vertex   1.430708e+01 -3.756551e+00 2.108000e+01
      vertex   1.423856e+01 -4.063093e+00 2.108000e+01
    endloop
  endfacet
  facet normal -9.876883e-01 1.564345e-01 -2.981187e-19
    outer loop
      vertex   1.418943e+01 -4.373334e+00 2.708000e+01
      vertex   1.423856e+01 -4.063093e+00 2.708000e+01
      vertex   1.423856e+01 -4.063093e+00 2.108000e+01
    endloop
  endfacet
  facet normal -9.876883e-01 1.564345e-01 0.000000e+00
    outer loop
      vertex   1.418943e+01 -4.373334e+00 2.708000e+01
      vertex   1.423856e+01 -4.063093e+00 2.108000e+01
      vertex   1.418943e+01 -4.373334e+00 2.108000e+01
    endloop
  endfacet
  facet normal -9.955620e-01 9.410831e-02 -4.498034e-19
    outer loop
      vertex   1.415987e+01 -4.686047e+00 2.708000e+01
      vertex   1.418943e+01 -4.373334e+00 2.708000e+01
      vertex   1.418943e+01 -4.373334e+00 2.108000e+01
    endloop
  endfacet
  facet normal -9.955620e-01 9.410831e-02 0.000000e+00
    outer loop
      vertex   1.415987e+01 -4.686047e+00 2.708000e+01
      vertex   1.418943e+01 -4.373334e+00 2.108000e+01
      vertex   1.415987e+01 -4.686047e+00 2.108000e+01
    endloop
  endfacet
  facet normal -1.953837e-02 9.993158e-01 3.140476e-02
    outer loop
      vertex   1.915000e+01 -9.866358e-03 3.339395e+01
      vertex   1.915000e+01 2.220446e-15 3.308000e+01
      vertex   1.887710e+01 -8.413847e-03 3.317795e+01
    endloop
  endfacet
  facet normal -3.141072e-02 9.995052e-01 -1.656397e-03
    outer loop
      vertex   1.887710e+01 -8.413847e-03 3.317795e+01
      vertex   1.915000e+01 2.220446e-15 3.308000e+01
      vertex   1.883605e+01 -9.866358e-03 3.308000e+01
    endloop
  endfacet
  facet normal -8.534962e-02 9.961297e-01 2.100136e-02
    outer loop
      vertex   1.887710e+01 -8.413847e-03 3.317795e+01
      vertex   1.883605e+01 -9.866358e-03 3.308000e+01
      vertex   1.861661e+01 -3.321779e-02 3.329580e+01
    endloop
  endfacet
  facet normal -9.410150e-02 9.954899e-01 1.203245e-02
    outer loop
      vertex   1.861661e+01 -3.321779e-02 3.329580e+01
      vertex   1.883605e+01 -9.866358e-03 3.308000e+01
      vertex   1.852333e+01 -3.942649e-02 3.308000e+01
    endloop
  endfacet
  facet normal -1.420458e-01 9.893121e-01 3.293341e-02
    outer loop
      vertex   1.861661e+01 -3.321779e-02 3.329580e+01
      vertex   1.852333e+01 -3.942649e-02 3.308000e+01
      vertex   1.835295e+01 -7.477018e-02 3.340685e+01
    endloop
  endfacet
  facet normal -1.510651e-01 9.881243e-01 2.810332e-02
    outer loop
      vertex   1.835295e+01 -7.477018e-02 3.340685e+01
      vertex   1.852333e+01 -3.942649e-02 3.308000e+01
      vertex   1.823651e+01 -8.428165e-02 3.311535e+01
    endloop
  endfacet
  facet normal -1.969756e-01 9.792940e-01 4.673120e-02
    outer loop
      vertex   1.835295e+01 -7.477018e-02 3.340685e+01
      vertex   1.823651e+01 -8.428165e-02 3.311535e+01
      vertex   1.809007e+01 -1.325413e-01 3.350940e+01
    endloop
  endfacet
  facet normal -1.969756e-01 9.792940e-01 4.673120e-02
    outer loop
      vertex   1.809007e+01 -1.325413e-01 3.350940e+01
      vertex   1.823651e+01 -8.428165e-02 3.311535e+01
      vertex   1.798164e+01 -1.402901e-01 3.321478e+01
    endloop
  endfacet
  facet normal -2.487224e-01 9.663156e-01 6.611543e-02
    outer loop
      vertex   1.809007e+01 -1.325413e-01 3.350940e+01
      vertex   1.798164e+01 -1.402901e-01 3.321478e+01
      vertex   1.782804e+01 -2.064210e-01 3.360348e+01
    endloop
  endfacet
  facet normal -2.487224e-01 9.663156e-01 6.611543e-02
    outer loop
      vertex   1.782804e+01 -2.064210e-01 3.360348e+01
      vertex   1.798164e+01 -1.402901e-01 3.321478e+01
      vertex   1.772761e+01 -2.119157e-01 3.330598e+01
    endloop
  endfacet
  facet normal -3.001973e-01 9.501899e-01 8.379003e-02
    outer loop
      vertex   1.782804e+01 -2.064210e-01 3.360348e+01
      vertex   1.772761e+01 -2.119157e-01 3.330598e+01
      vertex   1.747542e+01 -2.988767e-01 3.338860e+01
    endloop
  endfacet
  facet normal -3.158646e-01 9.481996e-01 3.386900e-02
    outer loop
      vertex   1.747542e+01 -2.988767e-01 3.338860e+01
      vertex   1.772761e+01 -2.119157e-01 3.330598e+01
      vertex   1.760492e+01 -2.447174e-01 3.308000e+01
    endloop
  endfacet
  facet normal -3.297180e-01 9.436857e-01 2.726372e-02
    outer loop
      vertex   1.747542e+01 -2.988767e-01 3.338860e+01
      vertex   1.760492e+01 -2.447174e-01 3.308000e+01
      vertex   1.738955e+01 -3.201748e-01 3.308728e+01
    endloop
  endfacet
  facet normal -3.271335e-01 9.086483e-01 -2.595033e-01
    outer loop
      vertex   1.738955e+01 -3.201748e-01 3.308728e+01
      vertex   1.760492e+01 -2.447174e-01 3.308000e+01
      vertex   1.730938e+01 -3.511176e-01 3.308000e+01
    endloop
  endfacet
  facet normal -3.638700e-01 9.298147e-01 5.516651e-02
    outer loop
      vertex   1.738955e+01 -3.201748e-01 3.308728e+01
      vertex   1.730938e+01 -3.511176e-01 3.308000e+01
      vertex   1.714906e+01 -4.185025e-01 3.315836e+01
    endloop
  endfacet
  facet normal -3.970402e-01 9.175059e-01 -2.328222e-02
    outer loop
      vertex   1.714906e+01 -4.185025e-01 3.315836e+01
      vertex   1.730938e+01 -3.511176e-01 3.308000e+01
      vertex   1.702110e+01 -4.758647e-01 3.308000e+01
    endloop
  endfacet
  facet normal -4.227920e-01 9.058145e-01 2.733039e-02
    outer loop
      vertex   1.714906e+01 -4.185025e-01 3.315836e+01
      vertex   1.702110e+01 -4.758647e-01 3.308000e+01
      vertex   1.691230e+01 -5.308881e-01 3.322055e+01
    endloop
  endfacet
  facet normal -4.539889e-01 8.910035e-01 -2.618599e-03
    outer loop
      vertex   1.691230e+01 -5.308881e-01 3.322055e+01
      vertex   1.702110e+01 -4.758647e-01 3.308000e+01
      vertex   1.674123e+01 -6.184666e-01 3.308000e+01
    endloop
  endfacet
  facet normal -4.723500e-01 8.810291e-01 2.594577e-02
    outer loop
      vertex   1.691230e+01 -5.308881e-01 3.322055e+01
      vertex   1.674123e+01 -6.184666e-01 3.308000e+01
      vertex   1.668021e+01 -6.568815e-01 3.327359e+01
    endloop
  endfacet
  facet normal -5.090141e-01 8.606959e-01 1.035505e-02
    outer loop
      vertex   1.668021e+01 -6.568815e-01 3.327359e+01
      vertex   1.674123e+01 -6.184666e-01 3.308000e+01
      vertex   1.647087e+01 -7.783604e-01 3.308000e+01
    endloop
  endfacet
  facet normal -5.195253e-01 8.540629e-01 2.588378e-02
    outer loop
      vertex   1.668021e+01 -6.568815e-01 3.327359e+01
      vertex   1.647087e+01 -7.783604e-01 3.308000e+01
      vertex   1.645373e+01 -7.959780e-01 3.331729e+01
    endloop
  endfacet
  facet normal -5.619618e-01 8.269016e-01 2.080190e-02
    outer loop
      vertex   1.645373e+01 -7.959780e-01 3.331729e+01
      vertex   1.647087e+01 -7.783604e-01 3.308000e+01
      vertex   1.621107e+01 -9.549150e-01 3.308000e+01
    endloop
  endfacet
  facet normal -5.647495e-01 8.248835e-01 2.500434e-02
    outer loop
      vertex   1.645373e+01 -7.959780e-01 3.331729e+01
      vertex   1.621107e+01 -9.549150e-01 3.308000e+01
      vertex   1.623375e+01 -9.476207e-01 3.335146e+01
    endloop
  endfacet
  facet normal -6.074353e-01 7.938247e-01 2.940417e-02
    outer loop
      vertex   1.623375e+01 -9.476207e-01 3.335146e+01
      vertex   1.621107e+01 -9.549150e-01 3.308000e+01
      vertex   1.602116e+01 -1.111202e+00 3.337596e+01
    endloop
  endfacet
  facet normal -6.010234e-01 7.943283e-01 8.839352e-02
    outer loop
      vertex   1.623375e+01 -9.476207e-01 3.335146e+01
      vertex   1.602116e+01 -1.111202e+00 3.337596e+01
      vertex   1.605680e+01 -1.118943e+00 3.368787e+01
    endloop
  endfacet
  facet normal -6.435303e-01 7.598237e-01 9.239464e-02
    outer loop
      vertex   1.605680e+01 -1.118943e+00 3.368787e+01
      vertex   1.602116e+01 -1.111202e+00 3.337596e+01
      vertex   1.584495e+01 -1.300229e+00 3.370316e+01
    endloop
  endfacet
  facet normal -6.358874e-01 7.561371e-01 1.546087e-01
    outer loop
      vertex   1.605680e+01 -1.118943e+00 3.368787e+01
      vertex   1.584495e+01 -1.300229e+00 3.370316e+01
      vertex   1.588613e+01 -1.328985e+00 3.401315e+01
    endloop
  endfacet
  facet normal -6.780166e-01 7.181534e-01 1.566814e-01
    outer loop
      vertex   1.588613e+01 -1.328985e+00 3.401315e+01
      vertex   1.584495e+01 -1.300229e+00 3.370316e+01
      vertex   1.567729e+01 -1.527294e+00 3.401841e+01
    endloop
  endfacet
  facet normal -6.690872e-01 7.103863e-01 2.183429e-01
    outer loop
      vertex   1.588613e+01 -1.328985e+00 3.401315e+01
      vertex   1.567729e+01 -1.527294e+00 3.401841e+01
      vertex   1.572580e+01 -1.575799e+00 3.432487e+01
    endloop
  endfacet
  facet normal -7.103863e-01 6.690872e-01 2.183429e-01
    outer loop
      vertex   1.572580e+01 -1.575799e+00 3.432487e+01
      vertex   1.567729e+01 -1.527294e+00 3.401841e+01
      vertex   1.552222e+01 -1.790179e+00 3.431947e+01
    endloop
  endfacet
  facet normal -6.998191e-01 6.575208e-01 2.791409e-01
    outer loop
      vertex   1.572580e+01 -1.575799e+00 3.432487e+01
      vertex   1.552222e+01 -1.790179e+00 3.431947e+01
      vertex   1.557977e+01 -1.856895e+00 3.462089e+01
    endloop
  endfacet
  facet normal -7.398484e-01 6.131227e-01 2.769565e-01
    outer loop
      vertex   1.557977e+01 -1.856895e+00 3.462089e+01
      vertex   1.552222e+01 -1.790179e+00 3.431947e+01
      vertex   1.538360e+01 -2.086140e+00 3.460435e+01
    endloop
  endfacet
  facet normal -7.273112e-01 5.980910e-01 3.366089e-01
    outer loop
      vertex   1.557977e+01 -1.856895e+00 3.462089e+01
      vertex   1.538360e+01 -2.086140e+00 3.460435e+01
      vertex   1.545180e+01 -2.169270e+00 3.489941e+01
    endloop
  endfacet
  facet normal -7.656513e-01 5.508592e-01 3.321630e-01
    outer loop
      vertex   1.545180e+01 -2.169270e+00 3.489941e+01
      vertex   1.538360e+01 -2.086140e+00 3.460435e+01
      vertex   1.526507e+01 -2.411938e+00 3.487144e+01
    endloop
  endfacet
  facet normal -7.508369e-01 5.327452e-01 3.904184e-01
    outer loop
      vertex   1.545180e+01 -2.169270e+00 3.489941e+01
      vertex   1.526507e+01 -2.411938e+00 3.487144e+01
      vertex   1.534538e+01 -2.509455e+00 3.515895e+01
    endloop
  endfacet
  facet normal -7.870947e-01 4.829900e-01 3.836698e-01
    outer loop
      vertex   1.534538e+01 -2.509455e+00 3.515895e+01
      vertex   1.526507e+01 -2.411938e+00 3.487144e+01
      vertex   1.516998e+01 -2.763891e+00 3.511943e+01
    endloop
  endfacet
  facet normal -7.697272e-01 4.622201e-01 4.403096e-01
    outer loop
      vertex   1.534538e+01 -2.509455e+00 3.515895e+01
      vertex   1.516998e+01 -2.763891e+00 3.511943e+01
      vertex   1.526369e+01 -2.873562e+00 3.539837e+01
    endloop
  endfacet
  facet normal -8.035429e-01 4.102919e-01 4.312533e-01
    outer loop
      vertex   1.526369e+01 -2.873562e+00 3.539837e+01
      vertex   1.516998e+01 -2.763891e+00 3.511943e+01
      vertex   1.510133e+01 -3.137923e+00 3.534737e+01
    endloop
  endfacet
  facet normal -7.833831e-01 3.873309e-01 4.860923e-01
    outer loop
      vertex   1.526369e+01 -2.873562e+00 3.539837e+01
      vertex   1.510133e+01 -3.137923e+00 3.534737e+01
      vertex   1.520954e+01 -3.257337e+00 3.561691e+01
    endloop
  endfacet
  facet normal -8.144351e-01 3.336141e-01 4.747600e-01
    outer loop
      vertex   1.520954e+01 -3.257337e+00 3.561691e+01
      vertex   1.510133e+01 -3.137923e+00 3.534737e+01
      vertex   1.506173e+01 -3.529625e+00 3.555467e+01
    endloop
  endfacet
  facet normal -7.912855e-01 3.089587e-01 5.276473e-01
    outer loop
      vertex   1.520954e+01 -3.257337e+00 3.561691e+01
      vertex   1.506173e+01 -3.529625e+00 3.555467e+01
      vertex   1.518531e+01 -3.656228e+00 3.581413e+01
    endloop
  endfacet
  facet normal -8.192962e-01 2.538666e-01 5.141066e-01
    outer loop
      vertex   1.518531e+01 -3.656228e+00 3.581413e+01
      vertex   1.506173e+01 -3.529625e+00 3.555467e+01
      vertex   1.505330e+01 -3.934318e+00 3.574109e+01
    endloop
  endfacet
  facet normal -7.930054e-01 2.280387e-01 5.649255e-01
    outer loop
      vertex   1.518531e+01 -3.656228e+00 3.581413e+01
      vertex   1.505330e+01 -3.934318e+00 3.574109e+01
      vertex   1.519289e+01 -4.065446e+00 3.598997e+01
    endloop
  endfacet
  facet normal -8.177389e-01 1.720206e-01 5.492832e-01
    outer loop
      vertex   1.519289e+01 -4.065446e+00 3.598997e+01
      vertex   1.505330e+01 -3.934318e+00 3.574109e+01
      vertex   1.507778e+01 -4.346973e+00 3.590676e+01
    endloop
  endfacet
  facet normal -7.882058e-01 1.455613e-01 5.979494e-01
    outer loop
      vertex   1.519289e+01 -4.065446e+00 3.598997e+01
      vertex   1.507778e+01 -4.346973e+00 3.590676e+01
      vertex   1.523376e+01 -4.479875e+00 3.614472e+01
    endloop
  endfacet
  facet normal -8.094951e-01 8.903774e-02 5.803361e-01
    outer loop
      vertex   1.523376e+01 -4.479875e+00 3.614472e+01
      vertex   1.507778e+01 -4.346973e+00 3.590676e+01
      vertex   1.513612e+01 -4.763024e+00 3.605197e+01
    endloop
  endfacet
  facet normal -7.766697e-01 6.249759e-02 6.268000e-01
    outer loop
      vertex   1.523376e+01 -4.479875e+00 3.614472e+01
      vertex   1.513612e+01 -4.763024e+00 3.605197e+01
      vertex   1.530859e+01 -4.894952e+00 3.627884e+01
    endloop
  endfacet
  facet normal -7.906396e-01 1.877367e-02 6.119939e-01
    outer loop
      vertex   1.530859e+01 -4.894952e+00 3.627884e+01
      vertex   1.513612e+01 -4.763024e+00 3.605197e+01
      vertex   1.510492e+01 -5.000000e+00 3.601893e+01
    endloop
  endfacet
  facet normal -7.900592e-01 1.557293e-02 6.128327e-01
    outer loop
      vertex   1.530859e+01 -4.894952e+00 3.627884e+01
      vertex   1.510492e+01 -5.000000e+00 3.601893e+01
      vertex   1.529743e+01 -5.000000e+00 3.626712e+01
    endloop
  endfacet
  facet normal -1.564144e-01 9.875617e-01 -1.601446e-02
    outer loop
      vertex   1.852333e+01 -3.942649e-02 3.308000e+01
      vertex   1.821309e+01 -8.856375e-02 3.308000e+01
      vertex   1.823651e+01 -8.428165e-02 3.311535e+01
    endloop
  endfacet
  facet normal -2.075222e-01 9.780459e-01 1.899387e-02
    outer loop
      vertex   1.823651e+01 -8.428165e-02 3.311535e+01
      vertex   1.821309e+01 -8.856375e-02 3.308000e+01
      vertex   1.798164e+01 -1.402901e-01 3.321478e+01
    endloop
  endfacet
  facet normal -2.181432e-01 9.759168e-01 -6.230881e-05
    outer loop
      vertex   1.821309e+01 -8.856375e-02 3.308000e+01
      vertex   1.790655e+01 -1.570842e-01 3.308000e+01
      vertex   1.798164e+01 -1.402901e-01 3.321478e+01
    endloop
  endfacet
  facet normal -2.625867e-01 9.645549e-01 2.611585e-02
    outer loop
      vertex   1.798164e+01 -1.402901e-01 3.321478e+01
      vertex   1.790655e+01 -1.570842e-01 3.308000e+01
      vertex   1.772761e+01 -2.119157e-01 3.330598e+01
    endloop
  endfacet
  facet normal -2.789707e-01 9.602235e-01 1.209167e-02
    outer loop
      vertex   1.790655e+01 -1.570842e-01 3.308000e+01
      vertex   1.760492e+01 -2.447174e-01 3.308000e+01
      vertex   1.772761e+01 -2.119157e-01 3.330598e+01
    endloop
  endfacet
  facet normal -6.127313e-01 7.899284e-01 2.394826e-02
    outer loop
      vertex   1.621107e+01 -9.549150e-01 3.308000e+01
      vertex   1.596288e+01 -1.147434e+00 3.308000e+01
      vertex   1.602116e+01 -1.111202e+00 3.337596e+01
    endloop
  endfacet
  facet normal -6.483391e-01 7.605672e-01 3.455404e-02
    outer loop
      vertex   1.602116e+01 -1.111202e+00 3.337596e+01
      vertex   1.596288e+01 -1.147434e+00 3.308000e+01
      vertex   1.581681e+01 -1.286068e+00 3.339070e+01
    endloop
  endfacet
  facet normal -6.435303e-01 7.598237e-01 9.239464e-02
    outer loop
      vertex   1.602116e+01 -1.111202e+00 3.337596e+01
      vertex   1.581681e+01 -1.286068e+00 3.339070e+01
      vertex   1.584495e+01 -1.300229e+00 3.370316e+01
    endloop
  endfacet
  facet normal -6.842734e-01 7.230897e-01 9.439921e-02
    outer loop
      vertex   1.584495e+01 -1.300229e+00 3.370316e+01
      vertex   1.581681e+01 -1.286068e+00 3.339070e+01
      vertex   1.564249e+01 -1.492487e+00 3.370826e+01
    endloop
  endfacet
  facet normal -6.780166e-01 7.181534e-01 1.566814e-01
    outer loop
      vertex   1.584495e+01 -1.300229e+00 3.370316e+01
      vertex   1.564249e+01 -1.492487e+00 3.370826e+01
      vertex   1.567729e+01 -1.527294e+00 3.401841e+01
    endloop
  endfacet
  facet normal -7.181534e-01 6.780166e-01 1.566814e-01
    outer loop
      vertex   1.567729e+01 -1.527294e+00 3.401841e+01
      vertex   1.564249e+01 -1.492487e+00 3.370826e+01
      vertex   1.547898e+01 -1.736126e+00 3.401315e+01
    endloop
  endfacet
  facet normal -7.103863e-01 6.690872e-01 2.183429e-01
    outer loop
      vertex   1.567729e+01 -1.527294e+00 3.401841e+01
      vertex   1.547898e+01 -1.736126e+00 3.401315e+01
      vertex   1.552222e+01 -1.790179e+00 3.431947e+01
    endloop
  endfacet
  facet normal -7.494698e-01 6.257381e-01 2.162101e-01
    outer loop
      vertex   1.552222e+01 -1.790179e+00 3.431947e+01
      vertex   1.547898e+01 -1.736126e+00 3.401315e+01
      vertex   1.533026e+01 -2.014504e+00 3.430328e+01
    endloop
  endfacet
  facet normal -7.398484e-01 6.131227e-01 2.769565e-01
    outer loop
      vertex   1.552222e+01 -1.790179e+00 3.431947e+01
      vertex   1.533026e+01 -2.014504e+00 3.430328e+01
      vertex   1.538360e+01 -2.086140e+00 3.460435e+01
    endloop
  endfacet
  facet normal -7.774483e-01 5.668027e-01 2.725964e-01
    outer loop
      vertex   1.538360e+01 -2.086140e+00 3.460435e+01
      vertex   1.533026e+01 -2.014504e+00 3.430328e+01
      vertex   1.520009e+01 -2.324630e+00 3.457686e+01
    endloop
  endfacet
  facet normal -7.656513e-01 5.508592e-01 3.321630e-01
    outer loop
      vertex   1.538360e+01 -2.086140e+00 3.460435e+01
      vertex   1.520009e+01 -2.324630e+00 3.457686e+01
      vertex   1.526507e+01 -2.411938e+00 3.487144e+01
    endloop
  endfacet
  facet normal -8.013606e-01 5.018568e-01 3.255164e-01
    outer loop
      vertex   1.526507e+01 -2.411938e+00 3.487144e+01
      vertex   1.520009e+01 -2.324630e+00 3.457686e+01
      vertex   1.509197e+01 -2.663040e+00 3.483244e+01
    endloop
  endfacet
  facet normal -7.870947e-01 4.829900e-01 3.836698e-01
    outer loop
      vertex   1.526507e+01 -2.411938e+00 3.487144e+01
      vertex   1.509197e+01 -2.663040e+00 3.483244e+01
      vertex   1.516998e+01 -2.763891e+00 3.511943e+01
    endloop
  endfacet
  facet normal -8.205363e-01 4.316363e-01 3.747137e-01
    outer loop
      vertex   1.516998e+01 -2.763891e+00 3.511943e+01
      vertex   1.509197e+01 -2.663040e+00 3.483244e+01
      vertex   1.500910e+01 -3.025854e+00 3.506889e+01
    endloop
  endfacet
  facet normal -8.035429e-01 4.102919e-01 4.312533e-01
    outer loop
      vertex   1.516998e+01 -2.763891e+00 3.511943e+01
      vertex   1.500910e+01 -3.025854e+00 3.506889e+01
      vertex   1.510133e+01 -3.137923e+00 3.534737e+01
    endloop
  endfacet
  facet normal -8.343753e-01 3.569551e-01 4.200011e-01
    outer loop
      vertex   1.510133e+01 -3.137923e+00 3.534737e+01
      vertex   1.500910e+01 -3.025854e+00 3.506889e+01
      vertex   1.495427e+01 -3.408822e+00 3.528545e+01
    endloop
  endfacet
  facet normal -8.144351e-01 3.336141e-01 4.747600e-01
    outer loop
      vertex   1.510133e+01 -3.137923e+00 3.534737e+01
      vertex   1.495427e+01 -3.408822e+00 3.528545e+01
      vertex   1.506173e+01 -3.529625e+00 3.555467e+01
    endloop
  endfacet
  facet normal -8.423583e-01 2.786940e-01 4.612615e-01
    outer loop
      vertex   1.506173e+01 -3.529625e+00 3.555467e+01
      vertex   1.495427e+01 -3.408822e+00 3.528545e+01
      vertex   1.492988e+01 -3.807394e+00 3.548172e+01
    endloop
  endfacet
  facet normal -8.192962e-01 2.538666e-01 5.141066e-01
    outer loop
      vertex   1.506173e+01 -3.529625e+00 3.555467e+01
      vertex   1.492988e+01 -3.807394e+00 3.548172e+01
      vertex   1.505330e+01 -3.934318e+00 3.574109e+01
    endloop
  endfacet
  facet normal -8.440506e-01 1.978011e-01 4.984510e-01
    outer loop
      vertex   1.505330e+01 -3.934318e+00 3.574109e+01
      vertex   1.492988e+01 -3.807394e+00 3.548172e+01
      vertex   1.493786e+01 -4.216648e+00 3.565765e+01
    endloop
  endfacet
  facet normal -8.177402e-01 1.720198e-01 5.492815e-01
    outer loop
      vertex   1.505330e+01 -3.934318e+00 3.574109e+01
      vertex   1.493786e+01 -4.216648e+00 3.565765e+01
      vertex   1.507778e+01 -4.346973e+00 3.590676e+01
    endloop
  endfacet
  facet normal -8.391313e-01 1.152259e-01 5.315841e-01
    outer loop
      vertex   1.507778e+01 -4.346973e+00 3.590676e+01
      vertex   1.493786e+01 -4.216648e+00 3.565765e+01
      vertex   1.497948e+01 -4.632030e+00 3.581338e+01
    endloop
  endfacet
  facet normal -8.094964e-01 8.903695e-02 5.803344e-01
    outer loop
      vertex   1.507778e+01 -4.346973e+00 3.590676e+01
      vertex   1.497948e+01 -4.632030e+00 3.581338e+01
      vertex   1.513612e+01 -4.763024e+00 3.605197e+01
    endloop
  endfacet
  facet normal -8.272941e-01 3.225256e-02 5.608424e-01
    outer loop
      vertex   1.513612e+01 -4.763024e+00 3.605197e+01
      vertex   1.497948e+01 -4.632030e+00 3.581338e+01
      vertex   1.492836e+01 -5.000000e+00 3.575913e+01
    endloop
  endfacet
  facet normal -8.266953e-01 3.051759e-02 5.618216e-01
    outer loop
      vertex   1.513612e+01 -4.763024e+00 3.605197e+01
      vertex   1.492836e+01 -5.000000e+00 3.575913e+01
      vertex   1.510492e+01 -5.000000e+00 3.601893e+01
    endloop
  endfacet
  facet normal -6.611248e-01 7.498989e-01 2.378290e-02
    outer loop
      vertex   1.596288e+01 -1.147434e+00 3.308000e+01
      vertex   1.572726e+01 -1.355157e+00 3.308000e+01
      vertex   1.581681e+01 -1.286068e+00 3.339070e+01
    endloop
  endfacet
  facet normal -6.876407e-01 7.251110e-01 3.693654e-02
    outer loop
      vertex   1.581681e+01 -1.286068e+00 3.339070e+01
      vertex   1.572726e+01 -1.355157e+00 3.308000e+01
      vertex   1.562152e+01 -1.471517e+00 3.339562e+01
    endloop
  endfacet
  facet normal -6.842734e-01 7.230897e-01 9.439921e-02
    outer loop
      vertex   1.581681e+01 -1.286068e+00 3.339070e+01
      vertex   1.562152e+01 -1.471517e+00 3.339562e+01
      vertex   1.564249e+01 -1.492487e+00 3.370826e+01
    endloop
  endfacet
  facet normal -7.230897e-01 6.842734e-01 9.439921e-02
    outer loop
      vertex   1.564249e+01 -1.492487e+00 3.370826e+01
      vertex   1.562152e+01 -1.471517e+00 3.339562e+01
      vertex   1.545023e+01 -1.694948e+00 3.370316e+01
    endloop
  endfacet
  facet normal -7.181534e-01 6.780166e-01 1.566814e-01
    outer loop
      vertex   1.564249e+01 -1.492487e+00 3.370826e+01
      vertex   1.545023e+01 -1.694948e+00 3.370316e+01
      vertex   1.547898e+01 -1.736126e+00 3.401315e+01
    endloop
  endfacet
  facet normal -7.561371e-01 6.358874e-01 1.546087e-01
    outer loop
      vertex   1.547898e+01 -1.736126e+00 3.401315e+01
      vertex   1.545023e+01 -1.694948e+00 3.370316e+01
      vertex   1.529199e+01 -1.954645e+00 3.399739e+01
    endloop
  endfacet
  facet normal -7.494698e-01 6.257381e-01 2.162101e-01
    outer loop
      vertex   1.547898e+01 -1.736126e+00 3.401315e+01
      vertex   1.529199e+01 -1.954645e+00 3.399739e+01
      vertex   1.533026e+01 -2.014504e+00 3.430328e+01
    endloop
  endfacet
  facet normal -7.861814e-01 5.805125e-01 2.119531e-01
    outer loop
      vertex   1.533026e+01 -2.014504e+00 3.430328e+01
      vertex   1.529199e+01 -1.954645e+00 3.399739e+01
      vertex   1.515069e+01 -2.247875e+00 3.427638e+01
    endloop
  endfacet
  facet normal -7.774483e-01 5.668027e-01 2.725964e-01
    outer loop
      vertex   1.533026e+01 -2.014504e+00 3.430328e+01
      vertex   1.515069e+01 -2.247875e+00 3.427638e+01
      vertex   1.520009e+01 -2.324630e+00 3.457686e+01
    endloop
  endfacet
  facet normal -8.124683e-01 5.187462e-01 2.660782e-01
    outer loop
      vertex   1.520009e+01 -2.324630e+00 3.457686e+01
      vertex   1.515069e+01 -2.247875e+00 3.427638e+01
      vertex   1.502997e+01 -2.571409e+00 3.453853e+01
    endloop
  endfacet
  facet normal -8.013606e-01 5.018568e-01 3.255164e-01
    outer loop
      vertex   1.520009e+01 -2.324630e+00 3.457686e+01
      vertex   1.502997e+01 -2.571409e+00 3.453853e+01
      vertex   1.509197e+01 -2.663040e+00 3.483244e+01
    endloop
  endfacet
  facet normal -8.342961e-01 4.512801e-01 3.166958e-01
    outer loop
      vertex   1.509197e+01 -2.663040e+00 3.483244e+01
      vertex   1.502997e+01 -2.571409e+00 3.453853e+01
      vertex   1.493320e+01 -2.921572e+00 3.478256e+01
    endloop
  endfacet
  facet normal -8.205363e-01 4.316363e-01 3.747137e-01
    outer loop
      vertex   1.509197e+01 -2.663040e+00 3.483244e+01
      vertex   1.493320e+01 -2.921572e+00 3.478256e+01
      vertex   1.500910e+01 -3.025854e+00 3.506889e+01
    endloop
  endfacet
  facet normal -8.510275e-01 3.788896e-01 3.635860e-01
    outer loop
      vertex   1.500910e+01 -3.025854e+00 3.506889e+01
      vertex   1.493320e+01 -2.921572e+00 3.478256e+01
      vertex   1.486337e+01 -3.294296e+00 3.500753e+01
    endloop
  endfacet
  facet normal -8.343753e-01 3.569551e-01 4.200011e-01
    outer loop
      vertex   1.500910e+01 -3.025854e+00 3.506889e+01
      vertex   1.486337e+01 -3.294296e+00 3.500753e+01
      vertex   1.495427e+01 -3.408822e+00 3.528545e+01
    endloop
  endfacet
  facet normal -8.621010e-01 3.024233e-01 4.065981e-01
    outer loop
      vertex   1.495427e+01 -3.408822e+00 3.528545e+01
      vertex   1.486337e+01 -3.294296e+00 3.500753e+01
      vertex   1.482309e+01 -3.685174e+00 3.521287e+01
    endloop
  endfacet
  facet normal -8.423583e-01 2.786940e-01 4.612615e-01
    outer loop
      vertex   1.495427e+01 -3.408822e+00 3.528545e+01
      vertex   1.482309e+01 -3.685174e+00 3.521287e+01
      vertex   1.492988e+01 -3.807394e+00 3.548172e+01
    endloop
  endfacet
  facet normal -8.670360e-01 2.228021e-01 4.456544e-01
    outer loop
      vertex   1.492988e+01 -3.807394e+00 3.548172e+01
      vertex   1.482309e+01 -3.685174e+00 3.521287e+01
      vertex   1.481456e+01 -4.089413e+00 3.539836e+01
    endloop
  endfacet
  facet normal -8.440518e-01 1.978003e-01 4.984492e-01
    outer loop
      vertex   1.492988e+01 -3.807394e+00 3.548172e+01
      vertex   1.481456e+01 -4.089413e+00 3.539836e+01
      vertex   1.493786e+01 -4.216648e+00 3.565765e+01
    endloop
  endfacet
  facet normal -8.654605e-01 1.409597e-01 4.807374e-01
    outer loop
      vertex   1.493786e+01 -4.216648e+00 3.565765e+01
      vertex   1.481456e+01 -4.089413e+00 3.539836e+01
      vertex   1.483929e+01 -4.502488e+00 3.556401e+01
    endloop
  endfacet
  facet normal -8.391326e-01 1.152251e-01 5.315823e-01
    outer loop
      vertex   1.493786e+01 -4.216648e+00 3.565765e+01
      vertex   1.483929e+01 -4.502488e+00 3.556401e+01
      vertex   1.497948e+01 -4.632030e+00 3.581338e+01
    endloop
  endfacet
  facet normal -8.570966e-01 5.788345e-02 5.118935e-01
    outer loop
      vertex   1.497948e+01 -4.632030e+00 3.581338e+01
      vertex   1.483929e+01 -4.502488e+00 3.556401e+01
      vertex   1.489856e+01 -4.919033e+00 3.571034e+01
    endloop
  endfacet
  facet normal -8.280459e-01 3.252304e-02 5.597162e-01
    outer loop
      vertex   1.497948e+01 -4.632030e+00 3.581338e+01
      vertex   1.489856e+01 -4.919033e+00 3.571034e+01
      vertex   1.492836e+01 -5.000000e+00 3.575913e+01
    endloop
  endfacet
  facet normal -8.606986e-01 -1.004843e-02 5.090157e-01
    outer loop
      vertex   1.492836e+01 -5.000000e+00 3.575913e+01
      vertex   1.489856e+01 -4.919033e+00 3.571034e+01
      vertex   1.476847e+01 -5.000000e+00 3.548877e+01
    endloop
  endfacet
  facet normal -8.659455e-01 2.429083e-02 4.995481e-01
    outer loop
      vertex   1.476847e+01 -5.000000e+00 3.548877e+01
      vertex   1.489856e+01 -4.919033e+00 3.571034e+01
      vertex   1.475815e+01 -4.790294e+00 3.546068e+01
    endloop
  endfacet
  facet normal -8.908785e-01 1.695316e-02 4.539253e-01
    outer loop
      vertex   1.476847e+01 -5.000000e+00 3.548877e+01
      vertex   1.475815e+01 -4.790294e+00 3.546068e+01
      vertex   1.462586e+01 -5.000000e+00 3.520890e+01
    endloop
  endfacet
  facet normal -8.961084e-01 3.392569e-02 4.425368e-01
    outer loop
      vertex   1.462586e+01 -5.000000e+00 3.520890e+01
      vertex   1.475815e+01 -4.790294e+00 3.546068e+01
      vertex   1.463506e+01 -4.662383e+00 3.520163e+01
    endloop
  endfacet
  facet normal -9.053071e-01 3.376453e-02 4.234135e-01
    outer loop
      vertex   1.462586e+01 -5.000000e+00 3.520890e+01
      vertex   1.463506e+01 -4.662383e+00 3.520163e+01
      vertex   1.457168e+01 -4.950802e+00 3.508911e+01
    endloop
  endfacet
  facet normal -9.207231e-01 5.143114e-02 3.868125e-01
    outer loop
      vertex   1.457168e+01 -4.950802e+00 3.508911e+01
      vertex   1.463506e+01 -4.662383e+00 3.520163e+01
      vertex   1.452978e+01 -4.535803e+00 3.493421e+01
    endloop
  endfacet
  facet normal -9.207231e-01 5.143114e-02 3.868125e-01
    outer loop
      vertex   1.457168e+01 -4.950802e+00 3.508911e+01
      vertex   1.452978e+01 -4.535803e+00 3.493421e+01
      vertex   1.446672e+01 -4.822752e+00 3.482226e+01
    endloop
  endfacet
  facet normal -9.399115e-01 7.676788e-02 3.326756e-01
    outer loop
      vertex   1.446672e+01 -4.822752e+00 3.482226e+01
      vertex   1.452978e+01 -4.535803e+00 3.493421e+01
      vertex   1.444273e+01 -4.411055e+00 3.465947e+01
    endloop
  endfacet
  facet normal -9.399115e-01 7.676788e-02 3.326756e-01
    outer loop
      vertex   1.446672e+01 -4.822752e+00 3.482226e+01
      vertex   1.444273e+01 -4.411055e+00 3.465947e+01
      vertex   1.438024e+01 -4.695401e+00 3.454854e+01
    endloop
  endfacet
  facet normal -9.553960e-01 1.018025e-01 2.772267e-01
    outer loop
      vertex   1.438024e+01 -4.695401e+00 3.454854e+01
      vertex   1.444273e+01 -4.411055e+00 3.465947e+01
      vertex   1.437425e+01 -4.288630e+00 3.437851e+01
    endloop
  endfacet
  facet normal -9.553960e-01 1.018025e-01 2.772267e-01
    outer loop
      vertex   1.438024e+01 -4.695401e+00 3.454854e+01
      vertex   1.437425e+01 -4.288630e+00 3.437851e+01
      vertex   1.431258e+01 -4.569251e+00 3.426903e+01
    endloop
  endfacet
  facet normal -9.671155e-01 1.264366e-01 2.206838e-01
    outer loop
      vertex   1.431258e+01 -4.569251e+00 3.426903e+01
      vertex   1.437425e+01 -4.288630e+00 3.437851e+01
      vertex   1.432460e+01 -4.169011e+00 3.409242e+01
    endloop
  endfacet
  facet normal -9.671155e-01 1.264366e-01 2.206838e-01
    outer loop
      vertex   1.431258e+01 -4.569251e+00 3.426903e+01
      vertex   1.432460e+01 -4.169011e+00 3.409242e+01
      vertex   1.426400e+01 -4.444801e+00 3.398483e+01
    endloop
  endfacet
  facet normal -9.750235e-01 1.505731e-01 1.632692e-01
    outer loop
      vertex   1.426400e+01 -4.444801e+00 3.398483e+01
      vertex   1.432460e+01 -4.169011e+00 3.409242e+01
      vertex   1.429399e+01 -4.052671e+00 3.380234e+01
    endloop
  endfacet
  facet normal -9.750235e-01 1.505731e-01 1.632692e-01
    outer loop
      vertex   1.426400e+01 -4.444801e+00 3.398483e+01
      vertex   1.429399e+01 -4.052671e+00 3.380234e+01
      vertex   1.423469e+01 -4.322541e+00 3.369705e+01
    endloop
  endfacet
  facet normal -9.790885e-01 1.741170e-01 1.052089e-01
    outer loop
      vertex   1.423469e+01 -4.322541e+00 3.369705e+01
      vertex   1.429399e+01 -4.052671e+00 3.380234e+01
      vertex   1.428254e+01 -3.940067e+00 3.350940e+01
    endloop
  endfacet
  facet normal -9.790885e-01 1.741170e-01 1.052089e-01
    outer loop
      vertex   1.423469e+01 -4.322541e+00 3.369705e+01
      vertex   1.428254e+01 -3.940067e+00 3.350940e+01
      vertex   1.422477e+01 -4.202954e+00 3.340685e+01
    endloop
  endfacet
  facet normal -9.792940e-01 1.969756e-01 4.673120e-02
    outer loop
      vertex   1.422477e+01 -4.202954e+00 3.340685e+01
      vertex   1.428254e+01 -3.940067e+00 3.350940e+01
      vertex   1.429029e+01 -3.831644e+00 3.321478e+01
    endloop
  endfacet
  facet normal -9.792940e-01 1.969756e-01 4.673120e-02
    outer loop
      vertex   1.422477e+01 -4.202954e+00 3.340685e+01
      vertex   1.429029e+01 -3.831644e+00 3.321478e+01
      vertex   1.423428e+01 -4.086510e+00 3.311535e+01
    endloop
  endfacet
  facet normal -9.780459e-01 2.075222e-01 1.899387e-02
    outer loop
      vertex   1.423428e+01 -4.086510e+00 3.311535e+01
      vertex   1.429029e+01 -3.831644e+00 3.321478e+01
      vertex   1.423856e+01 -4.063093e+00 3.308000e+01
    endloop
  endfacet
  facet normal -9.875617e-01 1.564144e-01 -1.601446e-02
    outer loop
      vertex   1.423428e+01 -4.086510e+00 3.311535e+01
      vertex   1.423856e+01 -4.063093e+00 3.308000e+01
      vertex   1.418943e+01 -4.373334e+00 3.308000e+01
    endloop
  endfacet
  facet normal -7.069070e-01 7.069070e-01 2.377028e-02
    outer loop
      vertex   1.572726e+01 -1.355157e+00 3.308000e+01
      vertex   1.550516e+01 -1.577264e+00 3.308000e+01
      vertex   1.562152e+01 -1.471517e+00 3.339562e+01
    endloop
  endfacet
  facet normal -7.251110e-01 6.876407e-01 3.693654e-02
    outer loop
      vertex   1.562152e+01 -1.471517e+00 3.339562e+01
      vertex   1.550516e+01 -1.577264e+00 3.308000e+01
      vertex   1.543607e+01 -1.666807e+00 3.339070e+01
    endloop
  endfacet
  facet normal -7.230897e-01 6.842734e-01 9.439921e-02
    outer loop
      vertex   1.562152e+01 -1.471517e+00 3.339562e+01
      vertex   1.543607e+01 -1.666807e+00 3.339070e+01
      vertex   1.545023e+01 -1.694948e+00 3.370316e+01
    endloop
  endfacet
  facet normal -7.598237e-01 6.435303e-01 9.239464e-02
    outer loop
      vertex   1.545023e+01 -1.694948e+00 3.370316e+01
      vertex   1.543607e+01 -1.666807e+00 3.339070e+01
      vertex   1.526894e+01 -1.906800e+00 3.368787e+01
    endloop
  endfacet
  facet normal -7.561371e-01 6.358874e-01 1.546087e-01
    outer loop
      vertex   1.545023e+01 -1.694948e+00 3.370316e+01
      vertex   1.526894e+01 -1.906800e+00 3.368787e+01
      vertex   1.529199e+01 -1.954645e+00 3.399739e+01
    endloop
  endfacet
  facet normal -7.918156e-01 5.919345e-01 1.504714e-01
    outer loop
      vertex   1.529199e+01 -1.954645e+00 3.399739e+01
      vertex   1.526894e+01 -1.906800e+00 3.368787e+01
      vertex   1.511707e+01 -2.181977e+00 3.397119e+01
    endloop
  endfacet
  facet normal -7.861814e-01 5.805125e-01 2.119531e-01
    outer loop
      vertex   1.529199e+01 -1.954645e+00 3.399739e+01
      vertex   1.511707e+01 -2.181977e+00 3.397119e+01
      vertex   1.515069e+01 -2.247875e+00 3.427638e+01
    endloop
  endfacet
  facet normal -8.203739e-01 5.335915e-01 2.055888e-01
    outer loop
      vertex   1.515069e+01 -2.247875e+00 3.427638e+01
      vertex   1.511707e+01 -2.181977e+00 3.397119e+01
      vertex   1.498423e+01 -2.489358e+00 3.423888e+01
    endloop
  endfacet
  facet normal -8.124683e-01 5.187462e-01 2.660782e-01
    outer loop
      vertex   1.515069e+01 -2.247875e+00 3.427638e+01
      vertex   1.498423e+01 -2.489358e+00 3.423888e+01
      vertex   1.502997e+01 -2.571409e+00 3.453853e+01
    endloop
  endfacet
  facet normal -8.447681e-01 4.691458e-01 2.574279e-01
    outer loop
      vertex   1.502997e+01 -2.571409e+00 3.453853e+01
      vertex   1.498423e+01 -2.489358e+00 3.423888e+01
      vertex   1.487393e+01 -2.825490e+00 3.448951e+01
    endloop
  endfacet
  facet normal -8.342961e-01 4.512801e-01 3.166958e-01
    outer loop
      vertex   1.502997e+01 -2.571409e+00 3.453853e+01
      vertex   1.487393e+01 -2.825490e+00 3.448951e+01
      vertex   1.493320e+01 -2.921572e+00 3.478256e+01
    endloop
  endfacet
  facet normal -8.643261e-01 3.993315e-01 3.057365e-01
    outer loop
      vertex   1.493320e+01 -2.921572e+00 3.478256e+01
      vertex   1.487393e+01 -2.825490e+00 3.448951e+01
      vertex   1.478938e+01 -3.186498e+00 3.472201e+01
    endloop
  endfacet
  facet normal -8.510275e-01 3.788896e-01 3.635860e-01
    outer loop
      vertex   1.493320e+01 -2.921572e+00 3.478256e+01
      vertex   1.478938e+01 -3.186498e+00 3.472201e+01
      vertex   1.486337e+01 -3.294296e+00 3.500753e+01
    endloop
  endfacet
  facet normal -8.784465e-01 3.249613e-01 3.503313e-01
    outer loop
      vertex   1.486337e+01 -3.294296e+00 3.500753e+01
      vertex   1.478938e+01 -3.186498e+00 3.472201e+01
      vertex   1.473338e+01 -3.568141e+00 3.493560e+01
    endloop
  endfacet
  facet normal -8.621010e-01 3.024233e-01 4.065981e-01
    outer loop
      vertex   1.486337e+01 -3.294296e+00 3.500753e+01
      vertex   1.473338e+01 -3.568141e+00 3.493560e+01
      vertex   1.482309e+01 -3.685174e+00 3.521287e+01
    endloop
  endfacet
  facet normal -8.866048e-01 2.469253e-01 3.911009e-01
    outer loop
      vertex   1.482309e+01 -3.685174e+00 3.521287e+01
      vertex   1.473338e+01 -3.568141e+00 3.493560e+01
      vertex   1.470836e+01 -3.965770e+00 3.512993e+01
    endloop
  endfacet
  facet normal -8.670372e-01 2.228012e-01 4.456525e-01
    outer loop
      vertex   1.482309e+01 -3.685174e+00 3.521287e+01
      vertex   1.470836e+01 -3.965770e+00 3.512993e+01
      vertex   1.481456e+01 -4.089413e+00 3.539836e+01
    endloop
  endfacet
  facet normal -8.883791e-01 1.661382e-01 4.279961e-01
    outer loop
      vertex   1.481456e+01 -4.089413e+00 3.539836e+01
      vertex   1.470836e+01 -3.965770e+00 3.512993e+01
      vertex   1.471611e+01 -4.374909e+00 3.530484e+01
    endloop
  endfacet
  facet normal -8.654617e-01 1.409589e-01 4.807355e-01
    outer loop
      vertex   1.481456e+01 -4.089413e+00 3.539836e+01
      vertex   1.471611e+01 -4.374909e+00 3.530484e+01
      vertex   1.483929e+01 -4.502488e+00 3.556401e+01
    endloop
  endfacet
  facet normal -8.834399e-01 8.357182e-02 4.610311e-01
    outer loop
      vertex   1.483929e+01 -4.502488e+00 3.556401e+01
      vertex   1.471611e+01 -4.374909e+00 3.530484e+01
      vertex   1.475815e+01 -4.790294e+00 3.546068e+01
    endloop
  endfacet
  facet normal -8.570966e-01 5.788345e-02 5.118935e-01
    outer loop
      vertex   1.483929e+01 -4.502488e+00 3.556401e+01
      vertex   1.475815e+01 -4.790294e+00 3.546068e+01
      vertex   1.489856e+01 -4.919033e+00 3.571034e+01
    endloop
  endfacet
  facet normal -7.498989e-01 6.611248e-01 2.378290e-02
    outer loop
      vertex   1.550516e+01 -1.577264e+00 3.308000e+01
      vertex   1.529743e+01 -1.812880e+00 3.308000e+01
      vertex   1.543607e+01 -1.666807e+00 3.339070e+01
    endloop
  endfacet
  facet normal -7.605672e-01 6.483391e-01 3.455404e-02
    outer loop
      vertex   1.543607e+01 -1.666807e+00 3.339070e+01
      vertex   1.529743e+01 -1.812880e+00 3.308000e+01
      vertex   1.526120e+01 -1.871157e+00 3.337596e+01
    endloop
  endfacet
  facet normal -7.598237e-01 6.435303e-01 9.239464e-02
    outer loop
      vertex   1.543607e+01 -1.666807e+00 3.339070e+01
      vertex   1.526120e+01 -1.871157e+00 3.337596e+01
      vertex   1.526894e+01 -1.906800e+00 3.368787e+01
    endloop
  endfacet
  facet normal -7.943283e-01 6.010234e-01 8.839352e-02
    outer loop
      vertex   1.526894e+01 -1.906800e+00 3.368787e+01
      vertex   1.526120e+01 -1.871157e+00 3.337596e+01
      vertex   1.509936e+01 -2.127196e+00 3.366247e+01
    endloop
  endfacet
  facet normal -7.918156e-01 5.919345e-01 1.504714e-01
    outer loop
      vertex   1.526894e+01 -1.906800e+00 3.368787e+01
      vertex   1.509936e+01 -2.127196e+00 3.366247e+01
      vertex   1.511707e+01 -2.181977e+00 3.397119e+01
    endloop
  endfacet
  facet normal -8.250459e-01 5.463339e-01 1.442863e-01
    outer loop
      vertex   1.511707e+01 -2.181977e+00 3.397119e+01
      vertex   1.509936e+01 -2.127196e+00 3.366247e+01
      vertex   1.495491e+01 -2.417210e+00 3.393465e+01
    endloop
  endfacet
  facet normal -8.203739e-01 5.335915e-01 2.055888e-01
    outer loop
      vertex   1.511707e+01 -2.181977e+00 3.397119e+01
      vertex   1.495491e+01 -2.417210e+00 3.393465e+01
      vertex   1.498423e+01 -2.489358e+00 3.423888e+01
    endloop
  endfacet
  facet normal -8.519106e-01 4.851629e-01 1.971429e-01
    outer loop
      vertex   1.498423e+01 -2.489358e+00 3.423888e+01
      vertex   1.495491e+01 -2.417210e+00 3.393465e+01
      vertex   1.483153e+01 -2.737985e+00 3.419091e+01
    endloop
  endfacet
  facet normal -8.447681e-01 4.691458e-01 2.574279e-01
    outer loop
      vertex   1.498423e+01 -2.489358e+00 3.423888e+01
      vertex   1.483153e+01 -2.737985e+00 3.419091e+01
      vertex   1.487393e+01 -2.825490e+00 3.448951e+01
    endloop
  endfacet
  facet normal -8.742183e-01 4.182000e-01 2.466801e-01
    outer loop
      vertex   1.487393e+01 -2.825490e+00 3.448951e+01
      vertex   1.483153e+01 -2.737985e+00 3.419091e+01
      vertex   1.473259e+01 -3.085854e+00 3.443000e+01
    endloop
  endfacet
  facet normal -8.643261e-01 3.993315e-01 3.057365e-01
    outer loop
      vertex   1.487393e+01 -2.825490e+00 3.448951e+01
      vertex   1.473259e+01 -3.085854e+00 3.443000e+01
      vertex   1.478938e+01 -3.186498e+00 3.472201e+01
    endloop
  endfacet
  facet normal -8.913302e-01 3.462190e-01 2.926823e-01
    outer loop
      vertex   1.478938e+01 -3.186498e+00 3.472201e+01
      vertex   1.473259e+01 -3.085854e+00 3.443000e+01
      vertex   1.466109e+01 -3.456757e+00 3.465102e+01
    endloop
  endfacet
  facet normal -8.784465e-01 3.249613e-01 3.503313e-01
    outer loop
      vertex   1.478938e+01 -3.186498e+00 3.472201e+01
      vertex   1.466109e+01 -3.456757e+00 3.465102e+01
      vertex   1.473338e+01 -3.568141e+00 3.493560e+01
    endloop
  endfacet
  facet normal -9.026797e-01 2.700758e-01 3.350051e-01
    outer loop
      vertex   1.473338e+01 -3.568141e+00 3.493560e+01
      vertex   1.466109e+01 -3.456757e+00 3.465102e+01
      vertex   1.461969e+01 -3.846207e+00 3.485342e+01
    endloop
  endfacet
  facet normal -8.866058e-01 2.469245e-01 3.910990e-01
    outer loop
      vertex   1.473338e+01 -3.568141e+00 3.493560e+01
      vertex   1.461969e+01 -3.846207e+00 3.485342e+01
      vertex   1.470836e+01 -3.965770e+00 3.512993e+01
    endloop
  endfacet
  facet normal -9.077969e-01 1.906622e-01 3.735675e-01
    outer loop
      vertex   1.470836e+01 -3.965770e+00 3.512993e+01
      vertex   1.461969e+01 -3.846207e+00 3.485342e+01
      vertex   1.461042e+01 -4.249796e+00 3.503689e+01
    endloop
  endfacet
  facet normal -8.883802e-01 1.661374e-01 4.279942e-01
    outer loop
      vertex   1.470836e+01 -3.965770e+00 3.512993e+01
      vertex   1.461042e+01 -4.249796e+00 3.503689e+01
      vertex   1.471611e+01 -4.374909e+00 3.530484e+01
    endloop
  endfacet
  facet normal -9.063018e-01 1.089309e-01 4.083517e-01
    outer loop
      vertex   1.471611e+01 -4.374909e+00 3.530484e+01
      vertex   1.461042e+01 -4.249796e+00 3.503689e+01
      vertex   1.463506e+01 -4.662383e+00 3.520163e+01
    endloop
  endfacet
  facet normal -8.834399e-01 8.357182e-02 4.610311e-01
    outer loop
      vertex   1.471611e+01 -4.374909e+00 3.530484e+01
      vertex   1.463506e+01 -4.662383e+00 3.520163e+01
      vertex   1.475815e+01 -4.790294e+00 3.546068e+01
    endloop
  endfacet
  facet normal -7.899284e-01 6.127313e-01 2.394826e-02
    outer loop
      vertex   1.529743e+01 -1.812880e+00 3.308000e+01
      vertex   1.510492e+01 -2.061074e+00 3.308000e+01
      vertex   1.526120e+01 -1.871157e+00 3.337596e+01
    endloop
  endfacet
  facet normal -7.938247e-01 6.074353e-01 2.940417e-02
    outer loop
      vertex   1.526120e+01 -1.871157e+00 3.337596e+01
      vertex   1.510492e+01 -2.061074e+00 3.308000e+01
      vertex   1.509762e+01 -2.083747e+00 3.335146e+01
    endloop
  endfacet
  facet normal -7.943283e-01 6.010234e-01 8.839352e-02
    outer loop
      vertex   1.526120e+01 -1.871157e+00 3.337596e+01
      vertex   1.509762e+01 -2.083747e+00 3.335146e+01
      vertex   1.509936e+01 -2.127196e+00 3.366247e+01
    endloop
  endfacet
  facet normal -8.264654e-01 5.569231e-01 8.241188e-02
    outer loop
      vertex   1.509936e+01 -2.127196e+00 3.366247e+01
      vertex   1.509762e+01 -2.083747e+00 3.335146e+01
      vertex   1.494214e+01 -2.355252e+00 3.362705e+01
    endloop
  endfacet
  facet normal -8.250459e-01 5.463339e-01 1.442863e-01
    outer loop
      vertex   1.509936e+01 -2.127196e+00 3.366247e+01
      vertex   1.494214e+01 -2.355252e+00 3.362705e+01
      vertex   1.495491e+01 -2.417210e+00 3.393465e+01
    endloop
  endfacet
  facet normal -8.556951e-01 4.992682e-01 1.360780e-01
    outer loop
      vertex   1.495491e+01 -2.417210e+00 3.393465e+01
      vertex   1.494214e+01 -2.355252e+00 3.362705e+01
      vertex   1.480617e+01 -2.659404e+00 3.388792e+01
    endloop
  endfacet
  facet normal -8.519106e-01 4.851629e-01 1.971429e-01
    outer loop
      vertex   1.495491e+01 -2.417210e+00 3.393465e+01
      vertex   1.480617e+01 -2.659404e+00 3.388792e+01
      vertex   1.483153e+01 -2.737985e+00 3.419091e+01
    endloop
  endfacet
  facet normal -8.806650e-01 4.354208e-01 1.866490e-01
    outer loop
      vertex   1.483153e+01 -2.737985e+00 3.419091e+01
      vertex   1.480617e+01 -2.659404e+00 3.388792e+01
      vertex   1.469322e+01 -2.992761e+00 3.413268e+01
    endloop
  endfacet
  facet normal -8.742183e-01 4.182000e-01 2.466801e-01
    outer loop
      vertex   1.483153e+01 -2.737985e+00 3.419091e+01
      vertex   1.469322e+01 -2.992761e+00 3.413268e+01
      vertex   1.473259e+01 -3.085854e+00 3.443000e+01
    endloop
  endfacet
  facet normal -9.007011e-01 3.661128e-01 2.338779e-01
    outer loop
      vertex   1.473259e+01 -3.085854e+00 3.443000e+01
      vertex   1.469322e+01 -2.992761e+00 3.413268e+01
      vertex   1.460651e+01 -3.351460e+00 3.436024e+01
    endloop
  endfacet
  facet normal -8.913302e-01 3.462190e-01 2.926823e-01
    outer loop
      vertex   1.473259e+01 -3.085854e+00 3.443000e+01
      vertex   1.460651e+01 -3.351460e+00 3.436024e+01
      vertex   1.466109e+01 -3.456757e+00 3.465102e+01
    endloop
  endfacet
  facet normal -9.151973e-01 2.921626e-01 2.775876e-01
    outer loop
      vertex   1.466109e+01 -3.456757e+00 3.465102e+01
      vertex   1.460651e+01 -3.351460e+00 3.436024e+01
      vertex   1.454888e+01 -3.731195e+00 3.456991e+01
    endloop
  endfacet
  facet normal -9.026806e-01 2.700750e-01 3.350032e-01
    outer loop
      vertex   1.466109e+01 -3.456757e+00 3.465102e+01
      vertex   1.454888e+01 -3.731195e+00 3.456991e+01
      vertex   1.461969e+01 -3.846207e+00 3.485342e+01
    endloop
  endfacet
  facet normal -9.236374e-01 2.144353e-01 3.176657e-01
    outer loop
      vertex   1.461969e+01 -3.846207e+00 3.485342e+01
      vertex   1.454888e+01 -3.731195e+00 3.456991e+01
      vertex   1.452264e+01 -4.127642e+00 3.476122e+01
    endloop
  endfacet
  facet normal -9.077979e-01 1.906613e-01 3.735656e-01
    outer loop
      vertex   1.461969e+01 -3.846207e+00 3.485342e+01
      vertex   1.452264e+01 -4.127642e+00 3.476122e+01
      vertex   1.461042e+01 -4.249796e+00 3.503689e+01
    endloop
  endfacet
  facet normal -9.255922e-01 1.338610e-01 3.540625e-01
    outer loop
      vertex   1.461042e+01 -4.249796e+00 3.503689e+01
      vertex   1.452264e+01 -4.127642e+00 3.476122e+01
      vertex   1.452978e+01 -4.535803e+00 3.493421e+01
    endloop
  endfacet
  facet normal -9.063018e-01 1.089309e-01 4.083517e-01
    outer loop
      vertex   1.461042e+01 -4.249796e+00 3.503689e+01
      vertex   1.452978e+01 -4.535803e+00 3.493421e+01
      vertex   1.463506e+01 -4.662383e+00 3.520163e+01
    endloop
  endfacet
  facet normal -8.248835e-01 5.647495e-01 2.500434e-02
    outer loop
      vertex   1.509762e+01 -2.083747e+00 3.335146e+01
      vertex   1.510492e+01 -2.061074e+00 3.308000e+01
      vertex   1.494598e+01 -2.303726e+00 3.331729e+01
    endloop
  endfacet
  facet normal -8.269016e-01 5.619618e-01 2.080190e-02
    outer loop
      vertex   1.494598e+01 -2.303726e+00 3.331729e+01
      vertex   1.510492e+01 -2.061074e+00 3.308000e+01
      vertex   1.492836e+01 -2.320866e+00 3.308000e+01
    endloop
  endfacet
  facet normal -8.540629e-01 5.195253e-01 2.588378e-02
    outer loop
      vertex   1.494598e+01 -2.303726e+00 3.331729e+01
      vertex   1.492836e+01 -2.320866e+00 3.308000e+01
      vertex   1.480688e+01 -2.530214e+00 3.327359e+01
    endloop
  endfacet
  facet normal -8.606959e-01 5.090141e-01 1.035505e-02
    outer loop
      vertex   1.480688e+01 -2.530214e+00 3.327359e+01
      vertex   1.492836e+01 -2.320866e+00 3.308000e+01
      vertex   1.476847e+01 -2.591232e+00 3.308000e+01
    endloop
  endfacet
  facet normal -8.810291e-01 4.723500e-01 2.594577e-02
    outer loop
      vertex   1.480688e+01 -2.530214e+00 3.327359e+01
      vertex   1.476847e+01 -2.591232e+00 3.308000e+01
      vertex   1.468089e+01 -2.762303e+00 3.322055e+01
    endloop
  endfacet
  facet normal -8.910035e-01 4.539889e-01 -2.618599e-03
    outer loop
      vertex   1.468089e+01 -2.762303e+00 3.322055e+01
      vertex   1.476847e+01 -2.591232e+00 3.308000e+01
      vertex   1.462586e+01 -2.871104e+00 3.308000e+01
    endloop
  endfacet
  facet normal -9.058145e-01 4.227920e-01 2.733039e-02
    outer loop
      vertex   1.468089e+01 -2.762303e+00 3.322055e+01
      vertex   1.462586e+01 -2.871104e+00 3.308000e+01
      vertex   1.456850e+01 -2.999065e+00 3.315836e+01
    endloop
  endfacet
  facet normal -9.175059e-01 3.970402e-01 -2.328222e-02
    outer loop
      vertex   1.456850e+01 -2.999065e+00 3.315836e+01
      vertex   1.462586e+01 -2.871104e+00 3.308000e+01
      vertex   1.450112e+01 -3.159377e+00 3.308000e+01
    endloop
  endfacet
  facet normal -9.298147e-01 3.638700e-01 5.516651e-02
    outer loop
      vertex   1.456850e+01 -2.999065e+00 3.315836e+01
      vertex   1.450112e+01 -3.159377e+00 3.308000e+01
      vertex   1.447017e+01 -3.239550e+00 3.308728e+01
    endloop
  endfacet
  facet normal -9.086483e-01 3.271335e-01 -2.595033e-01
    outer loop
      vertex   1.447017e+01 -3.239550e+00 3.308728e+01
      vertex   1.450112e+01 -3.159377e+00 3.308000e+01
      vertex   1.439472e+01 -3.454915e+00 3.308000e+01
    endloop
  endfacet
  facet normal -9.436857e-01 3.297180e-01 2.726372e-02
    outer loop
      vertex   1.447017e+01 -3.239550e+00 3.308728e+01
      vertex   1.439472e+01 -3.454915e+00 3.308000e+01
      vertex   1.444888e+01 -3.325423e+00 3.338860e+01
    endloop
  endfacet
  facet normal -9.481996e-01 3.158646e-01 3.386900e-02
    outer loop
      vertex   1.444888e+01 -3.325423e+00 3.338860e+01
      vertex   1.439472e+01 -3.454915e+00 3.308000e+01
      vertex   1.436192e+01 -3.577614e+00 3.330598e+01
    endloop
  endfacet
  facet normal -9.501899e-01 3.001973e-01 8.379003e-02
    outer loop
      vertex   1.444888e+01 -3.325423e+00 3.338860e+01
      vertex   1.436192e+01 -3.577614e+00 3.330598e+01
      vertex   1.435642e+01 -3.678042e+00 3.360348e+01
    endloop
  endfacet
  facet normal -9.663156e-01 2.487224e-01 6.611543e-02
    outer loop
      vertex   1.435642e+01 -3.678042e+00 3.360348e+01
      vertex   1.436192e+01 -3.577614e+00 3.330598e+01
      vertex   1.428254e+01 -3.940067e+00 3.350940e+01
    endloop
  endfacet
  facet normal -9.657343e-01 2.273623e-01 1.251544e-01
    outer loop
      vertex   1.435642e+01 -3.678042e+00 3.360348e+01
      vertex   1.428254e+01 -3.940067e+00 3.350940e+01
      vertex   1.429399e+01 -4.052671e+00 3.380234e+01
    endloop
  endfacet
  facet normal -9.602235e-01 2.789707e-01 1.209167e-02
    outer loop
      vertex   1.439472e+01 -3.454915e+00 3.308000e+01
      vertex   1.430708e+01 -3.756551e+00 3.308000e+01
      vertex   1.436192e+01 -3.577614e+00 3.330598e+01
    endloop
  endfacet
  facet normal -9.645549e-01 2.625867e-01 2.611585e-02
    outer loop
      vertex   1.436192e+01 -3.577614e+00 3.330598e+01
      vertex   1.430708e+01 -3.756551e+00 3.308000e+01
      vertex   1.429029e+01 -3.831644e+00 3.321478e+01
    endloop
  endfacet
  facet normal -9.663156e-01 2.487224e-01 6.611543e-02
    outer loop
      vertex   1.436192e+01 -3.577614e+00 3.330598e+01
      vertex   1.429029e+01 -3.831644e+00 3.321478e+01
      vertex   1.428254e+01 -3.940067e+00 3.350940e+01
    endloop
  endfacet
  facet normal -9.759168e-01 2.181432e-01 -6.230881e-05
    outer loop
      vertex   1.430708e+01 -3.756551e+00 3.308000e+01
      vertex   1.423856e+01 -4.063093e+00 3.308000e+01
      vertex   1.429029e+01 -3.831644e+00 3.321478e+01
    endloop
  endfacet
  facet normal -9.954899e-01 9.410150e-02 1.203245e-02
    outer loop
      vertex   1.415987e+01 -4.686047e+00 3.308000e+01
      vertex   1.418322e+01 -4.466608e+00 3.329580e+01
      vertex   1.418943e+01 -4.373334e+00 3.308000e+01
    endloop
  endfacet
  facet normal -9.893121e-01 1.420458e-01 3.293341e-02
    outer loop
      vertex   1.418943e+01 -4.373334e+00 3.308000e+01
      vertex   1.418322e+01 -4.466608e+00 3.329580e+01
      vertex   1.422477e+01 -4.202954e+00 3.340685e+01
    endloop
  endfacet
  facet normal -9.881243e-01 1.510651e-01 2.810332e-02
    outer loop
      vertex   1.418943e+01 -4.373334e+00 3.308000e+01
      vertex   1.422477e+01 -4.202954e+00 3.340685e+01
      vertex   1.423428e+01 -4.086510e+00 3.311535e+01
    endloop
  endfacet
  facet normal -9.961297e-01 8.534962e-02 2.100136e-02
    outer loop
      vertex   1.418322e+01 -4.466608e+00 3.329580e+01
      vertex   1.415987e+01 -4.686047e+00 3.308000e+01
      vertex   1.415841e+01 -4.727102e+00 3.317795e+01
    endloop
  endfacet
  facet normal -9.995052e-01 3.141072e-02 -1.656397e-03
    outer loop
      vertex   1.415841e+01 -4.727102e+00 3.317795e+01
      vertex   1.415987e+01 -4.686047e+00 3.308000e+01
      vertex   1.415000e+01 -5.000000e+00 3.308000e+01
    endloop
  endfacet
  facet normal -9.993158e-01 1.953837e-02 3.140476e-02
    outer loop
      vertex   1.415841e+01 -4.727102e+00 3.317795e+01
      vertex   1.415000e+01 -5.000000e+00 3.308000e+01
      vertex   1.415987e+01 -5.000000e+00 3.339395e+01
    endloop
  endfacet
  facet normal -9.987487e-01 2.766096e-02 4.166305e-02
    outer loop
      vertex   1.415841e+01 -4.727102e+00 3.317795e+01
      vertex   1.415987e+01 -5.000000e+00 3.339395e+01
      vertex   1.416657e+01 -4.860614e+00 3.346208e+01
    endloop
  endfacet
  facet normal -9.955602e-01 1.875462e-03 9.410815e-02
    outer loop
      vertex   1.416657e+01 -4.860614e+00 3.346208e+01
      vertex   1.415987e+01 -5.000000e+00 3.339395e+01
      vertex   1.418943e+01 -5.000000e+00 3.370667e+01
    endloop
  endfacet
  facet normal -9.912013e-01 5.145192e-02 1.219533e-01
    outer loop
      vertex   1.416657e+01 -4.860614e+00 3.346208e+01
      vertex   1.418943e+01 -5.000000e+00 3.370667e+01
      vertex   1.419438e+01 -4.994676e+00 3.374470e+01
    endloop
  endfacet
  facet normal -9.688565e-01 -1.943438e-01 1.534518e-01
    outer loop
      vertex   1.419438e+01 -4.994676e+00 3.374470e+01
      vertex   1.418943e+01 -5.000000e+00 3.370667e+01
      vertex   1.423856e+01 -5.000000e+00 3.401691e+01
    endloop
  endfacet
  facet normal -9.867911e-01 2.137439e-02 1.605818e-01
    outer loop
      vertex   1.419438e+01 -4.994676e+00 3.374470e+01
      vertex   1.423856e+01 -5.000000e+00 3.401691e+01
      vertex   1.422046e+01 -4.720913e+00 3.386854e+01
    endloop
  endfacet
  facet normal -9.828245e-01 3.280723e-02 1.816032e-01
    outer loop
      vertex   1.422046e+01 -4.720913e+00 3.386854e+01
      vertex   1.423856e+01 -5.000000e+00 3.401691e+01
      vertex   1.426831e+01 -4.849954e+00 3.415081e+01
    endloop
  endfacet
  facet normal -9.776369e-01 7.071600e-02 1.980538e-01
    outer loop
      vertex   1.422046e+01 -4.720913e+00 3.386854e+01
      vertex   1.426831e+01 -4.849954e+00 3.415081e+01
      vertex   1.426400e+01 -4.444801e+00 3.398483e+01
    endloop
  endfacet
  facet normal -9.776291e-01 7.072993e-02 1.980875e-01
    outer loop
      vertex   1.426400e+01 -4.444801e+00 3.398483e+01
      vertex   1.426831e+01 -4.849954e+00 3.415081e+01
      vertex   1.431258e+01 -4.569251e+00 3.426903e+01
    endloop
  endfacet
  facet normal -9.759161e-01 -1.171332e-03 2.181431e-01
    outer loop
      vertex   1.423856e+01 -5.000000e+00 3.401691e+01
      vertex   1.430708e+01 -5.000000e+00 3.432345e+01
      vertex   1.426831e+01 -4.849954e+00 3.415081e+01
    endloop
  endfacet
  facet normal -9.668568e-01 4.026729e-02 2.521241e-01
    outer loop
      vertex   1.426831e+01 -4.849954e+00 3.415081e+01
      vertex   1.430708e+01 -5.000000e+00 3.432345e+01
      vertex   1.433542e+01 -4.979580e+00 3.442886e+01
    endloop
  endfacet
  facet normal -9.660769e-01 4.525114e-02 2.542593e-01
    outer loop
      vertex   1.426831e+01 -4.849954e+00 3.415081e+01
      vertex   1.433542e+01 -4.979580e+00 3.442886e+01
      vertex   1.431258e+01 -4.569251e+00 3.426903e+01
    endloop
  endfacet
  facet normal -9.660672e-01 4.526503e-02 2.542936e-01
    outer loop
      vertex   1.431258e+01 -4.569251e+00 3.426903e+01
      vertex   1.433542e+01 -4.979580e+00 3.442886e+01
      vertex   1.438024e+01 -4.695401e+00 3.454854e+01
    endloop
  endfacet
  facet normal -9.547893e-01 -1.069167e-01 2.773919e-01
    outer loop
      vertex   1.430708e+01 -5.000000e+00 3.432345e+01
      vertex   1.439472e+01 -5.000000e+00 3.462508e+01
      vertex   1.433542e+01 -4.979580e+00 3.442886e+01
    endloop
  endfacet
  facet normal -9.560702e-01 2.788942e-02 2.918080e-01
    outer loop
      vertex   1.433542e+01 -4.979580e+00 3.442886e+01
      vertex   1.439472e+01 -5.000000e+00 3.462508e+01
      vertex   1.438024e+01 -4.695401e+00 3.454854e+01
    endloop
  endfacet
  facet normal -9.482986e-01 3.421968e-02 3.155295e-01
    outer loop
      vertex   1.438024e+01 -4.695401e+00 3.454854e+01
      vertex   1.439472e+01 -5.000000e+00 3.462508e+01
      vertex   1.446672e+01 -4.822752e+00 3.482226e+01
    endloop
  endfacet
  facet normal -9.408671e-01 5.388197e-03 3.387330e-01
    outer loop
      vertex   1.446672e+01 -4.822752e+00 3.482226e+01
      vertex   1.439472e+01 -5.000000e+00 3.462508e+01
      vertex   1.450112e+01 -5.000000e+00 3.492062e+01
    endloop
  endfacet
  facet normal -9.250997e-01 3.051361e-02 3.784963e-01
    outer loop
      vertex   1.446672e+01 -4.822752e+00 3.482226e+01
      vertex   1.450112e+01 -5.000000e+00 3.492062e+01
      vertex   1.457168e+01 -4.950802e+00 3.508911e+01
    endloop
  endfacet
  facet normal -9.168717e-01 -4.385415e-02 3.967658e-01
    outer loop
      vertex   1.457168e+01 -4.950802e+00 3.508911e+01
      vertex   1.450112e+01 -5.000000e+00 3.492062e+01
      vertex   1.462586e+01 -5.000000e+00 3.520890e+01
    endloop
  endfacet
  facet normal -7.500979e-01 5.922431e-03 6.613003e-01
    outer loop
      vertex   1.529743e+01 -5.000000e+00 3.626712e+01
      vertex   1.550516e+01 -5.000000e+00 3.650274e+01
      vertex   1.530859e+01 -4.894952e+00 3.627884e+01
    endloop
  endfacet
  facet normal -7.423475e-01 3.683937e-02 6.690015e-01
    outer loop
      vertex   1.530859e+01 -4.894952e+00 3.627884e+01
      vertex   1.550516e+01 -5.000000e+00 3.650274e+01
      vertex   1.540519e+01 -4.614828e+00 3.637060e+01
    endloop
  endfacet
  facet normal -7.766683e-01 6.249837e-02 6.268017e-01
    outer loop
      vertex   1.530859e+01 -4.894952e+00 3.627884e+01
      vertex   1.540519e+01 -4.614828e+00 3.637060e+01
      vertex   1.523376e+01 -4.479875e+00 3.614472e+01
    endloop
  endfacet
  facet normal -7.555648e-01 1.185288e-01 6.442615e-01
    outer loop
      vertex   1.523376e+01 -4.479875e+00 3.614472e+01
      vertex   1.540519e+01 -4.614828e+00 3.637060e+01
      vertex   1.534809e+01 -4.200261e+00 3.622737e+01
    endloop
  endfacet
  facet normal -7.882044e-01 1.455621e-01 5.979511e-01
    outer loop
      vertex   1.523376e+01 -4.479875e+00 3.614472e+01
      vertex   1.534809e+01 -4.200261e+00 3.622737e+01
      vertex   1.519289e+01 -4.065446e+00 3.598997e+01
    endloop
  endfacet
  facet normal -7.635893e-01 2.013121e-01 6.135184e-01
    outer loop
      vertex   1.519289e+01 -4.065446e+00 3.598997e+01
      vertex   1.534809e+01 -4.200261e+00 3.622737e+01
      vertex   1.532453e+01 -3.788133e+00 3.606281e+01
    endloop
  endfacet
  facet normal -7.930054e-01 2.280387e-01 5.649255e-01
    outer loop
      vertex   1.519289e+01 -4.065446e+00 3.598997e+01
      vertex   1.532453e+01 -3.788133e+00 3.606281e+01
      vertex   1.518531e+01 -3.656228e+00 3.581413e+01
    endloop
  endfacet
  facet normal -7.650177e-01 2.830858e-01 5.784552e-01
    outer loop
      vertex   1.518531e+01 -3.656228e+00 3.581413e+01
      vertex   1.532453e+01 -3.788133e+00 3.606281e+01
      vertex   1.533329e+01 -3.383626e+00 3.587644e+01
    endloop
  endfacet
  facet normal -7.912855e-01 3.089587e-01 5.276473e-01
    outer loop
      vertex   1.518531e+01 -3.656228e+00 3.581413e+01
      vertex   1.533329e+01 -3.383626e+00 3.587644e+01
      vertex   1.520954e+01 -3.257337e+00 3.561691e+01
    endloop
  endfacet
  facet normal -7.601362e-01 3.628437e-01 5.390152e-01
    outer loop
      vertex   1.520954e+01 -3.257337e+00 3.561691e+01
      vertex   1.533329e+01 -3.383626e+00 3.587644e+01
      vertex   1.537273e+01 -2.991621e+00 3.566817e+01
    endloop
  endfacet
  facet normal -7.833831e-01 3.873309e-01 4.860923e-01
    outer loop
      vertex   1.520954e+01 -3.257337e+00 3.561691e+01
      vertex   1.537273e+01 -2.991621e+00 3.566817e+01
      vertex   1.526369e+01 -2.873562e+00 3.539837e+01
    endloop
  endfacet
  facet normal -7.493265e-01 4.396290e-01 4.952131e-01
    outer loop
      vertex   1.526369e+01 -2.873562e+00 3.539837e+01
      vertex   1.537273e+01 -2.991621e+00 3.566817e+01
      vertex   1.544069e+01 -2.616798e+00 3.543826e+01
    endloop
  endfacet
  facet normal -7.697272e-01 4.622201e-01 4.403096e-01
    outer loop
      vertex   1.526369e+01 -2.873562e+00 3.539837e+01
      vertex   1.544069e+01 -2.616798e+00 3.543826e+01
      vertex   1.534538e+01 -2.509455e+00 3.515895e+01
    endloop
  endfacet
  facet normal -7.330637e-01 5.125320e-01 4.471338e-01
    outer loop
      vertex   1.534538e+01 -2.509455e+00 3.515895e+01
      vertex   1.544069e+01 -2.616798e+00 3.543826e+01
      vertex   1.553458e+01 -2.263567e+00 3.518729e+01
    endloop
  endfacet
  facet normal -7.508369e-01 5.327452e-01 3.904184e-01
    outer loop
      vertex   1.534538e+01 -2.509455e+00 3.515895e+01
      vertex   1.553458e+01 -2.263567e+00 3.518729e+01
      vertex   1.545180e+01 -2.169270e+00 3.489941e+01
    endloop
  endfacet
  facet normal -7.119079e-01 5.807025e-01 3.949326e-01
    outer loop
      vertex   1.545180e+01 -2.169270e+00 3.489941e+01
      vertex   1.553458e+01 -2.263567e+00 3.518729e+01
      vertex   1.565140e+01 -1.936009e+00 3.491624e+01
    endloop
  endfacet
  facet normal -7.273112e-01 5.980910e-01 3.366089e-01
    outer loop
      vertex   1.545180e+01 -2.169270e+00 3.489941e+01
      vertex   1.565140e+01 -1.936009e+00 3.491624e+01
      vertex   1.557977e+01 -1.856895e+00 3.462089e+01
    endloop
  endfacet
  facet normal -6.864940e-01 6.433630e-01 3.388362e-01
    outer loop
      vertex   1.557977e+01 -1.856895e+00 3.462089e+01
      vertex   1.565140e+01 -1.936009e+00 3.491624e+01
      vertex   1.578781e+01 -1.637812e+00 3.462641e+01
    endloop
  endfacet
  facet normal -6.998191e-01 6.575208e-01 2.791409e-01
    outer loop
      vertex   1.557977e+01 -1.856895e+00 3.462089e+01
      vertex   1.578781e+01 -1.637812e+00 3.462641e+01
      vertex   1.572580e+01 -1.575799e+00 3.432487e+01
    endloop
  endfacet
  facet normal -6.575208e-01 6.998191e-01 2.791409e-01
    outer loop
      vertex   1.572580e+01 -1.575799e+00 3.432487e+01
      vertex   1.578781e+01 -1.637812e+00 3.462641e+01
      vertex   1.594018e+01 -1.372222e+00 3.431947e+01
    endloop
  endfacet
  facet normal -6.690872e-01 7.103863e-01 2.183429e-01
    outer loop
      vertex   1.572580e+01 -1.575799e+00 3.432487e+01
      vertex   1.594018e+01 -1.372222e+00 3.431947e+01
      vertex   1.588613e+01 -1.328985e+00 3.401315e+01
    endloop
  endfacet
  facet normal -6.257381e-01 7.494698e-01 2.162101e-01
    outer loop
      vertex   1.588613e+01 -1.328985e+00 3.401315e+01
      vertex   1.594018e+01 -1.372222e+00 3.431947e+01
      vertex   1.610465e+01 -1.141994e+00 3.399739e+01
    endloop
  endfacet
  facet normal -6.358874e-01 7.561371e-01 1.546087e-01
    outer loop
      vertex   1.588613e+01 -1.328985e+00 3.401315e+01
      vertex   1.610465e+01 -1.141994e+00 3.399739e+01
      vertex   1.605680e+01 -1.118943e+00 3.368787e+01
    endloop
  endfacet
  facet normal -5.919345e-01 7.918156e-01 1.504714e-01
    outer loop
      vertex   1.605680e+01 -1.118943e+00 3.368787e+01
      vertex   1.610465e+01 -1.141994e+00 3.399739e+01
      vertex   1.627720e+01 -9.493552e-01 3.366247e+01
    endloop
  endfacet
  facet normal -6.010234e-01 7.943283e-01 8.839352e-02
    outer loop
      vertex   1.605680e+01 -1.118943e+00 3.368787e+01
      vertex   1.627720e+01 -9.493552e-01 3.366247e+01
      vertex   1.623375e+01 -9.476207e-01 3.335146e+01
    endloop
  endfacet
  facet normal -5.569231e-01 8.264654e-01 8.241188e-02
    outer loop
      vertex   1.623375e+01 -9.476207e-01 3.335146e+01
      vertex   1.627720e+01 -9.493552e-01 3.366247e+01
      vertex   1.645373e+01 -7.959780e-01 3.331729e+01
    endloop
  endfacet
  facet normal -7.398267e-01 3.841922e-02 6.716996e-01
    outer loop
      vertex   1.540519e+01 -4.614828e+00 3.637060e+01
      vertex   1.550516e+01 -5.000000e+00 3.650274e+01
      vertex   1.559139e+01 -4.751301e+00 3.658349e+01
    endloop
  endfacet
  facet normal -7.070210e-01 1.557443e-02 7.070210e-01
    outer loop
      vertex   1.559139e+01 -4.751301e+00 3.658349e+01
      vertex   1.550516e+01 -5.000000e+00 3.650274e+01
      vertex   1.572726e+01 -5.000000e+00 3.672484e+01
    endloop
  endfacet
  facet normal -6.946601e-01 2.899589e-02 7.187535e-01
    outer loop
      vertex   1.559139e+01 -4.751301e+00 3.658349e+01
      vertex   1.572726e+01 -5.000000e+00 3.672484e+01
      vertex   1.579163e+01 -4.888756e+00 3.678257e+01
    endloop
  endfacet
  facet normal -6.612976e-01 -6.570644e-03 7.500949e-01
    outer loop
      vertex   1.579163e+01 -4.888756e+00 3.678257e+01
      vertex   1.572726e+01 -5.000000e+00 3.672484e+01
      vertex   1.596288e+01 -5.000000e+00 3.693257e+01
    endloop
  endfacet
  facet normal -6.444291e-01 3.778213e-02 7.637301e-01
    outer loop
      vertex   1.579163e+01 -4.888756e+00 3.678257e+01
      vertex   1.596288e+01 -5.000000e+00 3.693257e+01
      vertex   1.590093e+01 -4.621446e+00 3.686157e+01
    endloop
  endfacet
  facet normal -6.383826e-01 3.970264e-02 7.686946e-01
    outer loop
      vertex   1.590093e+01 -4.621446e+00 3.686157e+01
      vertex   1.596288e+01 -5.000000e+00 3.693257e+01
      vertex   1.611187e+01 -4.765575e+00 3.704419e+01
    endloop
  endfacet
  facet normal -6.171581e-01 8.756354e-02 7.819518e-01
    outer loop
      vertex   1.590093e+01 -4.621446e+00 3.686157e+01
      vertex   1.611187e+01 -4.765575e+00 3.704419e+01
      vertex   1.602595e+01 -4.358082e+00 3.693074e+01
    endloop
  endfacet
  facet normal -6.171581e-01 8.756354e-02 7.819518e-01
    outer loop
      vertex   1.602595e+01 -4.358082e+00 3.693074e+01
      vertex   1.611187e+01 -4.765575e+00 3.704419e+01
      vertex   1.623398e+01 -4.508341e+00 3.711176e+01
    endloop
  endfacet
  facet normal -5.909227e-01 1.391641e-01 7.946343e-01
    outer loop
      vertex   1.602595e+01 -4.358082e+00 3.693074e+01
      vertex   1.623398e+01 -4.508341e+00 3.711176e+01
      vertex   1.616610e+01 -4.099915e+00 3.698975e+01
    endloop
  endfacet
  facet normal -5.909227e-01 1.391641e-01 7.946343e-01
    outer loop
      vertex   1.616610e+01 -4.099915e+00 3.698975e+01
      vertex   1.623398e+01 -4.508341e+00 3.711176e+01
      vertex   1.637086e+01 -4.256183e+00 3.716939e+01
    endloop
  endfacet
  facet normal -5.617475e-01 1.896340e-01 8.052817e-01
    outer loop
      vertex   1.616610e+01 -4.099915e+00 3.698975e+01
      vertex   1.637086e+01 -4.256183e+00 3.716939e+01
      vertex   1.632082e+01 -3.847979e+00 3.703836e+01
    endloop
  endfacet
  facet normal -5.617475e-01 1.896340e-01 8.052817e-01
    outer loop
      vertex   1.632082e+01 -3.847979e+00 3.703836e+01
      vertex   1.637086e+01 -4.256183e+00 3.716939e+01
      vertex   1.652199e+01 -4.010111e+00 3.721687e+01
    endloop
  endfacet
  facet normal -5.297495e-01 2.387711e-01 8.138512e-01
    outer loop
      vertex   1.632082e+01 -3.847979e+00 3.703836e+01
      vertex   1.652199e+01 -4.010111e+00 3.721687e+01
      vertex   1.648950e+01 -3.603283e+00 3.707637e+01
    endloop
  endfacet
  facet normal -5.297495e-01 2.387711e-01 8.138512e-01
    outer loop
      vertex   1.648950e+01 -3.603283e+00 3.707637e+01
      vertex   1.652199e+01 -4.010111e+00 3.721687e+01
      vertex   1.668674e+01 -3.771110e+00 3.725399e+01
    endloop
  endfacet
  facet normal -4.950566e-01 2.863787e-01 8.203086e-01
    outer loop
      vertex   1.648950e+01 -3.603283e+00 3.707637e+01
      vertex   1.668674e+01 -3.771110e+00 3.725399e+01
      vertex   1.667147e+01 -3.366807e+00 3.710362e+01
    endloop
  endfacet
  facet normal -4.950566e-01 2.863787e-01 8.203086e-01
    outer loop
      vertex   1.667147e+01 -3.366807e+00 3.710362e+01
      vertex   1.668674e+01 -3.771110e+00 3.725399e+01
      vertex   1.686447e+01 -3.540137e+00 3.728061e+01
    endloop
  endfacet
  facet normal -4.578080e-01 3.322660e-01 8.246279e-01
    outer loop
      vertex   1.667147e+01 -3.366807e+00 3.710362e+01
      vertex   1.686447e+01 -3.540137e+00 3.728061e+01
      vertex   1.686598e+01 -3.139497e+00 3.712002e+01
    endloop
  endfacet
  facet normal -4.578080e-01 3.322660e-01 8.246279e-01
    outer loop
      vertex   1.686598e+01 -3.139497e+00 3.712002e+01
      vertex   1.686447e+01 -3.540137e+00 3.728061e+01
      vertex   1.705446e+01 -3.318118e+00 3.729663e+01
    endloop
  endfacet
  facet normal -4.181526e-01 3.762493e-01 8.267919e-01
    outer loop
      vertex   1.686598e+01 -3.139497e+00 3.712002e+01
      vertex   1.705446e+01 -3.318118e+00 3.729663e+01
      vertex   1.707226e+01 -2.922264e+00 3.712550e+01
    endloop
  endfacet
  facet normal -4.181526e-01 3.762493e-01 8.267919e-01
    outer loop
      vertex   1.707226e+01 -2.922264e+00 3.712550e+01
      vertex   1.705446e+01 -3.318118e+00 3.729663e+01
      vertex   1.725594e+01 -3.105941e+00 3.730198e+01
    endloop
  endfacet
  facet normal -3.762493e-01 4.181526e-01 8.267919e-01
    outer loop
      vertex   1.707226e+01 -2.922264e+00 3.712550e+01
      vertex   1.725594e+01 -3.105941e+00 3.730198e+01
      vertex   1.728950e+01 -2.715978e+00 3.712002e+01
    endloop
  endfacet
  facet normal -3.762493e-01 4.181526e-01 8.267919e-01
    outer loop
      vertex   1.728950e+01 -2.715978e+00 3.712002e+01
      vertex   1.725594e+01 -3.105941e+00 3.730198e+01
      vertex   1.746812e+01 -2.904456e+00 3.729663e+01
    endloop
  endfacet
  facet normal -3.322660e-01 4.578080e-01 8.246279e-01
    outer loop
      vertex   1.728950e+01 -2.715978e+00 3.712002e+01
      vertex   1.746812e+01 -2.904456e+00 3.729663e+01
      vertex   1.751681e+01 -2.521465e+00 3.710362e+01
    endloop
  endfacet
  facet normal -3.322660e-01 4.578080e-01 8.246279e-01
    outer loop
      vertex   1.751681e+01 -2.521465e+00 3.710362e+01
      vertex   1.746812e+01 -2.904456e+00 3.729663e+01
      vertex   1.769014e+01 -2.714470e+00 3.728061e+01
    endloop
  endfacet
  facet normal -2.863787e-01 4.950566e-01 8.203086e-01
    outer loop
      vertex   1.751681e+01 -2.521465e+00 3.710362e+01
      vertex   1.769014e+01 -2.714470e+00 3.728061e+01
      vertex   1.775328e+01 -2.339504e+00 3.707637e+01
    endloop
  endfacet
  facet normal -2.863787e-01 4.950566e-01 8.203086e-01
    outer loop
      vertex   1.775328e+01 -2.339504e+00 3.707637e+01
      vertex   1.769014e+01 -2.714470e+00 3.728061e+01
      vertex   1.792111e+01 -2.536744e+00 3.725399e+01
    endloop
  endfacet
  facet normal -2.387711e-01 5.297495e-01 8.138512e-01
    outer loop
      vertex   1.775328e+01 -2.339504e+00 3.707637e+01
      vertex   1.792111e+01 -2.536744e+00 3.725399e+01
      vertex   1.799798e+01 -2.170822e+00 3.703836e+01
    endloop
  endfacet
  facet normal -2.387711e-01 5.297495e-01 8.138512e-01
    outer loop
      vertex   1.799798e+01 -2.170822e+00 3.703836e+01
      vertex   1.792111e+01 -2.536744e+00 3.725399e+01
      vertex   1.816011e+01 -2.371988e+00 3.721687e+01
    endloop
  endfacet
  facet normal -1.896340e-01 5.617475e-01 8.052817e-01
    outer loop
      vertex   1.799798e+01 -2.170822e+00 3.703836e+01
      vertex   1.816011e+01 -2.371988e+00 3.721687e+01
      vertex   1.824992e+01 -2.016097e+00 3.698975e+01
    endloop
  endfacet
  facet normal -1.896340e-01 5.617475e-01 8.052817e-01
    outer loop
      vertex   1.824992e+01 -2.016097e+00 3.698975e+01
      vertex   1.816011e+01 -2.371988e+00 3.721687e+01
      vertex   1.840618e+01 -2.220864e+00 3.716939e+01
    endloop
  endfacet
  facet normal -1.391641e-01 5.909227e-01 7.946343e-01
    outer loop
      vertex   1.824992e+01 -2.016097e+00 3.698975e+01
      vertex   1.840618e+01 -2.220864e+00 3.716939e+01
      vertex   1.850808e+01 -1.875947e+00 3.693074e+01
    endloop
  endfacet
  facet normal -1.391641e-01 5.909227e-01 7.946343e-01
    outer loop
      vertex   1.850808e+01 -1.875947e+00 3.693074e+01
      vertex   1.840618e+01 -2.220864e+00 3.716939e+01
      vertex   1.865834e+01 -2.083976e+00 3.711176e+01
    endloop
  endfacet
  facet normal -8.756354e-02 6.171581e-01 7.819518e-01
    outer loop
      vertex   1.850808e+01 -1.875947e+00 3.693074e+01
      vertex   1.865834e+01 -2.083976e+00 3.711176e+01
      vertex   1.877145e+01 -1.750934e+00 3.686157e+01
    endloop
  endfacet
  facet normal -8.756354e-02 6.171581e-01 7.819518e-01
    outer loop
      vertex   1.877145e+01 -1.750934e+00 3.686157e+01
      vertex   1.865834e+01 -2.083976e+00 3.711176e+01
      vertex   1.891558e+01 -1.961873e+00 3.704419e+01
    endloop
  endfacet
  facet normal -3.970264e-02 6.383826e-01 7.686946e-01
    outer loop
      vertex   1.877145e+01 -1.750934e+00 3.686157e+01
      vertex   1.891558e+01 -1.961873e+00 3.704419e+01
      vertex   1.915000e+01 -1.812880e+00 3.693257e+01
    endloop
  endfacet
  facet normal -1.329112e-02 6.128529e-01 7.900852e-01
    outer loop
      vertex   1.915000e+01 -1.812880e+00 3.693257e+01
      vertex   1.891558e+01 -1.961873e+00 3.704419e+01
      vertex   1.915000e+01 -2.061074e+00 3.712508e+01
    endloop
  endfacet
  facet normal -3.137557e-02 5.860719e-01 8.096514e-01
    outer loop
      vertex   1.915000e+01 -2.061074e+00 3.712508e+01
      vertex   1.891558e+01 -1.961873e+00 3.704419e+01
      vertex   1.906063e+01 -2.184796e+00 3.721118e+01
    endloop
  endfacet
  facet normal 1.862042e-02 5.619859e-01 8.269372e-01
    outer loop
      vertex   1.915000e+01 -2.061074e+00 3.712508e+01
      vertex   1.906063e+01 -2.184796e+00 3.721118e+01
      vertex   1.915000e+01 -2.320866e+00 3.730164e+01
    endloop
  endfacet
  facet normal -3.397927e-02 5.377367e-01 8.424278e-01
    outer loop
      vertex   1.915000e+01 -2.320866e+00 3.730164e+01
      vertex   1.906063e+01 -2.184796e+00 3.721118e+01
      vertex   1.881054e+01 -2.303508e+00 3.727687e+01
    endloop
  endfacet
  facet normal -3.518502e-02 5.252643e-01 8.502114e-01
    outer loop
      vertex   1.915000e+01 -2.320866e+00 3.730164e+01
      vertex   1.881054e+01 -2.303508e+00 3.727687e+01
      vertex   1.896408e+01 -2.533678e+00 3.742542e+01
    endloop
  endfacet
  facet normal -7.693025e-02 5.039346e-01 8.603090e-01
    outer loop
      vertex   1.896408e+01 -2.533678e+00 3.742542e+01
      vertex   1.881054e+01 -2.303508e+00 3.727687e+01
      vertex   1.872689e+01 -2.662437e+00 3.747963e+01
    endloop
  endfacet
  facet normal -4.529426e-02 4.573693e-01 8.881226e-01
    outer loop
      vertex   1.896408e+01 -2.533678e+00 3.742542e+01
      vertex   1.872689e+01 -2.662437e+00 3.747963e+01
      vertex   1.889007e+01 -2.897500e+00 3.760901e+01
    endloop
  endfacet
  facet normal -9.133077e-02 4.307570e-01 8.978347e-01
    outer loop
      vertex   1.889007e+01 -2.897500e+00 3.760901e+01
      vertex   1.872689e+01 -2.662437e+00 3.747963e+01
      vertex   1.866730e+01 -3.034313e+00 3.765199e+01
    endloop
  endfacet
  facet normal -5.766490e-02 3.834547e-01 9.217577e-01
    outer loop
      vertex   1.889007e+01 -2.897500e+00 3.760901e+01
      vertex   1.866730e+01 -3.034313e+00 3.765199e+01
      vertex   1.884107e+01 -3.271793e+00 3.776165e+01
    endloop
  endfacet
  facet normal -1.006850e-01 3.554400e-01 9.292604e-01
    outer loop
      vertex   1.884107e+01 -3.271793e+00 3.776165e+01
      vertex   1.866730e+01 -3.034313e+00 3.765199e+01
      vertex   1.863400e+01 -3.414538e+00 3.779382e+01
    endloop
  endfacet
  facet normal -6.481934e-02 3.079060e-01 9.492062e-01
    outer loop
      vertex   1.884107e+01 -3.271793e+00 3.776165e+01
      vertex   1.863400e+01 -3.414538e+00 3.779382e+01
      vertex   1.881910e+01 -3.651865e+00 3.788344e+01
    endloop
  endfacet
  facet normal -1.045912e-01 2.789232e-01 9.546007e-01
    outer loop
      vertex   1.881910e+01 -3.651865e+00 3.788344e+01
      vertex   1.863400e+01 -3.414538e+00 3.779382e+01
      vertex   1.862876e+01 -3.798329e+00 3.790538e+01
    endloop
  endfacet
  facet normal -6.640163e-02 2.316774e-01 9.705238e-01
    outer loop
      vertex   1.881910e+01 -3.651865e+00 3.788344e+01
      vertex   1.862876e+01 -3.798329e+00 3.790538e+01
      vertex   1.882569e+01 -4.032877e+00 3.797484e+01
    endloop
  endfacet
  facet normal -1.027450e-01 2.021760e-01 9.739447e-01
    outer loop
      vertex   1.882569e+01 -4.032877e+00 3.797484e+01
      vertex   1.862876e+01 -3.798329e+00 3.790538e+01
      vertex   1.865284e+01 -4.180789e+00 3.798731e+01
    endloop
  endfacet
  facet normal -6.215622e-02 1.557464e-01 9.858396e-01
    outer loop
      vertex   1.882569e+01 -4.032877e+00 3.797484e+01
      vertex   1.865284e+01 -4.180789e+00 3.798731e+01
      vertex   1.886185e+01 -4.409912e+00 3.803669e+01
    endloop
  endfacet
  facet normal -9.494532e-02 1.261837e-01 9.874528e-01
    outer loop
      vertex   1.886185e+01 -4.409912e+00 3.803669e+01
      vertex   1.865284e+01 -4.180789e+00 3.798731e+01
      vertex   1.870698e+01 -4.556978e+00 3.804059e+01
    endloop
  endfacet
  facet normal -5.193298e-02 8.109850e-02 9.953522e-01
    outer loop
      vertex   1.886185e+01 -4.409912e+00 3.803669e+01
      vertex   1.870698e+01 -4.556978e+00 3.804059e+01
      vertex   1.892805e+01 -4.778051e+00 3.807014e+01
    endloop
  endfacet
  facet normal -8.109850e-02 5.193298e-02 9.953522e-01
    outer loop
      vertex   1.892805e+01 -4.778051e+00 3.807014e+01
      vertex   1.870698e+01 -4.556978e+00 3.804059e+01
      vertex   1.879136e+01 -4.921992e+00 3.806651e+01
    endloop
  endfacet
  facet normal -4.699028e-02 1.945904e-02 9.987058e-01
    outer loop
      vertex   1.892805e+01 -4.778051e+00 3.807014e+01
      vertex   1.879136e+01 -4.921992e+00 3.806651e+01
      vertex   1.883605e+01 -5.000000e+00 3.807013e+01
    endloop
  endfacet
  facet normal -9.410554e-02 -7.675993e-03 9.955326e-01
    outer loop
      vertex   1.883605e+01 -5.000000e+00 3.807013e+01
      vertex   1.879136e+01 -4.921992e+00 3.806651e+01
      vertex   1.852333e+01 -5.000000e+00 3.804057e+01
    endloop
  endfacet
  facet normal -1.039547e-01 2.659944e-02 9.942263e-01
    outer loop
      vertex   1.852333e+01 -5.000000e+00 3.804057e+01
      vertex   1.879136e+01 -4.921992e+00 3.806651e+01
      vertex   1.855991e+01 -4.711848e+00 3.803669e+01
    endloop
  endfacet
  facet normal -1.166376e-01 2.818986e-02 9.927744e-01
    outer loop
      vertex   1.852333e+01 -5.000000e+00 3.804057e+01
      vertex   1.855991e+01 -4.711848e+00 3.803669e+01
      vertex   1.842124e+01 -4.873901e+00 3.802500e+01
    endloop
  endfacet
  facet normal -1.557464e-01 6.215622e-02 9.858396e-01
    outer loop
      vertex   1.842124e+01 -4.873901e+00 3.802500e+01
      vertex   1.855991e+01 -4.711848e+00 3.803669e+01
      vertex   1.833079e+01 -4.502840e+00 3.798731e+01
    endloop
  endfacet
  facet normal -1.557464e-01 6.215622e-02 9.858396e-01
    outer loop
      vertex   1.842124e+01 -4.873901e+00 3.802500e+01
      vertex   1.833079e+01 -4.502840e+00 3.798731e+01
      vertex   1.818288e+01 -4.675691e+00 3.797484e+01
    endloop
  endfacet
  facet normal -2.021760e-01 1.027450e-01 9.739447e-01
    outer loop
      vertex   1.818288e+01 -4.675691e+00 3.797484e+01
      vertex   1.833079e+01 -4.502840e+00 3.798731e+01
      vertex   1.810490e+01 -4.295794e+00 3.791858e+01
    endloop
  endfacet
  facet normal -2.021760e-01 1.027450e-01 9.739447e-01
    outer loop
      vertex   1.818288e+01 -4.675691e+00 3.797484e+01
      vertex   1.810490e+01 -4.295794e+00 3.791858e+01
      vertex   1.794833e+01 -4.478760e+00 3.790538e+01
    endloop
  endfacet
  facet normal -2.478052e-01 1.429260e-01 9.582091e-01
    outer loop
      vertex   1.794833e+01 -4.478760e+00 3.790538e+01
      vertex   1.810490e+01 -4.295794e+00 3.791858e+01
      vertex   1.788313e+01 -4.091526e+00 3.783076e+01
    endloop
  endfacet
  facet normal -2.478052e-01 1.429260e-01 9.582091e-01
    outer loop
      vertex   1.794833e+01 -4.478760e+00 3.790538e+01
      vertex   1.788313e+01 -4.091526e+00 3.783076e+01
      vertex   1.771852e+01 -4.283885e+00 3.781688e+01
    endloop
  endfacet
  facet normal -2.924544e-01 1.825409e-01 9.386955e-01
    outer loop
      vertex   1.771852e+01 -4.283885e+00 3.781688e+01
      vertex   1.788313e+01 -4.091526e+00 3.783076e+01
      vertex   1.766635e+01 -3.890842e+00 3.772420e+01
    endloop
  endfacet
  facet normal -2.924544e-01 1.825409e-01 9.386955e-01
    outer loop
      vertex   1.771852e+01 -4.283885e+00 3.781688e+01
      vertex   1.766635e+01 -3.890842e+00 3.772420e+01
      vertex   1.749436e+01 -4.091835e+00 3.770970e+01
    endloop
  endfacet
  facet normal -3.359477e-01 2.214336e-01 9.154815e-01
    outer loop
      vertex   1.749436e+01 -4.091835e+00 3.770970e+01
      vertex   1.766635e+01 -3.890842e+00 3.772420e+01
      vertex   1.745544e+01 -3.694533e+00 3.759931e+01
    endloop
  endfacet
  facet normal -3.359477e-01 2.214336e-01 9.154815e-01
    outer loop
      vertex   1.749436e+01 -4.091835e+00 3.770970e+01
      vertex   1.745544e+01 -3.694533e+00 3.759931e+01
      vertex   1.727673e+01 -3.903368e+00 3.758425e+01
    endloop
  endfacet
  facet normal -3.781140e-01 2.594511e-01 8.886591e-01
    outer loop
      vertex   1.727673e+01 -3.903368e+00 3.758425e+01
      vertex   1.745544e+01 -3.694533e+00 3.759931e+01
      vertex   1.725120e+01 -3.503373e+00 3.745660e+01
    endloop
  endfacet
  facet normal -3.781140e-01 2.594511e-01 8.886591e-01
    outer loop
      vertex   1.727673e+01 -3.903368e+00 3.758425e+01
      vertex   1.725120e+01 -3.503373e+00 3.745660e+01
      vertex   1.706649e+01 -3.719226e+00 3.744103e+01
    endloop
  endfacet
  facet normal -4.187874e-01 2.964437e-01 8.583346e-01
    outer loop
      vertex   1.706649e+01 -3.719226e+00 3.744103e+01
      vertex   1.725120e+01 -3.503373e+00 3.745660e+01
      vertex   1.705446e+01 -3.318118e+00 3.729663e+01
    endloop
  endfacet
  facet normal -4.187874e-01 2.964437e-01 8.583346e-01
    outer loop
      vertex   1.706649e+01 -3.719226e+00 3.744103e+01
      vertex   1.705446e+01 -3.318118e+00 3.729663e+01
      vertex   1.686447e+01 -3.540137e+00 3.728061e+01
    endloop
  endfacet
  facet normal -6.128529e-01 1.329112e-02 7.900852e-01
    outer loop
      vertex   1.596288e+01 -5.000000e+00 3.693257e+01
      vertex   1.621107e+01 -5.000000e+00 3.712508e+01
      vertex   1.611187e+01 -4.765575e+00 3.704419e+01
    endloop
  endfacet
  facet normal -5.860719e-01 3.137557e-02 8.096514e-01
    outer loop
      vertex   1.611187e+01 -4.765575e+00 3.704419e+01
      vertex   1.621107e+01 -5.000000e+00 3.712508e+01
      vertex   1.633480e+01 -4.910629e+00 3.721118e+01
    endloop
  endfacet
  facet normal -5.740779e-01 5.797530e-02 8.167457e-01
    outer loop
      vertex   1.611187e+01 -4.765575e+00 3.704419e+01
      vertex   1.633480e+01 -4.910629e+00 3.721118e+01
      vertex   1.623398e+01 -4.508341e+00 3.711176e+01
    endloop
  endfacet
  facet normal -5.740779e-01 5.797530e-02 8.167457e-01
    outer loop
      vertex   1.623398e+01 -4.508341e+00 3.711176e+01
      vertex   1.633480e+01 -4.910629e+00 3.721118e+01
      vertex   1.645351e+01 -4.660539e+00 3.727687e+01
    endloop
  endfacet
  facet normal -5.485108e-01 1.082613e-01 8.291052e-01
    outer loop
      vertex   1.623398e+01 -4.508341e+00 3.711176e+01
      vertex   1.645351e+01 -4.660539e+00 3.727687e+01
      vertex   1.637086e+01 -4.256183e+00 3.716939e+01
    endloop
  endfacet
  facet normal -5.485108e-01 1.082613e-01 8.291052e-01
    outer loop
      vertex   1.637086e+01 -4.256183e+00 3.716939e+01
      vertex   1.645351e+01 -4.660539e+00 3.727687e+01
      vertex   1.658659e+01 -4.415385e+00 3.733290e+01
    endloop
  endfacet
  facet normal -5.200789e-01 1.574454e-01 8.394813e-01
    outer loop
      vertex   1.637086e+01 -4.256183e+00 3.716939e+01
      vertex   1.658659e+01 -4.415385e+00 3.733290e+01
      vertex   1.652199e+01 -4.010111e+00 3.721687e+01
    endloop
  endfacet
  facet normal -5.200789e-01 1.574454e-01 8.394813e-01
    outer loop
      vertex   1.652199e+01 -4.010111e+00 3.721687e+01
      vertex   1.658659e+01 -4.415385e+00 3.733290e+01
      vertex   1.673352e+01 -4.176147e+00 3.737906e+01
    endloop
  endfacet
  facet normal -4.888961e-01 2.053307e-01 8.478325e-01
    outer loop
      vertex   1.652199e+01 -4.010111e+00 3.721687e+01
      vertex   1.673352e+01 -4.176147e+00 3.737906e+01
      vertex   1.668674e+01 -3.771110e+00 3.725399e+01
    endloop
  endfacet
  facet normal -4.888961e-01 2.053307e-01 8.478325e-01
    outer loop
      vertex   1.668674e+01 -3.771110e+00 3.725399e+01
      vertex   1.673352e+01 -4.176147e+00 3.737906e+01
      vertex   1.689370e+01 -3.943784e+00 3.741515e+01
    endloop
  endfacet
  facet normal -4.550871e-01 2.517254e-01 8.541253e-01
    outer loop
      vertex   1.668674e+01 -3.771110e+00 3.725399e+01
      vertex   1.689370e+01 -3.943784e+00 3.741515e+01
      vertex   1.686447e+01 -3.540137e+00 3.728061e+01
    endloop
  endfacet
  facet normal -4.550871e-01 2.517254e-01 8.541253e-01
    outer loop
      vertex   1.686447e+01 -3.540137e+00 3.728061e+01
      vertex   1.689370e+01 -3.943784e+00 3.741515e+01
      vertex   1.706649e+01 -3.719226e+00 3.744103e+01
    endloop
  endfacet
  facet normal -5.619859e-01 -1.862042e-02 8.269372e-01
    outer loop
      vertex   1.621107e+01 -5.000000e+00 3.712508e+01
      vertex   1.647087e+01 -5.000000e+00 3.730164e+01
      vertex   1.633480e+01 -4.910629e+00 3.721118e+01
    endloop
  endfacet
  facet normal -5.377367e-01 3.397927e-02 8.424278e-01
    outer loop
      vertex   1.633480e+01 -4.910629e+00 3.721118e+01
      vertex   1.647087e+01 -5.000000e+00 3.730164e+01
      vertex   1.645351e+01 -4.660539e+00 3.727687e+01
    endloop
  endfacet
  facet normal -5.252643e-01 3.518502e-02 8.502114e-01
    outer loop
      vertex   1.645351e+01 -4.660539e+00 3.727687e+01
      vertex   1.647087e+01 -5.000000e+00 3.730164e+01
      vertex   1.668368e+01 -4.814077e+00 3.742542e+01
    endloop
  endfacet
  facet normal -5.090179e-01 9.604629e-03 8.607023e-01
    outer loop
      vertex   1.668368e+01 -4.814077e+00 3.742542e+01
      vertex   1.647087e+01 -5.000000e+00 3.730164e+01
      vertex   1.674123e+01 -5.000000e+00 3.746153e+01
    endloop
  endfacet
  facet normal -4.667258e-01 2.721836e-02 8.839831e-01
    outer loop
      vertex   1.668368e+01 -4.814077e+00 3.742542e+01
      vertex   1.674123e+01 -5.000000e+00 3.746153e+01
      vertex   1.692358e+01 -4.968348e+00 3.755683e+01
    endloop
  endfacet
  facet normal -4.529660e-01 -6.714245e-02 8.889959e-01
    outer loop
      vertex   1.692358e+01 -4.968348e+00 3.755683e+01
      vertex   1.674123e+01 -5.000000e+00 3.746153e+01
      vertex   1.702110e+01 -5.000000e+00 3.760414e+01
    endloop
  endfacet
  facet normal -4.292215e-01 2.665772e-02 9.028058e-01
    outer loop
      vertex   1.692358e+01 -4.968348e+00 3.755683e+01
      vertex   1.702110e+01 -5.000000e+00 3.760414e+01
      vertex   1.704750e+01 -4.740070e+00 3.760901e+01
    endloop
  endfacet
  facet normal -4.031408e-01 2.378366e-02 9.148289e-01
    outer loop
      vertex   1.704750e+01 -4.740070e+00 3.760901e+01
      vertex   1.702110e+01 -5.000000e+00 3.760414e+01
      vertex   1.729086e+01 -4.904272e+00 3.772052e+01
    endloop
  endfacet
  facet normal -3.834547e-01 5.766490e-02 9.217577e-01
    outer loop
      vertex   1.704750e+01 -4.740070e+00 3.760901e+01
      vertex   1.729086e+01 -4.904272e+00 3.772052e+01
      vertex   1.718431e+01 -4.517301e+00 3.765199e+01
    endloop
  endfacet
  facet normal -3.834547e-01 5.766490e-02 9.217577e-01
    outer loop
      vertex   1.718431e+01 -4.517301e+00 3.765199e+01
      vertex   1.729086e+01 -4.904272e+00 3.772052e+01
      vertex   1.742179e+01 -4.691073e+00 3.776165e+01
    endloop
  endfacet
  facet normal -3.554400e-01 1.006850e-01 9.292604e-01
    outer loop
      vertex   1.718431e+01 -4.517301e+00 3.765199e+01
      vertex   1.742179e+01 -4.691073e+00 3.776165e+01
      vertex   1.733347e+01 -4.300934e+00 3.768560e+01
    endloop
  endfacet
  facet normal -3.554400e-01 1.006850e-01 9.292604e-01
    outer loop
      vertex   1.733347e+01 -4.300934e+00 3.768560e+01
      vertex   1.742179e+01 -4.691073e+00 3.776165e+01
      vertex   1.756454e+01 -4.484001e+00 3.779382e+01
    endloop
  endfacet
  facet normal -3.250660e-01 1.423660e-01 9.349139e-01
    outer loop
      vertex   1.733347e+01 -4.300934e+00 3.768560e+01
      vertex   1.756454e+01 -4.484001e+00 3.779382e+01
      vertex   1.749436e+01 -4.091835e+00 3.770970e+01
    endloop
  endfacet
  facet normal -3.250660e-01 1.423660e-01 9.349139e-01
    outer loop
      vertex   1.749436e+01 -4.091835e+00 3.770970e+01
      vertex   1.756454e+01 -4.484001e+00 3.779382e+01
      vertex   1.771852e+01 -4.283885e+00 3.781688e+01
    endloop
  endfacet
  facet normal -3.971457e-01 3.339079e-03 9.177495e-01
    outer loop
      vertex   1.702110e+01 -5.000000e+00 3.760414e+01
      vertex   1.730938e+01 -5.000000e+00 3.772888e+01
      vertex   1.729086e+01 -4.904272e+00 3.772052e+01
    endloop
  endfacet
  facet normal -3.386909e-01 1.665696e-02 9.407502e-01
    outer loop
      vertex   1.729086e+01 -4.904272e+00 3.772052e+01
      vertex   1.730938e+01 -5.000000e+00 3.772888e+01
      vertex   1.760492e+01 -5.000000e+00 3.783528e+01
    endloop
  endfacet
  facet normal -3.363905e-01 2.497274e-02 9.413914e-01
    outer loop
      vertex   1.729086e+01 -4.904272e+00 3.772052e+01
      vertex   1.760492e+01 -5.000000e+00 3.783528e+01
      vertex   1.742179e+01 -4.691073e+00 3.776165e+01
    endloop
  endfacet
  facet normal -3.319462e-01 2.796286e-02 9.428838e-01
    outer loop
      vertex   1.742179e+01 -4.691073e+00 3.776165e+01
      vertex   1.760492e+01 -5.000000e+00 3.783528e+01
      vertex   1.766609e+01 -4.866064e+00 3.785285e+01
    endloop
  endfacet
  facet normal -3.079060e-01 6.481934e-02 9.492062e-01
    outer loop
      vertex   1.742179e+01 -4.691073e+00 3.776165e+01
      vertex   1.766609e+01 -4.866064e+00 3.785285e+01
      vertex   1.756454e+01 -4.484001e+00 3.779382e+01
    endloop
  endfacet
  facet normal -3.079060e-01 6.481934e-02 9.492062e-01
    outer loop
      vertex   1.756454e+01 -4.484001e+00 3.779382e+01
      vertex   1.766609e+01 -4.866064e+00 3.785285e+01
      vertex   1.780186e+01 -4.669104e+00 3.788344e+01
    endloop
  endfacet
  facet normal -2.789232e-01 1.045912e-01 9.546007e-01
    outer loop
      vertex   1.756454e+01 -4.484001e+00 3.779382e+01
      vertex   1.780186e+01 -4.669104e+00 3.788344e+01
      vertex   1.771852e+01 -4.283885e+00 3.781688e+01
    endloop
  endfacet
  facet normal -2.789232e-01 1.045912e-01 9.546007e-01
    outer loop
      vertex   1.771852e+01 -4.283885e+00 3.781688e+01
      vertex   1.780186e+01 -4.669104e+00 3.788344e+01
      vertex   1.794833e+01 -4.478760e+00 3.790538e+01
    endloop
  endfacet
  facet normal -2.789908e-01 1.492336e-03 9.602926e-01
    outer loop
      vertex   1.760492e+01 -5.000000e+00 3.783528e+01
      vertex   1.790655e+01 -5.000000e+00 3.792292e+01
      vertex   1.766609e+01 -4.866064e+00 3.785285e+01
    endloop
  endfacet
  facet normal -2.632851e-01 3.173162e-02 9.641961e-01
    outer loop
      vertex   1.766609e+01 -4.866064e+00 3.785285e+01
      vertex   1.790655e+01 -5.000000e+00 3.792292e+01
      vertex   1.780186e+01 -4.669104e+00 3.788344e+01
    endloop
  endfacet
  facet normal -2.548509e-01 3.465799e-02 9.663591e-01
    outer loop
      vertex   1.780186e+01 -4.669104e+00 3.788344e+01
      vertex   1.790655e+01 -5.000000e+00 3.792292e+01
      vertex   1.804451e+01 -4.855512e+00 3.795412e+01
    endloop
  endfacet
  facet normal -2.181426e-01 -2.454941e-03 9.759138e-01
    outer loop
      vertex   1.804451e+01 -4.855512e+00 3.795412e+01
      vertex   1.790655e+01 -5.000000e+00 3.792292e+01
      vertex   1.821309e+01 -5.000000e+00 3.799144e+01
    endloop
  endfacet
  facet normal -1.893333e-01 3.256865e-02 9.813726e-01
    outer loop
      vertex   1.804451e+01 -4.855512e+00 3.795412e+01
      vertex   1.821309e+01 -5.000000e+00 3.799144e+01
      vertex   1.818288e+01 -4.675691e+00 3.797484e+01
    endloop
  endfacet
  facet normal -1.789250e-01 3.363639e-02 9.832876e-01
    outer loop
      vertex   1.818288e+01 -4.675691e+00 3.797484e+01
      vertex   1.821309e+01 -5.000000e+00 3.799144e+01
      vertex   1.842124e+01 -4.873901e+00 3.802500e+01
    endloop
  endfacet
  facet normal -1.564328e-01 -4.659221e-03 9.876776e-01
    outer loop
      vertex   1.821309e+01 -5.000000e+00 3.799144e+01
      vertex   1.852333e+01 -5.000000e+00 3.804057e+01
      vertex   1.842124e+01 -4.873901e+00 3.802500e+01
    endloop
  endfacet
  facet normal -3.140810e-02 1.299979e-02 9.994221e-01
    outer loop
      vertex   1.883605e+01 -5.000000e+00 3.807013e+01
      vertex   1.915000e+01 -5.000000e+00 3.808000e+01
      vertex   1.892805e+01 -4.778051e+00 3.807014e+01
    endloop
  endfacet
  facet normal -1.299979e-02 3.140810e-02 9.994221e-01
    outer loop
      vertex   1.892805e+01 -4.778051e+00 3.807014e+01
      vertex   1.915000e+01 -5.000000e+00 3.808000e+01
      vertex   1.915000e+01 -4.686047e+00 3.807013e+01
    endloop
  endfacet
  facet normal -1.945904e-02 4.699028e-02 9.987058e-01
    outer loop
      vertex   1.892805e+01 -4.778051e+00 3.807014e+01
      vertex   1.915000e+01 -4.686047e+00 3.807013e+01
      vertex   1.907199e+01 -4.641364e+00 3.806651e+01
    endloop
  endfacet
  facet normal 7.675993e-03 9.410554e-02 9.955326e-01
    outer loop
      vertex   1.907199e+01 -4.641364e+00 3.806651e+01
      vertex   1.915000e+01 -4.686047e+00 3.807013e+01
      vertex   1.915000e+01 -4.373334e+00 3.804057e+01
    endloop
  endfacet
  facet normal -2.659944e-02 1.039547e-01 9.942263e-01
    outer loop
      vertex   1.907199e+01 -4.641364e+00 3.806651e+01
      vertex   1.915000e+01 -4.373334e+00 3.804057e+01
      vertex   1.886185e+01 -4.409912e+00 3.803669e+01
    endloop
  endfacet
  facet normal -2.818986e-02 1.166376e-01 9.927744e-01
    outer loop
      vertex   1.886185e+01 -4.409912e+00 3.803669e+01
      vertex   1.915000e+01 -4.373334e+00 3.804057e+01
      vertex   1.902390e+01 -4.271240e+00 3.802500e+01
    endloop
  endfacet
  facet normal -6.215622e-02 1.557464e-01 9.858396e-01
    outer loop
      vertex   1.886185e+01 -4.409912e+00 3.803669e+01
      vertex   1.902390e+01 -4.271240e+00 3.802500e+01
      vertex   1.882569e+01 -4.032877e+00 3.797484e+01
    endloop
  endfacet
  facet normal -3.363639e-02 1.789250e-01 9.832876e-01
    outer loop
      vertex   1.882569e+01 -4.032877e+00 3.797484e+01
      vertex   1.902390e+01 -4.271240e+00 3.802500e+01
      vertex   1.915000e+01 -4.063093e+00 3.799144e+01
    endloop
  endfacet
  facet normal -3.256865e-02 1.893333e-01 9.813726e-01
    outer loop
      vertex   1.882569e+01 -4.032877e+00 3.797484e+01
      vertex   1.915000e+01 -4.063093e+00 3.799144e+01
      vertex   1.900551e+01 -3.894510e+00 3.795412e+01
    endloop
  endfacet
  facet normal 2.454941e-03 2.181426e-01 9.759138e-01
    outer loop
      vertex   1.900551e+01 -3.894510e+00 3.795412e+01
      vertex   1.915000e+01 -4.063093e+00 3.799144e+01
      vertex   1.915000e+01 -3.756551e+00 3.792292e+01
    endloop
  endfacet
  facet normal -3.465799e-02 2.548509e-01 9.663591e-01
    outer loop
      vertex   1.900551e+01 -3.894510e+00 3.795412e+01
      vertex   1.915000e+01 -3.756551e+00 3.792292e+01
      vertex   1.881910e+01 -3.651865e+00 3.788344e+01
    endloop
  endfacet
  facet normal -3.173162e-02 2.632851e-01 9.641961e-01
    outer loop
      vertex   1.881910e+01 -3.651865e+00 3.788344e+01
      vertex   1.915000e+01 -3.756551e+00 3.792292e+01
      vertex   1.901606e+01 -3.516090e+00 3.785285e+01
    endloop
  endfacet
  facet normal -6.481934e-02 3.079060e-01 9.492062e-01
    outer loop
      vertex   1.881910e+01 -3.651865e+00 3.788344e+01
      vertex   1.901606e+01 -3.516090e+00 3.785285e+01
      vertex   1.884107e+01 -3.271793e+00 3.776165e+01
    endloop
  endfacet
  facet normal -2.796286e-02 3.319462e-01 9.428838e-01
    outer loop
      vertex   1.884107e+01 -3.271793e+00 3.776165e+01
      vertex   1.901606e+01 -3.516090e+00 3.785285e+01
      vertex   1.915000e+01 -3.454915e+00 3.783528e+01
    endloop
  endfacet
  facet normal -2.345309e-02 3.386447e-01 9.406220e-01
    outer loop
      vertex   1.884107e+01 -3.271793e+00 3.776165e+01
      vertex   1.915000e+01 -3.454915e+00 3.783528e+01
      vertex   1.915000e+01 -3.159377e+00 3.772888e+01
    endloop
  endfacet
  facet normal 4.659221e-03 1.564328e-01 9.876776e-01
    outer loop
      vertex   1.915000e+01 -4.373334e+00 3.804057e+01
      vertex   1.915000e+01 -4.063093e+00 3.799144e+01
      vertex   1.902390e+01 -4.271240e+00 3.802500e+01
    endloop
  endfacet
  facet normal -1.492336e-03 2.789908e-01 9.602926e-01
    outer loop
      vertex   1.915000e+01 -3.756551e+00 3.792292e+01
      vertex   1.915000e+01 -3.454915e+00 3.783528e+01
      vertex   1.901606e+01 -3.516090e+00 3.785285e+01
    endloop
  endfacet
  facet normal -1.909387e-02 3.278105e-01 9.445505e-01
    outer loop
      vertex   1.884107e+01 -3.271793e+00 3.776165e+01
      vertex   1.915000e+01 -3.159377e+00 3.772888e+01
      vertex   1.905427e+01 -3.140858e+00 3.772052e+01
    endloop
  endfacet
  facet normal -3.339079e-03 3.971457e-01 9.177495e-01
    outer loop
      vertex   1.905427e+01 -3.140858e+00 3.772052e+01
      vertex   1.915000e+01 -3.159377e+00 3.772888e+01
      vertex   1.915000e+01 -2.871104e+00 3.760414e+01
    endloop
  endfacet
  facet normal -2.378366e-02 4.031408e-01 9.148289e-01
    outer loop
      vertex   1.905427e+01 -3.140858e+00 3.772052e+01
      vertex   1.915000e+01 -2.871104e+00 3.760414e+01
      vertex   1.889007e+01 -2.897500e+00 3.760901e+01
    endloop
  endfacet
  facet normal -2.665772e-02 4.292215e-01 9.028058e-01
    outer loop
      vertex   1.889007e+01 -2.897500e+00 3.760901e+01
      vertex   1.915000e+01 -2.871104e+00 3.760414e+01
      vertex   1.911835e+01 -2.773576e+00 3.755683e+01
    endloop
  endfacet
  facet normal -4.529426e-02 4.573693e-01 8.881226e-01
    outer loop
      vertex   1.889007e+01 -2.897500e+00 3.760901e+01
      vertex   1.911835e+01 -2.773576e+00 3.755683e+01
      vertex   1.896408e+01 -2.533678e+00 3.742542e+01
    endloop
  endfacet
  facet normal -2.721836e-02 4.667258e-01 8.839831e-01
    outer loop
      vertex   1.896408e+01 -2.533678e+00 3.742542e+01
      vertex   1.911835e+01 -2.773576e+00 3.755683e+01
      vertex   1.915000e+01 -2.591232e+00 3.746153e+01
    endloop
  endfacet
  facet normal -9.604629e-03 5.090179e-01 8.607023e-01
    outer loop
      vertex   1.896408e+01 -2.533678e+00 3.742542e+01
      vertex   1.915000e+01 -2.591232e+00 3.746153e+01
      vertex   1.915000e+01 -2.320866e+00 3.730164e+01
    endloop
  endfacet
  facet normal 6.714245e-02 4.529660e-01 8.889959e-01
    outer loop
      vertex   1.915000e+01 -2.871104e+00 3.760414e+01
      vertex   1.915000e+01 -2.591232e+00 3.746153e+01
      vertex   1.911835e+01 -2.773576e+00 3.755683e+01
    endloop
  endfacet
  facet normal -3.778213e-02 6.444291e-01 7.637301e-01
    outer loop
      vertex   1.877145e+01 -1.750934e+00 3.686157e+01
      vertex   1.915000e+01 -1.812880e+00 3.693257e+01
      vertex   1.903876e+01 -1.641632e+00 3.678257e+01
    endloop
  endfacet
  facet normal 6.570644e-03 6.612976e-01 7.500949e-01
    outer loop
      vertex   1.903876e+01 -1.641632e+00 3.678257e+01
      vertex   1.915000e+01 -1.812880e+00 3.693257e+01
      vertex   1.915000e+01 -1.577264e+00 3.672484e+01
    endloop
  endfacet
  facet normal -2.899589e-02 6.946601e-01 7.187535e-01
    outer loop
      vertex   1.903876e+01 -1.641632e+00 3.678257e+01
      vertex   1.915000e+01 -1.577264e+00 3.672484e+01
      vertex   1.890130e+01 -1.441392e+00 3.658349e+01
    endloop
  endfacet
  facet normal -1.557443e-02 7.070210e-01 7.070210e-01
    outer loop
      vertex   1.890130e+01 -1.441392e+00 3.658349e+01
      vertex   1.915000e+01 -1.577264e+00 3.672484e+01
      vertex   1.915000e+01 -1.355157e+00 3.650274e+01
    endloop
  endfacet
  facet normal -3.841922e-02 7.398267e-01 6.716996e-01
    outer loop
      vertex   1.890130e+01 -1.441392e+00 3.658349e+01
      vertex   1.915000e+01 -1.355157e+00 3.650274e+01
      vertex   1.876483e+01 -1.255190e+00 3.637060e+01
    endloop
  endfacet
  facet normal -3.683937e-02 7.423475e-01 6.690015e-01
    outer loop
      vertex   1.876483e+01 -1.255190e+00 3.637060e+01
      vertex   1.915000e+01 -1.355157e+00 3.650274e+01
      vertex   1.904495e+01 -1.158592e+00 3.627884e+01
    endloop
  endfacet
  facet normal -6.249837e-02 7.766683e-01 6.268017e-01
    outer loop
      vertex   1.876483e+01 -1.255190e+00 3.637060e+01
      vertex   1.904495e+01 -1.158592e+00 3.627884e+01
      vertex   1.862987e+01 -1.083761e+00 3.614472e+01
    endloop
  endfacet
  facet normal -6.249759e-02 7.766697e-01 6.268000e-01
    outer loop
      vertex   1.862987e+01 -1.083761e+00 3.614472e+01
      vertex   1.904495e+01 -1.158592e+00 3.627884e+01
      vertex   1.891302e+01 -9.861199e-01 3.605197e+01
    endloop
  endfacet
  facet normal -8.903774e-02 8.094951e-01 5.803361e-01
    outer loop
      vertex   1.862987e+01 -1.083761e+00 3.614472e+01
      vertex   1.891302e+01 -9.861199e-01 3.605197e+01
      vertex   1.849697e+01 -9.277795e-01 3.590676e+01
    endloop
  endfacet
  facet normal -8.903695e-02 8.094964e-01 5.803344e-01
    outer loop
      vertex   1.849697e+01 -9.277795e-01 3.590676e+01
      vertex   1.891302e+01 -9.861199e-01 3.605197e+01
      vertex   1.878203e+01 -8.294814e-01 3.581338e+01
    endloop
  endfacet
  facet normal -1.152259e-01 8.391313e-01 5.315841e-01
    outer loop
      vertex   1.849697e+01 -9.277795e-01 3.590676e+01
      vertex   1.878203e+01 -8.294814e-01 3.581338e+01
      vertex   1.836665e+01 -7.878624e-01 3.565765e+01
    endloop
  endfacet
  facet normal -1.152251e-01 8.391326e-01 5.315823e-01
    outer loop
      vertex   1.836665e+01 -7.878624e-01 3.565765e+01
      vertex   1.878203e+01 -8.294814e-01 3.581338e+01
      vertex   1.865249e+01 -6.892948e-01 3.556401e+01
    endloop
  endfacet
  facet normal -1.409597e-01 8.654605e-01 4.807374e-01
    outer loop
      vertex   1.836665e+01 -7.878624e-01 3.565765e+01
      vertex   1.865249e+01 -6.892948e-01 3.556401e+01
      vertex   1.823941e+01 -6.645613e-01 3.539836e+01
    endloop
  endfacet
  facet normal -1.409589e-01 8.654617e-01 4.807355e-01
    outer loop
      vertex   1.823941e+01 -6.645613e-01 3.539836e+01
      vertex   1.865249e+01 -6.892948e-01 3.556401e+01
      vertex   1.852491e+01 -5.661129e-01 3.530484e+01
    endloop
  endfacet
  facet normal -1.661382e-01 8.883791e-01 4.279961e-01
    outer loop
      vertex   1.823941e+01 -6.645613e-01 3.539836e+01
      vertex   1.852491e+01 -5.661129e-01 3.530484e+01
      vertex   1.811577e+01 -5.583626e-01 3.512993e+01
    endloop
  endfacet
  facet normal -1.661374e-01 8.883802e-01 4.279942e-01
    outer loop
      vertex   1.811577e+01 -5.583626e-01 3.512993e+01
      vertex   1.852491e+01 -5.661129e-01 3.530484e+01
      vertex   1.839980e+01 -4.604218e-01 3.503689e+01
    endloop
  endfacet
  facet normal -1.906622e-01 9.077969e-01 3.735675e-01
    outer loop
      vertex   1.811577e+01 -5.583626e-01 3.512993e+01
      vertex   1.839980e+01 -4.604218e-01 3.503689e+01
      vertex   1.799621e+01 -4.696854e-01 3.485342e+01
    endloop
  endfacet
  facet normal -1.906613e-01 9.077979e-01 3.735656e-01
    outer loop
      vertex   1.799621e+01 -4.696854e-01 3.485342e+01
      vertex   1.839980e+01 -4.604218e-01 3.503689e+01
      vertex   1.827764e+01 -3.726384e-01 3.476122e+01
    endloop
  endfacet
  facet normal -2.144353e-01 9.236374e-01 3.176657e-01
    outer loop
      vertex   1.799621e+01 -4.696854e-01 3.485342e+01
      vertex   1.827764e+01 -3.726384e-01 3.476122e+01
      vertex   1.788119e+01 -3.988794e-01 3.456991e+01
    endloop
  endfacet
  facet normal -2.144344e-01 9.236382e-01 3.176638e-01
    outer loop
      vertex   1.788119e+01 -3.988794e-01 3.456991e+01
      vertex   1.827764e+01 -3.726384e-01 3.476122e+01
      vertex   1.815893e+01 -3.031090e-01 3.447893e+01
    endloop
  endfacet
  facet normal -2.373638e-01 9.358380e-01 2.605105e-01
    outer loop
      vertex   1.788119e+01 -3.988794e-01 3.456991e+01
      vertex   1.815893e+01 -3.031090e-01 3.447893e+01
      vertex   1.777119e+01 -3.462241e-01 3.428052e+01
    endloop
  endfacet
  facet normal -2.373629e-01 9.358387e-01 2.605086e-01
    outer loop
      vertex   1.777119e+01 -3.462241e-01 3.428052e+01
      vertex   1.815893e+01 -3.031090e-01 3.447893e+01
      vertex   1.804413e+01 -2.521078e-01 3.419111e+01
    endloop
  endfacet
  facet normal -2.593576e-01 9.443503e-01 2.023267e-01
    outer loop
      vertex   1.777119e+01 -3.462241e-01 3.428052e+01
      vertex   1.804413e+01 -2.521078e-01 3.419111e+01
      vertex   1.766662e+01 -3.119271e-01 3.398639e+01
    endloop
  endfacet
  facet normal -2.593567e-01 9.443510e-01 2.023248e-01
    outer loop
      vertex   1.766662e+01 -3.119271e-01 3.398639e+01
      vertex   1.804413e+01 -2.521078e-01 3.419111e+01
      vertex   1.793368e+01 -2.198360e-01 3.389891e+01
    endloop
  endfacet
  facet normal -2.803300e-01 9.491406e-01 1.433430e-01
    outer loop
      vertex   1.766662e+01 -3.119271e-01 3.398639e+01
      vertex   1.793368e+01 -2.198360e-01 3.389891e+01
      vertex   1.756790e+01 -2.961238e-01 3.368870e+01
    endloop
  endfacet
  facet normal -2.803291e-01 9.491411e-01 1.433413e-01
    outer loop
      vertex   1.756790e+01 -2.961238e-01 3.368870e+01
      vertex   1.793368e+01 -2.198360e-01 3.389891e+01
      vertex   1.782804e+01 -2.064210e-01 3.360348e+01
    endloop
  endfacet
  facet normal -3.001983e-01 9.501894e-01 8.379173e-02
    outer loop
      vertex   1.756790e+01 -2.961238e-01 3.368870e+01
      vertex   1.782804e+01 -2.064210e-01 3.360348e+01
      vertex   1.747542e+01 -2.988767e-01 3.338860e+01
    endloop
  endfacet
  facet normal -5.922431e-03 7.500979e-01 6.613003e-01
    outer loop
      vertex   1.915000e+01 -1.355157e+00 3.650274e+01
      vertex   1.915000e+01 -1.147434e+00 3.626712e+01
      vertex   1.904495e+01 -1.158592e+00 3.627884e+01
    endloop
  endfacet
  facet normal -1.557293e-02 7.900592e-01 6.128327e-01
    outer loop
      vertex   1.904495e+01 -1.158592e+00 3.627884e+01
      vertex   1.915000e+01 -1.147434e+00 3.626712e+01
      vertex   1.915000e+01 -9.549150e-01 3.601893e+01
    endloop
  endfacet
  facet normal -1.877367e-02 7.906396e-01 6.119939e-01
    outer loop
      vertex   1.904495e+01 -1.158592e+00 3.627884e+01
      vertex   1.915000e+01 -9.549150e-01 3.601893e+01
      vertex   1.891302e+01 -9.861199e-01 3.605197e+01
    endloop
  endfacet
  facet normal -3.051759e-02 8.266953e-01 5.618216e-01
    outer loop
      vertex   1.891302e+01 -9.861199e-01 3.605197e+01
      vertex   1.915000e+01 -9.549150e-01 3.601893e+01
      vertex   1.915000e+01 -7.783604e-01 3.575913e+01
    endloop
  endfacet
  facet normal -3.225256e-02 8.272941e-01 5.608424e-01
    outer loop
      vertex   1.891302e+01 -9.861199e-01 3.605197e+01
      vertex   1.915000e+01 -7.783604e-01 3.575913e+01
      vertex   1.878203e+01 -8.294814e-01 3.581338e+01
    endloop
  endfacet
  facet normal -3.252304e-02 8.280459e-01 5.597162e-01
    outer loop
      vertex   1.878203e+01 -8.294814e-01 3.581338e+01
      vertex   1.915000e+01 -7.783604e-01 3.575913e+01
      vertex   1.906903e+01 -7.485592e-01 3.571034e+01
    endloop
  endfacet
  facet normal -5.788345e-02 8.570966e-01 5.118935e-01
    outer loop
      vertex   1.878203e+01 -8.294814e-01 3.581338e+01
      vertex   1.906903e+01 -7.485592e-01 3.571034e+01
      vertex   1.894029e+01 -6.081460e-01 3.546068e+01
    endloop
  endfacet
  facet normal -2.429083e-02 8.659455e-01 4.995481e-01
    outer loop
      vertex   1.894029e+01 -6.081460e-01 3.546068e+01
      vertex   1.906903e+01 -7.485592e-01 3.571034e+01
      vertex   1.915000e+01 -6.184666e-01 3.548877e+01
    endloop
  endfacet
  facet normal -1.695316e-02 8.908785e-01 4.539253e-01
    outer loop
      vertex   1.894029e+01 -6.081460e-01 3.546068e+01
      vertex   1.915000e+01 -6.184666e-01 3.548877e+01
      vertex   1.915000e+01 -4.758647e-01 3.520890e+01
    endloop
  endfacet
  facet normal 1.004843e-02 8.606986e-01 5.090157e-01
    outer loop
      vertex   1.915000e+01 -7.783604e-01 3.575913e+01
      vertex   1.915000e+01 -6.184666e-01 3.548877e+01
      vertex   1.906903e+01 -7.485592e-01 3.571034e+01
    endloop
  endfacet
  facet normal 4.385415e-02 9.168717e-01 3.967658e-01
    outer loop
      vertex   1.915000e+01 -3.511176e-01 3.492062e+01
      vertex   1.910080e+01 -4.216757e-01 3.508911e+01
      vertex   1.915000e+01 -4.758647e-01 3.520890e+01
    endloop
  endfacet
  facet normal -3.376453e-02 9.053071e-01 4.234135e-01
    outer loop
      vertex   1.915000e+01 -4.758647e-01 3.520890e+01
      vertex   1.910080e+01 -4.216757e-01 3.508911e+01
      vertex   1.881238e+01 -4.850577e-01 3.520163e+01
    endloop
  endfacet
  facet normal -3.392569e-02 8.961084e-01 4.425368e-01
    outer loop
      vertex   1.915000e+01 -4.758647e-01 3.520890e+01
      vertex   1.881238e+01 -4.850577e-01 3.520163e+01
      vertex   1.894029e+01 -6.081460e-01 3.546068e+01
    endloop
  endfacet
  facet normal -8.357182e-02 8.834399e-01 4.610311e-01
    outer loop
      vertex   1.894029e+01 -6.081460e-01 3.546068e+01
      vertex   1.881238e+01 -4.850577e-01 3.520163e+01
      vertex   1.865249e+01 -6.892948e-01 3.556401e+01
    endloop
  endfacet
  facet normal -5.788345e-02 8.570966e-01 5.118935e-01
    outer loop
      vertex   1.894029e+01 -6.081460e-01 3.546068e+01
      vertex   1.865249e+01 -6.892948e-01 3.556401e+01
      vertex   1.878203e+01 -8.294814e-01 3.581338e+01
    endloop
  endfacet
  facet normal -3.051361e-02 9.250997e-01 3.784963e-01
    outer loop
      vertex   1.910080e+01 -4.216757e-01 3.508911e+01
      vertex   1.915000e+01 -3.511176e-01 3.492062e+01
      vertex   1.897275e+01 -3.167211e-01 3.482226e+01
    endloop
  endfacet
  facet normal -5.388197e-03 9.408671e-01 3.387330e-01
    outer loop
      vertex   1.897275e+01 -3.167211e-01 3.482226e+01
      vertex   1.915000e+01 -3.511176e-01 3.492062e+01
      vertex   1.915000e+01 -2.447174e-01 3.462508e+01
    endloop
  endfacet
  facet normal -3.421968e-02 9.482986e-01 3.155295e-01
    outer loop
      vertex   1.897275e+01 -3.167211e-01 3.482226e+01
      vertex   1.915000e+01 -2.447174e-01 3.462508e+01
      vertex   1.884540e+01 -2.302411e-01 3.454854e+01
    endloop
  endfacet
  facet normal -2.788942e-02 9.560702e-01 2.918080e-01
    outer loop
      vertex   1.884540e+01 -2.302411e-01 3.454854e+01
      vertex   1.915000e+01 -2.447174e-01 3.462508e+01
      vertex   1.912958e+01 -1.854230e-01 3.442886e+01
    endloop
  endfacet
  facet normal -4.526503e-02 9.660672e-01 2.542936e-01
    outer loop
      vertex   1.884540e+01 -2.302411e-01 3.454854e+01
      vertex   1.912958e+01 -1.854230e-01 3.442886e+01
      vertex   1.871925e+01 -1.625768e-01 3.426903e+01
    endloop
  endfacet
  facet normal -4.525114e-02 9.660769e-01 2.542593e-01
    outer loop
      vertex   1.871925e+01 -1.625768e-01 3.426903e+01
      vertex   1.912958e+01 -1.854230e-01 3.442886e+01
      vertex   1.899995e+01 -1.183146e-01 3.415081e+01
    endloop
  endfacet
  facet normal -7.072993e-02 9.776291e-01 1.980875e-01
    outer loop
      vertex   1.871925e+01 -1.625768e-01 3.426903e+01
      vertex   1.899995e+01 -1.183146e-01 3.415081e+01
      vertex   1.859480e+01 -1.139951e-01 3.398483e+01
    endloop
  endfacet
  facet normal -7.071600e-02 9.776369e-01 1.980538e-01
    outer loop
      vertex   1.859480e+01 -1.139951e-01 3.398483e+01
      vertex   1.899995e+01 -1.183146e-01 3.415081e+01
      vertex   1.887091e+01 -7.046437e-02 3.386854e+01
    endloop
  endfacet
  facet normal -9.591768e-02 9.853379e-01 1.410994e-01
    outer loop
      vertex   1.859480e+01 -1.139951e-01 3.398483e+01
      vertex   1.887091e+01 -7.046437e-02 3.386854e+01
      vertex   1.847254e+01 -8.468772e-02 3.369705e+01
    endloop
  endfacet
  facet normal -9.590370e-02 9.853440e-01 1.410664e-01
    outer loop
      vertex   1.847254e+01 -8.468772e-02 3.369705e+01
      vertex   1.887091e+01 -7.046437e-02 3.386854e+01
      vertex   1.874296e+01 -4.206134e-02 3.358316e+01
    endloop
  endfacet
  facet normal -1.207293e-01 9.891629e-01 8.355336e-02
    outer loop
      vertex   1.847254e+01 -8.468772e-02 3.369705e+01
      vertex   1.874296e+01 -4.206134e-02 3.358316e+01
      vertex   1.835295e+01 -7.477018e-02 3.340685e+01
    endloop
  endfacet
  facet normal -1.207153e-01 9.891673e-01 8.352150e-02
    outer loop
      vertex   1.835295e+01 -7.477018e-02 3.340685e+01
      vertex   1.874296e+01 -4.206134e-02 3.358316e+01
      vertex   1.861661e+01 -3.321779e-02 3.329580e+01
    endloop
  endfacet
  facet normal 1.069167e-01 9.547893e-01 2.773919e-01
    outer loop
      vertex   1.915000e+01 -2.447174e-01 3.462508e+01
      vertex   1.915000e+01 -1.570842e-01 3.432345e+01
      vertex   1.912958e+01 -1.854230e-01 3.442886e+01
    endloop
  endfacet
  facet normal -4.026729e-02 9.668568e-01 2.521241e-01
    outer loop
      vertex   1.912958e+01 -1.854230e-01 3.442886e+01
      vertex   1.915000e+01 -1.570842e-01 3.432345e+01
      vertex   1.899995e+01 -1.183146e-01 3.415081e+01
    endloop
  endfacet
  facet normal 1.171332e-03 9.759161e-01 2.181431e-01
    outer loop
      vertex   1.915000e+01 -1.570842e-01 3.432345e+01
      vertex   1.915000e+01 -8.856375e-02 3.401691e+01
      vertex   1.899995e+01 -1.183146e-01 3.415081e+01
    endloop
  endfacet
  facet normal -3.280723e-02 9.828245e-01 1.816032e-01
    outer loop
      vertex   1.899995e+01 -1.183146e-01 3.415081e+01
      vertex   1.915000e+01 -8.856375e-02 3.401691e+01
      vertex   1.887091e+01 -7.046437e-02 3.386854e+01
    endloop
  endfacet
  facet normal -2.137439e-02 9.867911e-01 1.605818e-01
    outer loop
      vertex   1.887091e+01 -7.046437e-02 3.386854e+01
      vertex   1.915000e+01 -8.856375e-02 3.401691e+01
      vertex   1.914468e+01 -4.438184e-02 3.374470e+01
    endloop
  endfacet
  facet normal 1.943438e-01 9.688565e-01 1.534518e-01
    outer loop
      vertex   1.914468e+01 -4.438184e-02 3.374470e+01
      vertex   1.915000e+01 -8.856375e-02 3.401691e+01
      vertex   1.915000e+01 -3.942649e-02 3.370667e+01
    endloop
  endfacet
  facet normal -5.145192e-02 9.912013e-01 1.219533e-01
    outer loop
      vertex   1.914468e+01 -4.438184e-02 3.374470e+01
      vertex   1.915000e+01 -3.942649e-02 3.370667e+01
      vertex   1.901061e+01 -1.656855e-02 3.346208e+01
    endloop
  endfacet
  facet normal -1.875462e-03 9.955602e-01 9.410815e-02
    outer loop
      vertex   1.901061e+01 -1.656855e-02 3.346208e+01
      vertex   1.915000e+01 -3.942649e-02 3.370667e+01
      vertex   1.915000e+01 -9.866358e-03 3.339395e+01
    endloop
  endfacet
  facet normal -2.766096e-02 9.987487e-01 4.166305e-02
    outer loop
      vertex   1.901061e+01 -1.656855e-02 3.346208e+01
      vertex   1.915000e+01 -9.866358e-03 3.339395e+01
      vertex   1.887710e+01 -8.413847e-03 3.317795e+01
    endloop
  endfacet
  facet normal -6.753949e-02 9.958915e-01 6.032015e-02
    outer loop
      vertex   1.887710e+01 -8.413847e-03 3.317795e+01
      vertex   1.861661e+01 -3.321779e-02 3.329580e+01
      vertex   1.901061e+01 -1.656855e-02 3.346208e+01
    endloop
  endfacet
  facet normal -6.755295e-02 9.958886e-01 6.035232e-02
    outer loop
      vertex   1.901061e+01 -1.656855e-02 3.346208e+01
      vertex   1.861661e+01 -3.321779e-02 3.329580e+01
      vertex   1.874296e+01 -4.206134e-02 3.358316e+01
    endloop
  endfacet
  facet normal -4.144027e-02 9.922309e-01 1.173055e-01
    outer loop
      vertex   1.901061e+01 -1.656855e-02 3.346208e+01
      vertex   1.874296e+01 -4.206134e-02 3.358316e+01
      vertex   1.914468e+01 -4.438184e-02 3.374470e+01
    endloop
  endfacet
  facet normal -4.145371e-02 9.922264e-01 1.173389e-01
    outer loop
      vertex   1.914468e+01 -4.438184e-02 3.374470e+01
      vertex   1.874296e+01 -4.206134e-02 3.358316e+01
      vertex   1.887091e+01 -7.046437e-02 3.386854e+01
    endloop
  endfacet
  facet normal -1.741170e-01 9.790885e-01 1.052089e-01
    outer loop
      vertex   1.847254e+01 -8.468772e-02 3.369705e+01
      vertex   1.835295e+01 -7.477018e-02 3.340685e+01
      vertex   1.820267e+01 -1.439936e-01 3.380234e+01
    endloop
  endfacet
  facet normal -1.741170e-01 9.790885e-01 1.052089e-01
    outer loop
      vertex   1.820267e+01 -1.439936e-01 3.380234e+01
      vertex   1.835295e+01 -7.477018e-02 3.340685e+01
      vertex   1.809007e+01 -1.325413e-01 3.350940e+01
    endloop
  endfacet
  facet normal -2.273623e-01 9.657343e-01 1.251544e-01
    outer loop
      vertex   1.820267e+01 -1.439936e-01 3.380234e+01
      vertex   1.809007e+01 -1.325413e-01 3.350940e+01
      vertex   1.793368e+01 -2.198360e-01 3.389891e+01
    endloop
  endfacet
  facet normal -2.273623e-01 9.657343e-01 1.251544e-01
    outer loop
      vertex   1.793368e+01 -2.198360e-01 3.389891e+01
      vertex   1.809007e+01 -1.325413e-01 3.350940e+01
      vertex   1.782804e+01 -2.064210e-01 3.360348e+01
    endloop
  endfacet
  facet normal -1.505731e-01 9.750235e-01 1.632692e-01
    outer loop
      vertex   1.859480e+01 -1.139951e-01 3.398483e+01
      vertex   1.847254e+01 -8.468772e-02 3.369705e+01
      vertex   1.831901e+01 -1.746018e-01 3.409242e+01
    endloop
  endfacet
  facet normal -1.505731e-01 9.750235e-01 1.632692e-01
    outer loop
      vertex   1.831901e+01 -1.746018e-01 3.409242e+01
      vertex   1.847254e+01 -8.468772e-02 3.369705e+01
      vertex   1.820267e+01 -1.439936e-01 3.380234e+01
    endloop
  endfacet
  facet normal -2.051068e-01 9.613462e-01 1.836974e-01
    outer loop
      vertex   1.831901e+01 -1.746018e-01 3.409242e+01
      vertex   1.820267e+01 -1.439936e-01 3.380234e+01
      vertex   1.804413e+01 -2.521078e-01 3.419111e+01
    endloop
  endfacet
  facet normal -2.051068e-01 9.613462e-01 1.836974e-01
    outer loop
      vertex   1.804413e+01 -2.521078e-01 3.419111e+01
      vertex   1.820267e+01 -1.439936e-01 3.380234e+01
      vertex   1.793368e+01 -2.198360e-01 3.389891e+01
    endloop
  endfacet
  facet normal -1.264366e-01 9.671155e-01 2.206838e-01
    outer loop
      vertex   1.871925e+01 -1.625768e-01 3.426903e+01
      vertex   1.859480e+01 -1.139951e-01 3.398483e+01
      vertex   1.843863e+01 -2.242452e-01 3.437851e+01
    endloop
  endfacet
  facet normal -1.264366e-01 9.671155e-01 2.206838e-01
    outer loop
      vertex   1.843863e+01 -2.242452e-01 3.437851e+01
      vertex   1.859480e+01 -1.139951e-01 3.398483e+01
      vertex   1.831901e+01 -1.746018e-01 3.409242e+01
    endloop
  endfacet
  facet normal -1.820437e-01 9.531689e-01 2.415141e-01
    outer loop
      vertex   1.843863e+01 -2.242452e-01 3.437851e+01
      vertex   1.831901e+01 -1.746018e-01 3.409242e+01
      vertex   1.815893e+01 -3.031090e-01 3.447893e+01
    endloop
  endfacet
  facet normal -1.820437e-01 9.531689e-01 2.415141e-01
    outer loop
      vertex   1.815893e+01 -3.031090e-01 3.447893e+01
      vertex   1.831901e+01 -1.746018e-01 3.409242e+01
      vertex   1.804413e+01 -2.521078e-01 3.419111e+01
    endloop
  endfacet
  facet normal -1.018025e-01 9.553960e-01 2.772267e-01
    outer loop
      vertex   1.884540e+01 -2.302411e-01 3.454854e+01
      vertex   1.871925e+01 -1.625768e-01 3.426903e+01
      vertex   1.856106e+01 -2.927280e-01 3.465947e+01
    endloop
  endfacet
  facet normal -1.018025e-01 9.553960e-01 2.772267e-01
    outer loop
      vertex   1.856106e+01 -2.927280e-01 3.465947e+01
      vertex   1.871925e+01 -1.625768e-01 3.426903e+01
      vertex   1.843863e+01 -2.242452e-01 3.437851e+01
    endloop
  endfacet
  facet normal -1.582639e-01 9.412352e-01 2.983770e-01
    outer loop
      vertex   1.856106e+01 -2.927280e-01 3.465947e+01
      vertex   1.843863e+01 -2.242452e-01 3.437851e+01
      vertex   1.827764e+01 -3.726384e-01 3.476122e+01
    endloop
  endfacet
  facet normal -1.582639e-01 9.412352e-01 2.983770e-01
    outer loop
      vertex   1.827764e+01 -3.726384e-01 3.476122e+01
      vertex   1.843863e+01 -2.242452e-01 3.437851e+01
      vertex   1.815893e+01 -3.031090e-01 3.447893e+01
    endloop
  endfacet
  facet normal -5.143114e-02 9.207231e-01 3.868125e-01
    outer loop
      vertex   1.881238e+01 -4.850577e-01 3.520163e+01
      vertex   1.910080e+01 -4.216757e-01 3.508911e+01
      vertex   1.897275e+01 -3.167211e-01 3.482226e+01
    endloop
  endfacet
  facet normal -7.676788e-02 9.399115e-01 3.326756e-01
    outer loop
      vertex   1.897275e+01 -3.167211e-01 3.482226e+01
      vertex   1.884540e+01 -2.302411e-01 3.454854e+01
      vertex   1.868580e+01 -3.797799e-01 3.493421e+01
    endloop
  endfacet
  facet normal -7.676788e-02 9.399115e-01 3.326756e-01
    outer loop
      vertex   1.868580e+01 -3.797799e-01 3.493421e+01
      vertex   1.884540e+01 -2.302411e-01 3.454854e+01
      vertex   1.856106e+01 -2.927280e-01 3.465947e+01
    endloop
  endfacet
  facet normal -1.338610e-01 9.255922e-01 3.540625e-01
    outer loop
      vertex   1.868580e+01 -3.797799e-01 3.493421e+01
      vertex   1.856106e+01 -2.927280e-01 3.465947e+01
      vertex   1.839980e+01 -4.604218e-01 3.503689e+01
    endloop
  endfacet
  facet normal -1.338610e-01 9.255922e-01 3.540625e-01
    outer loop
      vertex   1.839980e+01 -4.604218e-01 3.503689e+01
      vertex   1.856106e+01 -2.927280e-01 3.465947e+01
      vertex   1.827764e+01 -3.726384e-01 3.476122e+01
    endloop
  endfacet
  facet normal -5.143114e-02 9.207231e-01 3.868125e-01
    outer loop
      vertex   1.897275e+01 -3.167211e-01 3.482226e+01
      vertex   1.868580e+01 -3.797799e-01 3.493421e+01
      vertex   1.881238e+01 -4.850577e-01 3.520163e+01
    endloop
  endfacet
  facet normal -1.089309e-01 9.063018e-01 4.083517e-01
    outer loop
      vertex   1.881238e+01 -4.850577e-01 3.520163e+01
      vertex   1.868580e+01 -3.797799e-01 3.493421e+01
      vertex   1.852491e+01 -5.661129e-01 3.530484e+01
    endloop
  endfacet
  facet normal -8.357182e-02 8.834399e-01 4.610311e-01
    outer loop
      vertex   1.881238e+01 -4.850577e-01 3.520163e+01
      vertex   1.852491e+01 -5.661129e-01 3.530484e+01
      vertex   1.865249e+01 -6.892948e-01 3.556401e+01
    endloop
  endfacet
  facet normal -1.089309e-01 9.063018e-01 4.083517e-01
    outer loop
      vertex   1.852491e+01 -5.661129e-01 3.530484e+01
      vertex   1.868580e+01 -3.797799e-01 3.493421e+01
      vertex   1.839980e+01 -4.604218e-01 3.503689e+01
    endloop
  endfacet
  facet normal -3.681999e-01 9.289168e-01 3.927464e-02
    outer loop
      vertex   1.738955e+01 -3.201748e-01 3.308728e+01
      vertex   1.714906e+01 -4.185025e-01 3.315836e+01
      vertex   1.747542e+01 -2.988767e-01 3.338860e+01
    endloop
  endfacet
  facet normal -3.682008e-01 9.289163e-01 3.927622e-02
    outer loop
      vertex   1.747542e+01 -2.988767e-01 3.338860e+01
      vertex   1.714906e+01 -4.185025e-01 3.315836e+01
      vertex   1.722612e+01 -4.008097e-01 3.346228e+01
    endloop
  endfacet
  facet normal -3.511918e-01 9.309822e-01 9.968189e-02
    outer loop
      vertex   1.747542e+01 -2.988767e-01 3.338860e+01
      vertex   1.722612e+01 -4.008097e-01 3.346228e+01
      vertex   1.756790e+01 -2.961238e-01 3.368870e+01
    endloop
  endfacet
  facet normal -3.511928e-01 9.309816e-01 9.968356e-02
    outer loop
      vertex   1.756790e+01 -2.961238e-01 3.368870e+01
      vertex   1.722612e+01 -4.008097e-01 3.346228e+01
      vertex   1.731077e+01 -4.012598e-01 3.376470e+01
    endloop
  endfacet
  facet normal -3.328002e-01 9.293773e-01 1.596932e-01
    outer loop
      vertex   1.756790e+01 -2.961238e-01 3.368870e+01
      vertex   1.731077e+01 -4.012598e-01 3.376470e+01
      vertex   1.766662e+01 -3.119271e-01 3.398639e+01
    endloop
  endfacet
  facet normal -3.328011e-01 9.293766e-01 1.596949e-01
    outer loop
      vertex   1.766662e+01 -3.119271e-01 3.398639e+01
      vertex   1.731077e+01 -4.012598e-01 3.376470e+01
      vertex   1.740267e+01 -4.198509e-01 3.406441e+01
    endloop
  endfacet
  facet normal -3.130976e-01 9.241089e-01 2.190724e-01
    outer loop
      vertex   1.766662e+01 -3.119271e-01 3.398639e+01
      vertex   1.740267e+01 -4.198509e-01 3.406441e+01
      vertex   1.777119e+01 -3.462241e-01 3.428052e+01
    endloop
  endfacet
  facet normal -3.130985e-01 9.241081e-01 2.190742e-01
    outer loop
      vertex   1.777119e+01 -3.462241e-01 3.428052e+01
      vertex   1.740267e+01 -4.198509e-01 3.406441e+01
      vertex   1.750146e+01 -4.565097e-01 3.436024e+01
    endloop
  endfacet
  facet normal -2.921617e-01 9.151982e-01 2.775858e-01
    outer loop
      vertex   1.777119e+01 -3.462241e-01 3.428052e+01
      vertex   1.750146e+01 -4.565097e-01 3.436024e+01
      vertex   1.788119e+01 -3.988794e-01 3.456991e+01
    endloop
  endfacet
  facet normal -2.921626e-01 9.151973e-01 2.775876e-01
    outer loop
      vertex   1.788119e+01 -3.988794e-01 3.456991e+01
      vertex   1.750146e+01 -4.565097e-01 3.436024e+01
      vertex   1.760676e+01 -5.110917e-01 3.465102e+01
    endloop
  endfacet
  facet normal -2.700750e-01 9.026806e-01 3.350032e-01
    outer loop
      vertex   1.788119e+01 -3.988794e-01 3.456991e+01
      vertex   1.760676e+01 -5.110917e-01 3.465102e+01
      vertex   1.799621e+01 -4.696854e-01 3.485342e+01
    endloop
  endfacet
  facet normal -2.700758e-01 9.026797e-01 3.350051e-01
    outer loop
      vertex   1.799621e+01 -4.696854e-01 3.485342e+01
      vertex   1.760676e+01 -5.110917e-01 3.465102e+01
      vertex   1.771814e+01 -5.833815e-01 3.493560e+01
    endloop
  endfacet
  facet normal -2.469245e-01 8.866058e-01 3.910990e-01
    outer loop
      vertex   1.799621e+01 -4.696854e-01 3.485342e+01
      vertex   1.771814e+01 -5.833815e-01 3.493560e+01
      vertex   1.811577e+01 -5.583626e-01 3.512993e+01
    endloop
  endfacet
  facet normal -2.469253e-01 8.866048e-01 3.911009e-01
    outer loop
      vertex   1.811577e+01 -5.583626e-01 3.512993e+01
      vertex   1.771814e+01 -5.833815e-01 3.493560e+01
      vertex   1.783517e+01 -6.730939e-01 3.521287e+01
    endloop
  endfacet
  facet normal -2.228012e-01 8.670372e-01 4.456525e-01
    outer loop
      vertex   1.811577e+01 -5.583626e-01 3.512993e+01
      vertex   1.783517e+01 -6.730939e-01 3.521287e+01
      vertex   1.823941e+01 -6.645613e-01 3.539836e+01
    endloop
  endfacet
  facet normal -2.228021e-01 8.670360e-01 4.456544e-01
    outer loop
      vertex   1.823941e+01 -6.645613e-01 3.539836e+01
      vertex   1.783517e+01 -6.730939e-01 3.521287e+01
      vertex   1.795739e+01 -7.798750e-01 3.548172e+01
    endloop
  endfacet
  facet normal -1.978003e-01 8.440518e-01 4.984492e-01
    outer loop
      vertex   1.823941e+01 -6.645613e-01 3.539836e+01
      vertex   1.795739e+01 -7.798750e-01 3.548172e+01
      vertex   1.836665e+01 -7.878624e-01 3.565765e+01
    endloop
  endfacet
  facet normal -1.978011e-01 8.440506e-01 4.984510e-01
    outer loop
      vertex   1.836665e+01 -7.878624e-01 3.565765e+01
      vertex   1.795739e+01 -7.798750e-01 3.548172e+01
      vertex   1.808432e+01 -9.033037e-01 3.574109e+01
    endloop
  endfacet
  facet normal -1.720198e-01 8.177402e-01 5.492815e-01
    outer loop
      vertex   1.836665e+01 -7.878624e-01 3.565765e+01
      vertex   1.808432e+01 -9.033037e-01 3.574109e+01
      vertex   1.849697e+01 -9.277795e-01 3.590676e+01
    endloop
  endfacet
  facet normal -1.720206e-01 8.177389e-01 5.492832e-01
    outer loop
      vertex   1.849697e+01 -9.277795e-01 3.590676e+01
      vertex   1.808432e+01 -9.033037e-01 3.574109e+01
      vertex   1.821545e+01 -1.042893e+00 3.598997e+01
    endloop
  endfacet
  facet normal -1.455613e-01 7.882058e-01 5.979494e-01
    outer loop
      vertex   1.849697e+01 -9.277795e-01 3.590676e+01
      vertex   1.821545e+01 -1.042893e+00 3.598997e+01
      vertex   1.862987e+01 -1.083761e+00 3.614472e+01
    endloop
  endfacet
  facet normal -1.455621e-01 7.882044e-01 5.979511e-01
    outer loop
      vertex   1.862987e+01 -1.083761e+00 3.614472e+01
      vertex   1.821545e+01 -1.042893e+00 3.598997e+01
      vertex   1.835026e+01 -1.198092e+00 3.622737e+01
    endloop
  endfacet
  facet normal -1.185288e-01 7.555648e-01 6.442615e-01
    outer loop
      vertex   1.862987e+01 -1.083761e+00 3.614472e+01
      vertex   1.835026e+01 -1.198092e+00 3.622737e+01
      vertex   1.876483e+01 -1.255190e+00 3.637060e+01
    endloop
  endfacet
  facet normal -1.185295e-01 7.555633e-01 6.442630e-01
    outer loop
      vertex   1.876483e+01 -1.255190e+00 3.637060e+01
      vertex   1.835026e+01 -1.198092e+00 3.622737e+01
      vertex   1.848823e+01 -1.368289e+00 3.645235e+01
    endloop
  endfacet
  facet normal -9.102849e-02 7.199452e-01 6.880354e-01
    outer loop
      vertex   1.876483e+01 -1.255190e+00 3.637060e+01
      vertex   1.848823e+01 -1.368289e+00 3.645235e+01
      vertex   1.890130e+01 -1.441392e+00 3.658349e+01
    endloop
  endfacet
  facet normal -9.102923e-02 7.199437e-01 6.880369e-01
    outer loop
      vertex   1.890130e+01 -1.441392e+00 3.658349e+01
      vertex   1.848823e+01 -1.368289e+00 3.645235e+01
      vertex   1.862881e+01 -1.552812e+00 3.666403e+01
    endloop
  endfacet
  facet normal -6.316861e-02 6.814872e-01 7.290987e-01
    outer loop
      vertex   1.890130e+01 -1.441392e+00 3.658349e+01
      vertex   1.862881e+01 -1.552812e+00 3.666403e+01
      vertex   1.903876e+01 -1.641632e+00 3.678257e+01
    endloop
  endfacet
  facet normal -6.316933e-02 6.814856e-01 7.291001e-01
    outer loop
      vertex   1.903876e+01 -1.641632e+00 3.678257e+01
      vertex   1.862881e+01 -1.552812e+00 3.666403e+01
      vertex   1.877145e+01 -1.750934e+00 3.686157e+01
    endloop
  endfacet
  facet normal -4.168548e-01 9.074347e-01 5.286238e-02
    outer loop
      vertex   1.722612e+01 -4.008097e-01 3.346228e+01
      vertex   1.714906e+01 -4.185025e-01 3.315836e+01
      vertex   1.698067e+01 -5.173217e-01 3.352675e+01
    endloop
  endfacet
  facet normal -4.168548e-01 9.074347e-01 5.286238e-02
    outer loop
      vertex   1.698067e+01 -5.173217e-01 3.352675e+01
      vertex   1.714906e+01 -4.185025e-01 3.315836e+01
      vertex   1.691230e+01 -5.308881e-01 3.322055e+01
    endloop
  endfacet
  facet normal -4.646540e-01 8.831320e-01 6.461067e-02
    outer loop
      vertex   1.698067e+01 -5.173217e-01 3.352675e+01
      vertex   1.691230e+01 -5.308881e-01 3.322055e+01
      vertex   1.674006e+01 -6.479411e-01 3.358175e+01
    endloop
  endfacet
  facet normal -4.646540e-01 8.831320e-01 6.461067e-02
    outer loop
      vertex   1.674006e+01 -6.479411e-01 3.358175e+01
      vertex   1.691230e+01 -5.308881e-01 3.322055e+01
      vertex   1.668021e+01 -6.568815e-01 3.327359e+01
    endloop
  endfacet
  facet normal -5.114058e-01 8.561061e-01 7.447366e-02
    outer loop
      vertex   1.674006e+01 -6.479411e-01 3.358175e+01
      vertex   1.668021e+01 -6.568815e-01 3.327359e+01
      vertex   1.650525e+01 -7.921447e-01 3.362705e+01
    endloop
  endfacet
  facet normal -5.114058e-01 8.561061e-01 7.447366e-02
    outer loop
      vertex   1.650525e+01 -7.921447e-01 3.362705e+01
      vertex   1.668021e+01 -6.568815e-01 3.327359e+01
      vertex   1.645373e+01 -7.959780e-01 3.331729e+01
    endloop
  endfacet
  facet normal -5.569231e-01 8.264654e-01 8.241188e-02
    outer loop
      vertex   1.650525e+01 -7.921447e-01 3.362705e+01
      vertex   1.645373e+01 -7.959780e-01 3.331729e+01
      vertex   1.627720e+01 -9.493552e-01 3.366247e+01
    endloop
  endfacet
  facet normal -4.015006e-01 9.087697e-01 1.137315e-01
    outer loop
      vertex   1.731077e+01 -4.012598e-01 3.376470e+01
      vertex   1.722612e+01 -4.008097e-01 3.346228e+01
      vertex   1.705759e+01 -5.214385e-01 3.383120e+01
    endloop
  endfacet
  facet normal -4.015006e-01 9.087697e-01 1.137315e-01
    outer loop
      vertex   1.705759e+01 -5.214385e-01 3.383120e+01
      vertex   1.722612e+01 -4.008097e-01 3.346228e+01
      vertex   1.698067e+01 -5.173217e-01 3.352675e+01
    endloop
  endfacet
  facet normal -4.509259e-01 8.836403e-01 1.258795e-01
    outer loop
      vertex   1.705759e+01 -5.214385e-01 3.383120e+01
      vertex   1.698067e+01 -5.173217e-01 3.352675e+01
      vertex   1.680940e+01 -6.561686e-01 3.388792e+01
    endloop
  endfacet
  facet normal -4.509259e-01 8.836403e-01 1.258795e-01
    outer loop
      vertex   1.680940e+01 -6.561686e-01 3.388792e+01
      vertex   1.698067e+01 -5.173217e-01 3.352675e+01
      vertex   1.674006e+01 -6.479411e-01 3.358175e+01
    endloop
  endfacet
  facet normal -4.992682e-01 8.556951e-01 1.360780e-01
    outer loop
      vertex   1.680940e+01 -6.561686e-01 3.388792e+01
      vertex   1.674006e+01 -6.479411e-01 3.358175e+01
      vertex   1.656721e+01 -8.049105e-01 3.393465e+01
    endloop
  endfacet
  facet normal -4.992682e-01 8.556951e-01 1.360780e-01
    outer loop
      vertex   1.656721e+01 -8.049105e-01 3.393465e+01
      vertex   1.674006e+01 -6.479411e-01 3.358175e+01
      vertex   1.650525e+01 -7.921447e-01 3.362705e+01
    endloop
  endfacet
  facet normal -5.463339e-01 8.250459e-01 1.442863e-01
    outer loop
      vertex   1.656721e+01 -8.049105e-01 3.393465e+01
      vertex   1.650525e+01 -7.921447e-01 3.362705e+01
      vertex   1.633198e+01 -9.670686e-01 3.397119e+01
    endloop
  endfacet
  facet normal -5.463339e-01 8.250459e-01 1.442863e-01
    outer loop
      vertex   1.633198e+01 -9.670686e-01 3.397119e+01
      vertex   1.650525e+01 -7.921447e-01 3.362705e+01
      vertex   1.627720e+01 -9.493552e-01 3.366247e+01
    endloop
  endfacet
  facet normal -5.919345e-01 7.918156e-01 1.504714e-01
    outer loop
      vertex   1.633198e+01 -9.670686e-01 3.397119e+01
      vertex   1.627720e+01 -9.493552e-01 3.366247e+01
      vertex   1.610465e+01 -1.141994e+00 3.399739e+01
    endloop
  endfacet
  facet normal -3.845643e-01 9.065221e-01 1.741493e-01
    outer loop
      vertex   1.740267e+01 -4.198509e-01 3.406441e+01
      vertex   1.731077e+01 -4.012598e-01 3.376470e+01
      vertex   1.714276e+01 -5.432223e-01 3.413268e+01
    endloop
  endfacet
  facet normal -3.845643e-01 9.065221e-01 1.741493e-01
    outer loop
      vertex   1.714276e+01 -5.432223e-01 3.413268e+01
      vertex   1.731077e+01 -4.012598e-01 3.376470e+01
      vertex   1.705759e+01 -5.214385e-01 3.383120e+01
    endloop
  endfacet
  facet normal -4.354208e-01 8.806650e-01 1.866490e-01
    outer loop
      vertex   1.714276e+01 -5.432223e-01 3.413268e+01
      vertex   1.705759e+01 -5.214385e-01 3.383120e+01
      vertex   1.688799e+01 -6.815317e-01 3.419091e+01
    endloop
  endfacet
  facet normal -4.354208e-01 8.806650e-01 1.866490e-01
    outer loop
      vertex   1.688799e+01 -6.815317e-01 3.419091e+01
      vertex   1.705759e+01 -5.214385e-01 3.383120e+01
      vertex   1.680940e+01 -6.561686e-01 3.388792e+01
    endloop
  endfacet
  facet normal -4.851629e-01 8.519106e-01 1.971429e-01
    outer loop
      vertex   1.688799e+01 -6.815317e-01 3.419091e+01
      vertex   1.680940e+01 -6.561686e-01 3.388792e+01
      vertex   1.663936e+01 -8.342251e-01 3.423888e+01
    endloop
  endfacet
  facet normal -4.851629e-01 8.519106e-01 1.971429e-01
    outer loop
      vertex   1.663936e+01 -8.342251e-01 3.423888e+01
      vertex   1.680940e+01 -6.561686e-01 3.388792e+01
      vertex   1.656721e+01 -8.049105e-01 3.393465e+01
    endloop
  endfacet
  facet normal -5.335915e-01 8.203739e-01 2.055888e-01
    outer loop
      vertex   1.663936e+01 -8.342251e-01 3.423888e+01
      vertex   1.656721e+01 -8.049105e-01 3.393465e+01
      vertex   1.639787e+01 -1.000691e+00 3.427638e+01
    endloop
  endfacet
  facet normal -5.335915e-01 8.203739e-01 2.055888e-01
    outer loop
      vertex   1.639787e+01 -1.000691e+00 3.427638e+01
      vertex   1.656721e+01 -8.049105e-01 3.393465e+01
      vertex   1.633198e+01 -9.670686e-01 3.397119e+01
    endloop
  endfacet
  facet normal -5.805125e-01 7.861814e-01 2.119531e-01
    outer loop
      vertex   1.639787e+01 -1.000691e+00 3.427638e+01
      vertex   1.633198e+01 -9.670686e-01 3.397119e+01
      vertex   1.616450e+01 -1.180263e+00 3.430328e+01
    endloop
  endfacet
  facet normal -5.805125e-01 7.861814e-01 2.119531e-01
    outer loop
      vertex   1.616450e+01 -1.180263e+00 3.430328e+01
      vertex   1.633198e+01 -9.670686e-01 3.397119e+01
      vertex   1.610465e+01 -1.141994e+00 3.399739e+01
    endloop
  endfacet
  facet normal -6.257381e-01 7.494698e-01 2.162101e-01
    outer loop
      vertex   1.616450e+01 -1.180263e+00 3.430328e+01
      vertex   1.610465e+01 -1.141994e+00 3.399739e+01
      vertex   1.594018e+01 -1.372222e+00 3.431947e+01
    endloop
  endfacet
  facet normal -3.661128e-01 9.007011e-01 2.338779e-01
    outer loop
      vertex   1.750146e+01 -4.565097e-01 3.436024e+01
      vertex   1.740267e+01 -4.198509e-01 3.406441e+01
      vertex   1.723585e+01 -5.825872e-01 3.443000e+01
    endloop
  endfacet
  facet normal -3.661128e-01 9.007011e-01 2.338779e-01
    outer loop
      vertex   1.723585e+01 -5.825872e-01 3.443000e+01
      vertex   1.740267e+01 -4.198509e-01 3.406441e+01
      vertex   1.714276e+01 -5.432223e-01 3.413268e+01
    endloop
  endfacet
  facet normal -4.182000e-01 8.742183e-01 2.466801e-01
    outer loop
      vertex   1.723585e+01 -5.825872e-01 3.443000e+01
      vertex   1.714276e+01 -5.432223e-01 3.413268e+01
      vertex   1.697549e+01 -7.239302e-01 3.448951e+01
    endloop
  endfacet
  facet normal -4.182000e-01 8.742183e-01 2.466801e-01
    outer loop
      vertex   1.697549e+01 -7.239302e-01 3.448951e+01
      vertex   1.714276e+01 -5.432223e-01 3.413268e+01
      vertex   1.688799e+01 -6.815317e-01 3.419091e+01
    endloop
  endfacet
  facet normal -4.691458e-01 8.447681e-01 2.574279e-01
    outer loop
      vertex   1.697549e+01 -7.239302e-01 3.448951e+01
      vertex   1.688799e+01 -6.815317e-01 3.419091e+01
      vertex   1.672141e+01 -8.799728e-01 3.453853e+01
    endloop
  endfacet
  facet normal -4.691458e-01 8.447681e-01 2.574279e-01
    outer loop
      vertex   1.672141e+01 -8.799728e-01 3.453853e+01
      vertex   1.688799e+01 -6.815317e-01 3.419091e+01
      vertex   1.663936e+01 -8.342251e-01 3.423888e+01
    endloop
  endfacet
  facet normal -5.187462e-01 8.124683e-01 2.660782e-01
    outer loop
      vertex   1.672141e+01 -8.799728e-01 3.453853e+01
      vertex   1.663936e+01 -8.342251e-01 3.423888e+01
      vertex   1.647463e+01 -1.050090e+00 3.457686e+01
    endloop
  endfacet
  facet normal -5.187462e-01 8.124683e-01 2.660782e-01
    outer loop
      vertex   1.647463e+01 -1.050090e+00 3.457686e+01
      vertex   1.663936e+01 -8.342251e-01 3.423888e+01
      vertex   1.639787e+01 -1.000691e+00 3.427638e+01
    endloop
  endfacet
  facet normal -5.668027e-01 7.774483e-01 2.725964e-01
    outer loop
      vertex   1.647463e+01 -1.050090e+00 3.457686e+01
      vertex   1.639787e+01 -1.000691e+00 3.427638e+01
      vertex   1.623614e+01 -1.233601e+00 3.460435e+01
    endloop
  endfacet
  facet normal -5.668027e-01 7.774483e-01 2.725964e-01
    outer loop
      vertex   1.623614e+01 -1.233601e+00 3.460435e+01
      vertex   1.639787e+01 -1.000691e+00 3.427638e+01
      vertex   1.616450e+01 -1.180263e+00 3.430328e+01
    endloop
  endfacet
  facet normal -6.131227e-01 7.398484e-01 2.769565e-01
    outer loop
      vertex   1.623614e+01 -1.233601e+00 3.460435e+01
      vertex   1.616450e+01 -1.180263e+00 3.430328e+01
      vertex   1.600689e+01 -1.429770e+00 3.462089e+01
    endloop
  endfacet
  facet normal -6.131227e-01 7.398484e-01 2.769565e-01
    outer loop
      vertex   1.600689e+01 -1.429770e+00 3.462089e+01
      vertex   1.616450e+01 -1.180263e+00 3.430328e+01
      vertex   1.594018e+01 -1.372222e+00 3.431947e+01
    endloop
  endfacet
  facet normal -6.575208e-01 6.998191e-01 2.791409e-01
    outer loop
      vertex   1.600689e+01 -1.429770e+00 3.462089e+01
      vertex   1.594018e+01 -1.372222e+00 3.431947e+01
      vertex   1.578781e+01 -1.637812e+00 3.462641e+01
    endloop
  endfacet
  facet normal -3.462190e-01 8.913302e-01 2.926823e-01
    outer loop
      vertex   1.760676e+01 -5.110917e-01 3.465102e+01
      vertex   1.750146e+01 -4.565097e-01 3.436024e+01
      vertex   1.733650e+01 -6.393778e-01 3.472201e+01
    endloop
  endfacet
  facet normal -3.462190e-01 8.913302e-01 2.926823e-01
    outer loop
      vertex   1.733650e+01 -6.393778e-01 3.472201e+01
      vertex   1.750146e+01 -4.565097e-01 3.436024e+01
      vertex   1.723585e+01 -5.825872e-01 3.443000e+01
    endloop
  endfacet
  facet normal -3.993315e-01 8.643261e-01 3.057365e-01
    outer loop
      vertex   1.733650e+01 -6.393778e-01 3.472201e+01
      vertex   1.723585e+01 -5.825872e-01 3.443000e+01
      vertex   1.707157e+01 -7.831970e-01 3.478256e+01
    endloop
  endfacet
  facet normal -3.993315e-01 8.643261e-01 3.057365e-01
    outer loop
      vertex   1.707157e+01 -7.831970e-01 3.478256e+01
      vertex   1.723585e+01 -5.825872e-01 3.443000e+01
      vertex   1.697549e+01 -7.239302e-01 3.448951e+01
    endloop
  endfacet
  facet normal -4.512801e-01 8.342961e-01 3.166958e-01
    outer loop
      vertex   1.707157e+01 -7.831970e-01 3.478256e+01
      vertex   1.697549e+01 -7.239302e-01 3.448951e+01
      vertex   1.681304e+01 -9.419731e-01 3.483244e+01
    endloop
  endfacet
  facet normal -4.512801e-01 8.342961e-01 3.166958e-01
    outer loop
      vertex   1.681304e+01 -9.419731e-01 3.483244e+01
      vertex   1.697549e+01 -7.239302e-01 3.448951e+01
      vertex   1.672141e+01 -8.799728e-01 3.453853e+01
    endloop
  endfacet
  facet normal -5.018568e-01 8.013606e-01 3.255164e-01
    outer loop
      vertex   1.681304e+01 -9.419731e-01 3.483244e+01
      vertex   1.672141e+01 -8.799728e-01 3.453853e+01
      vertex   1.656194e+01 -1.115071e+00 3.487144e+01
    endloop
  endfacet
  facet normal -5.018568e-01 8.013606e-01 3.255164e-01
    outer loop
      vertex   1.656194e+01 -1.115071e+00 3.487144e+01
      vertex   1.672141e+01 -8.799728e-01 3.453853e+01
      vertex   1.647463e+01 -1.050090e+00 3.457686e+01
    endloop
  endfacet
  facet normal -5.508592e-01 7.656513e-01 3.321630e-01
    outer loop
      vertex   1.656194e+01 -1.115071e+00 3.487144e+01
      vertex   1.647463e+01 -1.050090e+00 3.457686e+01
      vertex   1.631927e+01 -1.301796e+00 3.489941e+01
    endloop
  endfacet
  facet normal -5.508592e-01 7.656513e-01 3.321630e-01
    outer loop
      vertex   1.631927e+01 -1.301796e+00 3.489941e+01
      vertex   1.647463e+01 -1.050090e+00 3.457686e+01
      vertex   1.623614e+01 -1.233601e+00 3.460435e+01
    endloop
  endfacet
  facet normal -5.980910e-01 7.273112e-01 3.366089e-01
    outer loop
      vertex   1.631927e+01 -1.301796e+00 3.489941e+01
      vertex   1.623614e+01 -1.233601e+00 3.460435e+01
      vertex   1.608601e+01 -1.501402e+00 3.491624e+01
    endloop
  endfacet
  facet normal -5.980910e-01 7.273112e-01 3.366089e-01
    outer loop
      vertex   1.608601e+01 -1.501402e+00 3.491624e+01
      vertex   1.623614e+01 -1.233601e+00 3.460435e+01
      vertex   1.600689e+01 -1.429770e+00 3.462089e+01
    endloop
  endfacet
  facet normal -6.433630e-01 6.864940e-01 3.388362e-01
    outer loop
      vertex   1.608601e+01 -1.501402e+00 3.491624e+01
      vertex   1.600689e+01 -1.429770e+00 3.462089e+01
      vertex   1.586309e+01 -1.713089e+00 3.492186e+01
    endloop
  endfacet
  facet normal -6.433630e-01 6.864940e-01 3.388362e-01
    outer loop
      vertex   1.586309e+01 -1.713089e+00 3.492186e+01
      vertex   1.600689e+01 -1.429770e+00 3.462089e+01
      vertex   1.578781e+01 -1.637812e+00 3.462641e+01
    endloop
  endfacet
  facet normal -6.864940e-01 6.433630e-01 3.388362e-01
    outer loop
      vertex   1.586309e+01 -1.713089e+00 3.492186e+01
      vertex   1.578781e+01 -1.637812e+00 3.462641e+01
      vertex   1.565140e+01 -1.936009e+00 3.491624e+01
    endloop
  endfacet
  facet normal -3.249613e-01 8.784465e-01 3.503313e-01
    outer loop
      vertex   1.771814e+01 -5.833815e-01 3.493560e+01
      vertex   1.760676e+01 -5.110917e-01 3.465102e+01
      vertex   1.744430e+01 -7.133702e-01 3.500753e+01
    endloop
  endfacet
  facet normal -3.249613e-01 8.784465e-01 3.503313e-01
    outer loop
      vertex   1.744430e+01 -7.133702e-01 3.500753e+01
      vertex   1.760676e+01 -5.110917e-01 3.465102e+01
      vertex   1.733650e+01 -6.393778e-01 3.472201e+01
    endloop
  endfacet
  facet normal -3.788896e-01 8.510275e-01 3.635860e-01
    outer loop
      vertex   1.744430e+01 -7.133702e-01 3.500753e+01
      vertex   1.733650e+01 -6.393778e-01 3.472201e+01
      vertex   1.717585e+01 -8.590981e-01 3.506889e+01
    endloop
  endfacet
  facet normal -3.788896e-01 8.510275e-01 3.635860e-01
    outer loop
      vertex   1.717585e+01 -8.590981e-01 3.506889e+01
      vertex   1.733650e+01 -6.393778e-01 3.472201e+01
      vertex   1.707157e+01 -7.831970e-01 3.478256e+01
    endloop
  endfacet
  facet normal -4.316363e-01 8.205363e-01 3.747137e-01
    outer loop
      vertex   1.717585e+01 -8.590981e-01 3.506889e+01
      vertex   1.707157e+01 -7.831970e-01 3.478256e+01
      vertex   1.691389e+01 -1.019982e+00 3.511943e+01
    endloop
  endfacet
  facet normal -4.316363e-01 8.205363e-01 3.747137e-01
    outer loop
      vertex   1.691389e+01 -1.019982e+00 3.511943e+01
      vertex   1.707157e+01 -7.831970e-01 3.478256e+01
      vertex   1.681304e+01 -9.419731e-01 3.483244e+01
    endloop
  endfacet
  facet normal -4.829900e-01 7.870947e-01 3.836698e-01
    outer loop
      vertex   1.691389e+01 -1.019982e+00 3.511943e+01
      vertex   1.681304e+01 -9.419731e-01 3.483244e+01
      vertex   1.665946e+01 -1.195376e+00 3.515895e+01
    endloop
  endfacet
  facet normal -4.829900e-01 7.870947e-01 3.836698e-01
    outer loop
      vertex   1.665946e+01 -1.195376e+00 3.515895e+01
      vertex   1.681304e+01 -9.419731e-01 3.483244e+01
      vertex   1.656194e+01 -1.115071e+00 3.487144e+01
    endloop
  endfacet
  facet normal -5.327452e-01 7.508369e-01 3.904184e-01
    outer loop
      vertex   1.665946e+01 -1.195376e+00 3.515895e+01
      vertex   1.656194e+01 -1.115071e+00 3.487144e+01
      vertex   1.641357e+01 -1.384580e+00 3.518729e+01
    endloop
  endfacet
  facet normal -5.327452e-01 7.508369e-01 3.904184e-01
    outer loop
      vertex   1.641357e+01 -1.384580e+00 3.518729e+01
      vertex   1.656194e+01 -1.115071e+00 3.487144e+01
      vertex   1.631927e+01 -1.301796e+00 3.489941e+01
    endloop
  endfacet
  facet normal -5.807025e-01 7.119079e-01 3.949326e-01
    outer loop
      vertex   1.641357e+01 -1.384580e+00 3.518729e+01
      vertex   1.631927e+01 -1.301796e+00 3.489941e+01
      vertex   1.617721e+01 -1.586835e+00 3.520434e+01
    endloop
  endfacet
  facet normal -5.807025e-01 7.119079e-01 3.949326e-01
    outer loop
      vertex   1.617721e+01 -1.586835e+00 3.520434e+01
      vertex   1.631927e+01 -1.301796e+00 3.489941e+01
      vertex   1.608601e+01 -1.501402e+00 3.491624e+01
    endloop
  endfacet
  facet normal -6.266700e-01 6.704636e-01 3.971942e-01
    outer loop
      vertex   1.617721e+01 -1.586835e+00 3.520434e+01
      vertex   1.608601e+01 -1.501402e+00 3.491624e+01
      vertex   1.595133e+01 -1.801332e+00 3.521003e+01
    endloop
  endfacet
  facet normal -6.266700e-01 6.704636e-01 3.971942e-01
    outer loop
      vertex   1.595133e+01 -1.801332e+00 3.521003e+01
      vertex   1.608601e+01 -1.501402e+00 3.491624e+01
      vertex   1.586309e+01 -1.713089e+00 3.492186e+01
    endloop
  endfacet
  facet normal -6.704636e-01 6.266700e-01 3.971942e-01
    outer loop
      vertex   1.595133e+01 -1.801332e+00 3.521003e+01
      vertex   1.586309e+01 -1.713089e+00 3.492186e+01
      vertex   1.573684e+01 -2.027210e+00 3.520434e+01
    endloop
  endfacet
  facet normal -6.704636e-01 6.266700e-01 3.971942e-01
    outer loop
      vertex   1.573684e+01 -2.027210e+00 3.520434e+01
      vertex   1.586309e+01 -1.713089e+00 3.492186e+01
      vertex   1.565140e+01 -1.936009e+00 3.491624e+01
    endloop
  endfacet
  facet normal -7.119079e-01 5.807025e-01 3.949326e-01
    outer loop
      vertex   1.573684e+01 -2.027210e+00 3.520434e+01
      vertex   1.565140e+01 -1.936009e+00 3.491624e+01
      vertex   1.553458e+01 -2.263567e+00 3.518729e+01
    endloop
  endfacet
  facet normal -3.024233e-01 8.621010e-01 4.065981e-01
    outer loop
      vertex   1.783517e+01 -6.730939e-01 3.521287e+01
      vertex   1.771814e+01 -5.833815e-01 3.493560e+01
      vertex   1.755882e+01 -8.042724e-01 3.528545e+01
    endloop
  endfacet
  facet normal -3.024233e-01 8.621010e-01 4.065981e-01
    outer loop
      vertex   1.755882e+01 -8.042724e-01 3.528545e+01
      vertex   1.771814e+01 -5.833815e-01 3.493560e+01
      vertex   1.744430e+01 -7.133702e-01 3.500753e+01
    endloop
  endfacet
  facet normal -3.569551e-01 8.343753e-01 4.200011e-01
    outer loop
      vertex   1.755882e+01 -8.042724e-01 3.528545e+01
      vertex   1.744430e+01 -7.133702e-01 3.500753e+01
      vertex   1.728792e+01 -9.513342e-01 3.534737e+01
    endloop
  endfacet
  facet normal -3.569551e-01 8.343753e-01 4.200011e-01
    outer loop
      vertex   1.728792e+01 -9.513342e-01 3.534737e+01
      vertex   1.744430e+01 -7.133702e-01 3.500753e+01
      vertex   1.717585e+01 -8.590981e-01 3.506889e+01
    endloop
  endfacet
  facet normal -4.102919e-01 8.035429e-01 4.312533e-01
    outer loop
      vertex   1.728792e+01 -9.513342e-01 3.534737e+01
      vertex   1.717585e+01 -8.590981e-01 3.506889e+01
      vertex   1.702356e+01 -1.113690e+00 3.539837e+01
    endloop
  endfacet
  facet normal -4.102919e-01 8.035429e-01 4.312533e-01
    outer loop
      vertex   1.702356e+01 -1.113690e+00 3.539837e+01
      vertex   1.717585e+01 -8.590981e-01 3.506889e+01
      vertex   1.691389e+01 -1.019982e+00 3.511943e+01
    endloop
  endfacet
  facet normal -4.622201e-01 7.697272e-01 4.403096e-01
    outer loop
      vertex   1.702356e+01 -1.113690e+00 3.539837e+01
      vertex   1.691389e+01 -1.019982e+00 3.511943e+01
      vertex   1.676680e+01 -1.290690e+00 3.543826e+01
    endloop
  endfacet
  facet normal -4.622201e-01 7.697272e-01 4.403096e-01
    outer loop
      vertex   1.676680e+01 -1.290690e+00 3.543826e+01
      vertex   1.691389e+01 -1.019982e+00 3.511943e+01
      vertex   1.665946e+01 -1.195376e+00 3.515895e+01
    endloop
  endfacet
  facet normal -5.125320e-01 7.330637e-01 4.471338e-01
    outer loop
      vertex   1.676680e+01 -1.290690e+00 3.543826e+01
      vertex   1.665946e+01 -1.195376e+00 3.515895e+01
      vertex   1.651866e+01 -1.481626e+00 3.546686e+01
    endloop
  endfacet
  facet normal -5.125320e-01 7.330637e-01 4.471338e-01
    outer loop
      vertex   1.651866e+01 -1.481626e+00 3.546686e+01
      vertex   1.665946e+01 -1.195376e+00 3.515895e+01
      vertex   1.641357e+01 -1.384580e+00 3.518729e+01
    endloop
  endfacet
  facet normal -5.610259e-01 6.936991e-01 4.516984e-01
    outer loop
      vertex   1.651866e+01 -1.481626e+00 3.546686e+01
      vertex   1.641357e+01 -1.384580e+00 3.518729e+01
      vertex   1.628014e+01 -1.685732e+00 3.548406e+01
    endloop
  endfacet
  facet normal -5.610259e-01 6.936991e-01 4.516984e-01
    outer loop
      vertex   1.628014e+01 -1.685732e+00 3.548406e+01
      vertex   1.641357e+01 -1.384580e+00 3.518729e+01
      vertex   1.617721e+01 -1.586835e+00 3.520434e+01
    endloop
  endfacet
  facet normal -6.075077e-01 6.517912e-01 4.539853e-01
    outer loop
      vertex   1.628014e+01 -1.685732e+00 3.548406e+01
      vertex   1.617721e+01 -1.586835e+00 3.520434e+01
      vertex   1.605219e+01 -1.902192e+00 3.548981e+01
    endloop
  endfacet
  facet normal -6.075077e-01 6.517912e-01 4.539853e-01
    outer loop
      vertex   1.605219e+01 -1.902192e+00 3.548981e+01
      vertex   1.617721e+01 -1.586835e+00 3.520434e+01
      vertex   1.595133e+01 -1.801332e+00 3.521003e+01
    endloop
  endfacet
  facet normal -6.517912e-01 6.075077e-01 4.539853e-01
    outer loop
      vertex   1.605219e+01 -1.902192e+00 3.548981e+01
      vertex   1.595133e+01 -1.801332e+00 3.521003e+01
      vertex   1.583573e+01 -2.130139e+00 3.548406e+01
    endloop
  endfacet
  facet normal -6.517912e-01 6.075077e-01 4.539853e-01
    outer loop
      vertex   1.583573e+01 -2.130139e+00 3.548406e+01
      vertex   1.595133e+01 -1.801332e+00 3.521003e+01
      vertex   1.573684e+01 -2.027210e+00 3.520434e+01
    endloop
  endfacet
  facet normal -6.936991e-01 5.610259e-01 4.516984e-01
    outer loop
      vertex   1.583573e+01 -2.130139e+00 3.548406e+01
      vertex   1.573684e+01 -2.027210e+00 3.520434e+01
      vertex   1.563163e+01 -2.368659e+00 3.546686e+01
    endloop
  endfacet
  facet normal -6.936991e-01 5.610259e-01 4.516984e-01
    outer loop
      vertex   1.563163e+01 -2.368659e+00 3.546686e+01
      vertex   1.573684e+01 -2.027210e+00 3.520434e+01
      vertex   1.553458e+01 -2.263567e+00 3.518729e+01
    endloop
  endfacet
  facet normal -7.330637e-01 5.125320e-01 4.471338e-01
    outer loop
      vertex   1.563163e+01 -2.368659e+00 3.546686e+01
      vertex   1.553458e+01 -2.263567e+00 3.518729e+01
      vertex   1.544069e+01 -2.616798e+00 3.543826e+01
    endloop
  endfacet
  facet normal -2.786940e-01 8.423583e-01 4.612615e-01
    outer loop
      vertex   1.795739e+01 -7.798750e-01 3.548172e+01
      vertex   1.783517e+01 -6.730939e-01 3.521287e+01
      vertex   1.767962e+01 -9.117259e-01 3.555467e+01
    endloop
  endfacet
  facet normal -2.786940e-01 8.423583e-01 4.612615e-01
    outer loop
      vertex   1.767962e+01 -9.117259e-01 3.555467e+01
      vertex   1.783517e+01 -6.730939e-01 3.521287e+01
      vertex   1.755882e+01 -8.042724e-01 3.528545e+01
    endloop
  endfacet
  facet normal -3.336141e-01 8.144351e-01 4.747600e-01
    outer loop
      vertex   1.767962e+01 -9.117259e-01 3.555467e+01
      vertex   1.755882e+01 -8.042724e-01 3.528545e+01
      vertex   1.740734e+01 -1.059541e+00 3.561691e+01
    endloop
  endfacet
  facet normal -3.336141e-01 8.144351e-01 4.747600e-01
    outer loop
      vertex   1.740734e+01 -1.059541e+00 3.561691e+01
      vertex   1.755882e+01 -8.042724e-01 3.528545e+01
      vertex   1.728792e+01 -9.513342e-01 3.534737e+01
    endloop
  endfacet
  facet normal -3.873309e-01 7.833831e-01 4.860923e-01
    outer loop
      vertex   1.740734e+01 -1.059541e+00 3.561691e+01
      vertex   1.728792e+01 -9.513342e-01 3.534737e+01
      vertex   1.714162e+01 -1.222730e+00 3.566817e+01
    endloop
  endfacet
  facet normal -3.873309e-01 7.833831e-01 4.860923e-01
    outer loop
      vertex   1.714162e+01 -1.222730e+00 3.566817e+01
      vertex   1.728792e+01 -9.513342e-01 3.534737e+01
      vertex   1.702356e+01 -1.113690e+00 3.539837e+01
    endloop
  endfacet
  facet normal -4.396290e-01 7.493265e-01 4.952131e-01
    outer loop
      vertex   1.714162e+01 -1.222730e+00 3.566817e+01
      vertex   1.702356e+01 -1.113690e+00 3.539837e+01
      vertex   1.688354e+01 -1.400637e+00 3.570826e+01
    endloop
  endfacet
  facet normal -4.396290e-01 7.493265e-01 4.952131e-01
    outer loop
      vertex   1.688354e+01 -1.400637e+00 3.570826e+01
      vertex   1.702356e+01 -1.113690e+00 3.539837e+01
      vertex   1.676680e+01 -1.290690e+00 3.543826e+01
    endloop
  endfacet
  facet normal -4.902992e-01 7.124019e-01 5.020859e-01
    outer loop
      vertex   1.688354e+01 -1.400637e+00 3.570826e+01
      vertex   1.676680e+01 -1.290690e+00 3.543826e+01
      vertex   1.663413e+01 -1.592551e+00 3.573701e+01
    endloop
  endfacet
  facet normal -4.902992e-01 7.124019e-01 5.020859e-01
    outer loop
      vertex   1.663413e+01 -1.592551e+00 3.573701e+01
      vertex   1.676680e+01 -1.290690e+00 3.543826e+01
      vertex   1.651866e+01 -1.481626e+00 3.546686e+01
    endloop
  endfacet
  facet normal -5.391386e-01 6.727569e-01 5.066831e-01
    outer loop
      vertex   1.663413e+01 -1.592551e+00 3.573701e+01
      vertex   1.651866e+01 -1.481626e+00 3.546686e+01
      vertex   1.639439e+01 -1.797704e+00 3.575430e+01
    endloop
  endfacet
  facet normal -5.391386e-01 6.727569e-01 5.066831e-01
    outer loop
      vertex   1.639439e+01 -1.797704e+00 3.575430e+01
      vertex   1.651866e+01 -1.481626e+00 3.546686e+01
      vertex   1.628014e+01 -1.685732e+00 3.548406e+01
    endloop
  endfacet
  facet normal -5.859515e-01 6.305504e-01 5.089863e-01
    outer loop
      vertex   1.639439e+01 -1.797704e+00 3.575430e+01
      vertex   1.628014e+01 -1.685732e+00 3.548406e+01
      vertex   1.616527e+01 -2.015273e+00 3.576008e+01
    endloop
  endfacet
  facet normal -5.859515e-01 6.305504e-01 5.089863e-01
    outer loop
      vertex   1.616527e+01 -2.015273e+00 3.576008e+01
      vertex   1.628014e+01 -1.685732e+00 3.548406e+01
      vertex   1.605219e+01 -1.902192e+00 3.548981e+01
    endloop
  endfacet
  facet normal -6.305504e-01 5.859515e-01 5.089863e-01
    outer loop
      vertex   1.616527e+01 -2.015273e+00 3.576008e+01
      vertex   1.605219e+01 -1.902192e+00 3.548981e+01
      vertex   1.594770e+01 -2.244388e+00 3.575430e+01
    endloop
  endfacet
  facet normal -6.305504e-01 5.859515e-01 5.089863e-01
    outer loop
      vertex   1.594770e+01 -2.244388e+00 3.575430e+01
      vertex   1.605219e+01 -1.902192e+00 3.548981e+01
      vertex   1.583573e+01 -2.130139e+00 3.548406e+01
    endloop
  endfacet
  facet normal -6.727569e-01 5.391386e-01 5.066831e-01
    outer loop
      vertex   1.594770e+01 -2.244388e+00 3.575430e+01
      vertex   1.583573e+01 -2.130139e+00 3.548406e+01
      vertex   1.574255e+01 -2.484131e+00 3.573701e+01
    endloop
  endfacet
  facet normal -6.727569e-01 5.391386e-01 5.066831e-01
    outer loop
      vertex   1.574255e+01 -2.484131e+00 3.573701e+01
      vertex   1.583573e+01 -2.130139e+00 3.548406e+01
      vertex   1.563163e+01 -2.368659e+00 3.546686e+01
    endloop
  endfacet
  facet normal -7.124019e-01 4.902992e-01 5.020859e-01
    outer loop
      vertex   1.574255e+01 -2.484131e+00 3.573701e+01
      vertex   1.563163e+01 -2.368659e+00 3.546686e+01
      vertex   1.555064e+01 -2.733541e+00 3.570826e+01
    endloop
  endfacet
  facet normal -7.124019e-01 4.902992e-01 5.020859e-01
    outer loop
      vertex   1.555064e+01 -2.733541e+00 3.570826e+01
      vertex   1.563163e+01 -2.368659e+00 3.546686e+01
      vertex   1.544069e+01 -2.616798e+00 3.543826e+01
    endloop
  endfacet
  facet normal -7.493265e-01 4.396290e-01 4.952131e-01
    outer loop
      vertex   1.555064e+01 -2.733541e+00 3.570826e+01
      vertex   1.544069e+01 -2.616798e+00 3.543826e+01
      vertex   1.537273e+01 -2.991621e+00 3.566817e+01
    endloop
  endfacet
  facet normal -2.538666e-01 8.192962e-01 5.141066e-01
    outer loop
      vertex   1.808432e+01 -9.033037e-01 3.574109e+01
      vertex   1.795739e+01 -7.798750e-01 3.548172e+01
      vertex   1.780623e+01 -1.035307e+00 3.581413e+01
    endloop
  endfacet
  facet normal -2.538666e-01 8.192962e-01 5.141066e-01
    outer loop
      vertex   1.780623e+01 -1.035307e+00 3.581413e+01
      vertex   1.795739e+01 -7.798750e-01 3.548172e+01
      vertex   1.767962e+01 -9.117259e-01 3.555467e+01
    endloop
  endfacet
  facet normal -3.089587e-01 7.912855e-01 5.276473e-01
    outer loop
      vertex   1.780623e+01 -1.035307e+00 3.581413e+01
      vertex   1.767962e+01 -9.117259e-01 3.555467e+01
      vertex   1.753363e+01 -1.183293e+00 3.587644e+01
    endloop
  endfacet
  facet normal -3.089587e-01 7.912855e-01 5.276473e-01
    outer loop
      vertex   1.753363e+01 -1.183293e+00 3.587644e+01
      vertex   1.767962e+01 -9.117259e-01 3.555467e+01
      vertex   1.740734e+01 -1.059541e+00 3.561691e+01
    endloop
  endfacet
  facet normal -3.628437e-01 7.601362e-01 5.390152e-01
    outer loop
      vertex   1.753363e+01 -1.183293e+00 3.587644e+01
      vertex   1.740734e+01 -1.059541e+00 3.561691e+01
      vertex   1.726760e+01 -1.346670e+00 3.592776e+01
    endloop
  endfacet
  facet normal -3.628437e-01 7.601362e-01 5.390152e-01
    outer loop
      vertex   1.726760e+01 -1.346670e+00 3.592776e+01
      vertex   1.740734e+01 -1.059541e+00 3.561691e+01
      vertex   1.714162e+01 -1.222730e+00 3.566817e+01
    endloop
  endfacet
  facet normal -4.153056e-01 7.259730e-01 5.481646e-01
    outer loop
      vertex   1.726760e+01 -1.346670e+00 3.592776e+01
      vertex   1.714162e+01 -1.222730e+00 3.566817e+01
      vertex   1.700923e+01 -1.524782e+00 3.596790e+01
    endloop
  endfacet
  facet normal -4.153056e-01 7.259730e-01 5.481646e-01
    outer loop
      vertex   1.700923e+01 -1.524782e+00 3.596790e+01
      vertex   1.714162e+01 -1.222730e+00 3.566817e+01
      vertex   1.688354e+01 -1.400637e+00 3.570826e+01
    endloop
  endfacet
  facet normal -4.661345e-01 6.889327e-01 5.550588e-01
    outer loop
      vertex   1.700923e+01 -1.524782e+00 3.596790e+01
      vertex   1.688354e+01 -1.400637e+00 3.570826e+01
      vertex   1.675953e+01 -1.716918e+00 3.599668e+01
    endloop
  endfacet
  facet normal -4.661345e-01 6.889327e-01 5.550588e-01
    outer loop
      vertex   1.675953e+01 -1.716918e+00 3.599668e+01
      vertex   1.688354e+01 -1.400637e+00 3.570826e+01
      vertex   1.663413e+01 -1.592551e+00 3.573701e+01
    endloop
  endfacet
  facet normal -5.151268e-01 6.491636e-01 5.596704e-01
    outer loop
      vertex   1.675953e+01 -1.716918e+00 3.599668e+01
      vertex   1.663413e+01 -1.592551e+00 3.573701e+01
      vertex   1.651951e+01 -1.922308e+00 3.601399e+01
    endloop
  endfacet
  facet normal -5.151268e-01 6.491636e-01 5.596704e-01
    outer loop
      vertex   1.651951e+01 -1.922308e+00 3.601399e+01
      vertex   1.663413e+01 -1.592551e+00 3.573701e+01
      vertex   1.639439e+01 -1.797704e+00 3.575430e+01
    endloop
  endfacet
  facet normal -5.620863e-01 6.068250e-01 5.619808e-01
    outer loop
      vertex   1.651951e+01 -1.922308e+00 3.601399e+01
      vertex   1.639439e+01 -1.797704e+00 3.575430e+01
      vertex   1.629013e+01 -2.140128e+00 3.601977e+01
    endloop
  endfacet
  facet normal -5.620863e-01 6.068250e-01 5.619808e-01
    outer loop
      vertex   1.629013e+01 -2.140128e+00 3.601977e+01
      vertex   1.639439e+01 -1.797704e+00 3.575430e+01
      vertex   1.616527e+01 -2.015273e+00 3.576008e+01
    endloop
  endfacet
  facet normal -6.068250e-01 5.620863e-01 5.619808e-01
    outer loop
      vertex   1.629013e+01 -2.140128e+00 3.601977e+01
      vertex   1.616527e+01 -2.015273e+00 3.576008e+01
      vertex   1.607231e+01 -2.369507e+00 3.601399e+01
    endloop
  endfacet
  facet normal -6.068250e-01 5.620863e-01 5.619808e-01
    outer loop
      vertex   1.607231e+01 -2.369507e+00 3.601399e+01
      vertex   1.616527e+01 -2.015273e+00 3.576008e+01
      vertex   1.594770e+01 -2.244388e+00 3.575430e+01
    endloop
  endfacet
  facet normal -6.491636e-01 5.151268e-01 5.596704e-01
    outer loop
      vertex   1.607231e+01 -2.369507e+00 3.601399e+01
      vertex   1.594770e+01 -2.244388e+00 3.575430e+01
      vertex   1.586692e+01 -2.609527e+00 3.599668e+01
    endloop
  endfacet
  facet normal -6.491636e-01 5.151268e-01 5.596704e-01
    outer loop
      vertex   1.586692e+01 -2.609527e+00 3.599668e+01
      vertex   1.594770e+01 -2.244388e+00 3.575430e+01
      vertex   1.574255e+01 -2.484131e+00 3.573701e+01
    endloop
  endfacet
  facet normal -6.889327e-01 4.661345e-01 5.550588e-01
    outer loop
      vertex   1.586692e+01 -2.609527e+00 3.599668e+01
      vertex   1.574255e+01 -2.484131e+00 3.573701e+01
      vertex   1.567478e+01 -2.859226e+00 3.596790e+01
    endloop
  endfacet
  facet normal -6.889327e-01 4.661345e-01 5.550588e-01
    outer loop
      vertex   1.567478e+01 -2.859226e+00 3.596790e+01
      vertex   1.574255e+01 -2.484131e+00 3.573701e+01
      vertex   1.555064e+01 -2.733541e+00 3.570826e+01
    endloop
  endfacet
  facet normal -7.259730e-01 4.153056e-01 5.481646e-01
    outer loop
      vertex   1.567478e+01 -2.859226e+00 3.596790e+01
      vertex   1.555064e+01 -2.733541e+00 3.570826e+01
      vertex   1.549667e+01 -3.117604e+00 3.592776e+01
    endloop
  endfacet
  facet normal -7.259730e-01 4.153056e-01 5.481646e-01
    outer loop
      vertex   1.549667e+01 -3.117604e+00 3.592776e+01
      vertex   1.555064e+01 -2.733541e+00 3.570826e+01
      vertex   1.537273e+01 -2.991621e+00 3.566817e+01
    endloop
  endfacet
  facet normal -7.601362e-01 3.628437e-01 5.390152e-01
    outer loop
      vertex   1.549667e+01 -3.117604e+00 3.592776e+01
      vertex   1.537273e+01 -2.991621e+00 3.566817e+01
      vertex   1.533329e+01 -3.383626e+00 3.587644e+01
    endloop
  endfacet
  facet normal -2.280387e-01 7.930054e-01 5.649255e-01
    outer loop
      vertex   1.821545e+01 -1.042893e+00 3.598997e+01
      vertex   1.808432e+01 -9.033037e-01 3.574109e+01
      vertex   1.793813e+01 -1.174528e+00 3.606281e+01
    endloop
  endfacet
  facet normal -2.280387e-01 7.930054e-01 5.649255e-01
    outer loop
      vertex   1.793813e+01 -1.174528e+00 3.606281e+01
      vertex   1.808432e+01 -9.033037e-01 3.574109e+01
      vertex   1.780623e+01 -1.035307e+00 3.581413e+01
    endloop
  endfacet
  facet normal -2.830858e-01 7.650177e-01 5.784552e-01
    outer loop
      vertex   1.793813e+01 -1.174528e+00 3.606281e+01
      vertex   1.780623e+01 -1.035307e+00 3.581413e+01
      vertex   1.766629e+01 -1.322101e+00 3.612494e+01
    endloop
  endfacet
  facet normal -2.830858e-01 7.650177e-01 5.784552e-01
    outer loop
      vertex   1.766629e+01 -1.322101e+00 3.612494e+01
      vertex   1.780623e+01 -1.035307e+00 3.581413e+01
      vertex   1.753363e+01 -1.183293e+00 3.587644e+01
    endloop
  endfacet
  facet normal -3.369266e-01 7.338939e-01 5.898137e-01
    outer loop
      vertex   1.766629e+01 -1.322101e+00 3.612494e+01
      vertex   1.753363e+01 -1.183293e+00 3.587644e+01
      vertex   1.740101e+01 -1.485021e+00 3.617612e+01
    endloop
  endfacet
  facet normal -3.369266e-01 7.338939e-01 5.898137e-01
    outer loop
      vertex   1.740101e+01 -1.485021e+00 3.617612e+01
      vertex   1.753363e+01 -1.183293e+00 3.587644e+01
      vertex   1.726760e+01 -1.346670e+00 3.592776e+01
    endloop
  endfacet
  facet normal -3.893456e-01 6.997587e-01 5.989556e-01
    outer loop
      vertex   1.740101e+01 -1.485021e+00 3.617612e+01
      vertex   1.726760e+01 -1.346670e+00 3.592776e+01
      vertex   1.714335e+01 -1.662637e+00 3.621614e+01
    endloop
  endfacet
  facet normal -3.893456e-01 6.997587e-01 5.989556e-01
    outer loop
      vertex   1.714335e+01 -1.662637e+00 3.621614e+01
      vertex   1.726760e+01 -1.346670e+00 3.592776e+01
      vertex   1.700923e+01 -1.524782e+00 3.596790e+01
    endloop
  endfacet
  facet normal -4.401329e-01 6.627487e-01 6.058442e-01
    outer loop
      vertex   1.714335e+01 -1.662637e+00 3.621614e+01
      vertex   1.700923e+01 -1.524782e+00 3.596790e+01
      vertex   1.689435e+01 -1.854236e+00 3.624484e+01
    endloop
  endfacet
  facet normal -4.401329e-01 6.627487e-01 6.058442e-01
    outer loop
      vertex   1.689435e+01 -1.854236e+00 3.624484e+01
      vertex   1.700923e+01 -1.524782e+00 3.596790e+01
      vertex   1.675953e+01 -1.716918e+00 3.599668e+01
    endloop
  endfacet
  facet normal -4.890851e-01 6.230121e-01 6.104521e-01
    outer loop
      vertex   1.689435e+01 -1.854236e+00 3.624484e+01
      vertex   1.675953e+01 -1.716918e+00 3.599668e+01
      vertex   1.665500e+01 -2.059052e+00 3.626211e+01
    endloop
  endfacet
  facet normal -4.890851e-01 6.230121e-01 6.104521e-01
    outer loop
      vertex   1.665500e+01 -2.059052e+00 3.626211e+01
      vertex   1.675953e+01 -1.716918e+00 3.599668e+01
      vertex   1.651951e+01 -1.922308e+00 3.601399e+01
    endloop
  endfacet
  facet normal -5.360061e-01 5.807081e-01 6.127606e-01
    outer loop
      vertex   1.665500e+01 -2.059052e+00 3.626211e+01
      vertex   1.651951e+01 -1.922308e+00 3.601399e+01
      vertex   1.642626e+01 -2.276265e+00 3.626787e+01
    endloop
  endfacet
  facet normal -5.360061e-01 5.807081e-01 6.127606e-01
    outer loop
      vertex   1.642626e+01 -2.276265e+00 3.626787e+01
      vertex   1.651951e+01 -1.922308e+00 3.601399e+01
      vertex   1.629013e+01 -2.140128e+00 3.601977e+01
    endloop
  endfacet
  facet normal -5.807081e-01 5.360061e-01 6.127606e-01
    outer loop
      vertex   1.642626e+01 -2.276265e+00 3.626787e+01
      vertex   1.629013e+01 -2.140128e+00 3.601977e+01
      vertex   1.620905e+01 -2.505004e+00 3.626211e+01
    endloop
  endfacet
  facet normal -5.807081e-01 5.360061e-01 6.127606e-01
    outer loop
      vertex   1.620905e+01 -2.505004e+00 3.626211e+01
      vertex   1.629013e+01 -2.140128e+00 3.601977e+01
      vertex   1.607231e+01 -2.369507e+00 3.601399e+01
    endloop
  endfacet
  facet normal -6.230121e-01 4.890851e-01 6.104521e-01
    outer loop
      vertex   1.620905e+01 -2.505004e+00 3.626211e+01
      vertex   1.607231e+01 -2.369507e+00 3.601399e+01
      vertex   1.600424e+01 -2.744353e+00 3.624484e+01
    endloop
  endfacet
  facet normal -6.230121e-01 4.890851e-01 6.104521e-01
    outer loop
      vertex   1.600424e+01 -2.744353e+00 3.624484e+01
      vertex   1.607231e+01 -2.369507e+00 3.601399e+01
      vertex   1.586692e+01 -2.609527e+00 3.599668e+01
    endloop
  endfacet
  facet normal -6.627487e-01 4.401329e-01 6.058442e-01
    outer loop
      vertex   1.600424e+01 -2.744353e+00 3.624484e+01
      vertex   1.586692e+01 -2.609527e+00 3.599668e+01
      vertex   1.581264e+01 -2.993355e+00 3.621614e+01
    endloop
  endfacet
  facet normal -6.627487e-01 4.401329e-01 6.058442e-01
    outer loop
      vertex   1.581264e+01 -2.993355e+00 3.621614e+01
      vertex   1.586692e+01 -2.609527e+00 3.599668e+01
      vertex   1.567478e+01 -2.859226e+00 3.596790e+01
    endloop
  endfacet
  facet normal -6.997587e-01 3.893456e-01 5.989556e-01
    outer loop
      vertex   1.581264e+01 -2.993355e+00 3.621614e+01
      vertex   1.567478e+01 -2.859226e+00 3.596790e+01
      vertex   1.563502e+01 -3.251012e+00 3.617612e+01
    endloop
  endfacet
  facet normal -6.997587e-01 3.893456e-01 5.989556e-01
    outer loop
      vertex   1.563502e+01 -3.251012e+00 3.617612e+01
      vertex   1.567478e+01 -2.859226e+00 3.596790e+01
      vertex   1.549667e+01 -3.117604e+00 3.592776e+01
    endloop
  endfacet
  facet normal -7.338939e-01 3.369266e-01 5.898137e-01
    outer loop
      vertex   1.563502e+01 -3.251012e+00 3.617612e+01
      vertex   1.549667e+01 -3.117604e+00 3.592776e+01
      vertex   1.547210e+01 -3.516292e+00 3.612494e+01
    endloop
  endfacet
  facet normal -7.338939e-01 3.369266e-01 5.898137e-01
    outer loop
      vertex   1.547210e+01 -3.516292e+00 3.612494e+01
      vertex   1.549667e+01 -3.117604e+00 3.592776e+01
      vertex   1.533329e+01 -3.383626e+00 3.587644e+01
    endloop
  endfacet
  facet normal -7.650177e-01 2.830858e-01 5.784552e-01
    outer loop
      vertex   1.547210e+01 -3.516292e+00 3.612494e+01
      vertex   1.533329e+01 -3.383626e+00 3.587644e+01
      vertex   1.532453e+01 -3.788133e+00 3.606281e+01
    endloop
  endfacet
  facet normal -2.013121e-01 7.635893e-01 6.135184e-01
    outer loop
      vertex   1.835026e+01 -1.198092e+00 3.622737e+01
      vertex   1.821545e+01 -1.042893e+00 3.598997e+01
      vertex   1.807482e+01 -1.328839e+00 3.629971e+01
    endloop
  endfacet
  facet normal -2.013121e-01 7.635893e-01 6.135184e-01
    outer loop
      vertex   1.807482e+01 -1.328839e+00 3.629971e+01
      vertex   1.821545e+01 -1.042893e+00 3.598997e+01
      vertex   1.793813e+01 -1.174528e+00 3.606281e+01
    endloop
  endfacet
  facet normal -2.560971e-01 7.357348e-01 6.269837e-01
    outer loop
      vertex   1.807482e+01 -1.328839e+00 3.629971e+01
      vertex   1.793813e+01 -1.174528e+00 3.606281e+01
      vertex   1.780481e+01 -1.475417e+00 3.636143e+01
    endloop
  endfacet
  facet normal -2.560971e-01 7.357348e-01 6.269837e-01
    outer loop
      vertex   1.780481e+01 -1.475417e+00 3.636143e+01
      vertex   1.793813e+01 -1.174528e+00 3.606281e+01
      vertex   1.766629e+01 -1.322101e+00 3.612494e+01
    endloop
  endfacet
  facet normal -3.096816e-01 7.047592e-01 6.382882e-01
    outer loop
      vertex   1.780481e+01 -1.475417e+00 3.636143e+01
      vertex   1.766629e+01 -1.322101e+00 3.612494e+01
      vertex   1.754132e+01 -1.637239e+00 3.641226e+01
    endloop
  endfacet
  facet normal -3.096816e-01 7.047592e-01 6.382882e-01
    outer loop
      vertex   1.754132e+01 -1.637239e+00 3.641226e+01
      vertex   1.766629e+01 -1.322101e+00 3.612494e+01
      vertex   1.740101e+01 -1.485021e+00 3.617612e+01
    endloop
  endfacet
  facet normal -3.618511e-01 6.707865e-01 6.473865e-01
    outer loop
      vertex   1.754132e+01 -1.637239e+00 3.641226e+01
      vertex   1.740101e+01 -1.485021e+00 3.617612e+01
      vertex   1.728540e+01 -1.813656e+00 3.645201e+01
    endloop
  endfacet
  facet normal -3.618511e-01 6.707865e-01 6.473865e-01
    outer loop
      vertex   1.728540e+01 -1.813656e+00 3.645201e+01
      vertex   1.740101e+01 -1.485021e+00 3.617612e+01
      vertex   1.714335e+01 -1.662637e+00 3.621614e+01
    endloop
  endfacet
  facet normal -4.123966e-01 6.339526e-01 6.542424e-01
    outer loop
      vertex   1.728540e+01 -1.813656e+00 3.645201e+01
      vertex   1.714335e+01 -1.662637e+00 3.621614e+01
      vertex   1.703808e+01 -2.003964e+00 3.648052e+01
    endloop
  endfacet
  facet normal -4.123966e-01 6.339526e-01 6.542424e-01
    outer loop
      vertex   1.703808e+01 -2.003964e+00 3.648052e+01
      vertex   1.714335e+01 -1.662637e+00 3.621614e+01
      vertex   1.689435e+01 -1.854236e+00 3.624484e+01
    endloop
  endfacet
  facet normal -4.611158e-01 5.944053e-01 6.588282e-01
    outer loop
      vertex   1.703808e+01 -2.003964e+00 3.648052e+01
      vertex   1.689435e+01 -1.854236e+00 3.624484e+01
      vertex   1.680034e+01 -2.207398e+00 3.649767e+01
    endloop
  endfacet
  facet normal -4.611158e-01 5.944053e-01 6.588282e-01
    outer loop
      vertex   1.680034e+01 -2.207398e+00 3.649767e+01
      vertex   1.689435e+01 -1.854236e+00 3.624484e+01
      vertex   1.665500e+01 -2.059052e+00 3.626211e+01
    endloop
  endfacet
  facet normal -5.078134e-01 5.523026e-01 6.611258e-01
    outer loop
      vertex   1.680034e+01 -2.207398e+00 3.649767e+01
      vertex   1.665500e+01 -2.059052e+00 3.626211e+01
      vertex   1.657315e+01 -2.423146e+00 3.650340e+01
    endloop
  endfacet
  facet normal -5.078134e-01 5.523026e-01 6.611258e-01
    outer loop
      vertex   1.657315e+01 -2.423146e+00 3.650340e+01
      vertex   1.665500e+01 -2.059052e+00 3.626211e+01
      vertex   1.642626e+01 -2.276265e+00 3.626787e+01
    endloop
  endfacet
  facet normal -5.523026e-01 5.078134e-01 6.611258e-01
    outer loop
      vertex   1.657315e+01 -2.423146e+00 3.650340e+01
      vertex   1.642626e+01 -2.276265e+00 3.626787e+01
      vertex   1.635740e+01 -2.650342e+00 3.649767e+01
    endloop
  endfacet
  facet normal -5.523026e-01 5.078134e-01 6.611258e-01
    outer loop
      vertex   1.635740e+01 -2.650342e+00 3.649767e+01
      vertex   1.642626e+01 -2.276265e+00 3.626787e+01
      vertex   1.620905e+01 -2.505004e+00 3.626211e+01
    endloop
  endfacet
  facet normal -5.944053e-01 4.611158e-01 6.588282e-01
    outer loop
      vertex   1.635740e+01 -2.650342e+00 3.649767e+01
      vertex   1.620905e+01 -2.505004e+00 3.626211e+01
      vertex   1.615396e+01 -2.888077e+00 3.648052e+01
    endloop
  endfacet
  facet normal -5.944053e-01 4.611158e-01 6.588282e-01
    outer loop
      vertex   1.615396e+01 -2.888077e+00 3.648052e+01
      vertex   1.620905e+01 -2.505004e+00 3.626211e+01
      vertex   1.600424e+01 -2.744353e+00 3.624484e+01
    endloop
  endfacet
  facet normal -6.339526e-01 4.123966e-01 6.542424e-01
    outer loop
      vertex   1.615396e+01 -2.888077e+00 3.648052e+01
      vertex   1.600424e+01 -2.744353e+00 3.624484e+01
      vertex   1.596366e+01 -3.135400e+00 3.645201e+01
    endloop
  endfacet
  facet normal -6.339526e-01 4.123966e-01 6.542424e-01
    outer loop
      vertex   1.596366e+01 -3.135400e+00 3.645201e+01
      vertex   1.600424e+01 -2.744353e+00 3.624484e+01
      vertex   1.581264e+01 -2.993355e+00 3.621614e+01
    endloop
  endfacet
  facet normal -6.707865e-01 3.618511e-01 6.473865e-01
    outer loop
      vertex   1.596366e+01 -3.135400e+00 3.645201e+01
      vertex   1.581264e+01 -2.993355e+00 3.621614e+01
      vertex   1.578724e+01 -3.391319e+00 3.641226e+01
    endloop
  endfacet
  facet normal -6.707865e-01 3.618511e-01 6.473865e-01
    outer loop
      vertex   1.578724e+01 -3.391319e+00 3.641226e+01
      vertex   1.581264e+01 -2.993355e+00 3.621614e+01
      vertex   1.563502e+01 -3.251012e+00 3.617612e+01
    endloop
  endfacet
  facet normal -7.047592e-01 3.096816e-01 6.382882e-01
    outer loop
      vertex   1.578724e+01 -3.391319e+00 3.641226e+01
      vertex   1.563502e+01 -3.251012e+00 3.617612e+01
      vertex   1.562542e+01 -3.654810e+00 3.636143e+01
    endloop
  endfacet
  facet normal -7.047592e-01 3.096816e-01 6.382882e-01
    outer loop
      vertex   1.562542e+01 -3.654810e+00 3.636143e+01
      vertex   1.563502e+01 -3.251012e+00 3.617612e+01
      vertex   1.547210e+01 -3.516292e+00 3.612494e+01
    endloop
  endfacet
  facet normal -7.357348e-01 2.560971e-01 6.269837e-01
    outer loop
      vertex   1.562542e+01 -3.654810e+00 3.636143e+01
      vertex   1.547210e+01 -3.516292e+00 3.612494e+01
      vertex   1.547884e+01 -3.924817e+00 3.629971e+01
    endloop
  endfacet
  facet normal -7.357348e-01 2.560971e-01 6.269837e-01
    outer loop
      vertex   1.547884e+01 -3.924817e+00 3.629971e+01
      vertex   1.547210e+01 -3.516292e+00 3.612494e+01
      vertex   1.532453e+01 -3.788133e+00 3.606281e+01
    endloop
  endfacet
  facet normal -7.635893e-01 2.013121e-01 6.135184e-01
    outer loop
      vertex   1.547884e+01 -3.924817e+00 3.629971e+01
      vertex   1.532453e+01 -3.788133e+00 3.606281e+01
      vertex   1.534809e+01 -4.200261e+00 3.622737e+01
    endloop
  endfacet
  facet normal -1.737917e-01 7.311635e-01 6.596941e-01
    outer loop
      vertex   1.848823e+01 -1.368289e+00 3.645235e+01
      vertex   1.835026e+01 -1.198092e+00 3.622737e+01
      vertex   1.821574e+01 -1.497632e+00 3.652392e+01
    endloop
  endfacet
  facet normal -1.737917e-01 7.311635e-01 6.596941e-01
    outer loop
      vertex   1.821574e+01 -1.497632e+00 3.652392e+01
      vertex   1.835026e+01 -1.198092e+00 3.622737e+01
      vertex   1.807482e+01 -1.328839e+00 3.629971e+01
    endloop
  endfacet
  facet normal -2.280988e-01 7.035521e-01 6.730419e-01
    outer loop
      vertex   1.821574e+01 -1.497632e+00 3.652392e+01
      vertex   1.807482e+01 -1.328839e+00 3.629971e+01
      vertex   1.794863e+01 -1.642637e+00 3.658497e+01
    endloop
  endfacet
  facet normal -2.280988e-01 7.035521e-01 6.730419e-01
    outer loop
      vertex   1.794863e+01 -1.642637e+00 3.658497e+01
      vertex   1.807482e+01 -1.328839e+00 3.629971e+01
      vertex   1.780481e+01 -1.475417e+00 3.636143e+01
    endloop
  endfacet
  facet normal -2.812158e-01 6.728467e-01 6.842478e-01
    outer loop
      vertex   1.794863e+01 -1.642637e+00 3.658497e+01
      vertex   1.780481e+01 -1.475417e+00 3.636143e+01
      vertex   1.768797e+01 -1.802721e+00 3.663526e+01
    endloop
  endfacet
  facet normal -2.812158e-01 6.728467e-01 6.842478e-01
    outer loop
      vertex   1.768797e+01 -1.802721e+00 3.663526e+01
      vertex   1.780481e+01 -1.475417e+00 3.636143e+01
      vertex   1.754132e+01 -1.637239e+00 3.641226e+01
    endloop
  endfacet
  facet normal -3.329302e-01 6.391703e-01 6.932668e-01
    outer loop
      vertex   1.768797e+01 -1.802721e+00 3.663526e+01
      vertex   1.754132e+01 -1.637239e+00 3.641226e+01
      vertex   1.743480e+01 -1.977245e+00 3.667459e+01
    endloop
  endfacet
  facet normal -3.329302e-01 6.391703e-01 6.932668e-01
    outer loop
      vertex   1.743480e+01 -1.977245e+00 3.667459e+01
      vertex   1.754132e+01 -1.637239e+00 3.641226e+01
      vertex   1.728540e+01 -1.813656e+00 3.645201e+01
    endloop
  endfacet
  facet normal -3.830347e-01 6.026579e-01 7.000628e-01
    outer loop
      vertex   1.743480e+01 -1.977245e+00 3.667459e+01
      vertex   1.728540e+01 -1.813656e+00 3.645201e+01
      vertex   1.719013e+01 -2.165510e+00 3.670279e+01
    endloop
  endfacet
  facet normal -3.830347e-01 6.026579e-01 7.000628e-01
    outer loop
      vertex   1.719013e+01 -2.165510e+00 3.670279e+01
      vertex   1.728540e+01 -1.813656e+00 3.645201e+01
      vertex   1.703808e+01 -2.003964e+00 3.648052e+01
    endloop
  endfacet
  facet normal -4.313288e-01 5.634555e-01 7.046087e-01
    outer loop
      vertex   1.719013e+01 -2.165510e+00 3.670279e+01
      vertex   1.703808e+01 -2.003964e+00 3.648052e+01
      vertex   1.695495e+01 -2.366761e+00 3.671975e+01
    endloop
  endfacet
  facet normal -4.313288e-01 5.634555e-01 7.046087e-01
    outer loop
      vertex   1.695495e+01 -2.366761e+00 3.671975e+01
      vertex   1.703808e+01 -2.003964e+00 3.648052e+01
      vertex   1.680034e+01 -2.207398e+00 3.649767e+01
    endloop
  endfacet
  facet normal -4.776191e-01 5.217202e-01 7.068862e-01
    outer loop
      vertex   1.695495e+01 -2.366761e+00 3.671975e+01
      vertex   1.680034e+01 -2.207398e+00 3.649767e+01
      vertex   1.673019e+01 -2.580192e+00 3.672542e+01
    endloop
  endfacet
  facet normal -4.776191e-01 5.217202e-01 7.068862e-01
    outer loop
      vertex   1.673019e+01 -2.580192e+00 3.672542e+01
      vertex   1.680034e+01 -2.207398e+00 3.649767e+01
      vertex   1.657315e+01 -2.423146e+00 3.650340e+01
    endloop
  endfacet
  facet normal -5.217202e-01 4.776191e-01 7.068862e-01
    outer loop
      vertex   1.673019e+01 -2.580192e+00 3.672542e+01
      vertex   1.657315e+01 -2.423146e+00 3.650340e+01
      vertex   1.651676e+01 -2.804950e+00 3.671975e+01
    endloop
  endfacet
  facet normal -5.217202e-01 4.776191e-01 7.068862e-01
    outer loop
      vertex   1.651676e+01 -2.804950e+00 3.671975e+01
      vertex   1.657315e+01 -2.423146e+00 3.650340e+01
      vertex   1.635740e+01 -2.650342e+00 3.649767e+01
    endloop
  endfacet
  facet normal -5.634555e-01 4.313288e-01 7.046087e-01
    outer loop
      vertex   1.651676e+01 -2.804950e+00 3.671975e+01
      vertex   1.635740e+01 -2.650342e+00 3.649767e+01
      vertex   1.631551e+01 -3.040133e+00 3.670279e+01
    endloop
  endfacet
  facet normal -5.634555e-01 4.313288e-01 7.046087e-01
    outer loop
      vertex   1.631551e+01 -3.040133e+00 3.670279e+01
      vertex   1.635740e+01 -2.650342e+00 3.649767e+01
      vertex   1.615396e+01 -2.888077e+00 3.648052e+01
    endloop
  endfacet
  facet normal -6.026579e-01 3.830347e-01 7.000628e-01
    outer loop
      vertex   1.631551e+01 -3.040133e+00 3.670279e+01
      vertex   1.615396e+01 -2.888077e+00 3.648052e+01
      vertex   1.612725e+01 -3.284800e+00 3.667459e+01
    endloop
  endfacet
  facet normal -6.026579e-01 3.830347e-01 7.000628e-01
    outer loop
      vertex   1.612725e+01 -3.284800e+00 3.667459e+01
      vertex   1.615396e+01 -2.888077e+00 3.648052e+01
      vertex   1.596366e+01 -3.135400e+00 3.645201e+01
    endloop
  endfacet
  facet normal -6.391703e-01 3.329302e-01 6.932668e-01
    outer loop
      vertex   1.612725e+01 -3.284800e+00 3.667459e+01
      vertex   1.596366e+01 -3.135400e+00 3.645201e+01
      vertex   1.595272e+01 -3.537972e+00 3.663526e+01
    endloop
  endfacet
  facet normal -6.391703e-01 3.329302e-01 6.932668e-01
    outer loop
      vertex   1.595272e+01 -3.537972e+00 3.663526e+01
      vertex   1.596366e+01 -3.135400e+00 3.645201e+01
      vertex   1.578724e+01 -3.391319e+00 3.641226e+01
    endloop
  endfacet
  facet normal -6.728467e-01 2.812158e-01 6.842478e-01
    outer loop
      vertex   1.595272e+01 -3.537972e+00 3.663526e+01
      vertex   1.578724e+01 -3.391319e+00 3.641226e+01
      vertex   1.579264e+01 -3.798635e+00 3.658497e+01
    endloop
  endfacet
  facet normal -6.728467e-01 2.812158e-01 6.842478e-01
    outer loop
      vertex   1.579264e+01 -3.798635e+00 3.658497e+01
      vertex   1.578724e+01 -3.391319e+00 3.641226e+01
      vertex   1.562542e+01 -3.654810e+00 3.636143e+01
    endloop
  endfacet
  facet normal -7.035521e-01 2.280988e-01 6.730419e-01
    outer loop
      vertex   1.579264e+01 -3.798635e+00 3.658497e+01
      vertex   1.562542e+01 -3.654810e+00 3.636143e+01
      vertex   1.564763e+01 -4.065744e+00 3.652392e+01
    endloop
  endfacet
  facet normal -7.035521e-01 2.280988e-01 6.730419e-01
    outer loop
      vertex   1.564763e+01 -4.065744e+00 3.652392e+01
      vertex   1.562542e+01 -3.654810e+00 3.636143e+01
      vertex   1.547884e+01 -3.924817e+00 3.629971e+01
    endloop
  endfacet
  facet normal -7.311635e-01 1.737917e-01 6.596941e-01
    outer loop
      vertex   1.564763e+01 -4.065744e+00 3.652392e+01
      vertex   1.547884e+01 -3.924817e+00 3.629971e+01
      vertex   1.551829e+01 -4.338230e+00 3.645235e+01
    endloop
  endfacet
  facet normal -7.311635e-01 1.737917e-01 6.596941e-01
    outer loop
      vertex   1.551829e+01 -4.338230e+00 3.645235e+01
      vertex   1.547884e+01 -3.924817e+00 3.629971e+01
      vertex   1.534809e+01 -4.200261e+00 3.622737e+01
    endloop
  endfacet
  facet normal -7.555633e-01 1.185295e-01 6.442630e-01
    outer loop
      vertex   1.551829e+01 -4.338230e+00 3.645235e+01
      vertex   1.534809e+01 -4.200261e+00 3.622737e+01
      vertex   1.540519e+01 -4.614828e+00 3.637060e+01
    endloop
  endfacet
  facet normal -1.168054e-01 6.578038e-01 7.440770e-01
    outer loop
      vertex   1.850808e+01 -1.875947e+00 3.693074e+01
      vertex   1.877145e+01 -1.750934e+00 3.686157e+01
      vertex   1.862881e+01 -1.552812e+00 3.666403e+01
    endloop
  endfacet
  facet normal -1.455859e-01 6.958555e-01 7.032709e-01
    outer loop
      vertex   1.862881e+01 -1.552812e+00 3.666403e+01
      vertex   1.848823e+01 -1.368289e+00 3.645235e+01
      vertex   1.836036e+01 -1.680242e+00 3.673454e+01
    endloop
  endfacet
  facet normal -1.455859e-01 6.958555e-01 7.032709e-01
    outer loop
      vertex   1.836036e+01 -1.680242e+00 3.673454e+01
      vertex   1.848823e+01 -1.368289e+00 3.645235e+01
      vertex   1.821574e+01 -1.497632e+00 3.652392e+01
    endloop
  endfacet
  facet normal -1.992009e-01 6.685958e-01 7.164486e-01
    outer loop
      vertex   1.836036e+01 -1.680242e+00 3.673454e+01
      vertex   1.821574e+01 -1.497632e+00 3.652392e+01
      vertex   1.809720e+01 -1.823101e+00 3.679469e+01
    endloop
  endfacet
  facet normal -1.992009e-01 6.685958e-01 7.164486e-01
    outer loop
      vertex   1.809720e+01 -1.823101e+00 3.679469e+01
      vertex   1.821574e+01 -1.497632e+00 3.652392e+01
      vertex   1.794863e+01 -1.642637e+00 3.658497e+01
    endloop
  endfacet
  facet normal -2.516411e-01 6.382817e-01 7.275116e-01
    outer loop
      vertex   1.809720e+01 -1.823101e+00 3.679469e+01
      vertex   1.794863e+01 -1.642637e+00 3.658497e+01
      vertex   1.784039e+01 -1.980817e+00 3.684423e+01
    endloop
  endfacet
  facet normal -2.516411e-01 6.382817e-01 7.275116e-01
    outer loop
      vertex   1.784039e+01 -1.980817e+00 3.684423e+01
      vertex   1.794863e+01 -1.642637e+00 3.658497e+01
      vertex   1.768797e+01 -1.802721e+00 3.663526e+01
    endloop
  endfacet
  facet normal -3.026965e-01 6.050345e-01 7.364157e-01
    outer loop
      vertex   1.784039e+01 -1.980817e+00 3.684423e+01
      vertex   1.768797e+01 -1.802721e+00 3.663526e+01
      vertex   1.759097e+01 -2.152759e+00 3.688298e+01
    endloop
  endfacet
  facet normal -3.026965e-01 6.050345e-01 7.364157e-01
    outer loop
      vertex   1.759097e+01 -2.152759e+00 3.688298e+01
      vertex   1.768797e+01 -1.802721e+00 3.663526e+01
      vertex   1.743480e+01 -1.977245e+00 3.667459e+01
    endloop
  endfacet
  facet normal -3.521626e-01 5.689873e-01 7.431251e-01
    outer loop
      vertex   1.759097e+01 -2.152759e+00 3.688298e+01
      vertex   1.743480e+01 -1.977245e+00 3.667459e+01
      vertex   1.734992e+01 -2.338237e+00 3.691076e+01
    endloop
  endfacet
  facet normal -3.521626e-01 5.689873e-01 7.431251e-01
    outer loop
      vertex   1.734992e+01 -2.338237e+00 3.691076e+01
      vertex   1.743480e+01 -1.977245e+00 3.667459e+01
      vertex   1.719013e+01 -2.165510e+00 3.670279e+01
    endloop
  endfacet
  facet normal -3.998413e-01 5.302844e-01 7.476131e-01
    outer loop
      vertex   1.734992e+01 -2.338237e+00 3.691076e+01
      vertex   1.719013e+01 -2.165510e+00 3.670279e+01
      vertex   1.711822e+01 -2.536511e+00 3.692748e+01
    endloop
  endfacet
  facet normal -3.998413e-01 5.302844e-01 7.476131e-01
    outer loop
      vertex   1.711822e+01 -2.536511e+00 3.692748e+01
      vertex   1.719013e+01 -2.165510e+00 3.670279e+01
      vertex   1.695495e+01 -2.366761e+00 3.671975e+01
    endloop
  endfacet
  facet normal -4.455418e-01 4.890809e-01 7.498616e-01
    outer loop
      vertex   1.711822e+01 -2.536511e+00 3.692748e+01
      vertex   1.695495e+01 -2.366761e+00 3.671975e+01
      vertex   1.689678e+01 -2.746784e+00 3.693306e+01
    endloop
  endfacet
  facet normal -4.455418e-01 4.890809e-01 7.498616e-01
    outer loop
      vertex   1.689678e+01 -2.746784e+00 3.693306e+01
      vertex   1.695495e+01 -2.366761e+00 3.671975e+01
      vertex   1.673019e+01 -2.580192e+00 3.672542e+01
    endloop
  endfacet
  facet normal -4.890809e-01 4.455418e-01 7.498616e-01
    outer loop
      vertex   1.689678e+01 -2.746784e+00 3.693306e+01
      vertex   1.673019e+01 -2.580192e+00 3.672542e+01
      vertex   1.668651e+01 -2.968216e+00 3.692748e+01
    endloop
  endfacet
  facet normal -4.890809e-01 4.455418e-01 7.498616e-01
    outer loop
      vertex   1.668651e+01 -2.968216e+00 3.692748e+01
      vertex   1.673019e+01 -2.580192e+00 3.672542e+01
      vertex   1.651676e+01 -2.804950e+00 3.671975e+01
    endloop
  endfacet
  facet normal -5.302844e-01 3.998413e-01 7.476131e-01
    outer loop
      vertex   1.668651e+01 -2.968216e+00 3.692748e+01
      vertex   1.651676e+01 -2.804950e+00 3.671975e+01
      vertex   1.648824e+01 -3.199920e+00 3.691076e+01
    endloop
  endfacet
  facet normal -5.302844e-01 3.998413e-01 7.476131e-01
    outer loop
      vertex   1.648824e+01 -3.199920e+00 3.691076e+01
      vertex   1.651676e+01 -2.804950e+00 3.671975e+01
      vertex   1.631551e+01 -3.040133e+00 3.670279e+01
    endloop
  endfacet
  facet normal -5.689873e-01 3.521626e-01 7.431251e-01
    outer loop
      vertex   1.648824e+01 -3.199920e+00 3.691076e+01
      vertex   1.631551e+01 -3.040133e+00 3.670279e+01
      vertex   1.630276e+01 -3.440967e+00 3.688298e+01
    endloop
  endfacet
  facet normal -5.689873e-01 3.521626e-01 7.431251e-01
    outer loop
      vertex   1.630276e+01 -3.440967e+00 3.688298e+01
      vertex   1.631551e+01 -3.040133e+00 3.670279e+01
      vertex   1.612725e+01 -3.284800e+00 3.667459e+01
    endloop
  endfacet
  facet normal -6.050345e-01 3.026965e-01 7.364157e-01
    outer loop
      vertex   1.630276e+01 -3.440967e+00 3.688298e+01
      vertex   1.612725e+01 -3.284800e+00 3.667459e+01
      vertex   1.613082e+01 -3.690393e+00 3.684423e+01
    endloop
  endfacet
  facet normal -6.050345e-01 3.026965e-01 7.364157e-01
    outer loop
      vertex   1.613082e+01 -3.690393e+00 3.684423e+01
      vertex   1.612725e+01 -3.284800e+00 3.667459e+01
      vertex   1.595272e+01 -3.537972e+00 3.663526e+01
    endloop
  endfacet
  facet normal -6.382817e-01 2.516411e-01 7.275116e-01
    outer loop
      vertex   1.613082e+01 -3.690393e+00 3.684423e+01
      vertex   1.595272e+01 -3.537972e+00 3.663526e+01
      vertex   1.597310e+01 -3.947198e+00 3.679469e+01
    endloop
  endfacet
  facet normal -6.382817e-01 2.516411e-01 7.275116e-01
    outer loop
      vertex   1.597310e+01 -3.947198e+00 3.679469e+01
      vertex   1.595272e+01 -3.537972e+00 3.663526e+01
      vertex   1.579264e+01 -3.798635e+00 3.658497e+01
    endloop
  endfacet
  facet normal -6.685958e-01 1.992009e-01 7.164486e-01
    outer loop
      vertex   1.597310e+01 -3.947198e+00 3.679469e+01
      vertex   1.579264e+01 -3.798635e+00 3.658497e+01
      vertex   1.583024e+01 -4.210355e+00 3.673454e+01
    endloop
  endfacet
  facet normal -6.685958e-01 1.992009e-01 7.164486e-01
    outer loop
      vertex   1.583024e+01 -4.210355e+00 3.673454e+01
      vertex   1.579264e+01 -3.798635e+00 3.658497e+01
      vertex   1.564763e+01 -4.065744e+00 3.652392e+01
    endloop
  endfacet
  facet normal -6.958555e-01 1.455859e-01 7.032709e-01
    outer loop
      vertex   1.583024e+01 -4.210355e+00 3.673454e+01
      vertex   1.564763e+01 -4.065744e+00 3.652392e+01
      vertex   1.570281e+01 -4.478810e+00 3.666403e+01
    endloop
  endfacet
  facet normal -6.958555e-01 1.455859e-01 7.032709e-01
    outer loop
      vertex   1.570281e+01 -4.478810e+00 3.666403e+01
      vertex   1.564763e+01 -4.065744e+00 3.652392e+01
      vertex   1.551829e+01 -4.338230e+00 3.645235e+01
    endloop
  endfacet
  facet normal -7.199437e-01 9.102923e-02 6.880369e-01
    outer loop
      vertex   1.570281e+01 -4.478810e+00 3.666403e+01
      vertex   1.551829e+01 -4.338230e+00 3.645235e+01
      vertex   1.559139e+01 -4.751301e+00 3.658349e+01
    endloop
  endfacet
  facet normal -7.199452e-01 9.102849e-02 6.880354e-01
    outer loop
      vertex   1.559139e+01 -4.751301e+00 3.658349e+01
      vertex   1.551829e+01 -4.338230e+00 3.645235e+01
      vertex   1.540519e+01 -4.614828e+00 3.637060e+01
    endloop
  endfacet
  facet normal -5.797530e-02 5.740779e-01 8.167457e-01
    outer loop
      vertex   1.881054e+01 -2.303508e+00 3.727687e+01
      vertex   1.906063e+01 -2.184796e+00 3.721118e+01
      vertex   1.891558e+01 -1.961873e+00 3.704419e+01
    endloop
  endfacet
  facet normal -5.797530e-02 5.740779e-01 8.167457e-01
    outer loop
      vertex   1.881054e+01 -2.303508e+00 3.727687e+01
      vertex   1.891558e+01 -1.961873e+00 3.704419e+01
      vertex   1.865834e+01 -2.083976e+00 3.711176e+01
    endloop
  endfacet
  facet normal -1.695171e-01 6.310035e-01 7.570327e-01
    outer loop
      vertex   1.824992e+01 -2.016097e+00 3.698975e+01
      vertex   1.850808e+01 -1.875947e+00 3.693074e+01
      vertex   1.836036e+01 -1.680242e+00 3.673454e+01
    endloop
  endfacet
  facet normal -1.168054e-01 6.578038e-01 7.440770e-01
    outer loop
      vertex   1.836036e+01 -1.680242e+00 3.673454e+01
      vertex   1.850808e+01 -1.875947e+00 3.693074e+01
      vertex   1.862881e+01 -1.552812e+00 3.666403e+01
    endloop
  endfacet
  facet normal -1.695171e-01 6.310035e-01 7.570327e-01
    outer loop
      vertex   1.824992e+01 -2.016097e+00 3.698975e+01
      vertex   1.836036e+01 -1.680242e+00 3.673454e+01
      vertex   1.809720e+01 -1.823101e+00 3.679469e+01
    endloop
  endfacet
  facet normal -1.082613e-01 5.485108e-01 8.291052e-01
    outer loop
      vertex   1.881054e+01 -2.303508e+00 3.727687e+01
      vertex   1.865834e+01 -2.083976e+00 3.711176e+01
      vertex   1.856538e+01 -2.436594e+00 3.733290e+01
    endloop
  endfacet
  facet normal -1.082613e-01 5.485108e-01 8.291052e-01
    outer loop
      vertex   1.856538e+01 -2.436594e+00 3.733290e+01
      vertex   1.865834e+01 -2.083976e+00 3.711176e+01
      vertex   1.840618e+01 -2.220864e+00 3.716939e+01
    endloop
  endfacet
  facet normal -1.574454e-01 5.200789e-01 8.394813e-01
    outer loop
      vertex   1.856538e+01 -2.436594e+00 3.733290e+01
      vertex   1.840618e+01 -2.220864e+00 3.716939e+01
      vertex   1.832615e+01 -2.583521e+00 3.737906e+01
    endloop
  endfacet
  facet normal -1.574454e-01 5.200789e-01 8.394813e-01
    outer loop
      vertex   1.832615e+01 -2.583521e+00 3.737906e+01
      vertex   1.840618e+01 -2.220864e+00 3.716939e+01
      vertex   1.816011e+01 -2.371988e+00 3.721687e+01
    endloop
  endfacet
  facet normal -2.053307e-01 4.888961e-01 8.478325e-01
    outer loop
      vertex   1.832615e+01 -2.583521e+00 3.737906e+01
      vertex   1.816011e+01 -2.371988e+00 3.721687e+01
      vertex   1.809378e+01 -2.743701e+00 3.741515e+01
    endloop
  endfacet
  facet normal -2.053307e-01 4.888961e-01 8.478325e-01
    outer loop
      vertex   1.809378e+01 -2.743701e+00 3.741515e+01
      vertex   1.816011e+01 -2.371988e+00 3.721687e+01
      vertex   1.792111e+01 -2.536744e+00 3.725399e+01
    endloop
  endfacet
  facet normal -2.517254e-01 4.550871e-01 8.541253e-01
    outer loop
      vertex   1.809378e+01 -2.743701e+00 3.741515e+01
      vertex   1.792111e+01 -2.536744e+00 3.725399e+01
      vertex   1.786923e+01 -2.916491e+00 3.744103e+01
    endloop
  endfacet
  facet normal -2.517254e-01 4.550871e-01 8.541253e-01
    outer loop
      vertex   1.786923e+01 -2.916491e+00 3.744103e+01
      vertex   1.792111e+01 -2.536744e+00 3.725399e+01
      vertex   1.769014e+01 -2.714470e+00 3.728061e+01
    endloop
  endfacet
  facet normal -2.964437e-01 4.187874e-01 8.583346e-01
    outer loop
      vertex   1.786923e+01 -2.916491e+00 3.744103e+01
      vertex   1.769014e+01 -2.714470e+00 3.728061e+01
      vertex   1.765337e+01 -3.101201e+00 3.745660e+01
    endloop
  endfacet
  facet normal -2.964437e-01 4.187874e-01 8.583346e-01
    outer loop
      vertex   1.765337e+01 -3.101201e+00 3.745660e+01
      vertex   1.769014e+01 -2.714470e+00 3.728061e+01
      vertex   1.746812e+01 -2.904456e+00 3.729663e+01
    endloop
  endfacet
  facet normal -3.393065e-01 3.801422e-01 8.604435e-01
    outer loop
      vertex   1.765337e+01 -3.101201e+00 3.745660e+01
      vertex   1.746812e+01 -2.904456e+00 3.729663e+01
      vertex   1.744709e+01 -3.297089e+00 3.746180e+01
    endloop
  endfacet
  facet normal -3.393065e-01 3.801422e-01 8.604435e-01
    outer loop
      vertex   1.744709e+01 -3.297089e+00 3.746180e+01
      vertex   1.746812e+01 -2.904456e+00 3.729663e+01
      vertex   1.725594e+01 -3.105941e+00 3.730198e+01
    endloop
  endfacet
  facet normal -3.801422e-01 3.393065e-01 8.604435e-01
    outer loop
      vertex   1.744709e+01 -3.297089e+00 3.746180e+01
      vertex   1.725594e+01 -3.105941e+00 3.730198e+01
      vertex   1.725120e+01 -3.503373e+00 3.745660e+01
    endloop
  endfacet
  facet normal -3.801422e-01 3.393065e-01 8.604435e-01
    outer loop
      vertex   1.725120e+01 -3.503373e+00 3.745660e+01
      vertex   1.725594e+01 -3.105941e+00 3.730198e+01
      vertex   1.705446e+01 -3.318118e+00 3.729663e+01
    endloop
  endfacet
  facet normal -2.210738e-01 6.012001e-01 7.679094e-01
    outer loop
      vertex   1.799798e+01 -2.170822e+00 3.703836e+01
      vertex   1.824992e+01 -2.016097e+00 3.698975e+01
      vertex   1.809720e+01 -1.823101e+00 3.679469e+01
    endloop
  endfacet
  facet normal -2.210738e-01 6.012001e-01 7.679094e-01
    outer loop
      vertex   1.799798e+01 -2.170822e+00 3.703836e+01
      vertex   1.809720e+01 -1.823101e+00 3.679469e+01
      vertex   1.784039e+01 -1.980817e+00 3.684423e+01
    endloop
  endfacet
  facet normal -7.693025e-02 5.039346e-01 8.603090e-01
    outer loop
      vertex   1.881054e+01 -2.303508e+00 3.727687e+01
      vertex   1.856538e+01 -2.436594e+00 3.733290e+01
      vertex   1.872689e+01 -2.662437e+00 3.747963e+01
    endloop
  endfacet
  facet normal -1.246346e-01 4.763581e-01 8.703730e-01
    outer loop
      vertex   1.872689e+01 -2.662437e+00 3.747963e+01
      vertex   1.856538e+01 -2.436594e+00 3.733290e+01
      vertex   1.849543e+01 -2.804587e+00 3.752429e+01
    endloop
  endfacet
  facet normal -9.133077e-02 4.307570e-01 8.978347e-01
    outer loop
      vertex   1.872689e+01 -2.662437e+00 3.747963e+01
      vertex   1.849543e+01 -2.804587e+00 3.752429e+01
      vertex   1.866730e+01 -3.034313e+00 3.765199e+01
    endloop
  endfacet
  facet normal -1.361515e-01 4.015697e-01 9.056515e-01
    outer loop
      vertex   1.866730e+01 -3.034313e+00 3.765199e+01
      vertex   1.849543e+01 -2.804587e+00 3.752429e+01
      vertex   1.845093e+01 -3.183465e+00 3.768560e+01
    endloop
  endfacet
  facet normal -1.006850e-01 3.554400e-01 9.292604e-01
    outer loop
      vertex   1.866730e+01 -3.034313e+00 3.765199e+01
      vertex   1.845093e+01 -3.183465e+00 3.768560e+01
      vertex   1.863400e+01 -3.414538e+00 3.779382e+01
    endloop
  endfacet
  facet normal -1.423660e-01 3.250660e-01 9.349139e-01
    outer loop
      vertex   1.863400e+01 -3.414538e+00 3.779382e+01
      vertex   1.845093e+01 -3.183465e+00 3.768560e+01
      vertex   1.843389e+01 -3.568521e+00 3.781688e+01
    endloop
  endfacet
  facet normal -1.045912e-01 2.789232e-01 9.546007e-01
    outer loop
      vertex   1.863400e+01 -3.414538e+00 3.779382e+01
      vertex   1.843389e+01 -3.568521e+00 3.781688e+01
      vertex   1.862876e+01 -3.798329e+00 3.790538e+01
    endloop
  endfacet
  facet normal -1.429260e-01 2.478052e-01 9.582091e-01
    outer loop
      vertex   1.862876e+01 -3.798329e+00 3.790538e+01
      vertex   1.843389e+01 -3.568521e+00 3.781688e+01
      vertex   1.844579e+01 -3.954896e+00 3.791858e+01
    endloop
  endfacet
  facet normal -1.027450e-01 2.021760e-01 9.739447e-01
    outer loop
      vertex   1.862876e+01 -3.798329e+00 3.790538e+01
      vertex   1.844579e+01 -3.954896e+00 3.791858e+01
      vertex   1.865284e+01 -4.180789e+00 3.798731e+01
    endloop
  endfacet
  facet normal -1.375804e-01 1.707684e-01 9.756586e-01
    outer loop
      vertex   1.865284e+01 -4.180789e+00 3.798731e+01
      vertex   1.844579e+01 -3.954896e+00 3.791858e+01
      vertex   1.848765e+01 -4.337652e+00 3.799148e+01
    endloop
  endfacet
  facet normal -9.494532e-02 1.261837e-01 9.874528e-01
    outer loop
      vertex   1.865284e+01 -4.180789e+00 3.798731e+01
      vertex   1.848765e+01 -4.337652e+00 3.799148e+01
      vertex   1.870698e+01 -4.556978e+00 3.804059e+01
    endloop
  endfacet
  facet normal -1.261837e-01 9.494532e-02 9.874528e-01
    outer loop
      vertex   1.870698e+01 -4.556978e+00 3.804059e+01
      vertex   1.848765e+01 -4.337652e+00 3.799148e+01
      vertex   1.855991e+01 -4.711848e+00 3.803669e+01
    endloop
  endfacet
  facet normal -8.109850e-02 5.193298e-02 9.953522e-01
    outer loop
      vertex   1.870698e+01 -4.556978e+00 3.804059e+01
      vertex   1.855991e+01 -4.711848e+00 3.803669e+01
      vertex   1.879136e+01 -4.921992e+00 3.806651e+01
    endloop
  endfacet
  facet normal -1.246346e-01 4.763581e-01 8.703730e-01
    outer loop
      vertex   1.849543e+01 -2.804587e+00 3.752429e+01
      vertex   1.856538e+01 -2.436594e+00 3.733290e+01
      vertex   1.832615e+01 -2.583521e+00 3.737906e+01
    endloop
  endfacet
  facet normal -5.766490e-02 3.834547e-01 9.217577e-01
    outer loop
      vertex   1.884107e+01 -3.271793e+00 3.776165e+01
      vertex   1.905427e+01 -3.140858e+00 3.772052e+01
      vertex   1.889007e+01 -2.897500e+00 3.760901e+01
    endloop
  endfacet
  facet normal -2.712690e-01 5.685130e-01 7.766634e-01
    outer loop
      vertex   1.775328e+01 -2.339504e+00 3.707637e+01
      vertex   1.799798e+01 -2.170822e+00 3.703836e+01
      vertex   1.784039e+01 -1.980817e+00 3.684423e+01
    endloop
  endfacet
  facet normal -2.712690e-01 5.685130e-01 7.766634e-01
    outer loop
      vertex   1.775328e+01 -2.339504e+00 3.707637e+01
      vertex   1.784039e+01 -1.980817e+00 3.684423e+01
      vertex   1.759097e+01 -2.152759e+00 3.688298e+01
    endloop
  endfacet
  facet normal -1.710793e-01 4.461134e-01 8.784729e-01
    outer loop
      vertex   1.849543e+01 -2.804587e+00 3.752429e+01
      vertex   1.832615e+01 -2.583521e+00 3.737906e+01
      vertex   1.827062e+01 -2.959558e+00 3.755921e+01
    endloop
  endfacet
  facet normal -1.710793e-01 4.461134e-01 8.784729e-01
    outer loop
      vertex   1.827062e+01 -2.959558e+00 3.755921e+01
      vertex   1.832615e+01 -2.583521e+00 3.737906e+01
      vertex   1.809378e+01 -2.743701e+00 3.741515e+01
    endloop
  endfacet
  facet normal -2.160781e-01 4.133216e-01 8.845765e-01
    outer loop
      vertex   1.827062e+01 -2.959558e+00 3.755921e+01
      vertex   1.809378e+01 -2.743701e+00 3.741515e+01
      vertex   1.805337e+01 -3.126731e+00 3.758425e+01
    endloop
  endfacet
  facet normal -2.160781e-01 4.133216e-01 8.845765e-01
    outer loop
      vertex   1.805337e+01 -3.126731e+00 3.758425e+01
      vertex   1.809378e+01 -2.743701e+00 3.741515e+01
      vertex   1.786923e+01 -2.916491e+00 3.744103e+01
    endloop
  endfacet
  facet normal -2.594511e-01 3.781140e-01 8.886591e-01
    outer loop
      vertex   1.805337e+01 -3.126731e+00 3.758425e+01
      vertex   1.786923e+01 -2.916491e+00 3.744103e+01
      vertex   1.784453e+01 -3.305435e+00 3.759931e+01
    endloop
  endfacet
  facet normal -2.594511e-01 3.781140e-01 8.886591e-01
    outer loop
      vertex   1.784453e+01 -3.305435e+00 3.759931e+01
      vertex   1.786923e+01 -2.916491e+00 3.744103e+01
      vertex   1.765337e+01 -3.101201e+00 3.745660e+01
    endloop
  endfacet
  facet normal -3.010243e-01 3.406315e-01 8.907045e-01
    outer loop
      vertex   1.784453e+01 -3.305435e+00 3.759931e+01
      vertex   1.765337e+01 -3.101201e+00 3.745660e+01
      vertex   1.764496e+01 -3.494955e+00 3.760434e+01
    endloop
  endfacet
  facet normal -3.010243e-01 3.406315e-01 8.907045e-01
    outer loop
      vertex   1.764496e+01 -3.494955e+00 3.760434e+01
      vertex   1.765337e+01 -3.101201e+00 3.745660e+01
      vertex   1.744709e+01 -3.297089e+00 3.746180e+01
    endloop
  endfacet
  facet normal -3.406315e-01 3.010243e-01 8.907045e-01
    outer loop
      vertex   1.764496e+01 -3.494955e+00 3.760434e+01
      vertex   1.744709e+01 -3.297089e+00 3.746180e+01
      vertex   1.745544e+01 -3.694533e+00 3.759931e+01
    endloop
  endfacet
  facet normal -3.406315e-01 3.010243e-01 8.907045e-01
    outer loop
      vertex   1.745544e+01 -3.694533e+00 3.759931e+01
      vertex   1.744709e+01 -3.297089e+00 3.746180e+01
      vertex   1.725120e+01 -3.503373e+00 3.745660e+01
    endloop
  endfacet
  facet normal -3.199017e-01 5.330732e-01 7.832598e-01
    outer loop
      vertex   1.751681e+01 -2.521465e+00 3.710362e+01
      vertex   1.775328e+01 -2.339504e+00 3.707637e+01
      vertex   1.759097e+01 -2.152759e+00 3.688298e+01
    endloop
  endfacet
  facet normal -3.199017e-01 5.330732e-01 7.832598e-01
    outer loop
      vertex   1.751681e+01 -2.521465e+00 3.710362e+01
      vertex   1.759097e+01 -2.152759e+00 3.688298e+01
      vertex   1.734992e+01 -2.338237e+00 3.691076e+01
    endloop
  endfacet
  facet normal -1.361515e-01 4.015697e-01 9.056515e-01
    outer loop
      vertex   1.849543e+01 -2.804587e+00 3.752429e+01
      vertex   1.827062e+01 -2.959558e+00 3.755921e+01
      vertex   1.845093e+01 -3.183465e+00 3.768560e+01
    endloop
  endfacet
  facet normal -1.795771e-01 3.699243e-01 9.115416e-01
    outer loop
      vertex   1.845093e+01 -3.183465e+00 3.768560e+01
      vertex   1.827062e+01 -2.959558e+00 3.755921e+01
      vertex   1.824184e+01 -3.344361e+00 3.770970e+01
    endloop
  endfacet
  facet normal -1.423660e-01 3.250660e-01 9.349139e-01
    outer loop
      vertex   1.845093e+01 -3.183465e+00 3.768560e+01
      vertex   1.824184e+01 -3.344361e+00 3.770970e+01
      vertex   1.843389e+01 -3.568521e+00 3.781688e+01
    endloop
  endfacet
  facet normal -1.825409e-01 2.924544e-01 9.386955e-01
    outer loop
      vertex   1.843389e+01 -3.568521e+00 3.781688e+01
      vertex   1.824184e+01 -3.344361e+00 3.770970e+01
      vertex   1.824153e+01 -3.733127e+00 3.783076e+01
    endloop
  endfacet
  facet normal -1.429260e-01 2.478052e-01 9.582091e-01
    outer loop
      vertex   1.843389e+01 -3.568521e+00 3.781688e+01
      vertex   1.824153e+01 -3.733127e+00 3.783076e+01
      vertex   1.844579e+01 -3.954896e+00 3.791858e+01
    endloop
  endfacet
  facet normal -1.796702e-01 2.146767e-01 9.600170e-01
    outer loop
      vertex   1.844579e+01 -3.954896e+00 3.791858e+01
      vertex   1.824153e+01 -3.733127e+00 3.783076e+01
      vertex   1.827094e+01 -4.120940e+00 3.792299e+01
    endloop
  endfacet
  facet normal -1.375804e-01 1.707684e-01 9.756586e-01
    outer loop
      vertex   1.844579e+01 -3.954896e+00 3.791858e+01
      vertex   1.827094e+01 -4.120940e+00 3.792299e+01
      vertex   1.848765e+01 -4.337652e+00 3.799148e+01
    endloop
  endfacet
  facet normal -1.707684e-01 1.375804e-01 9.756586e-01
    outer loop
      vertex   1.848765e+01 -4.337652e+00 3.799148e+01
      vertex   1.827094e+01 -4.120940e+00 3.792299e+01
      vertex   1.833079e+01 -4.502840e+00 3.798731e+01
    endloop
  endfacet
  facet normal -1.261837e-01 9.494532e-02 9.874528e-01
    outer loop
      vertex   1.848765e+01 -4.337652e+00 3.799148e+01
      vertex   1.833079e+01 -4.502840e+00 3.798731e+01
      vertex   1.855991e+01 -4.711848e+00 3.803669e+01
    endloop
  endfacet
  facet normal -1.795771e-01 3.699243e-01 9.115416e-01
    outer loop
      vertex   1.824184e+01 -3.344361e+00 3.770970e+01
      vertex   1.827062e+01 -2.959558e+00 3.755921e+01
      vertex   1.805337e+01 -3.126731e+00 3.758425e+01
    endloop
  endfacet
  facet normal -6.640163e-02 2.316774e-01 9.705238e-01
    outer loop
      vertex   1.882569e+01 -4.032877e+00 3.797484e+01
      vertex   1.900551e+01 -3.894510e+00 3.795412e+01
      vertex   1.881910e+01 -3.651865e+00 3.788344e+01
    endloop
  endfacet
  facet normal -3.667771e-01 4.950224e-01 7.876721e-01
    outer loop
      vertex   1.751681e+01 -2.521465e+00 3.710362e+01
      vertex   1.734992e+01 -2.338237e+00 3.691076e+01
      vertex   1.728950e+01 -2.715978e+00 3.712002e+01
    endloop
  endfacet
  facet normal -3.667771e-01 4.950224e-01 7.876721e-01
    outer loop
      vertex   1.728950e+01 -2.715978e+00 3.712002e+01
      vertex   1.734992e+01 -2.338237e+00 3.691076e+01
      vertex   1.711822e+01 -2.536511e+00 3.692748e+01
    endloop
  endfacet
  facet normal -4.117075e-01 4.545131e-01 7.898827e-01
    outer loop
      vertex   1.728950e+01 -2.715978e+00 3.712002e+01
      vertex   1.711822e+01 -2.536511e+00 3.692748e+01
      vertex   1.707226e+01 -2.922264e+00 3.712550e+01
    endloop
  endfacet
  facet normal -4.117075e-01 4.545131e-01 7.898827e-01
    outer loop
      vertex   1.707226e+01 -2.922264e+00 3.712550e+01
      vertex   1.711822e+01 -2.536511e+00 3.692748e+01
      vertex   1.689678e+01 -2.746784e+00 3.693306e+01
    endloop
  endfacet
  facet normal -4.545131e-01 4.117075e-01 7.898827e-01
    outer loop
      vertex   1.707226e+01 -2.922264e+00 3.712550e+01
      vertex   1.689678e+01 -2.746784e+00 3.693306e+01
      vertex   1.686598e+01 -3.139497e+00 3.712002e+01
    endloop
  endfacet
  facet normal -4.545131e-01 4.117075e-01 7.898827e-01
    outer loop
      vertex   1.686598e+01 -3.139497e+00 3.712002e+01
      vertex   1.689678e+01 -2.746784e+00 3.693306e+01
      vertex   1.668651e+01 -2.968216e+00 3.692748e+01
    endloop
  endfacet
  facet normal -4.950224e-01 3.667771e-01 7.876721e-01
    outer loop
      vertex   1.686598e+01 -3.139497e+00 3.712002e+01
      vertex   1.668651e+01 -2.968216e+00 3.692748e+01
      vertex   1.667147e+01 -3.366807e+00 3.710362e+01
    endloop
  endfacet
  facet normal -4.950224e-01 3.667771e-01 7.876721e-01
    outer loop
      vertex   1.667147e+01 -3.366807e+00 3.710362e+01
      vertex   1.668651e+01 -2.968216e+00 3.692748e+01
      vertex   1.648824e+01 -3.199920e+00 3.691076e+01
    endloop
  endfacet
  facet normal -5.330732e-01 3.199017e-01 7.832598e-01
    outer loop
      vertex   1.667147e+01 -3.366807e+00 3.710362e+01
      vertex   1.648824e+01 -3.199920e+00 3.691076e+01
      vertex   1.648950e+01 -3.603283e+00 3.707637e+01
    endloop
  endfacet
  facet normal -5.330732e-01 3.199017e-01 7.832598e-01
    outer loop
      vertex   1.648950e+01 -3.603283e+00 3.707637e+01
      vertex   1.648824e+01 -3.199920e+00 3.691076e+01
      vertex   1.630276e+01 -3.440967e+00 3.688298e+01
    endloop
  endfacet
  facet normal -5.685130e-01 2.712690e-01 7.766634e-01
    outer loop
      vertex   1.648950e+01 -3.603283e+00 3.707637e+01
      vertex   1.630276e+01 -3.440967e+00 3.688298e+01
      vertex   1.632082e+01 -3.847979e+00 3.703836e+01
    endloop
  endfacet
  facet normal -5.685130e-01 2.712690e-01 7.766634e-01
    outer loop
      vertex   1.632082e+01 -3.847979e+00 3.703836e+01
      vertex   1.630276e+01 -3.440967e+00 3.688298e+01
      vertex   1.613082e+01 -3.690393e+00 3.684423e+01
    endloop
  endfacet
  facet normal -6.012001e-01 2.210738e-01 7.679094e-01
    outer loop
      vertex   1.632082e+01 -3.847979e+00 3.703836e+01
      vertex   1.613082e+01 -3.690393e+00 3.684423e+01
      vertex   1.616610e+01 -4.099915e+00 3.698975e+01
    endloop
  endfacet
  facet normal -6.012001e-01 2.210738e-01 7.679094e-01
    outer loop
      vertex   1.616610e+01 -4.099915e+00 3.698975e+01
      vertex   1.613082e+01 -3.690393e+00 3.684423e+01
      vertex   1.597310e+01 -3.947198e+00 3.679469e+01
    endloop
  endfacet
  facet normal -6.310035e-01 1.695171e-01 7.570327e-01
    outer loop
      vertex   1.616610e+01 -4.099915e+00 3.698975e+01
      vertex   1.597310e+01 -3.947198e+00 3.679469e+01
      vertex   1.602595e+01 -4.358082e+00 3.693074e+01
    endloop
  endfacet
  facet normal -6.310035e-01 1.695171e-01 7.570327e-01
    outer loop
      vertex   1.602595e+01 -4.358082e+00 3.693074e+01
      vertex   1.597310e+01 -3.947198e+00 3.679469e+01
      vertex   1.583024e+01 -4.210355e+00 3.673454e+01
    endloop
  endfacet
  facet normal -6.578038e-01 1.168054e-01 7.440770e-01
    outer loop
      vertex   1.602595e+01 -4.358082e+00 3.693074e+01
      vertex   1.583024e+01 -4.210355e+00 3.673454e+01
      vertex   1.590093e+01 -4.621446e+00 3.686157e+01
    endloop
  endfacet
  facet normal -6.578038e-01 1.168054e-01 7.440770e-01
    outer loop
      vertex   1.590093e+01 -4.621446e+00 3.686157e+01
      vertex   1.583024e+01 -4.210355e+00 3.673454e+01
      vertex   1.570281e+01 -4.478810e+00 3.666403e+01
    endloop
  endfacet
  facet normal -6.814856e-01 6.316933e-02 7.291001e-01
    outer loop
      vertex   1.590093e+01 -4.621446e+00 3.686157e+01
      vertex   1.570281e+01 -4.478810e+00 3.666403e+01
      vertex   1.579163e+01 -4.888756e+00 3.678257e+01
    endloop
  endfacet
  facet normal -6.814872e-01 6.316861e-02 7.290987e-01
    outer loop
      vertex   1.579163e+01 -4.888756e+00 3.678257e+01
      vertex   1.570281e+01 -4.478810e+00 3.666403e+01
      vertex   1.559139e+01 -4.751301e+00 3.658349e+01
    endloop
  endfacet
  facet normal -2.214336e-01 3.359477e-01 9.154815e-01
    outer loop
      vertex   1.824184e+01 -3.344361e+00 3.770970e+01
      vertex   1.805337e+01 -3.126731e+00 3.758425e+01
      vertex   1.804084e+01 -3.516355e+00 3.772420e+01
    endloop
  endfacet
  facet normal -2.214336e-01 3.359477e-01 9.154815e-01
    outer loop
      vertex   1.804084e+01 -3.516355e+00 3.772420e+01
      vertex   1.805337e+01 -3.126731e+00 3.758425e+01
      vertex   1.784453e+01 -3.305435e+00 3.759931e+01
    endloop
  endfacet
  facet normal -2.615533e-01 2.997757e-01 9.174554e-01
    outer loop
      vertex   1.804084e+01 -3.516355e+00 3.772420e+01
      vertex   1.784453e+01 -3.305435e+00 3.759931e+01
      vertex   1.784876e+01 -3.698758e+00 3.772904e+01
    endloop
  endfacet
  facet normal -2.615533e-01 2.997757e-01 9.174554e-01
    outer loop
      vertex   1.784876e+01 -3.698758e+00 3.772904e+01
      vertex   1.784453e+01 -3.305435e+00 3.759931e+01
      vertex   1.764496e+01 -3.494955e+00 3.760434e+01
    endloop
  endfacet
  facet normal -2.997757e-01 2.615533e-01 9.174554e-01
    outer loop
      vertex   1.784876e+01 -3.698758e+00 3.772904e+01
      vertex   1.764496e+01 -3.494955e+00 3.760434e+01
      vertex   1.766635e+01 -3.890842e+00 3.772420e+01
    endloop
  endfacet
  facet normal -2.997757e-01 2.615533e-01 9.174554e-01
    outer loop
      vertex   1.766635e+01 -3.890842e+00 3.772420e+01
      vertex   1.764496e+01 -3.494955e+00 3.760434e+01
      vertex   1.745544e+01 -3.694533e+00 3.759931e+01
    endloop
  endfacet
  facet normal -1.825409e-01 2.924544e-01 9.386955e-01
    outer loop
      vertex   1.824184e+01 -3.344361e+00 3.770970e+01
      vertex   1.804084e+01 -3.516355e+00 3.772420e+01
      vertex   1.824153e+01 -3.733127e+00 3.783076e+01
    endloop
  endfacet
  facet normal -2.210488e-01 2.577356e-01 9.405901e-01
    outer loop
      vertex   1.824153e+01 -3.733127e+00 3.783076e+01
      vertex   1.804084e+01 -3.516355e+00 3.772420e+01
      vertex   1.805769e+01 -3.907695e+00 3.783539e+01
    endloop
  endfacet
  facet normal -1.796702e-01 2.146767e-01 9.600170e-01
    outer loop
      vertex   1.824153e+01 -3.733127e+00 3.783076e+01
      vertex   1.805769e+01 -3.907695e+00 3.783539e+01
      vertex   1.827094e+01 -4.120940e+00 3.792299e+01
    endloop
  endfacet
  facet normal -2.146767e-01 1.796702e-01 9.600170e-01
    outer loop
      vertex   1.827094e+01 -4.120940e+00 3.792299e+01
      vertex   1.805769e+01 -3.907695e+00 3.783539e+01
      vertex   1.810490e+01 -4.295794e+00 3.791858e+01
    endloop
  endfacet
  facet normal -1.707684e-01 1.375804e-01 9.756586e-01
    outer loop
      vertex   1.827094e+01 -4.120940e+00 3.792299e+01
      vertex   1.810490e+01 -4.295794e+00 3.791858e+01
      vertex   1.833079e+01 -4.502840e+00 3.798731e+01
    endloop
  endfacet
  facet normal -2.210488e-01 2.577356e-01 9.405901e-01
    outer loop
      vertex   1.805769e+01 -3.907695e+00 3.783539e+01
      vertex   1.804084e+01 -3.516355e+00 3.772420e+01
      vertex   1.784876e+01 -3.698758e+00 3.772904e+01
    endloop
  endfacet
  facet normal -5.193298e-02 8.109850e-02 9.953522e-01
    outer loop
      vertex   1.892805e+01 -4.778051e+00 3.807014e+01
      vertex   1.907199e+01 -4.641364e+00 3.806651e+01
      vertex   1.886185e+01 -4.409912e+00 3.803669e+01
    endloop
  endfacet
  facet normal -2.577356e-01 2.210488e-01 9.405901e-01
    outer loop
      vertex   1.766635e+01 -3.890842e+00 3.772420e+01
      vertex   1.788313e+01 -4.091526e+00 3.783076e+01
      vertex   1.784876e+01 -3.698758e+00 3.772904e+01
    endloop
  endfacet
  facet normal -2.577356e-01 2.210488e-01 9.405901e-01
    outer loop
      vertex   1.784876e+01 -3.698758e+00 3.772904e+01
      vertex   1.788313e+01 -4.091526e+00 3.783076e+01
      vertex   1.805769e+01 -3.907695e+00 3.783539e+01
    endloop
  endfacet
  facet normal -2.146767e-01 1.796702e-01 9.600170e-01
    outer loop
      vertex   1.788313e+01 -4.091526e+00 3.783076e+01
      vertex   1.810490e+01 -4.295794e+00 3.791858e+01
      vertex   1.805769e+01 -3.907695e+00 3.783539e+01
    endloop
  endfacet
  facet normal -3.699243e-01 1.795771e-01 9.115416e-01
    outer loop
      vertex   1.733347e+01 -4.300934e+00 3.768560e+01
      vertex   1.749436e+01 -4.091835e+00 3.770970e+01
      vertex   1.727673e+01 -3.903368e+00 3.758425e+01
    endloop
  endfacet
  facet normal -4.133216e-01 2.160781e-01 8.845765e-01
    outer loop
      vertex   1.727673e+01 -3.903368e+00 3.758425e+01
      vertex   1.706649e+01 -3.719226e+00 3.744103e+01
      vertex   1.710956e+01 -4.120625e+00 3.755921e+01
    endloop
  endfacet
  facet normal -4.133216e-01 2.160781e-01 8.845765e-01
    outer loop
      vertex   1.710956e+01 -4.120625e+00 3.755921e+01
      vertex   1.706649e+01 -3.719226e+00 3.744103e+01
      vertex   1.689370e+01 -3.943784e+00 3.741515e+01
    endloop
  endfacet
  facet normal -4.461134e-01 1.710793e-01 8.784729e-01
    outer loop
      vertex   1.710956e+01 -4.120625e+00 3.755921e+01
      vertex   1.689370e+01 -3.943784e+00 3.741515e+01
      vertex   1.695459e+01 -4.345433e+00 3.752429e+01
    endloop
  endfacet
  facet normal -4.461134e-01 1.710793e-01 8.784729e-01
    outer loop
      vertex   1.695459e+01 -4.345433e+00 3.752429e+01
      vertex   1.689370e+01 -3.943784e+00 3.741515e+01
      vertex   1.673352e+01 -4.176147e+00 3.737906e+01
    endloop
  endfacet
  facet normal -4.763581e-01 1.246346e-01 8.703730e-01
    outer loop
      vertex   1.695459e+01 -4.345433e+00 3.752429e+01
      vertex   1.673352e+01 -4.176147e+00 3.737906e+01
      vertex   1.681244e+01 -4.576893e+00 3.747963e+01
    endloop
  endfacet
  facet normal -4.763581e-01 1.246346e-01 8.703730e-01
    outer loop
      vertex   1.681244e+01 -4.576893e+00 3.747963e+01
      vertex   1.673352e+01 -4.176147e+00 3.737906e+01
      vertex   1.658659e+01 -4.415385e+00 3.733290e+01
    endloop
  endfacet
  facet normal -5.039346e-01 7.693025e-02 8.603090e-01
    outer loop
      vertex   1.681244e+01 -4.576893e+00 3.747963e+01
      vertex   1.658659e+01 -4.415385e+00 3.733290e+01
      vertex   1.668368e+01 -4.814077e+00 3.742542e+01
    endloop
  endfacet
  facet normal -5.039346e-01 7.693025e-02 8.603090e-01
    outer loop
      vertex   1.668368e+01 -4.814077e+00 3.742542e+01
      vertex   1.658659e+01 -4.415385e+00 3.733290e+01
      vertex   1.645351e+01 -4.660539e+00 3.727687e+01
    endloop
  endfacet
  facet normal -2.316774e-01 6.640163e-02 9.705238e-01
    outer loop
      vertex   1.804451e+01 -4.855512e+00 3.795412e+01
      vertex   1.818288e+01 -4.675691e+00 3.797484e+01
      vertex   1.794833e+01 -4.478760e+00 3.790538e+01
    endloop
  endfacet
  facet normal -2.316774e-01 6.640163e-02 9.705238e-01
    outer loop
      vertex   1.804451e+01 -4.855512e+00 3.795412e+01
      vertex   1.794833e+01 -4.478760e+00 3.790538e+01
      vertex   1.780186e+01 -4.669104e+00 3.788344e+01
    endloop
  endfacet
  facet normal -4.015697e-01 1.361515e-01 9.056515e-01
    outer loop
      vertex   1.733347e+01 -4.300934e+00 3.768560e+01
      vertex   1.710956e+01 -4.120625e+00 3.755921e+01
      vertex   1.718431e+01 -4.517301e+00 3.765199e+01
    endloop
  endfacet
  facet normal -4.015697e-01 1.361515e-01 9.056515e-01
    outer loop
      vertex   1.718431e+01 -4.517301e+00 3.765199e+01
      vertex   1.710956e+01 -4.120625e+00 3.755921e+01
      vertex   1.695459e+01 -4.345433e+00 3.752429e+01
    endloop
  endfacet
  facet normal -4.307570e-01 9.133077e-02 8.978347e-01
    outer loop
      vertex   1.718431e+01 -4.517301e+00 3.765199e+01
      vertex   1.695459e+01 -4.345433e+00 3.752429e+01
      vertex   1.704750e+01 -4.740070e+00 3.760901e+01
    endloop
  endfacet
  facet normal -4.307570e-01 9.133077e-02 8.978347e-01
    outer loop
      vertex   1.704750e+01 -4.740070e+00 3.760901e+01
      vertex   1.695459e+01 -4.345433e+00 3.752429e+01
      vertex   1.681244e+01 -4.576893e+00 3.747963e+01
    endloop
  endfacet
  facet normal -4.573693e-01 4.529426e-02 8.881226e-01
    outer loop
      vertex   1.704750e+01 -4.740070e+00 3.760901e+01
      vertex   1.681244e+01 -4.576893e+00 3.747963e+01
      vertex   1.692358e+01 -4.968348e+00 3.755683e+01
    endloop
  endfacet
  facet normal -4.573693e-01 4.529426e-02 8.881226e-01
    outer loop
      vertex   1.692358e+01 -4.968348e+00 3.755683e+01
      vertex   1.681244e+01 -4.576893e+00 3.747963e+01
      vertex   1.668368e+01 -4.814077e+00 3.742542e+01
    endloop
  endfacet
  facet normal -3.699243e-01 1.795771e-01 9.115416e-01
    outer loop
      vertex   1.710956e+01 -4.120625e+00 3.755921e+01
      vertex   1.733347e+01 -4.300934e+00 3.768560e+01
      vertex   1.727673e+01 -3.903368e+00 3.758425e+01
    endloop
  endfacet
  facet normal -8.264654e-01 5.569231e-01 8.241188e-02
    outer loop
      vertex   1.509762e+01 -2.083747e+00 3.335146e+01
      vertex   1.494598e+01 -2.303726e+00 3.331729e+01
      vertex   1.494214e+01 -2.355252e+00 3.362705e+01
    endloop
  endfacet
  facet normal -8.561061e-01 5.114058e-01 7.447366e-02
    outer loop
      vertex   1.494214e+01 -2.355252e+00 3.362705e+01
      vertex   1.494598e+01 -2.303726e+00 3.331729e+01
      vertex   1.479794e+01 -2.590055e+00 3.358175e+01
    endloop
  endfacet
  facet normal -8.556951e-01 4.992682e-01 1.360780e-01
    outer loop
      vertex   1.494214e+01 -2.355252e+00 3.362705e+01
      vertex   1.479794e+01 -2.590055e+00 3.358175e+01
      vertex   1.480617e+01 -2.659404e+00 3.388792e+01
    endloop
  endfacet
  facet normal -8.836403e-01 4.509259e-01 1.258795e-01
    outer loop
      vertex   1.480617e+01 -2.659404e+00 3.388792e+01
      vertex   1.479794e+01 -2.590055e+00 3.358175e+01
      vertex   1.467144e+01 -2.907587e+00 3.383120e+01
    endloop
  endfacet
  facet normal -8.806650e-01 4.354208e-01 1.866490e-01
    outer loop
      vertex   1.480617e+01 -2.659404e+00 3.388792e+01
      vertex   1.467144e+01 -2.907587e+00 3.383120e+01
      vertex   1.469322e+01 -2.992761e+00 3.413268e+01
    endloop
  endfacet
  facet normal -9.065221e-01 3.845643e-01 1.741493e-01
    outer loop
      vertex   1.469322e+01 -2.992761e+00 3.413268e+01
      vertex   1.467144e+01 -2.907587e+00 3.383120e+01
      vertex   1.456985e+01 -3.252667e+00 3.406441e+01
    endloop
  endfacet
  facet normal -9.007011e-01 3.661128e-01 2.338779e-01
    outer loop
      vertex   1.469322e+01 -2.992761e+00 3.413268e+01
      vertex   1.456985e+01 -3.252667e+00 3.406441e+01
      vertex   1.460651e+01 -3.351460e+00 3.436024e+01
    endloop
  endfacet
  facet normal -9.241081e-01 3.130985e-01 2.190742e-01
    outer loop
      vertex   1.460651e+01 -3.351460e+00 3.436024e+01
      vertex   1.456985e+01 -3.252667e+00 3.406441e+01
      vertex   1.449622e+01 -3.621187e+00 3.428052e+01
    endloop
  endfacet
  facet normal -9.151982e-01 2.921617e-01 2.775858e-01
    outer loop
      vertex   1.460651e+01 -3.351460e+00 3.436024e+01
      vertex   1.449622e+01 -3.621187e+00 3.428052e+01
      vertex   1.454888e+01 -3.731195e+00 3.456991e+01
    endloop
  endfacet
  facet normal -9.358380e-01 2.373638e-01 2.605105e-01
    outer loop
      vertex   1.454888e+01 -3.731195e+00 3.456991e+01
      vertex   1.449622e+01 -3.621187e+00 3.428052e+01
      vertex   1.445311e+01 -4.008929e+00 3.447893e+01
    endloop
  endfacet
  facet normal -9.236382e-01 2.144344e-01 3.176638e-01
    outer loop
      vertex   1.454888e+01 -3.731195e+00 3.456991e+01
      vertex   1.445311e+01 -4.008929e+00 3.447893e+01
      vertex   1.452264e+01 -4.127642e+00 3.476122e+01
    endloop
  endfacet
  facet normal -9.412352e-01 1.582639e-01 2.983770e-01
    outer loop
      vertex   1.452264e+01 -4.127642e+00 3.476122e+01
      vertex   1.445311e+01 -4.008929e+00 3.447893e+01
      vertex   1.444273e+01 -4.411055e+00 3.465947e+01
    endloop
  endfacet
  facet normal -9.255922e-01 1.338610e-01 3.540625e-01
    outer loop
      vertex   1.452264e+01 -4.127642e+00 3.476122e+01
      vertex   1.444273e+01 -4.411055e+00 3.465947e+01
      vertex   1.452978e+01 -4.535803e+00 3.493421e+01
    endloop
  endfacet
  facet normal -8.561061e-01 5.114058e-01 7.447366e-02
    outer loop
      vertex   1.494598e+01 -2.303726e+00 3.331729e+01
      vertex   1.480688e+01 -2.530214e+00 3.327359e+01
      vertex   1.479794e+01 -2.590055e+00 3.358175e+01
    endloop
  endfacet
  facet normal -8.831320e-01 4.646540e-01 6.461067e-02
    outer loop
      vertex   1.479794e+01 -2.590055e+00 3.358175e+01
      vertex   1.480688e+01 -2.530214e+00 3.327359e+01
      vertex   1.466732e+01 -2.830666e+00 3.352675e+01
    endloop
  endfacet
  facet normal -8.836403e-01 4.509259e-01 1.258795e-01
    outer loop
      vertex   1.479794e+01 -2.590055e+00 3.358175e+01
      vertex   1.466732e+01 -2.830666e+00 3.352675e+01
      vertex   1.467144e+01 -2.907587e+00 3.383120e+01
    endloop
  endfacet
  facet normal -9.087697e-01 4.015006e-01 1.137315e-01
    outer loop
      vertex   1.467144e+01 -2.907587e+00 3.383120e+01
      vertex   1.466732e+01 -2.830666e+00 3.352675e+01
      vertex   1.455126e+01 -3.160766e+00 3.376470e+01
    endloop
  endfacet
  facet normal -9.065221e-01 3.845643e-01 1.741493e-01
    outer loop
      vertex   1.467144e+01 -2.907587e+00 3.383120e+01
      vertex   1.455126e+01 -3.160766e+00 3.376470e+01
      vertex   1.456985e+01 -3.252667e+00 3.406441e+01
    endloop
  endfacet
  facet normal -9.293766e-01 3.328011e-01 1.596949e-01
    outer loop
      vertex   1.456985e+01 -3.252667e+00 3.406441e+01
      vertex   1.455126e+01 -3.160766e+00 3.376470e+01
      vertex   1.446193e+01 -3.516619e+00 3.398639e+01
    endloop
  endfacet
  facet normal -9.241089e-01 3.130976e-01 2.190724e-01
    outer loop
      vertex   1.456985e+01 -3.252667e+00 3.406441e+01
      vertex   1.446193e+01 -3.516619e+00 3.398639e+01
      vertex   1.449622e+01 -3.621187e+00 3.428052e+01
    endloop
  endfacet
  facet normal -9.443503e-01 2.593576e-01 2.023267e-01
    outer loop
      vertex   1.449622e+01 -3.621187e+00 3.428052e+01
      vertex   1.446193e+01 -3.516619e+00 3.398639e+01
      vertex   1.440211e+01 -3.894125e+00 3.419111e+01
    endloop
  endfacet
  facet normal -9.358387e-01 2.373629e-01 2.605086e-01
    outer loop
      vertex   1.449622e+01 -3.621187e+00 3.428052e+01
      vertex   1.440211e+01 -3.894125e+00 3.419111e+01
      vertex   1.445311e+01 -4.008929e+00 3.447893e+01
    endloop
  endfacet
  facet normal -9.531689e-01 1.820437e-01 2.415141e-01
    outer loop
      vertex   1.445311e+01 -4.008929e+00 3.447893e+01
      vertex   1.440211e+01 -3.894125e+00 3.419111e+01
      vertex   1.437425e+01 -4.288630e+00 3.437851e+01
    endloop
  endfacet
  facet normal -9.412352e-01 1.582639e-01 2.983770e-01
    outer loop
      vertex   1.445311e+01 -4.008929e+00 3.447893e+01
      vertex   1.437425e+01 -4.288630e+00 3.437851e+01
      vertex   1.444273e+01 -4.411055e+00 3.465947e+01
    endloop
  endfacet
  facet normal -8.831320e-01 4.646540e-01 6.461067e-02
    outer loop
      vertex   1.480688e+01 -2.530214e+00 3.327359e+01
      vertex   1.468089e+01 -2.762303e+00 3.322055e+01
      vertex   1.466732e+01 -2.830666e+00 3.352675e+01
    endloop
  endfacet
  facet normal -9.074347e-01 4.168548e-01 5.286238e-02
    outer loop
      vertex   1.466732e+01 -2.830666e+00 3.352675e+01
      vertex   1.468089e+01 -2.762303e+00 3.322055e+01
      vertex   1.455081e+01 -3.076121e+00 3.346228e+01
    endloop
  endfacet
  facet normal -9.087697e-01 4.015006e-01 1.137315e-01
    outer loop
      vertex   1.466732e+01 -2.830666e+00 3.352675e+01
      vertex   1.455081e+01 -3.076121e+00 3.346228e+01
      vertex   1.455126e+01 -3.160766e+00 3.376470e+01
    endloop
  endfacet
  facet normal -9.309816e-01 3.511928e-01 9.968356e-02
    outer loop
      vertex   1.455126e+01 -3.160766e+00 3.376470e+01
      vertex   1.455081e+01 -3.076121e+00 3.346228e+01
      vertex   1.444612e+01 -3.417901e+00 3.368870e+01
    endloop
  endfacet
  facet normal -9.293773e-01 3.328002e-01 1.596932e-01
    outer loop
      vertex   1.455126e+01 -3.160766e+00 3.376470e+01
      vertex   1.444612e+01 -3.417901e+00 3.368870e+01
      vertex   1.446193e+01 -3.516619e+00 3.398639e+01
    endloop
  endfacet
  facet normal -9.491406e-01 2.803300e-01 1.433430e-01
    outer loop
      vertex   1.446193e+01 -3.516619e+00 3.398639e+01
      vertex   1.444612e+01 -3.417901e+00 3.368870e+01
      vertex   1.436984e+01 -3.783685e+00 3.389891e+01
    endloop
  endfacet
  facet normal -9.443510e-01 2.593567e-01 2.023248e-01
    outer loop
      vertex   1.446193e+01 -3.516619e+00 3.398639e+01
      vertex   1.436984e+01 -3.783685e+00 3.389891e+01
      vertex   1.440211e+01 -3.894125e+00 3.419111e+01
    endloop
  endfacet
  facet normal -9.613462e-01 2.051068e-01 1.836974e-01
    outer loop
      vertex   1.440211e+01 -3.894125e+00 3.419111e+01
      vertex   1.436984e+01 -3.783685e+00 3.389891e+01
      vertex   1.432460e+01 -4.169011e+00 3.409242e+01
    endloop
  endfacet
  facet normal -9.531689e-01 1.820437e-01 2.415141e-01
    outer loop
      vertex   1.440211e+01 -3.894125e+00 3.419111e+01
      vertex   1.432460e+01 -4.169011e+00 3.409242e+01
      vertex   1.437425e+01 -4.288630e+00 3.437851e+01
    endloop
  endfacet
  facet normal -9.074347e-01 4.168548e-01 5.286238e-02
    outer loop
      vertex   1.468089e+01 -2.762303e+00 3.322055e+01
      vertex   1.456850e+01 -2.999065e+00 3.315836e+01
      vertex   1.455081e+01 -3.076121e+00 3.346228e+01
    endloop
  endfacet
  facet normal -9.289163e-01 3.682008e-01 3.927622e-02
    outer loop
      vertex   1.455081e+01 -3.076121e+00 3.346228e+01
      vertex   1.456850e+01 -2.999065e+00 3.315836e+01
      vertex   1.444888e+01 -3.325423e+00 3.338860e+01
    endloop
  endfacet
  facet normal -9.309822e-01 3.511918e-01 9.968189e-02
    outer loop
      vertex   1.455081e+01 -3.076121e+00 3.346228e+01
      vertex   1.444888e+01 -3.325423e+00 3.338860e+01
      vertex   1.444612e+01 -3.417901e+00 3.368870e+01
    endloop
  endfacet
  facet normal -9.501894e-01 3.001983e-01 8.379173e-02
    outer loop
      vertex   1.444612e+01 -3.417901e+00 3.368870e+01
      vertex   1.444888e+01 -3.325423e+00 3.338860e+01
      vertex   1.435642e+01 -3.678042e+00 3.360348e+01
    endloop
  endfacet
  facet normal -9.491411e-01 2.803291e-01 1.433413e-01
    outer loop
      vertex   1.444612e+01 -3.417901e+00 3.368870e+01
      vertex   1.435642e+01 -3.678042e+00 3.360348e+01
      vertex   1.436984e+01 -3.783685e+00 3.389891e+01
    endloop
  endfacet
  facet normal -9.657343e-01 2.273623e-01 1.251544e-01
    outer loop
      vertex   1.436984e+01 -3.783685e+00 3.389891e+01
      vertex   1.435642e+01 -3.678042e+00 3.360348e+01
      vertex   1.429399e+01 -4.052671e+00 3.380234e+01
    endloop
  endfacet
  facet normal -9.613462e-01 2.051068e-01 1.836974e-01
    outer loop
      vertex   1.436984e+01 -3.783685e+00 3.389891e+01
      vertex   1.429399e+01 -4.052671e+00 3.380234e+01
      vertex   1.432460e+01 -4.169011e+00 3.409242e+01
    endloop
  endfacet
  facet normal -9.289168e-01 3.681999e-01 3.927464e-02
    outer loop
      vertex   1.447017e+01 -3.239550e+00 3.308728e+01
      vertex   1.444888e+01 -3.325423e+00 3.338860e+01
      vertex   1.456850e+01 -2.999065e+00 3.315836e+01
    endloop
  endfacet
  facet normal -9.853379e-01 9.591768e-02 1.410994e-01
    outer loop
      vertex   1.422046e+01 -4.720913e+00 3.386854e+01
      vertex   1.426400e+01 -4.444801e+00 3.398483e+01
      vertex   1.423469e+01 -4.322541e+00 3.369705e+01
    endloop
  endfacet
  facet normal -9.891629e-01 1.207293e-01 8.355336e-02
    outer loop
      vertex   1.423469e+01 -4.322541e+00 3.369705e+01
      vertex   1.422477e+01 -4.202954e+00 3.340685e+01
      vertex   1.419206e+01 -4.592963e+00 3.358316e+01
    endloop
  endfacet
  facet normal -9.891673e-01 1.207153e-01 8.352150e-02
    outer loop
      vertex   1.419206e+01 -4.592963e+00 3.358316e+01
      vertex   1.422477e+01 -4.202954e+00 3.340685e+01
      vertex   1.418322e+01 -4.466608e+00 3.329580e+01
    endloop
  endfacet
  facet normal -9.958886e-01 6.755295e-02 6.035232e-02
    outer loop
      vertex   1.419206e+01 -4.592963e+00 3.358316e+01
      vertex   1.418322e+01 -4.466608e+00 3.329580e+01
      vertex   1.416657e+01 -4.860614e+00 3.346208e+01
    endloop
  endfacet
  facet normal -9.958915e-01 6.753949e-02 6.032015e-02
    outer loop
      vertex   1.416657e+01 -4.860614e+00 3.346208e+01
      vertex   1.418322e+01 -4.466608e+00 3.329580e+01
      vertex   1.415841e+01 -4.727102e+00 3.317795e+01
    endloop
  endfacet
  facet normal -9.922309e-01 4.144027e-02 1.173055e-01
    outer loop
      vertex   1.416657e+01 -4.860614e+00 3.346208e+01
      vertex   1.419438e+01 -4.994676e+00 3.374470e+01
      vertex   1.419206e+01 -4.592963e+00 3.358316e+01
    endloop
  endfacet
  facet normal -9.922264e-01 4.145371e-02 1.173389e-01
    outer loop
      vertex   1.419206e+01 -4.592963e+00 3.358316e+01
      vertex   1.419438e+01 -4.994676e+00 3.374470e+01
      vertex   1.422046e+01 -4.720913e+00 3.386854e+01
    endloop
  endfacet
  facet normal -9.853440e-01 9.590370e-02 1.410664e-01
    outer loop
      vertex   1.419206e+01 -4.592963e+00 3.358316e+01
      vertex   1.422046e+01 -4.720913e+00 3.386854e+01
      vertex   1.423469e+01 -4.322541e+00 3.369705e+01
    endloop
  endfacet
  facet normal -2.910317e-02 3.762081e-01 9.260780e-01
    outer loop
      vertex   1.915000e+01 -5.000000e+00 3.808000e+01
      vertex   1.883605e+01 -5.000000e+00 3.807013e+01
      vertex   1.890466e+01 -5.004154e+00 3.807398e+01
    endloop
  endfacet
  facet normal -6.470752e-02 -1.569790e-01 9.854798e-01
    outer loop
      vertex   1.890466e+01 -5.004154e+00 3.807398e+01
      vertex   1.883605e+01 -5.000000e+00 3.807013e+01
      vertex   1.865991e+01 -5.016604e+00 3.805592e+01
    endloop
  endfacet
  facet normal -9.311753e-02 1.447253e-01 9.850806e-01
    outer loop
      vertex   1.865991e+01 -5.016604e+00 3.805592e+01
      vertex   1.883605e+01 -5.000000e+00 3.807013e+01
      vertex   1.852333e+01 -5.000000e+00 3.804057e+01
    endloop
  endfacet
  facet normal -1.178377e-01 -5.254642e-02 9.916416e-01
    outer loop
      vertex   1.865991e+01 -5.016604e+00 3.805592e+01
      vertex   1.852333e+01 -5.000000e+00 3.804057e+01
      vertex   1.841635e+01 -5.037322e+00 3.802588e+01
    endloop
  endfacet
  facet normal -1.561569e-01 5.954318e-02 9.859359e-01
    outer loop
      vertex   1.841635e+01 -5.037322e+00 3.802588e+01
      vertex   1.852333e+01 -5.000000e+00 3.804057e+01
      vertex   1.821309e+01 -5.000000e+00 3.799144e+01
    endloop
  endfacet
  facet normal -1.694211e-01 -1.313492e-02 9.854562e-01
    outer loop
      vertex   1.841635e+01 -5.037322e+00 3.802588e+01
      vertex   1.821309e+01 -5.000000e+00 3.799144e+01
      vertex   1.817455e+01 -5.066258e+00 3.798393e+01
    endloop
  endfacet
  facet normal -2.181143e-01 1.628802e-02 9.757873e-01
    outer loop
      vertex   1.817455e+01 -5.066258e+00 3.798393e+01
      vertex   1.821309e+01 -5.000000e+00 3.799144e+01
      vertex   1.790655e+01 -5.000000e+00 3.792292e+01
    endloop
  endfacet
  facet normal -2.202021e-01 7.509931e-03 9.754254e-01
    outer loop
      vertex   1.817455e+01 -5.066258e+00 3.798393e+01
      vertex   1.790655e+01 -5.000000e+00 3.792292e+01
      vertex   1.793510e+01 -5.103341e+00 3.793016e+01
    endloop
  endfacet
  facet normal -2.656712e-01 -5.848515e-03 9.640459e-01
    outer loop
      vertex   1.793510e+01 -5.103341e+00 3.793016e+01
      vertex   1.790655e+01 -5.000000e+00 3.792292e+01
      vertex   1.769858e+01 -5.148482e+00 3.786470e+01
    endloop
  endfacet
  facet normal -2.789627e-01 1.427792e-02 9.601958e-01
    outer loop
      vertex   1.769858e+01 -5.148482e+00 3.786470e+01
      vertex   1.790655e+01 -5.000000e+00 3.792292e+01
      vertex   1.760492e+01 -5.000000e+00 3.783528e+01
    endloop
  endfacet
  facet normal -3.119202e-01 -8.517766e-03 9.500701e-01
    outer loop
      vertex   1.769858e+01 -5.148482e+00 3.786470e+01
      vertex   1.760492e+01 -5.000000e+00 3.783528e+01
      vertex   1.746555e+01 -5.201572e+00 3.778772e+01
    endloop
  endfacet
  facet normal -3.387127e-01 1.219105e-02 9.408108e-01
    outer loop
      vertex   1.746555e+01 -5.201572e+00 3.778772e+01
      vertex   1.760492e+01 -5.000000e+00 3.783528e+01
      vertex   1.730938e+01 -5.000000e+00 3.772888e+01
    endloop
  endfacet
  facet normal -3.586404e-01 -5.394023e-03 9.334602e-01
    outer loop
      vertex   1.746555e+01 -5.201572e+00 3.778772e+01
      vertex   1.730938e+01 -5.000000e+00 3.772888e+01
      vertex   1.723658e+01 -5.262484e+00 3.769940e+01
    endloop
  endfacet
  facet normal -3.971380e-01 7.049237e-03 9.177318e-01
    outer loop
      vertex   1.723658e+01 -5.262484e+00 3.769940e+01
      vertex   1.730938e+01 -5.000000e+00 3.772888e+01
      vertex   1.702110e+01 -5.000000e+00 3.760414e+01
    endloop
  endfacet
  facet normal -4.050612e-01 -7.044695e-04 9.142893e-01
    outer loop
      vertex   1.723658e+01 -5.262484e+00 3.769940e+01
      vertex   1.702110e+01 -5.000000e+00 3.760414e+01
      vertex   1.701222e+01 -5.331071e+00 3.759995e+01
    endloop
  endfacet
  facet normal -4.498228e-01 7.638614e-04 8.931175e-01
    outer loop
      vertex   1.701222e+01 -5.331071e+00 3.759995e+01
      vertex   1.702110e+01 -5.000000e+00 3.760414e+01
      vertex   1.679302e+01 -5.407168e+00 3.748961e+01
    endloop
  endfacet
  facet normal -4.539874e-01 3.692309e-03 8.910005e-01
    outer loop
      vertex   1.679302e+01 -5.407168e+00 3.748961e+01
      vertex   1.702110e+01 -5.000000e+00 3.760414e+01
      vertex   1.674123e+01 -5.000000e+00 3.746153e+01
    endloop
  endfacet
  facet normal -4.921357e-01 -2.571913e-03 8.705147e-01
    outer loop
      vertex   1.679302e+01 -5.407168e+00 3.748961e+01
      vertex   1.674123e+01 -5.000000e+00 3.746153e+01
      vertex   1.657949e+01 -5.490591e+00 3.736864e+01
    endloop
  endfacet
  facet normal -5.090354e-01 4.852160e-03 8.607319e-01
    outer loop
      vertex   1.657949e+01 -5.490591e+00 3.736864e+01
      vertex   1.674123e+01 -5.000000e+00 3.746153e+01
      vertex   1.647087e+01 -5.000000e+00 3.730164e+01
    endloop
  endfacet
  facet normal -5.341236e-01 -2.796274e-03 8.454018e-01
    outer loop
      vertex   1.657949e+01 -5.490591e+00 3.736864e+01
      vertex   1.647087e+01 -5.000000e+00 3.730164e+01
      vertex   1.637215e+01 -5.581139e+00 3.723735e+01
    endloop
  endfacet
  facet normal -5.620789e-01 3.980058e-03 8.270740e-01
    outer loop
      vertex   1.637215e+01 -5.581139e+00 3.723735e+01
      vertex   1.647087e+01 -5.000000e+00 3.730164e+01
      vertex   1.621107e+01 -5.000000e+00 3.712508e+01
    endloop
  endfacet
  facet normal -5.753327e-01 -1.462227e-03 8.179182e-01
    outer loop
      vertex   1.637215e+01 -5.581139e+00 3.723735e+01
      vertex   1.621107e+01 -5.000000e+00 3.712508e+01
      vertex   1.617150e+01 -5.678595e+00 3.709604e+01
    endloop
  endfacet
  facet normal -6.129059e-01 1.917210e-03 7.901536e-01
    outer loop
      vertex   1.617150e+01 -5.678595e+00 3.709604e+01
      vertex   1.621107e+01 -5.000000e+00 3.712508e+01
      vertex   1.596288e+01 -5.000000e+00 3.693257e+01
    endloop
  endfacet
  facet normal -6.154515e-01 6.578668e-04 7.881745e-01
    outer loop
      vertex   1.617150e+01 -5.678595e+00 3.709604e+01
      vertex   1.596288e+01 -5.000000e+00 3.693257e+01
      vertex   1.597803e+01 -5.782723e+00 3.694505e+01
    endloop
  endfacet
  facet normal -6.529817e-01 -5.600589e-04 7.573735e-01
    outer loop
      vertex   1.597803e+01 -5.782723e+00 3.694505e+01
      vertex   1.596288e+01 -5.000000e+00 3.693257e+01
      vertex   1.579221e+01 -5.893272e+00 3.678476e+01
    endloop
  endfacet
  facet normal -6.613102e-01 2.233278e-03 7.501092e-01
    outer loop
      vertex   1.579221e+01 -5.893272e+00 3.678476e+01
      vertex   1.596288e+01 -5.000000e+00 3.693257e+01
      vertex   1.572726e+01 -5.000000e+00 3.672484e+01
    endloop
  endfacet
  facet normal -6.890286e-01 -1.483866e-03 7.247327e-01
    outer loop
      vertex   1.579221e+01 -5.893272e+00 3.678476e+01
      vertex   1.572726e+01 -5.000000e+00 3.672484e+01
      vertex   1.561447e+01 -6.009977e+00 3.661553e+01
    endloop
  endfacet
  facet normal -7.071047e-01 2.442820e-03 7.071047e-01
    outer loop
      vertex   1.561447e+01 -6.009977e+00 3.661553e+01
      vertex   1.572726e+01 -5.000000e+00 3.672484e+01
      vertex   1.550516e+01 -5.000000e+00 3.650274e+01
    endloop
  endfacet
  facet normal -7.238072e-01 -1.275083e-03 6.900011e-01
    outer loop
      vertex   1.561447e+01 -6.009977e+00 3.661553e+01
      vertex   1.550516e+01 -5.000000e+00 3.650274e+01
      vertex   1.544524e+01 -6.132555e+00 3.643779e+01
    endloop
  endfacet
  facet normal -7.501099e-01 1.761438e-03 6.613108e-01
    outer loop
      vertex   1.544524e+01 -6.132555e+00 3.643779e+01
      vertex   1.550516e+01 -5.000000e+00 3.650274e+01
      vertex   1.529743e+01 -5.000000e+00 3.626712e+01
    endloop
  endfacet
  facet normal -7.570879e-01 -3.545275e-04 6.533130e-01
    outer loop
      vertex   1.544524e+01 -6.132555e+00 3.643779e+01
      vertex   1.529743e+01 -5.000000e+00 3.626712e+01
      vertex   1.528495e+01 -6.260713e+00 3.625197e+01
    endloop
  endfacet
  facet normal -7.884856e-01 4.163111e-04 6.150531e-01
    outer loop
      vertex   1.528495e+01 -6.260713e+00 3.625197e+01
      vertex   1.529743e+01 -5.000000e+00 3.626712e+01
      vertex   1.513396e+01 -6.394140e+00 3.605850e+01
    endloop
  endfacet
  facet normal -7.901547e-01 9.331990e-04 6.129068e-01
    outer loop
      vertex   1.513396e+01 -6.394140e+00 3.605850e+01
      vertex   1.529743e+01 -5.000000e+00 3.626712e+01
      vertex   1.510492e+01 -5.000000e+00 3.601893e+01
    endloop
  endfacet
  facet normal -8.173645e-01 -6.778406e-04 5.761205e-01
    outer loop
      vertex   1.513396e+01 -6.394140e+00 3.605850e+01
      vertex   1.510492e+01 -5.000000e+00 3.601893e+01
      vertex   1.499265e+01 -6.532516e+00 3.585785e+01
    endloop
  endfacet
  facet normal -8.270796e-01 1.509272e-03 5.620827e-01
    outer loop
      vertex   1.499265e+01 -6.532516e+00 3.585785e+01
      vertex   1.510492e+01 -5.000000e+00 3.601893e+01
      vertex   1.492836e+01 -5.000000e+00 3.575913e+01
    endloop
  endfacet
  facet normal -8.445604e-01 -9.390090e-04 5.354595e-01
    outer loop
      vertex   1.499265e+01 -6.532516e+00 3.585785e+01
      vertex   1.492836e+01 -5.000000e+00 3.575913e+01
      vertex   1.486136e+01 -6.675508e+00 3.565051e+01
    endloop
  endfacet
  facet normal -8.607412e-01 1.420734e-03 5.090409e-01
    outer loop
      vertex   1.486136e+01 -6.675508e+00 3.565051e+01
      vertex   1.492836e+01 -5.000000e+00 3.575913e+01
      vertex   1.476847e+01 -5.000000e+00 3.548877e+01
    endloop
  endfacet
  facet normal -8.699050e-01 -6.146782e-04 4.932190e-01
    outer loop
      vertex   1.486136e+01 -6.675508e+00 3.565051e+01
      vertex   1.476847e+01 -5.000000e+00 3.548877e+01
      vertex   1.474039e+01 -6.822770e+00 3.543698e+01
    endloop
  endfacet
  facet normal -8.910062e-01 8.247887e-04 4.539903e-01
    outer loop
      vertex   1.474039e+01 -6.822770e+00 3.543698e+01
      vertex   1.476847e+01 -5.000000e+00 3.548877e+01
      vertex   1.462586e+01 -5.000000e+00 3.520890e+01
    endloop
  endfacet
  facet normal -8.932593e-01 1.265500e-04 4.495417e-01
    outer loop
      vertex   1.474039e+01 -6.822770e+00 3.543698e+01
      vertex   1.462586e+01 -5.000000e+00 3.520890e+01
      vertex   1.463005e+01 -6.973948e+00 3.521778e+01
    endloop
  endfacet
  facet normal -9.141799e-01 -1.168088e-04 4.053086e-01
    outer loop
      vertex   1.463005e+01 -6.973948e+00 3.521778e+01
      vertex   1.462586e+01 -5.000000e+00 3.520890e+01
      vertex   1.453060e+01 -7.128678e+00 3.499342e+01
    endloop
  endfacet
  facet normal -9.177543e-01 8.692531e-04 3.971477e-01
    outer loop
      vertex   1.453060e+01 -7.128678e+00 3.499342e+01
      vertex   1.462586e+01 -5.000000e+00 3.520890e+01
      vertex   1.450112e+01 -5.000000e+00 3.492062e+01
    endloop
  endfacet
  facet normal -9.328533e-01 -6.014723e-04 3.602560e-01
    outer loop
      vertex   1.453060e+01 -7.128678e+00 3.499342e+01
      vertex   1.450112e+01 -5.000000e+00 3.492062e+01
      vertex   1.444228e+01 -7.286587e+00 3.476445e+01
    endloop
  endfacet
  facet normal -9.408802e-01 1.074772e-03 3.387377e-01
    outer loop
      vertex   1.444228e+01 -7.286587e+00 3.476445e+01
      vertex   1.450112e+01 -5.000000e+00 3.492062e+01
      vertex   1.439472e+01 -5.000000e+00 3.462508e+01
    endloop
  endfacet
  facet normal -9.494033e-01 -6.066552e-04 3.140589e-01
    outer loop
      vertex   1.444228e+01 -7.286587e+00 3.476445e+01
      vertex   1.439472e+01 -5.000000e+00 3.462508e+01
      vertex   1.436530e+01 -7.447294e+00 3.453142e+01
    endloop
  endfacet
  facet normal -9.602933e-01 8.663540e-04 2.789910e-01
    outer loop
      vertex   1.436530e+01 -7.447294e+00 3.453142e+01
      vertex   1.439472e+01 -5.000000e+00 3.462508e+01
      vertex   1.430708e+01 -5.000000e+00 3.432345e+01
    endloop
  endfacet
  facet normal -9.637325e-01 -2.455096e-04 2.668700e-01
    outer loop
      vertex   1.436530e+01 -7.447294e+00 3.453142e+01
      vertex   1.430708e+01 -5.000000e+00 3.432345e+01
      vertex   1.429984e+01 -7.610413e+00 3.429490e+01
    endloop
  endfacet
  facet normal -9.757481e-01 3.124805e-04 2.188961e-01
    outer loop
      vertex   1.429984e+01 -7.610413e+00 3.429490e+01
      vertex   1.430708e+01 -5.000000e+00 3.432345e+01
      vertex   1.424607e+01 -7.775551e+00 3.405545e+01
    endloop
  endfacet
  facet normal -9.759167e-01 3.888775e-04 2.181432e-01
    outer loop
      vertex   1.424607e+01 -7.775551e+00 3.405545e+01
      vertex   1.430708e+01 -5.000000e+00 3.432345e+01
      vertex   1.423856e+01 -5.000000e+00 3.401691e+01
    endloop
  endfacet
  facet normal -9.852440e-01 -2.888974e-04 1.711553e-01
    outer loop
      vertex   1.424607e+01 -7.775551e+00 3.405545e+01
      vertex   1.423856e+01 -5.000000e+00 3.401691e+01
      vertex   1.420412e+01 -7.942309e+00 3.381365e+01
    endloop
  endfacet
  facet normal -9.876881e-01 7.566311e-04 1.564344e-01
    outer loop
      vertex   1.420412e+01 -7.942309e+00 3.381365e+01
      vertex   1.423856e+01 -5.000000e+00 3.401691e+01
      vertex   1.418943e+01 -5.000000e+00 3.370667e+01
    endloop
  endfacet
  facet normal -9.924381e-01 -4.920799e-04 1.227449e-01
    outer loop
      vertex   1.420412e+01 -7.942309e+00 3.381365e+01
      vertex   1.418943e+01 -5.000000e+00 3.370667e+01
      vertex   1.417408e+01 -8.110286e+00 3.357009e+01
    endloop
  endfacet
  facet normal -9.955617e-01 7.808428e-04 9.410828e-02
    outer loop
      vertex   1.417408e+01 -8.110286e+00 3.357009e+01
      vertex   1.418943e+01 -5.000000e+00 3.370667e+01
      vertex   1.415987e+01 -5.000000e+00 3.339395e+01
    endloop
  endfacet
  facet normal -9.972713e-01 -3.757485e-04 7.382229e-02
    outer loop
      vertex   1.417408e+01 -8.110286e+00 3.357009e+01
      vertex   1.415987e+01 -5.000000e+00 3.339395e+01
      vertex   1.415602e+01 -8.279077e+00 3.332534e+01
    endloop
  endfacet
  facet normal -9.995064e-01 5.143268e-04 3.141075e-02
    outer loop
      vertex   1.415602e+01 -8.279077e+00 3.332534e+01
      vertex   1.415987e+01 -5.000000e+00 3.339395e+01
      vertex   1.415000e+01 -5.000000e+00 3.308000e+01
    endloop
  endfacet
  facet normal -9.996988e-01 -4.122389e-20 2.454123e-02
    outer loop
      vertex   1.415602e+01 -8.279077e+00 3.332534e+01
      vertex   1.415000e+01 -5.000000e+00 3.308000e+01
      vertex   1.415000e+01 -8.448276e+00 3.308000e+01
    endloop
  endfacet
  facet normal -1.000000e+00 -0.000000e+00 -0.000000e+00
    outer loop
      vertex   1.415000e+01 -5.000000e+00 3.308000e+01
      vertex   1.415000e+01 -5.000000e+00 9.080000e+00
      vertex   1.415000e+01 -8.448276e+00 3.308000e+01
    endloop
  endfacet
  facet normal -1.000000e+00 0.000000e+00 -0.000000e+00
    outer loop
      vertex   1.415000e+01 -8.448276e+00 3.308000e+01
      vertex   1.415000e+01 -5.000000e+00 9.080000e+00
      vertex   1.415000e+01 -2.500000e+01 9.080000e+00
    endloop
  endfacet
  facet normal 9.995066e-01 3.141076e-02 -0.000000e+00
    outer loop
      vertex   1.084013e+01 -4.686047e+00 9.080000e+00
      vertex   1.084013e+01 -4.686047e+00 1.508000e+01
      vertex   1.085000e+01 -5.000000e+00 9.080000e+00
    endloop
  endfacet
  facet normal 9.995066e-01 3.141076e-02 -6.130530e-20
    outer loop
      vertex   1.085000e+01 -5.000000e+00 9.080000e+00
      vertex   1.084013e+01 -4.686047e+00 1.508000e+01
      vertex   1.084013e+01 -4.686047e+00 2.108000e+01
    endloop
  endfacet
  facet normal 9.995066e-01 3.141076e-02 -1.162432e-18
    outer loop
      vertex   1.085000e+01 -5.000000e+00 9.080000e+00
      vertex   1.084013e+01 -4.686047e+00 2.108000e+01
      vertex   1.085000e+01 -5.000000e+00 3.308000e+01
    endloop
  endfacet
  facet normal 9.995066e-01 3.141076e-02 -1.383284e-20
    outer loop
      vertex   1.085000e+01 -5.000000e+00 3.308000e+01
      vertex   1.084013e+01 -4.686047e+00 2.108000e+01
      vertex   1.084013e+01 -4.686047e+00 2.708000e+01
    endloop
  endfacet
  facet normal 9.995066e-01 3.141076e-02 2.866116e-16
    outer loop
      vertex   1.085000e+01 -5.000000e+00 3.308000e+01
      vertex   1.084013e+01 -4.686047e+00 2.708000e+01
      vertex   1.084013e+01 -4.686047e+00 3.308000e+01
    endloop
  endfacet
  facet normal 9.955620e-01 9.410831e-02 2.668839e-16
    outer loop
      vertex   1.084013e+01 -4.686047e+00 3.308000e+01
      vertex   1.084013e+01 -4.686047e+00 2.708000e+01
      vertex   1.081057e+01 -4.373334e+00 3.308000e+01
    endloop
  endfacet
  facet normal 9.955620e-01 9.410831e-02 0.000000e+00
    outer loop
      vertex   1.081057e+01 -4.373334e+00 3.308000e+01
      vertex   1.084013e+01 -4.686047e+00 2.708000e+01
      vertex   1.081057e+01 -4.373334e+00 2.708000e+01
    endloop
  endfacet
  facet normal 9.876883e-01 1.564345e-01 0.000000e+00
    outer loop
      vertex   1.081057e+01 -4.373334e+00 3.308000e+01
      vertex   1.081057e+01 -4.373334e+00 2.708000e+01
      vertex   1.076144e+01 -4.063093e+00 3.308000e+01
    endloop
  endfacet
  facet normal 9.876883e-01 1.564345e-01 2.924145e-16
    outer loop
      vertex   1.076144e+01 -4.063093e+00 3.308000e+01
      vertex   1.081057e+01 -4.373334e+00 2.708000e+01
      vertex   1.076144e+01 -4.063093e+00 2.708000e+01
    endloop
  endfacet
  facet normal 9.759168e-01 2.181432e-01 2.889294e-16
    outer loop
      vertex   1.076144e+01 -4.063093e+00 3.308000e+01
      vertex   1.076144e+01 -4.063093e+00 2.708000e+01
      vertex   1.069292e+01 -3.756551e+00 3.308000e+01
    endloop
  endfacet
  facet normal 9.759168e-01 2.181432e-01 0.000000e+00
    outer loop
      vertex   1.069292e+01 -3.756551e+00 3.308000e+01
      vertex   1.076144e+01 -4.063093e+00 2.708000e+01
      vertex   1.069292e+01 -3.756551e+00 2.708000e+01
    endloop
  endfacet
  facet normal 9.602937e-01 2.789911e-01 0.000000e+00
    outer loop
      vertex   1.069292e+01 -3.756551e+00 3.308000e+01
      vertex   1.069292e+01 -3.756551e+00 2.708000e+01
      vertex   1.060528e+01 -3.454915e+00 3.308000e+01
    endloop
  endfacet
  facet normal 9.602937e-01 2.789911e-01 2.843040e-16
    outer loop
      vertex   1.060528e+01 -3.454915e+00 3.308000e+01
      vertex   1.069292e+01 -3.756551e+00 2.708000e+01
      vertex   1.060528e+01 -3.454915e+00 2.708000e+01
    endloop
  endfacet
  facet normal 9.408808e-01 3.387379e-01 2.785567e-16
    outer loop
      vertex   1.060528e+01 -3.454915e+00 3.308000e+01
      vertex   1.060528e+01 -3.454915e+00 2.708000e+01
      vertex   1.049888e+01 -3.159377e+00 3.308000e+01
    endloop
  endfacet
  facet normal 9.408808e-01 3.387379e-01 3.036283e-16
    outer loop
      vertex   1.049888e+01 -3.159377e+00 3.308000e+01
      vertex   1.060528e+01 -3.454915e+00 2.708000e+01
      vertex   1.049888e+01 -3.159377e+00 2.708000e+01
    endloop
  endfacet
  facet normal 9.177546e-01 3.971479e-01 3.011048e-16
    outer loop
      vertex   1.049888e+01 -3.159377e+00 3.308000e+01
      vertex   1.049888e+01 -3.159377e+00 2.708000e+01
      vertex   1.037414e+01 -2.871104e+00 3.308000e+01
    endloop
  endfacet
  facet normal 9.177546e-01 3.971479e-01 3.598945e-16
    outer loop
      vertex   1.037414e+01 -2.871104e+00 3.308000e+01
      vertex   1.049888e+01 -3.159377e+00 2.708000e+01
      vertex   1.037414e+01 -2.871104e+00 2.708000e+01
    endloop
  endfacet
  facet normal 8.910065e-01 4.539905e-01 3.645971e-16
    outer loop
      vertex   1.037414e+01 -2.871104e+00 3.308000e+01
      vertex   1.037414e+01 -2.871104e+00 2.708000e+01
      vertex   1.023153e+01 -2.591232e+00 3.308000e+01
    endloop
  endfacet
  facet normal 8.910065e-01 4.539905e-01 0.000000e+00
    outer loop
      vertex   1.023153e+01 -2.591232e+00 3.308000e+01
      vertex   1.037414e+01 -2.871104e+00 2.708000e+01
      vertex   1.023153e+01 -2.591232e+00 2.708000e+01
    endloop
  endfacet
  facet normal 8.607420e-01 5.090414e-01 0.000000e+00
    outer loop
      vertex   1.023153e+01 -2.591232e+00 3.308000e+01
      vertex   1.023153e+01 -2.591232e+00 2.708000e+01
      vertex   1.007164e+01 -2.320866e+00 3.308000e+01
    endloop
  endfacet
  facet normal 8.607420e-01 5.090414e-01 5.096617e-16
    outer loop
      vertex   1.007164e+01 -2.320866e+00 3.308000e+01
      vertex   1.023153e+01 -2.591232e+00 2.708000e+01
      vertex   1.007164e+01 -2.320866e+00 2.708000e+01
    endloop
  endfacet
  facet normal 8.270806e-01 5.620834e-01 4.897301e-16
    outer loop
      vertex   1.007164e+01 -2.320866e+00 3.308000e+01
      vertex   1.007164e+01 -2.320866e+00 2.708000e+01
      vertex   9.895085e+00 -2.061074e+00 3.308000e+01
    endloop
  endfacet
  facet normal 8.270806e-01 5.620834e-01 6.145377e-16
    outer loop
      vertex   9.895085e+00 -2.061074e+00 3.308000e+01
      vertex   1.007164e+01 -2.320866e+00 2.708000e+01
      vertex   9.895085e+00 -2.061074e+00 2.708000e+01
    endloop
  endfacet
  facet normal 7.901550e-01 6.129071e-01 6.039585e-16
    outer loop
      vertex   9.895085e+00 -2.061074e+00 3.308000e+01
      vertex   9.895085e+00 -2.061074e+00 2.708000e+01
      vertex   9.702566e+00 -1.812880e+00 3.308000e+01
    endloop
  endfacet
  facet normal 7.901550e-01 6.129071e-01 6.804635e-17
    outer loop
      vertex   9.702566e+00 -1.812880e+00 3.308000e+01
      vertex   9.895085e+00 -2.061074e+00 2.708000e+01
      vertex   9.702566e+00 -1.812880e+00 2.708000e+01
    endloop
  endfacet
  facet normal 7.501111e-01 6.613119e-01 7.342037e-17
    outer loop
      vertex   9.702566e+00 -1.812880e+00 3.308000e+01
      vertex   9.702566e+00 -1.812880e+00 2.708000e+01
      vertex   9.494843e+00 -1.577264e+00 3.308000e+01
    endloop
  endfacet
  facet normal 7.501111e-01 6.613119e-01 7.342037e-17
    outer loop
      vertex   9.494843e+00 -1.577264e+00 3.308000e+01
      vertex   9.702566e+00 -1.812880e+00 2.708000e+01
      vertex   9.494843e+00 -1.577264e+00 2.708000e+01
    endloop
  endfacet
  facet normal 7.071068e-01 7.071068e-01 7.850462e-17
    outer loop
      vertex   9.494843e+00 -1.577264e+00 3.308000e+01
      vertex   9.494843e+00 -1.577264e+00 2.708000e+01
      vertex   9.272736e+00 -1.355157e+00 3.308000e+01
    endloop
  endfacet
  facet normal 7.071068e-01 7.071068e-01 5.233642e-17
    outer loop
      vertex   9.272736e+00 -1.355157e+00 3.308000e+01
      vertex   9.494843e+00 -1.577264e+00 2.708000e+01
      vertex   9.272736e+00 -1.355157e+00 2.708000e+01
    endloop
  endfacet
  facet normal 6.613119e-01 7.501111e-01 5.551937e-17
    outer loop
      vertex   9.272736e+00 -1.355157e+00 3.308000e+01
      vertex   9.272736e+00 -1.355157e+00 2.708000e+01
      vertex   9.037120e+00 -1.147434e+00 3.308000e+01
    endloop
  endfacet
  facet normal 6.613119e-01 7.501111e-01 2.513070e-16
    outer loop
      vertex   9.037120e+00 -1.147434e+00 3.308000e+01
      vertex   9.272736e+00 -1.355157e+00 2.708000e+01
      vertex   9.037120e+00 -1.147434e+00 2.708000e+01
    endloop
  endfacet
  facet normal 6.129071e-01 7.901550e-01 2.399402e-16
    outer loop
      vertex   9.037120e+00 -1.147434e+00 3.308000e+01
      vertex   9.037120e+00 -1.147434e+00 2.708000e+01
      vertex   8.788926e+00 -9.549150e-01 3.308000e+01
    endloop
  endfacet
  facet normal 6.129071e-01 7.901550e-01 1.462080e-16
    outer loop
      vertex   8.788926e+00 -9.549150e-01 3.308000e+01
      vertex   9.037120e+00 -1.147434e+00 2.708000e+01
      vertex   8.788926e+00 -9.549150e-01 2.708000e+01
    endloop
  endfacet
  facet normal 5.620834e-01 8.270806e-01 1.530406e-16
    outer loop
      vertex   8.788926e+00 -9.549150e-01 3.308000e+01
      vertex   8.788926e+00 -9.549150e-01 2.708000e+01
      vertex   8.529134e+00 -7.783604e-01 3.308000e+01
    endloop
  endfacet
  facet normal 5.620834e-01 8.270806e-01 7.652032e-17
    outer loop
      vertex   8.529134e+00 -7.783604e-01 3.308000e+01
      vertex   8.788926e+00 -9.549150e-01 2.708000e+01
      vertex   8.529134e+00 -7.783604e-01 2.708000e+01
    endloop
  endfacet
  facet normal 5.090414e-01 8.607420e-01 7.963463e-17
    outer loop
      vertex   8.529134e+00 -7.783604e-01 3.308000e+01
      vertex   8.529134e+00 -7.783604e-01 2.708000e+01
      vertex   8.258768e+00 -6.184666e-01 3.308000e+01
    endloop
  endfacet
  facet normal 5.090414e-01 8.607420e-01 7.963463e-17
    outer loop
      vertex   8.258768e+00 -6.184666e-01 3.308000e+01
      vertex   8.529134e+00 -7.783604e-01 2.708000e+01
      vertex   8.258768e+00 -6.184666e-01 2.708000e+01
    endloop
  endfacet
  facet normal 4.539905e-01 8.910065e-01 8.243466e-17
    outer loop
      vertex   8.258768e+00 -6.184666e-01 3.308000e+01
      vertex   8.258768e+00 -6.184666e-01 2.708000e+01
      vertex   7.978896e+00 -4.758647e-01 3.308000e+01
    endloop
  endfacet
  facet normal 4.539905e-01 8.910065e-01 1.648693e-16
    outer loop
      vertex   7.978896e+00 -4.758647e-01 3.308000e+01
      vertex   8.258768e+00 -6.184666e-01 2.708000e+01
      vertex   7.978896e+00 -4.758647e-01 2.708000e+01
    endloop
  endfacet
  facet normal 3.971479e-01 9.177546e-01 1.698187e-16
    outer loop
      vertex   7.978896e+00 -4.758647e-01 3.308000e+01
      vertex   7.978896e+00 -4.758647e-01 2.708000e+01
      vertex   7.690623e+00 -3.511176e-01 3.308000e+01
    endloop
  endfacet
  facet normal 3.971479e-01 9.177546e-01 8.490936e-17
    outer loop
      vertex   7.690623e+00 -3.511176e-01 3.308000e+01
      vertex   7.978896e+00 -4.758647e-01 2.708000e+01
      vertex   7.690623e+00 -3.511176e-01 2.708000e+01
    endloop
  endfacet
  facet normal 3.387379e-01 9.408808e-01 8.704896e-17
    outer loop
      vertex   7.690623e+00 -3.511176e-01 3.308000e+01
      vertex   7.690623e+00 -3.511176e-01 2.708000e+01
      vertex   7.395085e+00 -2.447174e-01 3.308000e+01
    endloop
  endfacet
  facet normal 3.387379e-01 9.408808e-01 1.740979e-16
    outer loop
      vertex   7.395085e+00 -2.447174e-01 3.308000e+01
      vertex   7.690623e+00 -3.511176e-01 2.708000e+01
      vertex   7.395085e+00 -2.447174e-01 2.708000e+01
    endloop
  endfacet
  facet normal 2.789911e-01 9.602937e-01 1.776900e-16
    outer loop
      vertex   7.395085e+00 -2.447174e-01 3.308000e+01
      vertex   7.395085e+00 -2.447174e-01 2.708000e+01
      vertex   7.093449e+00 -1.570842e-01 3.308000e+01
    endloop
  endfacet
  facet normal 2.789911e-01 9.602937e-01 8.884501e-17
    outer loop
      vertex   7.093449e+00 -1.570842e-01 3.308000e+01
      vertex   7.395085e+00 -2.447174e-01 2.708000e+01
      vertex   7.093449e+00 -1.570842e-01 2.708000e+01
    endloop
  endfacet
  facet normal 2.181432e-01 9.759168e-01 9.029044e-17
    outer loop
      vertex   7.093449e+00 -1.570842e-01 3.308000e+01
      vertex   7.093449e+00 -1.570842e-01 2.708000e+01
      vertex   6.786907e+00 -8.856375e-02 3.308000e+01
    endloop
  endfacet
  facet normal 2.181432e-01 9.759168e-01 9.029044e-17
    outer loop
      vertex   6.786907e+00 -8.856375e-02 3.308000e+01
      vertex   7.093449e+00 -1.570842e-01 2.708000e+01
      vertex   6.786907e+00 -8.856375e-02 2.708000e+01
    endloop
  endfacet
  facet normal 1.564345e-01 9.876883e-01 9.137953e-17
    outer loop
      vertex   6.786907e+00 -8.856375e-02 3.308000e+01
      vertex   6.786907e+00 -8.856375e-02 2.708000e+01
      vertex   6.476666e+00 -3.942649e-02 3.308000e+01
    endloop
  endfacet
  facet normal 1.564345e-01 9.876883e-01 9.137953e-17
    outer loop
      vertex   6.476666e+00 -3.942649e-02 3.308000e+01
      vertex   6.786907e+00 -8.856375e-02 2.708000e+01
      vertex   6.476666e+00 -3.942649e-02 2.708000e+01
    endloop
  endfacet
  facet normal 9.410831e-02 9.955620e-01 9.210798e-17
    outer loop
      vertex   6.476666e+00 -3.942649e-02 3.308000e+01
      vertex   6.476666e+00 -3.942649e-02 2.708000e+01
      vertex   6.163953e+00 -9.866358e-03 3.308000e+01
    endloop
  endfacet
  facet normal 9.410831e-02 9.955620e-01 1.981468e-16
    outer loop
      vertex   6.163953e+00 -9.866358e-03 3.308000e+01
      vertex   6.476666e+00 -3.942649e-02 2.708000e+01
      vertex   6.163953e+00 -9.866358e-03 2.708000e+01
    endloop
  endfacet
  facet normal 3.141076e-02 9.995066e-01 1.895956e-16
    outer loop
      vertex   6.163953e+00 -9.866358e-03 3.308000e+01
      vertex   6.163953e+00 -9.866358e-03 2.708000e+01
      vertex   5.850000e+00 2.220446e-15 3.308000e+01
    endloop
  endfacet
  facet normal 3.141076e-02 9.995066e-01 7.386249e-20
    outer loop
      vertex   5.850000e+00 2.220446e-15 3.308000e+01
      vertex   6.163953e+00 -9.866358e-03 2.708000e+01
      vertex   6.163953e+00 -9.866358e-03 2.108000e+01
    endloop
  endfacet
  facet normal 3.141076e-02 9.995066e-01 0.000000e+00
    outer loop
      vertex   5.850000e+00 2.220446e-15 3.308000e+01
      vertex   6.163953e+00 -9.866358e-03 2.108000e+01
      vertex   5.850000e+00 2.220446e-15 9.080000e+00
    endloop
  endfacet
  facet normal 3.141076e-02 9.995066e-01 7.386249e-20
    outer loop
      vertex   5.850000e+00 2.220446e-15 9.080000e+00
      vertex   6.163953e+00 -9.866358e-03 2.108000e+01
      vertex   6.163953e+00 -9.866358e-03 1.508000e+01
    endloop
  endfacet
  facet normal 3.141076e-02 9.995066e-01 7.386249e-20
    outer loop
      vertex   5.850000e+00 2.220446e-15 9.080000e+00
      vertex   6.163953e+00 -9.866358e-03 1.508000e+01
      vertex   6.163953e+00 -9.866358e-03 9.080000e+00
    endloop
  endfacet
  facet normal 9.410831e-02 9.955620e-01 -0.000000e+00
    outer loop
      vertex   6.163953e+00 -9.866358e-03 9.080000e+00
      vertex   6.163953e+00 -9.866358e-03 1.508000e+01
      vertex   6.476666e+00 -3.942649e-02 9.080000e+00
    endloop
  endfacet
  facet normal 9.410831e-02 9.955620e-01 4.605399e-17
    outer loop
      vertex   6.476666e+00 -3.942649e-02 9.080000e+00
      vertex   6.163953e+00 -9.866358e-03 1.508000e+01
      vertex   6.476666e+00 -3.942649e-02 1.508000e+01
    endloop
  endfacet
  facet normal 1.564345e-01 9.876883e-01 4.568976e-17
    outer loop
      vertex   6.476666e+00 -3.942649e-02 9.080000e+00
      vertex   6.476666e+00 -3.942649e-02 1.508000e+01
      vertex   6.786907e+00 -8.856375e-02 9.080000e+00
    endloop
  endfacet
  facet normal 1.564345e-01 9.876883e-01 4.568976e-17
    outer loop
      vertex   6.786907e+00 -8.856375e-02 9.080000e+00
      vertex   6.476666e+00 -3.942649e-02 1.508000e+01
      vertex   6.786907e+00 -8.856375e-02 1.508000e+01
    endloop
  endfacet
  facet normal 2.181432e-01 9.759168e-01 4.514522e-17
    outer loop
      vertex   6.786907e+00 -8.856375e-02 9.080000e+00
      vertex   6.786907e+00 -8.856375e-02 1.508000e+01
      vertex   7.093449e+00 -1.570842e-01 9.080000e+00
    endloop
  endfacet
  facet normal 2.181432e-01 9.759168e-01 -0.000000e+00
    outer loop
      vertex   7.093449e+00 -1.570842e-01 9.080000e+00
      vertex   6.786907e+00 -8.856375e-02 1.508000e+01
      vertex   7.093449e+00 -1.570842e-01 1.508000e+01
    endloop
  endfacet
  facet normal 2.789911e-01 9.602937e-01 -0.000000e+00
    outer loop
      vertex   7.093449e+00 -1.570842e-01 9.080000e+00
      vertex   7.093449e+00 -1.570842e-01 1.508000e+01
      vertex   7.395085e+00 -2.447174e-01 9.080000e+00
    endloop
  endfacet
  facet normal 2.789911e-01 9.602937e-01 -4.442251e-17
    outer loop
      vertex   7.395085e+00 -2.447174e-01 9.080000e+00
      vertex   7.093449e+00 -1.570842e-01 1.508000e+01
      vertex   7.395085e+00 -2.447174e-01 1.508000e+01
    endloop
  endfacet
  facet normal 3.387379e-01 9.408808e-01 -4.352448e-17
    outer loop
      vertex   7.395085e+00 -2.447174e-01 9.080000e+00
      vertex   7.395085e+00 -2.447174e-01 1.508000e+01
      vertex   7.690623e+00 -3.511176e-01 9.080000e+00
    endloop
  endfacet
  facet normal 3.387379e-01 9.408808e-01 -4.352448e-17
    outer loop
      vertex   7.690623e+00 -3.511176e-01 9.080000e+00
      vertex   7.395085e+00 -2.447174e-01 1.508000e+01
      vertex   7.690623e+00 -3.511176e-01 1.508000e+01
    endloop
  endfacet
  facet normal 3.971479e-01 9.177546e-01 -4.245468e-17
    outer loop
      vertex   7.690623e+00 -3.511176e-01 9.080000e+00
      vertex   7.690623e+00 -3.511176e-01 1.508000e+01
      vertex   7.978896e+00 -4.758647e-01 9.080000e+00
    endloop
  endfacet
  facet normal 3.971479e-01 9.177546e-01 1.698187e-17
    outer loop
      vertex   7.978896e+00 -4.758647e-01 9.080000e+00
      vertex   7.690623e+00 -3.511176e-01 1.508000e+01
      vertex   7.978896e+00 -4.758647e-01 1.508000e+01
    endloop
  endfacet
  facet normal 4.539905e-01 8.910065e-01 1.648693e-17
    outer loop
      vertex   7.978896e+00 -4.758647e-01 9.080000e+00
      vertex   7.978896e+00 -4.758647e-01 1.508000e+01
      vertex   8.258768e+00 -6.184666e-01 9.080000e+00
    endloop
  endfacet
  facet normal 4.539905e-01 8.910065e-01 -1.648693e-17
    outer loop
      vertex   8.258768e+00 -6.184666e-01 9.080000e+00
      vertex   7.978896e+00 -4.758647e-01 1.508000e+01
      vertex   8.258768e+00 -6.184666e-01 1.508000e+01
    endloop
  endfacet
  facet normal 5.090414e-01 8.607420e-01 -1.592693e-17
    outer loop
      vertex   8.258768e+00 -6.184666e-01 9.080000e+00
      vertex   8.258768e+00 -6.184666e-01 1.508000e+01
      vertex   8.529134e+00 -7.783604e-01 9.080000e+00
    endloop
  endfacet
  facet normal 5.090414e-01 8.607420e-01 1.592693e-17
    outer loop
      vertex   8.529134e+00 -7.783604e-01 9.080000e+00
      vertex   8.258768e+00 -6.184666e-01 1.508000e+01
      vertex   8.529134e+00 -7.783604e-01 1.508000e+01
    endloop
  endfacet
  facet normal 5.620834e-01 8.270806e-01 1.530406e-17
    outer loop
      vertex   8.529134e+00 -7.783604e-01 9.080000e+00
      vertex   8.529134e+00 -7.783604e-01 1.508000e+01
      vertex   8.788926e+00 -9.549150e-01 9.080000e+00
    endloop
  endfacet
  facet normal 5.620834e-01 8.270806e-01 -1.530406e-17
    outer loop
      vertex   8.788926e+00 -9.549150e-01 9.080000e+00
      vertex   8.529134e+00 -7.783604e-01 1.508000e+01
      vertex   8.788926e+00 -9.549150e-01 1.508000e+01
    endloop
  endfacet
  facet normal 6.129071e-01 7.901550e-01 -1.462080e-17
    outer loop
      vertex   8.788926e+00 -9.549150e-01 9.080000e+00
      vertex   8.788926e+00 -9.549150e-01 1.508000e+01
      vertex   9.037120e+00 -1.147434e+00 9.080000e+00
    endloop
  endfacet
  facet normal 6.129071e-01 7.901550e-01 -0.000000e+00
    outer loop
      vertex   9.037120e+00 -1.147434e+00 9.080000e+00
      vertex   8.788926e+00 -9.549150e-01 1.508000e+01
      vertex   9.037120e+00 -1.147434e+00 1.508000e+01
    endloop
  endfacet
  facet normal 6.613119e-01 7.501111e-01 -0.000000e+00
    outer loop
      vertex   9.037120e+00 -1.147434e+00 9.080000e+00
      vertex   9.037120e+00 -1.147434e+00 1.508000e+01
      vertex   9.272736e+00 -1.355157e+00 9.080000e+00
    endloop
  endfacet
  facet normal 6.613119e-01 7.501111e-01 -2.775969e-17
    outer loop
      vertex   9.272736e+00 -1.355157e+00 9.080000e+00
      vertex   9.037120e+00 -1.147434e+00 1.508000e+01
      vertex   9.272736e+00 -1.355157e+00 1.508000e+01
    endloop
  endfacet
  facet normal 7.071068e-01 7.071068e-01 -2.616821e-17
    outer loop
      vertex   9.272736e+00 -1.355157e+00 9.080000e+00
      vertex   9.272736e+00 -1.355157e+00 1.508000e+01
      vertex   9.494843e+00 -1.577264e+00 9.080000e+00
    endloop
  endfacet
  facet normal 7.071068e-01 7.071068e-01 -2.616821e-17
    outer loop
      vertex   9.494843e+00 -1.577264e+00 9.080000e+00
      vertex   9.272736e+00 -1.355157e+00 1.508000e+01
      vertex   9.494843e+00 -1.577264e+00 1.508000e+01
    endloop
  endfacet
  facet normal 7.501111e-01 6.613119e-01 -2.447346e-17
    outer loop
      vertex   9.494843e+00 -1.577264e+00 9.080000e+00
      vertex   9.494843e+00 -1.577264e+00 1.508000e+01
      vertex   9.702566e+00 -1.812880e+00 9.080000e+00
    endloop
  endfacet
  facet normal 7.501111e-01 6.613119e-01 2.220775e-16
    outer loop
      vertex   9.702566e+00 -1.812880e+00 9.080000e+00
      vertex   9.494843e+00 -1.577264e+00 1.508000e+01
      vertex   9.702566e+00 -1.812880e+00 1.508000e+01
    endloop
  endfacet
  facet normal 7.901550e-01 6.129071e-01 2.339329e-16
    outer loop
      vertex   9.702566e+00 -1.812880e+00 9.080000e+00
      vertex   9.702566e+00 -1.812880e+00 1.508000e+01
      vertex   9.895085e+00 -2.061074e+00 9.080000e+00
    endloop
  endfacet
  facet normal 7.901550e-01 6.129071e-01 -4.536423e-17
    outer loop
      vertex   9.895085e+00 -2.061074e+00 9.080000e+00
      vertex   9.702566e+00 -1.812880e+00 1.508000e+01
      vertex   9.895085e+00 -2.061074e+00 1.508000e+01
    endloop
  endfacet
  facet normal 8.270806e-01 5.620834e-01 -4.160253e-17
    outer loop
      vertex   9.895085e+00 -2.061074e+00 9.080000e+00
      vertex   9.895085e+00 -2.061074e+00 1.508000e+01
      vertex   1.007164e+01 -2.320866e+00 9.080000e+00
    endloop
  endfacet
  facet normal 8.270806e-01 5.620834e-01 -0.000000e+00
    outer loop
      vertex   1.007164e+01 -2.320866e+00 9.080000e+00
      vertex   9.895085e+00 -2.061074e+00 1.508000e+01
      vertex   1.007164e+01 -2.320866e+00 1.508000e+01
    endloop
  endfacet
  facet normal 8.607420e-01 5.090414e-01 -0.000000e+00
    outer loop
      vertex   1.007164e+01 -2.320866e+00 9.080000e+00
      vertex   1.007164e+01 -2.320866e+00 1.508000e+01
      vertex   1.023153e+01 -2.591232e+00 9.080000e+00
    endloop
  endfacet
  facet normal 8.607420e-01 5.090414e-01 -7.535327e-17
    outer loop
      vertex   1.023153e+01 -2.591232e+00 9.080000e+00
      vertex   1.007164e+01 -2.320866e+00 1.508000e+01
      vertex   1.023153e+01 -2.591232e+00 1.508000e+01
    endloop
  endfacet
  facet normal 8.910065e-01 4.539905e-01 -6.720409e-17
    outer loop
      vertex   1.023153e+01 -2.591232e+00 9.080000e+00
      vertex   1.023153e+01 -2.591232e+00 1.508000e+01
      vertex   1.037414e+01 -2.871104e+00 9.080000e+00
    endloop
  endfacet
  facet normal 8.910065e-01 4.539905e-01 -3.360205e-17
    outer loop
      vertex   1.037414e+01 -2.871104e+00 9.080000e+00
      vertex   1.023153e+01 -2.591232e+00 1.508000e+01
      vertex   1.037414e+01 -2.871104e+00 1.508000e+01
    endloop
  endfacet
  facet normal 9.177546e-01 3.971479e-01 -2.939485e-17
    outer loop
      vertex   1.037414e+01 -2.871104e+00 9.080000e+00
      vertex   1.037414e+01 -2.871104e+00 1.508000e+01
      vertex   1.049888e+01 -3.159377e+00 9.080000e+00
    endloop
  endfacet
  facet normal 9.177546e-01 3.971479e-01 -0.000000e+00
    outer loop
      vertex   1.049888e+01 -3.159377e+00 9.080000e+00
      vertex   1.037414e+01 -2.871104e+00 1.508000e+01
      vertex   1.049888e+01 -3.159377e+00 1.508000e+01
    endloop
  endfacet
  facet normal 9.408808e-01 3.387379e-01 -0.000000e+00
    outer loop
      vertex   1.049888e+01 -3.159377e+00 9.080000e+00
      vertex   1.049888e+01 -3.159377e+00 1.508000e+01
      vertex   1.060528e+01 -3.454915e+00 9.080000e+00
    endloop
  endfacet
  facet normal 9.408808e-01 3.387379e-01 -0.000000e+00
    outer loop
      vertex   1.060528e+01 -3.454915e+00 9.080000e+00
      vertex   1.049888e+01 -3.159377e+00 1.508000e+01
      vertex   1.060528e+01 -3.454915e+00 1.508000e+01
    endloop
  endfacet
  facet normal 9.602937e-01 2.789911e-01 -0.000000e+00
    outer loop
      vertex   1.060528e+01 -3.454915e+00 9.080000e+00
      vertex   1.060528e+01 -3.454915e+00 1.508000e+01
      vertex   1.069292e+01 -3.756551e+00 9.080000e+00
    endloop
  endfacet
  facet normal 9.602937e-01 2.789911e-01 -0.000000e+00
    outer loop
      vertex   1.069292e+01 -3.756551e+00 9.080000e+00
      vertex   1.060528e+01 -3.454915e+00 1.508000e+01
      vertex   1.069292e+01 -3.756551e+00 1.508000e+01
    endloop
  endfacet
  facet normal 9.759168e-01 2.181432e-01 -0.000000e+00
    outer loop
      vertex   1.069292e+01 -3.756551e+00 9.080000e+00
      vertex   1.069292e+01 -3.756551e+00 1.508000e+01
      vertex   1.076144e+01 -4.063093e+00 9.080000e+00
    endloop
  endfacet
  facet normal 9.759168e-01 2.181432e-01 -0.000000e+00
    outer loop
      vertex   1.076144e+01 -4.063093e+00 9.080000e+00
      vertex   1.069292e+01 -3.756551e+00 1.508000e+01
      vertex   1.076144e+01 -4.063093e+00 1.508000e+01
    endloop
  endfacet
  facet normal 9.876883e-01 1.564345e-01 -0.000000e+00
    outer loop
      vertex   1.076144e+01 -4.063093e+00 9.080000e+00
      vertex   1.076144e+01 -4.063093e+00 1.508000e+01
      vertex   1.081057e+01 -4.373334e+00 9.080000e+00
    endloop
  endfacet
  facet normal 9.876883e-01 1.564345e-01 2.924145e-16
    outer loop
      vertex   1.081057e+01 -4.373334e+00 9.080000e+00
      vertex   1.076144e+01 -4.063093e+00 1.508000e+01
      vertex   1.081057e+01 -4.373334e+00 1.508000e+01
    endloop
  endfacet
  facet normal 9.955620e-01 9.410831e-02 2.947456e-16
    outer loop
      vertex   1.081057e+01 -4.373334e+00 9.080000e+00
      vertex   1.081057e+01 -4.373334e+00 1.508000e+01
      vertex   1.084013e+01 -4.686047e+00 9.080000e+00
    endloop
  endfacet
  facet normal 9.955620e-01 9.410831e-02 -0.000000e+00
    outer loop
      vertex   1.084013e+01 -4.686047e+00 9.080000e+00
      vertex   1.081057e+01 -4.373334e+00 1.508000e+01
      vertex   1.084013e+01 -4.686047e+00 1.508000e+01
    endloop
  endfacet
  facet normal 9.955620e-01 9.410831e-02 3.257364e-19
    outer loop
      vertex   1.081057e+01 -4.373334e+00 2.708000e+01
      vertex   1.084013e+01 -4.686047e+00 2.708000e+01
      vertex   1.084013e+01 -4.686047e+00 2.108000e+01
    endloop
  endfacet
  facet normal 9.955620e-01 9.410831e-02 0.000000e+00
    outer loop
      vertex   1.084013e+01 -4.686047e+00 2.108000e+01
      vertex   1.084013e+01 -4.686047e+00 1.508000e+01
      vertex   1.081057e+01 -4.373334e+00 2.108000e+01
    endloop
  endfacet
  facet normal 9.955620e-01 9.410831e-02 -2.947456e-16
    outer loop
      vertex   1.081057e+01 -4.373334e+00 2.108000e+01
      vertex   1.084013e+01 -4.686047e+00 1.508000e+01
      vertex   1.081057e+01 -4.373334e+00 1.508000e+01
    endloop
  endfacet
  facet normal 9.876883e-01 1.564345e-01 -2.924145e-16
    outer loop
      vertex   1.081057e+01 -4.373334e+00 2.108000e+01
      vertex   1.081057e+01 -4.373334e+00 1.508000e+01
      vertex   1.076144e+01 -4.063093e+00 2.108000e+01
    endloop
  endfacet
  facet normal 9.876883e-01 1.564345e-01 -4.631391e-17
    outer loop
      vertex   1.076144e+01 -4.063093e+00 2.108000e+01
      vertex   1.081057e+01 -4.373334e+00 1.508000e+01
      vertex   1.076144e+01 -4.063093e+00 1.508000e+01
    endloop
  endfacet
  facet normal 9.759168e-01 2.181432e-01 -6.458337e-17
    outer loop
      vertex   1.076144e+01 -4.063093e+00 2.108000e+01
      vertex   1.076144e+01 -4.063093e+00 1.508000e+01
      vertex   1.069292e+01 -3.756551e+00 2.108000e+01
    endloop
  endfacet
  facet normal 9.759168e-01 2.181432e-01 0.000000e+00
    outer loop
      vertex   1.069292e+01 -3.756551e+00 2.108000e+01
      vertex   1.076144e+01 -4.063093e+00 1.508000e+01
      vertex   1.069292e+01 -3.756551e+00 1.508000e+01
    endloop
  endfacet
  facet normal 9.602937e-01 2.789911e-01 0.000000e+00
    outer loop
      vertex   1.069292e+01 -3.756551e+00 2.108000e+01
      vertex   1.069292e+01 -3.756551e+00 1.508000e+01
      vertex   1.060528e+01 -3.454915e+00 2.108000e+01
    endloop
  endfacet
  facet normal 9.602937e-01 2.789911e-01 -4.129898e-17
    outer loop
      vertex   1.060528e+01 -3.454915e+00 2.108000e+01
      vertex   1.069292e+01 -3.756551e+00 1.508000e+01
      vertex   1.060528e+01 -3.454915e+00 1.508000e+01
    endloop
  endfacet
  facet normal 9.408808e-01 3.387379e-01 -5.014329e-17
    outer loop
      vertex   1.060528e+01 -3.454915e+00 2.108000e+01
      vertex   1.060528e+01 -3.454915e+00 1.508000e+01
      vertex   1.049888e+01 -3.159377e+00 2.108000e+01
    endloop
  endfacet
  facet normal 9.408808e-01 3.387379e-01 -7.521493e-17
    outer loop
      vertex   1.049888e+01 -3.159377e+00 2.108000e+01
      vertex   1.060528e+01 -3.454915e+00 1.508000e+01
      vertex   1.049888e+01 -3.159377e+00 1.508000e+01
    endloop
  endfacet
  facet normal 9.177546e-01 3.971479e-01 -8.818455e-17
    outer loop
      vertex   1.049888e+01 -3.159377e+00 2.108000e+01
      vertex   1.049888e+01 -3.159377e+00 1.508000e+01
      vertex   1.037414e+01 -2.871104e+00 2.108000e+01
    endloop
  endfacet
  facet normal 9.177546e-01 3.971479e-01 -5.878970e-17
    outer loop
      vertex   1.037414e+01 -2.871104e+00 2.108000e+01
      vertex   1.049888e+01 -3.159377e+00 1.508000e+01
      vertex   1.037414e+01 -2.871104e+00 1.508000e+01
    endloop
  endfacet
  facet normal 8.910065e-01 4.539905e-01 -6.720409e-17
    outer loop
      vertex   1.037414e+01 -2.871104e+00 2.108000e+01
      vertex   1.037414e+01 -2.871104e+00 1.508000e+01
      vertex   1.023153e+01 -2.591232e+00 2.108000e+01
    endloop
  endfacet
  facet normal 8.910065e-01 4.539905e-01 0.000000e+00
    outer loop
      vertex   1.023153e+01 -2.591232e+00 2.108000e+01
      vertex   1.037414e+01 -2.871104e+00 1.508000e+01
      vertex   1.023153e+01 -2.591232e+00 1.508000e+01
    endloop
  endfacet
  facet normal 8.607420e-01 5.090414e-01 0.000000e+00
    outer loop
      vertex   1.023153e+01 -2.591232e+00 2.108000e+01
      vertex   1.023153e+01 -2.591232e+00 1.508000e+01
      vertex   1.007164e+01 -2.320866e+00 2.108000e+01
    endloop
  endfacet
  facet normal 8.607420e-01 5.090414e-01 -3.767663e-17
    outer loop
      vertex   1.007164e+01 -2.320866e+00 2.108000e+01
      vertex   1.023153e+01 -2.591232e+00 1.508000e+01
      vertex   1.007164e+01 -2.320866e+00 1.508000e+01
    endloop
  endfacet
  facet normal 8.270806e-01 5.620834e-01 -4.160253e-17
    outer loop
      vertex   1.007164e+01 -2.320866e+00 2.108000e+01
      vertex   1.007164e+01 -2.320866e+00 1.508000e+01
      vertex   9.895085e+00 -2.061074e+00 2.108000e+01
    endloop
  endfacet
  facet normal 8.270806e-01 5.620834e-01 0.000000e+00
    outer loop
      vertex   9.895085e+00 -2.061074e+00 2.108000e+01
      vertex   1.007164e+01 -2.320866e+00 1.508000e+01
      vertex   9.895085e+00 -2.061074e+00 1.508000e+01
    endloop
  endfacet
  facet normal 7.901550e-01 6.129071e-01 0.000000e+00
    outer loop
      vertex   9.895085e+00 -2.061074e+00 2.108000e+01
      vertex   9.895085e+00 -2.061074e+00 1.508000e+01
      vertex   9.702566e+00 -1.812880e+00 2.108000e+01
    endloop
  endfacet
  facet normal 7.901550e-01 6.129071e-01 0.000000e+00
    outer loop
      vertex   9.702566e+00 -1.812880e+00 2.108000e+01
      vertex   9.895085e+00 -2.061074e+00 1.508000e+01
      vertex   9.702566e+00 -1.812880e+00 1.508000e+01
    endloop
  endfacet
  facet normal 7.501111e-01 6.613119e-01 0.000000e+00
    outer loop
      vertex   9.702566e+00 -1.812880e+00 2.108000e+01
      vertex   9.702566e+00 -1.812880e+00 1.508000e+01
      vertex   9.494843e+00 -1.577264e+00 2.108000e+01
    endloop
  endfacet
  facet normal 7.501111e-01 6.613119e-01 0.000000e+00
    outer loop
      vertex   9.494843e+00 -1.577264e+00 2.108000e+01
      vertex   9.702566e+00 -1.812880e+00 1.508000e+01
      vertex   9.494843e+00 -1.577264e+00 1.508000e+01
    endloop
  endfacet
  facet normal 7.071068e-01 7.071068e-01 0.000000e+00
    outer loop
      vertex   9.494843e+00 -1.577264e+00 2.108000e+01
      vertex   9.494843e+00 -1.577264e+00 1.508000e+01
      vertex   9.272736e+00 -1.355157e+00 2.108000e+01
    endloop
  endfacet
  facet normal 7.071068e-01 7.071068e-01 0.000000e+00
    outer loop
      vertex   9.272736e+00 -1.355157e+00 2.108000e+01
      vertex   9.494843e+00 -1.577264e+00 1.508000e+01
      vertex   9.272736e+00 -1.355157e+00 1.508000e+01
    endloop
  endfacet
  facet normal 6.613119e-01 7.501111e-01 0.000000e+00
    outer loop
      vertex   9.272736e+00 -1.355157e+00 2.108000e+01
      vertex   9.272736e+00 -1.355157e+00 1.508000e+01
      vertex   9.037120e+00 -1.147434e+00 2.108000e+01
    endloop
  endfacet
  facet normal 6.613119e-01 7.501111e-01 -5.551937e-17
    outer loop
      vertex   9.037120e+00 -1.147434e+00 2.108000e+01
      vertex   9.272736e+00 -1.355157e+00 1.508000e+01
      vertex   9.037120e+00 -1.147434e+00 1.508000e+01
    endloop
  endfacet
  facet normal 6.129071e-01 7.901550e-01 -5.848322e-17
    outer loop
      vertex   9.037120e+00 -1.147434e+00 2.108000e+01
      vertex   9.037120e+00 -1.147434e+00 1.508000e+01
      vertex   8.788926e+00 -9.549150e-01 2.108000e+01
    endloop
  endfacet
  facet normal 6.129071e-01 7.901550e-01 0.000000e+00
    outer loop
      vertex   8.788926e+00 -9.549150e-01 2.108000e+01
      vertex   9.037120e+00 -1.147434e+00 1.508000e+01
      vertex   8.788926e+00 -9.549150e-01 1.508000e+01
    endloop
  endfacet
  facet normal 5.620834e-01 8.270806e-01 0.000000e+00
    outer loop
      vertex   8.788926e+00 -9.549150e-01 2.108000e+01
      vertex   8.788926e+00 -9.549150e-01 1.508000e+01
      vertex   8.529134e+00 -7.783604e-01 2.108000e+01
    endloop
  endfacet
  facet normal 5.620834e-01 8.270806e-01 0.000000e+00
    outer loop
      vertex   8.529134e+00 -7.783604e-01 2.108000e+01
      vertex   8.788926e+00 -9.549150e-01 1.508000e+01
      vertex   8.529134e+00 -7.783604e-01 1.508000e+01
    endloop
  endfacet
  facet normal 5.090414e-01 8.607420e-01 0.000000e+00
    outer loop
      vertex   8.529134e+00 -7.783604e-01 2.108000e+01
      vertex   8.529134e+00 -7.783604e-01 1.508000e+01
      vertex   8.258768e+00 -6.184666e-01 2.108000e+01
    endloop
  endfacet
  facet normal 5.090414e-01 8.607420e-01 0.000000e+00
    outer loop
      vertex   8.258768e+00 -6.184666e-01 2.108000e+01
      vertex   8.529134e+00 -7.783604e-01 1.508000e+01
      vertex   8.258768e+00 -6.184666e-01 1.508000e+01
    endloop
  endfacet
  facet normal 4.539905e-01 8.910065e-01 0.000000e+00
    outer loop
      vertex   8.258768e+00 -6.184666e-01 2.108000e+01
      vertex   8.258768e+00 -6.184666e-01 1.508000e+01
      vertex   7.978896e+00 -4.758647e-01 2.108000e+01
    endloop
  endfacet
  facet normal 4.539905e-01 8.910065e-01 0.000000e+00
    outer loop
      vertex   7.978896e+00 -4.758647e-01 2.108000e+01
      vertex   8.258768e+00 -6.184666e-01 1.508000e+01
      vertex   7.978896e+00 -4.758647e-01 1.508000e+01
    endloop
  endfacet
  facet normal 3.971479e-01 9.177546e-01 0.000000e+00
    outer loop
      vertex   7.978896e+00 -4.758647e-01 2.108000e+01
      vertex   7.978896e+00 -4.758647e-01 1.508000e+01
      vertex   7.690623e+00 -3.511176e-01 2.108000e+01
    endloop
  endfacet
  facet normal 3.971479e-01 9.177546e-01 8.490936e-17
    outer loop
      vertex   7.690623e+00 -3.511176e-01 2.108000e+01
      vertex   7.978896e+00 -4.758647e-01 1.508000e+01
      vertex   7.690623e+00 -3.511176e-01 1.508000e+01
    endloop
  endfacet
  facet normal 3.387379e-01 9.408808e-01 8.704896e-17
    outer loop
      vertex   7.690623e+00 -3.511176e-01 2.108000e+01
      vertex   7.690623e+00 -3.511176e-01 1.508000e+01
      vertex   7.395085e+00 -2.447174e-01 2.108000e+01
    endloop
  endfacet
  facet normal 3.387379e-01 9.408808e-01 5.014329e-17
    outer loop
      vertex   7.395085e+00 -2.447174e-01 2.108000e+01
      vertex   7.690623e+00 -3.511176e-01 1.508000e+01
      vertex   7.395085e+00 -2.447174e-01 1.508000e+01
    endloop
  endfacet
  facet normal 2.789911e-01 9.602937e-01 4.129898e-17
    outer loop
      vertex   7.395085e+00 -2.447174e-01 2.108000e+01
      vertex   7.395085e+00 -2.447174e-01 1.508000e+01
      vertex   7.093449e+00 -1.570842e-01 2.108000e+01
    endloop
  endfacet
  facet normal 2.789911e-01 9.602937e-01 0.000000e+00
    outer loop
      vertex   7.093449e+00 -1.570842e-01 2.108000e+01
      vertex   7.395085e+00 -2.447174e-01 1.508000e+01
      vertex   7.093449e+00 -1.570842e-01 1.508000e+01
    endloop
  endfacet
  facet normal 2.181432e-01 9.759168e-01 0.000000e+00
    outer loop
      vertex   7.093449e+00 -1.570842e-01 2.108000e+01
      vertex   7.093449e+00 -1.570842e-01 1.508000e+01
      vertex   6.786907e+00 -8.856375e-02 2.108000e+01
    endloop
  endfacet
  facet normal 2.181432e-01 9.759168e-01 0.000000e+00
    outer loop
      vertex   6.786907e+00 -8.856375e-02 2.108000e+01
      vertex   7.093449e+00 -1.570842e-01 1.508000e+01
      vertex   6.786907e+00 -8.856375e-02 1.508000e+01
    endloop
  endfacet
  facet normal 1.564345e-01 9.876883e-01 0.000000e+00
    outer loop
      vertex   6.786907e+00 -8.856375e-02 2.108000e+01
      vertex   6.786907e+00 -8.856375e-02 1.508000e+01
      vertex   6.476666e+00 -3.942649e-02 2.108000e+01
    endloop
  endfacet
  facet normal 1.564345e-01 9.876883e-01 0.000000e+00
    outer loop
      vertex   6.476666e+00 -3.942649e-02 2.108000e+01
      vertex   6.786907e+00 -8.856375e-02 1.508000e+01
      vertex   6.476666e+00 -3.942649e-02 1.508000e+01
    endloop
  endfacet
  facet normal 9.410831e-02 9.955620e-01 0.000000e+00
    outer loop
      vertex   6.476666e+00 -3.942649e-02 2.108000e+01
      vertex   6.476666e+00 -3.942649e-02 1.508000e+01
      vertex   6.163953e+00 -9.866358e-03 2.108000e+01
    endloop
  endfacet
  facet normal 9.410831e-02 9.955620e-01 0.000000e+00
    outer loop
      vertex   6.163953e+00 -9.866358e-03 2.108000e+01
      vertex   6.476666e+00 -3.942649e-02 1.508000e+01
      vertex   6.163953e+00 -9.866358e-03 1.508000e+01
    endloop
  endfacet
  facet normal 9.876883e-01 1.564345e-01 2.695532e-16
    outer loop
      vertex   1.076144e+01 -4.063093e+00 2.708000e+01
      vertex   1.081057e+01 -4.373334e+00 2.708000e+01
      vertex   1.081057e+01 -4.373334e+00 2.108000e+01
    endloop
  endfacet
  facet normal 9.955620e-01 9.410831e-02 2.808147e-16
    outer loop
      vertex   1.081057e+01 -4.373334e+00 2.108000e+01
      vertex   1.081057e+01 -4.373334e+00 2.708000e+01
      vertex   1.084013e+01 -4.686047e+00 2.108000e+01
    endloop
  endfacet
  facet normal 9.876883e-01 1.564345e-01 0.000000e+00
    outer loop
      vertex   1.076144e+01 -4.063093e+00 2.708000e+01
      vertex   1.081057e+01 -4.373334e+00 2.108000e+01
      vertex   1.076144e+01 -4.063093e+00 2.108000e+01
    endloop
  endfacet
  facet normal 9.759168e-01 2.181432e-01 4.101430e-19
    outer loop
      vertex   1.069292e+01 -3.756551e+00 2.708000e+01
      vertex   1.076144e+01 -4.063093e+00 2.708000e+01
      vertex   1.076144e+01 -4.063093e+00 2.108000e+01
    endloop
  endfacet
  facet normal 9.759168e-01 2.181432e-01 -4.843753e-17
    outer loop
      vertex   1.069292e+01 -3.756551e+00 2.708000e+01
      vertex   1.076144e+01 -4.063093e+00 2.108000e+01
      vertex   1.069292e+01 -3.756551e+00 2.108000e+01
    endloop
  endfacet
  facet normal 9.602937e-01 2.789911e-01 -6.169545e-17
    outer loop
      vertex   1.060528e+01 -3.454915e+00 2.708000e+01
      vertex   1.069292e+01 -3.756551e+00 2.708000e+01
      vertex   1.069292e+01 -3.756551e+00 2.108000e+01
    endloop
  endfacet
  facet normal 9.602937e-01 2.789911e-01 0.000000e+00
    outer loop
      vertex   1.060528e+01 -3.454915e+00 2.708000e+01
      vertex   1.069292e+01 -3.756551e+00 2.108000e+01
      vertex   1.060528e+01 -3.454915e+00 2.108000e+01
    endloop
  endfacet
  facet normal 9.408808e-01 3.387379e-01 -4.945580e-19
    outer loop
      vertex   1.049888e+01 -3.159377e+00 2.708000e+01
      vertex   1.060528e+01 -3.454915e+00 2.708000e+01
      vertex   1.060528e+01 -3.454915e+00 2.108000e+01
    endloop
  endfacet
  facet normal 9.408808e-01 3.387379e-01 0.000000e+00
    outer loop
      vertex   1.049888e+01 -3.159377e+00 2.708000e+01
      vertex   1.060528e+01 -3.454915e+00 2.108000e+01
      vertex   1.049888e+01 -3.159377e+00 2.108000e+01
    endloop
  endfacet
  facet normal 9.177546e-01 3.971479e-01 2.618814e-19
    outer loop
      vertex   1.037414e+01 -2.871104e+00 2.708000e+01
      vertex   1.049888e+01 -3.159377e+00 2.708000e+01
      vertex   1.049888e+01 -3.159377e+00 2.108000e+01
    endloop
  endfacet
  facet normal 9.177546e-01 3.971479e-01 0.000000e+00
    outer loop
      vertex   1.037414e+01 -2.871104e+00 2.708000e+01
      vertex   1.049888e+01 -3.159377e+00 2.108000e+01
      vertex   1.037414e+01 -2.871104e+00 2.108000e+01
    endloop
  endfacet
  facet normal 8.910065e-01 4.539905e-01 -4.840763e-19
    outer loop
      vertex   1.023153e+01 -2.591232e+00 2.708000e+01
      vertex   1.037414e+01 -2.871104e+00 2.708000e+01
      vertex   1.037414e+01 -2.871104e+00 2.108000e+01
    endloop
  endfacet
  facet normal 8.910065e-01 4.539905e-01 0.000000e+00
    outer loop
      vertex   1.023153e+01 -2.591232e+00 2.708000e+01
      vertex   1.037414e+01 -2.871104e+00 2.108000e+01
      vertex   1.023153e+01 -2.591232e+00 2.108000e+01
    endloop
  endfacet
  facet normal 8.607420e-01 5.090414e-01 1.031256e-18
    outer loop
      vertex   1.007164e+01 -2.320866e+00 2.708000e+01
      vertex   1.023153e+01 -2.591232e+00 2.708000e+01
      vertex   1.023153e+01 -2.591232e+00 2.108000e+01
    endloop
  endfacet
  facet normal 8.607420e-01 5.090414e-01 0.000000e+00
    outer loop
      vertex   1.007164e+01 -2.320866e+00 2.708000e+01
      vertex   1.023153e+01 -2.591232e+00 2.108000e+01
      vertex   1.007164e+01 -2.320866e+00 2.108000e+01
    endloop
  endfacet
  facet normal 8.270806e-01 5.620834e-01 -3.971670e-19
    outer loop
      vertex   9.895085e+00 -2.061074e+00 2.708000e+01
      vertex   1.007164e+01 -2.320866e+00 2.708000e+01
      vertex   1.007164e+01 -2.320866e+00 2.108000e+01
    endloop
  endfacet
  facet normal 8.270806e-01 5.620834e-01 -8.320505e-17
    outer loop
      vertex   9.895085e+00 -2.061074e+00 2.708000e+01
      vertex   1.007164e+01 -2.320866e+00 2.108000e+01
      vertex   9.895085e+00 -2.061074e+00 2.108000e+01
    endloop
  endfacet
  facet normal 7.901550e-01 6.129071e-01 -9.186822e-17
    outer loop
      vertex   9.702566e+00 -1.812880e+00 2.708000e+01
      vertex   9.895085e+00 -2.061074e+00 2.708000e+01
      vertex   9.895085e+00 -2.061074e+00 2.108000e+01
    endloop
  endfacet
  facet normal 7.901550e-01 6.129071e-01 -6.804635e-17
    outer loop
      vertex   9.702566e+00 -1.812880e+00 2.708000e+01
      vertex   9.895085e+00 -2.061074e+00 2.108000e+01
      vertex   9.702566e+00 -1.812880e+00 2.108000e+01
    endloop
  endfacet
  facet normal 7.501111e-01 6.613119e-01 -7.274154e-17
    outer loop
      vertex   9.494843e+00 -1.577264e+00 2.708000e+01
      vertex   9.702566e+00 -1.812880e+00 2.708000e+01
      vertex   9.702566e+00 -1.812880e+00 2.108000e+01
    endloop
  endfacet
  facet normal 7.501111e-01 6.613119e-01 0.000000e+00
    outer loop
      vertex   9.494843e+00 -1.577264e+00 2.708000e+01
      vertex   9.702566e+00 -1.812880e+00 2.108000e+01
      vertex   9.494843e+00 -1.577264e+00 2.108000e+01
    endloop
  endfacet
  facet normal 7.071068e-01 7.071068e-01 -1.213081e-18
    outer loop
      vertex   9.272736e+00 -1.355157e+00 2.708000e+01
      vertex   9.494843e+00 -1.577264e+00 2.708000e+01
      vertex   9.494843e+00 -1.577264e+00 2.108000e+01
    endloop
  endfacet
  facet normal 7.071068e-01 7.071068e-01 0.000000e+00
    outer loop
      vertex   9.272736e+00 -1.355157e+00 2.708000e+01
      vertex   9.494843e+00 -1.577264e+00 2.108000e+01
      vertex   9.272736e+00 -1.355157e+00 2.108000e+01
    endloop
  endfacet
  facet normal 6.613119e-01 7.501111e-01 4.093614e-20
    outer loop
      vertex   9.037120e+00 -1.147434e+00 2.708000e+01
      vertex   9.272736e+00 -1.355157e+00 2.708000e+01
      vertex   9.272736e+00 -1.355157e+00 2.108000e+01
    endloop
  endfacet
  facet normal 6.613119e-01 7.501111e-01 0.000000e+00
    outer loop
      vertex   9.037120e+00 -1.147434e+00 2.708000e+01
      vertex   9.272736e+00 -1.355157e+00 2.108000e+01
      vertex   9.037120e+00 -1.147434e+00 2.108000e+01
    endloop
  endfacet
  facet normal 6.129071e-01 7.901550e-01 -1.344508e-18
    outer loop
      vertex   8.788926e+00 -9.549150e-01 2.708000e+01
      vertex   9.037120e+00 -1.147434e+00 2.708000e+01
      vertex   9.037120e+00 -1.147434e+00 2.108000e+01
    endloop
  endfacet
  facet normal 6.129071e-01 7.901550e-01 0.000000e+00
    outer loop
      vertex   8.788926e+00 -9.549150e-01 2.708000e+01
      vertex   9.037120e+00 -1.147434e+00 2.108000e+01
      vertex   8.788926e+00 -9.549150e-01 2.108000e+01
    endloop
  endfacet
  facet normal 5.620834e-01 8.270806e-01 1.315828e-18
    outer loop
      vertex   8.529134e+00 -7.783604e-01 2.708000e+01
      vertex   8.788926e+00 -9.549150e-01 2.708000e+01
      vertex   8.788926e+00 -9.549150e-01 2.108000e+01
    endloop
  endfacet
  facet normal 5.620834e-01 8.270806e-01 0.000000e+00
    outer loop
      vertex   8.529134e+00 -7.783604e-01 2.708000e+01
      vertex   8.788926e+00 -9.549150e-01 2.108000e+01
      vertex   8.529134e+00 -7.783604e-01 2.108000e+01
    endloop
  endfacet
  facet normal 5.090414e-01 8.607420e-01 -1.812890e-18
    outer loop
      vertex   8.258768e+00 -6.184666e-01 2.708000e+01
      vertex   8.529134e+00 -7.783604e-01 2.708000e+01
      vertex   8.529134e+00 -7.783604e-01 2.108000e+01
    endloop
  endfacet
  facet normal 5.090414e-01 8.607420e-01 7.963463e-17
    outer loop
      vertex   8.258768e+00 -6.184666e-01 2.708000e+01
      vertex   8.529134e+00 -7.783604e-01 2.108000e+01
      vertex   8.258768e+00 -6.184666e-01 2.108000e+01
    endloop
  endfacet
  facet normal 4.539905e-01 8.910065e-01 8.186330e-17
    outer loop
      vertex   7.978896e+00 -4.758647e-01 2.708000e+01
      vertex   8.258768e+00 -6.184666e-01 2.708000e+01
      vertex   8.258768e+00 -6.184666e-01 2.108000e+01
    endloop
  endfacet
  facet normal 4.539905e-01 8.910065e-01 -8.243466e-17
    outer loop
      vertex   7.978896e+00 -4.758647e-01 2.708000e+01
      vertex   8.258768e+00 -6.184666e-01 2.108000e+01
      vertex   7.978896e+00 -4.758647e-01 2.108000e+01
    endloop
  endfacet
  facet normal 3.971479e-01 9.177546e-01 -8.445447e-17
    outer loop
      vertex   7.690623e+00 -3.511176e-01 2.708000e+01
      vertex   7.978896e+00 -4.758647e-01 2.708000e+01
      vertex   7.978896e+00 -4.758647e-01 2.108000e+01
    endloop
  endfacet
  facet normal 3.971479e-01 9.177546e-01 0.000000e+00
    outer loop
      vertex   7.690623e+00 -3.511176e-01 2.708000e+01
      vertex   7.978896e+00 -4.758647e-01 2.108000e+01
      vertex   7.690623e+00 -3.511176e-01 2.108000e+01
    endloop
  endfacet
  facet normal 3.387379e-01 9.408808e-01 1.293287e-18
    outer loop
      vertex   7.395085e+00 -2.447174e-01 2.708000e+01
      vertex   7.690623e+00 -3.511176e-01 2.708000e+01
      vertex   7.690623e+00 -3.511176e-01 2.108000e+01
    endloop
  endfacet
  facet normal 3.387379e-01 9.408808e-01 0.000000e+00
    outer loop
      vertex   7.395085e+00 -2.447174e-01 2.708000e+01
      vertex   7.690623e+00 -3.511176e-01 2.108000e+01
      vertex   7.395085e+00 -2.447174e-01 2.108000e+01
    endloop
  endfacet
  facet normal 2.789911e-01 9.602937e-01 6.525954e-19
    outer loop
      vertex   7.093449e+00 -1.570842e-01 2.708000e+01
      vertex   7.395085e+00 -2.447174e-01 2.708000e+01
      vertex   7.395085e+00 -2.447174e-01 2.108000e+01
    endloop
  endfacet
  facet normal 2.789911e-01 9.602937e-01 8.259796e-17
    outer loop
      vertex   7.093449e+00 -1.570842e-01 2.708000e+01
      vertex   7.395085e+00 -2.447174e-01 2.108000e+01
      vertex   7.093449e+00 -1.570842e-01 2.108000e+01
    endloop
  endfacet
  facet normal 2.181432e-01 9.759168e-01 6.459195e-17
    outer loop
      vertex   6.786907e+00 -8.856375e-02 2.708000e+01
      vertex   7.093449e+00 -1.570842e-01 2.708000e+01
      vertex   7.093449e+00 -1.570842e-01 2.108000e+01
    endloop
  endfacet
  facet normal 2.181432e-01 9.759168e-01 3.229169e-17
    outer loop
      vertex   6.786907e+00 -8.856375e-02 2.708000e+01
      vertex   7.093449e+00 -1.570842e-01 2.108000e+01
      vertex   6.786907e+00 -8.856375e-02 2.108000e+01
    endloop
  endfacet
  facet normal 1.564345e-01 9.876883e-01 2.291887e-17
    outer loop
      vertex   6.476666e+00 -3.942649e-02 2.708000e+01
      vertex   6.786907e+00 -8.856375e-02 2.708000e+01
      vertex   6.786907e+00 -8.856375e-02 2.108000e+01
    endloop
  endfacet
  facet normal 1.564345e-01 9.876883e-01 0.000000e+00
    outer loop
      vertex   6.476666e+00 -3.942649e-02 2.708000e+01
      vertex   6.786907e+00 -8.856375e-02 2.108000e+01
      vertex   6.476666e+00 -3.942649e-02 2.108000e+01
    endloop
  endfacet
  facet normal 9.410831e-02 9.955620e-01 2.911009e-20
    outer loop
      vertex   6.163953e+00 -9.866358e-03 2.708000e+01
      vertex   6.476666e+00 -3.942649e-02 2.708000e+01
      vertex   6.476666e+00 -3.942649e-02 2.108000e+01
    endloop
  endfacet
  facet normal 9.410831e-02 9.955620e-01 0.000000e+00
    outer loop
      vertex   6.163953e+00 -9.866358e-03 2.708000e+01
      vertex   6.476666e+00 -3.942649e-02 2.108000e+01
      vertex   6.163953e+00 -9.866358e-03 2.108000e+01
    endloop
  endfacet
  facet normal -5.690642e-16 9.995066e-01 3.141076e-02
    outer loop
      vertex   5.850000e+00 2.220446e-15 3.308000e+01
      vertex   -6.661338e-15 -1.110223e-15 3.308000e+01
      vertex   5.850000e+00 -9.866358e-03 3.339395e+01
    endloop
  endfacet
  facet normal 6.164862e-16 9.995066e-01 3.141076e-02
    outer loop
      vertex   5.850000e+00 -9.866358e-03 3.339395e+01
      vertex   -6.661338e-15 -1.110223e-15 3.308000e+01
      vertex   -1.701286e-15 -9.866358e-03 3.339395e+01
    endloop
  endfacet
  facet normal 6.140532e-16 9.955620e-01 9.410831e-02
    outer loop
      vertex   5.850000e+00 -9.866358e-03 3.339395e+01
      vertex   -1.701286e-15 -9.866358e-03 3.339395e+01
      vertex   5.850000e+00 -3.942649e-02 3.370667e+01
    endloop
  endfacet
  facet normal 8.228272e-16 9.955620e-01 9.410831e-02
    outer loop
      vertex   5.850000e+00 -3.942649e-02 3.370667e+01
      vertex   -1.701286e-15 -9.866358e-03 3.339395e+01
      vertex   -1.739286e-15 -3.942649e-02 3.370667e+01
    endloop
  endfacet
  facet normal 8.929252e-16 9.876883e-01 1.564345e-01
    outer loop
      vertex   5.850000e+00 -3.942649e-02 3.370667e+01
      vertex   -1.739286e-15 -3.942649e-02 3.370667e+01
      vertex   5.850000e+00 -8.856375e-02 3.401691e+01
    endloop
  endfacet
  facet normal 9.397865e-16 9.876883e-01 1.564345e-01
    outer loop
      vertex   5.850000e+00 -8.856375e-02 3.401691e+01
      vertex   -1.739286e-15 -3.942649e-02 3.370667e+01
      vertex   -1.779185e-15 -8.856375e-02 3.401691e+01
    endloop
  endfacet
  facet normal 1.005802e-15 9.759168e-01 2.181432e-01
    outer loop
      vertex   5.850000e+00 -8.856375e-02 3.401691e+01
      vertex   -1.779185e-15 -8.856375e-02 3.401691e+01
      vertex   5.850000e+00 -1.570842e-01 3.432345e+01
    endloop
  endfacet
  facet normal 6.945418e-16 9.759168e-01 2.181432e-01
    outer loop
      vertex   5.850000e+00 -1.570842e-01 3.432345e+01
      vertex   -1.779185e-15 -8.856375e-02 3.401691e+01
      vertex   -1.820825e-15 -1.570842e-01 3.432345e+01
    endloop
  endfacet
  facet normal 6.834232e-16 9.602937e-01 2.789911e-01
    outer loop
      vertex   5.850000e+00 -1.570842e-01 3.432345e+01
      vertex   -1.820825e-15 -1.570842e-01 3.432345e+01
      vertex   5.850000e+00 -2.447174e-01 3.462508e+01
    endloop
  endfacet
  facet normal 6.378616e-16 9.602937e-01 2.789911e-01
    outer loop
      vertex   5.850000e+00 -2.447174e-01 3.462508e+01
      vertex   -1.820825e-15 -1.570842e-01 3.432345e+01
      vertex   -1.864043e-15 -2.447174e-01 3.462508e+01
    endloop
  endfacet
  facet normal 6.249669e-16 9.408808e-01 3.387379e-01
    outer loop
      vertex   5.850000e+00 -2.447174e-01 3.462508e+01
      vertex   -1.864043e-15 -2.447174e-01 3.462508e+01
      vertex   5.850000e+00 -3.511176e-01 3.492062e+01
    endloop
  endfacet
  facet normal 5.356859e-16 9.408808e-01 3.387379e-01
    outer loop
      vertex   5.850000e+00 -3.511176e-01 3.492062e+01
      vertex   -1.864043e-15 -2.447174e-01 3.462508e+01
      vertex   -1.908667e-15 -3.511176e-01 3.492062e+01
    endloop
  endfacet
  facet normal 5.225191e-16 9.177546e-01 3.971479e-01
    outer loop
      vertex   5.850000e+00 -3.511176e-01 3.492062e+01
      vertex   -1.908667e-15 -3.511176e-01 3.492062e+01
      vertex   5.850000e+00 -4.758647e-01 3.520890e+01
    endloop
  endfacet
  facet normal 1.161652e-15 9.177546e-01 3.971479e-01
    outer loop
      vertex   5.850000e+00 -4.758647e-01 3.520890e+01
      vertex   -1.908667e-15 -3.511176e-01 3.492062e+01
      vertex   -1.954521e-15 -4.758647e-01 3.520890e+01
    endloop
  endfacet
  facet normal 1.210896e-15 8.910065e-01 4.539905e-01
    outer loop
      vertex   5.850000e+00 -4.758647e-01 3.520890e+01
      vertex   -1.954521e-15 -4.758647e-01 3.520890e+01
      vertex   5.850000e+00 -6.184666e-01 3.548877e+01
    endloop
  endfacet
  facet normal 4.396515e-16 8.910065e-01 4.539905e-01
    outer loop
      vertex   5.850000e+00 -6.184666e-01 3.548877e+01
      vertex   -1.954521e-15 -4.758647e-01 3.520890e+01
      vertex   -2.001425e-15 -6.184666e-01 3.548877e+01
    endloop
  endfacet
  facet normal 4.247181e-16 8.607420e-01 5.090414e-01
    outer loop
      vertex   5.850000e+00 -6.184666e-01 3.548877e+01
      vertex   -2.001425e-15 -6.184666e-01 3.548877e+01
      vertex   5.850000e+00 -7.783604e-01 3.575913e+01
    endloop
  endfacet
  facet normal 1.173684e-15 8.607420e-01 5.090414e-01
    outer loop
      vertex   5.850000e+00 -7.783604e-01 3.575913e+01
      vertex   -2.001425e-15 -6.184666e-01 3.548877e+01
      vertex   -2.049194e-15 -7.783604e-01 3.575913e+01
    endloop
  endfacet
  facet normal 1.216388e-15 8.270806e-01 5.620834e-01
    outer loop
      vertex   5.850000e+00 -7.783604e-01 3.575913e+01
      vertex   -2.049194e-15 -7.783604e-01 3.575913e+01
      vertex   5.850000e+00 -9.549150e-01 3.601893e+01
    endloop
  endfacet
  facet normal 1.106513e-15 8.270806e-01 5.620834e-01
    outer loop
      vertex   5.850000e+00 -9.549150e-01 3.601893e+01
      vertex   -2.049194e-15 -7.783604e-01 3.575913e+01
      vertex   -2.097638e-15 -9.549150e-01 3.601893e+01
    endloop
  endfacet
  facet normal 1.149323e-15 7.901550e-01 6.129071e-01
    outer loop
      vertex   5.850000e+00 -9.549150e-01 3.601893e+01
      vertex   -2.097638e-15 -9.549150e-01 3.601893e+01
      vertex   5.850000e+00 -1.147434e+00 3.626712e+01
    endloop
  endfacet
  facet normal 4.198795e-16 7.901550e-01 6.129071e-01
    outer loop
      vertex   5.850000e+00 -1.147434e+00 3.626712e+01
      vertex   -2.097638e-15 -9.549150e-01 3.601893e+01
      vertex   -2.146567e-15 -1.147434e+00 3.626712e+01
    endloop
  endfacet
  facet normal 3.986006e-16 7.501111e-01 6.613119e-01
    outer loop
      vertex   5.850000e+00 -1.147434e+00 3.626712e+01
      vertex   -2.146567e-15 -1.147434e+00 3.626712e+01
      vertex   5.850000e+00 -1.355157e+00 3.650274e+01
    endloop
  endfacet
  facet normal 4.270721e-16 7.501111e-01 6.613119e-01
    outer loop
      vertex   5.850000e+00 -1.355157e+00 3.650274e+01
      vertex   -2.146567e-15 -1.147434e+00 3.626712e+01
      vertex   -2.195787e-15 -1.355157e+00 3.650274e+01
    endloop
  endfacet
  facet normal 4.025878e-16 7.071068e-01 7.071068e-01
    outer loop
      vertex   5.850000e+00 -1.355157e+00 3.650274e+01
      vertex   -2.195787e-15 -1.355157e+00 3.650274e+01
      vertex   5.850000e+00 -1.577264e+00 3.672484e+01
    endloop
  endfacet
  facet normal 3.220702e-16 7.071068e-01 7.071068e-01
    outer loop
      vertex   5.850000e+00 -1.577264e+00 3.672484e+01
      vertex   -2.195787e-15 -1.355157e+00 3.650274e+01
      vertex   -2.245105e-15 -1.577264e+00 3.672484e+01
    endloop
  endfacet
  facet normal 3.012118e-16 6.613119e-01 7.501111e-01
    outer loop
      vertex   5.850000e+00 -1.577264e+00 3.672484e+01
      vertex   -2.245105e-15 -1.577264e+00 3.672484e+01
      vertex   5.850000e+00 -1.812880e+00 3.693257e+01
    endloop
  endfacet
  facet normal 3.012118e-16 6.613119e-01 7.501111e-01
    outer loop
      vertex   5.850000e+00 -1.812880e+00 3.693257e+01
      vertex   -2.245105e-15 -1.577264e+00 3.672484e+01
      vertex   -2.294325e-15 -1.812880e+00 3.693257e+01
    endloop
  endfacet
  facet normal 2.791645e-16 6.129071e-01 7.901550e-01
    outer loop
      vertex   5.850000e+00 -1.812880e+00 3.693257e+01
      vertex   -2.294325e-15 -1.812880e+00 3.693257e+01
      vertex   5.850000e+00 -2.061074e+00 3.712508e+01
    endloop
  endfacet
  facet normal 2.326371e-16 6.129071e-01 7.901550e-01
    outer loop
      vertex   5.850000e+00 -2.061074e+00 3.712508e+01
      vertex   -2.294325e-15 -1.812880e+00 3.693257e+01
      vertex   -2.343254e-15 -2.061074e+00 3.712508e+01
    endloop
  endfacet
  facet normal 2.133463e-16 5.620834e-01 8.270806e-01
    outer loop
      vertex   5.850000e+00 -2.061074e+00 3.712508e+01
      vertex   -2.343254e-15 -2.061074e+00 3.712508e+01
      vertex   5.850000e+00 -2.320866e+00 3.730164e+01
    endloop
  endfacet
  facet normal 1.132582e-15 5.620834e-01 8.270806e-01
    outer loop
      vertex   5.850000e+00 -2.320866e+00 3.730164e+01
      vertex   -2.343254e-15 -2.061074e+00 3.712508e+01
      vertex   -2.391699e-15 -2.320866e+00 3.730164e+01
    endloop
  endfacet
  facet normal 1.161388e-15 5.090414e-01 8.607420e-01
    outer loop
      vertex   5.850000e+00 -2.320866e+00 3.730164e+01
      vertex   -2.391699e-15 -2.320866e+00 3.730164e+01
      vertex   5.850000e+00 -2.591232e+00 3.746153e+01
    endloop
  endfacet
  facet normal 1.545708e-16 5.090414e-01 8.607420e-01
    outer loop
      vertex   5.850000e+00 -2.591232e+00 3.746153e+01
      vertex   -2.391699e-15 -2.320866e+00 3.730164e+01
      vertex   -2.439467e-15 -2.591232e+00 3.746153e+01
    endloop
  endfacet
  facet normal 1.378546e-16 4.539905e-01 8.910065e-01
    outer loop
      vertex   5.850000e+00 -2.591232e+00 3.746153e+01
      vertex   -2.439467e-15 -2.591232e+00 3.746153e+01
      vertex   5.850000e+00 -2.871104e+00 3.760414e+01
    endloop
  endfacet
  facet normal 1.220074e-15 4.539905e-01 8.910065e-01
    outer loop
      vertex   5.850000e+00 -2.871104e+00 3.760414e+01
      vertex   -2.439467e-15 -2.591232e+00 3.746153e+01
      vertex   -2.486371e-15 -2.871104e+00 3.760414e+01
    endloop
  endfacet
  facet normal 1.235302e-15 3.971479e-01 9.177546e-01
    outer loop
      vertex   5.850000e+00 -2.871104e+00 3.760414e+01
      vertex   -2.486371e-15 -2.871104e+00 3.760414e+01
      vertex   5.850000e+00 -3.159377e+00 3.772888e+01
    endloop
  endfacet
  facet normal 1.808914e-16 3.971479e-01 9.177546e-01
    outer loop
      vertex   5.850000e+00 -3.159377e+00 3.772888e+01
      vertex   -2.486371e-15 -2.871104e+00 3.760414e+01
      vertex   -2.532226e-15 -3.159377e+00 3.772888e+01
    endloop
  endfacet
  facet normal 1.542870e-16 3.387379e-01 9.408808e-01
    outer loop
      vertex   5.850000e+00 -3.159377e+00 3.772888e+01
      vertex   -2.532226e-15 -3.159377e+00 3.772888e+01
      vertex   5.850000e+00 -3.454915e+00 3.783528e+01
    endloop
  endfacet
  facet normal 5.142901e-17 3.387379e-01 9.408808e-01
    outer loop
      vertex   5.850000e+00 -3.454915e+00 3.783528e+01
      vertex   -2.532226e-15 -3.159377e+00 3.772888e+01
      vertex   -2.576850e-15 -3.454915e+00 3.783528e+01
    endloop
  endfacet
  facet normal 4.235793e-17 2.789911e-01 9.602937e-01
    outer loop
      vertex   5.850000e+00 -3.454915e+00 3.783528e+01
      vertex   -2.576850e-15 -3.454915e+00 3.783528e+01
      vertex   5.850000e+00 -3.756551e+00 3.792292e+01
    endloop
  endfacet
  facet normal 1.229912e-15 2.789911e-01 9.602937e-01
    outer loop
      vertex   5.850000e+00 -3.756551e+00 3.792292e+01
      vertex   -2.576850e-15 -3.454915e+00 3.783528e+01
      vertex   -2.620067e-15 -3.756551e+00 3.792292e+01
    endloop
  endfacet
  facet normal 1.235031e-15 2.181432e-01 9.759168e-01
    outer loop
      vertex   5.850000e+00 -3.756551e+00 3.792292e+01
      vertex   -2.620067e-15 -3.756551e+00 3.792292e+01
      vertex   5.850000e+00 -4.063093e+00 3.799144e+01
    endloop
  endfacet
  facet normal 3.311968e-17 2.181432e-01 9.759168e-01
    outer loop
      vertex   5.850000e+00 -4.063093e+00 3.799144e+01
      vertex   -2.620067e-15 -3.756551e+00 3.792292e+01
      vertex   -2.661707e-15 -4.063093e+00 3.799144e+01
    endloop
  endfacet
  facet normal 2.375072e-17 1.564345e-01 9.876883e-01
    outer loop
      vertex   5.850000e+00 -4.063093e+00 3.799144e+01
      vertex   -2.661707e-15 -4.063093e+00 3.799144e+01
      vertex   5.850000e+00 -4.373334e+00 3.804057e+01
    endloop
  endfacet
  facet normal 2.375072e-17 1.564345e-01 9.876883e-01
    outer loop
      vertex   5.850000e+00 -4.373334e+00 3.804057e+01
      vertex   -2.661707e-15 -4.063093e+00 3.799144e+01
      vertex   -2.701606e-15 -4.373334e+00 3.804057e+01
    endloop
  endfacet
  facet normal 1.428803e-17 9.410831e-02 9.955620e-01
    outer loop
      vertex   5.850000e+00 -4.373334e+00 3.804057e+01
      vertex   -2.701606e-15 -4.373334e+00 3.804057e+01
      vertex   5.850000e+00 -4.686047e+00 3.807013e+01
    endloop
  endfacet
  facet normal 1.428803e-17 9.410831e-02 9.955620e-01
    outer loop
      vertex   5.850000e+00 -4.686047e+00 3.807013e+01
      vertex   -2.701606e-15 -4.373334e+00 3.804057e+01
      vertex   -2.739606e-15 -4.686047e+00 3.807013e+01
    endloop
  endfacet
  facet normal 4.768950e-18 3.141076e-02 9.995066e-01
    outer loop
      vertex   5.850000e+00 -4.686047e+00 3.807013e+01
      vertex   -2.739606e-15 -4.686047e+00 3.807013e+01
      vertex   5.850000e+00 -5.000000e+00 3.808000e+01
    endloop
  endfacet
  facet normal 0.000000e+00 3.141076e-02 9.995066e-01
    outer loop
      vertex   5.850000e+00 -5.000000e+00 3.808000e+01
      vertex   -2.739606e-15 -4.686047e+00 3.807013e+01
      vertex   -8.881784e-15 -5.000000e+00 3.808000e+01
    endloop
  endfacet
  facet normal 3.141072e-02 9.995052e-01 -1.656397e-03
    outer loop
      vertex   6.163953e+00 -9.866358e-03 3.308000e+01
      vertex   5.850000e+00 2.220446e-15 3.308000e+01
      vertex   6.122898e+00 -8.413847e-03 3.317795e+01
    endloop
  endfacet
  facet normal 1.953837e-02 9.993158e-01 3.140476e-02
    outer loop
      vertex   6.122898e+00 -8.413847e-03 3.317795e+01
      vertex   5.850000e+00 2.220446e-15 3.308000e+01
      vertex   5.850000e+00 -9.866358e-03 3.339395e+01
    endloop
  endfacet
  facet normal 2.766096e-02 9.987487e-01 4.166305e-02
    outer loop
      vertex   6.122898e+00 -8.413847e-03 3.317795e+01
      vertex   5.850000e+00 -9.866358e-03 3.339395e+01
      vertex   5.989386e+00 -1.656855e-02 3.346208e+01
    endloop
  endfacet
  facet normal 1.875462e-03 9.955602e-01 9.410815e-02
    outer loop
      vertex   5.989386e+00 -1.656855e-02 3.346208e+01
      vertex   5.850000e+00 -9.866358e-03 3.339395e+01
      vertex   5.850000e+00 -3.942649e-02 3.370667e+01
    endloop
  endfacet
  facet normal 5.145192e-02 9.912013e-01 1.219533e-01
    outer loop
      vertex   5.989386e+00 -1.656855e-02 3.346208e+01
      vertex   5.850000e+00 -3.942649e-02 3.370667e+01
      vertex   5.855324e+00 -4.438184e-02 3.374470e+01
    endloop
  endfacet
  facet normal -1.943438e-01 9.688565e-01 1.534518e-01
    outer loop
      vertex   5.855324e+00 -4.438184e-02 3.374470e+01
      vertex   5.850000e+00 -3.942649e-02 3.370667e+01
      vertex   5.850000e+00 -8.856375e-02 3.401691e+01
    endloop
  endfacet
  facet normal 2.137439e-02 9.867911e-01 1.605818e-01
    outer loop
      vertex   5.855324e+00 -4.438184e-02 3.374470e+01
      vertex   5.850000e+00 -8.856375e-02 3.401691e+01
      vertex   6.129087e+00 -7.046437e-02 3.386854e+01
    endloop
  endfacet
  facet normal 3.280723e-02 9.828245e-01 1.816032e-01
    outer loop
      vertex   6.129087e+00 -7.046437e-02 3.386854e+01
      vertex   5.850000e+00 -8.856375e-02 3.401691e+01
      vertex   6.000046e+00 -1.183146e-01 3.415081e+01
    endloop
  endfacet
  facet normal 7.071600e-02 9.776369e-01 1.980538e-01
    outer loop
      vertex   6.129087e+00 -7.046437e-02 3.386854e+01
      vertex   6.000046e+00 -1.183146e-01 3.415081e+01
      vertex   6.405199e+00 -1.139951e-01 3.398483e+01
    endloop
  endfacet
  facet normal 7.072993e-02 9.776291e-01 1.980875e-01
    outer loop
      vertex   6.405199e+00 -1.139951e-01 3.398483e+01
      vertex   6.000046e+00 -1.183146e-01 3.415081e+01
      vertex   6.280749e+00 -1.625768e-01 3.426903e+01
    endloop
  endfacet
  facet normal 1.264366e-01 9.671155e-01 2.206838e-01
    outer loop
      vertex   6.405199e+00 -1.139951e-01 3.398483e+01
      vertex   6.280749e+00 -1.625768e-01 3.426903e+01
      vertex   6.680989e+00 -1.746018e-01 3.409242e+01
    endloop
  endfacet
  facet normal 1.264366e-01 9.671155e-01 2.206838e-01
    outer loop
      vertex   6.680989e+00 -1.746018e-01 3.409242e+01
      vertex   6.280749e+00 -1.625768e-01 3.426903e+01
      vertex   6.561370e+00 -2.242452e-01 3.437851e+01
    endloop
  endfacet
  facet normal 1.820437e-01 9.531689e-01 2.415141e-01
    outer loop
      vertex   6.680989e+00 -1.746018e-01 3.409242e+01
      vertex   6.561370e+00 -2.242452e-01 3.437851e+01
      vertex   6.955875e+00 -2.521078e-01 3.419111e+01
    endloop
  endfacet
  facet normal 1.820437e-01 9.531689e-01 2.415141e-01
    outer loop
      vertex   6.955875e+00 -2.521078e-01 3.419111e+01
      vertex   6.561370e+00 -2.242452e-01 3.437851e+01
      vertex   6.841071e+00 -3.031090e-01 3.447893e+01
    endloop
  endfacet
  facet normal 2.373629e-01 9.358387e-01 2.605086e-01
    outer loop
      vertex   6.955875e+00 -2.521078e-01 3.419111e+01
      vertex   6.841071e+00 -3.031090e-01 3.447893e+01
      vertex   7.228813e+00 -3.462241e-01 3.428052e+01
    endloop
  endfacet
  facet normal 2.373638e-01 9.358380e-01 2.605105e-01
    outer loop
      vertex   7.228813e+00 -3.462241e-01 3.428052e+01
      vertex   6.841071e+00 -3.031090e-01 3.447893e+01
      vertex   7.118805e+00 -3.988794e-01 3.456991e+01
    endloop
  endfacet
  facet normal 2.921617e-01 9.151982e-01 2.775858e-01
    outer loop
      vertex   7.228813e+00 -3.462241e-01 3.428052e+01
      vertex   7.118805e+00 -3.988794e-01 3.456991e+01
      vertex   7.498540e+00 -4.565097e-01 3.436024e+01
    endloop
  endfacet
  facet normal 2.921626e-01 9.151973e-01 2.775876e-01
    outer loop
      vertex   7.498540e+00 -4.565097e-01 3.436024e+01
      vertex   7.118805e+00 -3.988794e-01 3.456991e+01
      vertex   7.393243e+00 -5.110917e-01 3.465102e+01
    endloop
  endfacet
  facet normal 3.462190e-01 8.913302e-01 2.926823e-01
    outer loop
      vertex   7.498540e+00 -4.565097e-01 3.436024e+01
      vertex   7.393243e+00 -5.110917e-01 3.465102e+01
      vertex   7.764146e+00 -5.825872e-01 3.443000e+01
    endloop
  endfacet
  facet normal 3.462190e-01 8.913302e-01 2.926823e-01
    outer loop
      vertex   7.764146e+00 -5.825872e-01 3.443000e+01
      vertex   7.393243e+00 -5.110917e-01 3.465102e+01
      vertex   7.663502e+00 -6.393778e-01 3.472201e+01
    endloop
  endfacet
  facet normal 3.993315e-01 8.643261e-01 3.057365e-01
    outer loop
      vertex   7.764146e+00 -5.825872e-01 3.443000e+01
      vertex   7.663502e+00 -6.393778e-01 3.472201e+01
      vertex   8.024510e+00 -7.239302e-01 3.448951e+01
    endloop
  endfacet
  facet normal 3.993315e-01 8.643261e-01 3.057365e-01
    outer loop
      vertex   8.024510e+00 -7.239302e-01 3.448951e+01
      vertex   7.663502e+00 -6.393778e-01 3.472201e+01
      vertex   7.928428e+00 -7.831970e-01 3.478256e+01
    endloop
  endfacet
  facet normal 4.512801e-01 8.342961e-01 3.166958e-01
    outer loop
      vertex   8.024510e+00 -7.239302e-01 3.448951e+01
      vertex   7.928428e+00 -7.831970e-01 3.478256e+01
      vertex   8.278591e+00 -8.799728e-01 3.453853e+01
    endloop
  endfacet
  facet normal 4.512801e-01 8.342961e-01 3.166958e-01
    outer loop
      vertex   8.278591e+00 -8.799728e-01 3.453853e+01
      vertex   7.928428e+00 -7.831970e-01 3.478256e+01
      vertex   8.186960e+00 -9.419731e-01 3.483244e+01
    endloop
  endfacet
  facet normal 5.018568e-01 8.013606e-01 3.255164e-01
    outer loop
      vertex   8.278591e+00 -8.799728e-01 3.453853e+01
      vertex   8.186960e+00 -9.419731e-01 3.483244e+01
      vertex   8.525370e+00 -1.050090e+00 3.457686e+01
    endloop
  endfacet
  facet normal 5.018568e-01 8.013606e-01 3.255164e-01
    outer loop
      vertex   8.525370e+00 -1.050090e+00 3.457686e+01
      vertex   8.186960e+00 -9.419731e-01 3.483244e+01
      vertex   8.438062e+00 -1.115071e+00 3.487144e+01
    endloop
  endfacet
  facet normal 5.508592e-01 7.656513e-01 3.321630e-01
    outer loop
      vertex   8.525370e+00 -1.050090e+00 3.457686e+01
      vertex   8.438062e+00 -1.115071e+00 3.487144e+01
      vertex   8.763860e+00 -1.233601e+00 3.460435e+01
    endloop
  endfacet
  facet normal 5.508592e-01 7.656513e-01 3.321630e-01
    outer loop
      vertex   8.763860e+00 -1.233601e+00 3.460435e+01
      vertex   8.438062e+00 -1.115071e+00 3.487144e+01
      vertex   8.680730e+00 -1.301796e+00 3.489941e+01
    endloop
  endfacet
  facet normal 5.980910e-01 7.273112e-01 3.366089e-01
    outer loop
      vertex   8.763860e+00 -1.233601e+00 3.460435e+01
      vertex   8.680730e+00 -1.301796e+00 3.489941e+01
      vertex   8.993105e+00 -1.429770e+00 3.462089e+01
    endloop
  endfacet
  facet normal 5.980910e-01 7.273112e-01 3.366089e-01
    outer loop
      vertex   8.993105e+00 -1.429770e+00 3.462089e+01
      vertex   8.680730e+00 -1.301796e+00 3.489941e+01
      vertex   8.913991e+00 -1.501402e+00 3.491624e+01
    endloop
  endfacet
  facet normal 6.433630e-01 6.864940e-01 3.388362e-01
    outer loop
      vertex   8.993105e+00 -1.429770e+00 3.462089e+01
      vertex   8.913991e+00 -1.501402e+00 3.491624e+01
      vertex   9.212188e+00 -1.637812e+00 3.462641e+01
    endloop
  endfacet
  facet normal 6.433630e-01 6.864940e-01 3.388362e-01
    outer loop
      vertex   9.212188e+00 -1.637812e+00 3.462641e+01
      vertex   8.913991e+00 -1.501402e+00 3.491624e+01
      vertex   9.136911e+00 -1.713089e+00 3.492186e+01
    endloop
  endfacet
  facet normal 6.864940e-01 6.433630e-01 3.388362e-01
    outer loop
      vertex   9.212188e+00 -1.637812e+00 3.462641e+01
      vertex   9.136911e+00 -1.713089e+00 3.492186e+01
      vertex   9.420230e+00 -1.856895e+00 3.462089e+01
    endloop
  endfacet
  facet normal 6.864940e-01 6.433630e-01 3.388362e-01
    outer loop
      vertex   9.420230e+00 -1.856895e+00 3.462089e+01
      vertex   9.136911e+00 -1.713089e+00 3.492186e+01
      vertex   9.348598e+00 -1.936009e+00 3.491624e+01
    endloop
  endfacet
  facet normal 7.273112e-01 5.980910e-01 3.366089e-01
    outer loop
      vertex   9.420230e+00 -1.856895e+00 3.462089e+01
      vertex   9.348598e+00 -1.936009e+00 3.491624e+01
      vertex   9.616399e+00 -2.086140e+00 3.460435e+01
    endloop
  endfacet
  facet normal 7.273112e-01 5.980910e-01 3.366089e-01
    outer loop
      vertex   9.616399e+00 -2.086140e+00 3.460435e+01
      vertex   9.348598e+00 -1.936009e+00 3.491624e+01
      vertex   9.548204e+00 -2.169270e+00 3.489941e+01
    endloop
  endfacet
  facet normal 7.656513e-01 5.508592e-01 3.321630e-01
    outer loop
      vertex   9.616399e+00 -2.086140e+00 3.460435e+01
      vertex   9.548204e+00 -2.169270e+00 3.489941e+01
      vertex   9.799910e+00 -2.324630e+00 3.457686e+01
    endloop
  endfacet
  facet normal 7.656513e-01 5.508592e-01 3.321630e-01
    outer loop
      vertex   9.799910e+00 -2.324630e+00 3.457686e+01
      vertex   9.548204e+00 -2.169270e+00 3.489941e+01
      vertex   9.734929e+00 -2.411938e+00 3.487144e+01
    endloop
  endfacet
  facet normal 8.013606e-01 5.018568e-01 3.255164e-01
    outer loop
      vertex   9.799910e+00 -2.324630e+00 3.457686e+01
      vertex   9.734929e+00 -2.411938e+00 3.487144e+01
      vertex   9.970027e+00 -2.571409e+00 3.453853e+01
    endloop
  endfacet
  facet normal 8.013606e-01 5.018568e-01 3.255164e-01
    outer loop
      vertex   9.970027e+00 -2.571409e+00 3.453853e+01
      vertex   9.734929e+00 -2.411938e+00 3.487144e+01
      vertex   9.908027e+00 -2.663040e+00 3.483244e+01
    endloop
  endfacet
  facet normal 8.342961e-01 4.512801e-01 3.166958e-01
    outer loop
      vertex   9.970027e+00 -2.571409e+00 3.453853e+01
      vertex   9.908027e+00 -2.663040e+00 3.483244e+01
      vertex   1.012607e+01 -2.825490e+00 3.448951e+01
    endloop
  endfacet
  facet normal 8.342961e-01 4.512801e-01 3.166958e-01
    outer loop
      vertex   1.012607e+01 -2.825490e+00 3.448951e+01
      vertex   9.908027e+00 -2.663040e+00 3.483244e+01
      vertex   1.006680e+01 -2.921572e+00 3.478256e+01
    endloop
  endfacet
  facet normal 8.643261e-01 3.993315e-01 3.057365e-01
    outer loop
      vertex   1.012607e+01 -2.825490e+00 3.448951e+01
      vertex   1.006680e+01 -2.921572e+00 3.478256e+01
      vertex   1.026741e+01 -3.085854e+00 3.443000e+01
    endloop
  endfacet
  facet normal 8.643261e-01 3.993315e-01 3.057365e-01
    outer loop
      vertex   1.026741e+01 -3.085854e+00 3.443000e+01
      vertex   1.006680e+01 -2.921572e+00 3.478256e+01
      vertex   1.021062e+01 -3.186498e+00 3.472201e+01
    endloop
  endfacet
  facet normal 8.913302e-01 3.462190e-01 2.926823e-01
    outer loop
      vertex   1.026741e+01 -3.085854e+00 3.443000e+01
      vertex   1.021062e+01 -3.186498e+00 3.472201e+01
      vertex   1.039349e+01 -3.351460e+00 3.436024e+01
    endloop
  endfacet
  facet normal 8.913302e-01 3.462190e-01 2.926823e-01
    outer loop
      vertex   1.039349e+01 -3.351460e+00 3.436024e+01
      vertex   1.021062e+01 -3.186498e+00 3.472201e+01
      vertex   1.033891e+01 -3.456757e+00 3.465102e+01
    endloop
  endfacet
  facet normal 9.151973e-01 2.921626e-01 2.775876e-01
    outer loop
      vertex   1.039349e+01 -3.351460e+00 3.436024e+01
      vertex   1.033891e+01 -3.456757e+00 3.465102e+01
      vertex   1.045112e+01 -3.731195e+00 3.456991e+01
    endloop
  endfacet
  facet normal 9.026806e-01 2.700750e-01 3.350032e-01
    outer loop
      vertex   1.045112e+01 -3.731195e+00 3.456991e+01
      vertex   1.033891e+01 -3.456757e+00 3.465102e+01
      vertex   1.038031e+01 -3.846207e+00 3.485342e+01
    endloop
  endfacet
  facet normal 9.236374e-01 2.144353e-01 3.176657e-01
    outer loop
      vertex   1.045112e+01 -3.731195e+00 3.456991e+01
      vertex   1.038031e+01 -3.846207e+00 3.485342e+01
      vertex   1.047736e+01 -4.127642e+00 3.476122e+01
    endloop
  endfacet
  facet normal 9.077979e-01 1.906613e-01 3.735656e-01
    outer loop
      vertex   1.047736e+01 -4.127642e+00 3.476122e+01
      vertex   1.038031e+01 -3.846207e+00 3.485342e+01
      vertex   1.038958e+01 -4.249796e+00 3.503689e+01
    endloop
  endfacet
  facet normal 9.255922e-01 1.338610e-01 3.540625e-01
    outer loop
      vertex   1.047736e+01 -4.127642e+00 3.476122e+01
      vertex   1.038958e+01 -4.249796e+00 3.503689e+01
      vertex   1.055727e+01 -4.411055e+00 3.465947e+01
    endloop
  endfacet
  facet normal 9.255922e-01 1.338610e-01 3.540625e-01
    outer loop
      vertex   1.055727e+01 -4.411055e+00 3.465947e+01
      vertex   1.038958e+01 -4.249796e+00 3.503689e+01
      vertex   1.047022e+01 -4.535803e+00 3.493421e+01
    endloop
  endfacet
  facet normal 9.399115e-01 7.676788e-02 3.326756e-01
    outer loop
      vertex   1.055727e+01 -4.411055e+00 3.465947e+01
      vertex   1.047022e+01 -4.535803e+00 3.493421e+01
      vertex   1.061976e+01 -4.695401e+00 3.454854e+01
    endloop
  endfacet
  facet normal 9.399115e-01 7.676788e-02 3.326756e-01
    outer loop
      vertex   1.061976e+01 -4.695401e+00 3.454854e+01
      vertex   1.047022e+01 -4.535803e+00 3.493421e+01
      vertex   1.053328e+01 -4.822752e+00 3.482226e+01
    endloop
  endfacet
  facet normal 9.482986e-01 3.421968e-02 3.155295e-01
    outer loop
      vertex   1.061976e+01 -4.695401e+00 3.454854e+01
      vertex   1.053328e+01 -4.822752e+00 3.482226e+01
      vertex   1.060528e+01 -5.000000e+00 3.462508e+01
    endloop
  endfacet
  facet normal 9.408671e-01 5.388197e-03 3.387330e-01
    outer loop
      vertex   1.060528e+01 -5.000000e+00 3.462508e+01
      vertex   1.053328e+01 -4.822752e+00 3.482226e+01
      vertex   1.049888e+01 -5.000000e+00 3.492062e+01
    endloop
  endfacet
  facet normal 9.250997e-01 3.051361e-02 3.784963e-01
    outer loop
      vertex   1.049888e+01 -5.000000e+00 3.492062e+01
      vertex   1.053328e+01 -4.822752e+00 3.482226e+01
      vertex   1.042832e+01 -4.950802e+00 3.508911e+01
    endloop
  endfacet
  facet normal 9.168717e-01 -4.385415e-02 3.967658e-01
    outer loop
      vertex   1.049888e+01 -5.000000e+00 3.492062e+01
      vertex   1.042832e+01 -4.950802e+00 3.508911e+01
      vertex   1.037414e+01 -5.000000e+00 3.520890e+01
    endloop
  endfacet
  facet normal 9.053071e-01 3.376453e-02 4.234135e-01
    outer loop
      vertex   1.037414e+01 -5.000000e+00 3.520890e+01
      vertex   1.042832e+01 -4.950802e+00 3.508911e+01
      vertex   1.036494e+01 -4.662383e+00 3.520163e+01
    endloop
  endfacet
  facet normal 8.961084e-01 3.392569e-02 4.425368e-01
    outer loop
      vertex   1.037414e+01 -5.000000e+00 3.520890e+01
      vertex   1.036494e+01 -4.662383e+00 3.520163e+01
      vertex   1.024185e+01 -4.790294e+00 3.546068e+01
    endloop
  endfacet
  facet normal 8.834399e-01 8.357182e-02 4.610311e-01
    outer loop
      vertex   1.024185e+01 -4.790294e+00 3.546068e+01
      vertex   1.036494e+01 -4.662383e+00 3.520163e+01
      vertex   1.016071e+01 -4.502488e+00 3.556401e+01
    endloop
  endfacet
  facet normal 8.570966e-01 5.788345e-02 5.118935e-01
    outer loop
      vertex   1.024185e+01 -4.790294e+00 3.546068e+01
      vertex   1.016071e+01 -4.502488e+00 3.556401e+01
      vertex   1.002052e+01 -4.632030e+00 3.581338e+01
    endloop
  endfacet
  facet normal 8.391326e-01 1.152251e-01 5.315823e-01
    outer loop
      vertex   1.002052e+01 -4.632030e+00 3.581338e+01
      vertex   1.016071e+01 -4.502488e+00 3.556401e+01
      vertex   1.006214e+01 -4.216648e+00 3.565765e+01
    endloop
  endfacet
  facet normal 8.391313e-01 1.152259e-01 5.315841e-01
    outer loop
      vertex   1.002052e+01 -4.632030e+00 3.581338e+01
      vertex   1.006214e+01 -4.216648e+00 3.565765e+01
      vertex   9.922221e+00 -4.346973e+00 3.590676e+01
    endloop
  endfacet
  facet normal 8.177402e-01 1.720198e-01 5.492815e-01
    outer loop
      vertex   9.922221e+00 -4.346973e+00 3.590676e+01
      vertex   1.006214e+01 -4.216648e+00 3.565765e+01
      vertex   9.946696e+00 -3.934318e+00 3.574109e+01
    endloop
  endfacet
  facet normal 8.177389e-01 1.720206e-01 5.492832e-01
    outer loop
      vertex   9.922221e+00 -4.346973e+00 3.590676e+01
      vertex   9.946696e+00 -3.934318e+00 3.574109e+01
      vertex   9.807107e+00 -4.065446e+00 3.598997e+01
    endloop
  endfacet
  facet normal 7.930054e-01 2.280387e-01 5.649255e-01
    outer loop
      vertex   9.807107e+00 -4.065446e+00 3.598997e+01
      vertex   9.946696e+00 -3.934318e+00 3.574109e+01
      vertex   9.675472e+00 -3.788133e+00 3.606281e+01
    endloop
  endfacet
  facet normal 7.635893e-01 2.013121e-01 6.135184e-01
    outer loop
      vertex   9.807107e+00 -4.065446e+00 3.598997e+01
      vertex   9.675472e+00 -3.788133e+00 3.606281e+01
      vertex   9.521161e+00 -3.924817e+00 3.629971e+01
    endloop
  endfacet
  facet normal 7.357348e-01 2.560971e-01 6.269837e-01
    outer loop
      vertex   9.521161e+00 -3.924817e+00 3.629971e+01
      vertex   9.675472e+00 -3.788133e+00 3.606281e+01
      vertex   9.374583e+00 -3.654810e+00 3.636143e+01
    endloop
  endfacet
  facet normal 7.035521e-01 2.280988e-01 6.730419e-01
    outer loop
      vertex   9.521161e+00 -3.924817e+00 3.629971e+01
      vertex   9.374583e+00 -3.654810e+00 3.636143e+01
      vertex   9.207363e+00 -3.798635e+00 3.658497e+01
    endloop
  endfacet
  facet normal 6.728467e-01 2.812158e-01 6.842478e-01
    outer loop
      vertex   9.207363e+00 -3.798635e+00 3.658497e+01
      vertex   9.374583e+00 -3.654810e+00 3.636143e+01
      vertex   9.047279e+00 -3.537972e+00 3.663526e+01
    endloop
  endfacet
  facet normal 6.382817e-01 2.516411e-01 7.275116e-01
    outer loop
      vertex   9.207363e+00 -3.798635e+00 3.658497e+01
      vertex   9.047279e+00 -3.537972e+00 3.663526e+01
      vertex   8.869183e+00 -3.690393e+00 3.684423e+01
    endloop
  endfacet
  facet normal 6.050345e-01 3.026965e-01 7.364157e-01
    outer loop
      vertex   8.869183e+00 -3.690393e+00 3.684423e+01
      vertex   9.047279e+00 -3.537972e+00 3.663526e+01
      vertex   8.697241e+00 -3.440967e+00 3.688298e+01
    endloop
  endfacet
  facet normal 5.685130e-01 2.712690e-01 7.766634e-01
    outer loop
      vertex   8.869183e+00 -3.690393e+00 3.684423e+01
      vertex   8.697241e+00 -3.440967e+00 3.688298e+01
      vertex   8.510496e+00 -3.603283e+00 3.707637e+01
    endloop
  endfacet
  facet normal 5.330732e-01 3.199017e-01 7.832598e-01
    outer loop
      vertex   8.510496e+00 -3.603283e+00 3.707637e+01
      vertex   8.697241e+00 -3.440967e+00 3.688298e+01
      vertex   8.328535e+00 -3.366807e+00 3.710362e+01
    endloop
  endfacet
  facet normal 4.950566e-01 2.863787e-01 8.203086e-01
    outer loop
      vertex   8.510496e+00 -3.603283e+00 3.707637e+01
      vertex   8.328535e+00 -3.366807e+00 3.710362e+01
      vertex   8.135530e+00 -3.540137e+00 3.728061e+01
    endloop
  endfacet
  facet normal 4.578080e-01 3.322660e-01 8.246279e-01
    outer loop
      vertex   8.135530e+00 -3.540137e+00 3.728061e+01
      vertex   8.328535e+00 -3.366807e+00 3.710362e+01
      vertex   7.945544e+00 -3.318118e+00 3.729663e+01
    endloop
  endfacet
  facet normal 4.187874e-01 2.964437e-01 8.583346e-01
    outer loop
      vertex   8.135530e+00 -3.540137e+00 3.728061e+01
      vertex   7.945544e+00 -3.318118e+00 3.729663e+01
      vertex   7.748799e+00 -3.503373e+00 3.745660e+01
    endloop
  endfacet
  facet normal 3.801422e-01 3.393065e-01 8.604435e-01
    outer loop
      vertex   7.748799e+00 -3.503373e+00 3.745660e+01
      vertex   7.945544e+00 -3.318118e+00 3.729663e+01
      vertex   7.552911e+00 -3.297089e+00 3.746180e+01
    endloop
  endfacet
  facet normal 3.406315e-01 3.010243e-01 8.907045e-01
    outer loop
      vertex   7.748799e+00 -3.503373e+00 3.745660e+01
      vertex   7.552911e+00 -3.297089e+00 3.746180e+01
      vertex   7.355045e+00 -3.494955e+00 3.760434e+01
    endloop
  endfacet
  facet normal 3.010243e-01 3.406315e-01 8.907045e-01
    outer loop
      vertex   7.355045e+00 -3.494955e+00 3.760434e+01
      vertex   7.552911e+00 -3.297089e+00 3.746180e+01
      vertex   7.155467e+00 -3.305435e+00 3.759931e+01
    endloop
  endfacet
  facet normal 2.615533e-01 2.997757e-01 9.174554e-01
    outer loop
      vertex   7.355045e+00 -3.494955e+00 3.760434e+01
      vertex   7.155467e+00 -3.305435e+00 3.759931e+01
      vertex   6.959158e+00 -3.516355e+00 3.772420e+01
    endloop
  endfacet
  facet normal 2.214336e-01 3.359477e-01 9.154815e-01
    outer loop
      vertex   6.959158e+00 -3.516355e+00 3.772420e+01
      vertex   7.155467e+00 -3.305435e+00 3.759931e+01
      vertex   6.758165e+00 -3.344361e+00 3.770970e+01
    endloop
  endfacet
  facet normal 1.825409e-01 2.924544e-01 9.386955e-01
    outer loop
      vertex   6.959158e+00 -3.516355e+00 3.772420e+01
      vertex   6.758165e+00 -3.344361e+00 3.770970e+01
      vertex   6.566115e+00 -3.568521e+00 3.781688e+01
    endloop
  endfacet
  facet normal 1.423660e-01 3.250660e-01 9.349139e-01
    outer loop
      vertex   6.566115e+00 -3.568521e+00 3.781688e+01
      vertex   6.758165e+00 -3.344361e+00 3.770970e+01
      vertex   6.365999e+00 -3.414538e+00 3.779382e+01
    endloop
  endfacet
  facet normal 1.045912e-01 2.789232e-01 9.546007e-01
    outer loop
      vertex   6.566115e+00 -3.568521e+00 3.781688e+01
      vertex   6.365999e+00 -3.414538e+00 3.779382e+01
      vertex   6.180896e+00 -3.651865e+00 3.788344e+01
    endloop
  endfacet
  facet normal 6.481934e-02 3.079060e-01 9.492062e-01
    outer loop
      vertex   6.180896e+00 -3.651865e+00 3.788344e+01
      vertex   6.365999e+00 -3.414538e+00 3.779382e+01
      vertex   5.983936e+00 -3.516090e+00 3.785285e+01
    endloop
  endfacet
  facet normal 3.173162e-02 2.632851e-01 9.641961e-01
    outer loop
      vertex   6.180896e+00 -3.651865e+00 3.788344e+01
      vertex   5.983936e+00 -3.516090e+00 3.785285e+01
      vertex   5.850000e+00 -3.756551e+00 3.792292e+01
    endloop
  endfacet
  facet normal 1.492336e-03 2.789908e-01 9.602926e-01
    outer loop
      vertex   5.850000e+00 -3.756551e+00 3.792292e+01
      vertex   5.983936e+00 -3.516090e+00 3.785285e+01
      vertex   5.850000e+00 -3.454915e+00 3.783528e+01
    endloop
  endfacet
  facet normal 2.796286e-02 3.319462e-01 9.428838e-01
    outer loop
      vertex   5.850000e+00 -3.454915e+00 3.783528e+01
      vertex   5.983936e+00 -3.516090e+00 3.785285e+01
      vertex   6.158927e+00 -3.271793e+00 3.776165e+01
    endloop
  endfacet
  facet normal 2.497274e-02 3.363905e-01 9.413914e-01
    outer loop
      vertex   5.850000e+00 -3.454915e+00 3.783528e+01
      vertex   6.158927e+00 -3.271793e+00 3.776165e+01
      vertex   5.945728e+00 -3.140858e+00 3.772052e+01
    endloop
  endfacet
  facet normal 5.766490e-02 3.834547e-01 9.217577e-01
    outer loop
      vertex   5.945728e+00 -3.140858e+00 3.772052e+01
      vertex   6.158927e+00 -3.271793e+00 3.776165e+01
      vertex   6.332699e+00 -3.034313e+00 3.765199e+01
    endloop
  endfacet
  facet normal 5.766490e-02 3.834547e-01 9.217577e-01
    outer loop
      vertex   5.945728e+00 -3.140858e+00 3.772052e+01
      vertex   6.332699e+00 -3.034313e+00 3.765199e+01
      vertex   6.109930e+00 -2.897500e+00 3.760901e+01
    endloop
  endfacet
  facet normal 9.133077e-02 4.307570e-01 8.978347e-01
    outer loop
      vertex   6.109930e+00 -2.897500e+00 3.760901e+01
      vertex   6.332699e+00 -3.034313e+00 3.765199e+01
      vertex   6.504567e+00 -2.804587e+00 3.752429e+01
    endloop
  endfacet
  facet normal 9.133077e-02 4.307570e-01 8.978347e-01
    outer loop
      vertex   6.109930e+00 -2.897500e+00 3.760901e+01
      vertex   6.504567e+00 -2.804587e+00 3.752429e+01
      vertex   6.273107e+00 -2.662437e+00 3.747963e+01
    endloop
  endfacet
  facet normal 1.246346e-01 4.763581e-01 8.703730e-01
    outer loop
      vertex   6.273107e+00 -2.662437e+00 3.747963e+01
      vertex   6.504567e+00 -2.804587e+00 3.752429e+01
      vertex   6.673853e+00 -2.583521e+00 3.737906e+01
    endloop
  endfacet
  facet normal 1.246346e-01 4.763581e-01 8.703730e-01
    outer loop
      vertex   6.273107e+00 -2.662437e+00 3.747963e+01
      vertex   6.673853e+00 -2.583521e+00 3.737906e+01
      vertex   6.434615e+00 -2.436594e+00 3.733290e+01
    endloop
  endfacet
  facet normal 1.574454e-01 5.200789e-01 8.394813e-01
    outer loop
      vertex   6.434615e+00 -2.436594e+00 3.733290e+01
      vertex   6.673853e+00 -2.583521e+00 3.737906e+01
      vertex   6.839889e+00 -2.371988e+00 3.721687e+01
    endloop
  endfacet
  facet normal 1.574454e-01 5.200789e-01 8.394813e-01
    outer loop
      vertex   6.434615e+00 -2.436594e+00 3.733290e+01
      vertex   6.839889e+00 -2.371988e+00 3.721687e+01
      vertex   6.593817e+00 -2.220864e+00 3.716939e+01
    endloop
  endfacet
  facet normal 1.896340e-01 5.617475e-01 8.052817e-01
    outer loop
      vertex   6.593817e+00 -2.220864e+00 3.716939e+01
      vertex   6.839889e+00 -2.371988e+00 3.721687e+01
      vertex   7.002021e+00 -2.170822e+00 3.703836e+01
    endloop
  endfacet
  facet normal 1.896340e-01 5.617475e-01 8.052817e-01
    outer loop
      vertex   6.593817e+00 -2.220864e+00 3.716939e+01
      vertex   7.002021e+00 -2.170822e+00 3.703836e+01
      vertex   6.750085e+00 -2.016097e+00 3.698975e+01
    endloop
  endfacet
  facet normal 2.210738e-01 6.012001e-01 7.679094e-01
    outer loop
      vertex   6.750085e+00 -2.016097e+00 3.698975e+01
      vertex   7.002021e+00 -2.170822e+00 3.703836e+01
      vertex   7.159607e+00 -1.980817e+00 3.684423e+01
    endloop
  endfacet
  facet normal 2.210738e-01 6.012001e-01 7.679094e-01
    outer loop
      vertex   6.750085e+00 -2.016097e+00 3.698975e+01
      vertex   7.159607e+00 -1.980817e+00 3.684423e+01
      vertex   6.902802e+00 -1.823101e+00 3.679469e+01
    endloop
  endfacet
  facet normal 2.516411e-01 6.382817e-01 7.275116e-01
    outer loop
      vertex   6.902802e+00 -1.823101e+00 3.679469e+01
      vertex   7.159607e+00 -1.980817e+00 3.684423e+01
      vertex   7.312028e+00 -1.802721e+00 3.663526e+01
    endloop
  endfacet
  facet normal 2.516411e-01 6.382817e-01 7.275116e-01
    outer loop
      vertex   6.902802e+00 -1.823101e+00 3.679469e+01
      vertex   7.312028e+00 -1.802721e+00 3.663526e+01
      vertex   7.051365e+00 -1.642637e+00 3.658497e+01
    endloop
  endfacet
  facet normal 2.812158e-01 6.728467e-01 6.842478e-01
    outer loop
      vertex   7.051365e+00 -1.642637e+00 3.658497e+01
      vertex   7.312028e+00 -1.802721e+00 3.663526e+01
      vertex   7.458681e+00 -1.637239e+00 3.641226e+01
    endloop
  endfacet
  facet normal 2.812158e-01 6.728467e-01 6.842478e-01
    outer loop
      vertex   7.051365e+00 -1.642637e+00 3.658497e+01
      vertex   7.458681e+00 -1.637239e+00 3.641226e+01
      vertex   7.195190e+00 -1.475417e+00 3.636143e+01
    endloop
  endfacet
  facet normal 3.096816e-01 7.047592e-01 6.382882e-01
    outer loop
      vertex   7.195190e+00 -1.475417e+00 3.636143e+01
      vertex   7.458681e+00 -1.637239e+00 3.641226e+01
      vertex   7.598988e+00 -1.485021e+00 3.617612e+01
    endloop
  endfacet
  facet normal 3.096816e-01 7.047592e-01 6.382882e-01
    outer loop
      vertex   7.195190e+00 -1.475417e+00 3.636143e+01
      vertex   7.598988e+00 -1.485021e+00 3.617612e+01
      vertex   7.333708e+00 -1.322101e+00 3.612494e+01
    endloop
  endfacet
  facet normal 3.369266e-01 7.338939e-01 5.898137e-01
    outer loop
      vertex   7.333708e+00 -1.322101e+00 3.612494e+01
      vertex   7.598988e+00 -1.485021e+00 3.617612e+01
      vertex   7.732396e+00 -1.346670e+00 3.592776e+01
    endloop
  endfacet
  facet normal 3.369266e-01 7.338939e-01 5.898137e-01
    outer loop
      vertex   7.333708e+00 -1.322101e+00 3.612494e+01
      vertex   7.732396e+00 -1.346670e+00 3.592776e+01
      vertex   7.466374e+00 -1.183293e+00 3.587644e+01
    endloop
  endfacet
  facet normal 3.628437e-01 7.601362e-01 5.390152e-01
    outer loop
      vertex   7.466374e+00 -1.183293e+00 3.587644e+01
      vertex   7.732396e+00 -1.346670e+00 3.592776e+01
      vertex   7.858379e+00 -1.222730e+00 3.566817e+01
    endloop
  endfacet
  facet normal 3.628437e-01 7.601362e-01 5.390152e-01
    outer loop
      vertex   7.466374e+00 -1.183293e+00 3.587644e+01
      vertex   7.858379e+00 -1.222730e+00 3.566817e+01
      vertex   7.592663e+00 -1.059541e+00 3.561691e+01
    endloop
  endfacet
  facet normal 3.873309e-01 7.833831e-01 4.860923e-01
    outer loop
      vertex   7.592663e+00 -1.059541e+00 3.561691e+01
      vertex   7.858379e+00 -1.222730e+00 3.566817e+01
      vertex   7.976438e+00 -1.113690e+00 3.539837e+01
    endloop
  endfacet
  facet normal 3.873309e-01 7.833831e-01 4.860923e-01
    outer loop
      vertex   7.592663e+00 -1.059541e+00 3.561691e+01
      vertex   7.976438e+00 -1.113690e+00 3.539837e+01
      vertex   7.712077e+00 -9.513342e-01 3.534737e+01
    endloop
  endfacet
  facet normal 4.102919e-01 8.035429e-01 4.312533e-01
    outer loop
      vertex   7.712077e+00 -9.513342e-01 3.534737e+01
      vertex   7.976438e+00 -1.113690e+00 3.539837e+01
      vertex   8.086109e+00 -1.019982e+00 3.511943e+01
    endloop
  endfacet
  facet normal 4.102919e-01 8.035429e-01 4.312533e-01
    outer loop
      vertex   7.712077e+00 -9.513342e-01 3.534737e+01
      vertex   8.086109e+00 -1.019982e+00 3.511943e+01
      vertex   7.824146e+00 -8.590981e-01 3.506889e+01
    endloop
  endfacet
  facet normal 4.316363e-01 8.205363e-01 3.747137e-01
    outer loop
      vertex   7.824146e+00 -8.590981e-01 3.506889e+01
      vertex   8.086109e+00 -1.019982e+00 3.511943e+01
      vertex   8.186960e+00 -9.419731e-01 3.483244e+01
    endloop
  endfacet
  facet normal 4.316363e-01 8.205363e-01 3.747137e-01
    outer loop
      vertex   7.824146e+00 -8.590981e-01 3.506889e+01
      vertex   8.186960e+00 -9.419731e-01 3.483244e+01
      vertex   7.928428e+00 -7.831970e-01 3.478256e+01
    endloop
  endfacet
  facet normal -1.171332e-03 9.759161e-01 2.181431e-01
    outer loop
      vertex   5.850000e+00 -8.856375e-02 3.401691e+01
      vertex   5.850000e+00 -1.570842e-01 3.432345e+01
      vertex   6.000046e+00 -1.183146e-01 3.415081e+01
    endloop
  endfacet
  facet normal 4.026729e-02 9.668568e-01 2.521241e-01
    outer loop
      vertex   6.000046e+00 -1.183146e-01 3.415081e+01
      vertex   5.850000e+00 -1.570842e-01 3.432345e+01
      vertex   5.870420e+00 -1.854230e-01 3.442886e+01
    endloop
  endfacet
  facet normal 4.525114e-02 9.660769e-01 2.542593e-01
    outer loop
      vertex   6.000046e+00 -1.183146e-01 3.415081e+01
      vertex   5.870420e+00 -1.854230e-01 3.442886e+01
      vertex   6.280749e+00 -1.625768e-01 3.426903e+01
    endloop
  endfacet
  facet normal 4.526503e-02 9.660672e-01 2.542936e-01
    outer loop
      vertex   6.280749e+00 -1.625768e-01 3.426903e+01
      vertex   5.870420e+00 -1.854230e-01 3.442886e+01
      vertex   6.154599e+00 -2.302411e-01 3.454854e+01
    endloop
  endfacet
  facet normal 1.018025e-01 9.553960e-01 2.772267e-01
    outer loop
      vertex   6.280749e+00 -1.625768e-01 3.426903e+01
      vertex   6.154599e+00 -2.302411e-01 3.454854e+01
      vertex   6.561370e+00 -2.242452e-01 3.437851e+01
    endloop
  endfacet
  facet normal 1.018025e-01 9.553960e-01 2.772267e-01
    outer loop
      vertex   6.561370e+00 -2.242452e-01 3.437851e+01
      vertex   6.154599e+00 -2.302411e-01 3.454854e+01
      vertex   6.438945e+00 -2.927280e-01 3.465947e+01
    endloop
  endfacet
  facet normal 1.582639e-01 9.412352e-01 2.983770e-01
    outer loop
      vertex   6.561370e+00 -2.242452e-01 3.437851e+01
      vertex   6.438945e+00 -2.927280e-01 3.465947e+01
      vertex   6.841071e+00 -3.031090e-01 3.447893e+01
    endloop
  endfacet
  facet normal 1.582639e-01 9.412352e-01 2.983770e-01
    outer loop
      vertex   6.841071e+00 -3.031090e-01 3.447893e+01
      vertex   6.438945e+00 -2.927280e-01 3.465947e+01
      vertex   6.722358e+00 -3.726384e-01 3.476122e+01
    endloop
  endfacet
  facet normal 2.144344e-01 9.236382e-01 3.176638e-01
    outer loop
      vertex   6.841071e+00 -3.031090e-01 3.447893e+01
      vertex   6.722358e+00 -3.726384e-01 3.476122e+01
      vertex   7.118805e+00 -3.988794e-01 3.456991e+01
    endloop
  endfacet
  facet normal 2.144353e-01 9.236374e-01 3.176657e-01
    outer loop
      vertex   7.118805e+00 -3.988794e-01 3.456991e+01
      vertex   6.722358e+00 -3.726384e-01 3.476122e+01
      vertex   7.003793e+00 -4.696854e-01 3.485342e+01
    endloop
  endfacet
  facet normal 2.700750e-01 9.026806e-01 3.350032e-01
    outer loop
      vertex   7.118805e+00 -3.988794e-01 3.456991e+01
      vertex   7.003793e+00 -4.696854e-01 3.485342e+01
      vertex   7.393243e+00 -5.110917e-01 3.465102e+01
    endloop
  endfacet
  facet normal 2.700758e-01 9.026797e-01 3.350051e-01
    outer loop
      vertex   7.393243e+00 -5.110917e-01 3.465102e+01
      vertex   7.003793e+00 -4.696854e-01 3.485342e+01
      vertex   7.281859e+00 -5.833815e-01 3.493560e+01
    endloop
  endfacet
  facet normal 3.249613e-01 8.784465e-01 3.503313e-01
    outer loop
      vertex   7.393243e+00 -5.110917e-01 3.465102e+01
      vertex   7.281859e+00 -5.833815e-01 3.493560e+01
      vertex   7.663502e+00 -6.393778e-01 3.472201e+01
    endloop
  endfacet
  facet normal 3.249613e-01 8.784465e-01 3.503313e-01
    outer loop
      vertex   7.663502e+00 -6.393778e-01 3.472201e+01
      vertex   7.281859e+00 -5.833815e-01 3.493560e+01
      vertex   7.555704e+00 -7.133702e-01 3.500753e+01
    endloop
  endfacet
  facet normal 3.788896e-01 8.510275e-01 3.635860e-01
    outer loop
      vertex   7.663502e+00 -6.393778e-01 3.472201e+01
      vertex   7.555704e+00 -7.133702e-01 3.500753e+01
      vertex   7.928428e+00 -7.831970e-01 3.478256e+01
    endloop
  endfacet
  facet normal 3.788896e-01 8.510275e-01 3.635860e-01
    outer loop
      vertex   7.928428e+00 -7.831970e-01 3.478256e+01
      vertex   7.555704e+00 -7.133702e-01 3.500753e+01
      vertex   7.824146e+00 -8.590981e-01 3.506889e+01
    endloop
  endfacet
  facet normal -1.069167e-01 9.547893e-01 2.773919e-01
    outer loop
      vertex   5.850000e+00 -1.570842e-01 3.432345e+01
      vertex   5.850000e+00 -2.447174e-01 3.462508e+01
      vertex   5.870420e+00 -1.854230e-01 3.442886e+01
    endloop
  endfacet
  facet normal 2.788942e-02 9.560702e-01 2.918080e-01
    outer loop
      vertex   5.870420e+00 -1.854230e-01 3.442886e+01
      vertex   5.850000e+00 -2.447174e-01 3.462508e+01
      vertex   6.154599e+00 -2.302411e-01 3.454854e+01
    endloop
  endfacet
  facet normal 3.421968e-02 9.482986e-01 3.155295e-01
    outer loop
      vertex   6.154599e+00 -2.302411e-01 3.454854e+01
      vertex   5.850000e+00 -2.447174e-01 3.462508e+01
      vertex   6.027248e+00 -3.167211e-01 3.482226e+01
    endloop
  endfacet
  facet normal 5.388197e-03 9.408671e-01 3.387330e-01
    outer loop
      vertex   6.027248e+00 -3.167211e-01 3.482226e+01
      vertex   5.850000e+00 -2.447174e-01 3.462508e+01
      vertex   5.850000e+00 -3.511176e-01 3.492062e+01
    endloop
  endfacet
  facet normal 3.051361e-02 9.250997e-01 3.784963e-01
    outer loop
      vertex   6.027248e+00 -3.167211e-01 3.482226e+01
      vertex   5.850000e+00 -3.511176e-01 3.492062e+01
      vertex   5.899198e+00 -4.216757e-01 3.508911e+01
    endloop
  endfacet
  facet normal -4.385415e-02 9.168717e-01 3.967658e-01
    outer loop
      vertex   5.899198e+00 -4.216757e-01 3.508911e+01
      vertex   5.850000e+00 -3.511176e-01 3.492062e+01
      vertex   5.850000e+00 -4.758647e-01 3.520890e+01
    endloop
  endfacet
  facet normal 3.376453e-02 9.053071e-01 4.234135e-01
    outer loop
      vertex   5.899198e+00 -4.216757e-01 3.508911e+01
      vertex   5.850000e+00 -4.758647e-01 3.520890e+01
      vertex   6.187617e+00 -4.850577e-01 3.520163e+01
    endloop
  endfacet
  facet normal 3.392569e-02 8.961084e-01 4.425368e-01
    outer loop
      vertex   6.187617e+00 -4.850577e-01 3.520163e+01
      vertex   5.850000e+00 -4.758647e-01 3.520890e+01
      vertex   6.059706e+00 -6.081460e-01 3.546068e+01
    endloop
  endfacet
  facet normal 8.357182e-02 8.834399e-01 4.610311e-01
    outer loop
      vertex   6.187617e+00 -4.850577e-01 3.520163e+01
      vertex   6.059706e+00 -6.081460e-01 3.546068e+01
      vertex   6.475091e+00 -5.661129e-01 3.530484e+01
    endloop
  endfacet
  facet normal 8.357182e-02 8.834399e-01 4.610311e-01
    outer loop
      vertex   6.475091e+00 -5.661129e-01 3.530484e+01
      vertex   6.059706e+00 -6.081460e-01 3.546068e+01
      vertex   6.347512e+00 -6.892948e-01 3.556401e+01
    endloop
  endfacet
  facet normal 1.409589e-01 8.654617e-01 4.807355e-01
    outer loop
      vertex   6.475091e+00 -5.661129e-01 3.530484e+01
      vertex   6.347512e+00 -6.892948e-01 3.556401e+01
      vertex   6.760587e+00 -6.645613e-01 3.539836e+01
    endloop
  endfacet
  facet normal 1.409597e-01 8.654605e-01 4.807374e-01
    outer loop
      vertex   6.760587e+00 -6.645613e-01 3.539836e+01
      vertex   6.347512e+00 -6.892948e-01 3.556401e+01
      vertex   6.633352e+00 -7.878624e-01 3.565765e+01
    endloop
  endfacet
  facet normal 1.978003e-01 8.440518e-01 4.984492e-01
    outer loop
      vertex   6.760587e+00 -6.645613e-01 3.539836e+01
      vertex   6.633352e+00 -7.878624e-01 3.565765e+01
      vertex   7.042606e+00 -7.798750e-01 3.548172e+01
    endloop
  endfacet
  facet normal 1.978011e-01 8.440506e-01 4.984510e-01
    outer loop
      vertex   7.042606e+00 -7.798750e-01 3.548172e+01
      vertex   6.633352e+00 -7.878624e-01 3.565765e+01
      vertex   6.915682e+00 -9.033037e-01 3.574109e+01
    endloop
  endfacet
  facet normal 2.538666e-01 8.192962e-01 5.141066e-01
    outer loop
      vertex   7.042606e+00 -7.798750e-01 3.548172e+01
      vertex   6.915682e+00 -9.033037e-01 3.574109e+01
      vertex   7.320375e+00 -9.117259e-01 3.555467e+01
    endloop
  endfacet
  facet normal 2.538666e-01 8.192962e-01 5.141066e-01
    outer loop
      vertex   7.320375e+00 -9.117259e-01 3.555467e+01
      vertex   6.915682e+00 -9.033037e-01 3.574109e+01
      vertex   7.193772e+00 -1.035307e+00 3.581413e+01
    endloop
  endfacet
  facet normal 3.089587e-01 7.912855e-01 5.276473e-01
    outer loop
      vertex   7.320375e+00 -9.117259e-01 3.555467e+01
      vertex   7.193772e+00 -1.035307e+00 3.581413e+01
      vertex   7.592663e+00 -1.059541e+00 3.561691e+01
    endloop
  endfacet
  facet normal 3.089587e-01 7.912855e-01 5.276473e-01
    outer loop
      vertex   7.592663e+00 -1.059541e+00 3.561691e+01
      vertex   7.193772e+00 -1.035307e+00 3.581413e+01
      vertex   7.466374e+00 -1.183293e+00 3.587644e+01
    endloop
  endfacet
  facet normal 1.695316e-02 8.908785e-01 4.539253e-01
    outer loop
      vertex   5.850000e+00 -4.758647e-01 3.520890e+01
      vertex   5.850000e+00 -6.184666e-01 3.548877e+01
      vertex   6.059706e+00 -6.081460e-01 3.546068e+01
    endloop
  endfacet
  facet normal 2.429083e-02 8.659455e-01 4.995481e-01
    outer loop
      vertex   6.059706e+00 -6.081460e-01 3.546068e+01
      vertex   5.850000e+00 -6.184666e-01 3.548877e+01
      vertex   5.930967e+00 -7.485592e-01 3.571034e+01
    endloop
  endfacet
  facet normal 5.788345e-02 8.570966e-01 5.118935e-01
    outer loop
      vertex   6.059706e+00 -6.081460e-01 3.546068e+01
      vertex   5.930967e+00 -7.485592e-01 3.571034e+01
      vertex   6.347512e+00 -6.892948e-01 3.556401e+01
    endloop
  endfacet
  facet normal 5.788345e-02 8.570966e-01 5.118935e-01
    outer loop
      vertex   6.347512e+00 -6.892948e-01 3.556401e+01
      vertex   5.930967e+00 -7.485592e-01 3.571034e+01
      vertex   6.217970e+00 -8.294814e-01 3.581338e+01
    endloop
  endfacet
  facet normal 1.152251e-01 8.391326e-01 5.315823e-01
    outer loop
      vertex   6.347512e+00 -6.892948e-01 3.556401e+01
      vertex   6.217970e+00 -8.294814e-01 3.581338e+01
      vertex   6.633352e+00 -7.878624e-01 3.565765e+01
    endloop
  endfacet
  facet normal 1.152259e-01 8.391313e-01 5.315841e-01
    outer loop
      vertex   6.633352e+00 -7.878624e-01 3.565765e+01
      vertex   6.217970e+00 -8.294814e-01 3.581338e+01
      vertex   6.503027e+00 -9.277795e-01 3.590676e+01
    endloop
  endfacet
  facet normal 1.720198e-01 8.177402e-01 5.492815e-01
    outer loop
      vertex   6.633352e+00 -7.878624e-01 3.565765e+01
      vertex   6.503027e+00 -9.277795e-01 3.590676e+01
      vertex   6.915682e+00 -9.033037e-01 3.574109e+01
    endloop
  endfacet
  facet normal 1.720206e-01 8.177389e-01 5.492832e-01
    outer loop
      vertex   6.915682e+00 -9.033037e-01 3.574109e+01
      vertex   6.503027e+00 -9.277795e-01 3.590676e+01
      vertex   6.784554e+00 -1.042893e+00 3.598997e+01
    endloop
  endfacet
  facet normal 2.280387e-01 7.930054e-01 5.649255e-01
    outer loop
      vertex   6.915682e+00 -9.033037e-01 3.574109e+01
      vertex   6.784554e+00 -1.042893e+00 3.598997e+01
      vertex   7.193772e+00 -1.035307e+00 3.581413e+01
    endloop
  endfacet
  facet normal 2.280387e-01 7.930054e-01 5.649255e-01
    outer loop
      vertex   7.193772e+00 -1.035307e+00 3.581413e+01
      vertex   6.784554e+00 -1.042893e+00 3.598997e+01
      vertex   7.061867e+00 -1.174528e+00 3.606281e+01
    endloop
  endfacet
  facet normal 2.830858e-01 7.650177e-01 5.784552e-01
    outer loop
      vertex   7.193772e+00 -1.035307e+00 3.581413e+01
      vertex   7.061867e+00 -1.174528e+00 3.606281e+01
      vertex   7.466374e+00 -1.183293e+00 3.587644e+01
    endloop
  endfacet
  facet normal 2.830858e-01 7.650177e-01 5.784552e-01
    outer loop
      vertex   7.466374e+00 -1.183293e+00 3.587644e+01
      vertex   7.061867e+00 -1.174528e+00 3.606281e+01
      vertex   7.333708e+00 -1.322101e+00 3.612494e+01
    endloop
  endfacet
  facet normal -1.004843e-02 8.606986e-01 5.090157e-01
    outer loop
      vertex   5.850000e+00 -6.184666e-01 3.548877e+01
      vertex   5.850000e+00 -7.783604e-01 3.575913e+01
      vertex   5.930967e+00 -7.485592e-01 3.571034e+01
    endloop
  endfacet
  facet normal 3.252304e-02 8.280459e-01 5.597162e-01
    outer loop
      vertex   5.930967e+00 -7.485592e-01 3.571034e+01
      vertex   5.850000e+00 -7.783604e-01 3.575913e+01
      vertex   6.217970e+00 -8.294814e-01 3.581338e+01
    endloop
  endfacet
  facet normal 3.225256e-02 8.272941e-01 5.608424e-01
    outer loop
      vertex   6.217970e+00 -8.294814e-01 3.581338e+01
      vertex   5.850000e+00 -7.783604e-01 3.575913e+01
      vertex   6.086976e+00 -9.861199e-01 3.605197e+01
    endloop
  endfacet
  facet normal 3.051759e-02 8.266953e-01 5.618216e-01
    outer loop
      vertex   6.086976e+00 -9.861199e-01 3.605197e+01
      vertex   5.850000e+00 -7.783604e-01 3.575913e+01
      vertex   5.850000e+00 -9.549150e-01 3.601893e+01
    endloop
  endfacet
  facet normal 1.877367e-02 7.906396e-01 6.119939e-01
    outer loop
      vertex   6.086976e+00 -9.861199e-01 3.605197e+01
      vertex   5.850000e+00 -9.549150e-01 3.601893e+01
      vertex   5.955048e+00 -1.158592e+00 3.627884e+01
    endloop
  endfacet
  facet normal 1.557293e-02 7.900592e-01 6.128327e-01
    outer loop
      vertex   5.955048e+00 -1.158592e+00 3.627884e+01
      vertex   5.850000e+00 -9.549150e-01 3.601893e+01
      vertex   5.850000e+00 -1.147434e+00 3.626712e+01
    endloop
  endfacet
  facet normal 5.922431e-03 7.500979e-01 6.613003e-01
    outer loop
      vertex   5.955048e+00 -1.158592e+00 3.627884e+01
      vertex   5.850000e+00 -1.147434e+00 3.626712e+01
      vertex   5.850000e+00 -1.355157e+00 3.650274e+01
    endloop
  endfacet
  facet normal 1.557443e-02 7.070210e-01 7.070210e-01
    outer loop
      vertex   5.850000e+00 -1.577264e+00 3.672484e+01
      vertex   6.098699e+00 -1.441392e+00 3.658349e+01
      vertex   5.850000e+00 -1.355157e+00 3.650274e+01
    endloop
  endfacet
  facet normal 3.841922e-02 7.398267e-01 6.716996e-01
    outer loop
      vertex   5.850000e+00 -1.355157e+00 3.650274e+01
      vertex   6.098699e+00 -1.441392e+00 3.658349e+01
      vertex   6.235172e+00 -1.255190e+00 3.637060e+01
    endloop
  endfacet
  facet normal 3.683937e-02 7.423475e-01 6.690015e-01
    outer loop
      vertex   5.850000e+00 -1.355157e+00 3.650274e+01
      vertex   6.235172e+00 -1.255190e+00 3.637060e+01
      vertex   5.955048e+00 -1.158592e+00 3.627884e+01
    endloop
  endfacet
  facet normal 6.249837e-02 7.766683e-01 6.268017e-01
    outer loop
      vertex   5.955048e+00 -1.158592e+00 3.627884e+01
      vertex   6.235172e+00 -1.255190e+00 3.637060e+01
      vertex   6.370125e+00 -1.083761e+00 3.614472e+01
    endloop
  endfacet
  facet normal 6.249759e-02 7.766697e-01 6.268000e-01
    outer loop
      vertex   5.955048e+00 -1.158592e+00 3.627884e+01
      vertex   6.370125e+00 -1.083761e+00 3.614472e+01
      vertex   6.086976e+00 -9.861199e-01 3.605197e+01
    endloop
  endfacet
  facet normal 8.903774e-02 8.094951e-01 5.803361e-01
    outer loop
      vertex   6.086976e+00 -9.861199e-01 3.605197e+01
      vertex   6.370125e+00 -1.083761e+00 3.614472e+01
      vertex   6.503027e+00 -9.277795e-01 3.590676e+01
    endloop
  endfacet
  facet normal 8.903695e-02 8.094964e-01 5.803344e-01
    outer loop
      vertex   6.086976e+00 -9.861199e-01 3.605197e+01
      vertex   6.503027e+00 -9.277795e-01 3.590676e+01
      vertex   6.217970e+00 -8.294814e-01 3.581338e+01
    endloop
  endfacet
  facet normal 2.899589e-02 6.946601e-01 7.187535e-01
    outer loop
      vertex   6.098699e+00 -1.441392e+00 3.658349e+01
      vertex   5.850000e+00 -1.577264e+00 3.672484e+01
      vertex   5.961244e+00 -1.641632e+00 3.678257e+01
    endloop
  endfacet
  facet normal -6.570644e-03 6.612976e-01 7.500949e-01
    outer loop
      vertex   5.961244e+00 -1.641632e+00 3.678257e+01
      vertex   5.850000e+00 -1.577264e+00 3.672484e+01
      vertex   5.850000e+00 -1.812880e+00 3.693257e+01
    endloop
  endfacet
  facet normal 3.778213e-02 6.444291e-01 7.637301e-01
    outer loop
      vertex   5.961244e+00 -1.641632e+00 3.678257e+01
      vertex   5.850000e+00 -1.812880e+00 3.693257e+01
      vertex   6.228554e+00 -1.750934e+00 3.686157e+01
    endloop
  endfacet
  facet normal 3.970264e-02 6.383826e-01 7.686946e-01
    outer loop
      vertex   6.228554e+00 -1.750934e+00 3.686157e+01
      vertex   5.850000e+00 -1.812880e+00 3.693257e+01
      vertex   6.084425e+00 -1.961873e+00 3.704419e+01
    endloop
  endfacet
  facet normal 8.756354e-02 6.171581e-01 7.819518e-01
    outer loop
      vertex   6.228554e+00 -1.750934e+00 3.686157e+01
      vertex   6.084425e+00 -1.961873e+00 3.704419e+01
      vertex   6.491918e+00 -1.875947e+00 3.693074e+01
    endloop
  endfacet
  facet normal 8.756354e-02 6.171581e-01 7.819518e-01
    outer loop
      vertex   6.491918e+00 -1.875947e+00 3.693074e+01
      vertex   6.084425e+00 -1.961873e+00 3.704419e+01
      vertex   6.341659e+00 -2.083976e+00 3.711176e+01
    endloop
  endfacet
  facet normal 1.391641e-01 5.909227e-01 7.946343e-01
    outer loop
      vertex   6.491918e+00 -1.875947e+00 3.693074e+01
      vertex   6.341659e+00 -2.083976e+00 3.711176e+01
      vertex   6.750085e+00 -2.016097e+00 3.698975e+01
    endloop
  endfacet
  facet normal 1.391641e-01 5.909227e-01 7.946343e-01
    outer loop
      vertex   6.750085e+00 -2.016097e+00 3.698975e+01
      vertex   6.341659e+00 -2.083976e+00 3.711176e+01
      vertex   6.593817e+00 -2.220864e+00 3.716939e+01
    endloop
  endfacet
  facet normal 1.329112e-02 6.128529e-01 7.900852e-01
    outer loop
      vertex   5.850000e+00 -1.812880e+00 3.693257e+01
      vertex   5.850000e+00 -2.061074e+00 3.712508e+01
      vertex   6.084425e+00 -1.961873e+00 3.704419e+01
    endloop
  endfacet
  facet normal 3.137557e-02 5.860719e-01 8.096514e-01
    outer loop
      vertex   6.084425e+00 -1.961873e+00 3.704419e+01
      vertex   5.850000e+00 -2.061074e+00 3.712508e+01
      vertex   5.939371e+00 -2.184796e+00 3.721118e+01
    endloop
  endfacet
  facet normal 5.797530e-02 5.740779e-01 8.167457e-01
    outer loop
      vertex   6.084425e+00 -1.961873e+00 3.704419e+01
      vertex   5.939371e+00 -2.184796e+00 3.721118e+01
      vertex   6.341659e+00 -2.083976e+00 3.711176e+01
    endloop
  endfacet
  facet normal 5.797530e-02 5.740779e-01 8.167457e-01
    outer loop
      vertex   6.341659e+00 -2.083976e+00 3.711176e+01
      vertex   5.939371e+00 -2.184796e+00 3.721118e+01
      vertex   6.189461e+00 -2.303508e+00 3.727687e+01
    endloop
  endfacet
  facet normal 1.082613e-01 5.485108e-01 8.291052e-01
    outer loop
      vertex   6.341659e+00 -2.083976e+00 3.711176e+01
      vertex   6.189461e+00 -2.303508e+00 3.727687e+01
      vertex   6.593817e+00 -2.220864e+00 3.716939e+01
    endloop
  endfacet
  facet normal 1.082613e-01 5.485108e-01 8.291052e-01
    outer loop
      vertex   6.593817e+00 -2.220864e+00 3.716939e+01
      vertex   6.189461e+00 -2.303508e+00 3.727687e+01
      vertex   6.434615e+00 -2.436594e+00 3.733290e+01
    endloop
  endfacet
  facet normal -1.862042e-02 5.619859e-01 8.269372e-01
    outer loop
      vertex   5.850000e+00 -2.061074e+00 3.712508e+01
      vertex   5.850000e+00 -2.320866e+00 3.730164e+01
      vertex   5.939371e+00 -2.184796e+00 3.721118e+01
    endloop
  endfacet
  facet normal 3.397927e-02 5.377367e-01 8.424278e-01
    outer loop
      vertex   5.939371e+00 -2.184796e+00 3.721118e+01
      vertex   5.850000e+00 -2.320866e+00 3.730164e+01
      vertex   6.189461e+00 -2.303508e+00 3.727687e+01
    endloop
  endfacet
  facet normal 3.518502e-02 5.252643e-01 8.502114e-01
    outer loop
      vertex   6.189461e+00 -2.303508e+00 3.727687e+01
      vertex   5.850000e+00 -2.320866e+00 3.730164e+01
      vertex   6.035923e+00 -2.533678e+00 3.742542e+01
    endloop
  endfacet
  facet normal 9.604629e-03 5.090179e-01 8.607023e-01
    outer loop
      vertex   6.035923e+00 -2.533678e+00 3.742542e+01
      vertex   5.850000e+00 -2.320866e+00 3.730164e+01
      vertex   5.850000e+00 -2.591232e+00 3.746153e+01
    endloop
  endfacet
  facet normal 2.721836e-02 4.667258e-01 8.839831e-01
    outer loop
      vertex   6.035923e+00 -2.533678e+00 3.742542e+01
      vertex   5.850000e+00 -2.591232e+00 3.746153e+01
      vertex   5.881652e+00 -2.773576e+00 3.755683e+01
    endloop
  endfacet
  facet normal -6.714245e-02 4.529660e-01 8.889959e-01
    outer loop
      vertex   5.881652e+00 -2.773576e+00 3.755683e+01
      vertex   5.850000e+00 -2.591232e+00 3.746153e+01
      vertex   5.850000e+00 -2.871104e+00 3.760414e+01
    endloop
  endfacet
  facet normal 2.665772e-02 4.292215e-01 9.028058e-01
    outer loop
      vertex   5.881652e+00 -2.773576e+00 3.755683e+01
      vertex   5.850000e+00 -2.871104e+00 3.760414e+01
      vertex   6.109930e+00 -2.897500e+00 3.760901e+01
    endloop
  endfacet
  facet normal 2.378366e-02 4.031408e-01 9.148289e-01
    outer loop
      vertex   6.109930e+00 -2.897500e+00 3.760901e+01
      vertex   5.850000e+00 -2.871104e+00 3.760414e+01
      vertex   5.945728e+00 -3.140858e+00 3.772052e+01
    endloop
  endfacet
  facet normal 3.339079e-03 3.971457e-01 9.177495e-01
    outer loop
      vertex   5.850000e+00 -2.871104e+00 3.760414e+01
      vertex   5.850000e+00 -3.159377e+00 3.772888e+01
      vertex   5.945728e+00 -3.140858e+00 3.772052e+01
    endloop
  endfacet
  facet normal 1.665696e-02 3.386909e-01 9.407502e-01
    outer loop
      vertex   5.945728e+00 -3.140858e+00 3.772052e+01
      vertex   5.850000e+00 -3.159377e+00 3.772888e+01
      vertex   5.850000e+00 -3.454915e+00 3.783528e+01
    endloop
  endfacet
  facet normal 3.465799e-02 2.548509e-01 9.663591e-01
    outer loop
      vertex   6.180896e+00 -3.651865e+00 3.788344e+01
      vertex   5.850000e+00 -3.756551e+00 3.792292e+01
      vertex   5.994488e+00 -3.894510e+00 3.795412e+01
    endloop
  endfacet
  facet normal -2.454941e-03 2.181426e-01 9.759138e-01
    outer loop
      vertex   5.994488e+00 -3.894510e+00 3.795412e+01
      vertex   5.850000e+00 -3.756551e+00 3.792292e+01
      vertex   5.850000e+00 -4.063093e+00 3.799144e+01
    endloop
  endfacet
  facet normal 3.256865e-02 1.893333e-01 9.813726e-01
    outer loop
      vertex   5.994488e+00 -3.894510e+00 3.795412e+01
      vertex   5.850000e+00 -4.063093e+00 3.799144e+01
      vertex   6.174309e+00 -4.032877e+00 3.797484e+01
    endloop
  endfacet
  facet normal 3.363639e-02 1.789250e-01 9.832876e-01
    outer loop
      vertex   6.174309e+00 -4.032877e+00 3.797484e+01
      vertex   5.850000e+00 -4.063093e+00 3.799144e+01
      vertex   5.976099e+00 -4.271240e+00 3.802500e+01
    endloop
  endfacet
  facet normal 6.215622e-02 1.557464e-01 9.858396e-01
    outer loop
      vertex   6.174309e+00 -4.032877e+00 3.797484e+01
      vertex   5.976099e+00 -4.271240e+00 3.802500e+01
      vertex   6.347160e+00 -4.180789e+00 3.798731e+01
    endloop
  endfacet
  facet normal 6.215622e-02 1.557464e-01 9.858396e-01
    outer loop
      vertex   6.347160e+00 -4.180789e+00 3.798731e+01
      vertex   5.976099e+00 -4.271240e+00 3.802500e+01
      vertex   6.138152e+00 -4.409912e+00 3.803669e+01
    endloop
  endfacet
  facet normal 9.494532e-02 1.261837e-01 9.874528e-01
    outer loop
      vertex   6.347160e+00 -4.180789e+00 3.798731e+01
      vertex   6.138152e+00 -4.409912e+00 3.803669e+01
      vertex   6.512348e+00 -4.337652e+00 3.799148e+01
    endloop
  endfacet
  facet normal 9.494532e-02 1.261837e-01 9.874528e-01
    outer loop
      vertex   6.512348e+00 -4.337652e+00 3.799148e+01
      vertex   6.138152e+00 -4.409912e+00 3.803669e+01
      vertex   6.293022e+00 -4.556978e+00 3.804059e+01
    endloop
  endfacet
  facet normal 1.261837e-01 9.494532e-02 9.874528e-01
    outer loop
      vertex   6.512348e+00 -4.337652e+00 3.799148e+01
      vertex   6.293022e+00 -4.556978e+00 3.804059e+01
      vertex   6.669211e+00 -4.502840e+00 3.798731e+01
    endloop
  endfacet
  facet normal 1.261837e-01 9.494532e-02 9.874528e-01
    outer loop
      vertex   6.669211e+00 -4.502840e+00 3.798731e+01
      vertex   6.293022e+00 -4.556978e+00 3.804059e+01
      vertex   6.440088e+00 -4.711848e+00 3.803669e+01
    endloop
  endfacet
  facet normal 1.557464e-01 6.215622e-02 9.858396e-01
    outer loop
      vertex   6.669211e+00 -4.502840e+00 3.798731e+01
      vertex   6.440088e+00 -4.711848e+00 3.803669e+01
      vertex   6.817123e+00 -4.675691e+00 3.797484e+01
    endloop
  endfacet
  facet normal 1.557464e-01 6.215622e-02 9.858396e-01
    outer loop
      vertex   6.817123e+00 -4.675691e+00 3.797484e+01
      vertex   6.440088e+00 -4.711848e+00 3.803669e+01
      vertex   6.578760e+00 -4.873901e+00 3.802500e+01
    endloop
  endfacet
  facet normal 1.789250e-01 3.363639e-02 9.832876e-01
    outer loop
      vertex   6.817123e+00 -4.675691e+00 3.797484e+01
      vertex   6.578760e+00 -4.873901e+00 3.802500e+01
      vertex   6.786907e+00 -5.000000e+00 3.799144e+01
    endloop
  endfacet
  facet normal 1.564328e-01 -4.659221e-03 9.876776e-01
    outer loop
      vertex   6.786907e+00 -5.000000e+00 3.799144e+01
      vertex   6.578760e+00 -4.873901e+00 3.802500e+01
      vertex   6.476666e+00 -5.000000e+00 3.804057e+01
    endloop
  endfacet
  facet normal 1.166376e-01 2.818986e-02 9.927744e-01
    outer loop
      vertex   6.476666e+00 -5.000000e+00 3.804057e+01
      vertex   6.578760e+00 -4.873901e+00 3.802500e+01
      vertex   6.440088e+00 -4.711848e+00 3.803669e+01
    endloop
  endfacet
  facet normal 1.039547e-01 2.659944e-02 9.942263e-01
    outer loop
      vertex   6.476666e+00 -5.000000e+00 3.804057e+01
      vertex   6.440088e+00 -4.711848e+00 3.803669e+01
      vertex   6.208636e+00 -4.921992e+00 3.806651e+01
    endloop
  endfacet
  facet normal 8.109850e-02 5.193298e-02 9.953522e-01
    outer loop
      vertex   6.208636e+00 -4.921992e+00 3.806651e+01
      vertex   6.440088e+00 -4.711848e+00 3.803669e+01
      vertex   6.071949e+00 -4.778051e+00 3.807014e+01
    endloop
  endfacet
  facet normal 4.699028e-02 1.945904e-02 9.987058e-01
    outer loop
      vertex   6.208636e+00 -4.921992e+00 3.806651e+01
      vertex   6.071949e+00 -4.778051e+00 3.807014e+01
      vertex   6.163953e+00 -5.000000e+00 3.807013e+01
    endloop
  endfacet
  facet normal 3.140810e-02 1.299979e-02 9.994221e-01
    outer loop
      vertex   6.163953e+00 -5.000000e+00 3.807013e+01
      vertex   6.071949e+00 -4.778051e+00 3.807014e+01
      vertex   5.850000e+00 -5.000000e+00 3.808000e+01
    endloop
  endfacet
  facet normal 1.299979e-02 3.140810e-02 9.994221e-01
    outer loop
      vertex   5.850000e+00 -5.000000e+00 3.808000e+01
      vertex   6.071949e+00 -4.778051e+00 3.807014e+01
      vertex   5.850000e+00 -4.686047e+00 3.807013e+01
    endloop
  endfacet
  facet normal 1.945904e-02 4.699028e-02 9.987058e-01
    outer loop
      vertex   5.850000e+00 -4.686047e+00 3.807013e+01
      vertex   6.071949e+00 -4.778051e+00 3.807014e+01
      vertex   5.928008e+00 -4.641364e+00 3.806651e+01
    endloop
  endfacet
  facet normal -7.675993e-03 9.410554e-02 9.955326e-01
    outer loop
      vertex   5.850000e+00 -4.686047e+00 3.807013e+01
      vertex   5.928008e+00 -4.641364e+00 3.806651e+01
      vertex   5.850000e+00 -4.373334e+00 3.804057e+01
    endloop
  endfacet
  facet normal 2.659944e-02 1.039547e-01 9.942263e-01
    outer loop
      vertex   5.850000e+00 -4.373334e+00 3.804057e+01
      vertex   5.928008e+00 -4.641364e+00 3.806651e+01
      vertex   6.138152e+00 -4.409912e+00 3.803669e+01
    endloop
  endfacet
  facet normal 2.818986e-02 1.166376e-01 9.927744e-01
    outer loop
      vertex   5.850000e+00 -4.373334e+00 3.804057e+01
      vertex   6.138152e+00 -4.409912e+00 3.803669e+01
      vertex   5.976099e+00 -4.271240e+00 3.802500e+01
    endloop
  endfacet
  facet normal -4.659221e-03 1.564328e-01 9.876776e-01
    outer loop
      vertex   5.850000e+00 -4.063093e+00 3.799144e+01
      vertex   5.850000e+00 -4.373334e+00 3.804057e+01
      vertex   5.976099e+00 -4.271240e+00 3.802500e+01
    endloop
  endfacet
  facet normal 9.410554e-02 -7.675993e-03 9.955326e-01
    outer loop
      vertex   6.163953e+00 -5.000000e+00 3.807013e+01
      vertex   6.476666e+00 -5.000000e+00 3.804057e+01
      vertex   6.208636e+00 -4.921992e+00 3.806651e+01
    endloop
  endfacet
  facet normal 1.893333e-01 3.256865e-02 9.813726e-01
    outer loop
      vertex   6.817123e+00 -4.675691e+00 3.797484e+01
      vertex   6.786907e+00 -5.000000e+00 3.799144e+01
      vertex   6.955490e+00 -4.855512e+00 3.795412e+01
    endloop
  endfacet
  facet normal 2.181426e-01 -2.454941e-03 9.759138e-01
    outer loop
      vertex   6.955490e+00 -4.855512e+00 3.795412e+01
      vertex   6.786907e+00 -5.000000e+00 3.799144e+01
      vertex   7.093449e+00 -5.000000e+00 3.792292e+01
    endloop
  endfacet
  facet normal 2.548509e-01 3.465799e-02 9.663591e-01
    outer loop
      vertex   6.955490e+00 -4.855512e+00 3.795412e+01
      vertex   7.093449e+00 -5.000000e+00 3.792292e+01
      vertex   7.198135e+00 -4.669104e+00 3.788344e+01
    endloop
  endfacet
  facet normal 2.632851e-01 3.173162e-02 9.641961e-01
    outer loop
      vertex   7.198135e+00 -4.669104e+00 3.788344e+01
      vertex   7.093449e+00 -5.000000e+00 3.792292e+01
      vertex   7.333910e+00 -4.866064e+00 3.785285e+01
    endloop
  endfacet
  facet normal 3.079060e-01 6.481934e-02 9.492062e-01
    outer loop
      vertex   7.198135e+00 -4.669104e+00 3.788344e+01
      vertex   7.333910e+00 -4.866064e+00 3.785285e+01
      vertex   7.578207e+00 -4.691073e+00 3.776165e+01
    endloop
  endfacet
  facet normal 3.319462e-01 2.796286e-02 9.428838e-01
    outer loop
      vertex   7.578207e+00 -4.691073e+00 3.776165e+01
      vertex   7.333910e+00 -4.866064e+00 3.785285e+01
      vertex   7.395085e+00 -5.000000e+00 3.783528e+01
    endloop
  endfacet
  facet normal 3.386447e-01 2.345309e-02 9.406220e-01
    outer loop
      vertex   7.578207e+00 -4.691073e+00 3.776165e+01
      vertex   7.395085e+00 -5.000000e+00 3.783528e+01
      vertex   7.690623e+00 -5.000000e+00 3.772888e+01
    endloop
  endfacet
  facet normal 2.789908e-01 1.492336e-03 9.602926e-01
    outer loop
      vertex   7.093449e+00 -5.000000e+00 3.792292e+01
      vertex   7.395085e+00 -5.000000e+00 3.783528e+01
      vertex   7.333910e+00 -4.866064e+00 3.785285e+01
    endloop
  endfacet
  facet normal 3.278105e-01 1.909387e-02 9.445505e-01
    outer loop
      vertex   7.578207e+00 -4.691073e+00 3.776165e+01
      vertex   7.690623e+00 -5.000000e+00 3.772888e+01
      vertex   7.709142e+00 -4.904272e+00 3.772052e+01
    endloop
  endfacet
  facet normal 3.971457e-01 3.339079e-03 9.177495e-01
    outer loop
      vertex   7.709142e+00 -4.904272e+00 3.772052e+01
      vertex   7.690623e+00 -5.000000e+00 3.772888e+01
      vertex   7.978896e+00 -5.000000e+00 3.760414e+01
    endloop
  endfacet
  facet normal 4.031408e-01 2.378366e-02 9.148289e-01
    outer loop
      vertex   7.709142e+00 -4.904272e+00 3.772052e+01
      vertex   7.978896e+00 -5.000000e+00 3.760414e+01
      vertex   7.952500e+00 -4.740070e+00 3.760901e+01
    endloop
  endfacet
  facet normal 4.292215e-01 2.665772e-02 9.028058e-01
    outer loop
      vertex   7.952500e+00 -4.740070e+00 3.760901e+01
      vertex   7.978896e+00 -5.000000e+00 3.760414e+01
      vertex   8.076424e+00 -4.968348e+00 3.755683e+01
    endloop
  endfacet
  facet normal 4.573693e-01 4.529426e-02 8.881226e-01
    outer loop
      vertex   7.952500e+00 -4.740070e+00 3.760901e+01
      vertex   8.076424e+00 -4.968348e+00 3.755683e+01
      vertex   8.316322e+00 -4.814077e+00 3.742542e+01
    endloop
  endfacet
  facet normal 4.667258e-01 2.721836e-02 8.839831e-01
    outer loop
      vertex   8.316322e+00 -4.814077e+00 3.742542e+01
      vertex   8.076424e+00 -4.968348e+00 3.755683e+01
      vertex   8.258768e+00 -5.000000e+00 3.746153e+01
    endloop
  endfacet
  facet normal 5.090179e-01 9.604629e-03 8.607023e-01
    outer loop
      vertex   8.316322e+00 -4.814077e+00 3.742542e+01
      vertex   8.258768e+00 -5.000000e+00 3.746153e+01
      vertex   8.529134e+00 -5.000000e+00 3.730164e+01
    endloop
  endfacet
  facet normal 4.529660e-01 -6.714245e-02 8.889959e-01
    outer loop
      vertex   7.978896e+00 -5.000000e+00 3.760414e+01
      vertex   8.258768e+00 -5.000000e+00 3.746153e+01
      vertex   8.076424e+00 -4.968348e+00 3.755683e+01
    endloop
  endfacet
  facet normal 5.619859e-01 -1.862042e-02 8.269372e-01
    outer loop
      vertex   8.788926e+00 -5.000000e+00 3.712508e+01
      vertex   8.665204e+00 -4.910629e+00 3.721118e+01
      vertex   8.529134e+00 -5.000000e+00 3.730164e+01
    endloop
  endfacet
  facet normal 5.377367e-01 3.397927e-02 8.424278e-01
    outer loop
      vertex   8.529134e+00 -5.000000e+00 3.730164e+01
      vertex   8.665204e+00 -4.910629e+00 3.721118e+01
      vertex   8.546492e+00 -4.660539e+00 3.727687e+01
    endloop
  endfacet
  facet normal 5.252643e-01 3.518502e-02 8.502114e-01
    outer loop
      vertex   8.529134e+00 -5.000000e+00 3.730164e+01
      vertex   8.546492e+00 -4.660539e+00 3.727687e+01
      vertex   8.316322e+00 -4.814077e+00 3.742542e+01
    endloop
  endfacet
  facet normal 5.039346e-01 7.693025e-02 8.603090e-01
    outer loop
      vertex   8.316322e+00 -4.814077e+00 3.742542e+01
      vertex   8.546492e+00 -4.660539e+00 3.727687e+01
      vertex   8.187563e+00 -4.576893e+00 3.747963e+01
    endloop
  endfacet
  facet normal 4.573693e-01 4.529426e-02 8.881226e-01
    outer loop
      vertex   8.316322e+00 -4.814077e+00 3.742542e+01
      vertex   8.187563e+00 -4.576893e+00 3.747963e+01
      vertex   7.952500e+00 -4.740070e+00 3.760901e+01
    endloop
  endfacet
  facet normal 4.307570e-01 9.133077e-02 8.978347e-01
    outer loop
      vertex   7.952500e+00 -4.740070e+00 3.760901e+01
      vertex   8.187563e+00 -4.576893e+00 3.747963e+01
      vertex   7.815687e+00 -4.517301e+00 3.765199e+01
    endloop
  endfacet
  facet normal 3.834547e-01 5.766490e-02 9.217577e-01
    outer loop
      vertex   7.952500e+00 -4.740070e+00 3.760901e+01
      vertex   7.815687e+00 -4.517301e+00 3.765199e+01
      vertex   7.578207e+00 -4.691073e+00 3.776165e+01
    endloop
  endfacet
  facet normal 3.554400e-01 1.006850e-01 9.292604e-01
    outer loop
      vertex   7.578207e+00 -4.691073e+00 3.776165e+01
      vertex   7.815687e+00 -4.517301e+00 3.765199e+01
      vertex   7.435462e+00 -4.484001e+00 3.779382e+01
    endloop
  endfacet
  facet normal 3.079060e-01 6.481934e-02 9.492062e-01
    outer loop
      vertex   7.578207e+00 -4.691073e+00 3.776165e+01
      vertex   7.435462e+00 -4.484001e+00 3.779382e+01
      vertex   7.198135e+00 -4.669104e+00 3.788344e+01
    endloop
  endfacet
  facet normal 2.789232e-01 1.045912e-01 9.546007e-01
    outer loop
      vertex   7.198135e+00 -4.669104e+00 3.788344e+01
      vertex   7.435462e+00 -4.484001e+00 3.779382e+01
      vertex   7.051671e+00 -4.478760e+00 3.790538e+01
    endloop
  endfacet
  facet normal 2.316774e-01 6.640163e-02 9.705238e-01
    outer loop
      vertex   7.198135e+00 -4.669104e+00 3.788344e+01
      vertex   7.051671e+00 -4.478760e+00 3.790538e+01
      vertex   6.817123e+00 -4.675691e+00 3.797484e+01
    endloop
  endfacet
  facet normal 2.021760e-01 1.027450e-01 9.739447e-01
    outer loop
      vertex   6.817123e+00 -4.675691e+00 3.797484e+01
      vertex   7.051671e+00 -4.478760e+00 3.790538e+01
      vertex   6.669211e+00 -4.502840e+00 3.798731e+01
    endloop
  endfacet
  facet normal 5.860719e-01 3.137557e-02 8.096514e-01
    outer loop
      vertex   8.665204e+00 -4.910629e+00 3.721118e+01
      vertex   8.788926e+00 -5.000000e+00 3.712508e+01
      vertex   8.888127e+00 -4.765575e+00 3.704419e+01
    endloop
  endfacet
  facet normal 6.128529e-01 1.329112e-02 7.900852e-01
    outer loop
      vertex   8.888127e+00 -4.765575e+00 3.704419e+01
      vertex   8.788926e+00 -5.000000e+00 3.712508e+01
      vertex   9.037120e+00 -5.000000e+00 3.693257e+01
    endloop
  endfacet
  facet normal 6.383826e-01 3.970264e-02 7.686946e-01
    outer loop
      vertex   8.888127e+00 -4.765575e+00 3.704419e+01
      vertex   9.037120e+00 -5.000000e+00 3.693257e+01
      vertex   9.099066e+00 -4.621446e+00 3.686157e+01
    endloop
  endfacet
  facet normal 6.444291e-01 3.778213e-02 7.637301e-01
    outer loop
      vertex   9.099066e+00 -4.621446e+00 3.686157e+01
      vertex   9.037120e+00 -5.000000e+00 3.693257e+01
      vertex   9.208368e+00 -4.888756e+00 3.678257e+01
    endloop
  endfacet
  facet normal 6.814856e-01 6.316933e-02 7.291001e-01
    outer loop
      vertex   9.099066e+00 -4.621446e+00 3.686157e+01
      vertex   9.208368e+00 -4.888756e+00 3.678257e+01
      vertex   9.297188e+00 -4.478810e+00 3.666403e+01
    endloop
  endfacet
  facet normal 6.814872e-01 6.316861e-02 7.290987e-01
    outer loop
      vertex   9.297188e+00 -4.478810e+00 3.666403e+01
      vertex   9.208368e+00 -4.888756e+00 3.678257e+01
      vertex   9.408608e+00 -4.751301e+00 3.658349e+01
    endloop
  endfacet
  facet normal 7.199437e-01 9.102923e-02 6.880369e-01
    outer loop
      vertex   9.297188e+00 -4.478810e+00 3.666403e+01
      vertex   9.408608e+00 -4.751301e+00 3.658349e+01
      vertex   9.481711e+00 -4.338230e+00 3.645235e+01
    endloop
  endfacet
  facet normal 7.199452e-01 9.102849e-02 6.880354e-01
    outer loop
      vertex   9.481711e+00 -4.338230e+00 3.645235e+01
      vertex   9.408608e+00 -4.751301e+00 3.658349e+01
      vertex   9.594810e+00 -4.614828e+00 3.637060e+01
    endloop
  endfacet
  facet normal 7.555633e-01 1.185295e-01 6.442630e-01
    outer loop
      vertex   9.481711e+00 -4.338230e+00 3.645235e+01
      vertex   9.594810e+00 -4.614828e+00 3.637060e+01
      vertex   9.651908e+00 -4.200261e+00 3.622737e+01
    endloop
  endfacet
  facet normal 7.555648e-01 1.185288e-01 6.442615e-01
    outer loop
      vertex   9.651908e+00 -4.200261e+00 3.622737e+01
      vertex   9.594810e+00 -4.614828e+00 3.637060e+01
      vertex   9.766239e+00 -4.479875e+00 3.614472e+01
    endloop
  endfacet
  facet normal 7.882044e-01 1.455621e-01 5.979511e-01
    outer loop
      vertex   9.651908e+00 -4.200261e+00 3.622737e+01
      vertex   9.766239e+00 -4.479875e+00 3.614472e+01
      vertex   9.807107e+00 -4.065446e+00 3.598997e+01
    endloop
  endfacet
  facet normal 7.882058e-01 1.455613e-01 5.979494e-01
    outer loop
      vertex   9.807107e+00 -4.065446e+00 3.598997e+01
      vertex   9.766239e+00 -4.479875e+00 3.614472e+01
      vertex   9.922221e+00 -4.346973e+00 3.590676e+01
    endloop
  endfacet
  facet normal 6.612976e-01 -6.570644e-03 7.500949e-01
    outer loop
      vertex   9.037120e+00 -5.000000e+00 3.693257e+01
      vertex   9.272736e+00 -5.000000e+00 3.672484e+01
      vertex   9.208368e+00 -4.888756e+00 3.678257e+01
    endloop
  endfacet
  facet normal 6.946601e-01 2.899589e-02 7.187535e-01
    outer loop
      vertex   9.208368e+00 -4.888756e+00 3.678257e+01
      vertex   9.272736e+00 -5.000000e+00 3.672484e+01
      vertex   9.408608e+00 -4.751301e+00 3.658349e+01
    endloop
  endfacet
  facet normal 7.070210e-01 1.557443e-02 7.070210e-01
    outer loop
      vertex   9.272736e+00 -5.000000e+00 3.672484e+01
      vertex   9.494843e+00 -5.000000e+00 3.650274e+01
      vertex   9.408608e+00 -4.751301e+00 3.658349e+01
    endloop
  endfacet
  facet normal 7.398267e-01 3.841922e-02 6.716996e-01
    outer loop
      vertex   9.408608e+00 -4.751301e+00 3.658349e+01
      vertex   9.494843e+00 -5.000000e+00 3.650274e+01
      vertex   9.594810e+00 -4.614828e+00 3.637060e+01
    endloop
  endfacet
  facet normal 7.423475e-01 3.683937e-02 6.690015e-01
    outer loop
      vertex   9.594810e+00 -4.614828e+00 3.637060e+01
      vertex   9.494843e+00 -5.000000e+00 3.650274e+01
      vertex   9.691408e+00 -4.894952e+00 3.627884e+01
    endloop
  endfacet
  facet normal 7.500979e-01 5.922431e-03 6.613003e-01
    outer loop
      vertex   9.691408e+00 -4.894952e+00 3.627884e+01
      vertex   9.494843e+00 -5.000000e+00 3.650274e+01
      vertex   9.702566e+00 -5.000000e+00 3.626712e+01
    endloop
  endfacet
  facet normal 7.900592e-01 1.557293e-02 6.128327e-01
    outer loop
      vertex   9.691408e+00 -4.894952e+00 3.627884e+01
      vertex   9.702566e+00 -5.000000e+00 3.626712e+01
      vertex   9.895085e+00 -5.000000e+00 3.601893e+01
    endloop
  endfacet
  facet normal 7.906396e-01 1.877367e-02 6.119939e-01
    outer loop
      vertex   9.691408e+00 -4.894952e+00 3.627884e+01
      vertex   9.895085e+00 -5.000000e+00 3.601893e+01
      vertex   9.863880e+00 -4.763024e+00 3.605197e+01
    endloop
  endfacet
  facet normal 8.266953e-01 3.051759e-02 5.618216e-01
    outer loop
      vertex   9.863880e+00 -4.763024e+00 3.605197e+01
      vertex   9.895085e+00 -5.000000e+00 3.601893e+01
      vertex   1.007164e+01 -5.000000e+00 3.575913e+01
    endloop
  endfacet
  facet normal 8.272941e-01 3.225256e-02 5.608424e-01
    outer loop
      vertex   9.863880e+00 -4.763024e+00 3.605197e+01
      vertex   1.007164e+01 -5.000000e+00 3.575913e+01
      vertex   1.002052e+01 -4.632030e+00 3.581338e+01
    endloop
  endfacet
  facet normal 8.280459e-01 3.252304e-02 5.597162e-01
    outer loop
      vertex   1.002052e+01 -4.632030e+00 3.581338e+01
      vertex   1.007164e+01 -5.000000e+00 3.575913e+01
      vertex   1.010144e+01 -4.919033e+00 3.571034e+01
    endloop
  endfacet
  facet normal 8.570966e-01 5.788345e-02 5.118935e-01
    outer loop
      vertex   1.002052e+01 -4.632030e+00 3.581338e+01
      vertex   1.010144e+01 -4.919033e+00 3.571034e+01
      vertex   1.024185e+01 -4.790294e+00 3.546068e+01
    endloop
  endfacet
  facet normal 8.659455e-01 2.429083e-02 4.995481e-01
    outer loop
      vertex   1.024185e+01 -4.790294e+00 3.546068e+01
      vertex   1.010144e+01 -4.919033e+00 3.571034e+01
      vertex   1.023153e+01 -5.000000e+00 3.548877e+01
    endloop
  endfacet
  facet normal 8.908785e-01 1.695316e-02 4.539253e-01
    outer loop
      vertex   1.024185e+01 -4.790294e+00 3.546068e+01
      vertex   1.023153e+01 -5.000000e+00 3.548877e+01
      vertex   1.037414e+01 -5.000000e+00 3.520890e+01
    endloop
  endfacet
  facet normal 8.606986e-01 -1.004843e-02 5.090157e-01
    outer loop
      vertex   1.007164e+01 -5.000000e+00 3.575913e+01
      vertex   1.023153e+01 -5.000000e+00 3.548877e+01
      vertex   1.010144e+01 -4.919033e+00 3.571034e+01
    endloop
  endfacet
  facet normal 9.560702e-01 2.788942e-02 2.918080e-01
    outer loop
      vertex   1.061976e+01 -4.695401e+00 3.454854e+01
      vertex   1.060528e+01 -5.000000e+00 3.462508e+01
      vertex   1.066458e+01 -4.979580e+00 3.442886e+01
    endloop
  endfacet
  facet normal 9.547893e-01 -1.069167e-01 2.773919e-01
    outer loop
      vertex   1.066458e+01 -4.979580e+00 3.442886e+01
      vertex   1.060528e+01 -5.000000e+00 3.462508e+01
      vertex   1.069292e+01 -5.000000e+00 3.432345e+01
    endloop
  endfacet
  facet normal 9.668568e-01 4.026729e-02 2.521241e-01
    outer loop
      vertex   1.066458e+01 -4.979580e+00 3.442886e+01
      vertex   1.069292e+01 -5.000000e+00 3.432345e+01
      vertex   1.073169e+01 -4.849954e+00 3.415081e+01
    endloop
  endfacet
  facet normal 9.759161e-01 -1.171332e-03 2.181431e-01
    outer loop
      vertex   1.073169e+01 -4.849954e+00 3.415081e+01
      vertex   1.069292e+01 -5.000000e+00 3.432345e+01
      vertex   1.076144e+01 -5.000000e+00 3.401691e+01
    endloop
  endfacet
  facet normal 9.828245e-01 3.280723e-02 1.816032e-01
    outer loop
      vertex   1.073169e+01 -4.849954e+00 3.415081e+01
      vertex   1.076144e+01 -5.000000e+00 3.401691e+01
      vertex   1.077954e+01 -4.720913e+00 3.386854e+01
    endloop
  endfacet
  facet normal 9.867911e-01 2.137439e-02 1.605818e-01
    outer loop
      vertex   1.077954e+01 -4.720913e+00 3.386854e+01
      vertex   1.076144e+01 -5.000000e+00 3.401691e+01
      vertex   1.080562e+01 -4.994676e+00 3.374470e+01
    endloop
  endfacet
  facet normal 9.922264e-01 4.145371e-02 1.173389e-01
    outer loop
      vertex   1.077954e+01 -4.720913e+00 3.386854e+01
      vertex   1.080562e+01 -4.994676e+00 3.374470e+01
      vertex   1.080794e+01 -4.592963e+00 3.358316e+01
    endloop
  endfacet
  facet normal 9.922309e-01 4.144027e-02 1.173055e-01
    outer loop
      vertex   1.080794e+01 -4.592963e+00 3.358316e+01
      vertex   1.080562e+01 -4.994676e+00 3.374470e+01
      vertex   1.083343e+01 -4.860614e+00 3.346208e+01
    endloop
  endfacet
  facet normal 9.958886e-01 6.755295e-02 6.035232e-02
    outer loop
      vertex   1.080794e+01 -4.592963e+00 3.358316e+01
      vertex   1.083343e+01 -4.860614e+00 3.346208e+01
      vertex   1.081678e+01 -4.466608e+00 3.329580e+01
    endloop
  endfacet
  facet normal 9.958915e-01 6.753949e-02 6.032015e-02
    outer loop
      vertex   1.081678e+01 -4.466608e+00 3.329580e+01
      vertex   1.083343e+01 -4.860614e+00 3.346208e+01
      vertex   1.084159e+01 -4.727102e+00 3.317795e+01
    endloop
  endfacet
  facet normal 9.961297e-01 8.534962e-02 2.100136e-02
    outer loop
      vertex   1.081678e+01 -4.466608e+00 3.329580e+01
      vertex   1.084159e+01 -4.727102e+00 3.317795e+01
      vertex   1.084013e+01 -4.686047e+00 3.308000e+01
    endloop
  endfacet
  facet normal 9.995052e-01 3.141072e-02 -1.656397e-03
    outer loop
      vertex   1.084013e+01 -4.686047e+00 3.308000e+01
      vertex   1.084159e+01 -4.727102e+00 3.317795e+01
      vertex   1.085000e+01 -5.000000e+00 3.308000e+01
    endloop
  endfacet
  facet normal 9.993158e-01 1.953837e-02 3.140476e-02
    outer loop
      vertex   1.085000e+01 -5.000000e+00 3.308000e+01
      vertex   1.084159e+01 -4.727102e+00 3.317795e+01
      vertex   1.084013e+01 -5.000000e+00 3.339395e+01
    endloop
  endfacet
  facet normal 9.987487e-01 2.766096e-02 4.166305e-02
    outer loop
      vertex   1.084013e+01 -5.000000e+00 3.339395e+01
      vertex   1.084159e+01 -4.727102e+00 3.317795e+01
      vertex   1.083343e+01 -4.860614e+00 3.346208e+01
    endloop
  endfacet
  facet normal 9.955602e-01 1.875462e-03 9.410815e-02
    outer loop
      vertex   1.084013e+01 -5.000000e+00 3.339395e+01
      vertex   1.083343e+01 -4.860614e+00 3.346208e+01
      vertex   1.081057e+01 -5.000000e+00 3.370667e+01
    endloop
  endfacet
  facet normal 9.912013e-01 5.145192e-02 1.219533e-01
    outer loop
      vertex   1.081057e+01 -5.000000e+00 3.370667e+01
      vertex   1.083343e+01 -4.860614e+00 3.346208e+01
      vertex   1.080562e+01 -4.994676e+00 3.374470e+01
    endloop
  endfacet
  facet normal 9.688565e-01 -1.943438e-01 1.534518e-01
    outer loop
      vertex   1.081057e+01 -5.000000e+00 3.370667e+01
      vertex   1.080562e+01 -4.994676e+00 3.374470e+01
      vertex   1.076144e+01 -5.000000e+00 3.401691e+01
    endloop
  endfacet
  facet normal 9.954899e-01 9.410150e-02 1.203245e-02
    outer loop
      vertex   1.084013e+01 -4.686047e+00 3.308000e+01
      vertex   1.081057e+01 -4.373334e+00 3.308000e+01
      vertex   1.081678e+01 -4.466608e+00 3.329580e+01
    endloop
  endfacet
  facet normal 9.893121e-01 1.420458e-01 3.293341e-02
    outer loop
      vertex   1.081678e+01 -4.466608e+00 3.329580e+01
      vertex   1.081057e+01 -4.373334e+00 3.308000e+01
      vertex   1.077523e+01 -4.202954e+00 3.340685e+01
    endloop
  endfacet
  facet normal 9.891673e-01 1.207153e-01 8.352150e-02
    outer loop
      vertex   1.081678e+01 -4.466608e+00 3.329580e+01
      vertex   1.077523e+01 -4.202954e+00 3.340685e+01
      vertex   1.080794e+01 -4.592963e+00 3.358316e+01
    endloop
  endfacet
  facet normal 9.891629e-01 1.207293e-01 8.355336e-02
    outer loop
      vertex   1.080794e+01 -4.592963e+00 3.358316e+01
      vertex   1.077523e+01 -4.202954e+00 3.340685e+01
      vertex   1.076531e+01 -4.322541e+00 3.369705e+01
    endloop
  endfacet
  facet normal 9.853440e-01 9.590370e-02 1.410664e-01
    outer loop
      vertex   1.080794e+01 -4.592963e+00 3.358316e+01
      vertex   1.076531e+01 -4.322541e+00 3.369705e+01
      vertex   1.077954e+01 -4.720913e+00 3.386854e+01
    endloop
  endfacet
  facet normal 9.853379e-01 9.591768e-02 1.410994e-01
    outer loop
      vertex   1.077954e+01 -4.720913e+00 3.386854e+01
      vertex   1.076531e+01 -4.322541e+00 3.369705e+01
      vertex   1.073600e+01 -4.444801e+00 3.398483e+01
    endloop
  endfacet
  facet normal 9.776369e-01 7.071600e-02 1.980538e-01
    outer loop
      vertex   1.077954e+01 -4.720913e+00 3.386854e+01
      vertex   1.073600e+01 -4.444801e+00 3.398483e+01
      vertex   1.073169e+01 -4.849954e+00 3.415081e+01
    endloop
  endfacet
  facet normal 9.776291e-01 7.072993e-02 1.980875e-01
    outer loop
      vertex   1.073169e+01 -4.849954e+00 3.415081e+01
      vertex   1.073600e+01 -4.444801e+00 3.398483e+01
      vertex   1.068742e+01 -4.569251e+00 3.426903e+01
    endloop
  endfacet
  facet normal 9.660769e-01 4.525114e-02 2.542593e-01
    outer loop
      vertex   1.073169e+01 -4.849954e+00 3.415081e+01
      vertex   1.068742e+01 -4.569251e+00 3.426903e+01
      vertex   1.066458e+01 -4.979580e+00 3.442886e+01
    endloop
  endfacet
  facet normal 9.660672e-01 4.526503e-02 2.542936e-01
    outer loop
      vertex   1.066458e+01 -4.979580e+00 3.442886e+01
      vertex   1.068742e+01 -4.569251e+00 3.426903e+01
      vertex   1.061976e+01 -4.695401e+00 3.454854e+01
    endloop
  endfacet
  facet normal 9.881243e-01 1.510651e-01 2.810332e-02
    outer loop
      vertex   1.077523e+01 -4.202954e+00 3.340685e+01
      vertex   1.081057e+01 -4.373334e+00 3.308000e+01
      vertex   1.076572e+01 -4.086510e+00 3.311535e+01
    endloop
  endfacet
  facet normal 9.875617e-01 1.564144e-01 -1.601446e-02
    outer loop
      vertex   1.076572e+01 -4.086510e+00 3.311535e+01
      vertex   1.081057e+01 -4.373334e+00 3.308000e+01
      vertex   1.076144e+01 -4.063093e+00 3.308000e+01
    endloop
  endfacet
  facet normal 9.780459e-01 2.075222e-01 1.899387e-02
    outer loop
      vertex   1.076572e+01 -4.086510e+00 3.311535e+01
      vertex   1.076144e+01 -4.063093e+00 3.308000e+01
      vertex   1.070971e+01 -3.831644e+00 3.321478e+01
    endloop
  endfacet
  facet normal 9.759168e-01 2.181432e-01 -6.230881e-05
    outer loop
      vertex   1.070971e+01 -3.831644e+00 3.321478e+01
      vertex   1.076144e+01 -4.063093e+00 3.308000e+01
      vertex   1.069292e+01 -3.756551e+00 3.308000e+01
    endloop
  endfacet
  facet normal 9.645549e-01 2.625867e-01 2.611585e-02
    outer loop
      vertex   1.070971e+01 -3.831644e+00 3.321478e+01
      vertex   1.069292e+01 -3.756551e+00 3.308000e+01
      vertex   1.063808e+01 -3.577614e+00 3.330598e+01
    endloop
  endfacet
  facet normal 9.602235e-01 2.789707e-01 1.209167e-02
    outer loop
      vertex   1.063808e+01 -3.577614e+00 3.330598e+01
      vertex   1.069292e+01 -3.756551e+00 3.308000e+01
      vertex   1.060528e+01 -3.454915e+00 3.308000e+01
    endloop
  endfacet
  facet normal 9.481996e-01 3.158646e-01 3.386900e-02
    outer loop
      vertex   1.063808e+01 -3.577614e+00 3.330598e+01
      vertex   1.060528e+01 -3.454915e+00 3.308000e+01
      vertex   1.055112e+01 -3.325423e+00 3.338860e+01
    endloop
  endfacet
  facet normal 9.436857e-01 3.297180e-01 2.726372e-02
    outer loop
      vertex   1.055112e+01 -3.325423e+00 3.338860e+01
      vertex   1.060528e+01 -3.454915e+00 3.308000e+01
      vertex   1.052983e+01 -3.239550e+00 3.308728e+01
    endloop
  endfacet
  facet normal 9.289168e-01 3.681999e-01 3.927464e-02
    outer loop
      vertex   1.055112e+01 -3.325423e+00 3.338860e+01
      vertex   1.052983e+01 -3.239550e+00 3.308728e+01
      vertex   1.043150e+01 -2.999065e+00 3.315836e+01
    endloop
  endfacet
  facet normal 9.298147e-01 3.638700e-01 5.516651e-02
    outer loop
      vertex   1.043150e+01 -2.999065e+00 3.315836e+01
      vertex   1.052983e+01 -3.239550e+00 3.308728e+01
      vertex   1.049888e+01 -3.159377e+00 3.308000e+01
    endloop
  endfacet
  facet normal 9.175059e-01 3.970402e-01 -2.328222e-02
    outer loop
      vertex   1.043150e+01 -2.999065e+00 3.315836e+01
      vertex   1.049888e+01 -3.159377e+00 3.308000e+01
      vertex   1.037414e+01 -2.871104e+00 3.308000e+01
    endloop
  endfacet
  facet normal 9.086483e-01 3.271335e-01 -2.595033e-01
    outer loop
      vertex   1.060528e+01 -3.454915e+00 3.308000e+01
      vertex   1.049888e+01 -3.159377e+00 3.308000e+01
      vertex   1.052983e+01 -3.239550e+00 3.308728e+01
    endloop
  endfacet
  facet normal 9.058145e-01 4.227920e-01 2.733039e-02
    outer loop
      vertex   1.043150e+01 -2.999065e+00 3.315836e+01
      vertex   1.037414e+01 -2.871104e+00 3.308000e+01
      vertex   1.031911e+01 -2.762303e+00 3.322055e+01
    endloop
  endfacet
  facet normal 8.910035e-01 4.539889e-01 -2.618599e-03
    outer loop
      vertex   1.031911e+01 -2.762303e+00 3.322055e+01
      vertex   1.037414e+01 -2.871104e+00 3.308000e+01
      vertex   1.023153e+01 -2.591232e+00 3.308000e+01
    endloop
  endfacet
  facet normal 8.810291e-01 4.723500e-01 2.594577e-02
    outer loop
      vertex   1.031911e+01 -2.762303e+00 3.322055e+01
      vertex   1.023153e+01 -2.591232e+00 3.308000e+01
      vertex   1.019312e+01 -2.530214e+00 3.327359e+01
    endloop
  endfacet
  facet normal 8.606959e-01 5.090141e-01 1.035505e-02
    outer loop
      vertex   1.019312e+01 -2.530214e+00 3.327359e+01
      vertex   1.023153e+01 -2.591232e+00 3.308000e+01
      vertex   1.007164e+01 -2.320866e+00 3.308000e+01
    endloop
  endfacet
  facet normal 8.540629e-01 5.195253e-01 2.588378e-02
    outer loop
      vertex   1.019312e+01 -2.530214e+00 3.327359e+01
      vertex   1.007164e+01 -2.320866e+00 3.308000e+01
      vertex   1.005402e+01 -2.303726e+00 3.331729e+01
    endloop
  endfacet
  facet normal 8.269016e-01 5.619618e-01 2.080190e-02
    outer loop
      vertex   1.005402e+01 -2.303726e+00 3.331729e+01
      vertex   1.007164e+01 -2.320866e+00 3.308000e+01
      vertex   9.895085e+00 -2.061074e+00 3.308000e+01
    endloop
  endfacet
  facet normal 8.248835e-01 5.647495e-01 2.500434e-02
    outer loop
      vertex   1.005402e+01 -2.303726e+00 3.331729e+01
      vertex   9.895085e+00 -2.061074e+00 3.308000e+01
      vertex   9.902379e+00 -2.083747e+00 3.335146e+01
    endloop
  endfacet
  facet normal 7.938247e-01 6.074353e-01 2.940417e-02
    outer loop
      vertex   9.902379e+00 -2.083747e+00 3.335146e+01
      vertex   9.895085e+00 -2.061074e+00 3.308000e+01
      vertex   9.738798e+00 -1.871157e+00 3.337596e+01
    endloop
  endfacet
  facet normal 7.943283e-01 6.010234e-01 8.839352e-02
    outer loop
      vertex   9.902379e+00 -2.083747e+00 3.335146e+01
      vertex   9.738798e+00 -1.871157e+00 3.337596e+01
      vertex   9.731057e+00 -1.906800e+00 3.368787e+01
    endloop
  endfacet
  facet normal 7.598237e-01 6.435303e-01 9.239464e-02
    outer loop
      vertex   9.731057e+00 -1.906800e+00 3.368787e+01
      vertex   9.738798e+00 -1.871157e+00 3.337596e+01
      vertex   9.549771e+00 -1.694948e+00 3.370316e+01
    endloop
  endfacet
  facet normal 7.561371e-01 6.358874e-01 1.546087e-01
    outer loop
      vertex   9.731057e+00 -1.906800e+00 3.368787e+01
      vertex   9.549771e+00 -1.694948e+00 3.370316e+01
      vertex   9.521015e+00 -1.736126e+00 3.401315e+01
    endloop
  endfacet
  facet normal 7.181534e-01 6.780166e-01 1.566814e-01
    outer loop
      vertex   9.521015e+00 -1.736126e+00 3.401315e+01
      vertex   9.549771e+00 -1.694948e+00 3.370316e+01
      vertex   9.322706e+00 -1.527294e+00 3.401841e+01
    endloop
  endfacet
  facet normal 7.103863e-01 6.690872e-01 2.183429e-01
    outer loop
      vertex   9.521015e+00 -1.736126e+00 3.401315e+01
      vertex   9.322706e+00 -1.527294e+00 3.401841e+01
      vertex   9.274201e+00 -1.575799e+00 3.432487e+01
    endloop
  endfacet
  facet normal 6.690872e-01 7.103863e-01 2.183429e-01
    outer loop
      vertex   9.274201e+00 -1.575799e+00 3.432487e+01
      vertex   9.322706e+00 -1.527294e+00 3.401841e+01
      vertex   9.059821e+00 -1.372222e+00 3.431947e+01
    endloop
  endfacet
  facet normal 6.575208e-01 6.998191e-01 2.791409e-01
    outer loop
      vertex   9.274201e+00 -1.575799e+00 3.432487e+01
      vertex   9.059821e+00 -1.372222e+00 3.431947e+01
      vertex   8.993105e+00 -1.429770e+00 3.462089e+01
    endloop
  endfacet
  facet normal 6.131227e-01 7.398484e-01 2.769565e-01
    outer loop
      vertex   8.993105e+00 -1.429770e+00 3.462089e+01
      vertex   9.059821e+00 -1.372222e+00 3.431947e+01
      vertex   8.763860e+00 -1.233601e+00 3.460435e+01
    endloop
  endfacet
  facet normal 7.899284e-01 6.127313e-01 2.394826e-02
    outer loop
      vertex   9.895085e+00 -2.061074e+00 3.308000e+01
      vertex   9.702566e+00 -1.812880e+00 3.308000e+01
      vertex   9.738798e+00 -1.871157e+00 3.337596e+01
    endloop
  endfacet
  facet normal 7.605672e-01 6.483391e-01 3.455404e-02
    outer loop
      vertex   9.738798e+00 -1.871157e+00 3.337596e+01
      vertex   9.702566e+00 -1.812880e+00 3.308000e+01
      vertex   9.563932e+00 -1.666807e+00 3.339070e+01
    endloop
  endfacet
  facet normal 7.598237e-01 6.435303e-01 9.239464e-02
    outer loop
      vertex   9.738798e+00 -1.871157e+00 3.337596e+01
      vertex   9.563932e+00 -1.666807e+00 3.339070e+01
      vertex   9.549771e+00 -1.694948e+00 3.370316e+01
    endloop
  endfacet
  facet normal 7.230897e-01 6.842734e-01 9.439921e-02
    outer loop
      vertex   9.549771e+00 -1.694948e+00 3.370316e+01
      vertex   9.563932e+00 -1.666807e+00 3.339070e+01
      vertex   9.357513e+00 -1.492487e+00 3.370826e+01
    endloop
  endfacet
  facet normal 7.181534e-01 6.780166e-01 1.566814e-01
    outer loop
      vertex   9.549771e+00 -1.694948e+00 3.370316e+01
      vertex   9.357513e+00 -1.492487e+00 3.370826e+01
      vertex   9.322706e+00 -1.527294e+00 3.401841e+01
    endloop
  endfacet
  facet normal 6.780166e-01 7.181534e-01 1.566814e-01
    outer loop
      vertex   9.322706e+00 -1.527294e+00 3.401841e+01
      vertex   9.357513e+00 -1.492487e+00 3.370826e+01
      vertex   9.113874e+00 -1.328985e+00 3.401315e+01
    endloop
  endfacet
  facet normal 6.690872e-01 7.103863e-01 2.183429e-01
    outer loop
      vertex   9.322706e+00 -1.527294e+00 3.401841e+01
      vertex   9.113874e+00 -1.328985e+00 3.401315e+01
      vertex   9.059821e+00 -1.372222e+00 3.431947e+01
    endloop
  endfacet
  facet normal 6.257381e-01 7.494698e-01 2.162101e-01
    outer loop
      vertex   9.059821e+00 -1.372222e+00 3.431947e+01
      vertex   9.113874e+00 -1.328985e+00 3.401315e+01
      vertex   8.835496e+00 -1.180263e+00 3.430328e+01
    endloop
  endfacet
  facet normal 6.131227e-01 7.398484e-01 2.769565e-01
    outer loop
      vertex   9.059821e+00 -1.372222e+00 3.431947e+01
      vertex   8.835496e+00 -1.180263e+00 3.430328e+01
      vertex   8.763860e+00 -1.233601e+00 3.460435e+01
    endloop
  endfacet
  facet normal 5.668027e-01 7.774483e-01 2.725964e-01
    outer loop
      vertex   8.763860e+00 -1.233601e+00 3.460435e+01
      vertex   8.835496e+00 -1.180263e+00 3.430328e+01
      vertex   8.525370e+00 -1.050090e+00 3.457686e+01
    endloop
  endfacet
  facet normal 7.498989e-01 6.611248e-01 2.378290e-02
    outer loop
      vertex   9.702566e+00 -1.812880e+00 3.308000e+01
      vertex   9.494843e+00 -1.577264e+00 3.308000e+01
      vertex   9.563932e+00 -1.666807e+00 3.339070e+01
    endloop
  endfacet
  facet normal 7.251110e-01 6.876407e-01 3.693654e-02
    outer loop
      vertex   9.563932e+00 -1.666807e+00 3.339070e+01
      vertex   9.494843e+00 -1.577264e+00 3.308000e+01
      vertex   9.378483e+00 -1.471517e+00 3.339562e+01
    endloop
  endfacet
  facet normal 7.230897e-01 6.842734e-01 9.439921e-02
    outer loop
      vertex   9.563932e+00 -1.666807e+00 3.339070e+01
      vertex   9.378483e+00 -1.471517e+00 3.339562e+01
      vertex   9.357513e+00 -1.492487e+00 3.370826e+01
    endloop
  endfacet
  facet normal 6.842734e-01 7.230897e-01 9.439921e-02
    outer loop
      vertex   9.357513e+00 -1.492487e+00 3.370826e+01
      vertex   9.378483e+00 -1.471517e+00 3.339562e+01
      vertex   9.155052e+00 -1.300229e+00 3.370316e+01
    endloop
  endfacet
  facet normal 6.780166e-01 7.181534e-01 1.566814e-01
    outer loop
      vertex   9.357513e+00 -1.492487e+00 3.370826e+01
      vertex   9.155052e+00 -1.300229e+00 3.370316e+01
      vertex   9.113874e+00 -1.328985e+00 3.401315e+01
    endloop
  endfacet
  facet normal 6.358874e-01 7.561371e-01 1.546087e-01
    outer loop
      vertex   9.113874e+00 -1.328985e+00 3.401315e+01
      vertex   9.155052e+00 -1.300229e+00 3.370316e+01
      vertex   8.895355e+00 -1.141994e+00 3.399739e+01
    endloop
  endfacet
  facet normal 6.257381e-01 7.494698e-01 2.162101e-01
    outer loop
      vertex   9.113874e+00 -1.328985e+00 3.401315e+01
      vertex   8.895355e+00 -1.141994e+00 3.399739e+01
      vertex   8.835496e+00 -1.180263e+00 3.430328e+01
    endloop
  endfacet
  facet normal 5.805125e-01 7.861814e-01 2.119531e-01
    outer loop
      vertex   8.835496e+00 -1.180263e+00 3.430328e+01
      vertex   8.895355e+00 -1.141994e+00 3.399739e+01
      vertex   8.602125e+00 -1.000691e+00 3.427638e+01
    endloop
  endfacet
  facet normal 5.668027e-01 7.774483e-01 2.725964e-01
    outer loop
      vertex   8.835496e+00 -1.180263e+00 3.430328e+01
      vertex   8.602125e+00 -1.000691e+00 3.427638e+01
      vertex   8.525370e+00 -1.050090e+00 3.457686e+01
    endloop
  endfacet
  facet normal 5.187462e-01 8.124683e-01 2.660782e-01
    outer loop
      vertex   8.525370e+00 -1.050090e+00 3.457686e+01
      vertex   8.602125e+00 -1.000691e+00 3.427638e+01
      vertex   8.278591e+00 -8.799728e-01 3.453853e+01
    endloop
  endfacet
  facet normal 7.069070e-01 7.069070e-01 2.377028e-02
    outer loop
      vertex   9.494843e+00 -1.577264e+00 3.308000e+01
      vertex   9.272736e+00 -1.355157e+00 3.308000e+01
      vertex   9.378483e+00 -1.471517e+00 3.339562e+01
    endloop
  endfacet
  facet normal 6.876407e-01 7.251110e-01 3.693654e-02
    outer loop
      vertex   9.378483e+00 -1.471517e+00 3.339562e+01
      vertex   9.272736e+00 -1.355157e+00 3.308000e+01
      vertex   9.183193e+00 -1.286068e+00 3.339070e+01
    endloop
  endfacet
  facet normal 6.842734e-01 7.230897e-01 9.439921e-02
    outer loop
      vertex   9.378483e+00 -1.471517e+00 3.339562e+01
      vertex   9.183193e+00 -1.286068e+00 3.339070e+01
      vertex   9.155052e+00 -1.300229e+00 3.370316e+01
    endloop
  endfacet
  facet normal 6.435303e-01 7.598237e-01 9.239464e-02
    outer loop
      vertex   9.155052e+00 -1.300229e+00 3.370316e+01
      vertex   9.183193e+00 -1.286068e+00 3.339070e+01
      vertex   8.943200e+00 -1.118943e+00 3.368787e+01
    endloop
  endfacet
  facet normal 6.358874e-01 7.561371e-01 1.546087e-01
    outer loop
      vertex   9.155052e+00 -1.300229e+00 3.370316e+01
      vertex   8.943200e+00 -1.118943e+00 3.368787e+01
      vertex   8.895355e+00 -1.141994e+00 3.399739e+01
    endloop
  endfacet
  facet normal 5.919345e-01 7.918156e-01 1.504714e-01
    outer loop
      vertex   8.895355e+00 -1.141994e+00 3.399739e+01
      vertex   8.943200e+00 -1.118943e+00 3.368787e+01
      vertex   8.668023e+00 -9.670686e-01 3.397119e+01
    endloop
  endfacet
  facet normal 5.805125e-01 7.861814e-01 2.119531e-01
    outer loop
      vertex   8.895355e+00 -1.141994e+00 3.399739e+01
      vertex   8.668023e+00 -9.670686e-01 3.397119e+01
      vertex   8.602125e+00 -1.000691e+00 3.427638e+01
    endloop
  endfacet
  facet normal 5.335915e-01 8.203739e-01 2.055888e-01
    outer loop
      vertex   8.602125e+00 -1.000691e+00 3.427638e+01
      vertex   8.668023e+00 -9.670686e-01 3.397119e+01
      vertex   8.360642e+00 -8.342251e-01 3.423888e+01
    endloop
  endfacet
  facet normal 5.187462e-01 8.124683e-01 2.660782e-01
    outer loop
      vertex   8.602125e+00 -1.000691e+00 3.427638e+01
      vertex   8.360642e+00 -8.342251e-01 3.423888e+01
      vertex   8.278591e+00 -8.799728e-01 3.453853e+01
    endloop
  endfacet
  facet normal 4.691458e-01 8.447681e-01 2.574279e-01
    outer loop
      vertex   8.278591e+00 -8.799728e-01 3.453853e+01
      vertex   8.360642e+00 -8.342251e-01 3.423888e+01
      vertex   8.024510e+00 -7.239302e-01 3.448951e+01
    endloop
  endfacet
  facet normal 6.611248e-01 7.498989e-01 2.378290e-02
    outer loop
      vertex   9.272736e+00 -1.355157e+00 3.308000e+01
      vertex   9.037120e+00 -1.147434e+00 3.308000e+01
      vertex   9.183193e+00 -1.286068e+00 3.339070e+01
    endloop
  endfacet
  facet normal 6.483391e-01 7.605672e-01 3.455404e-02
    outer loop
      vertex   9.183193e+00 -1.286068e+00 3.339070e+01
      vertex   9.037120e+00 -1.147434e+00 3.308000e+01
      vertex   8.978843e+00 -1.111202e+00 3.337596e+01
    endloop
  endfacet
  facet normal 6.435303e-01 7.598237e-01 9.239464e-02
    outer loop
      vertex   9.183193e+00 -1.286068e+00 3.339070e+01
      vertex   8.978843e+00 -1.111202e+00 3.337596e+01
      vertex   8.943200e+00 -1.118943e+00 3.368787e+01
    endloop
  endfacet
  facet normal 6.010234e-01 7.943283e-01 8.839352e-02
    outer loop
      vertex   8.943200e+00 -1.118943e+00 3.368787e+01
      vertex   8.978843e+00 -1.111202e+00 3.337596e+01
      vertex   8.722804e+00 -9.493552e-01 3.366247e+01
    endloop
  endfacet
  facet normal 5.919345e-01 7.918156e-01 1.504714e-01
    outer loop
      vertex   8.943200e+00 -1.118943e+00 3.368787e+01
      vertex   8.722804e+00 -9.493552e-01 3.366247e+01
      vertex   8.668023e+00 -9.670686e-01 3.397119e+01
    endloop
  endfacet
  facet normal 5.463339e-01 8.250459e-01 1.442863e-01
    outer loop
      vertex   8.668023e+00 -9.670686e-01 3.397119e+01
      vertex   8.722804e+00 -9.493552e-01 3.366247e+01
      vertex   8.432790e+00 -8.049105e-01 3.393465e+01
    endloop
  endfacet
  facet normal 5.335915e-01 8.203739e-01 2.055888e-01
    outer loop
      vertex   8.668023e+00 -9.670686e-01 3.397119e+01
      vertex   8.432790e+00 -8.049105e-01 3.393465e+01
      vertex   8.360642e+00 -8.342251e-01 3.423888e+01
    endloop
  endfacet
  facet normal 4.851629e-01 8.519106e-01 1.971429e-01
    outer loop
      vertex   8.360642e+00 -8.342251e-01 3.423888e+01
      vertex   8.432790e+00 -8.049105e-01 3.393465e+01
      vertex   8.112015e+00 -6.815317e-01 3.419091e+01
    endloop
  endfacet
  facet normal 4.691458e-01 8.447681e-01 2.574279e-01
    outer loop
      vertex   8.360642e+00 -8.342251e-01 3.423888e+01
      vertex   8.112015e+00 -6.815317e-01 3.419091e+01
      vertex   8.024510e+00 -7.239302e-01 3.448951e+01
    endloop
  endfacet
  facet normal 4.182000e-01 8.742183e-01 2.466801e-01
    outer loop
      vertex   8.024510e+00 -7.239302e-01 3.448951e+01
      vertex   8.112015e+00 -6.815317e-01 3.419091e+01
      vertex   7.764146e+00 -5.825872e-01 3.443000e+01
    endloop
  endfacet
  facet normal 6.127313e-01 7.899284e-01 2.394826e-02
    outer loop
      vertex   9.037120e+00 -1.147434e+00 3.308000e+01
      vertex   8.788926e+00 -9.549150e-01 3.308000e+01
      vertex   8.978843e+00 -1.111202e+00 3.337596e+01
    endloop
  endfacet
  facet normal 6.074353e-01 7.938247e-01 2.940417e-02
    outer loop
      vertex   8.978843e+00 -1.111202e+00 3.337596e+01
      vertex   8.788926e+00 -9.549150e-01 3.308000e+01
      vertex   8.766253e+00 -9.476207e-01 3.335146e+01
    endloop
  endfacet
  facet normal 6.010234e-01 7.943283e-01 8.839352e-02
    outer loop
      vertex   8.978843e+00 -1.111202e+00 3.337596e+01
      vertex   8.766253e+00 -9.476207e-01 3.335146e+01
      vertex   8.722804e+00 -9.493552e-01 3.366247e+01
    endloop
  endfacet
  facet normal 5.569231e-01 8.264654e-01 8.241188e-02
    outer loop
      vertex   8.722804e+00 -9.493552e-01 3.366247e+01
      vertex   8.766253e+00 -9.476207e-01 3.335146e+01
      vertex   8.494748e+00 -7.921447e-01 3.362705e+01
    endloop
  endfacet
  facet normal 5.463339e-01 8.250459e-01 1.442863e-01
    outer loop
      vertex   8.722804e+00 -9.493552e-01 3.366247e+01
      vertex   8.494748e+00 -7.921447e-01 3.362705e+01
      vertex   8.432790e+00 -8.049105e-01 3.393465e+01
    endloop
  endfacet
  facet normal 4.992682e-01 8.556951e-01 1.360780e-01
    outer loop
      vertex   8.432790e+00 -8.049105e-01 3.393465e+01
      vertex   8.494748e+00 -7.921447e-01 3.362705e+01
      vertex   8.190596e+00 -6.561686e-01 3.388792e+01
    endloop
  endfacet
  facet normal 4.851629e-01 8.519106e-01 1.971429e-01
    outer loop
      vertex   8.432790e+00 -8.049105e-01 3.393465e+01
      vertex   8.190596e+00 -6.561686e-01 3.388792e+01
      vertex   8.112015e+00 -6.815317e-01 3.419091e+01
    endloop
  endfacet
  facet normal 4.354208e-01 8.806650e-01 1.866490e-01
    outer loop
      vertex   8.112015e+00 -6.815317e-01 3.419091e+01
      vertex   8.190596e+00 -6.561686e-01 3.388792e+01
      vertex   7.857239e+00 -5.432223e-01 3.413268e+01
    endloop
  endfacet
  facet normal 4.182000e-01 8.742183e-01 2.466801e-01
    outer loop
      vertex   8.112015e+00 -6.815317e-01 3.419091e+01
      vertex   7.857239e+00 -5.432223e-01 3.413268e+01
      vertex   7.764146e+00 -5.825872e-01 3.443000e+01
    endloop
  endfacet
  facet normal 3.661128e-01 9.007011e-01 2.338779e-01
    outer loop
      vertex   7.764146e+00 -5.825872e-01 3.443000e+01
      vertex   7.857239e+00 -5.432223e-01 3.413268e+01
      vertex   7.498540e+00 -4.565097e-01 3.436024e+01
    endloop
  endfacet
  facet normal 5.647495e-01 8.248835e-01 2.500434e-02
    outer loop
      vertex   8.766253e+00 -9.476207e-01 3.335146e+01
      vertex   8.788926e+00 -9.549150e-01 3.308000e+01
      vertex   8.546274e+00 -7.959780e-01 3.331729e+01
    endloop
  endfacet
  facet normal 5.619618e-01 8.269016e-01 2.080190e-02
    outer loop
      vertex   8.546274e+00 -7.959780e-01 3.331729e+01
      vertex   8.788926e+00 -9.549150e-01 3.308000e+01
      vertex   8.529134e+00 -7.783604e-01 3.308000e+01
    endloop
  endfacet
  facet normal 5.195253e-01 8.540629e-01 2.588378e-02
    outer loop
      vertex   8.546274e+00 -7.959780e-01 3.331729e+01
      vertex   8.529134e+00 -7.783604e-01 3.308000e+01
      vertex   8.319786e+00 -6.568815e-01 3.327359e+01
    endloop
  endfacet
  facet normal 5.090141e-01 8.606959e-01 1.035505e-02
    outer loop
      vertex   8.319786e+00 -6.568815e-01 3.327359e+01
      vertex   8.529134e+00 -7.783604e-01 3.308000e+01
      vertex   8.258768e+00 -6.184666e-01 3.308000e+01
    endloop
  endfacet
  facet normal 4.723500e-01 8.810291e-01 2.594577e-02
    outer loop
      vertex   8.319786e+00 -6.568815e-01 3.327359e+01
      vertex   8.258768e+00 -6.184666e-01 3.308000e+01
      vertex   8.087697e+00 -5.308881e-01 3.322055e+01
    endloop
  endfacet
  facet normal 4.539889e-01 8.910035e-01 -2.618599e-03
    outer loop
      vertex   8.087697e+00 -5.308881e-01 3.322055e+01
      vertex   8.258768e+00 -6.184666e-01 3.308000e+01
      vertex   7.978896e+00 -4.758647e-01 3.308000e+01
    endloop
  endfacet
  facet normal 4.227920e-01 9.058145e-01 2.733039e-02
    outer loop
      vertex   8.087697e+00 -5.308881e-01 3.322055e+01
      vertex   7.978896e+00 -4.758647e-01 3.308000e+01
      vertex   7.850935e+00 -4.185025e-01 3.315836e+01
    endloop
  endfacet
  facet normal 3.970402e-01 9.175059e-01 -2.328222e-02
    outer loop
      vertex   7.850935e+00 -4.185025e-01 3.315836e+01
      vertex   7.978896e+00 -4.758647e-01 3.308000e+01
      vertex   7.690623e+00 -3.511176e-01 3.308000e+01
    endloop
  endfacet
  facet normal 3.638700e-01 9.298147e-01 5.516651e-02
    outer loop
      vertex   7.850935e+00 -4.185025e-01 3.315836e+01
      vertex   7.690623e+00 -3.511176e-01 3.308000e+01
      vertex   7.610450e+00 -3.201748e-01 3.308728e+01
    endloop
  endfacet
  facet normal 3.271335e-01 9.086483e-01 -2.595033e-01
    outer loop
      vertex   7.610450e+00 -3.201748e-01 3.308728e+01
      vertex   7.690623e+00 -3.511176e-01 3.308000e+01
      vertex   7.395085e+00 -2.447174e-01 3.308000e+01
    endloop
  endfacet
  facet normal 3.297180e-01 9.436857e-01 2.726372e-02
    outer loop
      vertex   7.610450e+00 -3.201748e-01 3.308728e+01
      vertex   7.395085e+00 -2.447174e-01 3.308000e+01
      vertex   7.524577e+00 -2.988767e-01 3.338860e+01
    endloop
  endfacet
  facet normal 3.158646e-01 9.481996e-01 3.386900e-02
    outer loop
      vertex   7.524577e+00 -2.988767e-01 3.338860e+01
      vertex   7.395085e+00 -2.447174e-01 3.308000e+01
      vertex   7.272386e+00 -2.119157e-01 3.330598e+01
    endloop
  endfacet
  facet normal 3.001973e-01 9.501899e-01 8.379003e-02
    outer loop
      vertex   7.524577e+00 -2.988767e-01 3.338860e+01
      vertex   7.272386e+00 -2.119157e-01 3.330598e+01
      vertex   7.171958e+00 -2.064210e-01 3.360348e+01
    endloop
  endfacet
  facet normal 2.487224e-01 9.663156e-01 6.611543e-02
    outer loop
      vertex   7.171958e+00 -2.064210e-01 3.360348e+01
      vertex   7.272386e+00 -2.119157e-01 3.330598e+01
      vertex   6.909933e+00 -1.325413e-01 3.350940e+01
    endloop
  endfacet
  facet normal 2.273623e-01 9.657343e-01 1.251544e-01
    outer loop
      vertex   7.171958e+00 -2.064210e-01 3.360348e+01
      vertex   6.909933e+00 -1.325413e-01 3.350940e+01
      vertex   6.797329e+00 -1.439936e-01 3.380234e+01
    endloop
  endfacet
  facet normal 1.741170e-01 9.790885e-01 1.052089e-01
    outer loop
      vertex   6.797329e+00 -1.439936e-01 3.380234e+01
      vertex   6.909933e+00 -1.325413e-01 3.350940e+01
      vertex   6.527459e+00 -8.468772e-02 3.369705e+01
    endloop
  endfacet
  facet normal 1.505731e-01 9.750235e-01 1.632692e-01
    outer loop
      vertex   6.797329e+00 -1.439936e-01 3.380234e+01
      vertex   6.527459e+00 -8.468772e-02 3.369705e+01
      vertex   6.405199e+00 -1.139951e-01 3.398483e+01
    endloop
  endfacet
  facet normal 9.591768e-02 9.853379e-01 1.410994e-01
    outer loop
      vertex   6.405199e+00 -1.139951e-01 3.398483e+01
      vertex   6.527459e+00 -8.468772e-02 3.369705e+01
      vertex   6.129087e+00 -7.046437e-02 3.386854e+01
    endloop
  endfacet
  facet normal 2.789707e-01 9.602235e-01 1.209167e-02
    outer loop
      vertex   7.395085e+00 -2.447174e-01 3.308000e+01
      vertex   7.093449e+00 -1.570842e-01 3.308000e+01
      vertex   7.272386e+00 -2.119157e-01 3.330598e+01
    endloop
  endfacet
  facet normal 2.625867e-01 9.645549e-01 2.611585e-02
    outer loop
      vertex   7.272386e+00 -2.119157e-01 3.330598e+01
      vertex   7.093449e+00 -1.570842e-01 3.308000e+01
      vertex   7.018356e+00 -1.402901e-01 3.321478e+01
    endloop
  endfacet
  facet normal 2.487224e-01 9.663156e-01 6.611543e-02
    outer loop
      vertex   7.272386e+00 -2.119157e-01 3.330598e+01
      vertex   7.018356e+00 -1.402901e-01 3.321478e+01
      vertex   6.909933e+00 -1.325413e-01 3.350940e+01
    endloop
  endfacet
  facet normal 1.969756e-01 9.792940e-01 4.673120e-02
    outer loop
      vertex   6.909933e+00 -1.325413e-01 3.350940e+01
      vertex   7.018356e+00 -1.402901e-01 3.321478e+01
      vertex   6.647046e+00 -7.477018e-02 3.340685e+01
    endloop
  endfacet
  facet normal 1.741170e-01 9.790885e-01 1.052089e-01
    outer loop
      vertex   6.909933e+00 -1.325413e-01 3.350940e+01
      vertex   6.647046e+00 -7.477018e-02 3.340685e+01
      vertex   6.527459e+00 -8.468772e-02 3.369705e+01
    endloop
  endfacet
  facet normal 1.207293e-01 9.891629e-01 8.355336e-02
    outer loop
      vertex   6.527459e+00 -8.468772e-02 3.369705e+01
      vertex   6.647046e+00 -7.477018e-02 3.340685e+01
      vertex   6.257037e+00 -4.206134e-02 3.358316e+01
    endloop
  endfacet
  facet normal 9.590370e-02 9.853440e-01 1.410664e-01
    outer loop
      vertex   6.527459e+00 -8.468772e-02 3.369705e+01
      vertex   6.257037e+00 -4.206134e-02 3.358316e+01
      vertex   6.129087e+00 -7.046437e-02 3.386854e+01
    endloop
  endfacet
  facet normal 4.145371e-02 9.922264e-01 1.173389e-01
    outer loop
      vertex   6.129087e+00 -7.046437e-02 3.386854e+01
      vertex   6.257037e+00 -4.206134e-02 3.358316e+01
      vertex   5.855324e+00 -4.438184e-02 3.374470e+01
    endloop
  endfacet
  facet normal 2.181432e-01 9.759168e-01 -6.230881e-05
    outer loop
      vertex   7.093449e+00 -1.570842e-01 3.308000e+01
      vertex   6.786907e+00 -8.856375e-02 3.308000e+01
      vertex   7.018356e+00 -1.402901e-01 3.321478e+01
    endloop
  endfacet
  facet normal 2.075222e-01 9.780459e-01 1.899387e-02
    outer loop
      vertex   7.018356e+00 -1.402901e-01 3.321478e+01
      vertex   6.786907e+00 -8.856375e-02 3.308000e+01
      vertex   6.763490e+00 -8.428165e-02 3.311535e+01
    endloop
  endfacet
  facet normal 1.969756e-01 9.792940e-01 4.673120e-02
    outer loop
      vertex   7.018356e+00 -1.402901e-01 3.321478e+01
      vertex   6.763490e+00 -8.428165e-02 3.311535e+01
      vertex   6.647046e+00 -7.477018e-02 3.340685e+01
    endloop
  endfacet
  facet normal 1.510651e-01 9.881243e-01 2.810332e-02
    outer loop
      vertex   6.647046e+00 -7.477018e-02 3.340685e+01
      vertex   6.763490e+00 -8.428165e-02 3.311535e+01
      vertex   6.476666e+00 -3.942649e-02 3.308000e+01
    endloop
  endfacet
  facet normal 1.420458e-01 9.893121e-01 3.293341e-02
    outer loop
      vertex   6.647046e+00 -7.477018e-02 3.340685e+01
      vertex   6.476666e+00 -3.942649e-02 3.308000e+01
      vertex   6.383392e+00 -3.321779e-02 3.329580e+01
    endloop
  endfacet
  facet normal 9.410150e-02 9.954899e-01 1.203245e-02
    outer loop
      vertex   6.383392e+00 -3.321779e-02 3.329580e+01
      vertex   6.476666e+00 -3.942649e-02 3.308000e+01
      vertex   6.163953e+00 -9.866358e-03 3.308000e+01
    endloop
  endfacet
  facet normal 8.534962e-02 9.961297e-01 2.100136e-02
    outer loop
      vertex   6.383392e+00 -3.321779e-02 3.329580e+01
      vertex   6.163953e+00 -9.866358e-03 3.308000e+01
      vertex   6.122898e+00 -8.413847e-03 3.317795e+01
    endloop
  endfacet
  facet normal 1.564144e-01 9.875617e-01 -1.601446e-02
    outer loop
      vertex   6.786907e+00 -8.856375e-02 3.308000e+01
      vertex   6.476666e+00 -3.942649e-02 3.308000e+01
      vertex   6.763490e+00 -8.428165e-02 3.311535e+01
    endloop
  endfacet
  facet normal 1.207153e-01 9.891673e-01 8.352150e-02
    outer loop
      vertex   6.257037e+00 -4.206134e-02 3.358316e+01
      vertex   6.647046e+00 -7.477018e-02 3.340685e+01
      vertex   6.383392e+00 -3.321779e-02 3.329580e+01
    endloop
  endfacet
  facet normal 6.753949e-02 9.958915e-01 6.032015e-02
    outer loop
      vertex   6.383392e+00 -3.321779e-02 3.329580e+01
      vertex   6.122898e+00 -8.413847e-03 3.317795e+01
      vertex   5.989386e+00 -1.656855e-02 3.346208e+01
    endloop
  endfacet
  facet normal 6.755295e-02 9.958886e-01 6.035232e-02
    outer loop
      vertex   6.383392e+00 -3.321779e-02 3.329580e+01
      vertex   5.989386e+00 -1.656855e-02 3.346208e+01
      vertex   6.257037e+00 -4.206134e-02 3.358316e+01
    endloop
  endfacet
  facet normal 4.144027e-02 9.922309e-01 1.173055e-01
    outer loop
      vertex   6.257037e+00 -4.206134e-02 3.358316e+01
      vertex   5.989386e+00 -1.656855e-02 3.346208e+01
      vertex   5.855324e+00 -4.438184e-02 3.374470e+01
    endloop
  endfacet
  facet normal 7.676788e-02 9.399115e-01 3.326756e-01
    outer loop
      vertex   6.438945e+00 -2.927280e-01 3.465947e+01
      vertex   6.154599e+00 -2.302411e-01 3.454854e+01
      vertex   6.027248e+00 -3.167211e-01 3.482226e+01
    endloop
  endfacet
  facet normal 5.143114e-02 9.207231e-01 3.868125e-01
    outer loop
      vertex   6.027248e+00 -3.167211e-01 3.482226e+01
      vertex   5.899198e+00 -4.216757e-01 3.508911e+01
      vertex   6.314197e+00 -3.797799e-01 3.493421e+01
    endloop
  endfacet
  facet normal 5.143114e-02 9.207231e-01 3.868125e-01
    outer loop
      vertex   6.314197e+00 -3.797799e-01 3.493421e+01
      vertex   5.899198e+00 -4.216757e-01 3.508911e+01
      vertex   6.187617e+00 -4.850577e-01 3.520163e+01
    endloop
  endfacet
  facet normal 1.089309e-01 9.063018e-01 4.083517e-01
    outer loop
      vertex   6.314197e+00 -3.797799e-01 3.493421e+01
      vertex   6.187617e+00 -4.850577e-01 3.520163e+01
      vertex   6.600204e+00 -4.604218e-01 3.503689e+01
    endloop
  endfacet
  facet normal 1.089309e-01 9.063018e-01 4.083517e-01
    outer loop
      vertex   6.600204e+00 -4.604218e-01 3.503689e+01
      vertex   6.187617e+00 -4.850577e-01 3.520163e+01
      vertex   6.475091e+00 -5.661129e-01 3.530484e+01
    endloop
  endfacet
  facet normal 1.661374e-01 8.883802e-01 4.279942e-01
    outer loop
      vertex   6.600204e+00 -4.604218e-01 3.503689e+01
      vertex   6.475091e+00 -5.661129e-01 3.530484e+01
      vertex   6.884230e+00 -5.583626e-01 3.512993e+01
    endloop
  endfacet
  facet normal 1.661382e-01 8.883791e-01 4.279961e-01
    outer loop
      vertex   6.884230e+00 -5.583626e-01 3.512993e+01
      vertex   6.475091e+00 -5.661129e-01 3.530484e+01
      vertex   6.760587e+00 -6.645613e-01 3.539836e+01
    endloop
  endfacet
  facet normal 2.228012e-01 8.670372e-01 4.456525e-01
    outer loop
      vertex   6.884230e+00 -5.583626e-01 3.512993e+01
      vertex   6.760587e+00 -6.645613e-01 3.539836e+01
      vertex   7.164826e+00 -6.730939e-01 3.521287e+01
    endloop
  endfacet
  facet normal 2.228021e-01 8.670360e-01 4.456544e-01
    outer loop
      vertex   7.164826e+00 -6.730939e-01 3.521287e+01
      vertex   6.760587e+00 -6.645613e-01 3.539836e+01
      vertex   7.042606e+00 -7.798750e-01 3.548172e+01
    endloop
  endfacet
  facet normal 2.786940e-01 8.423583e-01 4.612615e-01
    outer loop
      vertex   7.164826e+00 -6.730939e-01 3.521287e+01
      vertex   7.042606e+00 -7.798750e-01 3.548172e+01
      vertex   7.441178e+00 -8.042724e-01 3.528545e+01
    endloop
  endfacet
  facet normal 2.786940e-01 8.423583e-01 4.612615e-01
    outer loop
      vertex   7.441178e+00 -8.042724e-01 3.528545e+01
      vertex   7.042606e+00 -7.798750e-01 3.548172e+01
      vertex   7.320375e+00 -9.117259e-01 3.555467e+01
    endloop
  endfacet
  facet normal 3.336141e-01 8.144351e-01 4.747600e-01
    outer loop
      vertex   7.441178e+00 -8.042724e-01 3.528545e+01
      vertex   7.320375e+00 -9.117259e-01 3.555467e+01
      vertex   7.712077e+00 -9.513342e-01 3.534737e+01
    endloop
  endfacet
  facet normal 3.336141e-01 8.144351e-01 4.747600e-01
    outer loop
      vertex   7.712077e+00 -9.513342e-01 3.534737e+01
      vertex   7.320375e+00 -9.117259e-01 3.555467e+01
      vertex   7.592663e+00 -1.059541e+00 3.561691e+01
    endloop
  endfacet
  facet normal 1.505731e-01 9.750235e-01 1.632692e-01
    outer loop
      vertex   6.797329e+00 -1.439936e-01 3.380234e+01
      vertex   6.405199e+00 -1.139951e-01 3.398483e+01
      vertex   6.680989e+00 -1.746018e-01 3.409242e+01
    endloop
  endfacet
  facet normal 1.338610e-01 9.255922e-01 3.540625e-01
    outer loop
      vertex   6.722358e+00 -3.726384e-01 3.476122e+01
      vertex   6.438945e+00 -2.927280e-01 3.465947e+01
      vertex   6.314197e+00 -3.797799e-01 3.493421e+01
    endloop
  endfacet
  facet normal 7.676788e-02 9.399115e-01 3.326756e-01
    outer loop
      vertex   6.314197e+00 -3.797799e-01 3.493421e+01
      vertex   6.438945e+00 -2.927280e-01 3.465947e+01
      vertex   6.027248e+00 -3.167211e-01 3.482226e+01
    endloop
  endfacet
  facet normal 1.338610e-01 9.255922e-01 3.540625e-01
    outer loop
      vertex   6.722358e+00 -3.726384e-01 3.476122e+01
      vertex   6.314197e+00 -3.797799e-01 3.493421e+01
      vertex   6.600204e+00 -4.604218e-01 3.503689e+01
    endloop
  endfacet
  facet normal 2.051068e-01 9.613462e-01 1.836974e-01
    outer loop
      vertex   6.797329e+00 -1.439936e-01 3.380234e+01
      vertex   6.680989e+00 -1.746018e-01 3.409242e+01
      vertex   7.066315e+00 -2.198360e-01 3.389891e+01
    endloop
  endfacet
  facet normal 2.051068e-01 9.613462e-01 1.836974e-01
    outer loop
      vertex   7.066315e+00 -2.198360e-01 3.389891e+01
      vertex   6.680989e+00 -1.746018e-01 3.409242e+01
      vertex   6.955875e+00 -2.521078e-01 3.419111e+01
    endloop
  endfacet
  facet normal 2.593567e-01 9.443510e-01 2.023248e-01
    outer loop
      vertex   7.066315e+00 -2.198360e-01 3.389891e+01
      vertex   6.955875e+00 -2.521078e-01 3.419111e+01
      vertex   7.333381e+00 -3.119271e-01 3.398639e+01
    endloop
  endfacet
  facet normal 2.593576e-01 9.443503e-01 2.023267e-01
    outer loop
      vertex   7.333381e+00 -3.119271e-01 3.398639e+01
      vertex   6.955875e+00 -2.521078e-01 3.419111e+01
      vertex   7.228813e+00 -3.462241e-01 3.428052e+01
    endloop
  endfacet
  facet normal 3.130976e-01 9.241089e-01 2.190724e-01
    outer loop
      vertex   7.333381e+00 -3.119271e-01 3.398639e+01
      vertex   7.228813e+00 -3.462241e-01 3.428052e+01
      vertex   7.597333e+00 -4.198509e-01 3.406441e+01
    endloop
  endfacet
  facet normal 3.130985e-01 9.241081e-01 2.190742e-01
    outer loop
      vertex   7.597333e+00 -4.198509e-01 3.406441e+01
      vertex   7.228813e+00 -3.462241e-01 3.428052e+01
      vertex   7.498540e+00 -4.565097e-01 3.436024e+01
    endloop
  endfacet
  facet normal 3.661128e-01 9.007011e-01 2.338779e-01
    outer loop
      vertex   7.597333e+00 -4.198509e-01 3.406441e+01
      vertex   7.498540e+00 -4.565097e-01 3.436024e+01
      vertex   7.857239e+00 -5.432223e-01 3.413268e+01
    endloop
  endfacet
  facet normal 1.906613e-01 9.077979e-01 3.735656e-01
    outer loop
      vertex   7.003793e+00 -4.696854e-01 3.485342e+01
      vertex   6.722358e+00 -3.726384e-01 3.476122e+01
      vertex   6.600204e+00 -4.604218e-01 3.503689e+01
    endloop
  endfacet
  facet normal 1.906622e-01 9.077969e-01 3.735675e-01
    outer loop
      vertex   7.003793e+00 -4.696854e-01 3.485342e+01
      vertex   6.600204e+00 -4.604218e-01 3.503689e+01
      vertex   6.884230e+00 -5.583626e-01 3.512993e+01
    endloop
  endfacet
  facet normal 2.273623e-01 9.657343e-01 1.251544e-01
    outer loop
      vertex   6.797329e+00 -1.439936e-01 3.380234e+01
      vertex   7.066315e+00 -2.198360e-01 3.389891e+01
      vertex   7.171958e+00 -2.064210e-01 3.360348e+01
    endloop
  endfacet
  facet normal 2.803291e-01 9.491411e-01 1.433413e-01
    outer loop
      vertex   7.171958e+00 -2.064210e-01 3.360348e+01
      vertex   7.066315e+00 -2.198360e-01 3.389891e+01
      vertex   7.432099e+00 -2.961238e-01 3.368870e+01
    endloop
  endfacet
  facet normal 3.001983e-01 9.501894e-01 8.379173e-02
    outer loop
      vertex   7.171958e+00 -2.064210e-01 3.360348e+01
      vertex   7.432099e+00 -2.961238e-01 3.368870e+01
      vertex   7.524577e+00 -2.988767e-01 3.338860e+01
    endloop
  endfacet
  facet normal 3.511918e-01 9.309822e-01 9.968189e-02
    outer loop
      vertex   7.524577e+00 -2.988767e-01 3.338860e+01
      vertex   7.432099e+00 -2.961238e-01 3.368870e+01
      vertex   7.773879e+00 -4.008097e-01 3.346228e+01
    endloop
  endfacet
  facet normal 3.682008e-01 9.289163e-01 3.927622e-02
    outer loop
      vertex   7.524577e+00 -2.988767e-01 3.338860e+01
      vertex   7.773879e+00 -4.008097e-01 3.346228e+01
      vertex   7.850935e+00 -4.185025e-01 3.315836e+01
    endloop
  endfacet
  facet normal 4.168548e-01 9.074347e-01 5.286238e-02
    outer loop
      vertex   7.850935e+00 -4.185025e-01 3.315836e+01
      vertex   7.773879e+00 -4.008097e-01 3.346228e+01
      vertex   8.087697e+00 -5.308881e-01 3.322055e+01
    endloop
  endfacet
  facet normal 2.803300e-01 9.491406e-01 1.433430e-01
    outer loop
      vertex   7.432099e+00 -2.961238e-01 3.368870e+01
      vertex   7.066315e+00 -2.198360e-01 3.389891e+01
      vertex   7.333381e+00 -3.119271e-01 3.398639e+01
    endloop
  endfacet
  facet normal 6.316861e-02 6.814872e-01 7.290987e-01
    outer loop
      vertex   6.098699e+00 -1.441392e+00 3.658349e+01
      vertex   5.961244e+00 -1.641632e+00 3.678257e+01
      vertex   6.371190e+00 -1.552812e+00 3.666403e+01
    endloop
  endfacet
  facet normal 6.316933e-02 6.814856e-01 7.291001e-01
    outer loop
      vertex   6.371190e+00 -1.552812e+00 3.666403e+01
      vertex   5.961244e+00 -1.641632e+00 3.678257e+01
      vertex   6.228554e+00 -1.750934e+00 3.686157e+01
    endloop
  endfacet
  facet normal 1.168054e-01 6.578038e-01 7.440770e-01
    outer loop
      vertex   6.371190e+00 -1.552812e+00 3.666403e+01
      vertex   6.228554e+00 -1.750934e+00 3.686157e+01
      vertex   6.639645e+00 -1.680242e+00 3.673454e+01
    endloop
  endfacet
  facet normal 1.168054e-01 6.578038e-01 7.440770e-01
    outer loop
      vertex   6.639645e+00 -1.680242e+00 3.673454e+01
      vertex   6.228554e+00 -1.750934e+00 3.686157e+01
      vertex   6.491918e+00 -1.875947e+00 3.693074e+01
    endloop
  endfacet
  facet normal 1.695171e-01 6.310035e-01 7.570327e-01
    outer loop
      vertex   6.639645e+00 -1.680242e+00 3.673454e+01
      vertex   6.491918e+00 -1.875947e+00 3.693074e+01
      vertex   6.902802e+00 -1.823101e+00 3.679469e+01
    endloop
  endfacet
  facet normal 1.695171e-01 6.310035e-01 7.570327e-01
    outer loop
      vertex   6.902802e+00 -1.823101e+00 3.679469e+01
      vertex   6.491918e+00 -1.875947e+00 3.693074e+01
      vertex   6.750085e+00 -2.016097e+00 3.698975e+01
    endloop
  endfacet
  facet normal 9.102849e-02 7.199452e-01 6.880354e-01
    outer loop
      vertex   6.235172e+00 -1.255190e+00 3.637060e+01
      vertex   6.098699e+00 -1.441392e+00 3.658349e+01
      vertex   6.511770e+00 -1.368289e+00 3.645235e+01
    endloop
  endfacet
  facet normal 9.102923e-02 7.199437e-01 6.880369e-01
    outer loop
      vertex   6.511770e+00 -1.368289e+00 3.645235e+01
      vertex   6.098699e+00 -1.441392e+00 3.658349e+01
      vertex   6.371190e+00 -1.552812e+00 3.666403e+01
    endloop
  endfacet
  facet normal 1.455859e-01 6.958555e-01 7.032709e-01
    outer loop
      vertex   6.511770e+00 -1.368289e+00 3.645235e+01
      vertex   6.371190e+00 -1.552812e+00 3.666403e+01
      vertex   6.784256e+00 -1.497632e+00 3.652392e+01
    endloop
  endfacet
  facet normal 1.455859e-01 6.958555e-01 7.032709e-01
    outer loop
      vertex   6.784256e+00 -1.497632e+00 3.652392e+01
      vertex   6.371190e+00 -1.552812e+00 3.666403e+01
      vertex   6.639645e+00 -1.680242e+00 3.673454e+01
    endloop
  endfacet
  facet normal 1.992009e-01 6.685958e-01 7.164486e-01
    outer loop
      vertex   6.784256e+00 -1.497632e+00 3.652392e+01
      vertex   6.639645e+00 -1.680242e+00 3.673454e+01
      vertex   7.051365e+00 -1.642637e+00 3.658497e+01
    endloop
  endfacet
  facet normal 1.992009e-01 6.685958e-01 7.164486e-01
    outer loop
      vertex   7.051365e+00 -1.642637e+00 3.658497e+01
      vertex   6.639645e+00 -1.680242e+00 3.673454e+01
      vertex   6.902802e+00 -1.823101e+00 3.679469e+01
    endloop
  endfacet
  facet normal 1.455613e-01 7.882058e-01 5.979494e-01
    outer loop
      vertex   6.784554e+00 -1.042893e+00 3.598997e+01
      vertex   6.503027e+00 -9.277795e-01 3.590676e+01
      vertex   6.370125e+00 -1.083761e+00 3.614472e+01
    endloop
  endfacet
  facet normal 1.185288e-01 7.555648e-01 6.442615e-01
    outer loop
      vertex   6.370125e+00 -1.083761e+00 3.614472e+01
      vertex   6.235172e+00 -1.255190e+00 3.637060e+01
      vertex   6.649739e+00 -1.198092e+00 3.622737e+01
    endloop
  endfacet
  facet normal 1.185295e-01 7.555633e-01 6.442630e-01
    outer loop
      vertex   6.649739e+00 -1.198092e+00 3.622737e+01
      vertex   6.235172e+00 -1.255190e+00 3.637060e+01
      vertex   6.511770e+00 -1.368289e+00 3.645235e+01
    endloop
  endfacet
  facet normal 1.737917e-01 7.311635e-01 6.596941e-01
    outer loop
      vertex   6.649739e+00 -1.198092e+00 3.622737e+01
      vertex   6.511770e+00 -1.368289e+00 3.645235e+01
      vertex   6.925183e+00 -1.328839e+00 3.629971e+01
    endloop
  endfacet
  facet normal 1.737917e-01 7.311635e-01 6.596941e-01
    outer loop
      vertex   6.925183e+00 -1.328839e+00 3.629971e+01
      vertex   6.511770e+00 -1.368289e+00 3.645235e+01
      vertex   6.784256e+00 -1.497632e+00 3.652392e+01
    endloop
  endfacet
  facet normal 2.280988e-01 7.035521e-01 6.730419e-01
    outer loop
      vertex   6.925183e+00 -1.328839e+00 3.629971e+01
      vertex   6.784256e+00 -1.497632e+00 3.652392e+01
      vertex   7.195190e+00 -1.475417e+00 3.636143e+01
    endloop
  endfacet
  facet normal 2.280988e-01 7.035521e-01 6.730419e-01
    outer loop
      vertex   7.195190e+00 -1.475417e+00 3.636143e+01
      vertex   6.784256e+00 -1.497632e+00 3.652392e+01
      vertex   7.051365e+00 -1.642637e+00 3.658497e+01
    endloop
  endfacet
  facet normal 2.469245e-01 8.866058e-01 3.910990e-01
    outer loop
      vertex   7.281859e+00 -5.833815e-01 3.493560e+01
      vertex   7.003793e+00 -4.696854e-01 3.485342e+01
      vertex   6.884230e+00 -5.583626e-01 3.512993e+01
    endloop
  endfacet
  facet normal 2.469253e-01 8.866048e-01 3.911009e-01
    outer loop
      vertex   7.281859e+00 -5.833815e-01 3.493560e+01
      vertex   6.884230e+00 -5.583626e-01 3.512993e+01
      vertex   7.164826e+00 -6.730939e-01 3.521287e+01
    endloop
  endfacet
  facet normal 3.328002e-01 9.293773e-01 1.596932e-01
    outer loop
      vertex   7.432099e+00 -2.961238e-01 3.368870e+01
      vertex   7.333381e+00 -3.119271e-01 3.398639e+01
      vertex   7.689234e+00 -4.012598e-01 3.376470e+01
    endloop
  endfacet
  facet normal 3.328011e-01 9.293766e-01 1.596949e-01
    outer loop
      vertex   7.689234e+00 -4.012598e-01 3.376470e+01
      vertex   7.333381e+00 -3.119271e-01 3.398639e+01
      vertex   7.597333e+00 -4.198509e-01 3.406441e+01
    endloop
  endfacet
  facet normal 3.845643e-01 9.065221e-01 1.741493e-01
    outer loop
      vertex   7.689234e+00 -4.012598e-01 3.376470e+01
      vertex   7.597333e+00 -4.198509e-01 3.406441e+01
      vertex   7.942413e+00 -5.214385e-01 3.383120e+01
    endloop
  endfacet
  facet normal 3.845643e-01 9.065221e-01 1.741493e-01
    outer loop
      vertex   7.942413e+00 -5.214385e-01 3.383120e+01
      vertex   7.597333e+00 -4.198509e-01 3.406441e+01
      vertex   7.857239e+00 -5.432223e-01 3.413268e+01
    endloop
  endfacet
  facet normal 4.354208e-01 8.806650e-01 1.866490e-01
    outer loop
      vertex   7.942413e+00 -5.214385e-01 3.383120e+01
      vertex   7.857239e+00 -5.432223e-01 3.413268e+01
      vertex   8.190596e+00 -6.561686e-01 3.388792e+01
    endloop
  endfacet
  facet normal 3.681999e-01 9.289168e-01 3.927464e-02
    outer loop
      vertex   7.850935e+00 -4.185025e-01 3.315836e+01
      vertex   7.610450e+00 -3.201748e-01 3.308728e+01
      vertex   7.524577e+00 -2.988767e-01 3.338860e+01
    endloop
  endfacet
  facet normal 2.013121e-01 7.635893e-01 6.135184e-01
    outer loop
      vertex   7.061867e+00 -1.174528e+00 3.606281e+01
      vertex   6.784554e+00 -1.042893e+00 3.598997e+01
      vertex   6.649739e+00 -1.198092e+00 3.622737e+01
    endloop
  endfacet
  facet normal 1.455621e-01 7.882044e-01 5.979511e-01
    outer loop
      vertex   6.649739e+00 -1.198092e+00 3.622737e+01
      vertex   6.784554e+00 -1.042893e+00 3.598997e+01
      vertex   6.370125e+00 -1.083761e+00 3.614472e+01
    endloop
  endfacet
  facet normal 2.013121e-01 7.635893e-01 6.135184e-01
    outer loop
      vertex   7.061867e+00 -1.174528e+00 3.606281e+01
      vertex   6.649739e+00 -1.198092e+00 3.622737e+01
      vertex   6.925183e+00 -1.328839e+00 3.629971e+01
    endloop
  endfacet
  facet normal 3.024233e-01 8.621010e-01 4.065981e-01
    outer loop
      vertex   7.555704e+00 -7.133702e-01 3.500753e+01
      vertex   7.281859e+00 -5.833815e-01 3.493560e+01
      vertex   7.164826e+00 -6.730939e-01 3.521287e+01
    endloop
  endfacet
  facet normal 3.024233e-01 8.621010e-01 4.065981e-01
    outer loop
      vertex   7.555704e+00 -7.133702e-01 3.500753e+01
      vertex   7.164826e+00 -6.730939e-01 3.521287e+01
      vertex   7.441178e+00 -8.042724e-01 3.528545e+01
    endloop
  endfacet
  facet normal 3.511928e-01 9.309816e-01 9.968356e-02
    outer loop
      vertex   7.432099e+00 -2.961238e-01 3.368870e+01
      vertex   7.689234e+00 -4.012598e-01 3.376470e+01
      vertex   7.773879e+00 -4.008097e-01 3.346228e+01
    endloop
  endfacet
  facet normal 4.015006e-01 9.087697e-01 1.137315e-01
    outer loop
      vertex   7.773879e+00 -4.008097e-01 3.346228e+01
      vertex   7.689234e+00 -4.012598e-01 3.376470e+01
      vertex   8.019334e+00 -5.173217e-01 3.352675e+01
    endloop
  endfacet
  facet normal 4.168548e-01 9.074347e-01 5.286238e-02
    outer loop
      vertex   7.773879e+00 -4.008097e-01 3.346228e+01
      vertex   8.019334e+00 -5.173217e-01 3.352675e+01
      vertex   8.087697e+00 -5.308881e-01 3.322055e+01
    endloop
  endfacet
  facet normal 4.646540e-01 8.831320e-01 6.461067e-02
    outer loop
      vertex   8.087697e+00 -5.308881e-01 3.322055e+01
      vertex   8.019334e+00 -5.173217e-01 3.352675e+01
      vertex   8.319786e+00 -6.568815e-01 3.327359e+01
    endloop
  endfacet
  facet normal 4.015006e-01 9.087697e-01 1.137315e-01
    outer loop
      vertex   8.019334e+00 -5.173217e-01 3.352675e+01
      vertex   7.689234e+00 -4.012598e-01 3.376470e+01
      vertex   7.942413e+00 -5.214385e-01 3.383120e+01
    endloop
  endfacet
  facet normal 7.693025e-02 5.039346e-01 8.603090e-01
    outer loop
      vertex   6.434615e+00 -2.436594e+00 3.733290e+01
      vertex   6.189461e+00 -2.303508e+00 3.727687e+01
      vertex   6.035923e+00 -2.533678e+00 3.742542e+01
    endloop
  endfacet
  facet normal 4.529426e-02 4.573693e-01 8.881226e-01
    outer loop
      vertex   6.109930e+00 -2.897500e+00 3.760901e+01
      vertex   6.273107e+00 -2.662437e+00 3.747963e+01
      vertex   5.881652e+00 -2.773576e+00 3.755683e+01
    endloop
  endfacet
  facet normal 4.529426e-02 4.573693e-01 8.881226e-01
    outer loop
      vertex   5.881652e+00 -2.773576e+00 3.755683e+01
      vertex   6.273107e+00 -2.662437e+00 3.747963e+01
      vertex   6.035923e+00 -2.533678e+00 3.742542e+01
    endloop
  endfacet
  facet normal 7.693025e-02 5.039346e-01 8.603090e-01
    outer loop
      vertex   6.273107e+00 -2.662437e+00 3.747963e+01
      vertex   6.434615e+00 -2.436594e+00 3.733290e+01
      vertex   6.035923e+00 -2.533678e+00 3.742542e+01
    endloop
  endfacet
  facet normal 2.560971e-01 7.357348e-01 6.269837e-01
    outer loop
      vertex   7.333708e+00 -1.322101e+00 3.612494e+01
      vertex   7.061867e+00 -1.174528e+00 3.606281e+01
      vertex   6.925183e+00 -1.328839e+00 3.629971e+01
    endloop
  endfacet
  facet normal 2.560971e-01 7.357348e-01 6.269837e-01
    outer loop
      vertex   7.333708e+00 -1.322101e+00 3.612494e+01
      vertex   6.925183e+00 -1.328839e+00 3.629971e+01
      vertex   7.195190e+00 -1.475417e+00 3.636143e+01
    endloop
  endfacet
  facet normal 3.569551e-01 8.343753e-01 4.200011e-01
    outer loop
      vertex   7.824146e+00 -8.590981e-01 3.506889e+01
      vertex   7.555704e+00 -7.133702e-01 3.500753e+01
      vertex   7.441178e+00 -8.042724e-01 3.528545e+01
    endloop
  endfacet
  facet normal 3.569551e-01 8.343753e-01 4.200011e-01
    outer loop
      vertex   7.824146e+00 -8.590981e-01 3.506889e+01
      vertex   7.441178e+00 -8.042724e-01 3.528545e+01
      vertex   7.712077e+00 -9.513342e-01 3.534737e+01
    endloop
  endfacet
  facet normal 4.509259e-01 8.836403e-01 1.258795e-01
    outer loop
      vertex   8.019334e+00 -5.173217e-01 3.352675e+01
      vertex   7.942413e+00 -5.214385e-01 3.383120e+01
      vertex   8.259945e+00 -6.479411e-01 3.358175e+01
    endloop
  endfacet
  facet normal 4.509259e-01 8.836403e-01 1.258795e-01
    outer loop
      vertex   8.259945e+00 -6.479411e-01 3.358175e+01
      vertex   7.942413e+00 -5.214385e-01 3.383120e+01
      vertex   8.190596e+00 -6.561686e-01 3.388792e+01
    endloop
  endfacet
  facet normal 4.992682e-01 8.556951e-01 1.360780e-01
    outer loop
      vertex   8.259945e+00 -6.479411e-01 3.358175e+01
      vertex   8.190596e+00 -6.561686e-01 3.388792e+01
      vertex   8.494748e+00 -7.921447e-01 3.362705e+01
    endloop
  endfacet
  facet normal 5.114058e-01 8.561061e-01 7.447366e-02
    outer loop
      vertex   8.546274e+00 -7.959780e-01 3.331729e+01
      vertex   8.319786e+00 -6.568815e-01 3.327359e+01
      vertex   8.259945e+00 -6.479411e-01 3.358175e+01
    endloop
  endfacet
  facet normal 4.646540e-01 8.831320e-01 6.461067e-02
    outer loop
      vertex   8.259945e+00 -6.479411e-01 3.358175e+01
      vertex   8.319786e+00 -6.568815e-01 3.327359e+01
      vertex   8.019334e+00 -5.173217e-01 3.352675e+01
    endloop
  endfacet
  facet normal 5.114058e-01 8.561061e-01 7.447366e-02
    outer loop
      vertex   8.546274e+00 -7.959780e-01 3.331729e+01
      vertex   8.259945e+00 -6.479411e-01 3.358175e+01
      vertex   8.494748e+00 -7.921447e-01 3.362705e+01
    endloop
  endfacet
  facet normal 6.481934e-02 3.079060e-01 9.492062e-01
    outer loop
      vertex   5.983936e+00 -3.516090e+00 3.785285e+01
      vertex   6.365999e+00 -3.414538e+00 3.779382e+01
      vertex   6.158927e+00 -3.271793e+00 3.776165e+01
    endloop
  endfacet
  facet normal 1.006850e-01 3.554400e-01 9.292604e-01
    outer loop
      vertex   6.158927e+00 -3.271793e+00 3.776165e+01
      vertex   6.365999e+00 -3.414538e+00 3.779382e+01
      vertex   6.549066e+00 -3.183465e+00 3.768560e+01
    endloop
  endfacet
  facet normal 1.006850e-01 3.554400e-01 9.292604e-01
    outer loop
      vertex   6.158927e+00 -3.271793e+00 3.776165e+01
      vertex   6.549066e+00 -3.183465e+00 3.768560e+01
      vertex   6.332699e+00 -3.034313e+00 3.765199e+01
    endloop
  endfacet
  facet normal 1.361515e-01 4.015697e-01 9.056515e-01
    outer loop
      vertex   6.332699e+00 -3.034313e+00 3.765199e+01
      vertex   6.549066e+00 -3.183465e+00 3.768560e+01
      vertex   6.729375e+00 -2.959558e+00 3.755921e+01
    endloop
  endfacet
  facet normal 1.361515e-01 4.015697e-01 9.056515e-01
    outer loop
      vertex   6.332699e+00 -3.034313e+00 3.765199e+01
      vertex   6.729375e+00 -2.959558e+00 3.755921e+01
      vertex   6.504567e+00 -2.804587e+00 3.752429e+01
    endloop
  endfacet
  facet normal 1.710793e-01 4.461134e-01 8.784729e-01
    outer loop
      vertex   6.504567e+00 -2.804587e+00 3.752429e+01
      vertex   6.729375e+00 -2.959558e+00 3.755921e+01
      vertex   6.906216e+00 -2.743701e+00 3.741515e+01
    endloop
  endfacet
  facet normal 1.710793e-01 4.461134e-01 8.784729e-01
    outer loop
      vertex   6.504567e+00 -2.804587e+00 3.752429e+01
      vertex   6.906216e+00 -2.743701e+00 3.741515e+01
      vertex   6.673853e+00 -2.583521e+00 3.737906e+01
    endloop
  endfacet
  facet normal 2.053307e-01 4.888961e-01 8.478325e-01
    outer loop
      vertex   6.673853e+00 -2.583521e+00 3.737906e+01
      vertex   6.906216e+00 -2.743701e+00 3.741515e+01
      vertex   7.078890e+00 -2.536744e+00 3.725399e+01
    endloop
  endfacet
  facet normal 2.053307e-01 4.888961e-01 8.478325e-01
    outer loop
      vertex   6.673853e+00 -2.583521e+00 3.737906e+01
      vertex   7.078890e+00 -2.536744e+00 3.725399e+01
      vertex   6.839889e+00 -2.371988e+00 3.721687e+01
    endloop
  endfacet
  facet normal 2.387711e-01 5.297495e-01 8.138512e-01
    outer loop
      vertex   6.839889e+00 -2.371988e+00 3.721687e+01
      vertex   7.078890e+00 -2.536744e+00 3.725399e+01
      vertex   7.246717e+00 -2.339504e+00 3.707637e+01
    endloop
  endfacet
  facet normal 2.387711e-01 5.297495e-01 8.138512e-01
    outer loop
      vertex   6.839889e+00 -2.371988e+00 3.721687e+01
      vertex   7.246717e+00 -2.339504e+00 3.707637e+01
      vertex   7.002021e+00 -2.170822e+00 3.703836e+01
    endloop
  endfacet
  facet normal 2.712690e-01 5.685130e-01 7.766634e-01
    outer loop
      vertex   7.002021e+00 -2.170822e+00 3.703836e+01
      vertex   7.246717e+00 -2.339504e+00 3.707637e+01
      vertex   7.409033e+00 -2.152759e+00 3.688298e+01
    endloop
  endfacet
  facet normal 2.712690e-01 5.685130e-01 7.766634e-01
    outer loop
      vertex   7.002021e+00 -2.170822e+00 3.703836e+01
      vertex   7.409033e+00 -2.152759e+00 3.688298e+01
      vertex   7.159607e+00 -1.980817e+00 3.684423e+01
    endloop
  endfacet
  facet normal 3.026965e-01 6.050345e-01 7.364157e-01
    outer loop
      vertex   7.159607e+00 -1.980817e+00 3.684423e+01
      vertex   7.409033e+00 -2.152759e+00 3.688298e+01
      vertex   7.565200e+00 -1.977245e+00 3.667459e+01
    endloop
  endfacet
  facet normal 3.026965e-01 6.050345e-01 7.364157e-01
    outer loop
      vertex   7.159607e+00 -1.980817e+00 3.684423e+01
      vertex   7.565200e+00 -1.977245e+00 3.667459e+01
      vertex   7.312028e+00 -1.802721e+00 3.663526e+01
    endloop
  endfacet
  facet normal 3.329302e-01 6.391703e-01 6.932668e-01
    outer loop
      vertex   7.312028e+00 -1.802721e+00 3.663526e+01
      vertex   7.565200e+00 -1.977245e+00 3.667459e+01
      vertex   7.714600e+00 -1.813656e+00 3.645201e+01
    endloop
  endfacet
  facet normal 3.329302e-01 6.391703e-01 6.932668e-01
    outer loop
      vertex   7.312028e+00 -1.802721e+00 3.663526e+01
      vertex   7.714600e+00 -1.813656e+00 3.645201e+01
      vertex   7.458681e+00 -1.637239e+00 3.641226e+01
    endloop
  endfacet
  facet normal 3.618511e-01 6.707865e-01 6.473865e-01
    outer loop
      vertex   7.458681e+00 -1.637239e+00 3.641226e+01
      vertex   7.714600e+00 -1.813656e+00 3.645201e+01
      vertex   7.856645e+00 -1.662637e+00 3.621614e+01
    endloop
  endfacet
  facet normal 3.618511e-01 6.707865e-01 6.473865e-01
    outer loop
      vertex   7.458681e+00 -1.637239e+00 3.641226e+01
      vertex   7.856645e+00 -1.662637e+00 3.621614e+01
      vertex   7.598988e+00 -1.485021e+00 3.617612e+01
    endloop
  endfacet
  facet normal 3.893456e-01 6.997587e-01 5.989556e-01
    outer loop
      vertex   7.598988e+00 -1.485021e+00 3.617612e+01
      vertex   7.856645e+00 -1.662637e+00 3.621614e+01
      vertex   7.990774e+00 -1.524782e+00 3.596790e+01
    endloop
  endfacet
  facet normal 3.893456e-01 6.997587e-01 5.989556e-01
    outer loop
      vertex   7.598988e+00 -1.485021e+00 3.617612e+01
      vertex   7.990774e+00 -1.524782e+00 3.596790e+01
      vertex   7.732396e+00 -1.346670e+00 3.592776e+01
    endloop
  endfacet
  facet normal 4.153056e-01 7.259730e-01 5.481646e-01
    outer loop
      vertex   7.732396e+00 -1.346670e+00 3.592776e+01
      vertex   7.990774e+00 -1.524782e+00 3.596790e+01
      vertex   8.116459e+00 -1.400637e+00 3.570826e+01
    endloop
  endfacet
  facet normal 4.153056e-01 7.259730e-01 5.481646e-01
    outer loop
      vertex   7.732396e+00 -1.346670e+00 3.592776e+01
      vertex   8.116459e+00 -1.400637e+00 3.570826e+01
      vertex   7.858379e+00 -1.222730e+00 3.566817e+01
    endloop
  endfacet
  facet normal 4.396290e-01 7.493265e-01 4.952131e-01
    outer loop
      vertex   7.858379e+00 -1.222730e+00 3.566817e+01
      vertex   8.116459e+00 -1.400637e+00 3.570826e+01
      vertex   8.233202e+00 -1.290690e+00 3.543826e+01
    endloop
  endfacet
  facet normal 4.396290e-01 7.493265e-01 4.952131e-01
    outer loop
      vertex   7.858379e+00 -1.222730e+00 3.566817e+01
      vertex   8.233202e+00 -1.290690e+00 3.543826e+01
      vertex   7.976438e+00 -1.113690e+00 3.539837e+01
    endloop
  endfacet
  facet normal 4.622201e-01 7.697272e-01 4.403096e-01
    outer loop
      vertex   7.976438e+00 -1.113690e+00 3.539837e+01
      vertex   8.233202e+00 -1.290690e+00 3.543826e+01
      vertex   8.340545e+00 -1.195376e+00 3.515895e+01
    endloop
  endfacet
  facet normal 4.622201e-01 7.697272e-01 4.403096e-01
    outer loop
      vertex   7.976438e+00 -1.113690e+00 3.539837e+01
      vertex   8.340545e+00 -1.195376e+00 3.515895e+01
      vertex   8.086109e+00 -1.019982e+00 3.511943e+01
    endloop
  endfacet
  facet normal 4.829900e-01 7.870947e-01 3.836698e-01
    outer loop
      vertex   8.086109e+00 -1.019982e+00 3.511943e+01
      vertex   8.340545e+00 -1.195376e+00 3.515895e+01
      vertex   8.438062e+00 -1.115071e+00 3.487144e+01
    endloop
  endfacet
  facet normal 4.829900e-01 7.870947e-01 3.836698e-01
    outer loop
      vertex   8.086109e+00 -1.019982e+00 3.511943e+01
      vertex   8.438062e+00 -1.115071e+00 3.487144e+01
      vertex   8.186960e+00 -9.419731e-01 3.483244e+01
    endloop
  endfacet
  facet normal 5.569231e-01 8.264654e-01 8.241188e-02
    outer loop
      vertex   8.766253e+00 -9.476207e-01 3.335146e+01
      vertex   8.546274e+00 -7.959780e-01 3.331729e+01
      vertex   8.494748e+00 -7.921447e-01 3.362705e+01
    endloop
  endfacet
  facet normal 6.640163e-02 2.316774e-01 9.705238e-01
    outer loop
      vertex   6.180896e+00 -3.651865e+00 3.788344e+01
      vertex   5.994488e+00 -3.894510e+00 3.795412e+01
      vertex   6.371240e+00 -3.798329e+00 3.790538e+01
    endloop
  endfacet
  facet normal 6.640163e-02 2.316774e-01 9.705238e-01
    outer loop
      vertex   6.371240e+00 -3.798329e+00 3.790538e+01
      vertex   5.994488e+00 -3.894510e+00 3.795412e+01
      vertex   6.174309e+00 -4.032877e+00 3.797484e+01
    endloop
  endfacet
  facet normal 1.027450e-01 2.021760e-01 9.739447e-01
    outer loop
      vertex   6.371240e+00 -3.798329e+00 3.790538e+01
      vertex   6.174309e+00 -4.032877e+00 3.797484e+01
      vertex   6.554206e+00 -3.954896e+00 3.791858e+01
    endloop
  endfacet
  facet normal 1.027450e-01 2.021760e-01 9.739447e-01
    outer loop
      vertex   6.554206e+00 -3.954896e+00 3.791858e+01
      vertex   6.174309e+00 -4.032877e+00 3.797484e+01
      vertex   6.347160e+00 -4.180789e+00 3.798731e+01
    endloop
  endfacet
  facet normal 1.375804e-01 1.707684e-01 9.756586e-01
    outer loop
      vertex   6.554206e+00 -3.954896e+00 3.791858e+01
      vertex   6.347160e+00 -4.180789e+00 3.798731e+01
      vertex   6.729060e+00 -4.120940e+00 3.792299e+01
    endloop
  endfacet
  facet normal 1.375804e-01 1.707684e-01 9.756586e-01
    outer loop
      vertex   6.729060e+00 -4.120940e+00 3.792299e+01
      vertex   6.347160e+00 -4.180789e+00 3.798731e+01
      vertex   6.512348e+00 -4.337652e+00 3.799148e+01
    endloop
  endfacet
  facet normal 1.707684e-01 1.375804e-01 9.756586e-01
    outer loop
      vertex   6.729060e+00 -4.120940e+00 3.792299e+01
      vertex   6.512348e+00 -4.337652e+00 3.799148e+01
      vertex   6.895104e+00 -4.295794e+00 3.791858e+01
    endloop
  endfacet
  facet normal 1.707684e-01 1.375804e-01 9.756586e-01
    outer loop
      vertex   6.895104e+00 -4.295794e+00 3.791858e+01
      vertex   6.512348e+00 -4.337652e+00 3.799148e+01
      vertex   6.669211e+00 -4.502840e+00 3.798731e+01
    endloop
  endfacet
  facet normal 2.021760e-01 1.027450e-01 9.739447e-01
    outer loop
      vertex   6.895104e+00 -4.295794e+00 3.791858e+01
      vertex   6.669211e+00 -4.502840e+00 3.798731e+01
      vertex   7.051671e+00 -4.478760e+00 3.790538e+01
    endloop
  endfacet
  facet normal 1.423660e-01 3.250660e-01 9.349139e-01
    outer loop
      vertex   6.365999e+00 -3.414538e+00 3.779382e+01
      vertex   6.758165e+00 -3.344361e+00 3.770970e+01
      vertex   6.549066e+00 -3.183465e+00 3.768560e+01
    endloop
  endfacet
  facet normal 1.795771e-01 3.699243e-01 9.115416e-01
    outer loop
      vertex   6.549066e+00 -3.183465e+00 3.768560e+01
      vertex   6.758165e+00 -3.344361e+00 3.770970e+01
      vertex   6.946632e+00 -3.126731e+00 3.758425e+01
    endloop
  endfacet
  facet normal 1.795771e-01 3.699243e-01 9.115416e-01
    outer loop
      vertex   6.549066e+00 -3.183465e+00 3.768560e+01
      vertex   6.946632e+00 -3.126731e+00 3.758425e+01
      vertex   6.729375e+00 -2.959558e+00 3.755921e+01
    endloop
  endfacet
  facet normal 2.160781e-01 4.133216e-01 8.845765e-01
    outer loop
      vertex   6.729375e+00 -2.959558e+00 3.755921e+01
      vertex   6.946632e+00 -3.126731e+00 3.758425e+01
      vertex   7.130774e+00 -2.916491e+00 3.744103e+01
    endloop
  endfacet
  facet normal 2.160781e-01 4.133216e-01 8.845765e-01
    outer loop
      vertex   6.729375e+00 -2.959558e+00 3.755921e+01
      vertex   7.130774e+00 -2.916491e+00 3.744103e+01
      vertex   6.906216e+00 -2.743701e+00 3.741515e+01
    endloop
  endfacet
  facet normal 2.517254e-01 4.550871e-01 8.541253e-01
    outer loop
      vertex   6.906216e+00 -2.743701e+00 3.741515e+01
      vertex   7.130774e+00 -2.916491e+00 3.744103e+01
      vertex   7.309863e+00 -2.714470e+00 3.728061e+01
    endloop
  endfacet
  facet normal 2.517254e-01 4.550871e-01 8.541253e-01
    outer loop
      vertex   6.906216e+00 -2.743701e+00 3.741515e+01
      vertex   7.309863e+00 -2.714470e+00 3.728061e+01
      vertex   7.078890e+00 -2.536744e+00 3.725399e+01
    endloop
  endfacet
  facet normal 2.863787e-01 4.950566e-01 8.203086e-01
    outer loop
      vertex   7.078890e+00 -2.536744e+00 3.725399e+01
      vertex   7.309863e+00 -2.714470e+00 3.728061e+01
      vertex   7.483193e+00 -2.521465e+00 3.710362e+01
    endloop
  endfacet
  facet normal 2.863787e-01 4.950566e-01 8.203086e-01
    outer loop
      vertex   7.078890e+00 -2.536744e+00 3.725399e+01
      vertex   7.483193e+00 -2.521465e+00 3.710362e+01
      vertex   7.246717e+00 -2.339504e+00 3.707637e+01
    endloop
  endfacet
  facet normal 3.199017e-01 5.330732e-01 7.832598e-01
    outer loop
      vertex   7.246717e+00 -2.339504e+00 3.707637e+01
      vertex   7.483193e+00 -2.521465e+00 3.710362e+01
      vertex   7.650080e+00 -2.338237e+00 3.691076e+01
    endloop
  endfacet
  facet normal 3.199017e-01 5.330732e-01 7.832598e-01
    outer loop
      vertex   7.246717e+00 -2.339504e+00 3.707637e+01
      vertex   7.650080e+00 -2.338237e+00 3.691076e+01
      vertex   7.409033e+00 -2.152759e+00 3.688298e+01
    endloop
  endfacet
  facet normal 3.521626e-01 5.689873e-01 7.431251e-01
    outer loop
      vertex   7.409033e+00 -2.152759e+00 3.688298e+01
      vertex   7.650080e+00 -2.338237e+00 3.691076e+01
      vertex   7.809867e+00 -2.165510e+00 3.670279e+01
    endloop
  endfacet
  facet normal 3.521626e-01 5.689873e-01 7.431251e-01
    outer loop
      vertex   7.409033e+00 -2.152759e+00 3.688298e+01
      vertex   7.809867e+00 -2.165510e+00 3.670279e+01
      vertex   7.565200e+00 -1.977245e+00 3.667459e+01
    endloop
  endfacet
  facet normal 3.830347e-01 6.026579e-01 7.000628e-01
    outer loop
      vertex   7.565200e+00 -1.977245e+00 3.667459e+01
      vertex   7.809867e+00 -2.165510e+00 3.670279e+01
      vertex   7.961923e+00 -2.003964e+00 3.648052e+01
    endloop
  endfacet
  facet normal 3.830347e-01 6.026579e-01 7.000628e-01
    outer loop
      vertex   7.565200e+00 -1.977245e+00 3.667459e+01
      vertex   7.961923e+00 -2.003964e+00 3.648052e+01
      vertex   7.714600e+00 -1.813656e+00 3.645201e+01
    endloop
  endfacet
  facet normal 4.123966e-01 6.339526e-01 6.542424e-01
    outer loop
      vertex   7.714600e+00 -1.813656e+00 3.645201e+01
      vertex   7.961923e+00 -2.003964e+00 3.648052e+01
      vertex   8.105647e+00 -1.854236e+00 3.624484e+01
    endloop
  endfacet
  facet normal 4.123966e-01 6.339526e-01 6.542424e-01
    outer loop
      vertex   7.714600e+00 -1.813656e+00 3.645201e+01
      vertex   8.105647e+00 -1.854236e+00 3.624484e+01
      vertex   7.856645e+00 -1.662637e+00 3.621614e+01
    endloop
  endfacet
  facet normal 4.401329e-01 6.627487e-01 6.058442e-01
    outer loop
      vertex   7.856645e+00 -1.662637e+00 3.621614e+01
      vertex   8.105647e+00 -1.854236e+00 3.624484e+01
      vertex   8.240473e+00 -1.716918e+00 3.599668e+01
    endloop
  endfacet
  facet normal 4.401329e-01 6.627487e-01 6.058442e-01
    outer loop
      vertex   7.856645e+00 -1.662637e+00 3.621614e+01
      vertex   8.240473e+00 -1.716918e+00 3.599668e+01
      vertex   7.990774e+00 -1.524782e+00 3.596790e+01
    endloop
  endfacet
  facet normal 4.661345e-01 6.889327e-01 5.550588e-01
    outer loop
      vertex   7.990774e+00 -1.524782e+00 3.596790e+01
      vertex   8.240473e+00 -1.716918e+00 3.599668e+01
      vertex   8.365869e+00 -1.592551e+00 3.573701e+01
    endloop
  endfacet
  facet normal 4.661345e-01 6.889327e-01 5.550588e-01
    outer loop
      vertex   7.990774e+00 -1.524782e+00 3.596790e+01
      vertex   8.365869e+00 -1.592551e+00 3.573701e+01
      vertex   8.116459e+00 -1.400637e+00 3.570826e+01
    endloop
  endfacet
  facet normal 4.902992e-01 7.124019e-01 5.020859e-01
    outer loop
      vertex   8.116459e+00 -1.400637e+00 3.570826e+01
      vertex   8.365869e+00 -1.592551e+00 3.573701e+01
      vertex   8.481341e+00 -1.481626e+00 3.546686e+01
    endloop
  endfacet
  facet normal 4.902992e-01 7.124019e-01 5.020859e-01
    outer loop
      vertex   8.116459e+00 -1.400637e+00 3.570826e+01
      vertex   8.481341e+00 -1.481626e+00 3.546686e+01
      vertex   8.233202e+00 -1.290690e+00 3.543826e+01
    endloop
  endfacet
  facet normal 5.125320e-01 7.330637e-01 4.471338e-01
    outer loop
      vertex   8.233202e+00 -1.290690e+00 3.543826e+01
      vertex   8.481341e+00 -1.481626e+00 3.546686e+01
      vertex   8.586433e+00 -1.384580e+00 3.518729e+01
    endloop
  endfacet
  facet normal 5.125320e-01 7.330637e-01 4.471338e-01
    outer loop
      vertex   8.233202e+00 -1.290690e+00 3.543826e+01
      vertex   8.586433e+00 -1.384580e+00 3.518729e+01
      vertex   8.340545e+00 -1.195376e+00 3.515895e+01
    endloop
  endfacet
  facet normal 5.327452e-01 7.508369e-01 3.904184e-01
    outer loop
      vertex   8.340545e+00 -1.195376e+00 3.515895e+01
      vertex   8.586433e+00 -1.384580e+00 3.518729e+01
      vertex   8.680730e+00 -1.301796e+00 3.489941e+01
    endloop
  endfacet
  facet normal 5.327452e-01 7.508369e-01 3.904184e-01
    outer loop
      vertex   8.340545e+00 -1.195376e+00 3.515895e+01
      vertex   8.680730e+00 -1.301796e+00 3.489941e+01
      vertex   8.438062e+00 -1.115071e+00 3.487144e+01
    endloop
  endfacet
  facet normal 1.045912e-01 2.789232e-01 9.546007e-01
    outer loop
      vertex   6.180896e+00 -3.651865e+00 3.788344e+01
      vertex   6.371240e+00 -3.798329e+00 3.790538e+01
      vertex   6.566115e+00 -3.568521e+00 3.781688e+01
    endloop
  endfacet
  facet normal 1.429260e-01 2.478052e-01 9.582091e-01
    outer loop
      vertex   6.566115e+00 -3.568521e+00 3.781688e+01
      vertex   6.371240e+00 -3.798329e+00 3.790538e+01
      vertex   6.758474e+00 -3.733127e+00 3.783076e+01
    endloop
  endfacet
  facet normal 1.825409e-01 2.924544e-01 9.386955e-01
    outer loop
      vertex   6.566115e+00 -3.568521e+00 3.781688e+01
      vertex   6.758474e+00 -3.733127e+00 3.783076e+01
      vertex   6.959158e+00 -3.516355e+00 3.772420e+01
    endloop
  endfacet
  facet normal 2.210488e-01 2.577356e-01 9.405901e-01
    outer loop
      vertex   6.959158e+00 -3.516355e+00 3.772420e+01
      vertex   6.758474e+00 -3.733127e+00 3.783076e+01
      vertex   7.151242e+00 -3.698758e+00 3.772904e+01
    endloop
  endfacet
  facet normal 2.615533e-01 2.997757e-01 9.174554e-01
    outer loop
      vertex   6.959158e+00 -3.516355e+00 3.772420e+01
      vertex   7.151242e+00 -3.698758e+00 3.772904e+01
      vertex   7.355045e+00 -3.494955e+00 3.760434e+01
    endloop
  endfacet
  facet normal 2.997757e-01 2.615533e-01 9.174554e-01
    outer loop
      vertex   7.355045e+00 -3.494955e+00 3.760434e+01
      vertex   7.151242e+00 -3.698758e+00 3.772904e+01
      vertex   7.544565e+00 -3.694533e+00 3.759931e+01
    endloop
  endfacet
  facet normal 3.406315e-01 3.010243e-01 8.907045e-01
    outer loop
      vertex   7.355045e+00 -3.494955e+00 3.760434e+01
      vertex   7.544565e+00 -3.694533e+00 3.759931e+01
      vertex   7.748799e+00 -3.503373e+00 3.745660e+01
    endloop
  endfacet
  facet normal 3.781140e-01 2.594511e-01 8.886591e-01
    outer loop
      vertex   7.748799e+00 -3.503373e+00 3.745660e+01
      vertex   7.544565e+00 -3.694533e+00 3.759931e+01
      vertex   7.933509e+00 -3.719226e+00 3.744103e+01
    endloop
  endfacet
  facet normal 4.187874e-01 2.964437e-01 8.583346e-01
    outer loop
      vertex   7.748799e+00 -3.503373e+00 3.745660e+01
      vertex   7.933509e+00 -3.719226e+00 3.744103e+01
      vertex   8.135530e+00 -3.540137e+00 3.728061e+01
    endloop
  endfacet
  facet normal 4.550871e-01 2.517254e-01 8.541253e-01
    outer loop
      vertex   8.135530e+00 -3.540137e+00 3.728061e+01
      vertex   7.933509e+00 -3.719226e+00 3.744103e+01
      vertex   8.313256e+00 -3.771110e+00 3.725399e+01
    endloop
  endfacet
  facet normal 4.950566e-01 2.863787e-01 8.203086e-01
    outer loop
      vertex   8.135530e+00 -3.540137e+00 3.728061e+01
      vertex   8.313256e+00 -3.771110e+00 3.725399e+01
      vertex   8.510496e+00 -3.603283e+00 3.707637e+01
    endloop
  endfacet
  facet normal 5.297495e-01 2.387711e-01 8.138512e-01
    outer loop
      vertex   8.510496e+00 -3.603283e+00 3.707637e+01
      vertex   8.313256e+00 -3.771110e+00 3.725399e+01
      vertex   8.679178e+00 -3.847979e+00 3.703836e+01
    endloop
  endfacet
  facet normal 5.685130e-01 2.712690e-01 7.766634e-01
    outer loop
      vertex   8.510496e+00 -3.603283e+00 3.707637e+01
      vertex   8.679178e+00 -3.847979e+00 3.703836e+01
      vertex   8.869183e+00 -3.690393e+00 3.684423e+01
    endloop
  endfacet
  facet normal 6.012001e-01 2.210738e-01 7.679094e-01
    outer loop
      vertex   8.869183e+00 -3.690393e+00 3.684423e+01
      vertex   8.679178e+00 -3.847979e+00 3.703836e+01
      vertex   9.026899e+00 -3.947198e+00 3.679469e+01
    endloop
  endfacet
  facet normal 6.382817e-01 2.516411e-01 7.275116e-01
    outer loop
      vertex   8.869183e+00 -3.690393e+00 3.684423e+01
      vertex   9.026899e+00 -3.947198e+00 3.679469e+01
      vertex   9.207363e+00 -3.798635e+00 3.658497e+01
    endloop
  endfacet
  facet normal 6.685958e-01 1.992009e-01 7.164486e-01
    outer loop
      vertex   9.207363e+00 -3.798635e+00 3.658497e+01
      vertex   9.026899e+00 -3.947198e+00 3.679469e+01
      vertex   9.352368e+00 -4.065744e+00 3.652392e+01
    endloop
  endfacet
  facet normal 7.035521e-01 2.280988e-01 6.730419e-01
    outer loop
      vertex   9.207363e+00 -3.798635e+00 3.658497e+01
      vertex   9.352368e+00 -4.065744e+00 3.652392e+01
      vertex   9.521161e+00 -3.924817e+00 3.629971e+01
    endloop
  endfacet
  facet normal 7.311635e-01 1.737917e-01 6.596941e-01
    outer loop
      vertex   9.521161e+00 -3.924817e+00 3.629971e+01
      vertex   9.352368e+00 -4.065744e+00 3.652392e+01
      vertex   9.651908e+00 -4.200261e+00 3.622737e+01
    endloop
  endfacet
  facet normal 7.635893e-01 2.013121e-01 6.135184e-01
    outer loop
      vertex   9.521161e+00 -3.924817e+00 3.629971e+01
      vertex   9.651908e+00 -4.200261e+00 3.622737e+01
      vertex   9.807107e+00 -4.065446e+00 3.598997e+01
    endloop
  endfacet
  facet normal 1.429260e-01 2.478052e-01 9.582091e-01
    outer loop
      vertex   6.758474e+00 -3.733127e+00 3.783076e+01
      vertex   6.371240e+00 -3.798329e+00 3.790538e+01
      vertex   6.554206e+00 -3.954896e+00 3.791858e+01
    endloop
  endfacet
  facet normal 2.214336e-01 3.359477e-01 9.154815e-01
    outer loop
      vertex   6.758165e+00 -3.344361e+00 3.770970e+01
      vertex   7.155467e+00 -3.305435e+00 3.759931e+01
      vertex   6.946632e+00 -3.126731e+00 3.758425e+01
    endloop
  endfacet
  facet normal 2.594511e-01 3.781140e-01 8.886591e-01
    outer loop
      vertex   6.946632e+00 -3.126731e+00 3.758425e+01
      vertex   7.155467e+00 -3.305435e+00 3.759931e+01
      vertex   7.346627e+00 -3.101201e+00 3.745660e+01
    endloop
  endfacet
  facet normal 2.594511e-01 3.781140e-01 8.886591e-01
    outer loop
      vertex   6.946632e+00 -3.126731e+00 3.758425e+01
      vertex   7.346627e+00 -3.101201e+00 3.745660e+01
      vertex   7.130774e+00 -2.916491e+00 3.744103e+01
    endloop
  endfacet
  facet normal 2.964437e-01 4.187874e-01 8.583346e-01
    outer loop
      vertex   7.130774e+00 -2.916491e+00 3.744103e+01
      vertex   7.346627e+00 -3.101201e+00 3.745660e+01
      vertex   7.531882e+00 -2.904456e+00 3.729663e+01
    endloop
  endfacet
  facet normal 2.964437e-01 4.187874e-01 8.583346e-01
    outer loop
      vertex   7.130774e+00 -2.916491e+00 3.744103e+01
      vertex   7.531882e+00 -2.904456e+00 3.729663e+01
      vertex   7.309863e+00 -2.714470e+00 3.728061e+01
    endloop
  endfacet
  facet normal 3.322660e-01 4.578080e-01 8.246279e-01
    outer loop
      vertex   7.309863e+00 -2.714470e+00 3.728061e+01
      vertex   7.531882e+00 -2.904456e+00 3.729663e+01
      vertex   7.710503e+00 -2.715978e+00 3.712002e+01
    endloop
  endfacet
  facet normal 3.322660e-01 4.578080e-01 8.246279e-01
    outer loop
      vertex   7.309863e+00 -2.714470e+00 3.728061e+01
      vertex   7.710503e+00 -2.715978e+00 3.712002e+01
      vertex   7.483193e+00 -2.521465e+00 3.710362e+01
    endloop
  endfacet
  facet normal 3.667771e-01 4.950224e-01 7.876721e-01
    outer loop
      vertex   7.483193e+00 -2.521465e+00 3.710362e+01
      vertex   7.710503e+00 -2.715978e+00 3.712002e+01
      vertex   7.881784e+00 -2.536511e+00 3.692748e+01
    endloop
  endfacet
  facet normal 3.667771e-01 4.950224e-01 7.876721e-01
    outer loop
      vertex   7.483193e+00 -2.521465e+00 3.710362e+01
      vertex   7.881784e+00 -2.536511e+00 3.692748e+01
      vertex   7.650080e+00 -2.338237e+00 3.691076e+01
    endloop
  endfacet
  facet normal 3.998413e-01 5.302844e-01 7.476131e-01
    outer loop
      vertex   7.650080e+00 -2.338237e+00 3.691076e+01
      vertex   7.881784e+00 -2.536511e+00 3.692748e+01
      vertex   8.045050e+00 -2.366761e+00 3.671975e+01
    endloop
  endfacet
  facet normal 3.998413e-01 5.302844e-01 7.476131e-01
    outer loop
      vertex   7.650080e+00 -2.338237e+00 3.691076e+01
      vertex   8.045050e+00 -2.366761e+00 3.671975e+01
      vertex   7.809867e+00 -2.165510e+00 3.670279e+01
    endloop
  endfacet
  facet normal 4.313288e-01 5.634555e-01 7.046087e-01
    outer loop
      vertex   7.809867e+00 -2.165510e+00 3.670279e+01
      vertex   8.045050e+00 -2.366761e+00 3.671975e+01
      vertex   8.199658e+00 -2.207398e+00 3.649767e+01
    endloop
  endfacet
  facet normal 4.313288e-01 5.634555e-01 7.046087e-01
    outer loop
      vertex   7.809867e+00 -2.165510e+00 3.670279e+01
      vertex   8.199658e+00 -2.207398e+00 3.649767e+01
      vertex   7.961923e+00 -2.003964e+00 3.648052e+01
    endloop
  endfacet
  facet normal 4.611158e-01 5.944053e-01 6.588282e-01
    outer loop
      vertex   7.961923e+00 -2.003964e+00 3.648052e+01
      vertex   8.199658e+00 -2.207398e+00 3.649767e+01
      vertex   8.344996e+00 -2.059052e+00 3.626211e+01
    endloop
  endfacet
  facet normal 4.611158e-01 5.944053e-01 6.588282e-01
    outer loop
      vertex   7.961923e+00 -2.003964e+00 3.648052e+01
      vertex   8.344996e+00 -2.059052e+00 3.626211e+01
      vertex   8.105647e+00 -1.854236e+00 3.624484e+01
    endloop
  endfacet
  facet normal 4.890851e-01 6.230121e-01 6.104521e-01
    outer loop
      vertex   8.105647e+00 -1.854236e+00 3.624484e+01
      vertex   8.344996e+00 -2.059052e+00 3.626211e+01
      vertex   8.480493e+00 -1.922308e+00 3.601399e+01
    endloop
  endfacet
  facet normal 4.890851e-01 6.230121e-01 6.104521e-01
    outer loop
      vertex   8.105647e+00 -1.854236e+00 3.624484e+01
      vertex   8.480493e+00 -1.922308e+00 3.601399e+01
      vertex   8.240473e+00 -1.716918e+00 3.599668e+01
    endloop
  endfacet
  facet normal 5.151268e-01 6.491636e-01 5.596704e-01
    outer loop
      vertex   8.240473e+00 -1.716918e+00 3.599668e+01
      vertex   8.480493e+00 -1.922308e+00 3.601399e+01
      vertex   8.605612e+00 -1.797704e+00 3.575430e+01
    endloop
  endfacet
  facet normal 5.151268e-01 6.491636e-01 5.596704e-01
    outer loop
      vertex   8.240473e+00 -1.716918e+00 3.599668e+01
      vertex   8.605612e+00 -1.797704e+00 3.575430e+01
      vertex   8.365869e+00 -1.592551e+00 3.573701e+01
    endloop
  endfacet
  facet normal 5.391386e-01 6.727569e-01 5.066831e-01
    outer loop
      vertex   8.365869e+00 -1.592551e+00 3.573701e+01
      vertex   8.605612e+00 -1.797704e+00 3.575430e+01
      vertex   8.719861e+00 -1.685732e+00 3.548406e+01
    endloop
  endfacet
  facet normal 5.391386e-01 6.727569e-01 5.066831e-01
    outer loop
      vertex   8.365869e+00 -1.592551e+00 3.573701e+01
      vertex   8.719861e+00 -1.685732e+00 3.548406e+01
      vertex   8.481341e+00 -1.481626e+00 3.546686e+01
    endloop
  endfacet
  facet normal 5.610259e-01 6.936991e-01 4.516984e-01
    outer loop
      vertex   8.481341e+00 -1.481626e+00 3.546686e+01
      vertex   8.719861e+00 -1.685732e+00 3.548406e+01
      vertex   8.822790e+00 -1.586835e+00 3.520434e+01
    endloop
  endfacet
  facet normal 5.610259e-01 6.936991e-01 4.516984e-01
    outer loop
      vertex   8.481341e+00 -1.481626e+00 3.546686e+01
      vertex   8.822790e+00 -1.586835e+00 3.520434e+01
      vertex   8.586433e+00 -1.384580e+00 3.518729e+01
    endloop
  endfacet
  facet normal 5.807025e-01 7.119079e-01 3.949326e-01
    outer loop
      vertex   8.586433e+00 -1.384580e+00 3.518729e+01
      vertex   8.822790e+00 -1.586835e+00 3.520434e+01
      vertex   8.913991e+00 -1.501402e+00 3.491624e+01
    endloop
  endfacet
  facet normal 5.807025e-01 7.119079e-01 3.949326e-01
    outer loop
      vertex   8.586433e+00 -1.384580e+00 3.518729e+01
      vertex   8.913991e+00 -1.501402e+00 3.491624e+01
      vertex   8.680730e+00 -1.301796e+00 3.489941e+01
    endloop
  endfacet
  facet normal 5.193298e-02 8.109850e-02 9.953522e-01
    outer loop
      vertex   6.293022e+00 -4.556978e+00 3.804059e+01
      vertex   6.138152e+00 -4.409912e+00 3.803669e+01
      vertex   5.928008e+00 -4.641364e+00 3.806651e+01
    endloop
  endfacet
  facet normal 1.796702e-01 2.146767e-01 9.600170e-01
    outer loop
      vertex   6.758474e+00 -3.733127e+00 3.783076e+01
      vertex   6.554206e+00 -3.954896e+00 3.791858e+01
      vertex   6.942305e+00 -3.907695e+00 3.783539e+01
    endloop
  endfacet
  facet normal 1.796702e-01 2.146767e-01 9.600170e-01
    outer loop
      vertex   6.942305e+00 -3.907695e+00 3.783539e+01
      vertex   6.554206e+00 -3.954896e+00 3.791858e+01
      vertex   6.729060e+00 -4.120940e+00 3.792299e+01
    endloop
  endfacet
  facet normal 2.146767e-01 1.796702e-01 9.600170e-01
    outer loop
      vertex   6.942305e+00 -3.907695e+00 3.783539e+01
      vertex   6.729060e+00 -4.120940e+00 3.792299e+01
      vertex   7.116873e+00 -4.091526e+00 3.783076e+01
    endloop
  endfacet
  facet normal 2.146767e-01 1.796702e-01 9.600170e-01
    outer loop
      vertex   7.116873e+00 -4.091526e+00 3.783076e+01
      vertex   6.729060e+00 -4.120940e+00 3.792299e+01
      vertex   6.895104e+00 -4.295794e+00 3.791858e+01
    endloop
  endfacet
  facet normal 2.478052e-01 1.429260e-01 9.582091e-01
    outer loop
      vertex   7.116873e+00 -4.091526e+00 3.783076e+01
      vertex   6.895104e+00 -4.295794e+00 3.791858e+01
      vertex   7.281479e+00 -4.283885e+00 3.781688e+01
    endloop
  endfacet
  facet normal 2.478052e-01 1.429260e-01 9.582091e-01
    outer loop
      vertex   7.281479e+00 -4.283885e+00 3.781688e+01
      vertex   6.895104e+00 -4.295794e+00 3.791858e+01
      vertex   7.051671e+00 -4.478760e+00 3.790538e+01
    endloop
  endfacet
  facet normal 2.789232e-01 1.045912e-01 9.546007e-01
    outer loop
      vertex   7.281479e+00 -4.283885e+00 3.781688e+01
      vertex   7.051671e+00 -4.478760e+00 3.790538e+01
      vertex   7.435462e+00 -4.484001e+00 3.779382e+01
    endloop
  endfacet
  facet normal 3.010243e-01 3.406315e-01 8.907045e-01
    outer loop
      vertex   7.155467e+00 -3.305435e+00 3.759931e+01
      vertex   7.552911e+00 -3.297089e+00 3.746180e+01
      vertex   7.346627e+00 -3.101201e+00 3.745660e+01
    endloop
  endfacet
  facet normal 3.393065e-01 3.801422e-01 8.604435e-01
    outer loop
      vertex   7.346627e+00 -3.101201e+00 3.745660e+01
      vertex   7.552911e+00 -3.297089e+00 3.746180e+01
      vertex   7.744059e+00 -3.105941e+00 3.730198e+01
    endloop
  endfacet
  facet normal 3.393065e-01 3.801422e-01 8.604435e-01
    outer loop
      vertex   7.346627e+00 -3.101201e+00 3.745660e+01
      vertex   7.744059e+00 -3.105941e+00 3.730198e+01
      vertex   7.531882e+00 -2.904456e+00 3.729663e+01
    endloop
  endfacet
  facet normal 3.762493e-01 4.181526e-01 8.267919e-01
    outer loop
      vertex   7.531882e+00 -2.904456e+00 3.729663e+01
      vertex   7.744059e+00 -3.105941e+00 3.730198e+01
      vertex   7.927736e+00 -2.922264e+00 3.712550e+01
    endloop
  endfacet
  facet normal 3.762493e-01 4.181526e-01 8.267919e-01
    outer loop
      vertex   7.531882e+00 -2.904456e+00 3.729663e+01
      vertex   7.927736e+00 -2.922264e+00 3.712550e+01
      vertex   7.710503e+00 -2.715978e+00 3.712002e+01
    endloop
  endfacet
  facet normal 4.117075e-01 4.545131e-01 7.898827e-01
    outer loop
      vertex   7.710503e+00 -2.715978e+00 3.712002e+01
      vertex   7.927736e+00 -2.922264e+00 3.712550e+01
      vertex   8.103216e+00 -2.746784e+00 3.693306e+01
    endloop
  endfacet
  facet normal 4.117075e-01 4.545131e-01 7.898827e-01
    outer loop
      vertex   7.710503e+00 -2.715978e+00 3.712002e+01
      vertex   8.103216e+00 -2.746784e+00 3.693306e+01
      vertex   7.881784e+00 -2.536511e+00 3.692748e+01
    endloop
  endfacet
  facet normal 4.455418e-01 4.890809e-01 7.498616e-01
    outer loop
      vertex   7.881784e+00 -2.536511e+00 3.692748e+01
      vertex   8.103216e+00 -2.746784e+00 3.693306e+01
      vertex   8.269808e+00 -2.580192e+00 3.672542e+01
    endloop
  endfacet
  facet normal 4.455418e-01 4.890809e-01 7.498616e-01
    outer loop
      vertex   7.881784e+00 -2.536511e+00 3.692748e+01
      vertex   8.269808e+00 -2.580192e+00 3.672542e+01
      vertex   8.045050e+00 -2.366761e+00 3.671975e+01
    endloop
  endfacet
  facet normal 4.776191e-01 5.217202e-01 7.068862e-01
    outer loop
      vertex   8.045050e+00 -2.366761e+00 3.671975e+01
      vertex   8.269808e+00 -2.580192e+00 3.672542e+01
      vertex   8.426854e+00 -2.423146e+00 3.650340e+01
    endloop
  endfacet
  facet normal 4.776191e-01 5.217202e-01 7.068862e-01
    outer loop
      vertex   8.045050e+00 -2.366761e+00 3.671975e+01
      vertex   8.426854e+00 -2.423146e+00 3.650340e+01
      vertex   8.199658e+00 -2.207398e+00 3.649767e+01
    endloop
  endfacet
  facet normal 5.078134e-01 5.523026e-01 6.611258e-01
    outer loop
      vertex   8.199658e+00 -2.207398e+00 3.649767e+01
      vertex   8.426854e+00 -2.423146e+00 3.650340e+01
      vertex   8.573735e+00 -2.276265e+00 3.626787e+01
    endloop
  endfacet
  facet normal 5.078134e-01 5.523026e-01 6.611258e-01
    outer loop
      vertex   8.199658e+00 -2.207398e+00 3.649767e+01
      vertex   8.573735e+00 -2.276265e+00 3.626787e+01
      vertex   8.344996e+00 -2.059052e+00 3.626211e+01
    endloop
  endfacet
  facet normal 5.360061e-01 5.807081e-01 6.127606e-01
    outer loop
      vertex   8.344996e+00 -2.059052e+00 3.626211e+01
      vertex   8.573735e+00 -2.276265e+00 3.626787e+01
      vertex   8.709872e+00 -2.140128e+00 3.601977e+01
    endloop
  endfacet
  facet normal 5.360061e-01 5.807081e-01 6.127606e-01
    outer loop
      vertex   8.344996e+00 -2.059052e+00 3.626211e+01
      vertex   8.709872e+00 -2.140128e+00 3.601977e+01
      vertex   8.480493e+00 -1.922308e+00 3.601399e+01
    endloop
  endfacet
  facet normal 5.620863e-01 6.068250e-01 5.619808e-01
    outer loop
      vertex   8.480493e+00 -1.922308e+00 3.601399e+01
      vertex   8.709872e+00 -2.140128e+00 3.601977e+01
      vertex   8.834727e+00 -2.015273e+00 3.576008e+01
    endloop
  endfacet
  facet normal 5.620863e-01 6.068250e-01 5.619808e-01
    outer loop
      vertex   8.480493e+00 -1.922308e+00 3.601399e+01
      vertex   8.834727e+00 -2.015273e+00 3.576008e+01
      vertex   8.605612e+00 -1.797704e+00 3.575430e+01
    endloop
  endfacet
  facet normal 5.859515e-01 6.305504e-01 5.089863e-01
    outer loop
      vertex   8.605612e+00 -1.797704e+00 3.575430e+01
      vertex   8.834727e+00 -2.015273e+00 3.576008e+01
      vertex   8.947808e+00 -1.902192e+00 3.548981e+01
    endloop
  endfacet
  facet normal 5.859515e-01 6.305504e-01 5.089863e-01
    outer loop
      vertex   8.605612e+00 -1.797704e+00 3.575430e+01
      vertex   8.947808e+00 -1.902192e+00 3.548981e+01
      vertex   8.719861e+00 -1.685732e+00 3.548406e+01
    endloop
  endfacet
  facet normal 6.075077e-01 6.517912e-01 4.539853e-01
    outer loop
      vertex   8.719861e+00 -1.685732e+00 3.548406e+01
      vertex   8.947808e+00 -1.902192e+00 3.548981e+01
      vertex   9.048668e+00 -1.801332e+00 3.521003e+01
    endloop
  endfacet
  facet normal 6.075077e-01 6.517912e-01 4.539853e-01
    outer loop
      vertex   8.719861e+00 -1.685732e+00 3.548406e+01
      vertex   9.048668e+00 -1.801332e+00 3.521003e+01
      vertex   8.822790e+00 -1.586835e+00 3.520434e+01
    endloop
  endfacet
  facet normal 6.266700e-01 6.704636e-01 3.971942e-01
    outer loop
      vertex   8.822790e+00 -1.586835e+00 3.520434e+01
      vertex   9.048668e+00 -1.801332e+00 3.521003e+01
      vertex   9.136911e+00 -1.713089e+00 3.492186e+01
    endloop
  endfacet
  facet normal 6.266700e-01 6.704636e-01 3.971942e-01
    outer loop
      vertex   8.822790e+00 -1.586835e+00 3.520434e+01
      vertex   9.136911e+00 -1.713089e+00 3.492186e+01
      vertex   8.913991e+00 -1.501402e+00 3.491624e+01
    endloop
  endfacet
  facet normal 6.575208e-01 6.998191e-01 2.791409e-01
    outer loop
      vertex   9.274201e+00 -1.575799e+00 3.432487e+01
      vertex   8.993105e+00 -1.429770e+00 3.462089e+01
      vertex   9.212188e+00 -1.637812e+00 3.462641e+01
    endloop
  endfacet
  facet normal 6.998191e-01 6.575208e-01 2.791409e-01
    outer loop
      vertex   9.274201e+00 -1.575799e+00 3.432487e+01
      vertex   9.212188e+00 -1.637812e+00 3.462641e+01
      vertex   9.477778e+00 -1.790179e+00 3.431947e+01
    endloop
  endfacet
  facet normal 6.998191e-01 6.575208e-01 2.791409e-01
    outer loop
      vertex   9.477778e+00 -1.790179e+00 3.431947e+01
      vertex   9.212188e+00 -1.637812e+00 3.462641e+01
      vertex   9.420230e+00 -1.856895e+00 3.462089e+01
    endloop
  endfacet
  facet normal 7.398484e-01 6.131227e-01 2.769565e-01
    outer loop
      vertex   9.477778e+00 -1.790179e+00 3.431947e+01
      vertex   9.420230e+00 -1.856895e+00 3.462089e+01
      vertex   9.669737e+00 -2.014504e+00 3.430328e+01
    endloop
  endfacet
  facet normal 7.398484e-01 6.131227e-01 2.769565e-01
    outer loop
      vertex   9.669737e+00 -2.014504e+00 3.430328e+01
      vertex   9.420230e+00 -1.856895e+00 3.462089e+01
      vertex   9.616399e+00 -2.086140e+00 3.460435e+01
    endloop
  endfacet
  facet normal 7.774483e-01 5.668027e-01 2.725964e-01
    outer loop
      vertex   9.669737e+00 -2.014504e+00 3.430328e+01
      vertex   9.616399e+00 -2.086140e+00 3.460435e+01
      vertex   9.849309e+00 -2.247875e+00 3.427638e+01
    endloop
  endfacet
  facet normal 7.774483e-01 5.668027e-01 2.725964e-01
    outer loop
      vertex   9.849309e+00 -2.247875e+00 3.427638e+01
      vertex   9.616399e+00 -2.086140e+00 3.460435e+01
      vertex   9.799910e+00 -2.324630e+00 3.457686e+01
    endloop
  endfacet
  facet normal 8.124683e-01 5.187462e-01 2.660782e-01
    outer loop
      vertex   9.849309e+00 -2.247875e+00 3.427638e+01
      vertex   9.799910e+00 -2.324630e+00 3.457686e+01
      vertex   1.001577e+01 -2.489358e+00 3.423888e+01
    endloop
  endfacet
  facet normal 8.124683e-01 5.187462e-01 2.660782e-01
    outer loop
      vertex   1.001577e+01 -2.489358e+00 3.423888e+01
      vertex   9.799910e+00 -2.324630e+00 3.457686e+01
      vertex   9.970027e+00 -2.571409e+00 3.453853e+01
    endloop
  endfacet
  facet normal 8.447681e-01 4.691458e-01 2.574279e-01
    outer loop
      vertex   1.001577e+01 -2.489358e+00 3.423888e+01
      vertex   9.970027e+00 -2.571409e+00 3.453853e+01
      vertex   1.016847e+01 -2.737985e+00 3.419091e+01
    endloop
  endfacet
  facet normal 8.447681e-01 4.691458e-01 2.574279e-01
    outer loop
      vertex   1.016847e+01 -2.737985e+00 3.419091e+01
      vertex   9.970027e+00 -2.571409e+00 3.453853e+01
      vertex   1.012607e+01 -2.825490e+00 3.448951e+01
    endloop
  endfacet
  facet normal 8.742183e-01 4.182000e-01 2.466801e-01
    outer loop
      vertex   1.016847e+01 -2.737985e+00 3.419091e+01
      vertex   1.012607e+01 -2.825490e+00 3.448951e+01
      vertex   1.030678e+01 -2.992761e+00 3.413268e+01
    endloop
  endfacet
  facet normal 8.742183e-01 4.182000e-01 2.466801e-01
    outer loop
      vertex   1.030678e+01 -2.992761e+00 3.413268e+01
      vertex   1.012607e+01 -2.825490e+00 3.448951e+01
      vertex   1.026741e+01 -3.085854e+00 3.443000e+01
    endloop
  endfacet
  facet normal 9.007011e-01 3.661128e-01 2.338779e-01
    outer loop
      vertex   1.030678e+01 -2.992761e+00 3.413268e+01
      vertex   1.026741e+01 -3.085854e+00 3.443000e+01
      vertex   1.043015e+01 -3.252667e+00 3.406441e+01
    endloop
  endfacet
  facet normal 9.007011e-01 3.661128e-01 2.338779e-01
    outer loop
      vertex   1.043015e+01 -3.252667e+00 3.406441e+01
      vertex   1.026741e+01 -3.085854e+00 3.443000e+01
      vertex   1.039349e+01 -3.351460e+00 3.436024e+01
    endloop
  endfacet
  facet normal 9.241081e-01 3.130985e-01 2.190742e-01
    outer loop
      vertex   1.043015e+01 -3.252667e+00 3.406441e+01
      vertex   1.039349e+01 -3.351460e+00 3.436024e+01
      vertex   1.050378e+01 -3.621187e+00 3.428052e+01
    endloop
  endfacet
  facet normal 9.151982e-01 2.921617e-01 2.775858e-01
    outer loop
      vertex   1.050378e+01 -3.621187e+00 3.428052e+01
      vertex   1.039349e+01 -3.351460e+00 3.436024e+01
      vertex   1.045112e+01 -3.731195e+00 3.456991e+01
    endloop
  endfacet
  facet normal 9.358380e-01 2.373638e-01 2.605105e-01
    outer loop
      vertex   1.050378e+01 -3.621187e+00 3.428052e+01
      vertex   1.045112e+01 -3.731195e+00 3.456991e+01
      vertex   1.054689e+01 -4.008929e+00 3.447893e+01
    endloop
  endfacet
  facet normal 9.236382e-01 2.144344e-01 3.176638e-01
    outer loop
      vertex   1.054689e+01 -4.008929e+00 3.447893e+01
      vertex   1.045112e+01 -3.731195e+00 3.456991e+01
      vertex   1.047736e+01 -4.127642e+00 3.476122e+01
    endloop
  endfacet
  facet normal 9.412352e-01 1.582639e-01 2.983770e-01
    outer loop
      vertex   1.054689e+01 -4.008929e+00 3.447893e+01
      vertex   1.047736e+01 -4.127642e+00 3.476122e+01
      vertex   1.062575e+01 -4.288630e+00 3.437851e+01
    endloop
  endfacet
  facet normal 9.412352e-01 1.582639e-01 2.983770e-01
    outer loop
      vertex   1.062575e+01 -4.288630e+00 3.437851e+01
      vertex   1.047736e+01 -4.127642e+00 3.476122e+01
      vertex   1.055727e+01 -4.411055e+00 3.465947e+01
    endloop
  endfacet
  facet normal 9.553960e-01 1.018025e-01 2.772267e-01
    outer loop
      vertex   1.062575e+01 -4.288630e+00 3.437851e+01
      vertex   1.055727e+01 -4.411055e+00 3.465947e+01
      vertex   1.068742e+01 -4.569251e+00 3.426903e+01
    endloop
  endfacet
  facet normal 9.553960e-01 1.018025e-01 2.772267e-01
    outer loop
      vertex   1.068742e+01 -4.569251e+00 3.426903e+01
      vertex   1.055727e+01 -4.411055e+00 3.465947e+01
      vertex   1.061976e+01 -4.695401e+00 3.454854e+01
    endloop
  endfacet
  facet normal 6.704636e-01 6.266700e-01 3.971942e-01
    outer loop
      vertex   9.136911e+00 -1.713089e+00 3.492186e+01
      vertex   9.048668e+00 -1.801332e+00 3.521003e+01
      vertex   9.348598e+00 -1.936009e+00 3.491624e+01
    endloop
  endfacet
  facet normal 6.704636e-01 6.266700e-01 3.971942e-01
    outer loop
      vertex   9.348598e+00 -1.936009e+00 3.491624e+01
      vertex   9.048668e+00 -1.801332e+00 3.521003e+01
      vertex   9.263165e+00 -2.027210e+00 3.520434e+01
    endloop
  endfacet
  facet normal 7.119079e-01 5.807025e-01 3.949326e-01
    outer loop
      vertex   9.348598e+00 -1.936009e+00 3.491624e+01
      vertex   9.263165e+00 -2.027210e+00 3.520434e+01
      vertex   9.548204e+00 -2.169270e+00 3.489941e+01
    endloop
  endfacet
  facet normal 7.119079e-01 5.807025e-01 3.949326e-01
    outer loop
      vertex   9.548204e+00 -2.169270e+00 3.489941e+01
      vertex   9.263165e+00 -2.027210e+00 3.520434e+01
      vertex   9.465420e+00 -2.263567e+00 3.518729e+01
    endloop
  endfacet
  facet normal 7.508369e-01 5.327452e-01 3.904184e-01
    outer loop
      vertex   9.548204e+00 -2.169270e+00 3.489941e+01
      vertex   9.465420e+00 -2.263567e+00 3.518729e+01
      vertex   9.734929e+00 -2.411938e+00 3.487144e+01
    endloop
  endfacet
  facet normal 7.508369e-01 5.327452e-01 3.904184e-01
    outer loop
      vertex   9.734929e+00 -2.411938e+00 3.487144e+01
      vertex   9.465420e+00 -2.263567e+00 3.518729e+01
      vertex   9.654624e+00 -2.509455e+00 3.515895e+01
    endloop
  endfacet
  facet normal 7.870947e-01 4.829900e-01 3.836698e-01
    outer loop
      vertex   9.734929e+00 -2.411938e+00 3.487144e+01
      vertex   9.654624e+00 -2.509455e+00 3.515895e+01
      vertex   9.908027e+00 -2.663040e+00 3.483244e+01
    endloop
  endfacet
  facet normal 7.870947e-01 4.829900e-01 3.836698e-01
    outer loop
      vertex   9.908027e+00 -2.663040e+00 3.483244e+01
      vertex   9.654624e+00 -2.509455e+00 3.515895e+01
      vertex   9.830018e+00 -2.763891e+00 3.511943e+01
    endloop
  endfacet
  facet normal 8.205363e-01 4.316363e-01 3.747137e-01
    outer loop
      vertex   9.908027e+00 -2.663040e+00 3.483244e+01
      vertex   9.830018e+00 -2.763891e+00 3.511943e+01
      vertex   1.006680e+01 -2.921572e+00 3.478256e+01
    endloop
  endfacet
  facet normal 8.205363e-01 4.316363e-01 3.747137e-01
    outer loop
      vertex   1.006680e+01 -2.921572e+00 3.478256e+01
      vertex   9.830018e+00 -2.763891e+00 3.511943e+01
      vertex   9.990902e+00 -3.025854e+00 3.506889e+01
    endloop
  endfacet
  facet normal 8.510275e-01 3.788896e-01 3.635860e-01
    outer loop
      vertex   1.006680e+01 -2.921572e+00 3.478256e+01
      vertex   9.990902e+00 -3.025854e+00 3.506889e+01
      vertex   1.021062e+01 -3.186498e+00 3.472201e+01
    endloop
  endfacet
  facet normal 8.510275e-01 3.788896e-01 3.635860e-01
    outer loop
      vertex   1.021062e+01 -3.186498e+00 3.472201e+01
      vertex   9.990902e+00 -3.025854e+00 3.506889e+01
      vertex   1.013663e+01 -3.294296e+00 3.500753e+01
    endloop
  endfacet
  facet normal 8.784465e-01 3.249613e-01 3.503313e-01
    outer loop
      vertex   1.021062e+01 -3.186498e+00 3.472201e+01
      vertex   1.013663e+01 -3.294296e+00 3.500753e+01
      vertex   1.033891e+01 -3.456757e+00 3.465102e+01
    endloop
  endfacet
  facet normal 8.784465e-01 3.249613e-01 3.503313e-01
    outer loop
      vertex   1.033891e+01 -3.456757e+00 3.465102e+01
      vertex   1.013663e+01 -3.294296e+00 3.500753e+01
      vertex   1.026662e+01 -3.568141e+00 3.493560e+01
    endloop
  endfacet
  facet normal 9.026797e-01 2.700758e-01 3.350051e-01
    outer loop
      vertex   1.033891e+01 -3.456757e+00 3.465102e+01
      vertex   1.026662e+01 -3.568141e+00 3.493560e+01
      vertex   1.038031e+01 -3.846207e+00 3.485342e+01
    endloop
  endfacet
  facet normal 8.866058e-01 2.469245e-01 3.910990e-01
    outer loop
      vertex   1.038031e+01 -3.846207e+00 3.485342e+01
      vertex   1.026662e+01 -3.568141e+00 3.493560e+01
      vertex   1.029164e+01 -3.965770e+00 3.512993e+01
    endloop
  endfacet
  facet normal 9.077969e-01 1.906622e-01 3.735675e-01
    outer loop
      vertex   1.038031e+01 -3.846207e+00 3.485342e+01
      vertex   1.029164e+01 -3.965770e+00 3.512993e+01
      vertex   1.038958e+01 -4.249796e+00 3.503689e+01
    endloop
  endfacet
  facet normal 8.883802e-01 1.661374e-01 4.279942e-01
    outer loop
      vertex   1.038958e+01 -4.249796e+00 3.503689e+01
      vertex   1.029164e+01 -3.965770e+00 3.512993e+01
      vertex   1.028389e+01 -4.374909e+00 3.530484e+01
    endloop
  endfacet
  facet normal 9.063018e-01 1.089309e-01 4.083517e-01
    outer loop
      vertex   1.038958e+01 -4.249796e+00 3.503689e+01
      vertex   1.028389e+01 -4.374909e+00 3.530484e+01
      vertex   1.047022e+01 -4.535803e+00 3.493421e+01
    endloop
  endfacet
  facet normal 9.063018e-01 1.089309e-01 4.083517e-01
    outer loop
      vertex   1.047022e+01 -4.535803e+00 3.493421e+01
      vertex   1.028389e+01 -4.374909e+00 3.530484e+01
      vertex   1.036494e+01 -4.662383e+00 3.520163e+01
    endloop
  endfacet
  facet normal 9.207231e-01 5.143114e-02 3.868125e-01
    outer loop
      vertex   1.047022e+01 -4.535803e+00 3.493421e+01
      vertex   1.036494e+01 -4.662383e+00 3.520163e+01
      vertex   1.053328e+01 -4.822752e+00 3.482226e+01
    endloop
  endfacet
  facet normal 9.207231e-01 5.143114e-02 3.868125e-01
    outer loop
      vertex   1.053328e+01 -4.822752e+00 3.482226e+01
      vertex   1.036494e+01 -4.662383e+00 3.520163e+01
      vertex   1.042832e+01 -4.950802e+00 3.508911e+01
    endloop
  endfacet
  facet normal 6.517912e-01 6.075077e-01 4.539853e-01
    outer loop
      vertex   9.048668e+00 -1.801332e+00 3.521003e+01
      vertex   8.947808e+00 -1.902192e+00 3.548981e+01
      vertex   9.263165e+00 -2.027210e+00 3.520434e+01
    endloop
  endfacet
  facet normal 6.517912e-01 6.075077e-01 4.539853e-01
    outer loop
      vertex   9.263165e+00 -2.027210e+00 3.520434e+01
      vertex   8.947808e+00 -1.902192e+00 3.548981e+01
      vertex   9.164268e+00 -2.130139e+00 3.548406e+01
    endloop
  endfacet
  facet normal 6.936991e-01 5.610259e-01 4.516984e-01
    outer loop
      vertex   9.263165e+00 -2.027210e+00 3.520434e+01
      vertex   9.164268e+00 -2.130139e+00 3.548406e+01
      vertex   9.465420e+00 -2.263567e+00 3.518729e+01
    endloop
  endfacet
  facet normal 6.936991e-01 5.610259e-01 4.516984e-01
    outer loop
      vertex   9.465420e+00 -2.263567e+00 3.518729e+01
      vertex   9.164268e+00 -2.130139e+00 3.548406e+01
      vertex   9.368374e+00 -2.368659e+00 3.546686e+01
    endloop
  endfacet
  facet normal 7.330637e-01 5.125320e-01 4.471338e-01
    outer loop
      vertex   9.465420e+00 -2.263567e+00 3.518729e+01
      vertex   9.368374e+00 -2.368659e+00 3.546686e+01
      vertex   9.654624e+00 -2.509455e+00 3.515895e+01
    endloop
  endfacet
  facet normal 7.330637e-01 5.125320e-01 4.471338e-01
    outer loop
      vertex   9.654624e+00 -2.509455e+00 3.515895e+01
      vertex   9.368374e+00 -2.368659e+00 3.546686e+01
      vertex   9.559310e+00 -2.616798e+00 3.543826e+01
    endloop
  endfacet
  facet normal 7.697272e-01 4.622201e-01 4.403096e-01
    outer loop
      vertex   9.654624e+00 -2.509455e+00 3.515895e+01
      vertex   9.559310e+00 -2.616798e+00 3.543826e+01
      vertex   9.830018e+00 -2.763891e+00 3.511943e+01
    endloop
  endfacet
  facet normal 7.697272e-01 4.622201e-01 4.403096e-01
    outer loop
      vertex   9.830018e+00 -2.763891e+00 3.511943e+01
      vertex   9.559310e+00 -2.616798e+00 3.543826e+01
      vertex   9.736310e+00 -2.873562e+00 3.539837e+01
    endloop
  endfacet
  facet normal 8.035429e-01 4.102919e-01 4.312533e-01
    outer loop
      vertex   9.830018e+00 -2.763891e+00 3.511943e+01
      vertex   9.736310e+00 -2.873562e+00 3.539837e+01
      vertex   9.990902e+00 -3.025854e+00 3.506889e+01
    endloop
  endfacet
  facet normal 8.035429e-01 4.102919e-01 4.312533e-01
    outer loop
      vertex   9.990902e+00 -3.025854e+00 3.506889e+01
      vertex   9.736310e+00 -2.873562e+00 3.539837e+01
      vertex   9.898666e+00 -3.137923e+00 3.534737e+01
    endloop
  endfacet
  facet normal 8.343753e-01 3.569551e-01 4.200011e-01
    outer loop
      vertex   9.990902e+00 -3.025854e+00 3.506889e+01
      vertex   9.898666e+00 -3.137923e+00 3.534737e+01
      vertex   1.013663e+01 -3.294296e+00 3.500753e+01
    endloop
  endfacet
  facet normal 8.343753e-01 3.569551e-01 4.200011e-01
    outer loop
      vertex   1.013663e+01 -3.294296e+00 3.500753e+01
      vertex   9.898666e+00 -3.137923e+00 3.534737e+01
      vertex   1.004573e+01 -3.408822e+00 3.528545e+01
    endloop
  endfacet
  facet normal 8.621010e-01 3.024233e-01 4.065981e-01
    outer loop
      vertex   1.013663e+01 -3.294296e+00 3.500753e+01
      vertex   1.004573e+01 -3.408822e+00 3.528545e+01
      vertex   1.026662e+01 -3.568141e+00 3.493560e+01
    endloop
  endfacet
  facet normal 8.621010e-01 3.024233e-01 4.065981e-01
    outer loop
      vertex   1.026662e+01 -3.568141e+00 3.493560e+01
      vertex   1.004573e+01 -3.408822e+00 3.528545e+01
      vertex   1.017691e+01 -3.685174e+00 3.521287e+01
    endloop
  endfacet
  facet normal 8.866048e-01 2.469253e-01 3.911009e-01
    outer loop
      vertex   1.026662e+01 -3.568141e+00 3.493560e+01
      vertex   1.017691e+01 -3.685174e+00 3.521287e+01
      vertex   1.029164e+01 -3.965770e+00 3.512993e+01
    endloop
  endfacet
  facet normal 8.670372e-01 2.228012e-01 4.456525e-01
    outer loop
      vertex   1.029164e+01 -3.965770e+00 3.512993e+01
      vertex   1.017691e+01 -3.685174e+00 3.521287e+01
      vertex   1.018544e+01 -4.089413e+00 3.539836e+01
    endloop
  endfacet
  facet normal 8.883791e-01 1.661382e-01 4.279961e-01
    outer loop
      vertex   1.029164e+01 -3.965770e+00 3.512993e+01
      vertex   1.018544e+01 -4.089413e+00 3.539836e+01
      vertex   1.028389e+01 -4.374909e+00 3.530484e+01
    endloop
  endfacet
  facet normal 8.654617e-01 1.409589e-01 4.807355e-01
    outer loop
      vertex   1.028389e+01 -4.374909e+00 3.530484e+01
      vertex   1.018544e+01 -4.089413e+00 3.539836e+01
      vertex   1.016071e+01 -4.502488e+00 3.556401e+01
    endloop
  endfacet
  facet normal 8.834399e-01 8.357182e-02 4.610311e-01
    outer loop
      vertex   1.028389e+01 -4.374909e+00 3.530484e+01
      vertex   1.016071e+01 -4.502488e+00 3.556401e+01
      vertex   1.036494e+01 -4.662383e+00 3.520163e+01
    endloop
  endfacet
  facet normal 6.305504e-01 5.859515e-01 5.089863e-01
    outer loop
      vertex   8.947808e+00 -1.902192e+00 3.548981e+01
      vertex   8.834727e+00 -2.015273e+00 3.576008e+01
      vertex   9.164268e+00 -2.130139e+00 3.548406e+01
    endloop
  endfacet
  facet normal 6.305504e-01 5.859515e-01 5.089863e-01
    outer loop
      vertex   9.164268e+00 -2.130139e+00 3.548406e+01
      vertex   8.834727e+00 -2.015273e+00 3.576008e+01
      vertex   9.052296e+00 -2.244388e+00 3.575430e+01
    endloop
  endfacet
  facet normal 6.727569e-01 5.391386e-01 5.066831e-01
    outer loop
      vertex   9.164268e+00 -2.130139e+00 3.548406e+01
      vertex   9.052296e+00 -2.244388e+00 3.575430e+01
      vertex   9.368374e+00 -2.368659e+00 3.546686e+01
    endloop
  endfacet
  facet normal 6.727569e-01 5.391386e-01 5.066831e-01
    outer loop
      vertex   9.368374e+00 -2.368659e+00 3.546686e+01
      vertex   9.052296e+00 -2.244388e+00 3.575430e+01
      vertex   9.257449e+00 -2.484131e+00 3.573701e+01
    endloop
  endfacet
  facet normal 7.124019e-01 4.902992e-01 5.020859e-01
    outer loop
      vertex   9.368374e+00 -2.368659e+00 3.546686e+01
      vertex   9.257449e+00 -2.484131e+00 3.573701e+01
      vertex   9.559310e+00 -2.616798e+00 3.543826e+01
    endloop
  endfacet
  facet normal 7.124019e-01 4.902992e-01 5.020859e-01
    outer loop
      vertex   9.559310e+00 -2.616798e+00 3.543826e+01
      vertex   9.257449e+00 -2.484131e+00 3.573701e+01
      vertex   9.449363e+00 -2.733541e+00 3.570826e+01
    endloop
  endfacet
  facet normal 7.493265e-01 4.396290e-01 4.952131e-01
    outer loop
      vertex   9.559310e+00 -2.616798e+00 3.543826e+01
      vertex   9.449363e+00 -2.733541e+00 3.570826e+01
      vertex   9.736310e+00 -2.873562e+00 3.539837e+01
    endloop
  endfacet
  facet normal 7.493265e-01 4.396290e-01 4.952131e-01
    outer loop
      vertex   9.736310e+00 -2.873562e+00 3.539837e+01
      vertex   9.449363e+00 -2.733541e+00 3.570826e+01
      vertex   9.627270e+00 -2.991621e+00 3.566817e+01
    endloop
  endfacet
  facet normal 7.833831e-01 3.873309e-01 4.860923e-01
    outer loop
      vertex   9.736310e+00 -2.873562e+00 3.539837e+01
      vertex   9.627270e+00 -2.991621e+00 3.566817e+01
      vertex   9.898666e+00 -3.137923e+00 3.534737e+01
    endloop
  endfacet
  facet normal 7.833831e-01 3.873309e-01 4.860923e-01
    outer loop
      vertex   9.898666e+00 -3.137923e+00 3.534737e+01
      vertex   9.627270e+00 -2.991621e+00 3.566817e+01
      vertex   9.790459e+00 -3.257337e+00 3.561691e+01
    endloop
  endfacet
  facet normal 8.144351e-01 3.336141e-01 4.747600e-01
    outer loop
      vertex   9.898666e+00 -3.137923e+00 3.534737e+01
      vertex   9.790459e+00 -3.257337e+00 3.561691e+01
      vertex   1.004573e+01 -3.408822e+00 3.528545e+01
    endloop
  endfacet
  facet normal 8.144351e-01 3.336141e-01 4.747600e-01
    outer loop
      vertex   1.004573e+01 -3.408822e+00 3.528545e+01
      vertex   9.790459e+00 -3.257337e+00 3.561691e+01
      vertex   9.938274e+00 -3.529625e+00 3.555467e+01
    endloop
  endfacet
  facet normal 8.423583e-01 2.786940e-01 4.612615e-01
    outer loop
      vertex   1.004573e+01 -3.408822e+00 3.528545e+01
      vertex   9.938274e+00 -3.529625e+00 3.555467e+01
      vertex   1.017691e+01 -3.685174e+00 3.521287e+01
    endloop
  endfacet
  facet normal 8.423583e-01 2.786940e-01 4.612615e-01
    outer loop
      vertex   1.017691e+01 -3.685174e+00 3.521287e+01
      vertex   9.938274e+00 -3.529625e+00 3.555467e+01
      vertex   1.007012e+01 -3.807394e+00 3.548172e+01
    endloop
  endfacet
  facet normal 8.670360e-01 2.228021e-01 4.456544e-01
    outer loop
      vertex   1.017691e+01 -3.685174e+00 3.521287e+01
      vertex   1.007012e+01 -3.807394e+00 3.548172e+01
      vertex   1.018544e+01 -4.089413e+00 3.539836e+01
    endloop
  endfacet
  facet normal 8.440518e-01 1.978003e-01 4.984492e-01
    outer loop
      vertex   1.018544e+01 -4.089413e+00 3.539836e+01
      vertex   1.007012e+01 -3.807394e+00 3.548172e+01
      vertex   1.006214e+01 -4.216648e+00 3.565765e+01
    endloop
  endfacet
  facet normal 8.654605e-01 1.409597e-01 4.807374e-01
    outer loop
      vertex   1.018544e+01 -4.089413e+00 3.539836e+01
      vertex   1.006214e+01 -4.216648e+00 3.565765e+01
      vertex   1.016071e+01 -4.502488e+00 3.556401e+01
    endloop
  endfacet
  facet normal 6.068250e-01 5.620863e-01 5.619808e-01
    outer loop
      vertex   8.834727e+00 -2.015273e+00 3.576008e+01
      vertex   8.709872e+00 -2.140128e+00 3.601977e+01
      vertex   9.052296e+00 -2.244388e+00 3.575430e+01
    endloop
  endfacet
  facet normal 6.068250e-01 5.620863e-01 5.619808e-01
    outer loop
      vertex   9.052296e+00 -2.244388e+00 3.575430e+01
      vertex   8.709872e+00 -2.140128e+00 3.601977e+01
      vertex   8.927692e+00 -2.369507e+00 3.601399e+01
    endloop
  endfacet
  facet normal 6.491636e-01 5.151268e-01 5.596704e-01
    outer loop
      vertex   9.052296e+00 -2.244388e+00 3.575430e+01
      vertex   8.927692e+00 -2.369507e+00 3.601399e+01
      vertex   9.257449e+00 -2.484131e+00 3.573701e+01
    endloop
  endfacet
  facet normal 6.491636e-01 5.151268e-01 5.596704e-01
    outer loop
      vertex   9.257449e+00 -2.484131e+00 3.573701e+01
      vertex   8.927692e+00 -2.369507e+00 3.601399e+01
      vertex   9.133082e+00 -2.609527e+00 3.599668e+01
    endloop
  endfacet
  facet normal 6.889327e-01 4.661345e-01 5.550588e-01
    outer loop
      vertex   9.257449e+00 -2.484131e+00 3.573701e+01
      vertex   9.133082e+00 -2.609527e+00 3.599668e+01
      vertex   9.449363e+00 -2.733541e+00 3.570826e+01
    endloop
  endfacet
  facet normal 6.889327e-01 4.661345e-01 5.550588e-01
    outer loop
      vertex   9.449363e+00 -2.733541e+00 3.570826e+01
      vertex   9.133082e+00 -2.609527e+00 3.599668e+01
      vertex   9.325218e+00 -2.859226e+00 3.596790e+01
    endloop
  endfacet
  facet normal 7.259730e-01 4.153056e-01 5.481646e-01
    outer loop
      vertex   9.449363e+00 -2.733541e+00 3.570826e+01
      vertex   9.325218e+00 -2.859226e+00 3.596790e+01
      vertex   9.627270e+00 -2.991621e+00 3.566817e+01
    endloop
  endfacet
  facet normal 7.259730e-01 4.153056e-01 5.481646e-01
    outer loop
      vertex   9.627270e+00 -2.991621e+00 3.566817e+01
      vertex   9.325218e+00 -2.859226e+00 3.596790e+01
      vertex   9.503330e+00 -3.117604e+00 3.592776e+01
    endloop
  endfacet
  facet normal 7.601362e-01 3.628437e-01 5.390152e-01
    outer loop
      vertex   9.627270e+00 -2.991621e+00 3.566817e+01
      vertex   9.503330e+00 -3.117604e+00 3.592776e+01
      vertex   9.790459e+00 -3.257337e+00 3.561691e+01
    endloop
  endfacet
  facet normal 7.601362e-01 3.628437e-01 5.390152e-01
    outer loop
      vertex   9.790459e+00 -3.257337e+00 3.561691e+01
      vertex   9.503330e+00 -3.117604e+00 3.592776e+01
      vertex   9.666707e+00 -3.383626e+00 3.587644e+01
    endloop
  endfacet
  facet normal 7.912855e-01 3.089587e-01 5.276473e-01
    outer loop
      vertex   9.790459e+00 -3.257337e+00 3.561691e+01
      vertex   9.666707e+00 -3.383626e+00 3.587644e+01
      vertex   9.938274e+00 -3.529625e+00 3.555467e+01
    endloop
  endfacet
  facet normal 7.912855e-01 3.089587e-01 5.276473e-01
    outer loop
      vertex   9.938274e+00 -3.529625e+00 3.555467e+01
      vertex   9.666707e+00 -3.383626e+00 3.587644e+01
      vertex   9.814693e+00 -3.656228e+00 3.581413e+01
    endloop
  endfacet
  facet normal 8.192962e-01 2.538666e-01 5.141066e-01
    outer loop
      vertex   9.938274e+00 -3.529625e+00 3.555467e+01
      vertex   9.814693e+00 -3.656228e+00 3.581413e+01
      vertex   1.007012e+01 -3.807394e+00 3.548172e+01
    endloop
  endfacet
  facet normal 8.192962e-01 2.538666e-01 5.141066e-01
    outer loop
      vertex   1.007012e+01 -3.807394e+00 3.548172e+01
      vertex   9.814693e+00 -3.656228e+00 3.581413e+01
      vertex   9.946696e+00 -3.934318e+00 3.574109e+01
    endloop
  endfacet
  facet normal 8.440506e-01 1.978011e-01 4.984510e-01
    outer loop
      vertex   1.007012e+01 -3.807394e+00 3.548172e+01
      vertex   9.946696e+00 -3.934318e+00 3.574109e+01
      vertex   1.006214e+01 -4.216648e+00 3.565765e+01
    endloop
  endfacet
  facet normal 5.807081e-01 5.360061e-01 6.127606e-01
    outer loop
      vertex   8.709872e+00 -2.140128e+00 3.601977e+01
      vertex   8.573735e+00 -2.276265e+00 3.626787e+01
      vertex   8.927692e+00 -2.369507e+00 3.601399e+01
    endloop
  endfacet
  facet normal 5.807081e-01 5.360061e-01 6.127606e-01
    outer loop
      vertex   8.927692e+00 -2.369507e+00 3.601399e+01
      vertex   8.573735e+00 -2.276265e+00 3.626787e+01
      vertex   8.790948e+00 -2.505004e+00 3.626211e+01
    endloop
  endfacet
  facet normal 6.230121e-01 4.890851e-01 6.104521e-01
    outer loop
      vertex   8.927692e+00 -2.369507e+00 3.601399e+01
      vertex   8.790948e+00 -2.505004e+00 3.626211e+01
      vertex   9.133082e+00 -2.609527e+00 3.599668e+01
    endloop
  endfacet
  facet normal 6.230121e-01 4.890851e-01 6.104521e-01
    outer loop
      vertex   9.133082e+00 -2.609527e+00 3.599668e+01
      vertex   8.790948e+00 -2.505004e+00 3.626211e+01
      vertex   8.995764e+00 -2.744353e+00 3.624484e+01
    endloop
  endfacet
  facet normal 6.627487e-01 4.401329e-01 6.058442e-01
    outer loop
      vertex   9.133082e+00 -2.609527e+00 3.599668e+01
      vertex   8.995764e+00 -2.744353e+00 3.624484e+01
      vertex   9.325218e+00 -2.859226e+00 3.596790e+01
    endloop
  endfacet
  facet normal 6.627487e-01 4.401329e-01 6.058442e-01
    outer loop
      vertex   9.325218e+00 -2.859226e+00 3.596790e+01
      vertex   8.995764e+00 -2.744353e+00 3.624484e+01
      vertex   9.187363e+00 -2.993355e+00 3.621614e+01
    endloop
  endfacet
  facet normal 6.997587e-01 3.893456e-01 5.989556e-01
    outer loop
      vertex   9.325218e+00 -2.859226e+00 3.596790e+01
      vertex   9.187363e+00 -2.993355e+00 3.621614e+01
      vertex   9.503330e+00 -3.117604e+00 3.592776e+01
    endloop
  endfacet
  facet normal 6.997587e-01 3.893456e-01 5.989556e-01
    outer loop
      vertex   9.503330e+00 -3.117604e+00 3.592776e+01
      vertex   9.187363e+00 -2.993355e+00 3.621614e+01
      vertex   9.364979e+00 -3.251012e+00 3.617612e+01
    endloop
  endfacet
  facet normal 7.338939e-01 3.369266e-01 5.898137e-01
    outer loop
      vertex   9.503330e+00 -3.117604e+00 3.592776e+01
      vertex   9.364979e+00 -3.251012e+00 3.617612e+01
      vertex   9.666707e+00 -3.383626e+00 3.587644e+01
    endloop
  endfacet
  facet normal 7.338939e-01 3.369266e-01 5.898137e-01
    outer loop
      vertex   9.666707e+00 -3.383626e+00 3.587644e+01
      vertex   9.364979e+00 -3.251012e+00 3.617612e+01
      vertex   9.527899e+00 -3.516292e+00 3.612494e+01
    endloop
  endfacet
  facet normal 7.650177e-01 2.830858e-01 5.784552e-01
    outer loop
      vertex   9.666707e+00 -3.383626e+00 3.587644e+01
      vertex   9.527899e+00 -3.516292e+00 3.612494e+01
      vertex   9.814693e+00 -3.656228e+00 3.581413e+01
    endloop
  endfacet
  facet normal 7.650177e-01 2.830858e-01 5.784552e-01
    outer loop
      vertex   9.814693e+00 -3.656228e+00 3.581413e+01
      vertex   9.527899e+00 -3.516292e+00 3.612494e+01
      vertex   9.675472e+00 -3.788133e+00 3.606281e+01
    endloop
  endfacet
  facet normal 7.930054e-01 2.280387e-01 5.649255e-01
    outer loop
      vertex   9.814693e+00 -3.656228e+00 3.581413e+01
      vertex   9.675472e+00 -3.788133e+00 3.606281e+01
      vertex   9.946696e+00 -3.934318e+00 3.574109e+01
    endloop
  endfacet
  facet normal 5.523026e-01 5.078134e-01 6.611258e-01
    outer loop
      vertex   8.573735e+00 -2.276265e+00 3.626787e+01
      vertex   8.426854e+00 -2.423146e+00 3.650340e+01
      vertex   8.790948e+00 -2.505004e+00 3.626211e+01
    endloop
  endfacet
  facet normal 5.523026e-01 5.078134e-01 6.611258e-01
    outer loop
      vertex   8.790948e+00 -2.505004e+00 3.626211e+01
      vertex   8.426854e+00 -2.423146e+00 3.650340e+01
      vertex   8.642602e+00 -2.650342e+00 3.649767e+01
    endloop
  endfacet
  facet normal 5.944053e-01 4.611158e-01 6.588282e-01
    outer loop
      vertex   8.790948e+00 -2.505004e+00 3.626211e+01
      vertex   8.642602e+00 -2.650342e+00 3.649767e+01
      vertex   8.995764e+00 -2.744353e+00 3.624484e+01
    endloop
  endfacet
  facet normal 5.944053e-01 4.611158e-01 6.588282e-01
    outer loop
      vertex   8.995764e+00 -2.744353e+00 3.624484e+01
      vertex   8.642602e+00 -2.650342e+00 3.649767e+01
      vertex   8.846036e+00 -2.888077e+00 3.648052e+01
    endloop
  endfacet
  facet normal 6.339526e-01 4.123966e-01 6.542424e-01
    outer loop
      vertex   8.995764e+00 -2.744353e+00 3.624484e+01
      vertex   8.846036e+00 -2.888077e+00 3.648052e+01
      vertex   9.187363e+00 -2.993355e+00 3.621614e+01
    endloop
  endfacet
  facet normal 6.339526e-01 4.123966e-01 6.542424e-01
    outer loop
      vertex   9.187363e+00 -2.993355e+00 3.621614e+01
      vertex   8.846036e+00 -2.888077e+00 3.648052e+01
      vertex   9.036344e+00 -3.135400e+00 3.645201e+01
    endloop
  endfacet
  facet normal 6.707865e-01 3.618511e-01 6.473865e-01
    outer loop
      vertex   9.187363e+00 -2.993355e+00 3.621614e+01
      vertex   9.036344e+00 -3.135400e+00 3.645201e+01
      vertex   9.364979e+00 -3.251012e+00 3.617612e+01
    endloop
  endfacet
  facet normal 6.707865e-01 3.618511e-01 6.473865e-01
    outer loop
      vertex   9.364979e+00 -3.251012e+00 3.617612e+01
      vertex   9.036344e+00 -3.135400e+00 3.645201e+01
      vertex   9.212761e+00 -3.391319e+00 3.641226e+01
    endloop
  endfacet
  facet normal 7.047592e-01 3.096816e-01 6.382882e-01
    outer loop
      vertex   9.364979e+00 -3.251012e+00 3.617612e+01
      vertex   9.212761e+00 -3.391319e+00 3.641226e+01
      vertex   9.527899e+00 -3.516292e+00 3.612494e+01
    endloop
  endfacet
  facet normal 7.047592e-01 3.096816e-01 6.382882e-01
    outer loop
      vertex   9.527899e+00 -3.516292e+00 3.612494e+01
      vertex   9.212761e+00 -3.391319e+00 3.641226e+01
      vertex   9.374583e+00 -3.654810e+00 3.636143e+01
    endloop
  endfacet
  facet normal 7.357348e-01 2.560971e-01 6.269837e-01
    outer loop
      vertex   9.527899e+00 -3.516292e+00 3.612494e+01
      vertex   9.374583e+00 -3.654810e+00 3.636143e+01
      vertex   9.675472e+00 -3.788133e+00 3.606281e+01
    endloop
  endfacet
  facet normal 5.217202e-01 4.776191e-01 7.068862e-01
    outer loop
      vertex   8.426854e+00 -2.423146e+00 3.650340e+01
      vertex   8.269808e+00 -2.580192e+00 3.672542e+01
      vertex   8.642602e+00 -2.650342e+00 3.649767e+01
    endloop
  endfacet
  facet normal 5.217202e-01 4.776191e-01 7.068862e-01
    outer loop
      vertex   8.642602e+00 -2.650342e+00 3.649767e+01
      vertex   8.269808e+00 -2.580192e+00 3.672542e+01
      vertex   8.483239e+00 -2.804950e+00 3.671975e+01
    endloop
  endfacet
  facet normal 5.634555e-01 4.313288e-01 7.046087e-01
    outer loop
      vertex   8.642602e+00 -2.650342e+00 3.649767e+01
      vertex   8.483239e+00 -2.804950e+00 3.671975e+01
      vertex   8.846036e+00 -2.888077e+00 3.648052e+01
    endloop
  endfacet
  facet normal 5.634555e-01 4.313288e-01 7.046087e-01
    outer loop
      vertex   8.846036e+00 -2.888077e+00 3.648052e+01
      vertex   8.483239e+00 -2.804950e+00 3.671975e+01
      vertex   8.684490e+00 -3.040133e+00 3.670279e+01
    endloop
  endfacet
  facet normal 6.026579e-01 3.830347e-01 7.000628e-01
    outer loop
      vertex   8.846036e+00 -2.888077e+00 3.648052e+01
      vertex   8.684490e+00 -3.040133e+00 3.670279e+01
      vertex   9.036344e+00 -3.135400e+00 3.645201e+01
    endloop
  endfacet
  facet normal 6.026579e-01 3.830347e-01 7.000628e-01
    outer loop
      vertex   9.036344e+00 -3.135400e+00 3.645201e+01
      vertex   8.684490e+00 -3.040133e+00 3.670279e+01
      vertex   8.872755e+00 -3.284800e+00 3.667459e+01
    endloop
  endfacet
  facet normal 6.391703e-01 3.329302e-01 6.932668e-01
    outer loop
      vertex   9.036344e+00 -3.135400e+00 3.645201e+01
      vertex   8.872755e+00 -3.284800e+00 3.667459e+01
      vertex   9.212761e+00 -3.391319e+00 3.641226e+01
    endloop
  endfacet
  facet normal 6.391703e-01 3.329302e-01 6.932668e-01
    outer loop
      vertex   9.212761e+00 -3.391319e+00 3.641226e+01
      vertex   8.872755e+00 -3.284800e+00 3.667459e+01
      vertex   9.047279e+00 -3.537972e+00 3.663526e+01
    endloop
  endfacet
  facet normal 6.728467e-01 2.812158e-01 6.842478e-01
    outer loop
      vertex   9.212761e+00 -3.391319e+00 3.641226e+01
      vertex   9.047279e+00 -3.537972e+00 3.663526e+01
      vertex   9.374583e+00 -3.654810e+00 3.636143e+01
    endloop
  endfacet
  facet normal 4.890809e-01 4.455418e-01 7.498616e-01
    outer loop
      vertex   8.269808e+00 -2.580192e+00 3.672542e+01
      vertex   8.103216e+00 -2.746784e+00 3.693306e+01
      vertex   8.483239e+00 -2.804950e+00 3.671975e+01
    endloop
  endfacet
  facet normal 4.890809e-01 4.455418e-01 7.498616e-01
    outer loop
      vertex   8.483239e+00 -2.804950e+00 3.671975e+01
      vertex   8.103216e+00 -2.746784e+00 3.693306e+01
      vertex   8.313489e+00 -2.968216e+00 3.692748e+01
    endloop
  endfacet
  facet normal 5.302844e-01 3.998413e-01 7.476131e-01
    outer loop
      vertex   8.483239e+00 -2.804950e+00 3.671975e+01
      vertex   8.313489e+00 -2.968216e+00 3.692748e+01
      vertex   8.684490e+00 -3.040133e+00 3.670279e+01
    endloop
  endfacet
  facet normal 5.302844e-01 3.998413e-01 7.476131e-01
    outer loop
      vertex   8.684490e+00 -3.040133e+00 3.670279e+01
      vertex   8.313489e+00 -2.968216e+00 3.692748e+01
      vertex   8.511763e+00 -3.199920e+00 3.691076e+01
    endloop
  endfacet
  facet normal 5.689873e-01 3.521626e-01 7.431251e-01
    outer loop
      vertex   8.684490e+00 -3.040133e+00 3.670279e+01
      vertex   8.511763e+00 -3.199920e+00 3.691076e+01
      vertex   8.872755e+00 -3.284800e+00 3.667459e+01
    endloop
  endfacet
  facet normal 5.689873e-01 3.521626e-01 7.431251e-01
    outer loop
      vertex   8.872755e+00 -3.284800e+00 3.667459e+01
      vertex   8.511763e+00 -3.199920e+00 3.691076e+01
      vertex   8.697241e+00 -3.440967e+00 3.688298e+01
    endloop
  endfacet
  facet normal 6.050345e-01 3.026965e-01 7.364157e-01
    outer loop
      vertex   8.872755e+00 -3.284800e+00 3.667459e+01
      vertex   8.697241e+00 -3.440967e+00 3.688298e+01
      vertex   9.047279e+00 -3.537972e+00 3.663526e+01
    endloop
  endfacet
  facet normal 4.545131e-01 4.117075e-01 7.898827e-01
    outer loop
      vertex   8.103216e+00 -2.746784e+00 3.693306e+01
      vertex   7.927736e+00 -2.922264e+00 3.712550e+01
      vertex   8.313489e+00 -2.968216e+00 3.692748e+01
    endloop
  endfacet
  facet normal 4.545131e-01 4.117075e-01 7.898827e-01
    outer loop
      vertex   8.313489e+00 -2.968216e+00 3.692748e+01
      vertex   7.927736e+00 -2.922264e+00 3.712550e+01
      vertex   8.134022e+00 -3.139497e+00 3.712002e+01
    endloop
  endfacet
  facet normal 4.950224e-01 3.667771e-01 7.876721e-01
    outer loop
      vertex   8.313489e+00 -2.968216e+00 3.692748e+01
      vertex   8.134022e+00 -3.139497e+00 3.712002e+01
      vertex   8.511763e+00 -3.199920e+00 3.691076e+01
    endloop
  endfacet
  facet normal 4.950224e-01 3.667771e-01 7.876721e-01
    outer loop
      vertex   8.511763e+00 -3.199920e+00 3.691076e+01
      vertex   8.134022e+00 -3.139497e+00 3.712002e+01
      vertex   8.328535e+00 -3.366807e+00 3.710362e+01
    endloop
  endfacet
  facet normal 5.330732e-01 3.199017e-01 7.832598e-01
    outer loop
      vertex   8.511763e+00 -3.199920e+00 3.691076e+01
      vertex   8.328535e+00 -3.366807e+00 3.710362e+01
      vertex   8.697241e+00 -3.440967e+00 3.688298e+01
    endloop
  endfacet
  facet normal 4.181526e-01 3.762493e-01 8.267919e-01
    outer loop
      vertex   7.927736e+00 -2.922264e+00 3.712550e+01
      vertex   7.744059e+00 -3.105941e+00 3.730198e+01
      vertex   8.134022e+00 -3.139497e+00 3.712002e+01
    endloop
  endfacet
  facet normal 4.181526e-01 3.762493e-01 8.267919e-01
    outer loop
      vertex   8.134022e+00 -3.139497e+00 3.712002e+01
      vertex   7.744059e+00 -3.105941e+00 3.730198e+01
      vertex   7.945544e+00 -3.318118e+00 3.729663e+01
    endloop
  endfacet
  facet normal 4.578080e-01 3.322660e-01 8.246279e-01
    outer loop
      vertex   8.134022e+00 -3.139497e+00 3.712002e+01
      vertex   7.945544e+00 -3.318118e+00 3.729663e+01
      vertex   8.328535e+00 -3.366807e+00 3.710362e+01
    endloop
  endfacet
  facet normal 3.801422e-01 3.393065e-01 8.604435e-01
    outer loop
      vertex   7.744059e+00 -3.105941e+00 3.730198e+01
      vertex   7.552911e+00 -3.297089e+00 3.746180e+01
      vertex   7.945544e+00 -3.318118e+00 3.729663e+01
    endloop
  endfacet
  facet normal 2.577356e-01 2.210488e-01 9.405901e-01
    outer loop
      vertex   7.151242e+00 -3.698758e+00 3.772904e+01
      vertex   6.942305e+00 -3.907695e+00 3.783539e+01
      vertex   7.333645e+00 -3.890842e+00 3.772420e+01
    endloop
  endfacet
  facet normal 2.577356e-01 2.210488e-01 9.405901e-01
    outer loop
      vertex   7.333645e+00 -3.890842e+00 3.772420e+01
      vertex   6.942305e+00 -3.907695e+00 3.783539e+01
      vertex   7.116873e+00 -4.091526e+00 3.783076e+01
    endloop
  endfacet
  facet normal 2.924544e-01 1.825409e-01 9.386955e-01
    outer loop
      vertex   7.333645e+00 -3.890842e+00 3.772420e+01
      vertex   7.116873e+00 -4.091526e+00 3.783076e+01
      vertex   7.505639e+00 -4.091835e+00 3.770970e+01
    endloop
  endfacet
  facet normal 2.924544e-01 1.825409e-01 9.386955e-01
    outer loop
      vertex   7.505639e+00 -4.091835e+00 3.770970e+01
      vertex   7.116873e+00 -4.091526e+00 3.783076e+01
      vertex   7.281479e+00 -4.283885e+00 3.781688e+01
    endloop
  endfacet
  facet normal 3.250660e-01 1.423660e-01 9.349139e-01
    outer loop
      vertex   7.505639e+00 -4.091835e+00 3.770970e+01
      vertex   7.281479e+00 -4.283885e+00 3.781688e+01
      vertex   7.666535e+00 -4.300934e+00 3.768560e+01
    endloop
  endfacet
  facet normal 3.250660e-01 1.423660e-01 9.349139e-01
    outer loop
      vertex   7.666535e+00 -4.300934e+00 3.768560e+01
      vertex   7.281479e+00 -4.283885e+00 3.781688e+01
      vertex   7.435462e+00 -4.484001e+00 3.779382e+01
    endloop
  endfacet
  facet normal 3.554400e-01 1.006850e-01 9.292604e-01
    outer loop
      vertex   7.666535e+00 -4.300934e+00 3.768560e+01
      vertex   7.435462e+00 -4.484001e+00 3.779382e+01
      vertex   7.815687e+00 -4.517301e+00 3.765199e+01
    endloop
  endfacet
  facet normal 2.210488e-01 2.577356e-01 9.405901e-01
    outer loop
      vertex   6.942305e+00 -3.907695e+00 3.783539e+01
      vertex   7.151242e+00 -3.698758e+00 3.772904e+01
      vertex   6.758474e+00 -3.733127e+00 3.783076e+01
    endloop
  endfacet
  facet normal 5.193298e-02 8.109850e-02 9.953522e-01
    outer loop
      vertex   5.928008e+00 -4.641364e+00 3.806651e+01
      vertex   6.071949e+00 -4.778051e+00 3.807014e+01
      vertex   6.293022e+00 -4.556978e+00 3.804059e+01
    endloop
  endfacet
  facet normal 8.109850e-02 5.193298e-02 9.953522e-01
    outer loop
      vertex   6.293022e+00 -4.556978e+00 3.804059e+01
      vertex   6.071949e+00 -4.778051e+00 3.807014e+01
      vertex   6.440088e+00 -4.711848e+00 3.803669e+01
    endloop
  endfacet
  facet normal 2.997757e-01 2.615533e-01 9.174554e-01
    outer loop
      vertex   7.151242e+00 -3.698758e+00 3.772904e+01
      vertex   7.333645e+00 -3.890842e+00 3.772420e+01
      vertex   7.544565e+00 -3.694533e+00 3.759931e+01
    endloop
  endfacet
  facet normal 3.359477e-01 2.214336e-01 9.154815e-01
    outer loop
      vertex   7.544565e+00 -3.694533e+00 3.759931e+01
      vertex   7.333645e+00 -3.890842e+00 3.772420e+01
      vertex   7.723269e+00 -3.903368e+00 3.758425e+01
    endloop
  endfacet
  facet normal 3.781140e-01 2.594511e-01 8.886591e-01
    outer loop
      vertex   7.544565e+00 -3.694533e+00 3.759931e+01
      vertex   7.723269e+00 -3.903368e+00 3.758425e+01
      vertex   7.933509e+00 -3.719226e+00 3.744103e+01
    endloop
  endfacet
  facet normal 4.133216e-01 2.160781e-01 8.845765e-01
    outer loop
      vertex   7.933509e+00 -3.719226e+00 3.744103e+01
      vertex   7.723269e+00 -3.903368e+00 3.758425e+01
      vertex   8.106299e+00 -3.943784e+00 3.741515e+01
    endloop
  endfacet
  facet normal 4.550871e-01 2.517254e-01 8.541253e-01
    outer loop
      vertex   7.933509e+00 -3.719226e+00 3.744103e+01
      vertex   8.106299e+00 -3.943784e+00 3.741515e+01
      vertex   8.313256e+00 -3.771110e+00 3.725399e+01
    endloop
  endfacet
  facet normal 4.888961e-01 2.053307e-01 8.478325e-01
    outer loop
      vertex   8.313256e+00 -3.771110e+00 3.725399e+01
      vertex   8.106299e+00 -3.943784e+00 3.741515e+01
      vertex   8.478012e+00 -4.010111e+00 3.721687e+01
    endloop
  endfacet
  facet normal 5.297495e-01 2.387711e-01 8.138512e-01
    outer loop
      vertex   8.313256e+00 -3.771110e+00 3.725399e+01
      vertex   8.478012e+00 -4.010111e+00 3.721687e+01
      vertex   8.679178e+00 -3.847979e+00 3.703836e+01
    endloop
  endfacet
  facet normal 5.617475e-01 1.896340e-01 8.052817e-01
    outer loop
      vertex   8.679178e+00 -3.847979e+00 3.703836e+01
      vertex   8.478012e+00 -4.010111e+00 3.721687e+01
      vertex   8.833903e+00 -4.099915e+00 3.698975e+01
    endloop
  endfacet
  facet normal 6.012001e-01 2.210738e-01 7.679094e-01
    outer loop
      vertex   8.679178e+00 -3.847979e+00 3.703836e+01
      vertex   8.833903e+00 -4.099915e+00 3.698975e+01
      vertex   9.026899e+00 -3.947198e+00 3.679469e+01
    endloop
  endfacet
  facet normal 6.310035e-01 1.695171e-01 7.570327e-01
    outer loop
      vertex   9.026899e+00 -3.947198e+00 3.679469e+01
      vertex   8.833903e+00 -4.099915e+00 3.698975e+01
      vertex   9.169758e+00 -4.210355e+00 3.673454e+01
    endloop
  endfacet
  facet normal 6.685958e-01 1.992009e-01 7.164486e-01
    outer loop
      vertex   9.026899e+00 -3.947198e+00 3.679469e+01
      vertex   9.169758e+00 -4.210355e+00 3.673454e+01
      vertex   9.352368e+00 -4.065744e+00 3.652392e+01
    endloop
  endfacet
  facet normal 6.958555e-01 1.455859e-01 7.032709e-01
    outer loop
      vertex   9.352368e+00 -4.065744e+00 3.652392e+01
      vertex   9.169758e+00 -4.210355e+00 3.673454e+01
      vertex   9.481711e+00 -4.338230e+00 3.645235e+01
    endloop
  endfacet
  facet normal 7.311635e-01 1.737917e-01 6.596941e-01
    outer loop
      vertex   9.352368e+00 -4.065744e+00 3.652392e+01
      vertex   9.481711e+00 -4.338230e+00 3.645235e+01
      vertex   9.651908e+00 -4.200261e+00 3.622737e+01
    endloop
  endfacet
  facet normal 3.359477e-01 2.214336e-01 9.154815e-01
    outer loop
      vertex   7.723269e+00 -3.903368e+00 3.758425e+01
      vertex   7.333645e+00 -3.890842e+00 3.772420e+01
      vertex   7.505639e+00 -4.091835e+00 3.770970e+01
    endloop
  endfacet
  facet normal 7.103863e-01 6.690872e-01 2.183429e-01
    outer loop
      vertex   9.274201e+00 -1.575799e+00 3.432487e+01
      vertex   9.477778e+00 -1.790179e+00 3.431947e+01
      vertex   9.521015e+00 -1.736126e+00 3.401315e+01
    endloop
  endfacet
  facet normal 7.494698e-01 6.257381e-01 2.162101e-01
    outer loop
      vertex   9.521015e+00 -1.736126e+00 3.401315e+01
      vertex   9.477778e+00 -1.790179e+00 3.431947e+01
      vertex   9.708006e+00 -1.954645e+00 3.399739e+01
    endloop
  endfacet
  facet normal 7.561371e-01 6.358874e-01 1.546087e-01
    outer loop
      vertex   9.521015e+00 -1.736126e+00 3.401315e+01
      vertex   9.708006e+00 -1.954645e+00 3.399739e+01
      vertex   9.731057e+00 -1.906800e+00 3.368787e+01
    endloop
  endfacet
  facet normal 7.918156e-01 5.919345e-01 1.504714e-01
    outer loop
      vertex   9.731057e+00 -1.906800e+00 3.368787e+01
      vertex   9.708006e+00 -1.954645e+00 3.399739e+01
      vertex   9.900645e+00 -2.127196e+00 3.366247e+01
    endloop
  endfacet
  facet normal 7.943283e-01 6.010234e-01 8.839352e-02
    outer loop
      vertex   9.731057e+00 -1.906800e+00 3.368787e+01
      vertex   9.900645e+00 -2.127196e+00 3.366247e+01
      vertex   9.902379e+00 -2.083747e+00 3.335146e+01
    endloop
  endfacet
  facet normal 8.264654e-01 5.569231e-01 8.241188e-02
    outer loop
      vertex   9.902379e+00 -2.083747e+00 3.335146e+01
      vertex   9.900645e+00 -2.127196e+00 3.366247e+01
      vertex   1.005402e+01 -2.303726e+00 3.331729e+01
    endloop
  endfacet
  facet normal 7.494698e-01 6.257381e-01 2.162101e-01
    outer loop
      vertex   9.708006e+00 -1.954645e+00 3.399739e+01
      vertex   9.477778e+00 -1.790179e+00 3.431947e+01
      vertex   9.669737e+00 -2.014504e+00 3.430328e+01
    endloop
  endfacet
  facet normal 2.316774e-01 6.640163e-02 9.705238e-01
    outer loop
      vertex   6.955490e+00 -4.855512e+00 3.795412e+01
      vertex   7.198135e+00 -4.669104e+00 3.788344e+01
      vertex   6.817123e+00 -4.675691e+00 3.797484e+01
    endloop
  endfacet
  facet normal 3.699243e-01 1.795771e-01 9.115416e-01
    outer loop
      vertex   7.723269e+00 -3.903368e+00 3.758425e+01
      vertex   7.505639e+00 -4.091835e+00 3.770970e+01
      vertex   7.890442e+00 -4.120625e+00 3.755921e+01
    endloop
  endfacet
  facet normal 3.699243e-01 1.795771e-01 9.115416e-01
    outer loop
      vertex   7.890442e+00 -4.120625e+00 3.755921e+01
      vertex   7.505639e+00 -4.091835e+00 3.770970e+01
      vertex   7.666535e+00 -4.300934e+00 3.768560e+01
    endloop
  endfacet
  facet normal 4.015697e-01 1.361515e-01 9.056515e-01
    outer loop
      vertex   7.890442e+00 -4.120625e+00 3.755921e+01
      vertex   7.666535e+00 -4.300934e+00 3.768560e+01
      vertex   8.045413e+00 -4.345433e+00 3.752429e+01
    endloop
  endfacet
  facet normal 4.015697e-01 1.361515e-01 9.056515e-01
    outer loop
      vertex   8.045413e+00 -4.345433e+00 3.752429e+01
      vertex   7.666535e+00 -4.300934e+00 3.768560e+01
      vertex   7.815687e+00 -4.517301e+00 3.765199e+01
    endloop
  endfacet
  facet normal 4.307570e-01 9.133077e-02 8.978347e-01
    outer loop
      vertex   8.045413e+00 -4.345433e+00 3.752429e+01
      vertex   7.815687e+00 -4.517301e+00 3.765199e+01
      vertex   8.187563e+00 -4.576893e+00 3.747963e+01
    endloop
  endfacet
  facet normal 7.861814e-01 5.805125e-01 2.119531e-01
    outer loop
      vertex   9.708006e+00 -1.954645e+00 3.399739e+01
      vertex   9.669737e+00 -2.014504e+00 3.430328e+01
      vertex   9.882931e+00 -2.181977e+00 3.397119e+01
    endloop
  endfacet
  facet normal 7.861814e-01 5.805125e-01 2.119531e-01
    outer loop
      vertex   9.882931e+00 -2.181977e+00 3.397119e+01
      vertex   9.669737e+00 -2.014504e+00 3.430328e+01
      vertex   9.849309e+00 -2.247875e+00 3.427638e+01
    endloop
  endfacet
  facet normal 8.203739e-01 5.335915e-01 2.055888e-01
    outer loop
      vertex   9.882931e+00 -2.181977e+00 3.397119e+01
      vertex   9.849309e+00 -2.247875e+00 3.427638e+01
      vertex   1.004509e+01 -2.417210e+00 3.393465e+01
    endloop
  endfacet
  facet normal 8.203739e-01 5.335915e-01 2.055888e-01
    outer loop
      vertex   1.004509e+01 -2.417210e+00 3.393465e+01
      vertex   9.849309e+00 -2.247875e+00 3.427638e+01
      vertex   1.001577e+01 -2.489358e+00 3.423888e+01
    endloop
  endfacet
  facet normal 8.519106e-01 4.851629e-01 1.971429e-01
    outer loop
      vertex   1.004509e+01 -2.417210e+00 3.393465e+01
      vertex   1.001577e+01 -2.489358e+00 3.423888e+01
      vertex   1.019383e+01 -2.659404e+00 3.388792e+01
    endloop
  endfacet
  facet normal 8.519106e-01 4.851629e-01 1.971429e-01
    outer loop
      vertex   1.019383e+01 -2.659404e+00 3.388792e+01
      vertex   1.001577e+01 -2.489358e+00 3.423888e+01
      vertex   1.016847e+01 -2.737985e+00 3.419091e+01
    endloop
  endfacet
  facet normal 8.806650e-01 4.354208e-01 1.866490e-01
    outer loop
      vertex   1.019383e+01 -2.659404e+00 3.388792e+01
      vertex   1.016847e+01 -2.737985e+00 3.419091e+01
      vertex   1.032856e+01 -2.907587e+00 3.383120e+01
    endloop
  endfacet
  facet normal 8.806650e-01 4.354208e-01 1.866490e-01
    outer loop
      vertex   1.032856e+01 -2.907587e+00 3.383120e+01
      vertex   1.016847e+01 -2.737985e+00 3.419091e+01
      vertex   1.030678e+01 -2.992761e+00 3.413268e+01
    endloop
  endfacet
  facet normal 9.065221e-01 3.845643e-01 1.741493e-01
    outer loop
      vertex   1.032856e+01 -2.907587e+00 3.383120e+01
      vertex   1.030678e+01 -2.992761e+00 3.413268e+01
      vertex   1.044874e+01 -3.160766e+00 3.376470e+01
    endloop
  endfacet
  facet normal 9.065221e-01 3.845643e-01 1.741493e-01
    outer loop
      vertex   1.044874e+01 -3.160766e+00 3.376470e+01
      vertex   1.030678e+01 -2.992761e+00 3.413268e+01
      vertex   1.043015e+01 -3.252667e+00 3.406441e+01
    endloop
  endfacet
  facet normal 9.293766e-01 3.328011e-01 1.596949e-01
    outer loop
      vertex   1.044874e+01 -3.160766e+00 3.376470e+01
      vertex   1.043015e+01 -3.252667e+00 3.406441e+01
      vertex   1.053807e+01 -3.516619e+00 3.398639e+01
    endloop
  endfacet
  facet normal 9.241089e-01 3.130976e-01 2.190724e-01
    outer loop
      vertex   1.053807e+01 -3.516619e+00 3.398639e+01
      vertex   1.043015e+01 -3.252667e+00 3.406441e+01
      vertex   1.050378e+01 -3.621187e+00 3.428052e+01
    endloop
  endfacet
  facet normal 9.443503e-01 2.593576e-01 2.023267e-01
    outer loop
      vertex   1.053807e+01 -3.516619e+00 3.398639e+01
      vertex   1.050378e+01 -3.621187e+00 3.428052e+01
      vertex   1.059789e+01 -3.894125e+00 3.419111e+01
    endloop
  endfacet
  facet normal 9.358387e-01 2.373629e-01 2.605086e-01
    outer loop
      vertex   1.059789e+01 -3.894125e+00 3.419111e+01
      vertex   1.050378e+01 -3.621187e+00 3.428052e+01
      vertex   1.054689e+01 -4.008929e+00 3.447893e+01
    endloop
  endfacet
  facet normal 9.531689e-01 1.820437e-01 2.415141e-01
    outer loop
      vertex   1.059789e+01 -3.894125e+00 3.419111e+01
      vertex   1.054689e+01 -4.008929e+00 3.447893e+01
      vertex   1.067540e+01 -4.169011e+00 3.409242e+01
    endloop
  endfacet
  facet normal 9.531689e-01 1.820437e-01 2.415141e-01
    outer loop
      vertex   1.067540e+01 -4.169011e+00 3.409242e+01
      vertex   1.054689e+01 -4.008929e+00 3.447893e+01
      vertex   1.062575e+01 -4.288630e+00 3.437851e+01
    endloop
  endfacet
  facet normal 9.671155e-01 1.264366e-01 2.206838e-01
    outer loop
      vertex   1.067540e+01 -4.169011e+00 3.409242e+01
      vertex   1.062575e+01 -4.288630e+00 3.437851e+01
      vertex   1.073600e+01 -4.444801e+00 3.398483e+01
    endloop
  endfacet
  facet normal 9.671155e-01 1.264366e-01 2.206838e-01
    outer loop
      vertex   1.073600e+01 -4.444801e+00 3.398483e+01
      vertex   1.062575e+01 -4.288630e+00 3.437851e+01
      vertex   1.068742e+01 -4.569251e+00 3.426903e+01
    endloop
  endfacet
  facet normal 4.133216e-01 2.160781e-01 8.845765e-01
    outer loop
      vertex   7.723269e+00 -3.903368e+00 3.758425e+01
      vertex   7.890442e+00 -4.120625e+00 3.755921e+01
      vertex   8.106299e+00 -3.943784e+00 3.741515e+01
    endloop
  endfacet
  facet normal 4.461134e-01 1.710793e-01 8.784729e-01
    outer loop
      vertex   8.106299e+00 -3.943784e+00 3.741515e+01
      vertex   7.890442e+00 -4.120625e+00 3.755921e+01
      vertex   8.266479e+00 -4.176147e+00 3.737906e+01
    endloop
  endfacet
  facet normal 4.888961e-01 2.053307e-01 8.478325e-01
    outer loop
      vertex   8.106299e+00 -3.943784e+00 3.741515e+01
      vertex   8.266479e+00 -4.176147e+00 3.737906e+01
      vertex   8.478012e+00 -4.010111e+00 3.721687e+01
    endloop
  endfacet
  facet normal 5.200789e-01 1.574454e-01 8.394813e-01
    outer loop
      vertex   8.478012e+00 -4.010111e+00 3.721687e+01
      vertex   8.266479e+00 -4.176147e+00 3.737906e+01
      vertex   8.629136e+00 -4.256183e+00 3.716939e+01
    endloop
  endfacet
  facet normal 5.617475e-01 1.896340e-01 8.052817e-01
    outer loop
      vertex   8.478012e+00 -4.010111e+00 3.721687e+01
      vertex   8.629136e+00 -4.256183e+00 3.716939e+01
      vertex   8.833903e+00 -4.099915e+00 3.698975e+01
    endloop
  endfacet
  facet normal 5.909227e-01 1.391641e-01 7.946343e-01
    outer loop
      vertex   8.833903e+00 -4.099915e+00 3.698975e+01
      vertex   8.629136e+00 -4.256183e+00 3.716939e+01
      vertex   8.974053e+00 -4.358082e+00 3.693074e+01
    endloop
  endfacet
  facet normal 6.310035e-01 1.695171e-01 7.570327e-01
    outer loop
      vertex   8.833903e+00 -4.099915e+00 3.698975e+01
      vertex   8.974053e+00 -4.358082e+00 3.693074e+01
      vertex   9.169758e+00 -4.210355e+00 3.673454e+01
    endloop
  endfacet
  facet normal 6.578038e-01 1.168054e-01 7.440770e-01
    outer loop
      vertex   9.169758e+00 -4.210355e+00 3.673454e+01
      vertex   8.974053e+00 -4.358082e+00 3.693074e+01
      vertex   9.297188e+00 -4.478810e+00 3.666403e+01
    endloop
  endfacet
  facet normal 6.958555e-01 1.455859e-01 7.032709e-01
    outer loop
      vertex   9.169758e+00 -4.210355e+00 3.673454e+01
      vertex   9.297188e+00 -4.478810e+00 3.666403e+01
      vertex   9.481711e+00 -4.338230e+00 3.645235e+01
    endloop
  endfacet
  facet normal 4.461134e-01 1.710793e-01 8.784729e-01
    outer loop
      vertex   8.266479e+00 -4.176147e+00 3.737906e+01
      vertex   7.890442e+00 -4.120625e+00 3.755921e+01
      vertex   8.045413e+00 -4.345433e+00 3.752429e+01
    endloop
  endfacet
  facet normal 7.918156e-01 5.919345e-01 1.504714e-01
    outer loop
      vertex   9.708006e+00 -1.954645e+00 3.399739e+01
      vertex   9.882931e+00 -2.181977e+00 3.397119e+01
      vertex   9.900645e+00 -2.127196e+00 3.366247e+01
    endloop
  endfacet
  facet normal 8.250459e-01 5.463339e-01 1.442863e-01
    outer loop
      vertex   9.900645e+00 -2.127196e+00 3.366247e+01
      vertex   9.882931e+00 -2.181977e+00 3.397119e+01
      vertex   1.005786e+01 -2.355252e+00 3.362705e+01
    endloop
  endfacet
  facet normal 8.264654e-01 5.569231e-01 8.241188e-02
    outer loop
      vertex   9.900645e+00 -2.127196e+00 3.366247e+01
      vertex   1.005786e+01 -2.355252e+00 3.362705e+01
      vertex   1.005402e+01 -2.303726e+00 3.331729e+01
    endloop
  endfacet
  facet normal 8.561061e-01 5.114058e-01 7.447366e-02
    outer loop
      vertex   1.005402e+01 -2.303726e+00 3.331729e+01
      vertex   1.005786e+01 -2.355252e+00 3.362705e+01
      vertex   1.019312e+01 -2.530214e+00 3.327359e+01
    endloop
  endfacet
  facet normal 8.250459e-01 5.463339e-01 1.442863e-01
    outer loop
      vertex   1.005786e+01 -2.355252e+00 3.362705e+01
      vertex   9.882931e+00 -2.181977e+00 3.397119e+01
      vertex   1.004509e+01 -2.417210e+00 3.393465e+01
    endloop
  endfacet
  facet normal 3.834547e-01 5.766490e-02 9.217577e-01
    outer loop
      vertex   7.709142e+00 -4.904272e+00 3.772052e+01
      vertex   7.952500e+00 -4.740070e+00 3.760901e+01
      vertex   7.578207e+00 -4.691073e+00 3.776165e+01
    endloop
  endfacet
  facet normal 4.763581e-01 1.246346e-01 8.703730e-01
    outer loop
      vertex   8.266479e+00 -4.176147e+00 3.737906e+01
      vertex   8.045413e+00 -4.345433e+00 3.752429e+01
      vertex   8.413406e+00 -4.415385e+00 3.733290e+01
    endloop
  endfacet
  facet normal 4.763581e-01 1.246346e-01 8.703730e-01
    outer loop
      vertex   8.413406e+00 -4.415385e+00 3.733290e+01
      vertex   8.045413e+00 -4.345433e+00 3.752429e+01
      vertex   8.187563e+00 -4.576893e+00 3.747963e+01
    endloop
  endfacet
  facet normal 5.039346e-01 7.693025e-02 8.603090e-01
    outer loop
      vertex   8.413406e+00 -4.415385e+00 3.733290e+01
      vertex   8.187563e+00 -4.576893e+00 3.747963e+01
      vertex   8.546492e+00 -4.660539e+00 3.727687e+01
    endloop
  endfacet
  facet normal 8.556951e-01 4.992682e-01 1.360780e-01
    outer loop
      vertex   1.005786e+01 -2.355252e+00 3.362705e+01
      vertex   1.004509e+01 -2.417210e+00 3.393465e+01
      vertex   1.020206e+01 -2.590055e+00 3.358175e+01
    endloop
  endfacet
  facet normal 8.556951e-01 4.992682e-01 1.360780e-01
    outer loop
      vertex   1.020206e+01 -2.590055e+00 3.358175e+01
      vertex   1.004509e+01 -2.417210e+00 3.393465e+01
      vertex   1.019383e+01 -2.659404e+00 3.388792e+01
    endloop
  endfacet
  facet normal 8.836403e-01 4.509259e-01 1.258795e-01
    outer loop
      vertex   1.020206e+01 -2.590055e+00 3.358175e+01
      vertex   1.019383e+01 -2.659404e+00 3.388792e+01
      vertex   1.033268e+01 -2.830666e+00 3.352675e+01
    endloop
  endfacet
  facet normal 8.836403e-01 4.509259e-01 1.258795e-01
    outer loop
      vertex   1.033268e+01 -2.830666e+00 3.352675e+01
      vertex   1.019383e+01 -2.659404e+00 3.388792e+01
      vertex   1.032856e+01 -2.907587e+00 3.383120e+01
    endloop
  endfacet
  facet normal 9.087697e-01 4.015006e-01 1.137315e-01
    outer loop
      vertex   1.033268e+01 -2.830666e+00 3.352675e+01
      vertex   1.032856e+01 -2.907587e+00 3.383120e+01
      vertex   1.044919e+01 -3.076121e+00 3.346228e+01
    endloop
  endfacet
  facet normal 9.087697e-01 4.015006e-01 1.137315e-01
    outer loop
      vertex   1.044919e+01 -3.076121e+00 3.346228e+01
      vertex   1.032856e+01 -2.907587e+00 3.383120e+01
      vertex   1.044874e+01 -3.160766e+00 3.376470e+01
    endloop
  endfacet
  facet normal 9.309816e-01 3.511928e-01 9.968356e-02
    outer loop
      vertex   1.044919e+01 -3.076121e+00 3.346228e+01
      vertex   1.044874e+01 -3.160766e+00 3.376470e+01
      vertex   1.055388e+01 -3.417901e+00 3.368870e+01
    endloop
  endfacet
  facet normal 9.293773e-01 3.328002e-01 1.596932e-01
    outer loop
      vertex   1.055388e+01 -3.417901e+00 3.368870e+01
      vertex   1.044874e+01 -3.160766e+00 3.376470e+01
      vertex   1.053807e+01 -3.516619e+00 3.398639e+01
    endloop
  endfacet
  facet normal 9.491406e-01 2.803300e-01 1.433430e-01
    outer loop
      vertex   1.055388e+01 -3.417901e+00 3.368870e+01
      vertex   1.053807e+01 -3.516619e+00 3.398639e+01
      vertex   1.063016e+01 -3.783685e+00 3.389891e+01
    endloop
  endfacet
  facet normal 9.443510e-01 2.593567e-01 2.023248e-01
    outer loop
      vertex   1.063016e+01 -3.783685e+00 3.389891e+01
      vertex   1.053807e+01 -3.516619e+00 3.398639e+01
      vertex   1.059789e+01 -3.894125e+00 3.419111e+01
    endloop
  endfacet
  facet normal 9.613462e-01 2.051068e-01 1.836974e-01
    outer loop
      vertex   1.063016e+01 -3.783685e+00 3.389891e+01
      vertex   1.059789e+01 -3.894125e+00 3.419111e+01
      vertex   1.070601e+01 -4.052671e+00 3.380234e+01
    endloop
  endfacet
  facet normal 9.613462e-01 2.051068e-01 1.836974e-01
    outer loop
      vertex   1.070601e+01 -4.052671e+00 3.380234e+01
      vertex   1.059789e+01 -3.894125e+00 3.419111e+01
      vertex   1.067540e+01 -4.169011e+00 3.409242e+01
    endloop
  endfacet
  facet normal 9.750235e-01 1.505731e-01 1.632692e-01
    outer loop
      vertex   1.070601e+01 -4.052671e+00 3.380234e+01
      vertex   1.067540e+01 -4.169011e+00 3.409242e+01
      vertex   1.076531e+01 -4.322541e+00 3.369705e+01
    endloop
  endfacet
  facet normal 9.750235e-01 1.505731e-01 1.632692e-01
    outer loop
      vertex   1.076531e+01 -4.322541e+00 3.369705e+01
      vertex   1.067540e+01 -4.169011e+00 3.409242e+01
      vertex   1.073600e+01 -4.444801e+00 3.398483e+01
    endloop
  endfacet
  facet normal 5.200789e-01 1.574454e-01 8.394813e-01
    outer loop
      vertex   8.266479e+00 -4.176147e+00 3.737906e+01
      vertex   8.413406e+00 -4.415385e+00 3.733290e+01
      vertex   8.629136e+00 -4.256183e+00 3.716939e+01
    endloop
  endfacet
  facet normal 5.485108e-01 1.082613e-01 8.291052e-01
    outer loop
      vertex   8.629136e+00 -4.256183e+00 3.716939e+01
      vertex   8.413406e+00 -4.415385e+00 3.733290e+01
      vertex   8.766024e+00 -4.508341e+00 3.711176e+01
    endloop
  endfacet
  facet normal 5.909227e-01 1.391641e-01 7.946343e-01
    outer loop
      vertex   8.629136e+00 -4.256183e+00 3.716939e+01
      vertex   8.766024e+00 -4.508341e+00 3.711176e+01
      vertex   8.974053e+00 -4.358082e+00 3.693074e+01
    endloop
  endfacet
  facet normal 6.171581e-01 8.756354e-02 7.819518e-01
    outer loop
      vertex   8.974053e+00 -4.358082e+00 3.693074e+01
      vertex   8.766024e+00 -4.508341e+00 3.711176e+01
      vertex   9.099066e+00 -4.621446e+00 3.686157e+01
    endloop
  endfacet
  facet normal 6.578038e-01 1.168054e-01 7.440770e-01
    outer loop
      vertex   8.974053e+00 -4.358082e+00 3.693074e+01
      vertex   9.099066e+00 -4.621446e+00 3.686157e+01
      vertex   9.297188e+00 -4.478810e+00 3.666403e+01
    endloop
  endfacet
  facet normal 5.485108e-01 1.082613e-01 8.291052e-01
    outer loop
      vertex   8.766024e+00 -4.508341e+00 3.711176e+01
      vertex   8.413406e+00 -4.415385e+00 3.733290e+01
      vertex   8.546492e+00 -4.660539e+00 3.727687e+01
    endloop
  endfacet
  facet normal 8.831320e-01 4.646540e-01 6.461067e-02
    outer loop
      vertex   1.031911e+01 -2.762303e+00 3.322055e+01
      vertex   1.019312e+01 -2.530214e+00 3.327359e+01
      vertex   1.020206e+01 -2.590055e+00 3.358175e+01
    endloop
  endfacet
  facet normal 8.561061e-01 5.114058e-01 7.447366e-02
    outer loop
      vertex   1.020206e+01 -2.590055e+00 3.358175e+01
      vertex   1.019312e+01 -2.530214e+00 3.327359e+01
      vertex   1.005786e+01 -2.355252e+00 3.362705e+01
    endloop
  endfacet
  facet normal 8.831320e-01 4.646540e-01 6.461067e-02
    outer loop
      vertex   1.031911e+01 -2.762303e+00 3.322055e+01
      vertex   1.020206e+01 -2.590055e+00 3.358175e+01
      vertex   1.033268e+01 -2.830666e+00 3.352675e+01
    endloop
  endfacet
  facet normal 5.740779e-01 5.797530e-02 8.167457e-01
    outer loop
      vertex   8.665204e+00 -4.910629e+00 3.721118e+01
      vertex   8.888127e+00 -4.765575e+00 3.704419e+01
      vertex   8.546492e+00 -4.660539e+00 3.727687e+01
    endloop
  endfacet
  facet normal 5.740779e-01 5.797530e-02 8.167457e-01
    outer loop
      vertex   8.546492e+00 -4.660539e+00 3.727687e+01
      vertex   8.888127e+00 -4.765575e+00 3.704419e+01
      vertex   8.766024e+00 -4.508341e+00 3.711176e+01
    endloop
  endfacet
  facet normal 6.171581e-01 8.756354e-02 7.819518e-01
    outer loop
      vertex   8.888127e+00 -4.765575e+00 3.704419e+01
      vertex   9.099066e+00 -4.621446e+00 3.686157e+01
      vertex   8.766024e+00 -4.508341e+00 3.711176e+01
    endloop
  endfacet
  facet normal 9.074347e-01 4.168548e-01 5.286238e-02
    outer loop
      vertex   1.043150e+01 -2.999065e+00 3.315836e+01
      vertex   1.031911e+01 -2.762303e+00 3.322055e+01
      vertex   1.033268e+01 -2.830666e+00 3.352675e+01
    endloop
  endfacet
  facet normal 9.074347e-01 4.168548e-01 5.286238e-02
    outer loop
      vertex   1.043150e+01 -2.999065e+00 3.315836e+01
      vertex   1.033268e+01 -2.830666e+00 3.352675e+01
      vertex   1.044919e+01 -3.076121e+00 3.346228e+01
    endloop
  endfacet
  facet normal 9.289163e-01 3.682008e-01 3.927622e-02
    outer loop
      vertex   1.055112e+01 -3.325423e+00 3.338860e+01
      vertex   1.043150e+01 -2.999065e+00 3.315836e+01
      vertex   1.044919e+01 -3.076121e+00 3.346228e+01
    endloop
  endfacet
  facet normal 9.309822e-01 3.511918e-01 9.968189e-02
    outer loop
      vertex   1.055112e+01 -3.325423e+00 3.338860e+01
      vertex   1.044919e+01 -3.076121e+00 3.346228e+01
      vertex   1.055388e+01 -3.417901e+00 3.368870e+01
    endloop
  endfacet
  facet normal 7.766683e-01 6.249837e-02 6.268017e-01
    outer loop
      vertex   9.594810e+00 -4.614828e+00 3.637060e+01
      vertex   9.691408e+00 -4.894952e+00 3.627884e+01
      vertex   9.766239e+00 -4.479875e+00 3.614472e+01
    endloop
  endfacet
  facet normal 7.766697e-01 6.249759e-02 6.268000e-01
    outer loop
      vertex   9.766239e+00 -4.479875e+00 3.614472e+01
      vertex   9.691408e+00 -4.894952e+00 3.627884e+01
      vertex   9.863880e+00 -4.763024e+00 3.605197e+01
    endloop
  endfacet
  facet normal 8.094951e-01 8.903774e-02 5.803361e-01
    outer loop
      vertex   9.766239e+00 -4.479875e+00 3.614472e+01
      vertex   9.863880e+00 -4.763024e+00 3.605197e+01
      vertex   9.922221e+00 -4.346973e+00 3.590676e+01
    endloop
  endfacet
  facet normal 8.094964e-01 8.903695e-02 5.803344e-01
    outer loop
      vertex   9.922221e+00 -4.346973e+00 3.590676e+01
      vertex   9.863880e+00 -4.763024e+00 3.605197e+01
      vertex   1.002052e+01 -4.632030e+00 3.581338e+01
    endloop
  endfacet
  facet normal 9.501894e-01 3.001983e-01 8.379173e-02
    outer loop
      vertex   1.055112e+01 -3.325423e+00 3.338860e+01
      vertex   1.055388e+01 -3.417901e+00 3.368870e+01
      vertex   1.064358e+01 -3.678042e+00 3.360348e+01
    endloop
  endfacet
  facet normal 9.491411e-01 2.803291e-01 1.433413e-01
    outer loop
      vertex   1.064358e+01 -3.678042e+00 3.360348e+01
      vertex   1.055388e+01 -3.417901e+00 3.368870e+01
      vertex   1.063016e+01 -3.783685e+00 3.389891e+01
    endloop
  endfacet
  facet normal 9.657343e-01 2.273623e-01 1.251544e-01
    outer loop
      vertex   1.064358e+01 -3.678042e+00 3.360348e+01
      vertex   1.063016e+01 -3.783685e+00 3.389891e+01
      vertex   1.071746e+01 -3.940067e+00 3.350940e+01
    endloop
  endfacet
  facet normal 9.657343e-01 2.273623e-01 1.251544e-01
    outer loop
      vertex   1.071746e+01 -3.940067e+00 3.350940e+01
      vertex   1.063016e+01 -3.783685e+00 3.389891e+01
      vertex   1.070601e+01 -4.052671e+00 3.380234e+01
    endloop
  endfacet
  facet normal 9.790885e-01 1.741170e-01 1.052089e-01
    outer loop
      vertex   1.071746e+01 -3.940067e+00 3.350940e+01
      vertex   1.070601e+01 -4.052671e+00 3.380234e+01
      vertex   1.077523e+01 -4.202954e+00 3.340685e+01
    endloop
  endfacet
  facet normal 9.790885e-01 1.741170e-01 1.052089e-01
    outer loop
      vertex   1.077523e+01 -4.202954e+00 3.340685e+01
      vertex   1.070601e+01 -4.052671e+00 3.380234e+01
      vertex   1.076531e+01 -4.322541e+00 3.369705e+01
    endloop
  endfacet
  facet normal 9.663156e-01 2.487224e-01 6.611543e-02
    outer loop
      vertex   1.070971e+01 -3.831644e+00 3.321478e+01
      vertex   1.063808e+01 -3.577614e+00 3.330598e+01
      vertex   1.064358e+01 -3.678042e+00 3.360348e+01
    endloop
  endfacet
  facet normal 9.501899e-01 3.001973e-01 8.379003e-02
    outer loop
      vertex   1.064358e+01 -3.678042e+00 3.360348e+01
      vertex   1.063808e+01 -3.577614e+00 3.330598e+01
      vertex   1.055112e+01 -3.325423e+00 3.338860e+01
    endloop
  endfacet
  facet normal 9.663156e-01 2.487224e-01 6.611543e-02
    outer loop
      vertex   1.070971e+01 -3.831644e+00 3.321478e+01
      vertex   1.064358e+01 -3.678042e+00 3.360348e+01
      vertex   1.071746e+01 -3.940067e+00 3.350940e+01
    endloop
  endfacet
  facet normal 9.792940e-01 1.969756e-01 4.673120e-02
    outer loop
      vertex   1.076572e+01 -4.086510e+00 3.311535e+01
      vertex   1.070971e+01 -3.831644e+00 3.321478e+01
      vertex   1.071746e+01 -3.940067e+00 3.350940e+01
    endloop
  endfacet
  facet normal 9.792940e-01 1.969756e-01 4.673120e-02
    outer loop
      vertex   1.076572e+01 -4.086510e+00 3.311535e+01
      vertex   1.071746e+01 -3.940067e+00 3.350940e+01
      vertex   1.077523e+01 -4.202954e+00 3.340685e+01
    endloop
  endfacet
  facet normal 1.000000e+00 0.000000e+00 0.000000e+00
    outer loop
      vertex   1.085000e+01 -5.000000e+00 3.308000e+01
      vertex   1.085000e+01 -8.448276e+00 3.308000e+01
      vertex   1.085000e+01 -5.000000e+00 9.080000e+00
    endloop
  endfacet
  facet normal 1.000000e+00 0.000000e+00 0.000000e+00
    outer loop
      vertex   1.085000e+01 -5.000000e+00 9.080000e+00
      vertex   1.085000e+01 -8.448276e+00 3.308000e+01
      vertex   1.085000e+01 -2.500000e+01 9.080000e+00
    endloop
  endfacet
  facet normal 9.996988e-01 -0.000000e+00 2.454123e-02
    outer loop
      vertex   1.085000e+01 -8.448276e+00 3.308000e+01
      vertex   1.085000e+01 -5.000000e+00 3.308000e+01
      vertex   1.084398e+01 -8.279077e+00 3.332534e+01
    endloop
  endfacet
  facet normal 9.995064e-01 5.143268e-04 3.141075e-02
    outer loop
      vertex   1.084398e+01 -8.279077e+00 3.332534e+01
      vertex   1.085000e+01 -5.000000e+00 3.308000e+01
      vertex   1.084013e+01 -5.000000e+00 3.339395e+01
    endloop
  endfacet
  facet normal 9.972713e-01 -3.757485e-04 7.382229e-02
    outer loop
      vertex   1.084398e+01 -8.279077e+00 3.332534e+01
      vertex   1.084013e+01 -5.000000e+00 3.339395e+01
      vertex   1.082592e+01 -8.110286e+00 3.357009e+01
    endloop
  endfacet
  facet normal 9.955617e-01 7.808428e-04 9.410828e-02
    outer loop
      vertex   1.082592e+01 -8.110286e+00 3.357009e+01
      vertex   1.084013e+01 -5.000000e+00 3.339395e+01
      vertex   1.081057e+01 -5.000000e+00 3.370667e+01
    endloop
  endfacet
  facet normal 9.924381e-01 -4.920799e-04 1.227449e-01
    outer loop
      vertex   1.082592e+01 -8.110286e+00 3.357009e+01
      vertex   1.081057e+01 -5.000000e+00 3.370667e+01
      vertex   1.079588e+01 -7.942309e+00 3.381365e+01
    endloop
  endfacet
  facet normal 9.876881e-01 7.566311e-04 1.564344e-01
    outer loop
      vertex   1.079588e+01 -7.942309e+00 3.381365e+01
      vertex   1.081057e+01 -5.000000e+00 3.370667e+01
      vertex   1.076144e+01 -5.000000e+00 3.401691e+01
    endloop
  endfacet
  facet normal 9.852440e-01 -2.888974e-04 1.711553e-01
    outer loop
      vertex   1.079588e+01 -7.942309e+00 3.381365e+01
      vertex   1.076144e+01 -5.000000e+00 3.401691e+01
      vertex   1.075393e+01 -7.775551e+00 3.405545e+01
    endloop
  endfacet
  facet normal 9.759167e-01 3.888775e-04 2.181432e-01
    outer loop
      vertex   1.075393e+01 -7.775551e+00 3.405545e+01
      vertex   1.076144e+01 -5.000000e+00 3.401691e+01
      vertex   1.069292e+01 -5.000000e+00 3.432345e+01
    endloop
  endfacet
  facet normal 9.757481e-01 3.124805e-04 2.188961e-01
    outer loop
      vertex   1.075393e+01 -7.775551e+00 3.405545e+01
      vertex   1.069292e+01 -5.000000e+00 3.432345e+01
      vertex   1.070016e+01 -7.610413e+00 3.429490e+01
    endloop
  endfacet
  facet normal 9.637325e-01 -2.455096e-04 2.668700e-01
    outer loop
      vertex   1.070016e+01 -7.610413e+00 3.429490e+01
      vertex   1.069292e+01 -5.000000e+00 3.432345e+01
      vertex   1.063470e+01 -7.447294e+00 3.453142e+01
    endloop
  endfacet
  facet normal 9.602933e-01 8.663540e-04 2.789910e-01
    outer loop
      vertex   1.063470e+01 -7.447294e+00 3.453142e+01
      vertex   1.069292e+01 -5.000000e+00 3.432345e+01
      vertex   1.060528e+01 -5.000000e+00 3.462508e+01
    endloop
  endfacet
  facet normal 9.494033e-01 -6.066552e-04 3.140589e-01
    outer loop
      vertex   1.063470e+01 -7.447294e+00 3.453142e+01
      vertex   1.060528e+01 -5.000000e+00 3.462508e+01
      vertex   1.055772e+01 -7.286587e+00 3.476445e+01
    endloop
  endfacet
  facet normal 9.408802e-01 1.074772e-03 3.387377e-01
    outer loop
      vertex   1.055772e+01 -7.286587e+00 3.476445e+01
      vertex   1.060528e+01 -5.000000e+00 3.462508e+01
      vertex   1.049888e+01 -5.000000e+00 3.492062e+01
    endloop
  endfacet
  facet normal 9.328533e-01 -6.014723e-04 3.602560e-01
    outer loop
      vertex   1.055772e+01 -7.286587e+00 3.476445e+01
      vertex   1.049888e+01 -5.000000e+00 3.492062e+01
      vertex   1.046940e+01 -7.128678e+00 3.499342e+01
    endloop
  endfacet
  facet normal 9.177543e-01 8.692531e-04 3.971477e-01
    outer loop
      vertex   1.046940e+01 -7.128678e+00 3.499342e+01
      vertex   1.049888e+01 -5.000000e+00 3.492062e+01
      vertex   1.037414e+01 -5.000000e+00 3.520890e+01
    endloop
  endfacet
  facet normal 9.141799e-01 -1.168088e-04 4.053086e-01
    outer loop
      vertex   1.046940e+01 -7.128678e+00 3.499342e+01
      vertex   1.037414e+01 -5.000000e+00 3.520890e+01
      vertex   1.036995e+01 -6.973948e+00 3.521778e+01
    endloop
  endfacet
  facet normal 8.932593e-01 1.265500e-04 4.495417e-01
    outer loop
      vertex   1.036995e+01 -6.973948e+00 3.521778e+01
      vertex   1.037414e+01 -5.000000e+00 3.520890e+01
      vertex   1.025961e+01 -6.822770e+00 3.543698e+01
    endloop
  endfacet
  facet normal 8.910062e-01 8.247887e-04 4.539903e-01
    outer loop
      vertex   1.025961e+01 -6.822770e+00 3.543698e+01
      vertex   1.037414e+01 -5.000000e+00 3.520890e+01
      vertex   1.023153e+01 -5.000000e+00 3.548877e+01
    endloop
  endfacet
  facet normal 8.699050e-01 -6.146782e-04 4.932190e-01
    outer loop
      vertex   1.025961e+01 -6.822770e+00 3.543698e+01
      vertex   1.023153e+01 -5.000000e+00 3.548877e+01
      vertex   1.013864e+01 -6.675508e+00 3.565051e+01
    endloop
  endfacet
  facet normal 8.607412e-01 1.420734e-03 5.090409e-01
    outer loop
      vertex   1.013864e+01 -6.675508e+00 3.565051e+01
      vertex   1.023153e+01 -5.000000e+00 3.548877e+01
      vertex   1.007164e+01 -5.000000e+00 3.575913e+01
    endloop
  endfacet
  facet normal 8.445604e-01 -9.390090e-04 5.354595e-01
    outer loop
      vertex   1.013864e+01 -6.675508e+00 3.565051e+01
      vertex   1.007164e+01 -5.000000e+00 3.575913e+01
      vertex   1.000735e+01 -6.532516e+00 3.585785e+01
    endloop
  endfacet
  facet normal 8.270796e-01 1.509272e-03 5.620827e-01
    outer loop
      vertex   1.000735e+01 -6.532516e+00 3.585785e+01
      vertex   1.007164e+01 -5.000000e+00 3.575913e+01
      vertex   9.895085e+00 -5.000000e+00 3.601893e+01
    endloop
  endfacet
  facet normal 8.173645e-01 -6.778406e-04 5.761205e-01
    outer loop
      vertex   1.000735e+01 -6.532516e+00 3.585785e+01
      vertex   9.895085e+00 -5.000000e+00 3.601893e+01
      vertex   9.866038e+00 -6.394140e+00 3.605850e+01
    endloop
  endfacet
  facet normal 7.901547e-01 9.331990e-04 6.129068e-01
    outer loop
      vertex   9.866038e+00 -6.394140e+00 3.605850e+01
      vertex   9.895085e+00 -5.000000e+00 3.601893e+01
      vertex   9.702566e+00 -5.000000e+00 3.626712e+01
    endloop
  endfacet
  facet normal 7.884856e-01 4.163111e-04 6.150531e-01
    outer loop
      vertex   9.866038e+00 -6.394140e+00 3.605850e+01
      vertex   9.702566e+00 -5.000000e+00 3.626712e+01
      vertex   9.715052e+00 -6.260713e+00 3.625197e+01
    endloop
  endfacet
  facet normal 7.570879e-01 -3.545275e-04 6.533130e-01
    outer loop
      vertex   9.715052e+00 -6.260713e+00 3.625197e+01
      vertex   9.702566e+00 -5.000000e+00 3.626712e+01
      vertex   9.554756e+00 -6.132555e+00 3.643779e+01
    endloop
  endfacet
  facet normal 7.501099e-01 1.761438e-03 6.613108e-01
    outer loop
      vertex   9.554756e+00 -6.132555e+00 3.643779e+01
      vertex   9.702566e+00 -5.000000e+00 3.626712e+01
      vertex   9.494843e+00 -5.000000e+00 3.650274e+01
    endloop
  endfacet
  facet normal 7.238072e-01 -1.275083e-03 6.900011e-01
    outer loop
      vertex   9.554756e+00 -6.132555e+00 3.643779e+01
      vertex   9.494843e+00 -5.000000e+00 3.650274e+01
      vertex   9.385534e+00 -6.009977e+00 3.661553e+01
    endloop
  endfacet
  facet normal 7.071047e-01 2.442820e-03 7.071047e-01
    outer loop
      vertex   9.385534e+00 -6.009977e+00 3.661553e+01
      vertex   9.494843e+00 -5.000000e+00 3.650274e+01
      vertex   9.272736e+00 -5.000000e+00 3.672484e+01
    endloop
  endfacet
  facet normal 6.890286e-01 -1.483866e-03 7.247327e-01
    outer loop
      vertex   9.385534e+00 -6.009977e+00 3.661553e+01
      vertex   9.272736e+00 -5.000000e+00 3.672484e+01
      vertex   9.207795e+00 -5.893272e+00 3.678476e+01
    endloop
  endfacet
  facet normal 6.613102e-01 2.233278e-03 7.501092e-01
    outer loop
      vertex   9.207795e+00 -5.893272e+00 3.678476e+01
      vertex   9.272736e+00 -5.000000e+00 3.672484e+01
      vertex   9.037120e+00 -5.000000e+00 3.693257e+01
    endloop
  endfacet
  facet normal 6.529817e-01 -5.600589e-04 7.573735e-01
    outer loop
      vertex   9.207795e+00 -5.893272e+00 3.678476e+01
      vertex   9.037120e+00 -5.000000e+00 3.693257e+01
      vertex   9.021966e+00 -5.782723e+00 3.694505e+01
    endloop
  endfacet
  facet normal 6.154515e-01 6.578668e-04 7.881745e-01
    outer loop
      vertex   9.021966e+00 -5.782723e+00 3.694505e+01
      vertex   9.037120e+00 -5.000000e+00 3.693257e+01
      vertex   8.828497e+00 -5.678595e+00 3.709604e+01
    endloop
  endfacet
  facet normal 6.129059e-01 1.917210e-03 7.901536e-01
    outer loop
      vertex   8.828497e+00 -5.678595e+00 3.709604e+01
      vertex   9.037120e+00 -5.000000e+00 3.693257e+01
      vertex   8.788926e+00 -5.000000e+00 3.712508e+01
    endloop
  endfacet
  facet normal 5.753327e-01 -1.462227e-03 8.179182e-01
    outer loop
      vertex   8.828497e+00 -5.678595e+00 3.709604e+01
      vertex   8.788926e+00 -5.000000e+00 3.712508e+01
      vertex   8.627851e+00 -5.581139e+00 3.723735e+01
    endloop
  endfacet
  facet normal 5.620789e-01 3.980058e-03 8.270740e-01
    outer loop
      vertex   8.627851e+00 -5.581139e+00 3.723735e+01
      vertex   8.788926e+00 -5.000000e+00 3.712508e+01
      vertex   8.529134e+00 -5.000000e+00 3.730164e+01
    endloop
  endfacet
  facet normal 5.341236e-01 -2.796274e-03 8.454018e-01
    outer loop
      vertex   8.627851e+00 -5.581139e+00 3.723735e+01
      vertex   8.529134e+00 -5.000000e+00 3.730164e+01
      vertex   8.420514e+00 -5.490591e+00 3.736864e+01
    endloop
  endfacet
  facet normal 5.090354e-01 4.852160e-03 8.607319e-01
    outer loop
      vertex   8.420514e+00 -5.490591e+00 3.736864e+01
      vertex   8.529134e+00 -5.000000e+00 3.730164e+01
      vertex   8.258768e+00 -5.000000e+00 3.746153e+01
    endloop
  endfacet
  facet normal 4.921357e-01 -2.571913e-03 8.705147e-01
    outer loop
      vertex   8.420514e+00 -5.490591e+00 3.736864e+01
      vertex   8.258768e+00 -5.000000e+00 3.746153e+01
      vertex   8.206984e+00 -5.407168e+00 3.748961e+01
    endloop
  endfacet
  facet normal 4.539874e-01 3.692309e-03 8.910005e-01
    outer loop
      vertex   8.206984e+00 -5.407168e+00 3.748961e+01
      vertex   8.258768e+00 -5.000000e+00 3.746153e+01
      vertex   7.978896e+00 -5.000000e+00 3.760414e+01
    endloop
  endfacet
  facet normal 4.498228e-01 7.638614e-04 8.931175e-01
    outer loop
      vertex   8.206984e+00 -5.407168e+00 3.748961e+01
      vertex   7.978896e+00 -5.000000e+00 3.760414e+01
      vertex   7.987775e+00 -5.331071e+00 3.759995e+01
    endloop
  endfacet
  facet normal 4.050612e-01 -7.044695e-04 9.142893e-01
    outer loop
      vertex   7.987775e+00 -5.331071e+00 3.759995e+01
      vertex   7.978896e+00 -5.000000e+00 3.760414e+01
      vertex   7.763417e+00 -5.262484e+00 3.769940e+01
    endloop
  endfacet
  facet normal 3.971380e-01 7.049237e-03 9.177318e-01
    outer loop
      vertex   7.763417e+00 -5.262484e+00 3.769940e+01
      vertex   7.978896e+00 -5.000000e+00 3.760414e+01
      vertex   7.690623e+00 -5.000000e+00 3.772888e+01
    endloop
  endfacet
  facet normal 3.586404e-01 -5.394023e-03 9.334602e-01
    outer loop
      vertex   7.763417e+00 -5.262484e+00 3.769940e+01
      vertex   7.690623e+00 -5.000000e+00 3.772888e+01
      vertex   7.534449e+00 -5.201572e+00 3.778772e+01
    endloop
  endfacet
  facet normal 3.387127e-01 1.219105e-02 9.408108e-01
    outer loop
      vertex   7.534449e+00 -5.201572e+00 3.778772e+01
      vertex   7.690623e+00 -5.000000e+00 3.772888e+01
      vertex   7.395085e+00 -5.000000e+00 3.783528e+01
    endloop
  endfacet
  facet normal 3.119202e-01 -8.517766e-03 9.500701e-01
    outer loop
      vertex   7.534449e+00 -5.201572e+00 3.778772e+01
      vertex   7.395085e+00 -5.000000e+00 3.783528e+01
      vertex   7.301423e+00 -5.148482e+00 3.786470e+01
    endloop
  endfacet
  facet normal 2.789627e-01 1.427792e-02 9.601958e-01
    outer loop
      vertex   7.301423e+00 -5.148482e+00 3.786470e+01
      vertex   7.395085e+00 -5.000000e+00 3.783528e+01
      vertex   7.093449e+00 -5.000000e+00 3.792292e+01
    endloop
  endfacet
  facet normal 2.656712e-01 -5.848515e-03 9.640459e-01
    outer loop
      vertex   7.301423e+00 -5.148482e+00 3.786470e+01
      vertex   7.093449e+00 -5.000000e+00 3.792292e+01
      vertex   7.064901e+00 -5.103341e+00 3.793016e+01
    endloop
  endfacet
  facet normal 2.202021e-01 7.509931e-03 9.754254e-01
    outer loop
      vertex   7.064901e+00 -5.103341e+00 3.793016e+01
      vertex   7.093449e+00 -5.000000e+00 3.792292e+01
      vertex   6.825452e+00 -5.066258e+00 3.798393e+01
    endloop
  endfacet
  facet normal 2.181143e-01 1.628802e-02 9.757873e-01
    outer loop
      vertex   6.825452e+00 -5.066258e+00 3.798393e+01
      vertex   7.093449e+00 -5.000000e+00 3.792292e+01
      vertex   6.786907e+00 -5.000000e+00 3.799144e+01
    endloop
  endfacet
  facet normal 1.694211e-01 -1.313492e-02 9.854562e-01
    outer loop
      vertex   6.825452e+00 -5.066258e+00 3.798393e+01
      vertex   6.786907e+00 -5.000000e+00 3.799144e+01
      vertex   6.583652e+00 -5.037322e+00 3.802588e+01
    endloop
  endfacet
  facet normal 1.561569e-01 5.954318e-02 9.859359e-01
    outer loop
      vertex   6.583652e+00 -5.037322e+00 3.802588e+01
      vertex   6.786907e+00 -5.000000e+00 3.799144e+01
      vertex   6.476666e+00 -5.000000e+00 3.804057e+01
    endloop
  endfacet
  facet normal 1.178377e-01 -5.254642e-02 9.916416e-01
    outer loop
      vertex   6.583652e+00 -5.037322e+00 3.802588e+01
      vertex   6.476666e+00 -5.000000e+00 3.804057e+01
      vertex   6.340086e+00 -5.016604e+00 3.805592e+01
    endloop
  endfacet
  facet normal 9.311753e-02 1.447253e-01 9.850806e-01
    outer loop
      vertex   6.340086e+00 -5.016604e+00 3.805592e+01
      vertex   6.476666e+00 -5.000000e+00 3.804057e+01
      vertex   6.163953e+00 -5.000000e+00 3.807013e+01
    endloop
  endfacet
  facet normal 6.470752e-02 -1.569790e-01 9.854798e-01
    outer loop
      vertex   6.340086e+00 -5.016604e+00 3.805592e+01
      vertex   6.163953e+00 -5.000000e+00 3.807013e+01
      vertex   6.095338e+00 -5.004154e+00 3.807398e+01
    endloop
  endfacet
  facet normal 2.910317e-02 3.762081e-01 9.260780e-01
    outer loop
      vertex   6.095338e+00 -5.004154e+00 3.807398e+01
      vertex   6.163953e+00 -5.000000e+00 3.807013e+01
      vertex   5.850000e+00 -5.000000e+00 3.808000e+01
    endloop
  endfacet
  facet normal 9.294897e-18 -8.232128e-01 5.677330e-01
    outer loop
      vertex   1.415000e+01 -2.500000e+01 9.080000e+00
      vertex   2.500000e+01 -2.500000e+01 9.080000e+00
      vertex   1.415000e+01 -8.448276e+00 3.308000e+01
    endloop
  endfacet
  facet normal 1.650380e-15 -8.232128e-01 5.677330e-01
    outer loop
      vertex   1.415000e+01 -8.448276e+00 3.308000e+01
      vertex   2.500000e+01 -2.500000e+01 9.080000e+00
      vertex   1.415602e+01 -8.279077e+00 3.332534e+01
    endloop
  endfacet
  facet normal -7.469484e-15 -8.232128e-01 5.677330e-01
    outer loop
      vertex   1.415602e+01 -8.279077e+00 3.332534e+01
      vertex   2.500000e+01 -2.500000e+01 9.080000e+00
      vertex   1.417408e+01 -8.110286e+00 3.357009e+01
    endloop
  endfacet
  facet normal -1.590984e-14 -8.232128e-01 5.677330e-01
    outer loop
      vertex   1.417408e+01 -8.110286e+00 3.357009e+01
      vertex   2.500000e+01 -2.500000e+01 9.080000e+00
      vertex   1.420412e+01 -7.942309e+00 3.381365e+01
    endloop
  endfacet
  facet normal 3.208661e-14 -8.232128e-01 5.677330e-01
    outer loop
      vertex   1.420412e+01 -7.942309e+00 3.381365e+01
      vertex   2.500000e+01 -2.500000e+01 9.080000e+00
      vertex   1.424607e+01 -7.775551e+00 3.405545e+01
    endloop
  endfacet
  facet normal -2.046288e-14 -8.232128e-01 5.677330e-01
    outer loop
      vertex   1.424607e+01 -7.775551e+00 3.405545e+01
      vertex   2.500000e+01 -2.500000e+01 9.080000e+00
      vertex   1.429984e+01 -7.610413e+00 3.429490e+01
    endloop
  endfacet
  facet normal 2.339110e-16 -8.232128e-01 5.677330e-01
    outer loop
      vertex   1.429984e+01 -7.610413e+00 3.429490e+01
      vertex   2.500000e+01 -2.500000e+01 9.080000e+00
      vertex   1.769858e+01 -5.148482e+00 3.786470e+01
    endloop
  endfacet
  facet normal 1.845851e-15 -8.232128e-01 5.677330e-01
    outer loop
      vertex   1.429984e+01 -7.610413e+00 3.429490e+01
      vertex   1.769858e+01 -5.148482e+00 3.786470e+01
      vertex   1.746555e+01 -5.201572e+00 3.778772e+01
    endloop
  endfacet
  facet normal 0.000000e+00 -8.232128e-01 5.677330e-01
    outer loop
      vertex   2.500000e+01 -5.000000e+00 3.808000e+01
      vertex   1.915000e+01 -5.000000e+00 3.808000e+01
      vertex   2.500000e+01 -2.500000e+01 9.080000e+00
    endloop
  endfacet
  facet normal -3.272303e-15 -8.232128e-01 5.677330e-01
    outer loop
      vertex   2.500000e+01 -2.500000e+01 9.080000e+00
      vertex   1.915000e+01 -5.000000e+00 3.808000e+01
      vertex   1.890466e+01 -5.004154e+00 3.807398e+01
    endloop
  endfacet
  facet normal -1.409256e-14 -8.232128e-01 5.677330e-01
    outer loop
      vertex   2.500000e+01 -2.500000e+01 9.080000e+00
      vertex   1.890466e+01 -5.004154e+00 3.807398e+01
      vertex   1.865991e+01 -5.016604e+00 3.805592e+01
    endloop
  endfacet
  facet normal 3.730181e-15 -8.232128e-01 5.677330e-01
    outer loop
      vertex   1.865991e+01 -5.016604e+00 3.805592e+01
      vertex   1.841635e+01 -5.037322e+00 3.802588e+01
      vertex   2.500000e+01 -2.500000e+01 9.080000e+00
    endloop
  endfacet
  facet normal -1.408479e-14 -8.232128e-01 5.677330e-01
    outer loop
      vertex   2.500000e+01 -2.500000e+01 9.080000e+00
      vertex   1.841635e+01 -5.037322e+00 3.802588e+01
      vertex   1.817455e+01 -5.066258e+00 3.798393e+01
    endloop
  endfacet
  facet normal 6.890093e-15 -8.232128e-01 5.677330e-01
    outer loop
      vertex   2.500000e+01 -2.500000e+01 9.080000e+00
      vertex   1.817455e+01 -5.066258e+00 3.798393e+01
      vertex   1.793510e+01 -5.103341e+00 3.793016e+01
    endloop
  endfacet
  facet normal -3.249784e-15 -8.232128e-01 5.677330e-01
    outer loop
      vertex   1.793510e+01 -5.103341e+00 3.793016e+01
      vertex   1.769858e+01 -5.148482e+00 3.786470e+01
      vertex   2.500000e+01 -2.500000e+01 9.080000e+00
    endloop
  endfacet
  facet normal 7.263116e-15 -8.232128e-01 5.677330e-01
    outer loop
      vertex   1.746555e+01 -5.201572e+00 3.778772e+01
      vertex   1.723658e+01 -5.262484e+00 3.769940e+01
      vertex   1.429984e+01 -7.610413e+00 3.429490e+01
    endloop
  endfacet
  facet normal -1.317730e-14 -8.232128e-01 5.677330e-01
    outer loop
      vertex   1.429984e+01 -7.610413e+00 3.429490e+01
      vertex   1.723658e+01 -5.262484e+00 3.769940e+01
      vertex   1.701222e+01 -5.331071e+00 3.759995e+01
    endloop
  endfacet
  facet normal 2.885676e-15 -8.232128e-01 5.677330e-01
    outer loop
      vertex   1.429984e+01 -7.610413e+00 3.429490e+01
      vertex   1.701222e+01 -5.331071e+00 3.759995e+01
      vertex   1.679302e+01 -5.407168e+00 3.748961e+01
    endloop
  endfacet
  facet normal -3.992611e-15 -8.232128e-01 5.677330e-01
    outer loop
      vertex   1.679302e+01 -5.407168e+00 3.748961e+01
      vertex   1.657949e+01 -5.490591e+00 3.736864e+01
      vertex   1.429984e+01 -7.610413e+00 3.429490e+01
    endloop
  endfacet
  facet normal 6.183523e-15 -8.232128e-01 5.677330e-01
    outer loop
      vertex   1.429984e+01 -7.610413e+00 3.429490e+01
      vertex   1.657949e+01 -5.490591e+00 3.736864e+01
      vertex   1.637215e+01 -5.581139e+00 3.723735e+01
    endloop
  endfacet
  facet normal -6.210535e-15 -8.232128e-01 5.677330e-01
    outer loop
      vertex   1.429984e+01 -7.610413e+00 3.429490e+01
      vertex   1.637215e+01 -5.581139e+00 3.723735e+01
      vertex   1.617150e+01 -5.678595e+00 3.709604e+01
    endloop
  endfacet
  facet normal -3.112843e-15 -8.232128e-01 5.677330e-01
    outer loop
      vertex   1.617150e+01 -5.678595e+00 3.709604e+01
      vertex   1.597803e+01 -5.782723e+00 3.694505e+01
      vertex   1.429984e+01 -7.610413e+00 3.429490e+01
    endloop
  endfacet
  facet normal 2.217215e-15 -8.232128e-01 5.677330e-01
    outer loop
      vertex   1.429984e+01 -7.610413e+00 3.429490e+01
      vertex   1.597803e+01 -5.782723e+00 3.694505e+01
      vertex   1.579221e+01 -5.893272e+00 3.678476e+01
    endloop
  endfacet
  facet normal 4.760924e-14 -8.232128e-01 5.677330e-01
    outer loop
      vertex   1.429984e+01 -7.610413e+00 3.429490e+01
      vertex   1.579221e+01 -5.893272e+00 3.678476e+01
      vertex   1.561447e+01 -6.009977e+00 3.661553e+01
    endloop
  endfacet
  facet normal -3.417650e-14 -8.232128e-01 5.677330e-01
    outer loop
      vertex   1.561447e+01 -6.009977e+00 3.661553e+01
      vertex   1.544524e+01 -6.132555e+00 3.643779e+01
      vertex   1.429984e+01 -7.610413e+00 3.429490e+01
    endloop
  endfacet
  facet normal -9.226280e-15 -8.232128e-01 5.677330e-01
    outer loop
      vertex   1.429984e+01 -7.610413e+00 3.429490e+01
      vertex   1.544524e+01 -6.132555e+00 3.643779e+01
      vertex   1.528495e+01 -6.260713e+00 3.625197e+01
    endloop
  endfacet
  facet normal 4.185741e-14 -8.232128e-01 5.677330e-01
    outer loop
      vertex   1.429984e+01 -7.610413e+00 3.429490e+01
      vertex   1.528495e+01 -6.260713e+00 3.625197e+01
      vertex   1.513396e+01 -6.394140e+00 3.605850e+01
    endloop
  endfacet
  facet normal -3.262381e-14 -8.232128e-01 5.677330e-01
    outer loop
      vertex   1.513396e+01 -6.394140e+00 3.605850e+01
      vertex   1.499265e+01 -6.532516e+00 3.585785e+01
      vertex   1.429984e+01 -7.610413e+00 3.429490e+01
    endloop
  endfacet
  facet normal 1.552323e-14 -8.232128e-01 5.677330e-01
    outer loop
      vertex   1.429984e+01 -7.610413e+00 3.429490e+01
      vertex   1.499265e+01 -6.532516e+00 3.585785e+01
      vertex   1.486136e+01 -6.675508e+00 3.565051e+01
    endloop
  endfacet
  facet normal -8.915214e-15 -8.232128e-01 5.677330e-01
    outer loop
      vertex   1.429984e+01 -7.610413e+00 3.429490e+01
      vertex   1.486136e+01 -6.675508e+00 3.565051e+01
      vertex   1.474039e+01 -6.822770e+00 3.543698e+01
    endloop
  endfacet
  facet normal -1.244096e-14 -8.232128e-01 5.677330e-01
    outer loop
      vertex   1.474039e+01 -6.822770e+00 3.543698e+01
      vertex   1.463005e+01 -6.973948e+00 3.521778e+01
      vertex   1.429984e+01 -7.610413e+00 3.429490e+01
    endloop
  endfacet
  facet normal -4.837027e-14 -8.232128e-01 5.677330e-01
    outer loop
      vertex   1.429984e+01 -7.610413e+00 3.429490e+01
      vertex   1.463005e+01 -6.973948e+00 3.521778e+01
      vertex   1.453060e+01 -7.128678e+00 3.499342e+01
    endloop
  endfacet
  facet normal 8.700259e-14 -8.232128e-01 5.677330e-01
    outer loop
      vertex   1.429984e+01 -7.610413e+00 3.429490e+01
      vertex   1.453060e+01 -7.128678e+00 3.499342e+01
      vertex   1.444228e+01 -7.286587e+00 3.476445e+01
    endloop
  endfacet
  facet normal -4.255059e-13 -8.232128e-01 5.677330e-01
    outer loop
      vertex   1.444228e+01 -7.286587e+00 3.476445e+01
      vertex   1.436530e+01 -7.447294e+00 3.453142e+01
      vertex   1.429984e+01 -7.610413e+00 3.429490e+01
    endloop
  endfacet
  facet normal -9.294897e-18 -8.232128e-01 5.677330e-01
    outer loop
      vertex   1.085000e+01 -2.500000e+01 9.080000e+00
      vertex   1.085000e+01 -8.448276e+00 3.308000e+01
      vertex   -8.881784e-15 -2.500000e+01 9.080000e+00
    endloop
  endfacet
  facet normal -2.399413e-16 -8.232128e-01 5.677330e-01
    outer loop
      vertex   -8.881784e-15 -2.500000e+01 9.080000e+00
      vertex   1.085000e+01 -8.448276e+00 3.308000e+01
      vertex   1.084398e+01 -8.279077e+00 3.332534e+01
    endloop
  endfacet
  facet normal 2.530664e-14 -8.232128e-01 5.677330e-01
    outer loop
      vertex   -8.881784e-15 -2.500000e+01 9.080000e+00
      vertex   1.084398e+01 -8.279077e+00 3.332534e+01
      vertex   1.082592e+01 -8.110286e+00 3.357009e+01
    endloop
  endfacet
  facet normal 1.585287e-14 -8.232128e-01 5.677330e-01
    outer loop
      vertex   1.082592e+01 -8.110286e+00 3.357009e+01
      vertex   1.079588e+01 -7.942309e+00 3.381365e+01
      vertex   -8.881784e-15 -2.500000e+01 9.080000e+00
    endloop
  endfacet
  facet normal -2.212903e-14 -8.232128e-01 5.677330e-01
    outer loop
      vertex   -8.881784e-15 -2.500000e+01 9.080000e+00
      vertex   1.079588e+01 -7.942309e+00 3.381365e+01
      vertex   1.075393e+01 -7.775551e+00 3.405545e+01
    endloop
  endfacet
  facet normal 2.400698e-14 -8.232128e-01 5.677330e-01
    outer loop
      vertex   -8.881784e-15 -2.500000e+01 9.080000e+00
      vertex   1.075393e+01 -7.775551e+00 3.405545e+01
      vertex   1.070016e+01 -7.610413e+00 3.429490e+01
    endloop
  endfacet
  facet normal 5.795120e-14 -8.232128e-01 5.677330e-01
    outer loop
      vertex   1.063470e+01 -7.447294e+00 3.453142e+01
      vertex   9.866038e+00 -6.394140e+00 3.605850e+01
      vertex   1.070016e+01 -7.610413e+00 3.429490e+01
    endloop
  endfacet
  facet normal -4.131459e-14 -8.232128e-01 5.677330e-01
    outer loop
      vertex   1.070016e+01 -7.610413e+00 3.429490e+01
      vertex   9.866038e+00 -6.394140e+00 3.605850e+01
      vertex   9.715052e+00 -6.260713e+00 3.625197e+01
    endloop
  endfacet
  facet normal 8.248935e-15 -8.232128e-01 5.677330e-01
    outer loop
      vertex   1.070016e+01 -7.610413e+00 3.429490e+01
      vertex   9.715052e+00 -6.260713e+00 3.625197e+01
      vertex   9.554756e+00 -6.132555e+00 3.643779e+01
    endloop
  endfacet
  facet normal -3.382913e-13 -8.232128e-01 5.677330e-01
    outer loop
      vertex   1.055772e+01 -7.286587e+00 3.476445e+01
      vertex   1.046940e+01 -7.128678e+00 3.499342e+01
      vertex   1.063470e+01 -7.447294e+00 3.453142e+01
    endloop
  endfacet
  facet normal 1.128490e-14 -8.232128e-01 5.677330e-01
    outer loop
      vertex   1.063470e+01 -7.447294e+00 3.453142e+01
      vertex   1.046940e+01 -7.128678e+00 3.499342e+01
      vertex   1.036995e+01 -6.973948e+00 3.521778e+01
    endloop
  endfacet
  facet normal -1.457529e-14 -8.232128e-01 5.677330e-01
    outer loop
      vertex   1.063470e+01 -7.447294e+00 3.453142e+01
      vertex   1.036995e+01 -6.973948e+00 3.521778e+01
      vertex   1.025961e+01 -6.822770e+00 3.543698e+01
    endloop
  endfacet
  facet normal -8.746831e-15 -8.232128e-01 5.677330e-01
    outer loop
      vertex   1.025961e+01 -6.822770e+00 3.543698e+01
      vertex   1.013864e+01 -6.675508e+00 3.565051e+01
      vertex   1.063470e+01 -7.447294e+00 3.453142e+01
    endloop
  endfacet
  facet normal -3.230908e-14 -8.232128e-01 5.677330e-01
    outer loop
      vertex   1.063470e+01 -7.447294e+00 3.453142e+01
      vertex   1.013864e+01 -6.675508e+00 3.565051e+01
      vertex   1.000735e+01 -6.532516e+00 3.585785e+01
    endloop
  endfacet
  facet normal 2.814607e-14 -8.232128e-01 5.677330e-01
    outer loop
      vertex   1.063470e+01 -7.447294e+00 3.453142e+01
      vertex   1.000735e+01 -6.532516e+00 3.585785e+01
      vertex   9.866038e+00 -6.394140e+00 3.605850e+01
    endloop
  endfacet
  facet normal 3.442125e-14 -8.232128e-01 5.677330e-01
    outer loop
      vertex   9.554756e+00 -6.132555e+00 3.643779e+01
      vertex   9.385534e+00 -6.009977e+00 3.661553e+01
      vertex   1.070016e+01 -7.610413e+00 3.429490e+01
    endloop
  endfacet
  facet normal -4.770235e-14 -8.232128e-01 5.677330e-01
    outer loop
      vertex   1.070016e+01 -7.610413e+00 3.429490e+01
      vertex   9.385534e+00 -6.009977e+00 3.661553e+01
      vertex   9.207795e+00 -5.893272e+00 3.678476e+01
    endloop
  endfacet
  facet normal -3.303231e-15 -8.232128e-01 5.677330e-01
    outer loop
      vertex   1.070016e+01 -7.610413e+00 3.429490e+01
      vertex   9.207795e+00 -5.893272e+00 3.678476e+01
      vertex   9.021966e+00 -5.782723e+00 3.694505e+01
    endloop
  endfacet
  facet normal -4.283232e-15 -8.232128e-01 5.677330e-01
    outer loop
      vertex   9.021966e+00 -5.782723e+00 3.694505e+01
      vertex   8.828497e+00 -5.678595e+00 3.709604e+01
      vertex   1.070016e+01 -7.610413e+00 3.429490e+01
    endloop
  endfacet
  facet normal 1.517126e-14 -8.232128e-01 5.677330e-01
    outer loop
      vertex   1.070016e+01 -7.610413e+00 3.429490e+01
      vertex   8.828497e+00 -5.678595e+00 3.709604e+01
      vertex   8.627851e+00 -5.581139e+00 3.723735e+01
    endloop
  endfacet
  facet normal -7.290582e-15 -8.232128e-01 5.677330e-01
    outer loop
      vertex   1.070016e+01 -7.610413e+00 3.429490e+01
      vertex   8.627851e+00 -5.581139e+00 3.723735e+01
      vertex   8.420514e+00 -5.490591e+00 3.736864e+01
    endloop
  endfacet
  facet normal 3.956951e-15 -8.232128e-01 5.677330e-01
    outer loop
      vertex   8.420514e+00 -5.490591e+00 3.736864e+01
      vertex   8.206984e+00 -5.407168e+00 3.748961e+01
      vertex   1.070016e+01 -7.610413e+00 3.429490e+01
    endloop
  endfacet
  facet normal -3.845317e-15 -8.232128e-01 5.677330e-01
    outer loop
      vertex   1.070016e+01 -7.610413e+00 3.429490e+01
      vertex   8.206984e+00 -5.407168e+00 3.748961e+01
      vertex   7.987775e+00 -5.331071e+00 3.759995e+01
    endloop
  endfacet
  facet normal 1.420989e-14 -8.232128e-01 5.677330e-01
    outer loop
      vertex   1.070016e+01 -7.610413e+00 3.429490e+01
      vertex   7.987775e+00 -5.331071e+00 3.759995e+01
      vertex   7.763417e+00 -5.262484e+00 3.769940e+01
    endloop
  endfacet
  facet normal -7.265157e-15 -8.232128e-01 5.677330e-01
    outer loop
      vertex   7.763417e+00 -5.262484e+00 3.769940e+01
      vertex   7.534449e+00 -5.201572e+00 3.778772e+01
      vertex   1.070016e+01 -7.610413e+00 3.429490e+01
    endloop
  endfacet
  facet normal -3.793764e-15 -8.232128e-01 5.677330e-01
    outer loop
      vertex   1.070016e+01 -7.610413e+00 3.429490e+01
      vertex   7.534449e+00 -5.201572e+00 3.778772e+01
      vertex   7.301423e+00 -5.148482e+00 3.786470e+01
    endloop
  endfacet
  facet normal 4.539501e-15 -8.232128e-01 5.677330e-01
    outer loop
      vertex   1.070016e+01 -7.610413e+00 3.429490e+01
      vertex   7.301423e+00 -5.148482e+00 3.786470e+01
      vertex   7.064901e+00 -5.103341e+00 3.793016e+01
    endloop
  endfacet
  facet normal -6.999762e-17 -8.232128e-01 5.677330e-01
    outer loop
      vertex   1.070016e+01 -7.610413e+00 3.429490e+01
      vertex   7.064901e+00 -5.103341e+00 3.793016e+01
      vertex   -8.881784e-15 -2.500000e+01 9.080000e+00
    endloop
  endfacet
  facet normal -1.436543e-14 -8.232128e-01 5.677330e-01
    outer loop
      vertex   -8.881784e-15 -2.500000e+01 9.080000e+00
      vertex   7.064901e+00 -5.103341e+00 3.793016e+01
      vertex   6.825452e+00 -5.066258e+00 3.798393e+01
    endloop
  endfacet
  facet normal 7.181332e-15 -8.232128e-01 5.677330e-01
    outer loop
      vertex   -8.881784e-15 -2.500000e+01 9.080000e+00
      vertex   6.825452e+00 -5.066258e+00 3.798393e+01
      vertex   6.583652e+00 -5.037322e+00 3.802588e+01
    endloop
  endfacet
  facet normal -3.742145e-15 -8.232128e-01 5.677330e-01
    outer loop
      vertex   6.583652e+00 -5.037322e+00 3.802588e+01
      vertex   6.340086e+00 -5.016604e+00 3.805592e+01
      vertex   -8.881784e-15 -2.500000e+01 9.080000e+00
    endloop
  endfacet
  facet normal 9.435344e-15 -8.232128e-01 5.677330e-01
    outer loop
      vertex   -8.881784e-15 -2.500000e+01 9.080000e+00
      vertex   6.340086e+00 -5.016604e+00 3.805592e+01
      vertex   6.095338e+00 -5.004154e+00 3.807398e+01
    endloop
  endfacet
  facet normal -1.639549e-15 -8.232128e-01 5.677330e-01
    outer loop
      vertex   -8.881784e-15 -2.500000e+01 9.080000e+00
      vertex   6.095338e+00 -5.004154e+00 3.807398e+01
      vertex   5.850000e+00 -5.000000e+00 3.808000e+01
    endloop
  endfacet
  facet normal 0.000000e+00 -8.232128e-01 5.677330e-01
    outer loop
      vertex   5.850000e+00 -5.000000e+00 3.808000e+01
      vertex   -8.881784e-15 -5.000000e+00 3.808000e+01
      vertex   -8.881784e-15 -2.500000e+01 9.080000e+00
    endloop
  endfacet
  facet normal 3.274390e-16 -1.000000e+00 3.013539e-31
    outer loop
      vertex   -8.881784e-15 -2.500000e+01 9.080000e+00
      vertex   -5.251355e-16 -2.500000e+01 0.000000e+00
      vertex   1.085000e+01 -2.500000e+01 9.080000e+00
    endloop
  endfacet
  facet normal -8.340380e-32 -1.000000e+00 3.912680e-16
    outer loop
      vertex   1.085000e+01 -2.500000e+01 9.080000e+00
      vertex   -5.251355e-16 -2.500000e+01 0.000000e+00
      vertex   2.500000e+01 -2.500000e+01 4.440892e-15
    endloop
  endfacet
  facet normal 0.000000e+00 -1.000000e+00 3.912680e-16
    outer loop
      vertex   1.085000e+01 -2.500000e+01 9.080000e+00
      vertex   2.500000e+01 -2.500000e+01 4.440892e-15
      vertex   1.415000e+01 -2.500000e+01 9.080000e+00
    endloop
  endfacet
  facet normal -3.274390e-16 -1.000000e+00 -2.562329e-31
    outer loop
      vertex   1.415000e+01 -2.500000e+01 9.080000e+00
      vertex   2.500000e+01 -2.500000e+01 4.440892e-15
      vertex   2.500000e+01 -2.500000e+01 9.080000e+00
    endloop
  endfacet
  facet normal -2.671213e-16 3.685835e-13 1.000000e+00
    outer loop
      vertex   1.915000e+01 2.220446e-15 9.080000e+00
      vertex   5.850000e+00 2.220446e-15 9.080000e+00
      vertex   1.883605e+01 -9.866358e-03 9.080000e+00
    endloop
  endfacet
  facet normal 1.104163e-28 7.201672e-13 1.000000e+00
    outer loop
      vertex   1.883605e+01 -9.866358e-03 9.080000e+00
      vertex   5.850000e+00 2.220446e-15 9.080000e+00
      vertex   6.163953e+00 -9.866358e-03 9.080000e+00
    endloop
  endfacet
  facet normal 0.000000e+00 0.000000e+00 1.000000e+00
    outer loop
      vertex   1.883605e+01 -9.866358e-03 9.080000e+00
      vertex   6.163953e+00 -9.866358e-03 9.080000e+00
      vertex   1.852333e+01 -3.942649e-02 9.080000e+00
    endloop
  endfacet
  facet normal 0.000000e+00 0.000000e+00 1.000000e+00
    outer loop
      vertex   1.852333e+01 -3.942649e-02 9.080000e+00
      vertex   6.163953e+00 -9.866358e-03 9.080000e+00
      vertex   6.476666e+00 -3.942649e-02 9.080000e+00
    endloop
  endfacet
  facet normal 0.000000e+00 0.000000e+00 1.000000e+00
    outer loop
      vertex   1.852333e+01 -3.942649e-02 9.080000e+00
      vertex   6.476666e+00 -3.942649e-02 9.080000e+00
      vertex   1.821309e+01 -8.856375e-02 9.080000e+00
    endloop
  endfacet
  facet normal 0.000000e+00 0.000000e+00 1.000000e+00
    outer loop
      vertex   1.821309e+01 -8.856375e-02 9.080000e+00
      vertex   6.476666e+00 -3.942649e-02 9.080000e+00
      vertex   6.786907e+00 -8.856375e-02 9.080000e+00
    endloop
  endfacet
  facet normal 0.000000e+00 0.000000e+00 1.000000e+00
    outer loop
      vertex   1.821309e+01 -8.856375e-02 9.080000e+00
      vertex   6.786907e+00 -8.856375e-02 9.080000e+00
      vertex   1.790655e+01 -1.570842e-01 9.080000e+00
    endloop
  endfacet
  facet normal 0.000000e+00 0.000000e+00 1.000000e+00
    outer loop
      vertex   1.790655e+01 -1.570842e-01 9.080000e+00
      vertex   6.786907e+00 -8.856375e-02 9.080000e+00
      vertex   7.093449e+00 -1.570842e-01 9.080000e+00
    endloop
  endfacet
  facet normal 0.000000e+00 0.000000e+00 1.000000e+00
    outer loop
      vertex   1.790655e+01 -1.570842e-01 9.080000e+00
      vertex   7.093449e+00 -1.570842e-01 9.080000e+00
      vertex   1.760492e+01 -2.447174e-01 9.080000e+00
    endloop
  endfacet
  facet normal 0.000000e+00 0.000000e+00 1.000000e+00
    outer loop
      vertex   1.760492e+01 -2.447174e-01 9.080000e+00
      vertex   7.093449e+00 -1.570842e-01 9.080000e+00
      vertex   7.395085e+00 -2.447174e-01 9.080000e+00
    endloop
  endfacet
  facet normal 0.000000e+00 0.000000e+00 1.000000e+00
    outer loop
      vertex   1.760492e+01 -2.447174e-01 9.080000e+00
      vertex   7.395085e+00 -2.447174e-01 9.080000e+00
      vertex   1.730938e+01 -3.511176e-01 9.080000e+00
    endloop
  endfacet
  facet normal 0.000000e+00 0.000000e+00 1.000000e+00
    outer loop
      vertex   1.730938e+01 -3.511176e-01 9.080000e+00
      vertex   7.395085e+00 -2.447174e-01 9.080000e+00
      vertex   7.690623e+00 -3.511176e-01 9.080000e+00
    endloop
  endfacet
  facet normal 0.000000e+00 0.000000e+00 1.000000e+00
    outer loop
      vertex   1.730938e+01 -3.511176e-01 9.080000e+00
      vertex   7.690623e+00 -3.511176e-01 9.080000e+00
      vertex   1.702110e+01 -4.758647e-01 9.080000e+00
    endloop
  endfacet
  facet normal 0.000000e+00 0.000000e+00 1.000000e+00
    outer loop
      vertex   1.702110e+01 -4.758647e-01 9.080000e+00
      vertex   7.690623e+00 -3.511176e-01 9.080000e+00
      vertex   7.978896e+00 -4.758647e-01 9.080000e+00
    endloop
  endfacet
  facet normal 0.000000e+00 0.000000e+00 1.000000e+00
    outer loop
      vertex   1.702110e+01 -4.758647e-01 9.080000e+00
      vertex   7.978896e+00 -4.758647e-01 9.080000e+00
      vertex   1.674123e+01 -6.184666e-01 9.080000e+00
    endloop
  endfacet
  facet normal 0.000000e+00 0.000000e+00 1.000000e+00
    outer loop
      vertex   1.674123e+01 -6.184666e-01 9.080000e+00
      vertex   7.978896e+00 -4.758647e-01 9.080000e+00
      vertex   8.258768e+00 -6.184666e-01 9.080000e+00
    endloop
  endfacet
  facet normal 0.000000e+00 0.000000e+00 1.000000e+00
    outer loop
      vertex   1.674123e+01 -6.184666e-01 9.080000e+00
      vertex   8.258768e+00 -6.184666e-01 9.080000e+00
      vertex   1.647087e+01 -7.783604e-01 9.080000e+00
    endloop
  endfacet
  facet normal 0.000000e+00 0.000000e+00 1.000000e+00
    outer loop
      vertex   1.647087e+01 -7.783604e-01 9.080000e+00
      vertex   8.258768e+00 -6.184666e-01 9.080000e+00
      vertex   8.529134e+00 -7.783604e-01 9.080000e+00
    endloop
  endfacet
  facet normal 0.000000e+00 0.000000e+00 1.000000e+00
    outer loop
      vertex   1.647087e+01 -7.783604e-01 9.080000e+00
      vertex   8.529134e+00 -7.783604e-01 9.080000e+00
      vertex   1.621107e+01 -9.549150e-01 9.080000e+00
    endloop
  endfacet
  facet normal 0.000000e+00 0.000000e+00 1.000000e+00
    outer loop
      vertex   1.621107e+01 -9.549150e-01 9.080000e+00
      vertex   8.529134e+00 -7.783604e-01 9.080000e+00
      vertex   8.788926e+00 -9.549150e-01 9.080000e+00
    endloop
  endfacet
  facet normal 0.000000e+00 0.000000e+00 1.000000e+00
    outer loop
      vertex   1.621107e+01 -9.549150e-01 9.080000e+00
      vertex   8.788926e+00 -9.549150e-01 9.080000e+00
      vertex   1.596288e+01 -1.147434e+00 9.080000e+00
    endloop
  endfacet
  facet normal 0.000000e+00 0.000000e+00 1.000000e+00
    outer loop
      vertex   1.596288e+01 -1.147434e+00 9.080000e+00
      vertex   8.788926e+00 -9.549150e-01 9.080000e+00
      vertex   9.037120e+00 -1.147434e+00 9.080000e+00
    endloop
  endfacet
  facet normal 0.000000e+00 0.000000e+00 1.000000e+00
    outer loop
      vertex   1.596288e+01 -1.147434e+00 9.080000e+00
      vertex   9.037120e+00 -1.147434e+00 9.080000e+00
      vertex   1.572726e+01 -1.355157e+00 9.080000e+00
    endloop
  endfacet
  facet normal 0.000000e+00 0.000000e+00 1.000000e+00
    outer loop
      vertex   1.572726e+01 -1.355157e+00 9.080000e+00
      vertex   9.037120e+00 -1.147434e+00 9.080000e+00
      vertex   9.272736e+00 -1.355157e+00 9.080000e+00
    endloop
  endfacet
  facet normal 0.000000e+00 0.000000e+00 1.000000e+00
    outer loop
      vertex   1.572726e+01 -1.355157e+00 9.080000e+00
      vertex   9.272736e+00 -1.355157e+00 9.080000e+00
      vertex   1.550516e+01 -1.577264e+00 9.080000e+00
    endloop
  endfacet
  facet normal 0.000000e+00 0.000000e+00 1.000000e+00
    outer loop
      vertex   1.550516e+01 -1.577264e+00 9.080000e+00
      vertex   9.272736e+00 -1.355157e+00 9.080000e+00
      vertex   9.494843e+00 -1.577264e+00 9.080000e+00
    endloop
  endfacet
  facet normal 0.000000e+00 0.000000e+00 1.000000e+00
    outer loop
      vertex   1.550516e+01 -1.577264e+00 9.080000e+00
      vertex   9.494843e+00 -1.577264e+00 9.080000e+00
      vertex   1.529743e+01 -1.812880e+00 9.080000e+00
    endloop
  endfacet
  facet normal 0.000000e+00 0.000000e+00 1.000000e+00
    outer loop
      vertex   1.529743e+01 -1.812880e+00 9.080000e+00
      vertex   9.494843e+00 -1.577264e+00 9.080000e+00
      vertex   9.702566e+00 -1.812880e+00 9.080000e+00
    endloop
  endfacet
  facet normal 0.000000e+00 0.000000e+00 1.000000e+00
    outer loop
      vertex   1.529743e+01 -1.812880e+00 9.080000e+00
      vertex   9.702566e+00 -1.812880e+00 9.080000e+00
      vertex   1.510492e+01 -2.061074e+00 9.080000e+00
    endloop
  endfacet
  facet normal 0.000000e+00 0.000000e+00 1.000000e+00
    outer loop
      vertex   1.510492e+01 -2.061074e+00 9.080000e+00
      vertex   9.702566e+00 -1.812880e+00 9.080000e+00
      vertex   9.895085e+00 -2.061074e+00 9.080000e+00
    endloop
  endfacet
  facet normal 0.000000e+00 0.000000e+00 1.000000e+00
    outer loop
      vertex   1.510492e+01 -2.061074e+00 9.080000e+00
      vertex   9.895085e+00 -2.061074e+00 9.080000e+00
      vertex   1.492836e+01 -2.320866e+00 9.080000e+00
    endloop
  endfacet
  facet normal 0.000000e+00 0.000000e+00 1.000000e+00
    outer loop
      vertex   1.492836e+01 -2.320866e+00 9.080000e+00
      vertex   9.895085e+00 -2.061074e+00 9.080000e+00
      vertex   1.007164e+01 -2.320866e+00 9.080000e+00
    endloop
  endfacet
  facet normal 0.000000e+00 0.000000e+00 1.000000e+00
    outer loop
      vertex   1.492836e+01 -2.320866e+00 9.080000e+00
      vertex   1.007164e+01 -2.320866e+00 9.080000e+00
      vertex   1.476847e+01 -2.591232e+00 9.080000e+00
    endloop
  endfacet
  facet normal 0.000000e+00 0.000000e+00 1.000000e+00
    outer loop
      vertex   1.476847e+01 -2.591232e+00 9.080000e+00
      vertex   1.007164e+01 -2.320866e+00 9.080000e+00
      vertex   1.023153e+01 -2.591232e+00 9.080000e+00
    endloop
  endfacet
  facet normal 0.000000e+00 0.000000e+00 1.000000e+00
    outer loop
      vertex   1.476847e+01 -2.591232e+00 9.080000e+00
      vertex   1.023153e+01 -2.591232e+00 9.080000e+00
      vertex   1.462586e+01 -2.871104e+00 9.080000e+00
    endloop
  endfacet
  facet normal 0.000000e+00 0.000000e+00 1.000000e+00
    outer loop
      vertex   1.462586e+01 -2.871104e+00 9.080000e+00
      vertex   1.023153e+01 -2.591232e+00 9.080000e+00
      vertex   1.037414e+01 -2.871104e+00 9.080000e+00
    endloop
  endfacet
  facet normal 0.000000e+00 0.000000e+00 1.000000e+00
    outer loop
      vertex   1.462586e+01 -2.871104e+00 9.080000e+00
      vertex   1.037414e+01 -2.871104e+00 9.080000e+00
      vertex   1.450112e+01 -3.159377e+00 9.080000e+00
    endloop
  endfacet
  facet normal 0.000000e+00 0.000000e+00 1.000000e+00
    outer loop
      vertex   1.450112e+01 -3.159377e+00 9.080000e+00
      vertex   1.037414e+01 -2.871104e+00 9.080000e+00
      vertex   1.049888e+01 -3.159377e+00 9.080000e+00
    endloop
  endfacet
  facet normal 0.000000e+00 0.000000e+00 1.000000e+00
    outer loop
      vertex   1.450112e+01 -3.159377e+00 9.080000e+00
      vertex   1.049888e+01 -3.159377e+00 9.080000e+00
      vertex   1.439472e+01 -3.454915e+00 9.080000e+00
    endloop
  endfacet
  facet normal 0.000000e+00 0.000000e+00 1.000000e+00
    outer loop
      vertex   1.439472e+01 -3.454915e+00 9.080000e+00
      vertex   1.049888e+01 -3.159377e+00 9.080000e+00
      vertex   1.060528e+01 -3.454915e+00 9.080000e+00
    endloop
  endfacet
  facet normal 0.000000e+00 0.000000e+00 1.000000e+00
    outer loop
      vertex   1.439472e+01 -3.454915e+00 9.080000e+00
      vertex   1.060528e+01 -3.454915e+00 9.080000e+00
      vertex   1.430708e+01 -3.756551e+00 9.080000e+00
    endloop
  endfacet
  facet normal 0.000000e+00 0.000000e+00 1.000000e+00
    outer loop
      vertex   1.430708e+01 -3.756551e+00 9.080000e+00
      vertex   1.060528e+01 -3.454915e+00 9.080000e+00
      vertex   1.069292e+01 -3.756551e+00 9.080000e+00
    endloop
  endfacet
  facet normal 0.000000e+00 0.000000e+00 1.000000e+00
    outer loop
      vertex   1.430708e+01 -3.756551e+00 9.080000e+00
      vertex   1.069292e+01 -3.756551e+00 9.080000e+00
      vertex   1.423856e+01 -4.063093e+00 9.080000e+00
    endloop
  endfacet
  facet normal 0.000000e+00 0.000000e+00 1.000000e+00
    outer loop
      vertex   1.423856e+01 -4.063093e+00 9.080000e+00
      vertex   1.069292e+01 -3.756551e+00 9.080000e+00
      vertex   1.076144e+01 -4.063093e+00 9.080000e+00
    endloop
  endfacet
  facet normal 0.000000e+00 0.000000e+00 1.000000e+00
    outer loop
      vertex   1.423856e+01 -4.063093e+00 9.080000e+00
      vertex   1.076144e+01 -4.063093e+00 9.080000e+00
      vertex   1.418943e+01 -4.373334e+00 9.080000e+00
    endloop
  endfacet
  facet normal 0.000000e+00 0.000000e+00 1.000000e+00
    outer loop
      vertex   1.418943e+01 -4.373334e+00 9.080000e+00
      vertex   1.076144e+01 -4.063093e+00 9.080000e+00
      vertex   1.081057e+01 -4.373334e+00 9.080000e+00
    endloop
  endfacet
  facet normal 0.000000e+00 0.000000e+00 1.000000e+00
    outer loop
      vertex   1.418943e+01 -4.373334e+00 9.080000e+00
      vertex   1.081057e+01 -4.373334e+00 9.080000e+00
      vertex   1.415987e+01 -4.686047e+00 9.080000e+00
    endloop
  endfacet
  facet normal 0.000000e+00 0.000000e+00 1.000000e+00
    outer loop
      vertex   1.415987e+01 -4.686047e+00 9.080000e+00
      vertex   1.081057e+01 -4.373334e+00 9.080000e+00
      vertex   1.084013e+01 -4.686047e+00 9.080000e+00
    endloop
  endfacet
  facet normal 0.000000e+00 0.000000e+00 1.000000e+00
    outer loop
      vertex   1.415987e+01 -4.686047e+00 9.080000e+00
      vertex   1.084013e+01 -4.686047e+00 9.080000e+00
      vertex   1.415000e+01 -5.000000e+00 9.080000e+00
    endloop
  endfacet
  facet normal 0.000000e+00 0.000000e+00 1.000000e+00
    outer loop
      vertex   1.415000e+01 -5.000000e+00 9.080000e+00
      vertex   1.084013e+01 -4.686047e+00 9.080000e+00
      vertex   1.085000e+01 -5.000000e+00 9.080000e+00
    endloop
  endfacet
  facet normal 0.000000e+00 0.000000e+00 1.000000e+00
    outer loop
      vertex   1.415000e+01 -5.000000e+00 9.080000e+00
      vertex   1.085000e+01 -5.000000e+00 9.080000e+00
      vertex   1.415000e+01 -2.500000e+01 9.080000e+00
    endloop
  endfacet
  facet normal 0.000000e+00 0.000000e+00 1.000000e+00
    outer loop
      vertex   1.415000e+01 -2.500000e+01 9.080000e+00
      vertex   1.085000e+01 -5.000000e+00 9.080000e+00
      vertex   1.085000e+01 -2.500000e+01 9.080000e+00
    endloop
  endfacet
  facet normal -5.693451e-16 1.000000e+00 0.000000e+00
    outer loop
      vertex   5.850000e+00 2.220446e-15 9.080000e+00
      vertex   -2.220446e-15 -1.110223e-15 9.080000e+00
      vertex   5.850000e+00 2.220446e-15 3.308000e+01
    endloop
  endfacet
  facet normal -5.693451e-16 1.000000e+00 -1.236107e-31
    outer loop
      vertex   5.850000e+00 2.220446e-15 3.308000e+01
      vertex   -2.220446e-15 -1.110223e-15 9.080000e+00
      vertex   -6.661338e-15 -1.110223e-15 3.308000e+01
    endloop
  endfacet
  facet normal -1.897817e-16 1.000000e+00 0.000000e+00
    outer loop
      vertex   1.915000e+01 2.220446e-15 3.308000e+01
      vertex   2.500000e+01 3.330669e-15 3.308000e+01
      vertex   1.915000e+01 2.220446e-15 9.080000e+00
    endloop
  endfacet
  facet normal -1.897817e-16 1.000000e+00 -2.809334e-32
    outer loop
      vertex   1.915000e+01 2.220446e-15 9.080000e+00
      vertex   2.500000e+01 3.330669e-15 3.308000e+01
      vertex   2.500000e+01 3.330669e-15 9.080000e+00
    endloop
  endfacet
  facet normal -1.295191e-08 6.687783e-09 -1.000000e+00
    outer loop
      vertex   4.420000e+00 -1.644000e+01 0.000000e+00
      vertex   4.420000e+00 -2.316000e+01 -4.494190e-08
      vertex   -5.251355e-16 -2.500000e+01 0.000000e+00
    endloop
  endfacet
  facet normal 4.863842e-09 -3.610874e-08 -1.000000e+00
    outer loop
      vertex   -5.251355e-16 -2.500000e+01 0.000000e+00
      vertex   4.420000e+00 -2.316000e+01 -4.494190e-08
      vertex   1.366000e+01 -2.316000e+01 2.220446e-15
    endloop
  endfacet
  facet normal 1.776357e-16 -1.119877e-16 -1.000000e+00
    outer loop
      vertex   -5.251355e-16 -2.500000e+01 0.000000e+00
      vertex   1.366000e+01 -2.316000e+01 2.220446e-15
      vertex   2.500000e+01 -2.500000e+01 4.440892e-15
    endloop
  endfacet
  facet normal 1.958065e-16 0.000000e+00 -1.000000e+00
    outer loop
      vertex   2.500000e+01 -2.500000e+01 4.440892e-15
      vertex   1.366000e+01 -2.316000e+01 2.220446e-15
      vertex   2.500000e+01 -9.000000e+00 4.440892e-15
    endloop
  endfacet
  facet normal 1.958065e-16 -5.286053e-33 -1.000000e+00
    outer loop
      vertex   2.500000e+01 -9.000000e+00 4.440892e-15
      vertex   1.366000e+01 -2.316000e+01 2.220446e-15
      vertex   1.366000e+01 -1.000000e+01 2.220446e-15
    endloop
  endfacet
  facet normal 1.776357e-16 2.060574e-16 -1.000000e+00
    outer loop
      vertex   2.500000e+01 -9.000000e+00 4.440892e-15
      vertex   1.366000e+01 -1.000000e+01 2.220446e-15
      vertex   0.000000e+00 -9.000000e+00 0.000000e+00
    endloop
  endfacet
  facet normal 3.066914e-16 1.968959e-15 -1.000000e+00
    outer loop
      vertex   0.000000e+00 -9.000000e+00 0.000000e+00
      vertex   1.366000e+01 -1.000000e+01 2.220446e-15
      vertex   6.420000e+00 -1.000000e+01 0.000000e+00
    endloop
  endfacet
  facet normal 0.000000e+00 0.000000e+00 -1.000000e+00
    outer loop
      vertex   0.000000e+00 -9.000000e+00 0.000000e+00
      vertex   6.420000e+00 -1.000000e+01 0.000000e+00
      vertex   4.420000e+00 -1.644000e+01 0.000000e+00
    endloop
  endfacet
  facet normal 0.000000e+00 0.000000e+00 -1.000000e+00
    outer loop
      vertex   4.420000e+00 -1.644000e+01 0.000000e+00
      vertex   6.420000e+00 -1.000000e+01 0.000000e+00
      vertex   6.420000e+00 -1.644000e+01 0.000000e+00
    endloop
  endfacet
  facet normal 0.000000e+00 -0.000000e+00 -1.000000e+00
    outer loop
      vertex   0.000000e+00 -9.000000e+00 0.000000e+00
      vertex   4.420000e+00 -1.644000e+01 0.000000e+00
      vertex   -5.251355e-16 -2.500000e+01 0.000000e+00
    endloop
  endfacet
  facet normal 2.952311e-16 7.071068e-01 -7.071068e-01
    outer loop
      vertex   2.500000e+01 3.330669e-15 9.080000e+00
      vertex   2.500000e+01 -9.000000e+00 8.000000e-02
      vertex   1.915000e+01 2.220446e-15 9.080000e+00
    endloop
  endfacet
  facet normal 9.490337e-17 7.071068e-01 -7.071068e-01
    outer loop
      vertex   1.915000e+01 2.220446e-15 9.080000e+00
      vertex   2.500000e+01 -9.000000e+00 8.000000e-02
      vertex   0.000000e+00 -9.000000e+00 8.000000e-02
    endloop
  endfacet
  facet normal 1.888833e-16 7.071068e-01 -7.071068e-01
    outer loop
      vertex   1.915000e+01 2.220446e-15 9.080000e+00
      vertex   0.000000e+00 -9.000000e+00 8.000000e-02
      vertex   5.850000e+00 2.220446e-15 9.080000e+00
    endloop
  endfacet
  facet normal -6.173013e-16 7.071068e-01 -7.071068e-01
    outer loop
      vertex   5.850000e+00 2.220446e-15 9.080000e+00
      vertex   0.000000e+00 -9.000000e+00 8.000000e-02
      vertex   -2.220446e-15 -1.110223e-15 9.080000e+00
    endloop
  endfacet
  facet normal 9.601533e-17 -9.497307e-01 -3.130682e-01
    outer loop
      vertex   1.366000e+01 -9.219322e+00 1.551307e+00
      vertex   1.366000e+01 -1.000000e+01 3.919588e+00
      vertex   6.420000e+00 -9.219322e+00 1.551307e+00
    endloop
  endfacet
  facet normal -2.539819e-19 -9.497307e-01 -3.130682e-01
    outer loop
      vertex   6.420000e+00 -9.219322e+00 1.551307e+00
      vertex   1.366000e+01 -1.000000e+01 3.919588e+00
      vertex   6.420000e+00 -1.000000e+01 3.919588e+00
    endloop
  endfacet
  facet normal 0.000000e+00 -1.000000e+00 0.000000e+00
    outer loop
      vertex   6.420000e+00 -1.000000e+01 5.350000e+00
      vertex   6.420000e+00 -1.000000e+01 3.919588e+00
      vertex   1.366000e+01 -1.000000e+01 5.350000e+00
    endloop
  endfacet
  facet normal 0.000000e+00 -1.000000e+00 -0.000000e+00
    outer loop
      vertex   1.366000e+01 -1.000000e+01 5.350000e+00
      vertex   6.420000e+00 -1.000000e+01 3.919588e+00
      vertex   1.366000e+01 -1.000000e+01 3.919588e+00
    endloop
  endfacet
  facet normal -6.190629e-09 1.811688e-11 -1.000000e+00
    outer loop
      vertex   1.366000e+01 -1.000000e+01 5.350000e+00
      vertex   1.366000e+01 -2.316000e+01 5.350000e+00
      vertex   6.420000e+00 -1.644000e+01 5.350000e+00
    endloop
  endfacet
  facet normal 4.806160e-16 6.687783e-09 -1.000000e+00
    outer loop
      vertex   6.420000e+00 -1.644000e+01 5.350000e+00
      vertex   1.366000e+01 -2.316000e+01 5.350000e+00
      vertex   4.420000e+00 -2.316000e+01 5.350000e+00
    endloop
  endfacet
  facet normal 0.000000e+00 6.687783e-09 -1.000000e+00
    outer loop
      vertex   6.420000e+00 -1.644000e+01 5.350000e+00
      vertex   4.420000e+00 -2.316000e+01 5.350000e+00
      vertex   4.420000e+00 -1.644000e+01 5.350000e+00
    endloop
  endfacet
  facet normal 3.680297e-16 -6.941535e-09 -1.000000e+00
    outer loop
      vertex   6.420000e+00 -1.644000e+01 5.350000e+00
      vertex   6.420000e+00 -1.000000e+01 5.350000e+00
      vertex   1.366000e+01 -1.000000e+01 5.350000e+00
    endloop
  endfacet
  facet normal 0.000000e+00 1.000000e+00 -0.000000e+00
    outer loop
      vertex   4.420000e+00 -2.316000e+01 3.919588e+00
      vertex   4.420000e+00 -2.316000e+01 5.350000e+00
      vertex   1.366000e+01 -2.316000e+01 3.919588e+00
    endloop
  endfacet
  facet normal 0.000000e+00 1.000000e+00 -0.000000e+00
    outer loop
      vertex   1.366000e+01 -2.316000e+01 3.919588e+00
      vertex   4.420000e+00 -2.316000e+01 5.350000e+00
      vertex   1.366000e+01 -2.316000e+01 5.350000e+00
    endloop
  endfacet
  facet normal 7.523279e-17 9.497307e-01 -3.130682e-01
    outer loop
      vertex   4.420000e+00 -2.379277e+01 2.000000e+00
      vertex   4.420000e+00 -2.316000e+01 3.919588e+00
      vertex   1.366000e+01 -2.379277e+01 2.000000e+00
    endloop
  endfacet
  facet normal -1.933541e-18 9.497307e-01 -3.130682e-01
    outer loop
      vertex   1.366000e+01 -2.379277e+01 2.000000e+00
      vertex   4.420000e+00 -2.316000e+01 3.919588e+00
      vertex   1.366000e+01 -2.316000e+01 3.919588e+00
    endloop
  endfacet
  facet normal 0.000000e+00 1.000000e+00 -0.000000e+00
    outer loop
      vertex   1.366000e+01 -2.379277e+01 1.920000e+00
      vertex   4.420000e+00 -2.379277e+01 1.920000e+00
      vertex   1.366000e+01 -2.379277e+01 2.000000e+00
    endloop
  endfacet
  facet normal 0.000000e+00 1.000000e+00 0.000000e+00
    outer loop
      vertex   1.366000e+01 -2.379277e+01 2.000000e+00
      vertex   4.420000e+00 -2.379277e+01 1.920000e+00
      vertex   4.420000e+00 -2.379277e+01 2.000000e+00
    endloop
  endfacet
  facet normal 0.000000e+00 0.000000e+00 1.000000e+00
    outer loop
      vertex   1.366000e+01 -2.341000e+01 1.920000e+00
      vertex   4.420000e+00 -2.341000e+01 1.920000e+00
      vertex   1.366000e+01 -2.379277e+01 1.920000e+00
    endloop
  endfacet
  facet normal -2.403080e-16 -5.800981e-15 1.000000e+00
    outer loop
      vertex   1.366000e+01 -2.379277e+01 1.920000e+00
      vertex   4.420000e+00 -2.341000e+01 1.920000e+00
      vertex   4.420000e+00 -2.379277e+01 1.920000e+00
    endloop
  endfacet
  facet normal 3.055244e-15 -8.715574e-02 9.961947e-01
    outer loop
      vertex   6.420000e+00 -9.917365e+00 1.418481e+00
      vertex   6.782000e+00 -9.917365e+00 1.418481e+00
      vertex   6.420000e+00 -9.900000e+00 1.420000e+00
    endloop
  endfacet
  facet normal 1.839715e-19 -8.715574e-02 9.961947e-01
    outer loop
      vertex   6.420000e+00 -9.900000e+00 1.420000e+00
      vertex   6.782000e+00 -9.917365e+00 1.418481e+00
      vertex   7.144000e+00 -9.917365e+00 1.418481e+00
    endloop
  endfacet
  facet normal 1.839715e-19 -8.715574e-02 9.961947e-01
    outer loop
      vertex   6.420000e+00 -9.900000e+00 1.420000e+00
      vertex   7.144000e+00 -9.917365e+00 1.418481e+00
      vertex   7.506000e+00 -9.917365e+00 1.418481e+00
    endloop
  endfacet
  facet normal 0.000000e+00 -2.588190e-01 9.659258e-01
    outer loop
      vertex   7.506000e+00 -9.917365e+00 1.418481e+00
      vertex   7.144000e+00 -9.917365e+00 1.418481e+00
      vertex   7.506000e+00 -9.934202e+00 1.413969e+00
    endloop
  endfacet
  facet normal -7.378335e-19 -2.588190e-01 9.659258e-01
    outer loop
      vertex   7.506000e+00 -9.917365e+00 1.418481e+00
      vertex   7.506000e+00 -9.934202e+00 1.413969e+00
      vertex   7.868000e+00 -9.934202e+00 1.413969e+00
    endloop
  endfacet
  facet normal 0.000000e+00 -4.226183e-01 9.063078e-01
    outer loop
      vertex   7.868000e+00 -9.934202e+00 1.413969e+00
      vertex   7.506000e+00 -9.934202e+00 1.413969e+00
      vertex   7.868000e+00 -9.950000e+00 1.406603e+00
    endloop
  endfacet
  facet normal -1.050189e-18 -4.226183e-01 9.063078e-01
    outer loop
      vertex   7.868000e+00 -9.934202e+00 1.413969e+00
      vertex   7.868000e+00 -9.950000e+00 1.406603e+00
      vertex   8.230000e+00 -9.950000e+00 1.406603e+00
    endloop
  endfacet
  facet normal 0.000000e+00 -5.735764e-01 8.191520e-01
    outer loop
      vertex   8.230000e+00 -9.950000e+00 1.406603e+00
      vertex   7.868000e+00 -9.950000e+00 1.406603e+00
      vertex   8.230000e+00 -9.964279e+00 1.396604e+00
    endloop
  endfacet
  facet normal -1.883312e-18 -5.735764e-01 8.191520e-01
    outer loop
      vertex   8.230000e+00 -9.950000e+00 1.406603e+00
      vertex   8.230000e+00 -9.964279e+00 1.396604e+00
      vertex   8.592000e+00 -9.964279e+00 1.396604e+00
    endloop
  endfacet
  facet normal 0.000000e+00 -7.071068e-01 7.071068e-01
    outer loop
      vertex   8.592000e+00 -9.964279e+00 1.396604e+00
      vertex   8.230000e+00 -9.964279e+00 1.396604e+00
      vertex   8.592000e+00 -9.976604e+00 1.384279e+00
    endloop
  endfacet
  facet normal 1.988818e-18 -7.071068e-01 7.071068e-01
    outer loop
      vertex   8.592000e+00 -9.964279e+00 1.396604e+00
      vertex   8.592000e+00 -9.976604e+00 1.384279e+00
      vertex   8.954000e+00 -9.976604e+00 1.384279e+00
    endloop
  endfacet
  facet normal 0.000000e+00 -8.191520e-01 5.735764e-01
    outer loop
      vertex   8.954000e+00 -9.976604e+00 1.384279e+00
      vertex   8.592000e+00 -9.976604e+00 1.384279e+00
      vertex   8.954000e+00 -9.986603e+00 1.370000e+00
    endloop
  endfacet
  facet normal -3.528392e-16 -8.191520e-01 5.735764e-01
    outer loop
      vertex   8.954000e+00 -9.976604e+00 1.384279e+00
      vertex   8.954000e+00 -9.986603e+00 1.370000e+00
      vertex   9.316000e+00 -9.986603e+00 1.370000e+00
    endloop
  endfacet
  facet normal -2.592268e-16 -9.063078e-01 4.226183e-01
    outer loop
      vertex   9.316000e+00 -9.986603e+00 1.370000e+00
      vertex   8.954000e+00 -9.986603e+00 1.370000e+00
      vertex   9.316000e+00 -9.993969e+00 1.354202e+00
    endloop
  endfacet
  facet normal 2.588888e-16 -9.063078e-01 4.226183e-01
    outer loop
      vertex   9.316000e+00 -9.986603e+00 1.370000e+00
      vertex   9.316000e+00 -9.993969e+00 1.354202e+00
      vertex   9.678000e+00 -9.993969e+00 1.354202e+00
    endloop
  endfacet
  facet normal 1.587552e-16 -9.659258e-01 2.588190e-01
    outer loop
      vertex   9.678000e+00 -9.993969e+00 1.354202e+00
      vertex   9.316000e+00 -9.993969e+00 1.354202e+00
      vertex   9.678000e+00 -9.998481e+00 1.337365e+00
    endloop
  endfacet
  facet normal -7.441984e-19 -9.659258e-01 2.588190e-01
    outer loop
      vertex   9.678000e+00 -9.993969e+00 1.354202e+00
      vertex   9.678000e+00 -9.998481e+00 1.337365e+00
      vertex   1.004000e+01 -9.998481e+00 1.337365e+00
    endloop
  endfacet
  facet normal 0.000000e+00 -9.961947e-01 8.715574e-02
    outer loop
      vertex   1.004000e+01 -9.998481e+00 1.337365e+00
      vertex   9.678000e+00 -9.998481e+00 1.337365e+00
      vertex   6.420000e+00 -1.000000e+01 1.320000e+00
    endloop
  endfacet
  facet normal -3.522812e-21 -9.961947e-01 8.715574e-02
    outer loop
      vertex   1.004000e+01 -9.998481e+00 1.337365e+00
      vertex   6.420000e+00 -1.000000e+01 1.320000e+00
      vertex   1.366000e+01 -1.000000e+01 1.320000e+00
    endloop
  endfacet
  facet normal 2.962412e-15 -2.588190e-01 9.659258e-01
    outer loop
      vertex   6.782000e+00 -9.917365e+00 1.418481e+00
      vertex   6.420000e+00 -9.917365e+00 1.418481e+00
      vertex   6.782000e+00 -9.934202e+00 1.413969e+00
    endloop
  endfacet
  facet normal 2.962412e-15 -2.588190e-01 9.659258e-01
    outer loop
      vertex   6.782000e+00 -9.934202e+00 1.413969e+00
      vertex   6.420000e+00 -9.917365e+00 1.418481e+00
      vertex   6.420000e+00 -9.934202e+00 1.413969e+00
    endloop
  endfacet
  facet normal 2.779568e-15 -4.226183e-01 9.063078e-01
    outer loop
      vertex   6.782000e+00 -9.934202e+00 1.413969e+00
      vertex   6.420000e+00 -9.934202e+00 1.413969e+00
      vertex   6.782000e+00 -9.950000e+00 1.406603e+00
    endloop
  endfacet
  facet normal 2.223655e-15 -4.226183e-01 9.063078e-01
    outer loop
      vertex   6.782000e+00 -9.950000e+00 1.406603e+00
      vertex   6.420000e+00 -9.934202e+00 1.413969e+00
      vertex   6.420000e+00 -9.950000e+00 1.406603e+00
    endloop
  endfacet
  facet normal 2.009815e-15 -5.735764e-01 8.191520e-01
    outer loop
      vertex   6.782000e+00 -9.950000e+00 1.406603e+00
      vertex   6.420000e+00 -9.950000e+00 1.406603e+00
      vertex   6.782000e+00 -9.964279e+00 1.396604e+00
    endloop
  endfacet
  facet normal 4.321937e-15 -5.735764e-01 8.191520e-01
    outer loop
      vertex   6.782000e+00 -9.964279e+00 1.396604e+00
      vertex   6.420000e+00 -9.950000e+00 1.406603e+00
      vertex   6.420000e+00 -9.964279e+00 1.396604e+00
    endloop
  endfacet
  facet normal 4.770999e-15 -7.071068e-01 7.071068e-01
    outer loop
      vertex   6.782000e+00 -9.964279e+00 1.396604e+00
      vertex   6.420000e+00 -9.964279e+00 1.396604e+00
      vertex   6.782000e+00 -9.976604e+00 1.384279e+00
    endloop
  endfacet
  facet normal 8.674544e-16 -7.071068e-01 7.071068e-01
    outer loop
      vertex   6.782000e+00 -9.976604e+00 1.384279e+00
      vertex   6.420000e+00 -9.964279e+00 1.396604e+00
      vertex   6.420000e+00 -9.976604e+00 1.384279e+00
    endloop
  endfacet
  facet normal 7.036439e-16 -8.191520e-01 5.735764e-01
    outer loop
      vertex   6.782000e+00 -9.976604e+00 1.384279e+00
      vertex   6.420000e+00 -9.976604e+00 1.384279e+00
      vertex   6.782000e+00 -9.986603e+00 1.370000e+00
    endloop
  endfacet
  facet normal 0.000000e+00 -8.191520e-01 5.735764e-01
    outer loop
      vertex   6.782000e+00 -9.986603e+00 1.370000e+00
      vertex   6.420000e+00 -9.976604e+00 1.384279e+00
      vertex   6.420000e+00 -9.986603e+00 1.370000e+00
    endloop
  endfacet
  facet normal 0.000000e+00 -9.063078e-01 4.226183e-01
    outer loop
      vertex   6.782000e+00 -9.986603e+00 1.370000e+00
      vertex   6.420000e+00 -9.986603e+00 1.370000e+00
      vertex   6.782000e+00 -9.993969e+00 1.354202e+00
    endloop
  endfacet
  facet normal 0.000000e+00 -9.063078e-01 4.226183e-01
    outer loop
      vertex   6.782000e+00 -9.993969e+00 1.354202e+00
      vertex   6.420000e+00 -9.986603e+00 1.370000e+00
      vertex   6.420000e+00 -9.993969e+00 1.354202e+00
    endloop
  endfacet
  facet normal 0.000000e+00 -9.659258e-01 2.588190e-01
    outer loop
      vertex   6.782000e+00 -9.993969e+00 1.354202e+00
      vertex   6.420000e+00 -9.993969e+00 1.354202e+00
      vertex   6.782000e+00 -9.998481e+00 1.337365e+00
    endloop
  endfacet
  facet normal 0.000000e+00 -9.659258e-01 2.588190e-01
    outer loop
      vertex   6.782000e+00 -9.998481e+00 1.337365e+00
      vertex   6.420000e+00 -9.993969e+00 1.354202e+00
      vertex   6.420000e+00 -9.998481e+00 1.337365e+00
    endloop
  endfacet
  facet normal 0.000000e+00 -9.961947e-01 8.715574e-02
    outer loop
      vertex   6.782000e+00 -9.998481e+00 1.337365e+00
      vertex   6.420000e+00 -9.998481e+00 1.337365e+00
      vertex   6.420000e+00 -1.000000e+01 1.320000e+00
    endloop
  endfacet
  facet normal 0.000000e+00 -9.961947e-01 8.715574e-02
    outer loop
      vertex   1.366000e+01 -9.998481e+00 1.337365e+00
      vertex   1.329800e+01 -9.998481e+00 1.337365e+00
      vertex   1.366000e+01 -1.000000e+01 1.320000e+00
    endloop
  endfacet
  facet normal 5.338938e-17 -9.961947e-01 8.715574e-02
    outer loop
      vertex   1.366000e+01 -1.000000e+01 1.320000e+00
      vertex   1.329800e+01 -9.998481e+00 1.337365e+00
      vertex   1.293600e+01 -9.998481e+00 1.337365e+00
    endloop
  endfacet
  facet normal -5.322751e-17 -9.961947e-01 8.715574e-02
    outer loop
      vertex   1.366000e+01 -1.000000e+01 1.320000e+00
      vertex   1.293600e+01 -9.998481e+00 1.337365e+00
      vertex   1.257400e+01 -9.998481e+00 1.337365e+00
    endloop
  endfacet
  facet normal -1.587552e-16 -9.659258e-01 2.588190e-01
    outer loop
      vertex   1.257400e+01 -9.998481e+00 1.337365e+00
      vertex   1.293600e+01 -9.998481e+00 1.337365e+00
      vertex   1.257400e+01 -9.993969e+00 1.354202e+00
    endloop
  endfacet
  facet normal -7.441984e-19 -9.659258e-01 2.588190e-01
    outer loop
      vertex   1.257400e+01 -9.998481e+00 1.337365e+00
      vertex   1.257400e+01 -9.993969e+00 1.354202e+00
      vertex   1.221200e+01 -9.993969e+00 1.354202e+00
    endloop
  endfacet
  facet normal 0.000000e+00 -9.063078e-01 4.226183e-01
    outer loop
      vertex   1.221200e+01 -9.993969e+00 1.354202e+00
      vertex   1.257400e+01 -9.993969e+00 1.354202e+00
      vertex   1.221200e+01 -9.986603e+00 1.370000e+00
    endloop
  endfacet
  facet normal -9.901077e-19 -9.063078e-01 4.226183e-01
    outer loop
      vertex   1.221200e+01 -9.993969e+00 1.354202e+00
      vertex   1.221200e+01 -9.986603e+00 1.370000e+00
      vertex   1.185000e+01 -9.986603e+00 1.370000e+00
    endloop
  endfacet
  facet normal 0.000000e+00 -8.191520e-01 5.735764e-01
    outer loop
      vertex   1.185000e+01 -9.986603e+00 1.370000e+00
      vertex   1.221200e+01 -9.986603e+00 1.370000e+00
      vertex   1.185000e+01 -9.976604e+00 1.384279e+00
    endloop
  endfacet
  facet normal -1.427885e-18 -8.191520e-01 5.735764e-01
    outer loop
      vertex   1.185000e+01 -9.986603e+00 1.370000e+00
      vertex   1.185000e+01 -9.976604e+00 1.384279e+00
      vertex   1.148800e+01 -9.976604e+00 1.384279e+00
    endloop
  endfacet
  facet normal 0.000000e+00 -7.071068e-01 7.071068e-01
    outer loop
      vertex   1.148800e+01 -9.976604e+00 1.384279e+00
      vertex   1.185000e+01 -9.976604e+00 1.384279e+00
      vertex   1.148800e+01 -9.964279e+00 1.396604e+00
    endloop
  endfacet
  facet normal 2.109101e-18 -7.071068e-01 7.071068e-01
    outer loop
      vertex   1.148800e+01 -9.976604e+00 1.384279e+00
      vertex   1.148800e+01 -9.964279e+00 1.396604e+00
      vertex   1.112600e+01 -9.964279e+00 1.396604e+00
    endloop
  endfacet
  facet normal 0.000000e+00 -5.735764e-01 8.191520e-01
    outer loop
      vertex   1.112600e+01 -9.964279e+00 1.396604e+00
      vertex   1.148800e+01 -9.964279e+00 1.396604e+00
      vertex   1.112600e+01 -9.950000e+00 1.406603e+00
    endloop
  endfacet
  facet normal -2.005262e-18 -5.735764e-01 8.191520e-01
    outer loop
      vertex   1.112600e+01 -9.964279e+00 1.396604e+00
      vertex   1.112600e+01 -9.950000e+00 1.406603e+00
      vertex   1.076400e+01 -9.950000e+00 1.406603e+00
    endloop
  endfacet
  facet normal 0.000000e+00 -4.226183e-01 9.063078e-01
    outer loop
      vertex   1.076400e+01 -9.950000e+00 1.406603e+00
      vertex   1.112600e+01 -9.950000e+00 1.406603e+00
      vertex   1.076400e+01 -9.934202e+00 1.413969e+00
    endloop
  endfacet
  facet normal 3.853614e-19 -4.226183e-01 9.063078e-01
    outer loop
      vertex   1.076400e+01 -9.950000e+00 1.406603e+00
      vertex   1.076400e+01 -9.934202e+00 1.413969e+00
      vertex   1.040200e+01 -9.934202e+00 1.413969e+00
    endloop
  endfacet
  facet normal 0.000000e+00 -2.588190e-01 9.659258e-01
    outer loop
      vertex   1.040200e+01 -9.934202e+00 1.413969e+00
      vertex   1.076400e+01 -9.934202e+00 1.413969e+00
      vertex   1.040200e+01 -9.917365e+00 1.418481e+00
    endloop
  endfacet
  facet normal -1.185703e-15 -2.588190e-01 9.659258e-01
    outer loop
      vertex   1.040200e+01 -9.934202e+00 1.413969e+00
      vertex   1.040200e+01 -9.917365e+00 1.418481e+00
      vertex   1.004000e+01 -9.917365e+00 1.418481e+00
    endloop
  endfacet
  facet normal -1.222098e-15 -8.715574e-02 9.961947e-01
    outer loop
      vertex   1.004000e+01 -9.917365e+00 1.418481e+00
      vertex   1.040200e+01 -9.917365e+00 1.418481e+00
      vertex   1.366000e+01 -9.900000e+00 1.420000e+00
    endloop
  endfacet
  facet normal -3.055376e-16 -8.715574e-02 9.961947e-01
    outer loop
      vertex   1.004000e+01 -9.917365e+00 1.418481e+00
      vertex   1.366000e+01 -9.900000e+00 1.420000e+00
      vertex   6.420000e+00 -9.900000e+00 1.420000e+00
    endloop
  endfacet
  facet normal 0.000000e+00 -9.659258e-01 2.588190e-01
    outer loop
      vertex   1.329800e+01 -9.998481e+00 1.337365e+00
      vertex   1.366000e+01 -9.998481e+00 1.337365e+00
      vertex   1.329800e+01 -9.993969e+00 1.354202e+00
    endloop
  endfacet
  facet normal 1.587552e-16 -9.659258e-01 2.588190e-01
    outer loop
      vertex   1.329800e+01 -9.993969e+00 1.354202e+00
      vertex   1.366000e+01 -9.998481e+00 1.337365e+00
      vertex   1.366000e+01 -9.993969e+00 1.354202e+00
    endloop
  endfacet
  facet normal 2.592268e-16 -9.063078e-01 4.226183e-01
    outer loop
      vertex   1.329800e+01 -9.993969e+00 1.354202e+00
      vertex   1.366000e+01 -9.993969e+00 1.354202e+00
      vertex   1.329800e+01 -9.986603e+00 1.370000e+00
    endloop
  endfacet
  facet normal 2.592268e-16 -9.063078e-01 4.226183e-01
    outer loop
      vertex   1.329800e+01 -9.986603e+00 1.370000e+00
      vertex   1.366000e+01 -9.993969e+00 1.354202e+00
      vertex   1.366000e+01 -9.986603e+00 1.370000e+00
    endloop
  endfacet
  facet normal 3.518220e-16 -8.191520e-01 5.735764e-01
    outer loop
      vertex   1.329800e+01 -9.986603e+00 1.370000e+00
      vertex   1.366000e+01 -9.986603e+00 1.370000e+00
      vertex   1.329800e+01 -9.976604e+00 1.384279e+00
    endloop
  endfacet
  facet normal 3.518220e-16 -8.191520e-01 5.735764e-01
    outer loop
      vertex   1.329800e+01 -9.976604e+00 1.384279e+00
      vertex   1.366000e+01 -9.986603e+00 1.370000e+00
      vertex   1.366000e+01 -9.976604e+00 1.384279e+00
    endloop
  endfacet
  facet normal 4.337272e-16 -7.071068e-01 7.071068e-01
    outer loop
      vertex   1.329800e+01 -9.976604e+00 1.384279e+00
      vertex   1.366000e+01 -9.976604e+00 1.384279e+00
      vertex   1.329800e+01 -9.964279e+00 1.396604e+00
    endloop
  endfacet
  facet normal 4.337272e-16 -7.071068e-01 7.071068e-01
    outer loop
      vertex   1.329800e+01 -9.964279e+00 1.396604e+00
      vertex   1.366000e+01 -9.976604e+00 1.384279e+00
      vertex   1.366000e+01 -9.964279e+00 1.396604e+00
    endloop
  endfacet
  facet normal 5.024538e-16 -5.735764e-01 8.191520e-01
    outer loop
      vertex   1.329800e+01 -9.964279e+00 1.396604e+00
      vertex   1.366000e+01 -9.964279e+00 1.396604e+00
      vertex   1.329800e+01 -9.950000e+00 1.406603e+00
    endloop
  endfacet
  facet normal 0.000000e+00 -5.735764e-01 8.191520e-01
    outer loop
      vertex   1.329800e+01 -9.950000e+00 1.406603e+00
      vertex   1.366000e+01 -9.964279e+00 1.396604e+00
      vertex   1.366000e+01 -9.950000e+00 1.406603e+00
    endloop
  endfacet
  facet normal 0.000000e+00 -4.226183e-01 9.063078e-01
    outer loop
      vertex   1.329800e+01 -9.950000e+00 1.406603e+00
      vertex   1.366000e+01 -9.950000e+00 1.406603e+00
      vertex   1.329800e+01 -9.934202e+00 1.413969e+00
    endloop
  endfacet
  facet normal 0.000000e+00 -4.226183e-01 9.063078e-01
    outer loop
      vertex   1.329800e+01 -9.934202e+00 1.413969e+00
      vertex   1.366000e+01 -9.950000e+00 1.406603e+00
      vertex   1.366000e+01 -9.934202e+00 1.413969e+00
    endloop
  endfacet
  facet normal 0.000000e+00 -2.588190e-01 9.659258e-01
    outer loop
      vertex   1.329800e+01 -9.934202e+00 1.413969e+00
      vertex   1.366000e+01 -9.934202e+00 1.413969e+00
      vertex   1.329800e+01 -9.917365e+00 1.418481e+00
    endloop
  endfacet
  facet normal 5.924824e-16 -2.588190e-01 9.659258e-01
    outer loop
      vertex   1.329800e+01 -9.917365e+00 1.418481e+00
      vertex   1.366000e+01 -9.934202e+00 1.413969e+00
      vertex   1.366000e+01 -9.917365e+00 1.418481e+00
    endloop
  endfacet
  facet normal 6.110488e-16 -8.715574e-02 9.961947e-01
    outer loop
      vertex   1.329800e+01 -9.917365e+00 1.418481e+00
      vertex   1.366000e+01 -9.917365e+00 1.418481e+00
      vertex   1.366000e+01 -9.900000e+00 1.420000e+00
    endloop
  endfacet
  facet normal 0.000000e+00 -2.588190e-01 9.659258e-01
    outer loop
      vertex   7.144000e+00 -9.917365e+00 1.418481e+00
      vertex   6.782000e+00 -9.917365e+00 1.418481e+00
      vertex   7.144000e+00 -9.934202e+00 1.413969e+00
    endloop
  endfacet
  facet normal 0.000000e+00 -2.588190e-01 9.659258e-01
    outer loop
      vertex   7.144000e+00 -9.934202e+00 1.413969e+00
      vertex   6.782000e+00 -9.917365e+00 1.418481e+00
      vertex   6.782000e+00 -9.934202e+00 1.413969e+00
    endloop
  endfacet
  facet normal 0.000000e+00 -4.226183e-01 9.063078e-01
    outer loop
      vertex   7.144000e+00 -9.934202e+00 1.413969e+00
      vertex   6.782000e+00 -9.934202e+00 1.413969e+00
      vertex   7.144000e+00 -9.950000e+00 1.406603e+00
    endloop
  endfacet
  facet normal 0.000000e+00 -4.226183e-01 9.063078e-01
    outer loop
      vertex   7.144000e+00 -9.950000e+00 1.406603e+00
      vertex   6.782000e+00 -9.934202e+00 1.413969e+00
      vertex   6.782000e+00 -9.950000e+00 1.406603e+00
    endloop
  endfacet
  facet normal 0.000000e+00 -5.735764e-01 8.191520e-01
    outer loop
      vertex   7.144000e+00 -9.950000e+00 1.406603e+00
      vertex   6.782000e+00 -9.950000e+00 1.406603e+00
      vertex   7.144000e+00 -9.964279e+00 1.396604e+00
    endloop
  endfacet
  facet normal 0.000000e+00 -5.735764e-01 8.191520e-01
    outer loop
      vertex   7.144000e+00 -9.964279e+00 1.396604e+00
      vertex   6.782000e+00 -9.950000e+00 1.406603e+00
      vertex   6.782000e+00 -9.964279e+00 1.396604e+00
    endloop
  endfacet
  facet normal 0.000000e+00 -7.071068e-01 7.071068e-01
    outer loop
      vertex   7.144000e+00 -9.964279e+00 1.396604e+00
      vertex   6.782000e+00 -9.964279e+00 1.396604e+00
      vertex   7.144000e+00 -9.976604e+00 1.384279e+00
    endloop
  endfacet
  facet normal 0.000000e+00 -7.071068e-01 7.071068e-01
    outer loop
      vertex   7.144000e+00 -9.976604e+00 1.384279e+00
      vertex   6.782000e+00 -9.964279e+00 1.396604e+00
      vertex   6.782000e+00 -9.976604e+00 1.384279e+00
    endloop
  endfacet
  facet normal 0.000000e+00 -8.191520e-01 5.735764e-01
    outer loop
      vertex   7.144000e+00 -9.976604e+00 1.384279e+00
      vertex   6.782000e+00 -9.976604e+00 1.384279e+00
      vertex   7.144000e+00 -9.986603e+00 1.370000e+00
    endloop
  endfacet
  facet normal 0.000000e+00 -8.191520e-01 5.735764e-01
    outer loop
      vertex   7.144000e+00 -9.986603e+00 1.370000e+00
      vertex   6.782000e+00 -9.976604e+00 1.384279e+00
      vertex   6.782000e+00 -9.986603e+00 1.370000e+00
    endloop
  endfacet
  facet normal 0.000000e+00 -9.063078e-01 4.226183e-01
    outer loop
      vertex   7.144000e+00 -9.986603e+00 1.370000e+00
      vertex   6.782000e+00 -9.986603e+00 1.370000e+00
      vertex   7.144000e+00 -9.993969e+00 1.354202e+00
    endloop
  endfacet
  facet normal 0.000000e+00 -9.063078e-01 4.226183e-01
    outer loop
      vertex   7.144000e+00 -9.993969e+00 1.354202e+00
      vertex   6.782000e+00 -9.986603e+00 1.370000e+00
      vertex   6.782000e+00 -9.993969e+00 1.354202e+00
    endloop
  endfacet
  facet normal 0.000000e+00 -9.659258e-01 2.588190e-01
    outer loop
      vertex   7.144000e+00 -9.993969e+00 1.354202e+00
      vertex   6.782000e+00 -9.993969e+00 1.354202e+00
      vertex   7.144000e+00 -9.998481e+00 1.337365e+00
    endloop
  endfacet
  facet normal 0.000000e+00 -9.659258e-01 2.588190e-01
    outer loop
      vertex   7.144000e+00 -9.998481e+00 1.337365e+00
      vertex   6.782000e+00 -9.993969e+00 1.354202e+00
      vertex   6.782000e+00 -9.998481e+00 1.337365e+00
    endloop
  endfacet
  facet normal 0.000000e+00 -9.961947e-01 8.715574e-02
    outer loop
      vertex   7.144000e+00 -9.998481e+00 1.337365e+00
      vertex   6.782000e+00 -9.998481e+00 1.337365e+00
      vertex   6.420000e+00 -1.000000e+01 1.320000e+00
    endloop
  endfacet
  facet normal 0.000000e+00 -8.715574e-02 9.961947e-01
    outer loop
      vertex   7.506000e+00 -9.917365e+00 1.418481e+00
      vertex   7.868000e+00 -9.917365e+00 1.418481e+00
      vertex   6.420000e+00 -9.900000e+00 1.420000e+00
    endloop
  endfacet
  facet normal -6.108648e-16 -8.715574e-02 9.961947e-01
    outer loop
      vertex   6.420000e+00 -9.900000e+00 1.420000e+00
      vertex   7.868000e+00 -9.917365e+00 1.418481e+00
      vertex   8.230000e+00 -9.917365e+00 1.418481e+00
    endloop
  endfacet
  facet normal 1.728584e-19 -8.715574e-02 9.961947e-01
    outer loop
      vertex   6.420000e+00 -9.900000e+00 1.420000e+00
      vertex   8.230000e+00 -9.917365e+00 1.418481e+00
      vertex   8.592000e+00 -9.917365e+00 1.418481e+00
    endloop
  endfacet
  facet normal 0.000000e+00 -2.588190e-01 9.659258e-01
    outer loop
      vertex   8.592000e+00 -9.917365e+00 1.418481e+00
      vertex   8.230000e+00 -9.917365e+00 1.418481e+00
      vertex   8.592000e+00 -9.934202e+00 1.413969e+00
    endloop
  endfacet
  facet normal -4.384971e-19 -2.588190e-01 9.659258e-01
    outer loop
      vertex   8.592000e+00 -9.917365e+00 1.418481e+00
      vertex   8.592000e+00 -9.934202e+00 1.413969e+00
      vertex   8.954000e+00 -9.934202e+00 1.413969e+00
    endloop
  endfacet
  facet normal 0.000000e+00 -4.226183e-01 9.063078e-01
    outer loop
      vertex   8.954000e+00 -9.934202e+00 1.413969e+00
      vertex   8.592000e+00 -9.934202e+00 1.413969e+00
      vertex   8.954000e+00 -9.950000e+00 1.406603e+00
    endloop
  endfacet
  facet normal -5.555283e-16 -4.226183e-01 9.063078e-01
    outer loop
      vertex   8.954000e+00 -9.934202e+00 1.413969e+00
      vertex   8.954000e+00 -9.950000e+00 1.406603e+00
      vertex   9.316000e+00 -9.950000e+00 1.406603e+00
    endloop
  endfacet
  facet normal -5.024538e-16 -5.735764e-01 8.191520e-01
    outer loop
      vertex   9.316000e+00 -9.950000e+00 1.406603e+00
      vertex   8.954000e+00 -9.950000e+00 1.406603e+00
      vertex   9.316000e+00 -9.964279e+00 1.396604e+00
    endloop
  endfacet
  facet normal -1.883312e-18 -5.735764e-01 8.191520e-01
    outer loop
      vertex   9.316000e+00 -9.950000e+00 1.406603e+00
      vertex   9.316000e+00 -9.964279e+00 1.396604e+00
      vertex   9.678000e+00 -9.964279e+00 1.396604e+00
    endloop
  endfacet
  facet normal 0.000000e+00 -7.071068e-01 7.071068e-01
    outer loop
      vertex   9.678000e+00 -9.964279e+00 1.396604e+00
      vertex   9.316000e+00 -9.964279e+00 1.396604e+00
      vertex   9.678000e+00 -9.976604e+00 1.384279e+00
    endloop
  endfacet
  facet normal 1.868535e-18 -7.071068e-01 7.071068e-01
    outer loop
      vertex   9.678000e+00 -9.964279e+00 1.396604e+00
      vertex   9.678000e+00 -9.976604e+00 1.384279e+00
      vertex   1.004000e+01 -9.976604e+00 1.384279e+00
    endloop
  endfacet
  facet normal 0.000000e+00 -8.191520e-01 5.735764e-01
    outer loop
      vertex   1.004000e+01 -9.976604e+00 1.384279e+00
      vertex   9.678000e+00 -9.976604e+00 1.384279e+00
      vertex   1.004000e+01 -9.986603e+00 1.370000e+00
    endloop
  endfacet
  facet normal -3.528392e-16 -8.191520e-01 5.735764e-01
    outer loop
      vertex   1.004000e+01 -9.976604e+00 1.384279e+00
      vertex   1.004000e+01 -9.986603e+00 1.370000e+00
      vertex   1.040200e+01 -9.986603e+00 1.370000e+00
    endloop
  endfacet
  facet normal -2.592268e-16 -9.063078e-01 4.226183e-01
    outer loop
      vertex   1.040200e+01 -9.986603e+00 1.370000e+00
      vertex   1.004000e+01 -9.986603e+00 1.370000e+00
      vertex   1.040200e+01 -9.993969e+00 1.354202e+00
    endloop
  endfacet
  facet normal -3.379798e-19 -9.063078e-01 4.226183e-01
    outer loop
      vertex   1.040200e+01 -9.986603e+00 1.370000e+00
      vertex   1.040200e+01 -9.993969e+00 1.354202e+00
      vertex   1.076400e+01 -9.993969e+00 1.354202e+00
    endloop
  endfacet
  facet normal 0.000000e+00 -9.659258e-01 2.588190e-01
    outer loop
      vertex   1.076400e+01 -9.993969e+00 1.354202e+00
      vertex   1.040200e+01 -9.993969e+00 1.354202e+00
      vertex   1.076400e+01 -9.998481e+00 1.337365e+00
    endloop
  endfacet
  facet normal -9.232515e-19 -9.659258e-01 2.588190e-01
    outer loop
      vertex   1.076400e+01 -9.993969e+00 1.354202e+00
      vertex   1.076400e+01 -9.998481e+00 1.337365e+00
      vertex   1.112600e+01 -9.998481e+00 1.337365e+00
    endloop
  endfacet
  facet normal 0.000000e+00 -9.961947e-01 8.715574e-02
    outer loop
      vertex   1.112600e+01 -9.998481e+00 1.337365e+00
      vertex   1.076400e+01 -9.998481e+00 1.337365e+00
      vertex   1.366000e+01 -1.000000e+01 1.320000e+00
    endloop
  endfacet
  facet normal 0.000000e+00 -9.961947e-01 8.715574e-02
    outer loop
      vertex   1.112600e+01 -9.998481e+00 1.337365e+00
      vertex   1.366000e+01 -1.000000e+01 1.320000e+00
      vertex   1.148800e+01 -9.998481e+00 1.337365e+00
    endloop
  endfacet
  facet normal 0.000000e+00 -9.961947e-01 8.715574e-02
    outer loop
      vertex   1.148800e+01 -9.998481e+00 1.337365e+00
      vertex   1.366000e+01 -1.000000e+01 1.320000e+00
      vertex   1.185000e+01 -9.998481e+00 1.337365e+00
    endloop
  endfacet
  facet normal 0.000000e+00 -9.659258e-01 2.588190e-01
    outer loop
      vertex   1.148800e+01 -9.998481e+00 1.337365e+00
      vertex   1.185000e+01 -9.998481e+00 1.337365e+00
      vertex   1.148800e+01 -9.993969e+00 1.354202e+00
    endloop
  endfacet
  facet normal -1.587552e-16 -9.659258e-01 2.588190e-01
    outer loop
      vertex   1.148800e+01 -9.993969e+00 1.354202e+00
      vertex   1.185000e+01 -9.998481e+00 1.337365e+00
      vertex   1.185000e+01 -9.993969e+00 1.354202e+00
    endloop
  endfacet
  facet normal -2.592268e-16 -9.063078e-01 4.226183e-01
    outer loop
      vertex   1.148800e+01 -9.993969e+00 1.354202e+00
      vertex   1.185000e+01 -9.993969e+00 1.354202e+00
      vertex   1.148800e+01 -9.986603e+00 1.370000e+00
    endloop
  endfacet
  facet normal -2.592268e-16 -9.063078e-01 4.226183e-01
    outer loop
      vertex   1.148800e+01 -9.986603e+00 1.370000e+00
      vertex   1.185000e+01 -9.993969e+00 1.354202e+00
      vertex   1.185000e+01 -9.986603e+00 1.370000e+00
    endloop
  endfacet
  facet normal -3.518220e-16 -8.191520e-01 5.735764e-01
    outer loop
      vertex   1.148800e+01 -9.986603e+00 1.370000e+00
      vertex   1.185000e+01 -9.986603e+00 1.370000e+00
      vertex   1.148800e+01 -9.976604e+00 1.384279e+00
    endloop
  endfacet
  facet normal 0.000000e+00 -2.588190e-01 9.659258e-01
    outer loop
      vertex   7.506000e+00 -9.917365e+00 1.418481e+00
      vertex   7.868000e+00 -9.934202e+00 1.413969e+00
      vertex   7.868000e+00 -9.917365e+00 1.418481e+00
    endloop
  endfacet
  facet normal -1.185703e-15 -2.588190e-01 9.659258e-01
    outer loop
      vertex   7.868000e+00 -9.917365e+00 1.418481e+00
      vertex   7.868000e+00 -9.934202e+00 1.413969e+00
      vertex   8.230000e+00 -9.934202e+00 1.413969e+00
    endloop
  endfacet
  facet normal -5.924824e-16 -2.588190e-01 9.659258e-01
    outer loop
      vertex   7.868000e+00 -9.917365e+00 1.418481e+00
      vertex   8.230000e+00 -9.934202e+00 1.413969e+00
      vertex   8.230000e+00 -9.917365e+00 1.418481e+00
    endloop
  endfacet
  facet normal -4.384971e-19 -2.588190e-01 9.659258e-01
    outer loop
      vertex   8.230000e+00 -9.917365e+00 1.418481e+00
      vertex   8.230000e+00 -9.934202e+00 1.413969e+00
      vertex   8.592000e+00 -9.934202e+00 1.413969e+00
    endloop
  endfacet
  facet normal 0.000000e+00 -8.715574e-02 9.961947e-01
    outer loop
      vertex   8.592000e+00 -9.917365e+00 1.418481e+00
      vertex   8.954000e+00 -9.917365e+00 1.418481e+00
      vertex   6.420000e+00 -9.900000e+00 1.420000e+00
    endloop
  endfacet
  facet normal -6.108759e-16 -8.715574e-02 9.961947e-01
    outer loop
      vertex   6.420000e+00 -9.900000e+00 1.420000e+00
      vertex   8.954000e+00 -9.917365e+00 1.418481e+00
      vertex   9.316000e+00 -9.917365e+00 1.418481e+00
    endloop
  endfacet
  facet normal 1.617453e-19 -8.715574e-02 9.961947e-01
    outer loop
      vertex   6.420000e+00 -9.900000e+00 1.420000e+00
      vertex   9.316000e+00 -9.917365e+00 1.418481e+00
      vertex   9.678000e+00 -9.917365e+00 1.418481e+00
    endloop
  endfacet
  facet normal 0.000000e+00 -2.588190e-01 9.659258e-01
    outer loop
      vertex   9.678000e+00 -9.917365e+00 1.418481e+00
      vertex   9.316000e+00 -9.917365e+00 1.418481e+00
      vertex   9.678000e+00 -9.934202e+00 1.413969e+00
    endloop
  endfacet
  facet normal -4.384971e-19 -2.588190e-01 9.659258e-01
    outer loop
      vertex   9.678000e+00 -9.917365e+00 1.418481e+00
      vertex   9.678000e+00 -9.934202e+00 1.413969e+00
      vertex   1.004000e+01 -9.934202e+00 1.413969e+00
    endloop
  endfacet
  facet normal 0.000000e+00 -4.226183e-01 9.063078e-01
    outer loop
      vertex   1.004000e+01 -9.934202e+00 1.413969e+00
      vertex   9.678000e+00 -9.934202e+00 1.413969e+00
      vertex   1.004000e+01 -9.950000e+00 1.406603e+00
    endloop
  endfacet
  facet normal -5.555283e-16 -4.226183e-01 9.063078e-01
    outer loop
      vertex   1.004000e+01 -9.934202e+00 1.413969e+00
      vertex   1.004000e+01 -9.950000e+00 1.406603e+00
      vertex   1.040200e+01 -9.950000e+00 1.406603e+00
    endloop
  endfacet
  facet normal -5.024538e-16 -5.735764e-01 8.191520e-01
    outer loop
      vertex   1.040200e+01 -9.950000e+00 1.406603e+00
      vertex   1.004000e+01 -9.950000e+00 1.406603e+00
      vertex   1.040200e+01 -9.964279e+00 1.396604e+00
    endloop
  endfacet
  facet normal -1.761361e-18 -5.735764e-01 8.191520e-01
    outer loop
      vertex   1.040200e+01 -9.950000e+00 1.406603e+00
      vertex   1.040200e+01 -9.964279e+00 1.396604e+00
      vertex   1.076400e+01 -9.964279e+00 1.396604e+00
    endloop
  endfacet
  facet normal 0.000000e+00 -7.071068e-01 7.071068e-01
    outer loop
      vertex   1.076400e+01 -9.964279e+00 1.396604e+00
      vertex   1.040200e+01 -9.964279e+00 1.396604e+00
      vertex   1.076400e+01 -9.976604e+00 1.384279e+00
    endloop
  endfacet
  facet normal 1.868535e-18 -7.071068e-01 7.071068e-01
    outer loop
      vertex   1.076400e+01 -9.964279e+00 1.396604e+00
      vertex   1.076400e+01 -9.976604e+00 1.384279e+00
      vertex   1.112600e+01 -9.976604e+00 1.384279e+00
    endloop
  endfacet
  facet normal 0.000000e+00 -8.191520e-01 5.735764e-01
    outer loop
      vertex   1.112600e+01 -9.976604e+00 1.384279e+00
      vertex   1.076400e+01 -9.976604e+00 1.384279e+00
      vertex   1.112600e+01 -9.986603e+00 1.370000e+00
    endloop
  endfacet
  facet normal -1.838524e-18 -8.191520e-01 5.735764e-01
    outer loop
      vertex   1.112600e+01 -9.976604e+00 1.384279e+00
      vertex   1.112600e+01 -9.986603e+00 1.370000e+00
      vertex   1.148800e+01 -9.986603e+00 1.370000e+00
    endloop
  endfacet
  facet normal 0.000000e+00 -9.063078e-01 4.226183e-01
    outer loop
      vertex   1.148800e+01 -9.986603e+00 1.370000e+00
      vertex   1.112600e+01 -9.986603e+00 1.370000e+00
      vertex   1.148800e+01 -9.993969e+00 1.354202e+00
    endloop
  endfacet
  facet normal 0.000000e+00 -2.588190e-01 9.659258e-01
    outer loop
      vertex   8.592000e+00 -9.917365e+00 1.418481e+00
      vertex   8.954000e+00 -9.934202e+00 1.413969e+00
      vertex   8.954000e+00 -9.917365e+00 1.418481e+00
    endloop
  endfacet
  facet normal -5.929209e-16 -2.588190e-01 9.659258e-01
    outer loop
      vertex   8.954000e+00 -9.917365e+00 1.418481e+00
      vertex   8.954000e+00 -9.934202e+00 1.413969e+00
      vertex   9.316000e+00 -9.934202e+00 1.413969e+00
    endloop
  endfacet
  facet normal -5.924824e-16 -2.588190e-01 9.659258e-01
    outer loop
      vertex   8.954000e+00 -9.917365e+00 1.418481e+00
      vertex   9.316000e+00 -9.934202e+00 1.413969e+00
      vertex   9.316000e+00 -9.917365e+00 1.418481e+00
    endloop
  endfacet
  facet normal -4.384971e-19 -2.588190e-01 9.659258e-01
    outer loop
      vertex   9.316000e+00 -9.917365e+00 1.418481e+00
      vertex   9.316000e+00 -9.934202e+00 1.413969e+00
      vertex   9.678000e+00 -9.934202e+00 1.413969e+00
    endloop
  endfacet
  facet normal 0.000000e+00 -8.715574e-02 9.961947e-01
    outer loop
      vertex   1.004000e+01 -9.917365e+00 1.418481e+00
      vertex   6.420000e+00 -9.900000e+00 1.420000e+00
      vertex   9.678000e+00 -9.917365e+00 1.418481e+00
    endloop
  endfacet
  facet normal -5.924824e-16 -2.588190e-01 9.659258e-01
    outer loop
      vertex   1.040200e+01 -9.934202e+00 1.413969e+00
      vertex   1.004000e+01 -9.917365e+00 1.418481e+00
      vertex   1.004000e+01 -9.934202e+00 1.413969e+00
    endloop
  endfacet
  facet normal -4.384971e-19 -2.588190e-01 9.659258e-01
    outer loop
      vertex   1.004000e+01 -9.934202e+00 1.413969e+00
      vertex   1.004000e+01 -9.917365e+00 1.418481e+00
      vertex   9.678000e+00 -9.917365e+00 1.418481e+00
    endloop
  endfacet
  facet normal 0.000000e+00 -8.715574e-02 9.961947e-01
    outer loop
      vertex   1.040200e+01 -9.917365e+00 1.418481e+00
      vertex   1.076400e+01 -9.917365e+00 1.418481e+00
      vertex   1.366000e+01 -9.900000e+00 1.420000e+00
    endloop
  endfacet
  facet normal 2.506503e-19 -8.715574e-02 9.961947e-01
    outer loop
      vertex   1.366000e+01 -9.900000e+00 1.420000e+00
      vertex   1.076400e+01 -9.917365e+00 1.418481e+00
      vertex   1.112600e+01 -9.917365e+00 1.418481e+00
    endloop
  endfacet
  facet normal 2.506503e-19 -8.715574e-02 9.961947e-01
    outer loop
      vertex   1.366000e+01 -9.900000e+00 1.420000e+00
      vertex   1.112600e+01 -9.917365e+00 1.418481e+00
      vertex   1.148800e+01 -9.917365e+00 1.418481e+00
    endloop
  endfacet
  facet normal 0.000000e+00 -2.588190e-01 9.659258e-01
    outer loop
      vertex   1.148800e+01 -9.917365e+00 1.418481e+00
      vertex   1.112600e+01 -9.917365e+00 1.418481e+00
      vertex   1.148800e+01 -9.934202e+00 1.413969e+00
    endloop
  endfacet
  facet normal -5.932202e-16 -2.588190e-01 9.659258e-01
    outer loop
      vertex   1.148800e+01 -9.917365e+00 1.418481e+00
      vertex   1.148800e+01 -9.934202e+00 1.413969e+00
      vertex   1.185000e+01 -9.934202e+00 1.413969e+00
    endloop
  endfacet
  facet normal -5.559137e-16 -4.226183e-01 9.063078e-01
    outer loop
      vertex   1.185000e+01 -9.934202e+00 1.413969e+00
      vertex   1.148800e+01 -9.934202e+00 1.413969e+00
      vertex   1.185000e+01 -9.950000e+00 1.406603e+00
    endloop
  endfacet
  facet normal 7.414661e-19 -4.226183e-01 9.063078e-01
    outer loop
      vertex   1.185000e+01 -9.934202e+00 1.413969e+00
      vertex   1.185000e+01 -9.950000e+00 1.406603e+00
      vertex   1.221200e+01 -9.950000e+00 1.406603e+00
    endloop
  endfacet
  facet normal 0.000000e+00 -5.735764e-01 8.191520e-01
    outer loop
      vertex   1.221200e+01 -9.950000e+00 1.406603e+00
      vertex   1.185000e+01 -9.950000e+00 1.406603e+00
      vertex   1.221200e+01 -9.964279e+00 1.396604e+00
    endloop
  endfacet
  facet normal -2.005262e-18 -5.735764e-01 8.191520e-01
    outer loop
      vertex   1.221200e+01 -9.950000e+00 1.406603e+00
      vertex   1.221200e+01 -9.964279e+00 1.396604e+00
      vertex   1.257400e+01 -9.964279e+00 1.396604e+00
    endloop
  endfacet
  facet normal 0.000000e+00 -7.071068e-01 7.071068e-01
    outer loop
      vertex   1.257400e+01 -9.964279e+00 1.396604e+00
      vertex   1.221200e+01 -9.964279e+00 1.396604e+00
      vertex   1.257400e+01 -9.976604e+00 1.384279e+00
    endloop
  endfacet
  facet normal -4.318587e-16 -7.071068e-01 7.071068e-01
    outer loop
      vertex   1.257400e+01 -9.964279e+00 1.396604e+00
      vertex   1.257400e+01 -9.976604e+00 1.384279e+00
      vertex   1.293600e+01 -9.976604e+00 1.384279e+00
    endloop
  endfacet
  facet normal -3.518220e-16 -8.191520e-01 5.735764e-01
    outer loop
      vertex   1.293600e+01 -9.976604e+00 1.384279e+00
      vertex   1.257400e+01 -9.976604e+00 1.384279e+00
      vertex   1.293600e+01 -9.986603e+00 1.370000e+00
    endloop
  endfacet
  facet normal -1.838524e-18 -8.191520e-01 5.735764e-01
    outer loop
      vertex   1.293600e+01 -9.976604e+00 1.384279e+00
      vertex   1.293600e+01 -9.986603e+00 1.370000e+00
      vertex   1.329800e+01 -9.986603e+00 1.370000e+00
    endloop
  endfacet
  facet normal 0.000000e+00 -9.063078e-01 4.226183e-01
    outer loop
      vertex   1.329800e+01 -9.986603e+00 1.370000e+00
      vertex   1.293600e+01 -9.986603e+00 1.370000e+00
      vertex   1.329800e+01 -9.993969e+00 1.354202e+00
    endloop
  endfacet
  facet normal 0.000000e+00 -2.588190e-01 9.659258e-01
    outer loop
      vertex   1.040200e+01 -9.917365e+00 1.418481e+00
      vertex   1.076400e+01 -9.934202e+00 1.413969e+00
      vertex   1.076400e+01 -9.917365e+00 1.418481e+00
    endloop
  endfacet
  facet normal -7.378335e-19 -2.588190e-01 9.659258e-01
    outer loop
      vertex   1.076400e+01 -9.917365e+00 1.418481e+00
      vertex   1.076400e+01 -9.934202e+00 1.413969e+00
      vertex   1.112600e+01 -9.934202e+00 1.413969e+00
    endloop
  endfacet
  facet normal 0.000000e+00 -2.588190e-01 9.659258e-01
    outer loop
      vertex   1.076400e+01 -9.917365e+00 1.418481e+00
      vertex   1.112600e+01 -9.934202e+00 1.413969e+00
      vertex   1.112600e+01 -9.917365e+00 1.418481e+00
    endloop
  endfacet
  facet normal -7.378335e-19 -2.588190e-01 9.659258e-01
    outer loop
      vertex   1.112600e+01 -9.917365e+00 1.418481e+00
      vertex   1.112600e+01 -9.934202e+00 1.413969e+00
      vertex   1.148800e+01 -9.934202e+00 1.413969e+00
    endloop
  endfacet
  facet normal -6.110488e-16 -8.715574e-02 9.961947e-01
    outer loop
      vertex   1.148800e+01 -9.917365e+00 1.418481e+00
      vertex   1.185000e+01 -9.917365e+00 1.418481e+00
      vertex   1.366000e+01 -9.900000e+00 1.420000e+00
    endloop
  endfacet
  facet normal 2.395372e-19 -8.715574e-02 9.961947e-01
    outer loop
      vertex   1.366000e+01 -9.900000e+00 1.420000e+00
      vertex   1.185000e+01 -9.917365e+00 1.418481e+00
      vertex   1.221200e+01 -9.917365e+00 1.418481e+00
    endloop
  endfacet
  facet normal 2.395372e-19 -8.715574e-02 9.961947e-01
    outer loop
      vertex   1.366000e+01 -9.900000e+00 1.420000e+00
      vertex   1.221200e+01 -9.917365e+00 1.418481e+00
      vertex   1.257400e+01 -9.917365e+00 1.418481e+00
    endloop
  endfacet
  facet normal 0.000000e+00 -2.588190e-01 9.659258e-01
    outer loop
      vertex   1.257400e+01 -9.917365e+00 1.418481e+00
      vertex   1.221200e+01 -9.917365e+00 1.418481e+00
      vertex   1.257400e+01 -9.934202e+00 1.413969e+00
    endloop
  endfacet
  facet normal -5.935195e-16 -2.588190e-01 9.659258e-01
    outer loop
      vertex   1.257400e+01 -9.917365e+00 1.418481e+00
      vertex   1.257400e+01 -9.934202e+00 1.413969e+00
      vertex   1.293600e+01 -9.934202e+00 1.413969e+00
    endloop
  endfacet
  facet normal -5.559137e-16 -4.226183e-01 9.063078e-01
    outer loop
      vertex   1.293600e+01 -9.934202e+00 1.413969e+00
      vertex   1.257400e+01 -9.934202e+00 1.413969e+00
      vertex   1.293600e+01 -9.950000e+00 1.406603e+00
    endloop
  endfacet
  facet normal 7.414661e-19 -4.226183e-01 9.063078e-01
    outer loop
      vertex   1.293600e+01 -9.934202e+00 1.413969e+00
      vertex   1.293600e+01 -9.950000e+00 1.406603e+00
      vertex   1.329800e+01 -9.950000e+00 1.406603e+00
    endloop
  endfacet
  facet normal 0.000000e+00 -5.735764e-01 8.191520e-01
    outer loop
      vertex   1.329800e+01 -9.950000e+00 1.406603e+00
      vertex   1.293600e+01 -9.950000e+00 1.406603e+00
      vertex   1.329800e+01 -9.964279e+00 1.396604e+00
    endloop
  endfacet
  facet normal -5.924824e-16 -2.588190e-01 9.659258e-01
    outer loop
      vertex   1.148800e+01 -9.917365e+00 1.418481e+00
      vertex   1.185000e+01 -9.934202e+00 1.413969e+00
      vertex   1.185000e+01 -9.917365e+00 1.418481e+00
    endloop
  endfacet
  facet normal -7.378335e-19 -2.588190e-01 9.659258e-01
    outer loop
      vertex   1.185000e+01 -9.917365e+00 1.418481e+00
      vertex   1.185000e+01 -9.934202e+00 1.413969e+00
      vertex   1.221200e+01 -9.934202e+00 1.413969e+00
    endloop
  endfacet
  facet normal 0.000000e+00 -2.588190e-01 9.659258e-01
    outer loop
      vertex   1.185000e+01 -9.917365e+00 1.418481e+00
      vertex   1.221200e+01 -9.934202e+00 1.413969e+00
      vertex   1.221200e+01 -9.917365e+00 1.418481e+00
    endloop
  endfacet
  facet normal 5.917445e-16 -2.588190e-01 9.659258e-01
    outer loop
      vertex   1.221200e+01 -9.917365e+00 1.418481e+00
      vertex   1.221200e+01 -9.934202e+00 1.413969e+00
      vertex   1.257400e+01 -9.934202e+00 1.413969e+00
    endloop
  endfacet
  facet normal 0.000000e+00 -8.715574e-02 9.961947e-01
    outer loop
      vertex   1.329800e+01 -9.917365e+00 1.418481e+00
      vertex   1.366000e+01 -9.900000e+00 1.420000e+00
      vertex   1.293600e+01 -9.917365e+00 1.418481e+00
    endloop
  endfacet
  facet normal -6.110488e-16 -8.715574e-02 9.961947e-01
    outer loop
      vertex   1.293600e+01 -9.917365e+00 1.418481e+00
      vertex   1.366000e+01 -9.900000e+00 1.420000e+00
      vertex   1.257400e+01 -9.917365e+00 1.418481e+00
    endloop
  endfacet
  facet normal -5.924824e-16 -2.588190e-01 9.659258e-01
    outer loop
      vertex   1.293600e+01 -9.917365e+00 1.418481e+00
      vertex   1.257400e+01 -9.917365e+00 1.418481e+00
      vertex   1.293600e+01 -9.934202e+00 1.413969e+00
    endloop
  endfacet
  facet normal -1.037170e-18 -2.588190e-01 9.659258e-01
    outer loop
      vertex   1.329800e+01 -9.934202e+00 1.413969e+00
      vertex   1.329800e+01 -9.917365e+00 1.418481e+00
      vertex   1.293600e+01 -9.917365e+00 1.418481e+00
    endloop
  endfacet
  facet normal 0.000000e+00 -2.588190e-01 9.659258e-01
    outer loop
      vertex   1.329800e+01 -9.934202e+00 1.413969e+00
      vertex   1.293600e+01 -9.917365e+00 1.418481e+00
      vertex   1.293600e+01 -9.934202e+00 1.413969e+00
    endloop
  endfacet
  facet normal -7.378335e-19 -2.588190e-01 9.659258e-01
    outer loop
      vertex   7.144000e+00 -9.917365e+00 1.418481e+00
      vertex   7.144000e+00 -9.934202e+00 1.413969e+00
      vertex   7.506000e+00 -9.934202e+00 1.413969e+00
    endloop
  endfacet
  facet normal 0.000000e+00 -4.226183e-01 9.063078e-01
    outer loop
      vertex   7.506000e+00 -9.934202e+00 1.413969e+00
      vertex   7.144000e+00 -9.934202e+00 1.413969e+00
      vertex   7.506000e+00 -9.950000e+00 1.406603e+00
    endloop
  endfacet
  facet normal -1.050189e-18 -4.226183e-01 9.063078e-01
    outer loop
      vertex   7.506000e+00 -9.934202e+00 1.413969e+00
      vertex   7.506000e+00 -9.950000e+00 1.406603e+00
      vertex   7.868000e+00 -9.950000e+00 1.406603e+00
    endloop
  endfacet
  facet normal 0.000000e+00 -5.735764e-01 8.191520e-01
    outer loop
      vertex   7.868000e+00 -9.950000e+00 1.406603e+00
      vertex   7.506000e+00 -9.950000e+00 1.406603e+00
      vertex   7.868000e+00 -9.964279e+00 1.396604e+00
    endloop
  endfacet
  facet normal -5.044591e-16 -5.735764e-01 8.191520e-01
    outer loop
      vertex   7.868000e+00 -9.950000e+00 1.406603e+00
      vertex   7.868000e+00 -9.964279e+00 1.396604e+00
      vertex   8.230000e+00 -9.964279e+00 1.396604e+00
    endloop
  endfacet
  facet normal -4.337272e-16 -7.071068e-01 7.071068e-01
    outer loop
      vertex   8.230000e+00 -9.964279e+00 1.396604e+00
      vertex   7.868000e+00 -9.964279e+00 1.396604e+00
      vertex   8.230000e+00 -9.976604e+00 1.384279e+00
    endloop
  endfacet
  facet normal 1.988818e-18 -7.071068e-01 7.071068e-01
    outer loop
      vertex   8.230000e+00 -9.964279e+00 1.396604e+00
      vertex   8.230000e+00 -9.976604e+00 1.384279e+00
      vertex   8.592000e+00 -9.976604e+00 1.384279e+00
    endloop
  endfacet
  facet normal 0.000000e+00 -8.191520e-01 5.735764e-01
    outer loop
      vertex   8.592000e+00 -9.976604e+00 1.384279e+00
      vertex   8.230000e+00 -9.976604e+00 1.384279e+00
      vertex   8.592000e+00 -9.986603e+00 1.370000e+00
    endloop
  endfacet
  facet normal -1.017246e-18 -8.191520e-01 5.735764e-01
    outer loop
      vertex   8.592000e+00 -9.976604e+00 1.384279e+00
      vertex   8.592000e+00 -9.986603e+00 1.370000e+00
      vertex   8.954000e+00 -9.986603e+00 1.370000e+00
    endloop
  endfacet
  facet normal 0.000000e+00 -9.063078e-01 4.226183e-01
    outer loop
      vertex   8.954000e+00 -9.986603e+00 1.370000e+00
      vertex   8.592000e+00 -9.986603e+00 1.370000e+00
      vertex   8.954000e+00 -9.993969e+00 1.354202e+00
    endloop
  endfacet
  facet normal -2.595648e-16 -9.063078e-01 4.226183e-01
    outer loop
      vertex   8.954000e+00 -9.986603e+00 1.370000e+00
      vertex   8.954000e+00 -9.993969e+00 1.354202e+00
      vertex   9.316000e+00 -9.993969e+00 1.354202e+00
    endloop
  endfacet
  facet normal -1.587552e-16 -9.659258e-01 2.588190e-01
    outer loop
      vertex   9.316000e+00 -9.993969e+00 1.354202e+00
      vertex   8.954000e+00 -9.993969e+00 1.354202e+00
      vertex   9.316000e+00 -9.998481e+00 1.337365e+00
    endloop
  endfacet
  facet normal -9.232515e-19 -9.659258e-01 2.588190e-01
    outer loop
      vertex   9.316000e+00 -9.993969e+00 1.354202e+00
      vertex   9.316000e+00 -9.998481e+00 1.337365e+00
      vertex   9.678000e+00 -9.998481e+00 1.337365e+00
    endloop
  endfacet
  facet normal 0.000000e+00 -9.961947e-01 8.715574e-02
    outer loop
      vertex   9.678000e+00 -9.998481e+00 1.337365e+00
      vertex   9.316000e+00 -9.998481e+00 1.337365e+00
      vertex   6.420000e+00 -1.000000e+01 1.320000e+00
    endloop
  endfacet
  facet normal 0.000000e+00 -4.226183e-01 9.063078e-01
    outer loop
      vertex   7.506000e+00 -9.950000e+00 1.406603e+00
      vertex   7.144000e+00 -9.934202e+00 1.413969e+00
      vertex   7.144000e+00 -9.950000e+00 1.406603e+00
    endloop
  endfacet
  facet normal -1.111827e-15 -4.226183e-01 9.063078e-01
    outer loop
      vertex   7.868000e+00 -9.934202e+00 1.413969e+00
      vertex   8.230000e+00 -9.950000e+00 1.406603e+00
      vertex   8.230000e+00 -9.934202e+00 1.413969e+00
    endloop
  endfacet
  facet normal 3.853614e-19 -4.226183e-01 9.063078e-01
    outer loop
      vertex   8.230000e+00 -9.934202e+00 1.413969e+00
      vertex   8.230000e+00 -9.950000e+00 1.406603e+00
      vertex   8.592000e+00 -9.950000e+00 1.406603e+00
    endloop
  endfacet
  facet normal 0.000000e+00 -4.226183e-01 9.063078e-01
    outer loop
      vertex   8.230000e+00 -9.934202e+00 1.413969e+00
      vertex   8.592000e+00 -9.950000e+00 1.406603e+00
      vertex   8.592000e+00 -9.934202e+00 1.413969e+00
    endloop
  endfacet
  facet normal 3.853614e-19 -4.226183e-01 9.063078e-01
    outer loop
      vertex   8.592000e+00 -9.934202e+00 1.413969e+00
      vertex   8.592000e+00 -9.950000e+00 1.406603e+00
      vertex   8.954000e+00 -9.950000e+00 1.406603e+00
    endloop
  endfacet
  facet normal -5.559137e-16 -4.226183e-01 9.063078e-01
    outer loop
      vertex   8.954000e+00 -9.934202e+00 1.413969e+00
      vertex   9.316000e+00 -9.950000e+00 1.406603e+00
      vertex   9.316000e+00 -9.934202e+00 1.413969e+00
    endloop
  endfacet
  facet normal 3.853614e-19 -4.226183e-01 9.063078e-01
    outer loop
      vertex   9.316000e+00 -9.934202e+00 1.413969e+00
      vertex   9.316000e+00 -9.950000e+00 1.406603e+00
      vertex   9.678000e+00 -9.950000e+00 1.406603e+00
    endloop
  endfacet
  facet normal 0.000000e+00 -4.226183e-01 9.063078e-01
    outer loop
      vertex   9.316000e+00 -9.934202e+00 1.413969e+00
      vertex   9.678000e+00 -9.950000e+00 1.406603e+00
      vertex   9.678000e+00 -9.934202e+00 1.413969e+00
    endloop
  endfacet
  facet normal 3.853614e-19 -4.226183e-01 9.063078e-01
    outer loop
      vertex   9.678000e+00 -9.934202e+00 1.413969e+00
      vertex   9.678000e+00 -9.950000e+00 1.406603e+00
      vertex   1.004000e+01 -9.950000e+00 1.406603e+00
    endloop
  endfacet
  facet normal 0.000000e+00 -4.226183e-01 9.063078e-01
    outer loop
      vertex   1.076400e+01 -9.950000e+00 1.406603e+00
      vertex   1.040200e+01 -9.934202e+00 1.413969e+00
      vertex   1.040200e+01 -9.950000e+00 1.406603e+00
    endloop
  endfacet
  facet normal -5.555283e-16 -4.226183e-01 9.063078e-01
    outer loop
      vertex   1.040200e+01 -9.950000e+00 1.406603e+00
      vertex   1.040200e+01 -9.934202e+00 1.413969e+00
      vertex   1.004000e+01 -9.934202e+00 1.413969e+00
    endloop
  endfacet
  facet normal 0.000000e+00 -4.226183e-01 9.063078e-01
    outer loop
      vertex   1.076400e+01 -9.934202e+00 1.413969e+00
      vertex   1.112600e+01 -9.950000e+00 1.406603e+00
      vertex   1.112600e+01 -9.934202e+00 1.413969e+00
    endloop
  endfacet
  facet normal 3.853614e-19 -4.226183e-01 9.063078e-01
    outer loop
      vertex   1.112600e+01 -9.934202e+00 1.413969e+00
      vertex   1.112600e+01 -9.950000e+00 1.406603e+00
      vertex   1.148800e+01 -9.950000e+00 1.406603e+00
    endloop
  endfacet
  facet normal 0.000000e+00 -4.226183e-01 9.063078e-01
    outer loop
      vertex   1.112600e+01 -9.934202e+00 1.413969e+00
      vertex   1.148800e+01 -9.950000e+00 1.406603e+00
      vertex   1.148800e+01 -9.934202e+00 1.413969e+00
    endloop
  endfacet
  facet normal -1.111442e-15 -4.226183e-01 9.063078e-01
    outer loop
      vertex   1.148800e+01 -9.934202e+00 1.413969e+00
      vertex   1.148800e+01 -9.950000e+00 1.406603e+00
      vertex   1.185000e+01 -9.950000e+00 1.406603e+00
    endloop
  endfacet
  facet normal 0.000000e+00 -4.226183e-01 9.063078e-01
    outer loop
      vertex   1.185000e+01 -9.934202e+00 1.413969e+00
      vertex   1.221200e+01 -9.950000e+00 1.406603e+00
      vertex   1.221200e+01 -9.934202e+00 1.413969e+00
    endloop
  endfacet
  facet normal 7.414661e-19 -4.226183e-01 9.063078e-01
    outer loop
      vertex   1.221200e+01 -9.934202e+00 1.413969e+00
      vertex   1.221200e+01 -9.950000e+00 1.406603e+00
      vertex   1.257400e+01 -9.950000e+00 1.406603e+00
    endloop
  endfacet
  facet normal 5.559137e-16 -4.226183e-01 9.063078e-01
    outer loop
      vertex   1.221200e+01 -9.934202e+00 1.413969e+00
      vertex   1.257400e+01 -9.950000e+00 1.406603e+00
      vertex   1.257400e+01 -9.934202e+00 1.413969e+00
    endloop
  endfacet
  facet normal -1.050189e-18 -4.226183e-01 9.063078e-01
    outer loop
      vertex   1.257400e+01 -9.934202e+00 1.413969e+00
      vertex   1.257400e+01 -9.950000e+00 1.406603e+00
      vertex   1.293600e+01 -9.950000e+00 1.406603e+00
    endloop
  endfacet
  facet normal 7.414661e-19 -4.226183e-01 9.063078e-01
    outer loop
      vertex   1.329800e+01 -9.950000e+00 1.406603e+00
      vertex   1.329800e+01 -9.934202e+00 1.413969e+00
      vertex   1.293600e+01 -9.934202e+00 1.413969e+00
    endloop
  endfacet
  facet normal 0.000000e+00 -5.735764e-01 8.191520e-01
    outer loop
      vertex   7.506000e+00 -9.950000e+00 1.406603e+00
      vertex   7.144000e+00 -9.950000e+00 1.406603e+00
      vertex   7.506000e+00 -9.964279e+00 1.396604e+00
    endloop
  endfacet
  facet normal -2.814576e-15 -5.735764e-01 8.191520e-01
    outer loop
      vertex   7.506000e+00 -9.964279e+00 1.396604e+00
      vertex   7.144000e+00 -9.950000e+00 1.406603e+00
      vertex   7.144000e+00 -9.964279e+00 1.396604e+00
    endloop
  endfacet
  facet normal -3.469818e-15 -7.071068e-01 7.071068e-01
    outer loop
      vertex   7.506000e+00 -9.964279e+00 1.396604e+00
      vertex   7.144000e+00 -9.964279e+00 1.396604e+00
      vertex   7.506000e+00 -9.976604e+00 1.384279e+00
    endloop
  endfacet
  facet normal 4.337272e-16 -7.071068e-01 7.071068e-01
    outer loop
      vertex   7.506000e+00 -9.976604e+00 1.384279e+00
      vertex   7.144000e+00 -9.964279e+00 1.396604e+00
      vertex   7.144000e+00 -9.976604e+00 1.384279e+00
    endloop
  endfacet
  facet normal 3.518220e-16 -8.191520e-01 5.735764e-01
    outer loop
      vertex   7.506000e+00 -9.976604e+00 1.384279e+00
      vertex   7.144000e+00 -9.976604e+00 1.384279e+00
      vertex   7.506000e+00 -9.986603e+00 1.370000e+00
    endloop
  endfacet
  facet normal 0.000000e+00 -8.191520e-01 5.735764e-01
    outer loop
      vertex   7.506000e+00 -9.986603e+00 1.370000e+00
      vertex   7.144000e+00 -9.976604e+00 1.384279e+00
      vertex   7.144000e+00 -9.986603e+00 1.370000e+00
    endloop
  endfacet
  facet normal 0.000000e+00 -9.063078e-01 4.226183e-01
    outer loop
      vertex   7.506000e+00 -9.986603e+00 1.370000e+00
      vertex   7.144000e+00 -9.986603e+00 1.370000e+00
      vertex   7.506000e+00 -9.993969e+00 1.354202e+00
    endloop
  endfacet
  facet normal 0.000000e+00 -9.063078e-01 4.226183e-01
    outer loop
      vertex   7.506000e+00 -9.993969e+00 1.354202e+00
      vertex   7.144000e+00 -9.986603e+00 1.370000e+00
      vertex   7.144000e+00 -9.993969e+00 1.354202e+00
    endloop
  endfacet
  facet normal 0.000000e+00 -9.659258e-01 2.588190e-01
    outer loop
      vertex   7.506000e+00 -9.993969e+00 1.354202e+00
      vertex   7.144000e+00 -9.993969e+00 1.354202e+00
      vertex   7.506000e+00 -9.998481e+00 1.337365e+00
    endloop
  endfacet
  facet normal 0.000000e+00 -9.659258e-01 2.588190e-01
    outer loop
      vertex   7.506000e+00 -9.998481e+00 1.337365e+00
      vertex   7.144000e+00 -9.993969e+00 1.354202e+00
      vertex   7.144000e+00 -9.998481e+00 1.337365e+00
    endloop
  endfacet
  facet normal 0.000000e+00 -9.961947e-01 8.715574e-02
    outer loop
      vertex   7.506000e+00 -9.998481e+00 1.337365e+00
      vertex   7.144000e+00 -9.998481e+00 1.337365e+00
      vertex   6.420000e+00 -1.000000e+01 1.320000e+00
    endloop
  endfacet
  facet normal 0.000000e+00 -5.735764e-01 8.191520e-01
    outer loop
      vertex   8.230000e+00 -9.950000e+00 1.406603e+00
      vertex   8.592000e+00 -9.964279e+00 1.396604e+00
      vertex   8.592000e+00 -9.950000e+00 1.406603e+00
    endloop
  endfacet
  facet normal -1.883312e-18 -5.735764e-01 8.191520e-01
    outer loop
      vertex   8.592000e+00 -9.950000e+00 1.406603e+00
      vertex   8.592000e+00 -9.964279e+00 1.396604e+00
      vertex   8.954000e+00 -9.964279e+00 1.396604e+00
    endloop
  endfacet
  facet normal 0.000000e+00 -5.735764e-01 8.191520e-01
    outer loop
      vertex   8.592000e+00 -9.950000e+00 1.406603e+00
      vertex   8.954000e+00 -9.964279e+00 1.396604e+00
      vertex   8.954000e+00 -9.950000e+00 1.406603e+00
    endloop
  endfacet
  facet normal -5.043372e-16 -5.735764e-01 8.191520e-01
    outer loop
      vertex   8.954000e+00 -9.950000e+00 1.406603e+00
      vertex   8.954000e+00 -9.964279e+00 1.396604e+00
      vertex   9.316000e+00 -9.964279e+00 1.396604e+00
    endloop
  endfacet
  facet normal 0.000000e+00 -5.735764e-01 8.191520e-01
    outer loop
      vertex   9.316000e+00 -9.950000e+00 1.406603e+00
      vertex   9.678000e+00 -9.964279e+00 1.396604e+00
      vertex   9.678000e+00 -9.950000e+00 1.406603e+00
    endloop
  endfacet
  facet normal -1.883312e-18 -5.735764e-01 8.191520e-01
    outer loop
      vertex   9.678000e+00 -9.950000e+00 1.406603e+00
      vertex   9.678000e+00 -9.964279e+00 1.396604e+00
      vertex   1.004000e+01 -9.964279e+00 1.396604e+00
    endloop
  endfacet
  facet normal 0.000000e+00 -5.735764e-01 8.191520e-01
    outer loop
      vertex   9.678000e+00 -9.950000e+00 1.406603e+00
      vertex   1.004000e+01 -9.964279e+00 1.396604e+00
      vertex   1.004000e+01 -9.950000e+00 1.406603e+00
    endloop
  endfacet
  facet normal -1.006791e-15 -5.735764e-01 8.191520e-01
    outer loop
      vertex   1.004000e+01 -9.950000e+00 1.406603e+00
      vertex   1.004000e+01 -9.964279e+00 1.396604e+00
      vertex   1.040200e+01 -9.964279e+00 1.396604e+00
    endloop
  endfacet
  facet normal 1.004908e-15 -5.735764e-01 8.191520e-01
    outer loop
      vertex   1.112600e+01 -9.964279e+00 1.396604e+00
      vertex   1.076400e+01 -9.950000e+00 1.406603e+00
      vertex   1.076400e+01 -9.964279e+00 1.396604e+00
    endloop
  endfacet
  facet normal -1.761361e-18 -5.735764e-01 8.191520e-01
    outer loop
      vertex   1.076400e+01 -9.964279e+00 1.396604e+00
      vertex   1.076400e+01 -9.950000e+00 1.406603e+00
      vertex   1.040200e+01 -9.950000e+00 1.406603e+00
    endloop
  endfacet
  facet normal 0.000000e+00 -5.735764e-01 8.191520e-01
    outer loop
      vertex   1.112600e+01 -9.950000e+00 1.406603e+00
      vertex   1.148800e+01 -9.964279e+00 1.396604e+00
      vertex   1.148800e+01 -9.950000e+00 1.406603e+00
    endloop
  endfacet
  facet normal -1.006913e-15 -5.735764e-01 8.191520e-01
    outer loop
      vertex   1.148800e+01 -9.950000e+00 1.406603e+00
      vertex   1.148800e+01 -9.964279e+00 1.396604e+00
      vertex   1.185000e+01 -9.964279e+00 1.396604e+00
    endloop
  endfacet
  facet normal -1.004908e-15 -5.735764e-01 8.191520e-01
    outer loop
      vertex   1.148800e+01 -9.950000e+00 1.406603e+00
      vertex   1.185000e+01 -9.964279e+00 1.396604e+00
      vertex   1.185000e+01 -9.950000e+00 1.406603e+00
    endloop
  endfacet
  facet normal -2.005262e-18 -5.735764e-01 8.191520e-01
    outer loop
      vertex   1.185000e+01 -9.950000e+00 1.406603e+00
      vertex   1.185000e+01 -9.964279e+00 1.396604e+00
      vertex   1.221200e+01 -9.964279e+00 1.396604e+00
    endloop
  endfacet
  facet normal 0.000000e+00 -5.735764e-01 8.191520e-01
    outer loop
      vertex   1.221200e+01 -9.950000e+00 1.406603e+00
      vertex   1.257400e+01 -9.964279e+00 1.396604e+00
      vertex   1.257400e+01 -9.950000e+00 1.406603e+00
    endloop
  endfacet
  facet normal -5.044591e-16 -5.735764e-01 8.191520e-01
    outer loop
      vertex   1.257400e+01 -9.950000e+00 1.406603e+00
      vertex   1.257400e+01 -9.964279e+00 1.396604e+00
      vertex   1.293600e+01 -9.964279e+00 1.396604e+00
    endloop
  endfacet
  facet normal 0.000000e+00 -5.735764e-01 8.191520e-01
    outer loop
      vertex   1.257400e+01 -9.950000e+00 1.406603e+00
      vertex   1.293600e+01 -9.964279e+00 1.396604e+00
      vertex   1.293600e+01 -9.950000e+00 1.406603e+00
    endloop
  endfacet
  facet normal -1.883312e-18 -5.735764e-01 8.191520e-01
    outer loop
      vertex   1.293600e+01 -9.950000e+00 1.406603e+00
      vertex   1.293600e+01 -9.964279e+00 1.396604e+00
      vertex   1.329800e+01 -9.964279e+00 1.396604e+00
    endloop
  endfacet
  facet normal 5.005705e-16 -5.735764e-01 8.191520e-01
    outer loop
      vertex   7.506000e+00 -9.950000e+00 1.406603e+00
      vertex   7.506000e+00 -9.964279e+00 1.396604e+00
      vertex   7.868000e+00 -9.964279e+00 1.396604e+00
    endloop
  endfacet
  facet normal 4.337272e-16 -7.071068e-01 7.071068e-01
    outer loop
      vertex   7.868000e+00 -9.964279e+00 1.396604e+00
      vertex   7.506000e+00 -9.964279e+00 1.396604e+00
      vertex   7.868000e+00 -9.976604e+00 1.384279e+00
    endloop
  endfacet
  facet normal -4.317384e-16 -7.071068e-01 7.071068e-01
    outer loop
      vertex   7.868000e+00 -9.964279e+00 1.396604e+00
      vertex   7.868000e+00 -9.976604e+00 1.384279e+00
      vertex   8.230000e+00 -9.976604e+00 1.384279e+00
    endloop
  endfacet
  facet normal -3.518220e-16 -8.191520e-01 5.735764e-01
    outer loop
      vertex   8.230000e+00 -9.976604e+00 1.384279e+00
      vertex   7.868000e+00 -9.976604e+00 1.384279e+00
      vertex   8.230000e+00 -9.986603e+00 1.370000e+00
    endloop
  endfacet
  facet normal -1.017246e-18 -8.191520e-01 5.735764e-01
    outer loop
      vertex   8.230000e+00 -9.976604e+00 1.384279e+00
      vertex   8.230000e+00 -9.986603e+00 1.370000e+00
      vertex   8.592000e+00 -9.986603e+00 1.370000e+00
    endloop
  endfacet
  facet normal 0.000000e+00 -9.063078e-01 4.226183e-01
    outer loop
      vertex   8.592000e+00 -9.986603e+00 1.370000e+00
      vertex   8.230000e+00 -9.986603e+00 1.370000e+00
      vertex   8.592000e+00 -9.993969e+00 1.354202e+00
    endloop
  endfacet
  facet normal -3.379798e-19 -9.063078e-01 4.226183e-01
    outer loop
      vertex   8.592000e+00 -9.986603e+00 1.370000e+00
      vertex   8.592000e+00 -9.993969e+00 1.354202e+00
      vertex   8.954000e+00 -9.993969e+00 1.354202e+00
    endloop
  endfacet
  facet normal 0.000000e+00 -9.659258e-01 2.588190e-01
    outer loop
      vertex   8.954000e+00 -9.993969e+00 1.354202e+00
      vertex   8.592000e+00 -9.993969e+00 1.354202e+00
      vertex   8.954000e+00 -9.998481e+00 1.337365e+00
    endloop
  endfacet
  facet normal -7.441984e-19 -9.659258e-01 2.588190e-01
    outer loop
      vertex   8.954000e+00 -9.993969e+00 1.354202e+00
      vertex   8.954000e+00 -9.998481e+00 1.337365e+00
      vertex   9.316000e+00 -9.998481e+00 1.337365e+00
    endloop
  endfacet
  facet normal 0.000000e+00 -9.961947e-01 8.715574e-02
    outer loop
      vertex   9.316000e+00 -9.998481e+00 1.337365e+00
      vertex   8.954000e+00 -9.998481e+00 1.337365e+00
      vertex   6.420000e+00 -1.000000e+01 1.320000e+00
    endloop
  endfacet
  facet normal 0.000000e+00 -7.071068e-01 7.071068e-01
    outer loop
      vertex   7.868000e+00 -9.976604e+00 1.384279e+00
      vertex   7.506000e+00 -9.964279e+00 1.396604e+00
      vertex   7.506000e+00 -9.976604e+00 1.384279e+00
    endloop
  endfacet
  facet normal 0.000000e+00 -7.071068e-01 7.071068e-01
    outer loop
      vertex   8.592000e+00 -9.964279e+00 1.396604e+00
      vertex   8.954000e+00 -9.976604e+00 1.384279e+00
      vertex   8.954000e+00 -9.964279e+00 1.396604e+00
    endloop
  endfacet
  facet normal -8.654656e-16 -7.071068e-01 7.071068e-01
    outer loop
      vertex   8.954000e+00 -9.964279e+00 1.396604e+00
      vertex   8.954000e+00 -9.976604e+00 1.384279e+00
      vertex   9.316000e+00 -9.976604e+00 1.384279e+00
    endloop
  endfacet
  facet normal -4.337272e-16 -7.071068e-01 7.071068e-01
    outer loop
      vertex   8.954000e+00 -9.964279e+00 1.396604e+00
      vertex   9.316000e+00 -9.976604e+00 1.384279e+00
      vertex   9.316000e+00 -9.964279e+00 1.396604e+00
    endloop
  endfacet
  facet normal 8.695635e-16 -7.071068e-01 7.071068e-01
    outer loop
      vertex   9.316000e+00 -9.964279e+00 1.396604e+00
      vertex   9.316000e+00 -9.976604e+00 1.384279e+00
      vertex   9.678000e+00 -9.976604e+00 1.384279e+00
    endloop
  endfacet
  facet normal 0.000000e+00 -7.071068e-01 7.071068e-01
    outer loop
      vertex   9.678000e+00 -9.964279e+00 1.396604e+00
      vertex   1.004000e+01 -9.976604e+00 1.384279e+00
      vertex   1.004000e+01 -9.964279e+00 1.396604e+00
    endloop
  endfacet
  facet normal -8.655859e-16 -7.071068e-01 7.071068e-01
    outer loop
      vertex   1.004000e+01 -9.964279e+00 1.396604e+00
      vertex   1.004000e+01 -9.976604e+00 1.384279e+00
      vertex   1.040200e+01 -9.976604e+00 1.384279e+00
    endloop
  endfacet
  facet normal -8.674544e-16 -7.071068e-01 7.071068e-01
    outer loop
      vertex   1.004000e+01 -9.964279e+00 1.396604e+00
      vertex   1.040200e+01 -9.976604e+00 1.384279e+00
      vertex   1.040200e+01 -9.964279e+00 1.396604e+00
    endloop
  endfacet
  facet normal 1.868535e-18 -7.071068e-01 7.071068e-01
    outer loop
      vertex   1.040200e+01 -9.964279e+00 1.396604e+00
      vertex   1.040200e+01 -9.976604e+00 1.384279e+00
      vertex   1.076400e+01 -9.976604e+00 1.384279e+00
    endloop
  endfacet
  facet normal 0.000000e+00 -7.071068e-01 7.071068e-01
    outer loop
      vertex   1.148800e+01 -9.976604e+00 1.384279e+00
      vertex   1.112600e+01 -9.964279e+00 1.396604e+00
      vertex   1.112600e+01 -9.976604e+00 1.384279e+00
    endloop
  endfacet
  facet normal 8.695635e-16 -7.071068e-01 7.071068e-01
    outer loop
      vertex   1.112600e+01 -9.976604e+00 1.384279e+00
      vertex   1.112600e+01 -9.964279e+00 1.396604e+00
      vertex   1.076400e+01 -9.964279e+00 1.396604e+00
    endloop
  endfacet
  facet normal -8.674544e-16 -7.071068e-01 7.071068e-01
    outer loop
      vertex   1.148800e+01 -9.964279e+00 1.396604e+00
      vertex   1.185000e+01 -9.976604e+00 1.384279e+00
      vertex   1.185000e+01 -9.964279e+00 1.396604e+00
    endloop
  endfacet
  facet normal 1.868535e-18 -7.071068e-01 7.071068e-01
    outer loop
      vertex   1.185000e+01 -9.964279e+00 1.396604e+00
      vertex   1.185000e+01 -9.976604e+00 1.384279e+00
      vertex   1.221200e+01 -9.976604e+00 1.384279e+00
    endloop
  endfacet
  facet normal 0.000000e+00 -7.071068e-01 7.071068e-01
    outer loop
      vertex   1.185000e+01 -9.964279e+00 1.396604e+00
      vertex   1.221200e+01 -9.976604e+00 1.384279e+00
      vertex   1.221200e+01 -9.964279e+00 1.396604e+00
    endloop
  endfacet
  facet normal 1.868535e-18 -7.071068e-01 7.071068e-01
    outer loop
      vertex   1.221200e+01 -9.964279e+00 1.396604e+00
      vertex   1.221200e+01 -9.976604e+00 1.384279e+00
      vertex   1.257400e+01 -9.976604e+00 1.384279e+00
    endloop
  endfacet
  facet normal 1.868535e-18 -7.071068e-01 7.071068e-01
    outer loop
      vertex   1.329800e+01 -9.976604e+00 1.384279e+00
      vertex   1.329800e+01 -9.964279e+00 1.396604e+00
      vertex   1.293600e+01 -9.964279e+00 1.396604e+00
    endloop
  endfacet
  facet normal 0.000000e+00 -7.071068e-01 7.071068e-01
    outer loop
      vertex   1.329800e+01 -9.976604e+00 1.384279e+00
      vertex   1.293600e+01 -9.964279e+00 1.396604e+00
      vertex   1.293600e+01 -9.976604e+00 1.384279e+00
    endloop
  endfacet
  facet normal -4.318587e-16 -7.071068e-01 7.071068e-01
    outer loop
      vertex   1.293600e+01 -9.976604e+00 1.384279e+00
      vertex   1.293600e+01 -9.964279e+00 1.396604e+00
      vertex   1.257400e+01 -9.964279e+00 1.396604e+00
    endloop
  endfacet
  facet normal 0.000000e+00 -8.191520e-01 5.735764e-01
    outer loop
      vertex   7.868000e+00 -9.976604e+00 1.384279e+00
      vertex   7.506000e+00 -9.976604e+00 1.384279e+00
      vertex   7.868000e+00 -9.986603e+00 1.370000e+00
    endloop
  endfacet
  facet normal 3.518220e-16 -8.191520e-01 5.735764e-01
    outer loop
      vertex   7.868000e+00 -9.986603e+00 1.370000e+00
      vertex   7.506000e+00 -9.976604e+00 1.384279e+00
      vertex   7.506000e+00 -9.986603e+00 1.370000e+00
    endloop
  endfacet
  facet normal 2.592268e-16 -9.063078e-01 4.226183e-01
    outer loop
      vertex   7.868000e+00 -9.986603e+00 1.370000e+00
      vertex   7.506000e+00 -9.986603e+00 1.370000e+00
      vertex   7.868000e+00 -9.993969e+00 1.354202e+00
    endloop
  endfacet
  facet normal 0.000000e+00 -9.063078e-01 4.226183e-01
    outer loop
      vertex   7.868000e+00 -9.993969e+00 1.354202e+00
      vertex   7.506000e+00 -9.986603e+00 1.370000e+00
      vertex   7.506000e+00 -9.993969e+00 1.354202e+00
    endloop
  endfacet
  facet normal 0.000000e+00 -9.659258e-01 2.588190e-01
    outer loop
      vertex   7.868000e+00 -9.993969e+00 1.354202e+00
      vertex   7.506000e+00 -9.993969e+00 1.354202e+00
      vertex   7.868000e+00 -9.998481e+00 1.337365e+00
    endloop
  endfacet
  facet normal 0.000000e+00 -9.659258e-01 2.588190e-01
    outer loop
      vertex   7.868000e+00 -9.998481e+00 1.337365e+00
      vertex   7.506000e+00 -9.993969e+00 1.354202e+00
      vertex   7.506000e+00 -9.998481e+00 1.337365e+00
    endloop
  endfacet
  facet normal 0.000000e+00 -9.961947e-01 8.715574e-02
    outer loop
      vertex   7.868000e+00 -9.998481e+00 1.337365e+00
      vertex   7.506000e+00 -9.998481e+00 1.337365e+00
      vertex   6.420000e+00 -1.000000e+01 1.320000e+00
    endloop
  endfacet
  facet normal -7.036439e-16 -8.191520e-01 5.735764e-01
    outer loop
      vertex   8.954000e+00 -9.976604e+00 1.384279e+00
      vertex   9.316000e+00 -9.986603e+00 1.370000e+00
      vertex   9.316000e+00 -9.976604e+00 1.384279e+00
    endloop
  endfacet
  facet normal 3.503941e-16 -8.191520e-01 5.735764e-01
    outer loop
      vertex   9.316000e+00 -9.976604e+00 1.384279e+00
      vertex   9.316000e+00 -9.986603e+00 1.370000e+00
      vertex   9.678000e+00 -9.986603e+00 1.370000e+00
    endloop
  endfacet
  facet normal 7.036439e-16 -8.191520e-01 5.735764e-01
    outer loop
      vertex   9.316000e+00 -9.976604e+00 1.384279e+00
      vertex   9.678000e+00 -9.986603e+00 1.370000e+00
      vertex   9.678000e+00 -9.976604e+00 1.384279e+00
    endloop
  endfacet
  facet normal -1.017246e-18 -8.191520e-01 5.735764e-01
    outer loop
      vertex   9.678000e+00 -9.976604e+00 1.384279e+00
      vertex   9.678000e+00 -9.986603e+00 1.370000e+00
      vertex   1.004000e+01 -9.986603e+00 1.370000e+00
    endloop
  endfacet
  facet normal -7.036439e-16 -8.191520e-01 5.735764e-01
    outer loop
      vertex   1.004000e+01 -9.976604e+00 1.384279e+00
      vertex   1.040200e+01 -9.986603e+00 1.370000e+00
      vertex   1.040200e+01 -9.976604e+00 1.384279e+00
    endloop
  endfacet
  facet normal -1.427885e-18 -8.191520e-01 5.735764e-01
    outer loop
      vertex   1.040200e+01 -9.976604e+00 1.384279e+00
      vertex   1.040200e+01 -9.986603e+00 1.370000e+00
      vertex   1.076400e+01 -9.986603e+00 1.370000e+00
    endloop
  endfacet
  facet normal 0.000000e+00 -8.191520e-01 5.735764e-01
    outer loop
      vertex   1.040200e+01 -9.976604e+00 1.384279e+00
      vertex   1.076400e+01 -9.986603e+00 1.370000e+00
      vertex   1.076400e+01 -9.976604e+00 1.384279e+00
    endloop
  endfacet
  facet normal 3.503941e-16 -8.191520e-01 5.735764e-01
    outer loop
      vertex   1.076400e+01 -9.976604e+00 1.384279e+00
      vertex   1.076400e+01 -9.986603e+00 1.370000e+00
      vertex   1.112600e+01 -9.986603e+00 1.370000e+00
    endloop
  endfacet
  facet normal -1.838524e-18 -8.191520e-01 5.735764e-01
    outer loop
      vertex   1.148800e+01 -9.986603e+00 1.370000e+00
      vertex   1.148800e+01 -9.976604e+00 1.384279e+00
      vertex   1.112600e+01 -9.976604e+00 1.384279e+00
    endloop
  endfacet
  facet normal 0.000000e+00 -8.191520e-01 5.735764e-01
    outer loop
      vertex   1.185000e+01 -9.976604e+00 1.384279e+00
      vertex   1.221200e+01 -9.986603e+00 1.370000e+00
      vertex   1.221200e+01 -9.976604e+00 1.384279e+00
    endloop
  endfacet
  facet normal -1.427885e-18 -8.191520e-01 5.735764e-01
    outer loop
      vertex   1.221200e+01 -9.976604e+00 1.384279e+00
      vertex   1.221200e+01 -9.986603e+00 1.370000e+00
      vertex   1.257400e+01 -9.986603e+00 1.370000e+00
    endloop
  endfacet
  facet normal 0.000000e+00 -8.191520e-01 5.735764e-01
    outer loop
      vertex   1.221200e+01 -9.976604e+00 1.384279e+00
      vertex   1.257400e+01 -9.986603e+00 1.370000e+00
      vertex   1.257400e+01 -9.976604e+00 1.384279e+00
    endloop
  endfacet
  facet normal -1.427885e-18 -8.191520e-01 5.735764e-01
    outer loop
      vertex   1.257400e+01 -9.976604e+00 1.384279e+00
      vertex   1.257400e+01 -9.986603e+00 1.370000e+00
      vertex   1.293600e+01 -9.986603e+00 1.370000e+00
    endloop
  endfacet
  facet normal -1.838524e-18 -8.191520e-01 5.735764e-01
    outer loop
      vertex   1.329800e+01 -9.986603e+00 1.370000e+00
      vertex   1.329800e+01 -9.976604e+00 1.384279e+00
      vertex   1.293600e+01 -9.976604e+00 1.384279e+00
    endloop
  endfacet
  facet normal -3.528392e-16 -8.191520e-01 5.735764e-01
    outer loop
      vertex   7.868000e+00 -9.976604e+00 1.384279e+00
      vertex   7.868000e+00 -9.986603e+00 1.370000e+00
      vertex   8.230000e+00 -9.986603e+00 1.370000e+00
    endloop
  endfacet
  facet normal -2.592268e-16 -9.063078e-01 4.226183e-01
    outer loop
      vertex   8.230000e+00 -9.986603e+00 1.370000e+00
      vertex   7.868000e+00 -9.986603e+00 1.370000e+00
      vertex   8.230000e+00 -9.993969e+00 1.354202e+00
    endloop
  endfacet
  facet normal -3.379798e-19 -9.063078e-01 4.226183e-01
    outer loop
      vertex   8.230000e+00 -9.986603e+00 1.370000e+00
      vertex   8.230000e+00 -9.993969e+00 1.354202e+00
      vertex   8.592000e+00 -9.993969e+00 1.354202e+00
    endloop
  endfacet
  facet normal 0.000000e+00 -9.659258e-01 2.588190e-01
    outer loop
      vertex   8.592000e+00 -9.993969e+00 1.354202e+00
      vertex   8.230000e+00 -9.993969e+00 1.354202e+00
      vertex   8.592000e+00 -9.998481e+00 1.337365e+00
    endloop
  endfacet
  facet normal -7.441984e-19 -9.659258e-01 2.588190e-01
    outer loop
      vertex   8.592000e+00 -9.993969e+00 1.354202e+00
      vertex   8.592000e+00 -9.998481e+00 1.337365e+00
      vertex   8.954000e+00 -9.998481e+00 1.337365e+00
    endloop
  endfacet
  facet normal 0.000000e+00 -9.961947e-01 8.715574e-02
    outer loop
      vertex   8.954000e+00 -9.998481e+00 1.337365e+00
      vertex   8.592000e+00 -9.998481e+00 1.337365e+00
      vertex   6.420000e+00 -1.000000e+01 1.320000e+00
    endloop
  endfacet
  facet normal 0.000000e+00 -9.063078e-01 4.226183e-01
    outer loop
      vertex   8.230000e+00 -9.993969e+00 1.354202e+00
      vertex   7.868000e+00 -9.986603e+00 1.370000e+00
      vertex   7.868000e+00 -9.993969e+00 1.354202e+00
    endloop
  endfacet
  facet normal 2.592268e-16 -9.063078e-01 4.226183e-01
    outer loop
      vertex   9.316000e+00 -9.986603e+00 1.370000e+00
      vertex   9.678000e+00 -9.993969e+00 1.354202e+00
      vertex   9.678000e+00 -9.986603e+00 1.370000e+00
    endloop
  endfacet
  facet normal -3.379798e-19 -9.063078e-01 4.226183e-01
    outer loop
      vertex   9.678000e+00 -9.986603e+00 1.370000e+00
      vertex   9.678000e+00 -9.993969e+00 1.354202e+00
      vertex   1.004000e+01 -9.993969e+00 1.354202e+00
    endloop
  endfacet
  facet normal 0.000000e+00 -9.063078e-01 4.226183e-01
    outer loop
      vertex   9.678000e+00 -9.986603e+00 1.370000e+00
      vertex   1.004000e+01 -9.993969e+00 1.354202e+00
      vertex   1.004000e+01 -9.986603e+00 1.370000e+00
    endloop
  endfacet
  facet normal -2.595648e-16 -9.063078e-01 4.226183e-01
    outer loop
      vertex   1.004000e+01 -9.986603e+00 1.370000e+00
      vertex   1.004000e+01 -9.993969e+00 1.354202e+00
      vertex   1.040200e+01 -9.993969e+00 1.354202e+00
    endloop
  endfacet
  facet normal 0.000000e+00 -9.063078e-01 4.226183e-01
    outer loop
      vertex   1.040200e+01 -9.986603e+00 1.370000e+00
      vertex   1.076400e+01 -9.993969e+00 1.354202e+00
      vertex   1.076400e+01 -9.986603e+00 1.370000e+00
    endloop
  endfacet
  facet normal 2.588888e-16 -9.063078e-01 4.226183e-01
    outer loop
      vertex   1.076400e+01 -9.986603e+00 1.370000e+00
      vertex   1.076400e+01 -9.993969e+00 1.354202e+00
      vertex   1.112600e+01 -9.993969e+00 1.354202e+00
    endloop
  endfacet
  facet normal 2.592268e-16 -9.063078e-01 4.226183e-01
    outer loop
      vertex   1.076400e+01 -9.986603e+00 1.370000e+00
      vertex   1.112600e+01 -9.993969e+00 1.354202e+00
      vertex   1.112600e+01 -9.986603e+00 1.370000e+00
    endloop
  endfacet
  facet normal -3.379798e-19 -9.063078e-01 4.226183e-01
    outer loop
      vertex   1.112600e+01 -9.986603e+00 1.370000e+00
      vertex   1.112600e+01 -9.993969e+00 1.354202e+00
      vertex   1.148800e+01 -9.993969e+00 1.354202e+00
    endloop
  endfacet
  facet normal 2.592268e-16 -9.063078e-01 4.226183e-01
    outer loop
      vertex   1.221200e+01 -9.993969e+00 1.354202e+00
      vertex   1.185000e+01 -9.986603e+00 1.370000e+00
      vertex   1.185000e+01 -9.993969e+00 1.354202e+00
    endloop
  endfacet
  facet normal 0.000000e+00 -9.063078e-01 4.226183e-01
    outer loop
      vertex   1.221200e+01 -9.986603e+00 1.370000e+00
      vertex   1.257400e+01 -9.993969e+00 1.354202e+00
      vertex   1.257400e+01 -9.986603e+00 1.370000e+00
    endloop
  endfacet
  facet normal -2.602169e-16 -9.063078e-01 4.226183e-01
    outer loop
      vertex   1.257400e+01 -9.986603e+00 1.370000e+00
      vertex   1.257400e+01 -9.993969e+00 1.354202e+00
      vertex   1.293600e+01 -9.993969e+00 1.354202e+00
    endloop
  endfacet
  facet normal 0.000000e+00 -9.063078e-01 4.226183e-01
    outer loop
      vertex   1.257400e+01 -9.986603e+00 1.370000e+00
      vertex   1.293600e+01 -9.993969e+00 1.354202e+00
      vertex   1.293600e+01 -9.986603e+00 1.370000e+00
    endloop
  endfacet
  facet normal -3.379798e-19 -9.063078e-01 4.226183e-01
    outer loop
      vertex   1.293600e+01 -9.986603e+00 1.370000e+00
      vertex   1.293600e+01 -9.993969e+00 1.354202e+00
      vertex   1.329800e+01 -9.993969e+00 1.354202e+00
    endloop
  endfacet
  facet normal 0.000000e+00 -9.659258e-01 2.588190e-01
    outer loop
      vertex   8.230000e+00 -9.993969e+00 1.354202e+00
      vertex   7.868000e+00 -9.993969e+00 1.354202e+00
      vertex   8.230000e+00 -9.998481e+00 1.337365e+00
    endloop
  endfacet
  facet normal 0.000000e+00 -9.659258e-01 2.588190e-01
    outer loop
      vertex   8.230000e+00 -9.998481e+00 1.337365e+00
      vertex   7.868000e+00 -9.993969e+00 1.354202e+00
      vertex   7.868000e+00 -9.998481e+00 1.337365e+00
    endloop
  endfacet
  facet normal 0.000000e+00 -9.961947e-01 8.715574e-02
    outer loop
      vertex   8.230000e+00 -9.998481e+00 1.337365e+00
      vertex   7.868000e+00 -9.998481e+00 1.337365e+00
      vertex   6.420000e+00 -1.000000e+01 1.320000e+00
    endloop
  endfacet
  facet normal 0.000000e+00 -9.659258e-01 2.588190e-01
    outer loop
      vertex   9.678000e+00 -9.993969e+00 1.354202e+00
      vertex   1.004000e+01 -9.998481e+00 1.337365e+00
      vertex   1.004000e+01 -9.993969e+00 1.354202e+00
    endloop
  endfacet
  facet normal -1.594994e-16 -9.659258e-01 2.588190e-01
    outer loop
      vertex   1.004000e+01 -9.993969e+00 1.354202e+00
      vertex   1.004000e+01 -9.998481e+00 1.337365e+00
      vertex   1.040200e+01 -9.998481e+00 1.337365e+00
    endloop
  endfacet
  facet normal -1.587552e-16 -9.659258e-01 2.588190e-01
    outer loop
      vertex   1.004000e+01 -9.993969e+00 1.354202e+00
      vertex   1.040200e+01 -9.998481e+00 1.337365e+00
      vertex   1.040200e+01 -9.993969e+00 1.354202e+00
    endloop
  endfacet
  facet normal 1.580110e-16 -9.659258e-01 2.588190e-01
    outer loop
      vertex   1.040200e+01 -9.993969e+00 1.354202e+00
      vertex   1.040200e+01 -9.998481e+00 1.337365e+00
      vertex   1.076400e+01 -9.998481e+00 1.337365e+00
    endloop
  endfacet
  facet normal -7.441984e-19 -9.659258e-01 2.588190e-01
    outer loop
      vertex   1.148800e+01 -9.998481e+00 1.337365e+00
      vertex   1.148800e+01 -9.993969e+00 1.354202e+00
      vertex   1.112600e+01 -9.993969e+00 1.354202e+00
    endloop
  endfacet
  facet normal 0.000000e+00 -9.659258e-01 2.588190e-01
    outer loop
      vertex   1.148800e+01 -9.998481e+00 1.337365e+00
      vertex   1.112600e+01 -9.993969e+00 1.354202e+00
      vertex   1.112600e+01 -9.998481e+00 1.337365e+00
    endloop
  endfacet
  facet normal 1.580110e-16 -9.659258e-01 2.588190e-01
    outer loop
      vertex   1.112600e+01 -9.998481e+00 1.337365e+00
      vertex   1.112600e+01 -9.993969e+00 1.354202e+00
      vertex   1.076400e+01 -9.993969e+00 1.354202e+00
    endloop
  endfacet
  facet normal 1.587552e-16 -9.659258e-01 2.588190e-01
    outer loop
      vertex   1.221200e+01 -9.993969e+00 1.354202e+00
      vertex   1.185000e+01 -9.993969e+00 1.354202e+00
      vertex   1.221200e+01 -9.998481e+00 1.337365e+00
    endloop
  endfacet
  facet normal 0.000000e+00 -9.659258e-01 2.588190e-01
    outer loop
      vertex   1.221200e+01 -9.998481e+00 1.337365e+00
      vertex   1.185000e+01 -9.993969e+00 1.354202e+00
      vertex   1.185000e+01 -9.998481e+00 1.337365e+00
    endloop
  endfacet
  facet normal 0.000000e+00 -9.961947e-01 8.715574e-02
    outer loop
      vertex   1.221200e+01 -9.998481e+00 1.337365e+00
      vertex   1.185000e+01 -9.998481e+00 1.337365e+00
      vertex   1.366000e+01 -1.000000e+01 1.320000e+00
    endloop
  endfacet
  facet normal -9.232515e-19 -9.659258e-01 2.588190e-01
    outer loop
      vertex   1.329800e+01 -9.998481e+00 1.337365e+00
      vertex   1.329800e+01 -9.993969e+00 1.354202e+00
      vertex   1.293600e+01 -9.993969e+00 1.354202e+00
    endloop
  endfacet
  facet normal 1.587552e-16 -9.659258e-01 2.588190e-01
    outer loop
      vertex   1.329800e+01 -9.998481e+00 1.337365e+00
      vertex   1.293600e+01 -9.993969e+00 1.354202e+00
      vertex   1.293600e+01 -9.998481e+00 1.337365e+00
    endloop
  endfacet
  facet normal -1.594994e-16 -9.659258e-01 2.588190e-01
    outer loop
      vertex   1.293600e+01 -9.998481e+00 1.337365e+00
      vertex   1.293600e+01 -9.993969e+00 1.354202e+00
      vertex   1.257400e+01 -9.993969e+00 1.354202e+00
    endloop
  endfacet
  facet normal -7.045624e-20 -9.961947e-01 8.715574e-02
    outer loop
      vertex   6.420000e+00 -1.000000e+01 1.320000e+00
      vertex   8.592000e+00 -9.998481e+00 1.337365e+00
      vertex   8.230000e+00 -9.998481e+00 1.337365e+00
    endloop
  endfacet
  facet normal 0.000000e+00 -9.659258e-01 2.588190e-01
    outer loop
      vertex   8.230000e+00 -9.998481e+00 1.337365e+00
      vertex   8.592000e+00 -9.998481e+00 1.337365e+00
      vertex   8.230000e+00 -9.993969e+00 1.354202e+00
    endloop
  endfacet
  facet normal 5.338938e-17 -9.961947e-01 8.715574e-02
    outer loop
      vertex   1.366000e+01 -1.000000e+01 1.320000e+00
      vertex   1.076400e+01 -9.998481e+00 1.337365e+00
      vertex   1.040200e+01 -9.998481e+00 1.337365e+00
    endloop
  endfacet
  facet normal -5.345984e-17 -9.961947e-01 8.715574e-02
    outer loop
      vertex   1.040200e+01 -9.998481e+00 1.337365e+00
      vertex   1.004000e+01 -9.998481e+00 1.337365e+00
      vertex   1.366000e+01 -1.000000e+01 1.320000e+00
    endloop
  endfacet
  facet normal -7.045624e-20 -9.961947e-01 8.715574e-02
    outer loop
      vertex   1.366000e+01 -1.000000e+01 1.320000e+00
      vertex   1.257400e+01 -9.998481e+00 1.337365e+00
      vertex   1.221200e+01 -9.998481e+00 1.337365e+00
    endloop
  endfacet
  facet normal 0.000000e+00 -9.659258e-01 2.588190e-01
    outer loop
      vertex   1.221200e+01 -9.998481e+00 1.337365e+00
      vertex   1.257400e+01 -9.998481e+00 1.337365e+00
      vertex   1.221200e+01 -9.993969e+00 1.354202e+00
    endloop
  endfacet
  facet normal -3.066914e-16 0.000000e+00 1.000000e+00
    outer loop
      vertex   6.420000e+00 -9.900000e+00 1.420000e+00
      vertex   1.366000e+01 -9.900000e+00 1.420000e+00
      vertex   6.420000e+00 -9.314296e+00 1.420000e+00
    endloop
  endfacet
  facet normal -3.066914e-16 -1.860301e-31 1.000000e+00
    outer loop
      vertex   6.420000e+00 -9.314296e+00 1.420000e+00
      vertex   1.366000e+01 -9.900000e+00 1.420000e+00
      vertex   1.366000e+01 -9.314296e+00 1.420000e+00
    endloop
  endfacet
  facet normal 1.833368e-15 -8.576805e-02 9.963151e-01
    outer loop
      vertex   1.366000e+01 -9.297205e+00 1.421471e+00
      vertex   1.329800e+01 -9.297205e+00 1.421471e+00
      vertex   1.366000e+01 -9.314296e+00 1.420000e+00
    endloop
  endfacet
  facet normal -6.112807e-16 -8.576805e-02 9.963151e-01
    outer loop
      vertex   1.366000e+01 -9.314296e+00 1.420000e+00
      vertex   1.329800e+01 -9.297205e+00 1.421471e+00
      vertex   1.293600e+01 -9.297205e+00 1.421471e+00
    endloop
  endfacet
  facet normal -1.779688e-19 -8.576805e-02 9.963151e-01
    outer loop
      vertex   1.366000e+01 -9.314296e+00 1.420000e+00
      vertex   1.293600e+01 -9.297205e+00 1.421471e+00
      vertex   1.257400e+01 -9.297205e+00 1.421471e+00
    endloop
  endfacet
  facet normal 0.000000e+00 -2.547805e-01 9.669989e-01
    outer loop
      vertex   1.257400e+01 -9.297205e+00 1.421471e+00
      vertex   1.293600e+01 -9.297205e+00 1.421471e+00
      vertex   1.257400e+01 -9.280618e+00 1.425842e+00
    endloop
  endfacet
  facet normal 1.060478e-18 -2.547805e-01 9.669989e-01
    outer loop
      vertex   1.257400e+01 -9.297205e+00 1.421471e+00
      vertex   1.257400e+01 -9.280618e+00 1.425842e+00
      vertex   1.221200e+01 -9.280618e+00 1.425842e+00
    endloop
  endfacet
  facet normal 0.000000e+00 -4.162960e-01 9.092291e-01
    outer loop
      vertex   1.221200e+01 -9.280618e+00 1.425842e+00
      vertex   1.257400e+01 -9.280618e+00 1.425842e+00
      vertex   1.221200e+01 -9.265021e+00 1.432983e+00
    endloop
  endfacet
  facet normal -5.572239e-16 -4.162960e-01 9.092291e-01
    outer loop
      vertex   1.221200e+01 -9.280618e+00 1.425842e+00
      vertex   1.221200e+01 -9.265021e+00 1.432983e+00
      vertex   1.185000e+01 -9.265021e+00 1.432983e+00
    endloop
  endfacet
  facet normal -5.058603e-16 -5.655623e-01 8.247056e-01
    outer loop
      vertex   1.185000e+01 -9.265021e+00 1.432983e+00
      vertex   1.221200e+01 -9.265021e+00 1.432983e+00
      vertex   1.185000e+01 -9.250874e+00 1.442684e+00
    endloop
  endfacet
  facet normal 1.293851e-18 -5.655623e-01 8.247056e-01
    outer loop
      vertex   1.185000e+01 -9.265021e+00 1.432983e+00
      vertex   1.185000e+01 -9.250874e+00 1.442684e+00
      vertex   1.148800e+01 -9.250874e+00 1.442684e+00
    endloop
  endfacet
  facet normal 0.000000e+00 -6.981870e-01 7.159154e-01
    outer loop
      vertex   1.148800e+01 -9.250874e+00 1.442684e+00
      vertex   1.185000e+01 -9.250874e+00 1.442684e+00
      vertex   1.148800e+01 -9.238594e+00 1.454660e+00
    endloop
  endfacet
  facet normal 7.424094e-19 -6.981870e-01 7.159154e-01
    outer loop
      vertex   1.148800e+01 -9.250874e+00 1.442684e+00
      vertex   1.148800e+01 -9.238594e+00 1.454660e+00
      vertex   1.112600e+01 -9.238594e+00 1.454660e+00
    endloop
  endfacet
  facet normal 0.000000e+00 -8.102679e-01 5.860597e-01
    outer loop
      vertex   1.112600e+01 -9.238594e+00 1.454660e+00
      vertex   1.148800e+01 -9.238594e+00 1.454660e+00
      vertex   1.112600e+01 -9.228541e+00 1.468560e+00
    endloop
  endfacet
  facet normal -3.974415e-15 -8.102679e-01 5.860597e-01
    outer loop
      vertex   1.112600e+01 -9.238594e+00 1.454660e+00
      vertex   1.112600e+01 -9.228541e+00 1.468560e+00
      vertex   1.076400e+01 -9.228541e+00 1.468560e+00
    endloop
  endfacet
  facet normal -4.409030e-15 -8.985069e-01 4.389593e-01
    outer loop
      vertex   1.076400e+01 -9.228541e+00 1.468560e+00
      vertex   1.112600e+01 -9.228541e+00 1.468560e+00
      vertex   1.076400e+01 -9.221011e+00 1.483972e+00
    endloop
  endfacet
  facet normal -2.685113e-16 -8.985069e-01 4.389593e-01
    outer loop
      vertex   1.076400e+01 -9.228541e+00 1.468560e+00
      vertex   1.076400e+01 -9.221011e+00 1.483972e+00
      vertex   1.040200e+01 -9.221011e+00 1.483972e+00
    endloop
  endfacet
  facet normal -1.710987e-16 -9.603077e-01 2.789428e-01
    outer loop
      vertex   1.040200e+01 -9.221011e+00 1.483972e+00
      vertex   1.076400e+01 -9.221011e+00 1.483972e+00
      vertex   1.040200e+01 -9.216226e+00 1.500445e+00
    endloop
  endfacet
  facet normal 1.774955e-19 -9.603077e-01 2.789428e-01
    outer loop
      vertex   1.040200e+01 -9.221011e+00 1.483972e+00
      vertex   1.040200e+01 -9.216226e+00 1.500445e+00
      vertex   1.004000e+01 -9.216226e+00 1.500445e+00
    endloop
  endfacet
  facet normal 0.000000e+00 -9.938518e-01 1.107184e-01
    outer loop
      vertex   1.004000e+01 -9.216226e+00 1.500445e+00
      vertex   1.040200e+01 -9.216226e+00 1.500445e+00
      vertex   1.004000e+01 -9.214327e+00 1.517493e+00
    endloop
  endfacet
  facet normal 6.830251e-17 -9.938518e-01 1.107184e-01
    outer loop
      vertex   1.004000e+01 -9.216226e+00 1.500445e+00
      vertex   1.004000e+01 -9.214327e+00 1.517493e+00
      vertex   9.678000e+00 -9.214327e+00 1.517493e+00
    endloop
  endfacet
  facet normal -3.727145e-17 -9.981522e-01 -6.076377e-02
    outer loop
      vertex   9.678000e+00 -9.214327e+00 1.517493e+00
      vertex   1.004000e+01 -9.214327e+00 1.517493e+00
      vertex   9.678000e+00 -9.215369e+00 1.534615e+00
    endloop
  endfacet
  facet normal -1.837512e-19 -9.981522e-01 -6.076377e-02
    outer loop
      vertex   9.678000e+00 -9.214327e+00 1.517493e+00
      vertex   9.678000e+00 -9.215369e+00 1.534615e+00
      vertex   9.316000e+00 -9.215369e+00 1.534615e+00
    endloop
  endfacet
  facet normal 0.000000e+00 -9.730823e-01 -2.304580e-01
    outer loop
      vertex   9.316000e+00 -9.215369e+00 1.534615e+00
      vertex   9.678000e+00 -9.215369e+00 1.534615e+00
      vertex   6.420000e+00 -9.219322e+00 1.551307e+00
    endloop
  endfacet
  facet normal -0.000000e+00 -9.730823e-01 -2.304580e-01
    outer loop
      vertex   9.316000e+00 -9.215369e+00 1.534615e+00
      vertex   6.420000e+00 -9.219322e+00 1.551307e+00
      vertex   8.954000e+00 -9.215369e+00 1.534615e+00
    endloop
  endfacet
  facet normal -2.827180e-16 -9.730823e-01 -2.304580e-01
    outer loop
      vertex   8.954000e+00 -9.215369e+00 1.534615e+00
      vertex   6.420000e+00 -9.219322e+00 1.551307e+00
      vertex   8.592000e+00 -9.215369e+00 1.534615e+00
    endloop
  endfacet
  facet normal -7.454291e-17 -9.981522e-01 -6.076377e-02
    outer loop
      vertex   8.954000e+00 -9.215369e+00 1.534615e+00
      vertex   8.592000e+00 -9.215369e+00 1.534615e+00
      vertex   8.954000e+00 -9.214327e+00 1.517493e+00
    endloop
  endfacet
  facet normal -3.727145e-17 -9.981522e-01 -6.076377e-02
    outer loop
      vertex   8.954000e+00 -9.214327e+00 1.517493e+00
      vertex   8.592000e+00 -9.215369e+00 1.534615e+00
      vertex   8.592000e+00 -9.214327e+00 1.517493e+00
    endloop
  endfacet
  facet normal 6.791279e-17 -9.938518e-01 1.107184e-01
    outer loop
      vertex   8.954000e+00 -9.214327e+00 1.517493e+00
      vertex   8.592000e+00 -9.214327e+00 1.517493e+00
      vertex   8.954000e+00 -9.216226e+00 1.500445e+00
    endloop
  endfacet
  facet normal 6.791279e-17 -9.938518e-01 1.107184e-01
    outer loop
      vertex   8.954000e+00 -9.216226e+00 1.500445e+00
      vertex   8.592000e+00 -9.214327e+00 1.517493e+00
      vertex   8.592000e+00 -9.216226e+00 1.500445e+00
    endloop
  endfacet
  facet normal 1.710987e-16 -9.603077e-01 2.789428e-01
    outer loop
      vertex   8.954000e+00 -9.216226e+00 1.500445e+00
      vertex   8.592000e+00 -9.216226e+00 1.500445e+00
      vertex   8.954000e+00 -9.221011e+00 1.483972e+00
    endloop
  endfacet
  facet normal 1.710987e-16 -9.603077e-01 2.789428e-01
    outer loop
      vertex   8.954000e+00 -9.221011e+00 1.483972e+00
      vertex   8.592000e+00 -9.216226e+00 1.500445e+00
      vertex   8.592000e+00 -9.221011e+00 1.483972e+00
    endloop
  endfacet
  facet normal 2.692501e-16 -8.985069e-01 4.389593e-01
    outer loop
      vertex   8.954000e+00 -9.221011e+00 1.483972e+00
      vertex   8.592000e+00 -9.221011e+00 1.483972e+00
      vertex   8.954000e+00 -9.228541e+00 1.468560e+00
    endloop
  endfacet
  facet normal 0.000000e+00 -8.985069e-01 4.389593e-01
    outer loop
      vertex   8.954000e+00 -9.228541e+00 1.468560e+00
      vertex   8.592000e+00 -9.221011e+00 1.483972e+00
      vertex   8.592000e+00 -9.228541e+00 1.468560e+00
    endloop
  endfacet
  facet normal 0.000000e+00 -8.102679e-01 5.860597e-01
    outer loop
      vertex   8.954000e+00 -9.228541e+00 1.468560e+00
      vertex   8.592000e+00 -9.228541e+00 1.468560e+00
      vertex   8.954000e+00 -9.238594e+00 1.454660e+00
    endloop
  endfacet
  facet normal 0.000000e+00 -8.102679e-01 5.860597e-01
    outer loop
      vertex   8.954000e+00 -9.238594e+00 1.454660e+00
      vertex   8.592000e+00 -9.228541e+00 1.468560e+00
      vertex   8.592000e+00 -9.238594e+00 1.454660e+00
    endloop
  endfacet
  facet normal 0.000000e+00 -6.981870e-01 7.159154e-01
    outer loop
      vertex   8.954000e+00 -9.238594e+00 1.454660e+00
      vertex   8.592000e+00 -9.238594e+00 1.454660e+00
      vertex   8.954000e+00 -9.250874e+00 1.442684e+00
    endloop
  endfacet
  facet normal 0.000000e+00 -6.981870e-01 7.159154e-01
    outer loop
      vertex   8.954000e+00 -9.250874e+00 1.442684e+00
      vertex   8.592000e+00 -9.238594e+00 1.454660e+00
      vertex   8.592000e+00 -9.250874e+00 1.442684e+00
    endloop
  endfacet
  facet normal 0.000000e+00 -5.655623e-01 8.247056e-01
    outer loop
      vertex   8.954000e+00 -9.250874e+00 1.442684e+00
      vertex   8.592000e+00 -9.250874e+00 1.442684e+00
      vertex   8.954000e+00 -9.265021e+00 1.432983e+00
    endloop
  endfacet
  facet normal 0.000000e+00 -5.655623e-01 8.247056e-01
    outer loop
      vertex   8.954000e+00 -9.265021e+00 1.432983e+00
      vertex   8.592000e+00 -9.250874e+00 1.442684e+00
      vertex   8.592000e+00 -9.265021e+00 1.432983e+00
    endloop
  endfacet
  facet normal 0.000000e+00 -4.162960e-01 9.092291e-01
    outer loop
      vertex   8.954000e+00 -9.265021e+00 1.432983e+00
      vertex   8.592000e+00 -9.265021e+00 1.432983e+00
      vertex   8.954000e+00 -9.280618e+00 1.425842e+00
    endloop
  endfacet
  facet normal 0.000000e+00 -4.162960e-01 9.092291e-01
    outer loop
      vertex   8.954000e+00 -9.280618e+00 1.425842e+00
      vertex   8.592000e+00 -9.265021e+00 1.432983e+00
      vertex   8.592000e+00 -9.280618e+00 1.425842e+00
    endloop
  endfacet
  facet normal 0.000000e+00 -2.547805e-01 9.669989e-01
    outer loop
      vertex   8.954000e+00 -9.280618e+00 1.425842e+00
      vertex   8.592000e+00 -9.280618e+00 1.425842e+00
      vertex   8.954000e+00 -9.297205e+00 1.421471e+00
    endloop
  endfacet
  facet normal 0.000000e+00 -2.547805e-01 9.669989e-01
    outer loop
      vertex   8.954000e+00 -9.297205e+00 1.421471e+00
      vertex   8.592000e+00 -9.280618e+00 1.425842e+00
      vertex   8.592000e+00 -9.297205e+00 1.421471e+00
    endloop
  endfacet
  facet normal 0.000000e+00 -8.576805e-02 9.963151e-01
    outer loop
      vertex   8.954000e+00 -9.297205e+00 1.421471e+00
      vertex   8.592000e+00 -9.297205e+00 1.421471e+00
      vertex   6.420000e+00 -9.314296e+00 1.420000e+00
    endloop
  endfacet
  facet normal 1.521491e-19 -8.576805e-02 9.963151e-01
    outer loop
      vertex   6.420000e+00 -9.314296e+00 1.420000e+00
      vertex   8.592000e+00 -9.297205e+00 1.421471e+00
      vertex   8.230000e+00 -9.297205e+00 1.421471e+00
    endloop
  endfacet
  facet normal -6.109705e-16 -8.576805e-02 9.963151e-01
    outer loop
      vertex   6.420000e+00 -9.314296e+00 1.420000e+00
      vertex   8.230000e+00 -9.297205e+00 1.421471e+00
      vertex   7.868000e+00 -9.297205e+00 1.421471e+00
    endloop
  endfacet
  facet normal -5.931406e-16 -2.547805e-01 9.669989e-01
    outer loop
      vertex   7.868000e+00 -9.297205e+00 1.421471e+00
      vertex   8.230000e+00 -9.297205e+00 1.421471e+00
      vertex   7.868000e+00 -9.280618e+00 1.425842e+00
    endloop
  endfacet
  facet normal 1.060478e-18 -2.547805e-01 9.669989e-01
    outer loop
      vertex   7.868000e+00 -9.297205e+00 1.421471e+00
      vertex   7.868000e+00 -9.280618e+00 1.425842e+00
      vertex   7.506000e+00 -9.280618e+00 1.425842e+00
    endloop
  endfacet
  facet normal 0.000000e+00 -4.162960e-01 9.092291e-01
    outer loop
      vertex   7.506000e+00 -9.280618e+00 1.425842e+00
      vertex   7.868000e+00 -9.280618e+00 1.425842e+00
      vertex   7.506000e+00 -9.265021e+00 1.432983e+00
    endloop
  endfacet
  facet normal -6.459056e-19 -4.162960e-01 9.092291e-01
    outer loop
      vertex   7.506000e+00 -9.280618e+00 1.425842e+00
      vertex   7.506000e+00 -9.265021e+00 1.432983e+00
      vertex   7.144000e+00 -9.265021e+00 1.432983e+00
    endloop
  endfacet
  facet normal 0.000000e+00 -5.655623e-01 8.247056e-01
    outer loop
      vertex   7.144000e+00 -9.265021e+00 1.432983e+00
      vertex   7.506000e+00 -9.265021e+00 1.432983e+00
      vertex   7.144000e+00 -9.250874e+00 1.442684e+00
    endloop
  endfacet
  facet normal -5.055303e-16 -5.655623e-01 8.247056e-01
    outer loop
      vertex   7.144000e+00 -9.265021e+00 1.432983e+00
      vertex   7.144000e+00 -9.250874e+00 1.442684e+00
      vertex   6.782000e+00 -9.250874e+00 1.442684e+00
    endloop
  endfacet
  facet normal -4.391303e-16 -6.981870e-01 7.159154e-01
    outer loop
      vertex   6.782000e+00 -9.250874e+00 1.442684e+00
      vertex   7.144000e+00 -9.250874e+00 1.442684e+00
      vertex   6.782000e+00 -9.238594e+00 1.454660e+00
    endloop
  endfacet
  facet normal 4.381360e-16 -6.981870e-01 7.159154e-01
    outer loop
      vertex   6.782000e+00 -9.250874e+00 1.442684e+00
      vertex   6.782000e+00 -9.238594e+00 1.454660e+00
      vertex   6.420000e+00 -9.238594e+00 1.454660e+00
    endloop
  endfacet
  facet normal 3.594790e-16 -8.102679e-01 5.860597e-01
    outer loop
      vertex   6.420000e+00 -9.238594e+00 1.454660e+00
      vertex   6.782000e+00 -9.238594e+00 1.454660e+00
      vertex   6.420000e+00 -9.228541e+00 1.468560e+00
    endloop
  endfacet
  facet normal 0.000000e+00 -8.102679e-01 5.860597e-01
    outer loop
      vertex   6.420000e+00 -9.228541e+00 1.468560e+00
      vertex   6.782000e+00 -9.238594e+00 1.454660e+00
      vertex   6.782000e+00 -9.228541e+00 1.468560e+00
    endloop
  endfacet
  facet normal 0.000000e+00 -8.985069e-01 4.389593e-01
    outer loop
      vertex   6.420000e+00 -9.228541e+00 1.468560e+00
      vertex   6.782000e+00 -9.228541e+00 1.468560e+00
      vertex   6.420000e+00 -9.221011e+00 1.483972e+00
    endloop
  endfacet
  facet normal 2.692501e-16 -8.985069e-01 4.389593e-01
    outer loop
      vertex   6.420000e+00 -9.221011e+00 1.483972e+00
      vertex   6.782000e+00 -9.228541e+00 1.468560e+00
      vertex   6.782000e+00 -9.221011e+00 1.483972e+00
    endloop
  endfacet
  facet normal 1.710987e-16 -9.603077e-01 2.789428e-01
    outer loop
      vertex   6.420000e+00 -9.221011e+00 1.483972e+00
      vertex   6.782000e+00 -9.221011e+00 1.483972e+00
      vertex   6.420000e+00 -9.216226e+00 1.500445e+00
    endloop
  endfacet
  facet normal 0.000000e+00 -9.603077e-01 2.789428e-01
    outer loop
      vertex   6.420000e+00 -9.216226e+00 1.500445e+00
      vertex   6.782000e+00 -9.221011e+00 1.483972e+00
      vertex   6.782000e+00 -9.216226e+00 1.500445e+00
    endloop
  endfacet
  facet normal 0.000000e+00 -9.938518e-01 1.107184e-01
    outer loop
      vertex   6.420000e+00 -9.216226e+00 1.500445e+00
      vertex   6.782000e+00 -9.216226e+00 1.500445e+00
      vertex   6.420000e+00 -9.214327e+00 1.517493e+00
    endloop
  endfacet
  facet normal 6.791279e-17 -9.938518e-01 1.107184e-01
    outer loop
      vertex   6.420000e+00 -9.214327e+00 1.517493e+00
      vertex   6.782000e+00 -9.216226e+00 1.500445e+00
      vertex   6.782000e+00 -9.214327e+00 1.517493e+00
    endloop
  endfacet
  facet normal -3.727145e-17 -9.981522e-01 -6.076377e-02
    outer loop
      vertex   6.420000e+00 -9.214327e+00 1.517493e+00
      vertex   6.782000e+00 -9.214327e+00 1.517493e+00
      vertex   6.420000e+00 -9.215369e+00 1.534615e+00
    endloop
  endfacet
  facet normal 0.000000e+00 -9.981522e-01 -6.076377e-02
    outer loop
      vertex   6.420000e+00 -9.215369e+00 1.534615e+00
      vertex   6.782000e+00 -9.214327e+00 1.517493e+00
      vertex   6.782000e+00 -9.215369e+00 1.534615e+00
    endloop
  endfacet
  facet normal 0.000000e+00 -9.730823e-01 -2.304580e-01
    outer loop
      vertex   6.420000e+00 -9.215369e+00 1.534615e+00
      vertex   6.782000e+00 -9.215369e+00 1.534615e+00
      vertex   6.420000e+00 -9.219322e+00 1.551307e+00
    endloop
  endfacet
  facet normal 4.617159e-19 -9.730823e-01 -2.304580e-01
    outer loop
      vertex   6.420000e+00 -9.219322e+00 1.551307e+00
      vertex   6.782000e+00 -9.215369e+00 1.534615e+00
      vertex   7.144000e+00 -9.215369e+00 1.534615e+00
    endloop
  endfacet
  facet normal 4.617159e-19 -9.730823e-01 -2.304580e-01
    outer loop
      vertex   6.420000e+00 -9.219322e+00 1.551307e+00
      vertex   7.144000e+00 -9.215369e+00 1.534615e+00
      vertex   7.506000e+00 -9.215369e+00 1.534615e+00
    endloop
  endfacet
  facet normal -0.000000e+00 -9.981522e-01 -6.076377e-02
    outer loop
      vertex   7.506000e+00 -9.215369e+00 1.534615e+00
      vertex   7.144000e+00 -9.215369e+00 1.534615e+00
      vertex   7.506000e+00 -9.214327e+00 1.517493e+00
    endloop
  endfacet
  facet normal -3.724716e-17 -9.981522e-01 -6.076377e-02
    outer loop
      vertex   7.506000e+00 -9.215369e+00 1.534615e+00
      vertex   7.506000e+00 -9.214327e+00 1.517493e+00
      vertex   7.868000e+00 -9.214327e+00 1.517493e+00
    endloop
  endfacet
  facet normal 6.791279e-17 -9.938518e-01 1.107184e-01
    outer loop
      vertex   7.868000e+00 -9.214327e+00 1.517493e+00
      vertex   7.506000e+00 -9.214327e+00 1.517493e+00
      vertex   7.868000e+00 -9.216226e+00 1.500445e+00
    endloop
  endfacet
  facet normal 1.347313e-19 -9.938518e-01 1.107184e-01
    outer loop
      vertex   7.868000e+00 -9.214327e+00 1.517493e+00
      vertex   7.868000e+00 -9.216226e+00 1.500445e+00
      vertex   8.230000e+00 -9.216226e+00 1.500445e+00
    endloop
  endfacet
  facet normal 0.000000e+00 -9.603077e-01 2.789428e-01
    outer loop
      vertex   8.230000e+00 -9.216226e+00 1.500445e+00
      vertex   7.868000e+00 -9.216226e+00 1.500445e+00
      vertex   8.230000e+00 -9.221011e+00 1.483972e+00
    endloop
  endfacet
  facet normal 1.774955e-19 -9.603077e-01 2.789428e-01
    outer loop
      vertex   8.230000e+00 -9.216226e+00 1.500445e+00
      vertex   8.230000e+00 -9.221011e+00 1.483972e+00
      vertex   8.592000e+00 -9.221011e+00 1.483972e+00
    endloop
  endfacet
  facet normal 0.000000e+00 -8.985069e-01 4.389593e-01
    outer loop
      vertex   8.592000e+00 -9.221011e+00 1.483972e+00
      vertex   8.230000e+00 -9.221011e+00 1.483972e+00
      vertex   8.592000e+00 -9.228541e+00 1.468560e+00
    endloop
  endfacet
  facet normal 1.779422e-15 -2.547805e-01 9.669989e-01
    outer loop
      vertex   1.329800e+01 -9.297205e+00 1.421471e+00
      vertex   1.366000e+01 -9.297205e+00 1.421471e+00
      vertex   1.329800e+01 -9.280618e+00 1.425842e+00
    endloop
  endfacet
  facet normal 1.186281e-15 -2.547805e-01 9.669989e-01
    outer loop
      vertex   1.329800e+01 -9.280618e+00 1.425842e+00
      vertex   1.366000e+01 -9.297205e+00 1.421471e+00
      vertex   1.366000e+01 -9.280618e+00 1.425842e+00
    endloop
  endfacet
  facet normal 1.115411e-15 -4.162960e-01 9.092291e-01
    outer loop
      vertex   1.329800e+01 -9.280618e+00 1.425842e+00
      vertex   1.366000e+01 -9.280618e+00 1.425842e+00
      vertex   1.329800e+01 -9.265021e+00 1.432983e+00
    endloop
  endfacet
  facet normal 1.673117e-15 -4.162960e-01 9.092291e-01
    outer loop
      vertex   1.329800e+01 -9.265021e+00 1.432983e+00
      vertex   1.366000e+01 -9.280618e+00 1.425842e+00
      vertex   1.366000e+01 -9.265021e+00 1.432983e+00
    endloop
  endfacet
  facet normal 1.517581e-15 -5.655623e-01 8.247056e-01
    outer loop
      vertex   1.329800e+01 -9.265021e+00 1.432983e+00
      vertex   1.366000e+01 -9.265021e+00 1.432983e+00
      vertex   1.329800e+01 -9.250874e+00 1.442684e+00
    endloop
  endfacet
  facet normal 1.011721e-15 -5.655623e-01 8.247056e-01
    outer loop
      vertex   1.329800e+01 -9.250874e+00 1.442684e+00
      vertex   1.366000e+01 -9.265021e+00 1.432983e+00
      vertex   1.366000e+01 -9.250874e+00 1.442684e+00
    endloop
  endfacet
  facet normal 8.782605e-16 -6.981870e-01 7.159154e-01
    outer loop
      vertex   1.329800e+01 -9.250874e+00 1.442684e+00
      vertex   1.366000e+01 -9.250874e+00 1.442684e+00
      vertex   1.329800e+01 -9.238594e+00 1.454660e+00
    endloop
  endfacet
  facet normal 5.182569e-15 -6.981870e-01 7.159154e-01
    outer loop
      vertex   1.329800e+01 -9.238594e+00 1.454660e+00
      vertex   1.366000e+01 -9.250874e+00 1.442684e+00
      vertex   1.366000e+01 -9.238594e+00 1.454660e+00
    endloop
  endfacet
  facet normal 5.413952e-15 -8.102679e-01 5.860597e-01
    outer loop
      vertex   1.329800e+01 -9.238594e+00 1.454660e+00
      vertex   1.366000e+01 -9.238594e+00 1.454660e+00
      vertex   1.329800e+01 -9.228541e+00 1.468560e+00
    endloop
  endfacet
  facet normal 4.694994e-15 -8.102679e-01 5.860597e-01
    outer loop
      vertex   1.329800e+01 -9.228541e+00 1.468560e+00
      vertex   1.366000e+01 -9.238594e+00 1.454660e+00
      vertex   1.366000e+01 -9.228541e+00 1.468560e+00
    endloop
  endfacet
  facet normal 4.947530e-15 -8.985069e-01 4.389593e-01
    outer loop
      vertex   1.329800e+01 -9.228541e+00 1.468560e+00
      vertex   1.366000e+01 -9.228541e+00 1.468560e+00
      vertex   1.329800e+01 -9.221011e+00 1.483972e+00
    endloop
  endfacet
  facet normal 2.692501e-16 -8.985069e-01 4.389593e-01
    outer loop
      vertex   1.329800e+01 -9.221011e+00 1.483972e+00
      vertex   1.366000e+01 -9.228541e+00 1.468560e+00
      vertex   1.366000e+01 -9.221011e+00 1.483972e+00
    endloop
  endfacet
  facet normal 1.710987e-16 -9.603077e-01 2.789428e-01
    outer loop
      vertex   1.329800e+01 -9.221011e+00 1.483972e+00
      vertex   1.366000e+01 -9.221011e+00 1.483972e+00
      vertex   1.329800e+01 -9.216226e+00 1.500445e+00
    endloop
  endfacet
  facet normal 0.000000e+00 -9.603077e-01 2.789428e-01
    outer loop
      vertex   1.329800e+01 -9.216226e+00 1.500445e+00
      vertex   1.366000e+01 -9.221011e+00 1.483972e+00
      vertex   1.366000e+01 -9.216226e+00 1.500445e+00
    endloop
  endfacet
  facet normal 0.000000e+00 -9.938518e-01 1.107184e-01
    outer loop
      vertex   1.329800e+01 -9.216226e+00 1.500445e+00
      vertex   1.366000e+01 -9.216226e+00 1.500445e+00
      vertex   1.329800e+01 -9.214327e+00 1.517493e+00
    endloop
  endfacet
  facet normal 0.000000e+00 -9.938518e-01 1.107184e-01
    outer loop
      vertex   1.329800e+01 -9.214327e+00 1.517493e+00
      vertex   1.366000e+01 -9.216226e+00 1.500445e+00
      vertex   1.366000e+01 -9.214327e+00 1.517493e+00
    endloop
  endfacet
  facet normal 0.000000e+00 -9.981522e-01 -6.076377e-02
    outer loop
      vertex   1.329800e+01 -9.214327e+00 1.517493e+00
      vertex   1.366000e+01 -9.214327e+00 1.517493e+00
      vertex   1.329800e+01 -9.215369e+00 1.534615e+00
    endloop
  endfacet
  facet normal -3.727145e-17 -9.981522e-01 -6.076377e-02
    outer loop
      vertex   1.329800e+01 -9.215369e+00 1.534615e+00
      vertex   1.366000e+01 -9.214327e+00 1.517493e+00
      vertex   1.366000e+01 -9.215369e+00 1.534615e+00
    endloop
  endfacet
  facet normal -1.413590e-16 -9.730823e-01 -2.304580e-01
    outer loop
      vertex   1.329800e+01 -9.215369e+00 1.534615e+00
      vertex   1.366000e+01 -9.215369e+00 1.534615e+00
      vertex   1.366000e+01 -9.219322e+00 1.551307e+00
    endloop
  endfacet
  facet normal 7.067950e-17 -9.730823e-01 -2.304580e-01
    outer loop
      vertex   6.420000e+00 -9.219322e+00 1.551307e+00
      vertex   1.004000e+01 -9.215369e+00 1.534615e+00
      vertex   1.366000e+01 -9.219322e+00 1.551307e+00
    endloop
  endfacet
  facet normal -3.622911e-20 -9.730823e-01 -2.304580e-01
    outer loop
      vertex   1.366000e+01 -9.219322e+00 1.551307e+00
      vertex   1.004000e+01 -9.215369e+00 1.534615e+00
      vertex   1.040200e+01 -9.215369e+00 1.534615e+00
    endloop
  endfacet
  facet normal -3.622911e-20 -9.730823e-01 -2.304580e-01
    outer loop
      vertex   1.366000e+01 -9.219322e+00 1.551307e+00
      vertex   1.040200e+01 -9.215369e+00 1.534615e+00
      vertex   1.076400e+01 -9.215369e+00 1.534615e+00
    endloop
  endfacet
  facet normal -0.000000e+00 -9.981522e-01 -6.076377e-02
    outer loop
      vertex   1.076400e+01 -9.215369e+00 1.534615e+00
      vertex   1.040200e+01 -9.215369e+00 1.534615e+00
      vertex   1.076400e+01 -9.214327e+00 1.517493e+00
    endloop
  endfacet
  facet normal -3.745521e-17 -9.981522e-01 -6.076377e-02
    outer loop
      vertex   1.076400e+01 -9.215369e+00 1.534615e+00
      vertex   1.076400e+01 -9.214327e+00 1.517493e+00
      vertex   1.112600e+01 -9.214327e+00 1.517493e+00
    endloop
  endfacet
  facet normal 6.791279e-17 -9.938518e-01 1.107184e-01
    outer loop
      vertex   1.112600e+01 -9.214327e+00 1.517493e+00
      vertex   1.076400e+01 -9.214327e+00 1.517493e+00
      vertex   1.112600e+01 -9.216226e+00 1.500445e+00
    endloop
  endfacet
  facet normal 3.897183e-19 -9.938518e-01 1.107184e-01
    outer loop
      vertex   1.112600e+01 -9.214327e+00 1.517493e+00
      vertex   1.112600e+01 -9.216226e+00 1.500445e+00
      vertex   1.148800e+01 -9.216226e+00 1.500445e+00
    endloop
  endfacet
  facet normal 0.000000e+00 -9.603077e-01 2.789428e-01
    outer loop
      vertex   1.148800e+01 -9.216226e+00 1.500445e+00
      vertex   1.112600e+01 -9.216226e+00 1.500445e+00
      vertex   1.148800e+01 -9.221011e+00 1.483972e+00
    endloop
  endfacet
  facet normal 1.774955e-19 -9.603077e-01 2.789428e-01
    outer loop
      vertex   1.148800e+01 -9.216226e+00 1.500445e+00
      vertex   1.148800e+01 -9.221011e+00 1.483972e+00
      vertex   1.185000e+01 -9.221011e+00 1.483972e+00
    endloop
  endfacet
  facet normal 0.000000e+00 -8.985069e-01 4.389593e-01
    outer loop
      vertex   1.185000e+01 -9.221011e+00 1.483972e+00
      vertex   1.148800e+01 -9.221011e+00 1.483972e+00
      vertex   1.185000e+01 -9.228541e+00 1.468560e+00
    endloop
  endfacet
  facet normal -2.689520e-16 -8.985069e-01 4.389593e-01
    outer loop
      vertex   1.185000e+01 -9.221011e+00 1.483972e+00
      vertex   1.185000e+01 -9.228541e+00 1.468560e+00
      vertex   1.221200e+01 -9.228541e+00 1.468560e+00
    endloop
  endfacet
  facet normal -3.594790e-16 -8.102679e-01 5.860597e-01
    outer loop
      vertex   1.221200e+01 -9.228541e+00 1.468560e+00
      vertex   1.185000e+01 -9.228541e+00 1.468560e+00
      vertex   1.221200e+01 -9.238594e+00 1.454660e+00
    endloop
  endfacet
  facet normal -1.196663e-18 -8.102679e-01 5.860597e-01
    outer loop
      vertex   1.221200e+01 -9.228541e+00 1.468560e+00
      vertex   1.221200e+01 -9.238594e+00 1.454660e+00
      vertex   1.257400e+01 -9.238594e+00 1.454660e+00
    endloop
  endfacet
  facet normal 0.000000e+00 -6.981870e-01 7.159154e-01
    outer loop
      vertex   1.257400e+01 -9.238594e+00 1.454660e+00
      vertex   1.221200e+01 -9.238594e+00 1.454660e+00
      vertex   1.257400e+01 -9.250874e+00 1.442684e+00
    endloop
  endfacet
  facet normal -1.393602e-18 -6.981870e-01 7.159154e-01
    outer loop
      vertex   1.257400e+01 -9.238594e+00 1.454660e+00
      vertex   1.257400e+01 -9.250874e+00 1.442684e+00
      vertex   1.293600e+01 -9.250874e+00 1.442684e+00
    endloop
  endfacet
  facet normal 0.000000e+00 -5.655623e-01 8.247056e-01
    outer loop
      vertex   1.293600e+01 -9.250874e+00 1.442684e+00
      vertex   1.257400e+01 -9.250874e+00 1.442684e+00
      vertex   1.293600e+01 -9.265021e+00 1.432983e+00
    endloop
  endfacet
  facet normal -5.050484e-16 -5.655623e-01 8.247056e-01
    outer loop
      vertex   1.293600e+01 -9.250874e+00 1.442684e+00
      vertex   1.293600e+01 -9.265021e+00 1.432983e+00
      vertex   1.329800e+01 -9.265021e+00 1.432983e+00
    endloop
  endfacet
  facet normal -5.577056e-16 -4.162960e-01 9.092291e-01
    outer loop
      vertex   1.329800e+01 -9.265021e+00 1.432983e+00
      vertex   1.293600e+01 -9.265021e+00 1.432983e+00
      vertex   1.329800e+01 -9.280618e+00 1.425842e+00
    endloop
  endfacet
  facet normal 1.315505e-15 -6.981870e-01 7.159154e-01
    outer loop
      vertex   6.420000e+00 -9.238594e+00 1.454660e+00
      vertex   6.420000e+00 -9.250874e+00 1.442684e+00
      vertex   6.782000e+00 -9.250874e+00 1.442684e+00
    endloop
  endfacet
  facet normal 1.517581e-15 -5.655623e-01 8.247056e-01
    outer loop
      vertex   6.782000e+00 -9.250874e+00 1.442684e+00
      vertex   6.420000e+00 -9.250874e+00 1.442684e+00
      vertex   6.782000e+00 -9.265021e+00 1.432983e+00
    endloop
  endfacet
  facet normal -5.055303e-16 -5.655623e-01 8.247056e-01
    outer loop
      vertex   6.782000e+00 -9.250874e+00 1.442684e+00
      vertex   6.782000e+00 -9.265021e+00 1.432983e+00
      vertex   7.144000e+00 -9.265021e+00 1.432983e+00
    endloop
  endfacet
  facet normal -5.577056e-16 -4.162960e-01 9.092291e-01
    outer loop
      vertex   7.144000e+00 -9.265021e+00 1.432983e+00
      vertex   6.782000e+00 -9.265021e+00 1.432983e+00
      vertex   7.144000e+00 -9.280618e+00 1.425842e+00
    endloop
  endfacet
  facet normal -6.459056e-19 -4.162960e-01 9.092291e-01
    outer loop
      vertex   7.144000e+00 -9.265021e+00 1.432983e+00
      vertex   7.144000e+00 -9.280618e+00 1.425842e+00
      vertex   7.506000e+00 -9.280618e+00 1.425842e+00
    endloop
  endfacet
  facet normal 0.000000e+00 -2.547805e-01 9.669989e-01
    outer loop
      vertex   7.506000e+00 -9.280618e+00 1.425842e+00
      vertex   7.144000e+00 -9.280618e+00 1.425842e+00
      vertex   7.506000e+00 -9.297205e+00 1.421471e+00
    endloop
  endfacet
  facet normal 1.060478e-18 -2.547805e-01 9.669989e-01
    outer loop
      vertex   7.506000e+00 -9.280618e+00 1.425842e+00
      vertex   7.506000e+00 -9.297205e+00 1.421471e+00
      vertex   7.868000e+00 -9.297205e+00 1.421471e+00
    endloop
  endfacet
  facet normal 0.000000e+00 -8.576805e-02 9.963151e-01
    outer loop
      vertex   7.868000e+00 -9.297205e+00 1.421471e+00
      vertex   7.506000e+00 -9.297205e+00 1.421471e+00
      vertex   6.420000e+00 -9.314296e+00 1.420000e+00
    endloop
  endfacet
  facet normal 1.517911e-15 -5.655623e-01 8.247056e-01
    outer loop
      vertex   6.420000e+00 -9.250874e+00 1.442684e+00
      vertex   6.420000e+00 -9.265021e+00 1.432983e+00
      vertex   6.782000e+00 -9.265021e+00 1.432983e+00
    endloop
  endfacet
  facet normal 1.673117e-15 -4.162960e-01 9.092291e-01
    outer loop
      vertex   6.782000e+00 -9.265021e+00 1.432983e+00
      vertex   6.420000e+00 -9.265021e+00 1.432983e+00
      vertex   6.782000e+00 -9.280618e+00 1.425842e+00
    endloop
  endfacet
  facet normal -5.583515e-16 -4.162960e-01 9.092291e-01
    outer loop
      vertex   6.782000e+00 -9.265021e+00 1.432983e+00
      vertex   6.782000e+00 -9.280618e+00 1.425842e+00
      vertex   7.144000e+00 -9.280618e+00 1.425842e+00
    endloop
  endfacet
  facet normal -5.931406e-16 -2.547805e-01 9.669989e-01
    outer loop
      vertex   7.144000e+00 -9.280618e+00 1.425842e+00
      vertex   6.782000e+00 -9.280618e+00 1.425842e+00
      vertex   7.144000e+00 -9.297205e+00 1.421471e+00
    endloop
  endfacet
  facet normal 1.060478e-18 -2.547805e-01 9.669989e-01
    outer loop
      vertex   7.144000e+00 -9.280618e+00 1.425842e+00
      vertex   7.144000e+00 -9.297205e+00 1.421471e+00
      vertex   7.506000e+00 -9.297205e+00 1.421471e+00
    endloop
  endfacet
  facet normal 0.000000e+00 -8.576805e-02 9.963151e-01
    outer loop
      vertex   7.506000e+00 -9.297205e+00 1.421471e+00
      vertex   7.144000e+00 -9.297205e+00 1.421471e+00
      vertex   6.420000e+00 -9.314296e+00 1.420000e+00
    endloop
  endfacet
  facet normal 1.672471e-15 -4.162960e-01 9.092291e-01
    outer loop
      vertex   6.420000e+00 -9.265021e+00 1.432983e+00
      vertex   6.420000e+00 -9.280618e+00 1.425842e+00
      vertex   6.782000e+00 -9.280618e+00 1.425842e+00
    endloop
  endfacet
  facet normal 1.779422e-15 -2.547805e-01 9.669989e-01
    outer loop
      vertex   6.782000e+00 -9.280618e+00 1.425842e+00
      vertex   6.420000e+00 -9.280618e+00 1.425842e+00
      vertex   6.782000e+00 -9.297205e+00 1.421471e+00
    endloop
  endfacet
  facet normal -5.920801e-16 -2.547805e-01 9.669989e-01
    outer loop
      vertex   6.782000e+00 -9.280618e+00 1.425842e+00
      vertex   6.782000e+00 -9.297205e+00 1.421471e+00
      vertex   7.144000e+00 -9.297205e+00 1.421471e+00
    endloop
  endfacet
  facet normal -6.111227e-16 -8.576805e-02 9.963151e-01
    outer loop
      vertex   7.144000e+00 -9.297205e+00 1.421471e+00
      vertex   6.782000e+00 -9.297205e+00 1.421471e+00
      vertex   6.420000e+00 -9.314296e+00 1.420000e+00
    endloop
  endfacet
  facet normal 1.780482e-15 -2.547805e-01 9.669989e-01
    outer loop
      vertex   6.420000e+00 -9.280618e+00 1.425842e+00
      vertex   6.420000e+00 -9.297205e+00 1.421471e+00
      vertex   6.782000e+00 -9.297205e+00 1.421471e+00
    endloop
  endfacet
  facet normal 1.833368e-15 -8.576805e-02 9.963151e-01
    outer loop
      vertex   6.782000e+00 -9.297205e+00 1.421471e+00
      vertex   6.420000e+00 -9.297205e+00 1.421471e+00
      vertex   6.420000e+00 -9.314296e+00 1.420000e+00
    endloop
  endfacet
  facet normal -3.055613e-16 -8.576805e-02 9.963151e-01
    outer loop
      vertex   1.366000e+01 -9.314296e+00 1.420000e+00
      vertex   1.004000e+01 -9.297205e+00 1.421471e+00
      vertex   6.420000e+00 -9.314296e+00 1.420000e+00
    endloop
  endfacet
  facet normal 1.720941e-19 -8.576805e-02 9.963151e-01
    outer loop
      vertex   6.420000e+00 -9.314296e+00 1.420000e+00
      vertex   1.004000e+01 -9.297205e+00 1.421471e+00
      vertex   9.678000e+00 -9.297205e+00 1.421471e+00
    endloop
  endfacet
  facet normal -6.109506e-16 -8.576805e-02 9.963151e-01
    outer loop
      vertex   6.420000e+00 -9.314296e+00 1.420000e+00
      vertex   9.678000e+00 -9.297205e+00 1.421471e+00
      vertex   9.316000e+00 -9.297205e+00 1.421471e+00
    endloop
  endfacet
  facet normal -5.931406e-16 -2.547805e-01 9.669989e-01
    outer loop
      vertex   9.316000e+00 -9.297205e+00 1.421471e+00
      vertex   9.678000e+00 -9.297205e+00 1.421471e+00
      vertex   9.316000e+00 -9.280618e+00 1.425842e+00
    endloop
  endfacet
  facet normal 1.185661e-15 -2.547805e-01 9.669989e-01
    outer loop
      vertex   9.316000e+00 -9.297205e+00 1.421471e+00
      vertex   9.316000e+00 -9.280618e+00 1.425842e+00
      vertex   8.954000e+00 -9.280618e+00 1.425842e+00
    endloop
  endfacet
  facet normal 1.115411e-15 -4.162960e-01 9.092291e-01
    outer loop
      vertex   8.954000e+00 -9.280618e+00 1.425842e+00
      vertex   9.316000e+00 -9.280618e+00 1.425842e+00
      vertex   8.954000e+00 -9.265021e+00 1.432983e+00
    endloop
  endfacet
  facet normal -5.931406e-16 -2.547805e-01 9.669989e-01
    outer loop
      vertex   1.293600e+01 -9.297205e+00 1.421471e+00
      vertex   1.329800e+01 -9.297205e+00 1.421471e+00
      vertex   1.293600e+01 -9.280618e+00 1.425842e+00
    endloop
  endfacet
  facet normal -5.931406e-16 -2.547805e-01 9.669989e-01
    outer loop
      vertex   1.293600e+01 -9.280618e+00 1.425842e+00
      vertex   1.329800e+01 -9.297205e+00 1.421471e+00
      vertex   1.329800e+01 -9.280618e+00 1.425842e+00
    endloop
  endfacet
  facet normal -5.577056e-16 -4.162960e-01 9.092291e-01
    outer loop
      vertex   1.293600e+01 -9.280618e+00 1.425842e+00
      vertex   1.329800e+01 -9.280618e+00 1.425842e+00
      vertex   1.293600e+01 -9.265021e+00 1.432983e+00
    endloop
  endfacet
  facet normal 6.111227e-16 -8.576805e-02 9.963151e-01
    outer loop
      vertex   1.257400e+01 -9.297205e+00 1.421471e+00
      vertex   1.221200e+01 -9.297205e+00 1.421471e+00
      vertex   1.366000e+01 -9.314296e+00 1.420000e+00
    endloop
  endfacet
  facet normal -6.112807e-16 -8.576805e-02 9.963151e-01
    outer loop
      vertex   1.366000e+01 -9.314296e+00 1.420000e+00
      vertex   1.221200e+01 -9.297205e+00 1.421471e+00
      vertex   1.185000e+01 -9.297205e+00 1.421471e+00
    endloop
  endfacet
  facet normal -1.779688e-19 -8.576805e-02 9.963151e-01
    outer loop
      vertex   1.366000e+01 -9.314296e+00 1.420000e+00
      vertex   1.185000e+01 -9.297205e+00 1.421471e+00
      vertex   1.148800e+01 -9.297205e+00 1.421471e+00
    endloop
  endfacet
  facet normal 0.000000e+00 -2.547805e-01 9.669989e-01
    outer loop
      vertex   1.148800e+01 -9.297205e+00 1.421471e+00
      vertex   1.185000e+01 -9.297205e+00 1.421471e+00
      vertex   1.148800e+01 -9.280618e+00 1.425842e+00
    endloop
  endfacet
  facet normal -6.199934e-19 -2.547805e-01 9.669989e-01
    outer loop
      vertex   1.148800e+01 -9.297205e+00 1.421471e+00
      vertex   1.148800e+01 -9.280618e+00 1.425842e+00
      vertex   1.112600e+01 -9.280618e+00 1.425842e+00
    endloop
  endfacet
  facet normal 0.000000e+00 -4.162960e-01 9.092291e-01
    outer loop
      vertex   1.112600e+01 -9.280618e+00 1.425842e+00
      vertex   1.148800e+01 -9.280618e+00 1.425842e+00
      vertex   1.112600e+01 -9.265021e+00 1.432983e+00
    endloop
  endfacet
  facet normal 4.816447e-19 -4.162960e-01 9.092291e-01
    outer loop
      vertex   1.112600e+01 -9.280618e+00 1.425842e+00
      vertex   1.112600e+01 -9.265021e+00 1.432983e+00
      vertex   1.076400e+01 -9.265021e+00 1.432983e+00
    endloop
  endfacet
  facet normal 0.000000e+00 -5.655623e-01 8.247056e-01
    outer loop
      vertex   1.076400e+01 -9.265021e+00 1.432983e+00
      vertex   1.112600e+01 -9.265021e+00 1.432983e+00
      vertex   1.076400e+01 -9.250874e+00 1.442684e+00
    endloop
  endfacet
  facet normal 1.293851e-18 -5.655623e-01 8.247056e-01
    outer loop
      vertex   1.076400e+01 -9.265021e+00 1.432983e+00
      vertex   1.076400e+01 -9.250874e+00 1.442684e+00
      vertex   1.040200e+01 -9.250874e+00 1.442684e+00
    endloop
  endfacet
  facet normal 0.000000e+00 -6.981870e-01 7.159154e-01
    outer loop
      vertex   1.040200e+01 -9.250874e+00 1.442684e+00
      vertex   1.076400e+01 -9.250874e+00 1.442684e+00
      vertex   1.040200e+01 -9.238594e+00 1.454660e+00
    endloop
  endfacet
  facet normal -1.885909e-18 -6.981870e-01 7.159154e-01
    outer loop
      vertex   1.040200e+01 -9.250874e+00 1.442684e+00
      vertex   1.040200e+01 -9.238594e+00 1.454660e+00
      vertex   1.004000e+01 -9.238594e+00 1.454660e+00
    endloop
  endfacet
  facet normal 0.000000e+00 -8.102679e-01 5.860597e-01
    outer loop
      vertex   1.004000e+01 -9.238594e+00 1.454660e+00
      vertex   1.040200e+01 -9.238594e+00 1.454660e+00
      vertex   1.004000e+01 -9.228541e+00 1.468560e+00
    endloop
  endfacet
  facet normal -1.196663e-18 -8.102679e-01 5.860597e-01
    outer loop
      vertex   1.004000e+01 -9.238594e+00 1.454660e+00
      vertex   1.004000e+01 -9.228541e+00 1.468560e+00
      vertex   9.678000e+00 -9.228541e+00 1.468560e+00
    endloop
  endfacet
  facet normal 0.000000e+00 -8.985069e-01 4.389593e-01
    outer loop
      vertex   9.678000e+00 -9.228541e+00 1.468560e+00
      vertex   1.004000e+01 -9.228541e+00 1.468560e+00
      vertex   9.678000e+00 -9.221011e+00 1.483972e+00
    endloop
  endfacet
  facet normal -2.685113e-16 -8.985069e-01 4.389593e-01
    outer loop
      vertex   9.678000e+00 -9.228541e+00 1.468560e+00
      vertex   9.678000e+00 -9.221011e+00 1.483972e+00
      vertex   9.316000e+00 -9.221011e+00 1.483972e+00
    endloop
  endfacet
  facet normal -1.710987e-16 -9.603077e-01 2.789428e-01
    outer loop
      vertex   9.316000e+00 -9.221011e+00 1.483972e+00
      vertex   9.678000e+00 -9.221011e+00 1.483972e+00
      vertex   9.316000e+00 -9.216226e+00 1.500445e+00
    endloop
  endfacet
  facet normal 1.774955e-19 -9.603077e-01 2.789428e-01
    outer loop
      vertex   9.316000e+00 -9.221011e+00 1.483972e+00
      vertex   9.316000e+00 -9.216226e+00 1.500445e+00
      vertex   8.954000e+00 -9.216226e+00 1.500445e+00
    endloop
  endfacet
  facet normal 0.000000e+00 -9.938518e-01 1.107184e-01
    outer loop
      vertex   8.954000e+00 -9.216226e+00 1.500445e+00
      vertex   9.316000e+00 -9.216226e+00 1.500445e+00
      vertex   8.954000e+00 -9.214327e+00 1.517493e+00
    endloop
  endfacet
  facet normal 5.931406e-16 -2.547805e-01 9.669989e-01
    outer loop
      vertex   1.257400e+01 -9.297205e+00 1.421471e+00
      vertex   1.221200e+01 -9.280618e+00 1.425842e+00
      vertex   1.221200e+01 -9.297205e+00 1.421471e+00
    endloop
  endfacet
  facet normal -5.937606e-16 -2.547805e-01 9.669989e-01
    outer loop
      vertex   1.221200e+01 -9.297205e+00 1.421471e+00
      vertex   1.221200e+01 -9.280618e+00 1.425842e+00
      vertex   1.185000e+01 -9.280618e+00 1.425842e+00
    endloop
  endfacet
  facet normal -5.931406e-16 -2.547805e-01 9.669989e-01
    outer loop
      vertex   1.221200e+01 -9.297205e+00 1.421471e+00
      vertex   1.185000e+01 -9.280618e+00 1.425842e+00
      vertex   1.185000e+01 -9.297205e+00 1.421471e+00
    endloop
  endfacet
  facet normal -6.199934e-19 -2.547805e-01 9.669989e-01
    outer loop
      vertex   1.185000e+01 -9.297205e+00 1.421471e+00
      vertex   1.185000e+01 -9.280618e+00 1.425842e+00
      vertex   1.148800e+01 -9.280618e+00 1.425842e+00
    endloop
  endfacet
  facet normal 0.000000e+00 -8.576805e-02 9.963151e-01
    outer loop
      vertex   1.148800e+01 -9.297205e+00 1.421471e+00
      vertex   1.112600e+01 -9.297205e+00 1.421471e+00
      vertex   1.366000e+01 -9.314296e+00 1.420000e+00
    endloop
  endfacet
  facet normal -1.779688e-19 -8.576805e-02 9.963151e-01
    outer loop
      vertex   1.366000e+01 -9.314296e+00 1.420000e+00
      vertex   1.112600e+01 -9.297205e+00 1.421471e+00
      vertex   1.076400e+01 -9.297205e+00 1.421471e+00
    endloop
  endfacet
  facet normal -1.222423e-15 -8.576805e-02 9.963151e-01
    outer loop
      vertex   1.366000e+01 -9.314296e+00 1.420000e+00
      vertex   1.076400e+01 -9.297205e+00 1.421471e+00
      vertex   1.040200e+01 -9.297205e+00 1.421471e+00
    endloop
  endfacet
  facet normal -1.186281e-15 -2.547805e-01 9.669989e-01
    outer loop
      vertex   1.040200e+01 -9.297205e+00 1.421471e+00
      vertex   1.076400e+01 -9.297205e+00 1.421471e+00
      vertex   1.040200e+01 -9.280618e+00 1.425842e+00
    endloop
  endfacet
  facet normal 1.060478e-18 -2.547805e-01 9.669989e-01
    outer loop
      vertex   1.040200e+01 -9.297205e+00 1.421471e+00
      vertex   1.040200e+01 -9.280618e+00 1.425842e+00
      vertex   1.004000e+01 -9.280618e+00 1.425842e+00
    endloop
  endfacet
  facet normal 0.000000e+00 -4.162960e-01 9.092291e-01
    outer loop
      vertex   1.004000e+01 -9.280618e+00 1.425842e+00
      vertex   1.040200e+01 -9.280618e+00 1.425842e+00
      vertex   1.004000e+01 -9.265021e+00 1.432983e+00
    endloop
  endfacet
  facet normal -6.839752e-19 -4.162960e-01 9.092291e-01
    outer loop
      vertex   1.004000e+01 -9.280618e+00 1.425842e+00
      vertex   1.004000e+01 -9.265021e+00 1.432983e+00
      vertex   9.678000e+00 -9.265021e+00 1.432983e+00
    endloop
  endfacet
  facet normal 0.000000e+00 -5.655623e-01 8.247056e-01
    outer loop
      vertex   9.678000e+00 -9.265021e+00 1.432983e+00
      vertex   1.004000e+01 -9.265021e+00 1.432983e+00
      vertex   9.678000e+00 -9.250874e+00 1.442684e+00
    endloop
  endfacet
  facet normal -1.011391e-15 -5.655623e-01 8.247056e-01
    outer loop
      vertex   9.678000e+00 -9.265021e+00 1.432983e+00
      vertex   9.678000e+00 -9.250874e+00 1.442684e+00
      vertex   9.316000e+00 -9.250874e+00 1.442684e+00
    endloop
  endfacet
  facet normal -8.782605e-16 -6.981870e-01 7.159154e-01
    outer loop
      vertex   9.316000e+00 -9.250874e+00 1.442684e+00
      vertex   9.678000e+00 -9.250874e+00 1.442684e+00
      vertex   9.316000e+00 -9.238594e+00 1.454660e+00
    endloop
  endfacet
  facet normal -9.942910e-19 -6.981870e-01 7.159154e-01
    outer loop
      vertex   9.316000e+00 -9.250874e+00 1.442684e+00
      vertex   9.316000e+00 -9.238594e+00 1.454660e+00
      vertex   8.954000e+00 -9.238594e+00 1.454660e+00
    endloop
  endfacet
  facet normal 0.000000e+00 -8.102679e-01 5.860597e-01
    outer loop
      vertex   8.954000e+00 -9.238594e+00 1.454660e+00
      vertex   9.316000e+00 -9.238594e+00 1.454660e+00
      vertex   8.954000e+00 -9.228541e+00 1.468560e+00
    endloop
  endfacet
  facet normal 0.000000e+00 -2.547805e-01 9.669989e-01
    outer loop
      vertex   1.148800e+01 -9.297205e+00 1.421471e+00
      vertex   1.112600e+01 -9.280618e+00 1.425842e+00
      vertex   1.112600e+01 -9.297205e+00 1.421471e+00
    endloop
  endfacet
  facet normal -6.199934e-19 -2.547805e-01 9.669989e-01
    outer loop
      vertex   1.112600e+01 -9.297205e+00 1.421471e+00
      vertex   1.112600e+01 -9.280618e+00 1.425842e+00
      vertex   1.076400e+01 -9.280618e+00 1.425842e+00
    endloop
  endfacet
  facet normal 0.000000e+00 -2.547805e-01 9.669989e-01
    outer loop
      vertex   1.112600e+01 -9.297205e+00 1.421471e+00
      vertex   1.076400e+01 -9.280618e+00 1.425842e+00
      vertex   1.076400e+01 -9.297205e+00 1.421471e+00
    endloop
  endfacet
  facet normal -5.937606e-16 -2.547805e-01 9.669989e-01
    outer loop
      vertex   1.076400e+01 -9.297205e+00 1.421471e+00
      vertex   1.076400e+01 -9.280618e+00 1.425842e+00
      vertex   1.040200e+01 -9.280618e+00 1.425842e+00
    endloop
  endfacet
  facet normal -4.208692e-16 -8.576805e-02 9.963151e-01
    outer loop
      vertex   1.004000e+01 -9.297205e+00 1.421471e+00
      vertex   1.366000e+01 -9.314296e+00 1.420000e+00
      vertex   1.040200e+01 -9.297205e+00 1.421471e+00
    endloop
  endfacet
  facet normal -1.250224e-15 -2.547805e-01 9.669989e-01
    outer loop
      vertex   1.040200e+01 -9.297205e+00 1.421471e+00
      vertex   1.004000e+01 -9.280618e+00 1.425842e+00
      vertex   1.004000e+01 -9.297205e+00 1.421471e+00
    endloop
  endfacet
  facet normal -1.249163e-15 -2.547805e-01 9.669989e-01
    outer loop
      vertex   1.004000e+01 -9.297205e+00 1.421471e+00
      vertex   1.004000e+01 -9.280618e+00 1.425842e+00
      vertex   9.678000e+00 -9.280618e+00 1.425842e+00
    endloop
  endfacet
  facet normal 0.000000e+00 -2.547805e-01 9.669989e-01
    outer loop
      vertex   1.004000e+01 -9.297205e+00 1.421471e+00
      vertex   9.678000e+00 -9.280618e+00 1.425842e+00
      vertex   9.678000e+00 -9.297205e+00 1.421471e+00
    endloop
  endfacet
  facet normal -1.185221e-15 -2.547805e-01 9.669989e-01
    outer loop
      vertex   9.678000e+00 -9.297205e+00 1.421471e+00
      vertex   9.678000e+00 -9.280618e+00 1.425842e+00
      vertex   9.316000e+00 -9.280618e+00 1.425842e+00
    endloop
  endfacet
  facet normal 0.000000e+00 -8.576805e-02 9.963151e-01
    outer loop
      vertex   8.954000e+00 -9.297205e+00 1.421471e+00
      vertex   6.420000e+00 -9.314296e+00 1.420000e+00
      vertex   9.316000e+00 -9.297205e+00 1.421471e+00
    endloop
  endfacet
  facet normal 5.584395e-19 -2.547805e-01 9.669989e-01
    outer loop
      vertex   8.954000e+00 -9.280618e+00 1.425842e+00
      vertex   8.954000e+00 -9.297205e+00 1.421471e+00
      vertex   9.316000e+00 -9.297205e+00 1.421471e+00
    endloop
  endfacet
  facet normal 0.000000e+00 -2.547805e-01 9.669989e-01
    outer loop
      vertex   8.230000e+00 -9.297205e+00 1.421471e+00
      vertex   8.592000e+00 -9.297205e+00 1.421471e+00
      vertex   8.230000e+00 -9.280618e+00 1.425842e+00
    endloop
  endfacet
  facet normal 0.000000e+00 -2.547805e-01 9.669989e-01
    outer loop
      vertex   8.230000e+00 -9.280618e+00 1.425842e+00
      vertex   8.592000e+00 -9.297205e+00 1.421471e+00
      vertex   8.592000e+00 -9.280618e+00 1.425842e+00
    endloop
  endfacet
  facet normal 0.000000e+00 -4.162960e-01 9.092291e-01
    outer loop
      vertex   8.230000e+00 -9.280618e+00 1.425842e+00
      vertex   8.592000e+00 -9.280618e+00 1.425842e+00
      vertex   8.230000e+00 -9.265021e+00 1.432983e+00
    endloop
  endfacet
  facet normal 0.000000e+00 -4.162960e-01 9.092291e-01
    outer loop
      vertex   8.230000e+00 -9.265021e+00 1.432983e+00
      vertex   8.592000e+00 -9.280618e+00 1.425842e+00
      vertex   8.592000e+00 -9.265021e+00 1.432983e+00
    endloop
  endfacet
  facet normal 0.000000e+00 -5.655623e-01 8.247056e-01
    outer loop
      vertex   8.230000e+00 -9.265021e+00 1.432983e+00
      vertex   8.592000e+00 -9.265021e+00 1.432983e+00
      vertex   8.230000e+00 -9.250874e+00 1.442684e+00
    endloop
  endfacet
  facet normal 0.000000e+00 -5.655623e-01 8.247056e-01
    outer loop
      vertex   8.230000e+00 -9.250874e+00 1.442684e+00
      vertex   8.592000e+00 -9.265021e+00 1.432983e+00
      vertex   8.592000e+00 -9.250874e+00 1.442684e+00
    endloop
  endfacet
  facet normal 0.000000e+00 -6.981870e-01 7.159154e-01
    outer loop
      vertex   8.230000e+00 -9.250874e+00 1.442684e+00
      vertex   8.592000e+00 -9.250874e+00 1.442684e+00
      vertex   8.230000e+00 -9.238594e+00 1.454660e+00
    endloop
  endfacet
  facet normal 0.000000e+00 -6.981870e-01 7.159154e-01
    outer loop
      vertex   8.230000e+00 -9.238594e+00 1.454660e+00
      vertex   8.592000e+00 -9.250874e+00 1.442684e+00
      vertex   8.592000e+00 -9.238594e+00 1.454660e+00
    endloop
  endfacet
  facet normal 0.000000e+00 -8.102679e-01 5.860597e-01
    outer loop
      vertex   8.230000e+00 -9.238594e+00 1.454660e+00
      vertex   8.592000e+00 -9.238594e+00 1.454660e+00
      vertex   8.230000e+00 -9.228541e+00 1.468560e+00
    endloop
  endfacet
  facet normal 0.000000e+00 -8.102679e-01 5.860597e-01
    outer loop
      vertex   8.230000e+00 -9.228541e+00 1.468560e+00
      vertex   8.592000e+00 -9.238594e+00 1.454660e+00
      vertex   8.592000e+00 -9.228541e+00 1.468560e+00
    endloop
  endfacet
  facet normal 0.000000e+00 -8.985069e-01 4.389593e-01
    outer loop
      vertex   8.230000e+00 -9.228541e+00 1.468560e+00
      vertex   8.592000e+00 -9.228541e+00 1.468560e+00
      vertex   8.230000e+00 -9.221011e+00 1.483972e+00
    endloop
  endfacet
  facet normal 5.925206e-16 -2.547805e-01 9.669989e-01
    outer loop
      vertex   1.293600e+01 -9.297205e+00 1.421471e+00
      vertex   1.293600e+01 -9.280618e+00 1.425842e+00
      vertex   1.257400e+01 -9.280618e+00 1.425842e+00
    endloop
  endfacet
  facet normal 5.577056e-16 -4.162960e-01 9.092291e-01
    outer loop
      vertex   1.257400e+01 -9.280618e+00 1.425842e+00
      vertex   1.293600e+01 -9.280618e+00 1.425842e+00
      vertex   1.257400e+01 -9.265021e+00 1.432983e+00
    endloop
  endfacet
  facet normal 5.570216e-16 -4.162960e-01 9.092291e-01
    outer loop
      vertex   1.257400e+01 -9.280618e+00 1.425842e+00
      vertex   1.257400e+01 -9.265021e+00 1.432983e+00
      vertex   1.221200e+01 -9.265021e+00 1.432983e+00
    endloop
  endfacet
  facet normal 5.058603e-16 -5.655623e-01 8.247056e-01
    outer loop
      vertex   1.221200e+01 -9.265021e+00 1.432983e+00
      vertex   1.257400e+01 -9.265021e+00 1.432983e+00
      vertex   1.221200e+01 -9.250874e+00 1.442684e+00
    endloop
  endfacet
  facet normal -5.045664e-16 -5.655623e-01 8.247056e-01
    outer loop
      vertex   1.221200e+01 -9.265021e+00 1.432983e+00
      vertex   1.221200e+01 -9.250874e+00 1.442684e+00
      vertex   1.185000e+01 -9.250874e+00 1.442684e+00
    endloop
  endfacet
  facet normal -4.391303e-16 -6.981870e-01 7.159154e-01
    outer loop
      vertex   1.185000e+01 -9.250874e+00 1.442684e+00
      vertex   1.221200e+01 -9.250874e+00 1.442684e+00
      vertex   1.185000e+01 -9.238594e+00 1.454660e+00
    endloop
  endfacet
  facet normal 4.372443e-16 -6.981870e-01 7.159154e-01
    outer loop
      vertex   1.185000e+01 -9.250874e+00 1.442684e+00
      vertex   1.185000e+01 -9.238594e+00 1.454660e+00
      vertex   1.148800e+01 -9.238594e+00 1.454660e+00
    endloop
  endfacet
  facet normal 3.594790e-16 -8.102679e-01 5.860597e-01
    outer loop
      vertex   1.148800e+01 -9.238594e+00 1.454660e+00
      vertex   1.185000e+01 -9.238594e+00 1.454660e+00
      vertex   1.148800e+01 -9.228541e+00 1.468560e+00
    endloop
  endfacet
  facet normal 2.117840e-18 -8.102679e-01 5.860597e-01
    outer loop
      vertex   1.148800e+01 -9.238594e+00 1.454660e+00
      vertex   1.148800e+01 -9.228541e+00 1.468560e+00
      vertex   1.112600e+01 -9.228541e+00 1.468560e+00
    endloop
  endfacet
  facet normal 0.000000e+00 -8.985069e-01 4.389593e-01
    outer loop
      vertex   1.112600e+01 -9.228541e+00 1.468560e+00
      vertex   1.148800e+01 -9.228541e+00 1.468560e+00
      vertex   1.112600e+01 -9.221011e+00 1.483972e+00
    endloop
  endfacet
  facet normal -1.082949e-18 -8.985069e-01 4.389593e-01
    outer loop
      vertex   1.112600e+01 -9.228541e+00 1.468560e+00
      vertex   1.112600e+01 -9.221011e+00 1.483972e+00
      vertex   1.076400e+01 -9.221011e+00 1.483972e+00
    endloop
  endfacet
  facet normal 0.000000e+00 -9.603077e-01 2.789428e-01
    outer loop
      vertex   1.076400e+01 -9.221011e+00 1.483972e+00
      vertex   1.112600e+01 -9.221011e+00 1.483972e+00
      vertex   1.076400e+01 -9.216226e+00 1.500445e+00
    endloop
  endfacet
  facet normal -6.854692e-19 -9.603077e-01 2.789428e-01
    outer loop
      vertex   1.076400e+01 -9.221011e+00 1.483972e+00
      vertex   1.076400e+01 -9.216226e+00 1.500445e+00
      vertex   1.040200e+01 -9.216226e+00 1.500445e+00
    endloop
  endfacet
  facet normal 0.000000e+00 -9.938518e-01 1.107184e-01
    outer loop
      vertex   1.040200e+01 -9.216226e+00 1.500445e+00
      vertex   1.076400e+01 -9.216226e+00 1.500445e+00
      vertex   1.040200e+01 -9.214327e+00 1.517493e+00
    endloop
  endfacet
  facet normal 3.897183e-19 -9.938518e-01 1.107184e-01
    outer loop
      vertex   1.040200e+01 -9.216226e+00 1.500445e+00
      vertex   1.040200e+01 -9.214327e+00 1.517493e+00
      vertex   1.004000e+01 -9.214327e+00 1.517493e+00
    endloop
  endfacet
  facet normal 0.000000e+00 -9.981522e-01 -6.076377e-02
    outer loop
      vertex   1.004000e+01 -9.214327e+00 1.517493e+00
      vertex   1.040200e+01 -9.214327e+00 1.517493e+00
      vertex   1.004000e+01 -9.215369e+00 1.534615e+00
    endloop
  endfacet
  facet normal 1.930863e-19 -9.981522e-01 -6.076377e-02
    outer loop
      vertex   1.004000e+01 -9.214327e+00 1.517493e+00
      vertex   1.004000e+01 -9.215369e+00 1.534615e+00
      vertex   9.678000e+00 -9.215369e+00 1.534615e+00
    endloop
  endfacet
  facet normal 0.000000e+00 -9.730823e-01 -2.304580e-01
    outer loop
      vertex   9.678000e+00 -9.215369e+00 1.534615e+00
      vertex   1.004000e+01 -9.215369e+00 1.534615e+00
      vertex   6.420000e+00 -9.219322e+00 1.551307e+00
    endloop
  endfacet
  facet normal 0.000000e+00 -4.162960e-01 9.092291e-01
    outer loop
      vertex   1.257400e+01 -9.265021e+00 1.432983e+00
      vertex   1.293600e+01 -9.280618e+00 1.425842e+00
      vertex   1.293600e+01 -9.265021e+00 1.432983e+00
    endloop
  endfacet
  facet normal -5.577056e-16 -4.162960e-01 9.092291e-01
    outer loop
      vertex   1.221200e+01 -9.280618e+00 1.425842e+00
      vertex   1.185000e+01 -9.265021e+00 1.432983e+00
      vertex   1.185000e+01 -9.280618e+00 1.425842e+00
    endloop
  endfacet
  facet normal 4.816447e-19 -4.162960e-01 9.092291e-01
    outer loop
      vertex   1.185000e+01 -9.280618e+00 1.425842e+00
      vertex   1.185000e+01 -9.265021e+00 1.432983e+00
      vertex   1.148800e+01 -9.265021e+00 1.432983e+00
    endloop
  endfacet
  facet normal 0.000000e+00 -4.162960e-01 9.092291e-01
    outer loop
      vertex   1.185000e+01 -9.280618e+00 1.425842e+00
      vertex   1.148800e+01 -9.265021e+00 1.432983e+00
      vertex   1.148800e+01 -9.280618e+00 1.425842e+00
    endloop
  endfacet
  facet normal 4.816447e-19 -4.162960e-01 9.092291e-01
    outer loop
      vertex   1.148800e+01 -9.280618e+00 1.425842e+00
      vertex   1.148800e+01 -9.265021e+00 1.432983e+00
      vertex   1.112600e+01 -9.265021e+00 1.432983e+00
    endloop
  endfacet
  facet normal 0.000000e+00 -4.162960e-01 9.092291e-01
    outer loop
      vertex   1.112600e+01 -9.280618e+00 1.425842e+00
      vertex   1.076400e+01 -9.265021e+00 1.432983e+00
      vertex   1.076400e+01 -9.280618e+00 1.425842e+00
    endloop
  endfacet
  facet normal -1.114930e-15 -4.162960e-01 9.092291e-01
    outer loop
      vertex   1.076400e+01 -9.280618e+00 1.425842e+00
      vertex   1.076400e+01 -9.265021e+00 1.432983e+00
      vertex   1.040200e+01 -9.265021e+00 1.432983e+00
    endloop
  endfacet
  facet normal -5.577056e-16 -4.162960e-01 9.092291e-01
    outer loop
      vertex   1.076400e+01 -9.280618e+00 1.425842e+00
      vertex   1.040200e+01 -9.265021e+00 1.432983e+00
      vertex   1.040200e+01 -9.280618e+00 1.425842e+00
    endloop
  endfacet
  facet normal -6.839752e-19 -4.162960e-01 9.092291e-01
    outer loop
      vertex   1.040200e+01 -9.280618e+00 1.425842e+00
      vertex   1.040200e+01 -9.265021e+00 1.432983e+00
      vertex   1.004000e+01 -9.265021e+00 1.432983e+00
    endloop
  endfacet
  facet normal -2.042791e-15 -4.162960e-01 9.092291e-01
    outer loop
      vertex   1.004000e+01 -9.280618e+00 1.425842e+00
      vertex   9.678000e+00 -9.265021e+00 1.432983e+00
      vertex   9.678000e+00 -9.280618e+00 1.425842e+00
    endloop
  endfacet
  facet normal -5.583515e-16 -4.162960e-01 9.092291e-01
    outer loop
      vertex   9.678000e+00 -9.280618e+00 1.425842e+00
      vertex   9.678000e+00 -9.265021e+00 1.432983e+00
      vertex   9.316000e+00 -9.265021e+00 1.432983e+00
    endloop
  endfacet
  facet normal -1.115411e-15 -4.162960e-01 9.092291e-01
    outer loop
      vertex   9.678000e+00 -9.280618e+00 1.425842e+00
      vertex   9.316000e+00 -9.265021e+00 1.432983e+00
      vertex   9.316000e+00 -9.280618e+00 1.425842e+00
    endloop
  endfacet
  facet normal 5.197144e-19 -4.162960e-01 9.092291e-01
    outer loop
      vertex   9.316000e+00 -9.280618e+00 1.425842e+00
      vertex   9.316000e+00 -9.265021e+00 1.432983e+00
      vertex   8.954000e+00 -9.265021e+00 1.432983e+00
    endloop
  endfacet
  facet normal -1.185723e-15 -2.547805e-01 9.669989e-01
    outer loop
      vertex   8.230000e+00 -9.297205e+00 1.421471e+00
      vertex   8.230000e+00 -9.280618e+00 1.425842e+00
      vertex   7.868000e+00 -9.280618e+00 1.425842e+00
    endloop
  endfacet
  facet normal -1.115411e-15 -4.162960e-01 9.092291e-01
    outer loop
      vertex   7.868000e+00 -9.280618e+00 1.425842e+00
      vertex   8.230000e+00 -9.280618e+00 1.425842e+00
      vertex   7.868000e+00 -9.265021e+00 1.432983e+00
    endloop
  endfacet
  facet normal -6.459056e-19 -4.162960e-01 9.092291e-01
    outer loop
      vertex   7.868000e+00 -9.280618e+00 1.425842e+00
      vertex   7.868000e+00 -9.265021e+00 1.432983e+00
      vertex   7.506000e+00 -9.265021e+00 1.432983e+00
    endloop
  endfacet
  facet normal 0.000000e+00 -5.655623e-01 8.247056e-01
    outer loop
      vertex   7.506000e+00 -9.265021e+00 1.432983e+00
      vertex   7.868000e+00 -9.265021e+00 1.432983e+00
      vertex   7.506000e+00 -9.250874e+00 1.442684e+00
    endloop
  endfacet
  facet normal 5.066722e-16 -5.655623e-01 8.247056e-01
    outer loop
      vertex   7.506000e+00 -9.265021e+00 1.432983e+00
      vertex   7.506000e+00 -9.250874e+00 1.442684e+00
      vertex   7.144000e+00 -9.250874e+00 1.442684e+00
    endloop
  endfacet
  facet normal 4.391303e-16 -6.981870e-01 7.159154e-01
    outer loop
      vertex   7.144000e+00 -9.250874e+00 1.442684e+00
      vertex   7.506000e+00 -9.250874e+00 1.442684e+00
      vertex   7.144000e+00 -9.238594e+00 1.454660e+00
    endloop
  endfacet
  facet normal -4.401245e-16 -6.981870e-01 7.159154e-01
    outer loop
      vertex   7.144000e+00 -9.250874e+00 1.442684e+00
      vertex   7.144000e+00 -9.238594e+00 1.454660e+00
      vertex   6.782000e+00 -9.238594e+00 1.454660e+00
    endloop
  endfacet
  facet normal -3.594790e-16 -8.102679e-01 5.860597e-01
    outer loop
      vertex   6.782000e+00 -9.238594e+00 1.454660e+00
      vertex   7.144000e+00 -9.238594e+00 1.454660e+00
      vertex   6.782000e+00 -9.228541e+00 1.468560e+00
    endloop
  endfacet
  facet normal -5.577056e-16 -4.162960e-01 9.092291e-01
    outer loop
      vertex   7.868000e+00 -9.265021e+00 1.432983e+00
      vertex   8.230000e+00 -9.280618e+00 1.425842e+00
      vertex   8.230000e+00 -9.265021e+00 1.432983e+00
    endloop
  endfacet
  facet normal -5.058603e-16 -5.655623e-01 8.247056e-01
    outer loop
      vertex   1.293600e+01 -9.250874e+00 1.442684e+00
      vertex   1.329800e+01 -9.265021e+00 1.432983e+00
      vertex   1.329800e+01 -9.250874e+00 1.442684e+00
    endloop
  endfacet
  facet normal 0.000000e+00 -5.655623e-01 8.247056e-01
    outer loop
      vertex   1.221200e+01 -9.250874e+00 1.442684e+00
      vertex   1.257400e+01 -9.265021e+00 1.432983e+00
      vertex   1.257400e+01 -9.250874e+00 1.442684e+00
    endloop
  endfacet
  facet normal 8.119042e-19 -5.655623e-01 8.247056e-01
    outer loop
      vertex   1.257400e+01 -9.250874e+00 1.442684e+00
      vertex   1.257400e+01 -9.265021e+00 1.432983e+00
      vertex   1.293600e+01 -9.265021e+00 1.432983e+00
    endloop
  endfacet
  facet normal 0.000000e+00 -5.655623e-01 8.247056e-01
    outer loop
      vertex   1.185000e+01 -9.265021e+00 1.432983e+00
      vertex   1.148800e+01 -9.250874e+00 1.442684e+00
      vertex   1.148800e+01 -9.265021e+00 1.432983e+00
    endloop
  endfacet
  facet normal 1.293851e-18 -5.655623e-01 8.247056e-01
    outer loop
      vertex   1.148800e+01 -9.265021e+00 1.432983e+00
      vertex   1.148800e+01 -9.250874e+00 1.442684e+00
      vertex   1.112600e+01 -9.250874e+00 1.442684e+00
    endloop
  endfacet
  facet normal 0.000000e+00 -5.655623e-01 8.247056e-01
    outer loop
      vertex   1.148800e+01 -9.265021e+00 1.432983e+00
      vertex   1.112600e+01 -9.250874e+00 1.442684e+00
      vertex   1.112600e+01 -9.265021e+00 1.432983e+00
    endloop
  endfacet
  facet normal 1.293851e-18 -5.655623e-01 8.247056e-01
    outer loop
      vertex   1.112600e+01 -9.265021e+00 1.432983e+00
      vertex   1.112600e+01 -9.250874e+00 1.442684e+00
      vertex   1.076400e+01 -9.250874e+00 1.442684e+00
    endloop
  endfacet
  facet normal -1.011721e-15 -5.655623e-01 8.247056e-01
    outer loop
      vertex   1.076400e+01 -9.265021e+00 1.432983e+00
      vertex   1.040200e+01 -9.250874e+00 1.442684e+00
      vertex   1.040200e+01 -9.265021e+00 1.432983e+00
    endloop
  endfacet
  facet normal 3.299574e-19 -5.655623e-01 8.247056e-01
    outer loop
      vertex   1.040200e+01 -9.265021e+00 1.432983e+00
      vertex   1.040200e+01 -9.250874e+00 1.442684e+00
      vertex   1.004000e+01 -9.250874e+00 1.442684e+00
    endloop
  endfacet
  facet normal 0.000000e+00 -5.655623e-01 8.247056e-01
    outer loop
      vertex   1.040200e+01 -9.265021e+00 1.432983e+00
      vertex   1.004000e+01 -9.250874e+00 1.442684e+00
      vertex   1.004000e+01 -9.265021e+00 1.432983e+00
    endloop
  endfacet
  facet normal 3.299574e-19 -5.655623e-01 8.247056e-01
    outer loop
      vertex   1.004000e+01 -9.265021e+00 1.432983e+00
      vertex   1.004000e+01 -9.250874e+00 1.442684e+00
      vertex   9.678000e+00 -9.250874e+00 1.442684e+00
    endloop
  endfacet
  facet normal 8.119042e-19 -5.655623e-01 8.247056e-01
    outer loop
      vertex   8.954000e+00 -9.250874e+00 1.442684e+00
      vertex   8.954000e+00 -9.265021e+00 1.432983e+00
      vertex   9.316000e+00 -9.265021e+00 1.432983e+00
    endloop
  endfacet
  facet normal 0.000000e+00 -5.655623e-01 8.247056e-01
    outer loop
      vertex   8.954000e+00 -9.250874e+00 1.442684e+00
      vertex   9.316000e+00 -9.265021e+00 1.432983e+00
      vertex   9.316000e+00 -9.250874e+00 1.442684e+00
    endloop
  endfacet
  facet normal -5.050484e-16 -5.655623e-01 8.247056e-01
    outer loop
      vertex   9.316000e+00 -9.250874e+00 1.442684e+00
      vertex   9.316000e+00 -9.265021e+00 1.432983e+00
      vertex   9.678000e+00 -9.265021e+00 1.432983e+00
    endloop
  endfacet
  facet normal -5.058603e-16 -5.655623e-01 8.247056e-01
    outer loop
      vertex   7.868000e+00 -9.265021e+00 1.432983e+00
      vertex   8.230000e+00 -9.265021e+00 1.432983e+00
      vertex   7.868000e+00 -9.250874e+00 1.442684e+00
    endloop
  endfacet
  facet normal -5.058603e-16 -5.655623e-01 8.247056e-01
    outer loop
      vertex   7.868000e+00 -9.250874e+00 1.442684e+00
      vertex   8.230000e+00 -9.265021e+00 1.432983e+00
      vertex   8.230000e+00 -9.250874e+00 1.442684e+00
    endloop
  endfacet
  facet normal -4.391303e-16 -6.981870e-01 7.159154e-01
    outer loop
      vertex   7.868000e+00 -9.250874e+00 1.442684e+00
      vertex   8.230000e+00 -9.250874e+00 1.442684e+00
      vertex   7.868000e+00 -9.238594e+00 1.454660e+00
    endloop
  endfacet
  facet normal 0.000000e+00 -6.981870e-01 7.159154e-01
    outer loop
      vertex   7.868000e+00 -9.238594e+00 1.454660e+00
      vertex   8.230000e+00 -9.250874e+00 1.442684e+00
      vertex   8.230000e+00 -9.238594e+00 1.454660e+00
    endloop
  endfacet
  facet normal 0.000000e+00 -8.102679e-01 5.860597e-01
    outer loop
      vertex   7.868000e+00 -9.238594e+00 1.454660e+00
      vertex   8.230000e+00 -9.238594e+00 1.454660e+00
      vertex   7.868000e+00 -9.228541e+00 1.468560e+00
    endloop
  endfacet
  facet normal -3.594790e-16 -8.102679e-01 5.860597e-01
    outer loop
      vertex   7.868000e+00 -9.228541e+00 1.468560e+00
      vertex   8.230000e+00 -9.238594e+00 1.454660e+00
      vertex   8.230000e+00 -9.228541e+00 1.468560e+00
    endloop
  endfacet
  facet normal -2.692501e-16 -8.985069e-01 4.389593e-01
    outer loop
      vertex   7.868000e+00 -9.228541e+00 1.468560e+00
      vertex   8.230000e+00 -9.228541e+00 1.468560e+00
      vertex   7.868000e+00 -9.221011e+00 1.483972e+00
    endloop
  endfacet
  facet normal -2.692501e-16 -8.985069e-01 4.389593e-01
    outer loop
      vertex   7.868000e+00 -9.221011e+00 1.483972e+00
      vertex   8.230000e+00 -9.228541e+00 1.468560e+00
      vertex   8.230000e+00 -9.221011e+00 1.483972e+00
    endloop
  endfacet
  facet normal -1.710987e-16 -9.603077e-01 2.789428e-01
    outer loop
      vertex   7.868000e+00 -9.221011e+00 1.483972e+00
      vertex   8.230000e+00 -9.221011e+00 1.483972e+00
      vertex   7.868000e+00 -9.216226e+00 1.500445e+00
    endloop
  endfacet
  facet normal -4.391303e-16 -6.981870e-01 7.159154e-01
    outer loop
      vertex   1.293600e+01 -9.250874e+00 1.442684e+00
      vertex   1.329800e+01 -9.250874e+00 1.442684e+00
      vertex   1.293600e+01 -9.238594e+00 1.454660e+00
    endloop
  endfacet
  facet normal -8.782605e-16 -6.981870e-01 7.159154e-01
    outer loop
      vertex   1.293600e+01 -9.238594e+00 1.454660e+00
      vertex   1.329800e+01 -9.250874e+00 1.442684e+00
      vertex   1.329800e+01 -9.238594e+00 1.454660e+00
    endloop
  endfacet
  facet normal -7.189579e-16 -8.102679e-01 5.860597e-01
    outer loop
      vertex   1.293600e+01 -9.238594e+00 1.454660e+00
      vertex   1.329800e+01 -9.238594e+00 1.454660e+00
      vertex   1.293600e+01 -9.228541e+00 1.468560e+00
    endloop
  endfacet
  facet normal -3.594790e-16 -8.102679e-01 5.860597e-01
    outer loop
      vertex   1.293600e+01 -9.228541e+00 1.468560e+00
      vertex   1.329800e+01 -9.238594e+00 1.454660e+00
      vertex   1.329800e+01 -9.228541e+00 1.468560e+00
    endloop
  endfacet
  facet normal -2.692501e-16 -8.985069e-01 4.389593e-01
    outer loop
      vertex   1.293600e+01 -9.228541e+00 1.468560e+00
      vertex   1.329800e+01 -9.228541e+00 1.468560e+00
      vertex   1.293600e+01 -9.221011e+00 1.483972e+00
    endloop
  endfacet
  facet normal -2.692501e-16 -8.985069e-01 4.389593e-01
    outer loop
      vertex   1.293600e+01 -9.221011e+00 1.483972e+00
      vertex   1.329800e+01 -9.228541e+00 1.468560e+00
      vertex   1.329800e+01 -9.221011e+00 1.483972e+00
    endloop
  endfacet
  facet normal -1.710987e-16 -9.603077e-01 2.789428e-01
    outer loop
      vertex   1.293600e+01 -9.221011e+00 1.483972e+00
      vertex   1.329800e+01 -9.221011e+00 1.483972e+00
      vertex   1.293600e+01 -9.216226e+00 1.500445e+00
    endloop
  endfacet
  facet normal 0.000000e+00 -9.603077e-01 2.789428e-01
    outer loop
      vertex   1.293600e+01 -9.216226e+00 1.500445e+00
      vertex   1.329800e+01 -9.221011e+00 1.483972e+00
      vertex   1.329800e+01 -9.216226e+00 1.500445e+00
    endloop
  endfacet
  facet normal 0.000000e+00 -9.938518e-01 1.107184e-01
    outer loop
      vertex   1.293600e+01 -9.216226e+00 1.500445e+00
      vertex   1.329800e+01 -9.216226e+00 1.500445e+00
      vertex   1.293600e+01 -9.214327e+00 1.517493e+00
    endloop
  endfacet
  facet normal 0.000000e+00 -9.938518e-01 1.107184e-01
    outer loop
      vertex   1.293600e+01 -9.214327e+00 1.517493e+00
      vertex   1.329800e+01 -9.216226e+00 1.500445e+00
      vertex   1.329800e+01 -9.214327e+00 1.517493e+00
    endloop
  endfacet
  facet normal 0.000000e+00 -9.981522e-01 -6.076377e-02
    outer loop
      vertex   1.293600e+01 -9.214327e+00 1.517493e+00
      vertex   1.329800e+01 -9.214327e+00 1.517493e+00
      vertex   1.293600e+01 -9.215369e+00 1.534615e+00
    endloop
  endfacet
  facet normal 3.727145e-17 -9.981522e-01 -6.076377e-02
    outer loop
      vertex   1.293600e+01 -9.215369e+00 1.534615e+00
      vertex   1.329800e+01 -9.214327e+00 1.517493e+00
      vertex   1.329800e+01 -9.215369e+00 1.534615e+00
    endloop
  endfacet
  facet normal 1.413590e-16 -9.730823e-01 -2.304580e-01
    outer loop
      vertex   1.293600e+01 -9.215369e+00 1.534615e+00
      vertex   1.329800e+01 -9.215369e+00 1.534615e+00
      vertex   1.366000e+01 -9.219322e+00 1.551307e+00
    endloop
  endfacet
  facet normal -3.865178e-15 -6.981870e-01 7.159154e-01
    outer loop
      vertex   1.185000e+01 -9.238594e+00 1.454660e+00
      vertex   1.221200e+01 -9.250874e+00 1.442684e+00
      vertex   1.221200e+01 -9.238594e+00 1.454660e+00
    endloop
  endfacet
  facet normal -1.393602e-18 -6.981870e-01 7.159154e-01
    outer loop
      vertex   1.221200e+01 -9.238594e+00 1.454660e+00
      vertex   1.221200e+01 -9.250874e+00 1.442684e+00
      vertex   1.257400e+01 -9.250874e+00 1.442684e+00
    endloop
  endfacet
  facet normal 0.000000e+00 -6.981870e-01 7.159154e-01
    outer loop
      vertex   1.148800e+01 -9.250874e+00 1.442684e+00
      vertex   1.112600e+01 -9.238594e+00 1.454660e+00
      vertex   1.112600e+01 -9.250874e+00 1.442684e+00
    endloop
  endfacet
  facet normal 7.424094e-19 -6.981870e-01 7.159154e-01
    outer loop
      vertex   1.112600e+01 -9.250874e+00 1.442684e+00
      vertex   1.112600e+01 -9.238594e+00 1.454660e+00
      vertex   1.076400e+01 -9.238594e+00 1.454660e+00
    endloop
  endfacet
  facet normal 0.000000e+00 -6.981870e-01 7.159154e-01
    outer loop
      vertex   1.112600e+01 -9.250874e+00 1.442684e+00
      vertex   1.076400e+01 -9.238594e+00 1.454660e+00
      vertex   1.076400e+01 -9.250874e+00 1.442684e+00
    endloop
  endfacet
  facet normal -4.383878e-16 -6.981870e-01 7.159154e-01
    outer loop
      vertex   1.076400e+01 -9.250874e+00 1.442684e+00
      vertex   1.076400e+01 -9.238594e+00 1.454660e+00
      vertex   1.040200e+01 -9.238594e+00 1.454660e+00
    endloop
  endfacet
  facet normal 0.000000e+00 -6.981870e-01 7.159154e-01
    outer loop
      vertex   1.040200e+01 -9.250874e+00 1.442684e+00
      vertex   1.004000e+01 -9.238594e+00 1.454660e+00
      vertex   1.004000e+01 -9.250874e+00 1.442684e+00
    endloop
  endfacet
  facet normal 4.372443e-16 -6.981870e-01 7.159154e-01
    outer loop
      vertex   1.004000e+01 -9.250874e+00 1.442684e+00
      vertex   1.004000e+01 -9.238594e+00 1.454660e+00
      vertex   9.678000e+00 -9.238594e+00 1.454660e+00
    endloop
  endfacet
  facet normal 0.000000e+00 -6.981870e-01 7.159154e-01
    outer loop
      vertex   1.004000e+01 -9.250874e+00 1.442684e+00
      vertex   9.678000e+00 -9.238594e+00 1.454660e+00
      vertex   9.678000e+00 -9.250874e+00 1.442684e+00
    endloop
  endfacet
  facet normal -4.383878e-16 -6.981870e-01 7.159154e-01
    outer loop
      vertex   9.678000e+00 -9.250874e+00 1.442684e+00
      vertex   9.678000e+00 -9.238594e+00 1.454660e+00
      vertex   9.316000e+00 -9.238594e+00 1.454660e+00
    endloop
  endfacet
  facet normal -9.942910e-19 -6.981870e-01 7.159154e-01
    outer loop
      vertex   8.954000e+00 -9.238594e+00 1.454660e+00
      vertex   8.954000e+00 -9.250874e+00 1.442684e+00
      vertex   9.316000e+00 -9.250874e+00 1.442684e+00
    endloop
  endfacet
  facet normal 8.119042e-19 -5.655623e-01 8.247056e-01
    outer loop
      vertex   7.868000e+00 -9.265021e+00 1.432983e+00
      vertex   7.868000e+00 -9.250874e+00 1.442684e+00
      vertex   7.506000e+00 -9.250874e+00 1.442684e+00
    endloop
  endfacet
  facet normal 0.000000e+00 -6.981870e-01 7.159154e-01
    outer loop
      vertex   7.506000e+00 -9.250874e+00 1.442684e+00
      vertex   7.868000e+00 -9.250874e+00 1.442684e+00
      vertex   7.506000e+00 -9.238594e+00 1.454660e+00
    endloop
  endfacet
  facet normal 1.634028e-18 -6.981870e-01 7.159154e-01
    outer loop
      vertex   7.506000e+00 -9.250874e+00 1.442684e+00
      vertex   7.506000e+00 -9.238594e+00 1.454660e+00
      vertex   7.144000e+00 -9.238594e+00 1.454660e+00
    endloop
  endfacet
  facet normal 0.000000e+00 -8.102679e-01 5.860597e-01
    outer loop
      vertex   7.144000e+00 -9.238594e+00 1.454660e+00
      vertex   7.506000e+00 -9.238594e+00 1.454660e+00
      vertex   7.144000e+00 -9.228541e+00 1.468560e+00
    endloop
  endfacet
  facet normal -3.606756e-16 -8.102679e-01 5.860597e-01
    outer loop
      vertex   7.144000e+00 -9.238594e+00 1.454660e+00
      vertex   7.144000e+00 -9.228541e+00 1.468560e+00
      vertex   6.782000e+00 -9.228541e+00 1.468560e+00
    endloop
  endfacet
  facet normal -2.692501e-16 -8.985069e-01 4.389593e-01
    outer loop
      vertex   6.782000e+00 -9.228541e+00 1.468560e+00
      vertex   7.144000e+00 -9.228541e+00 1.468560e+00
      vertex   6.782000e+00 -9.221011e+00 1.483972e+00
    endloop
  endfacet
  facet normal 0.000000e+00 -6.981870e-01 7.159154e-01
    outer loop
      vertex   7.506000e+00 -9.238594e+00 1.454660e+00
      vertex   7.868000e+00 -9.250874e+00 1.442684e+00
      vertex   7.868000e+00 -9.238594e+00 1.454660e+00
    endloop
  endfacet
  facet normal -1.393602e-18 -6.981870e-01 7.159154e-01
    outer loop
      vertex   1.293600e+01 -9.250874e+00 1.442684e+00
      vertex   1.293600e+01 -9.238594e+00 1.454660e+00
      vertex   1.257400e+01 -9.238594e+00 1.454660e+00
    endloop
  endfacet
  facet normal 0.000000e+00 -8.102679e-01 5.860597e-01
    outer loop
      vertex   1.257400e+01 -9.238594e+00 1.454660e+00
      vertex   1.293600e+01 -9.238594e+00 1.454660e+00
      vertex   1.257400e+01 -9.228541e+00 1.468560e+00
    endloop
  endfacet
  facet normal 3.610999e-16 -8.102679e-01 5.860597e-01
    outer loop
      vertex   1.257400e+01 -9.238594e+00 1.454660e+00
      vertex   1.257400e+01 -9.228541e+00 1.468560e+00
      vertex   1.221200e+01 -9.228541e+00 1.468560e+00
    endloop
  endfacet
  facet normal 2.692501e-16 -8.985069e-01 4.389593e-01
    outer loop
      vertex   1.221200e+01 -9.228541e+00 1.468560e+00
      vertex   1.257400e+01 -9.228541e+00 1.468560e+00
      vertex   1.221200e+01 -9.221011e+00 1.483972e+00
    endloop
  endfacet
  facet normal -2.689520e-16 -8.985069e-01 4.389593e-01
    outer loop
      vertex   1.221200e+01 -9.228541e+00 1.468560e+00
      vertex   1.221200e+01 -9.221011e+00 1.483972e+00
      vertex   1.185000e+01 -9.221011e+00 1.483972e+00
    endloop
  endfacet
  facet normal -1.710987e-16 -9.603077e-01 2.789428e-01
    outer loop
      vertex   1.185000e+01 -9.221011e+00 1.483972e+00
      vertex   1.221200e+01 -9.221011e+00 1.483972e+00
      vertex   1.185000e+01 -9.216226e+00 1.500445e+00
    endloop
  endfacet
  facet normal 3.428315e-16 -9.603077e-01 2.789428e-01
    outer loop
      vertex   1.185000e+01 -9.221011e+00 1.483972e+00
      vertex   1.185000e+01 -9.216226e+00 1.500445e+00
      vertex   1.148800e+01 -9.216226e+00 1.500445e+00
    endloop
  endfacet
  facet normal 1.358256e-16 -9.938518e-01 1.107184e-01
    outer loop
      vertex   1.148800e+01 -9.216226e+00 1.500445e+00
      vertex   1.185000e+01 -9.216226e+00 1.500445e+00
      vertex   1.148800e+01 -9.214327e+00 1.517493e+00
    endloop
  endfacet
  facet normal 3.897183e-19 -9.938518e-01 1.107184e-01
    outer loop
      vertex   1.148800e+01 -9.216226e+00 1.500445e+00
      vertex   1.148800e+01 -9.214327e+00 1.517493e+00
      vertex   1.112600e+01 -9.214327e+00 1.517493e+00
    endloop
  endfacet
  facet normal 0.000000e+00 -9.981522e-01 -6.076377e-02
    outer loop
      vertex   1.112600e+01 -9.214327e+00 1.517493e+00
      vertex   1.148800e+01 -9.214327e+00 1.517493e+00
      vertex   1.112600e+01 -9.215369e+00 1.534615e+00
    endloop
  endfacet
  facet normal 1.930863e-19 -9.981522e-01 -6.076377e-02
    outer loop
      vertex   1.112600e+01 -9.214327e+00 1.517493e+00
      vertex   1.112600e+01 -9.215369e+00 1.534615e+00
      vertex   1.076400e+01 -9.215369e+00 1.534615e+00
    endloop
  endfacet
  facet normal 0.000000e+00 -9.730823e-01 -2.304580e-01
    outer loop
      vertex   1.076400e+01 -9.215369e+00 1.534615e+00
      vertex   1.112600e+01 -9.215369e+00 1.534615e+00
      vertex   1.366000e+01 -9.219322e+00 1.551307e+00
    endloop
  endfacet
  facet normal 0.000000e+00 -8.102679e-01 5.860597e-01
    outer loop
      vertex   1.257400e+01 -9.228541e+00 1.468560e+00
      vertex   1.293600e+01 -9.238594e+00 1.454660e+00
      vertex   1.293600e+01 -9.228541e+00 1.468560e+00
    endloop
  endfacet
  facet normal 0.000000e+00 -8.102679e-01 5.860597e-01
    outer loop
      vertex   1.148800e+01 -9.228541e+00 1.468560e+00
      vertex   1.185000e+01 -9.238594e+00 1.454660e+00
      vertex   1.185000e+01 -9.228541e+00 1.468560e+00
    endloop
  endfacet
  facet normal -4.336711e-15 -8.102679e-01 5.860597e-01
    outer loop
      vertex   1.185000e+01 -9.228541e+00 1.468560e+00
      vertex   1.185000e+01 -9.238594e+00 1.454660e+00
      vertex   1.221200e+01 -9.238594e+00 1.454660e+00
    endloop
  endfacet
  facet normal 0.000000e+00 -8.102679e-01 5.860597e-01
    outer loop
      vertex   1.112600e+01 -9.238594e+00 1.454660e+00
      vertex   1.076400e+01 -9.228541e+00 1.468560e+00
      vertex   1.076400e+01 -9.238594e+00 1.454660e+00
    endloop
  endfacet
  facet normal 1.620980e-18 -8.102679e-01 5.860597e-01
    outer loop
      vertex   1.076400e+01 -9.238594e+00 1.454660e+00
      vertex   1.076400e+01 -9.228541e+00 1.468560e+00
      vertex   1.040200e+01 -9.228541e+00 1.468560e+00
    endloop
  endfacet
  facet normal -3.594790e-16 -8.102679e-01 5.860597e-01
    outer loop
      vertex   1.076400e+01 -9.238594e+00 1.454660e+00
      vertex   1.040200e+01 -9.228541e+00 1.468560e+00
      vertex   1.040200e+01 -9.238594e+00 1.454660e+00
    endloop
  endfacet
  facet normal -1.196663e-18 -8.102679e-01 5.860597e-01
    outer loop
      vertex   1.040200e+01 -9.238594e+00 1.454660e+00
      vertex   1.040200e+01 -9.228541e+00 1.468560e+00
      vertex   1.004000e+01 -9.228541e+00 1.468560e+00
    endloop
  endfacet
  facet normal 3.594790e-16 -8.102679e-01 5.860597e-01
    outer loop
      vertex   1.004000e+01 -9.238594e+00 1.454660e+00
      vertex   9.678000e+00 -9.228541e+00 1.468560e+00
      vertex   9.678000e+00 -9.238594e+00 1.454660e+00
    endloop
  endfacet
  facet normal -3.578580e-16 -8.102679e-01 5.860597e-01
    outer loop
      vertex   9.678000e+00 -9.238594e+00 1.454660e+00
      vertex   9.678000e+00 -9.228541e+00 1.468560e+00
      vertex   9.316000e+00 -9.228541e+00 1.468560e+00
    endloop
  endfacet
  facet normal -3.594790e-16 -8.102679e-01 5.860597e-01
    outer loop
      vertex   9.678000e+00 -9.238594e+00 1.454660e+00
      vertex   9.316000e+00 -9.228541e+00 1.468560e+00
      vertex   9.316000e+00 -9.238594e+00 1.454660e+00
    endloop
  endfacet
  facet normal 3.610999e-16 -8.102679e-01 5.860597e-01
    outer loop
      vertex   9.316000e+00 -9.238594e+00 1.454660e+00
      vertex   9.316000e+00 -9.228541e+00 1.468560e+00
      vertex   8.954000e+00 -9.228541e+00 1.468560e+00
    endloop
  endfacet
  facet normal 0.000000e+00 -8.102679e-01 5.860597e-01
    outer loop
      vertex   7.506000e+00 -9.238594e+00 1.454660e+00
      vertex   7.868000e+00 -9.238594e+00 1.454660e+00
      vertex   7.506000e+00 -9.228541e+00 1.468560e+00
    endloop
  endfacet
  facet normal 0.000000e+00 -8.102679e-01 5.860597e-01
    outer loop
      vertex   7.506000e+00 -9.228541e+00 1.468560e+00
      vertex   7.868000e+00 -9.238594e+00 1.454660e+00
      vertex   7.868000e+00 -9.228541e+00 1.468560e+00
    endloop
  endfacet
  facet normal 0.000000e+00 -8.985069e-01 4.389593e-01
    outer loop
      vertex   7.506000e+00 -9.228541e+00 1.468560e+00
      vertex   7.868000e+00 -9.228541e+00 1.468560e+00
      vertex   7.506000e+00 -9.221011e+00 1.483972e+00
    endloop
  endfacet
  facet normal 2.692501e-16 -8.985069e-01 4.389593e-01
    outer loop
      vertex   7.506000e+00 -9.221011e+00 1.483972e+00
      vertex   7.868000e+00 -9.228541e+00 1.468560e+00
      vertex   7.868000e+00 -9.221011e+00 1.483972e+00
    endloop
  endfacet
  facet normal 1.710987e-16 -9.603077e-01 2.789428e-01
    outer loop
      vertex   7.506000e+00 -9.221011e+00 1.483972e+00
      vertex   7.868000e+00 -9.221011e+00 1.483972e+00
      vertex   7.506000e+00 -9.216226e+00 1.500445e+00
    endloop
  endfacet
  facet normal 0.000000e+00 -9.603077e-01 2.789428e-01
    outer loop
      vertex   7.506000e+00 -9.216226e+00 1.500445e+00
      vertex   7.868000e+00 -9.221011e+00 1.483972e+00
      vertex   7.868000e+00 -9.216226e+00 1.500445e+00
    endloop
  endfacet
  facet normal 0.000000e+00 -9.938518e-01 1.107184e-01
    outer loop
      vertex   7.506000e+00 -9.216226e+00 1.500445e+00
      vertex   7.868000e+00 -9.216226e+00 1.500445e+00
      vertex   7.506000e+00 -9.214327e+00 1.517493e+00
    endloop
  endfacet
  facet normal 0.000000e+00 -8.985069e-01 4.389593e-01
    outer loop
      vertex   1.257400e+01 -9.228541e+00 1.468560e+00
      vertex   1.293600e+01 -9.228541e+00 1.468560e+00
      vertex   1.257400e+01 -9.221011e+00 1.483972e+00
    endloop
  endfacet
  facet normal 0.000000e+00 -8.985069e-01 4.389593e-01
    outer loop
      vertex   1.257400e+01 -9.221011e+00 1.483972e+00
      vertex   1.293600e+01 -9.228541e+00 1.468560e+00
      vertex   1.293600e+01 -9.221011e+00 1.483972e+00
    endloop
  endfacet
  facet normal 0.000000e+00 -9.603077e-01 2.789428e-01
    outer loop
      vertex   1.257400e+01 -9.221011e+00 1.483972e+00
      vertex   1.293600e+01 -9.221011e+00 1.483972e+00
      vertex   1.257400e+01 -9.216226e+00 1.500445e+00
    endloop
  endfacet
  facet normal 0.000000e+00 -9.603077e-01 2.789428e-01
    outer loop
      vertex   1.257400e+01 -9.216226e+00 1.500445e+00
      vertex   1.293600e+01 -9.221011e+00 1.483972e+00
      vertex   1.293600e+01 -9.216226e+00 1.500445e+00
    endloop
  endfacet
  facet normal 0.000000e+00 -9.938518e-01 1.107184e-01
    outer loop
      vertex   1.257400e+01 -9.216226e+00 1.500445e+00
      vertex   1.293600e+01 -9.216226e+00 1.500445e+00
      vertex   1.257400e+01 -9.214327e+00 1.517493e+00
    endloop
  endfacet
  facet normal 0.000000e+00 -9.938518e-01 1.107184e-01
    outer loop
      vertex   1.257400e+01 -9.214327e+00 1.517493e+00
      vertex   1.293600e+01 -9.216226e+00 1.500445e+00
      vertex   1.293600e+01 -9.214327e+00 1.517493e+00
    endloop
  endfacet
  facet normal 0.000000e+00 -9.981522e-01 -6.076377e-02
    outer loop
      vertex   1.257400e+01 -9.214327e+00 1.517493e+00
      vertex   1.293600e+01 -9.214327e+00 1.517493e+00
      vertex   1.257400e+01 -9.215369e+00 1.534615e+00
    endloop
  endfacet
  facet normal 0.000000e+00 -9.981522e-01 -6.076377e-02
    outer loop
      vertex   1.257400e+01 -9.215369e+00 1.534615e+00
      vertex   1.293600e+01 -9.214327e+00 1.517493e+00
      vertex   1.293600e+01 -9.215369e+00 1.534615e+00
    endloop
  endfacet
  facet normal 0.000000e+00 -9.730823e-01 -2.304580e-01
    outer loop
      vertex   1.257400e+01 -9.215369e+00 1.534615e+00
      vertex   1.293600e+01 -9.215369e+00 1.534615e+00
      vertex   1.366000e+01 -9.219322e+00 1.551307e+00
    endloop
  endfacet
  facet normal 2.692501e-16 -8.985069e-01 4.389593e-01
    outer loop
      vertex   1.112600e+01 -9.221011e+00 1.483972e+00
      vertex   1.148800e+01 -9.228541e+00 1.468560e+00
      vertex   1.148800e+01 -9.221011e+00 1.483972e+00
    endloop
  endfacet
  facet normal 2.981164e-19 -8.985069e-01 4.389593e-01
    outer loop
      vertex   1.148800e+01 -9.221011e+00 1.483972e+00
      vertex   1.148800e+01 -9.228541e+00 1.468560e+00
      vertex   1.185000e+01 -9.228541e+00 1.468560e+00
    endloop
  endfacet
  facet normal 0.000000e+00 -8.985069e-01 4.389593e-01
    outer loop
      vertex   1.076400e+01 -9.228541e+00 1.468560e+00
      vertex   1.040200e+01 -9.221011e+00 1.483972e+00
      vertex   1.040200e+01 -9.228541e+00 1.468560e+00
    endloop
  endfacet
  facet normal 2.691875e-16 -8.985069e-01 4.389593e-01
    outer loop
      vertex   1.040200e+01 -9.228541e+00 1.468560e+00
      vertex   1.040200e+01 -9.221011e+00 1.483972e+00
      vertex   1.004000e+01 -9.221011e+00 1.483972e+00
    endloop
  endfacet
  facet normal 0.000000e+00 -8.985069e-01 4.389593e-01
    outer loop
      vertex   1.040200e+01 -9.228541e+00 1.468560e+00
      vertex   1.004000e+01 -9.221011e+00 1.483972e+00
      vertex   1.004000e+01 -9.228541e+00 1.468560e+00
    endloop
  endfacet
  facet normal 7.388514e-19 -8.985069e-01 4.389593e-01
    outer loop
      vertex   1.004000e+01 -9.228541e+00 1.468560e+00
      vertex   1.004000e+01 -9.221011e+00 1.483972e+00
      vertex   9.678000e+00 -9.221011e+00 1.483972e+00
    endloop
  endfacet
  facet normal 2.691875e-16 -8.985069e-01 4.389593e-01
    outer loop
      vertex   8.954000e+00 -9.221011e+00 1.483972e+00
      vertex   8.954000e+00 -9.228541e+00 1.468560e+00
      vertex   9.316000e+00 -9.228541e+00 1.468560e+00
    endloop
  endfacet
  facet normal 0.000000e+00 -8.985069e-01 4.389593e-01
    outer loop
      vertex   8.954000e+00 -9.221011e+00 1.483972e+00
      vertex   9.316000e+00 -9.228541e+00 1.468560e+00
      vertex   9.316000e+00 -9.221011e+00 1.483972e+00
    endloop
  endfacet
  facet normal -2.685113e-16 -8.985069e-01 4.389593e-01
    outer loop
      vertex   9.316000e+00 -9.221011e+00 1.483972e+00
      vertex   9.316000e+00 -9.228541e+00 1.468560e+00
      vertex   9.678000e+00 -9.228541e+00 1.468560e+00
    endloop
  endfacet
  facet normal 3.610999e-16 -8.102679e-01 5.860597e-01
    outer loop
      vertex   7.506000e+00 -9.238594e+00 1.454660e+00
      vertex   7.506000e+00 -9.228541e+00 1.468560e+00
      vertex   7.144000e+00 -9.228541e+00 1.468560e+00
    endloop
  endfacet
  facet normal 2.692501e-16 -8.985069e-01 4.389593e-01
    outer loop
      vertex   7.144000e+00 -9.228541e+00 1.468560e+00
      vertex   7.506000e+00 -9.228541e+00 1.468560e+00
      vertex   7.144000e+00 -9.221011e+00 1.483972e+00
    endloop
  endfacet
  facet normal -2.685113e-16 -8.985069e-01 4.389593e-01
    outer loop
      vertex   7.144000e+00 -9.228541e+00 1.468560e+00
      vertex   7.144000e+00 -9.221011e+00 1.483972e+00
      vertex   6.782000e+00 -9.221011e+00 1.483972e+00
    endloop
  endfacet
  facet normal -1.710987e-16 -9.603077e-01 2.789428e-01
    outer loop
      vertex   6.782000e+00 -9.221011e+00 1.483972e+00
      vertex   7.144000e+00 -9.221011e+00 1.483972e+00
      vertex   6.782000e+00 -9.216226e+00 1.500445e+00
    endloop
  endfacet
  facet normal 0.000000e+00 -8.985069e-01 4.389593e-01
    outer loop
      vertex   7.144000e+00 -9.221011e+00 1.483972e+00
      vertex   7.506000e+00 -9.228541e+00 1.468560e+00
      vertex   7.506000e+00 -9.221011e+00 1.483972e+00
    endloop
  endfacet
  facet normal 2.695482e-16 -8.985069e-01 4.389593e-01
    outer loop
      vertex   1.257400e+01 -9.228541e+00 1.468560e+00
      vertex   1.257400e+01 -9.221011e+00 1.483972e+00
      vertex   1.221200e+01 -9.221011e+00 1.483972e+00
    endloop
  endfacet
  facet normal 1.710987e-16 -9.603077e-01 2.789428e-01
    outer loop
      vertex   1.221200e+01 -9.221011e+00 1.483972e+00
      vertex   1.257400e+01 -9.221011e+00 1.483972e+00
      vertex   1.221200e+01 -9.216226e+00 1.500445e+00
    endloop
  endfacet
  facet normal -3.428829e-16 -9.603077e-01 2.789428e-01
    outer loop
      vertex   1.221200e+01 -9.221011e+00 1.483972e+00
      vertex   1.221200e+01 -9.216226e+00 1.500445e+00
      vertex   1.185000e+01 -9.216226e+00 1.500445e+00
    endloop
  endfacet
  facet normal -1.358256e-16 -9.938518e-01 1.107184e-01
    outer loop
      vertex   1.185000e+01 -9.216226e+00 1.500445e+00
      vertex   1.221200e+01 -9.216226e+00 1.500445e+00
      vertex   1.185000e+01 -9.214327e+00 1.517493e+00
    endloop
  endfacet
  facet normal -1.915624e-19 -9.938518e-01 1.107184e-01
    outer loop
      vertex   1.185000e+01 -9.216226e+00 1.500445e+00
      vertex   1.185000e+01 -9.214327e+00 1.517493e+00
      vertex   1.148800e+01 -9.214327e+00 1.517493e+00
    endloop
  endfacet
  facet normal 0.000000e+00 -9.981522e-01 -6.076377e-02
    outer loop
      vertex   1.148800e+01 -9.214327e+00 1.517493e+00
      vertex   1.185000e+01 -9.214327e+00 1.517493e+00
      vertex   1.148800e+01 -9.215369e+00 1.534615e+00
    endloop
  endfacet
  facet normal 1.930863e-19 -9.981522e-01 -6.076377e-02
    outer loop
      vertex   1.148800e+01 -9.214327e+00 1.517493e+00
      vertex   1.148800e+01 -9.215369e+00 1.534615e+00
      vertex   1.112600e+01 -9.215369e+00 1.534615e+00
    endloop
  endfacet
  facet normal 0.000000e+00 -9.730823e-01 -2.304580e-01
    outer loop
      vertex   1.112600e+01 -9.215369e+00 1.534615e+00
      vertex   1.148800e+01 -9.215369e+00 1.534615e+00
      vertex   1.366000e+01 -9.219322e+00 1.551307e+00
    endloop
  endfacet
  facet normal 3.421974e-16 -9.603077e-01 2.789428e-01
    outer loop
      vertex   1.221200e+01 -9.216226e+00 1.500445e+00
      vertex   1.257400e+01 -9.221011e+00 1.483972e+00
      vertex   1.257400e+01 -9.216226e+00 1.500445e+00
    endloop
  endfacet
  facet normal 0.000000e+00 -9.603077e-01 2.789428e-01
    outer loop
      vertex   1.076400e+01 -9.216226e+00 1.500445e+00
      vertex   1.112600e+01 -9.221011e+00 1.483972e+00
      vertex   1.112600e+01 -9.216226e+00 1.500445e+00
    endloop
  endfacet
  facet normal 1.704132e-16 -9.603077e-01 2.789428e-01
    outer loop
      vertex   1.112600e+01 -9.216226e+00 1.500445e+00
      vertex   1.112600e+01 -9.221011e+00 1.483972e+00
      vertex   1.148800e+01 -9.221011e+00 1.483972e+00
    endloop
  endfacet
  facet normal 1.710987e-16 -9.603077e-01 2.789428e-01
    outer loop
      vertex   1.040200e+01 -9.221011e+00 1.483972e+00
      vertex   1.004000e+01 -9.216226e+00 1.500445e+00
      vertex   1.004000e+01 -9.221011e+00 1.483972e+00
    endloop
  endfacet
  facet normal 1.704132e-16 -9.603077e-01 2.789428e-01
    outer loop
      vertex   1.004000e+01 -9.221011e+00 1.483972e+00
      vertex   1.004000e+01 -9.216226e+00 1.500445e+00
      vertex   9.678000e+00 -9.216226e+00 1.500445e+00
    endloop
  endfacet
  facet normal 0.000000e+00 -9.603077e-01 2.789428e-01
    outer loop
      vertex   1.004000e+01 -9.221011e+00 1.483972e+00
      vertex   9.678000e+00 -9.216226e+00 1.500445e+00
      vertex   9.678000e+00 -9.221011e+00 1.483972e+00
    endloop
  endfacet
  facet normal -1.709212e-16 -9.603077e-01 2.789428e-01
    outer loop
      vertex   9.678000e+00 -9.221011e+00 1.483972e+00
      vertex   9.678000e+00 -9.216226e+00 1.500445e+00
      vertex   9.316000e+00 -9.216226e+00 1.500445e+00
    endloop
  endfacet
  facet normal 1.774955e-19 -9.603077e-01 2.789428e-01
    outer loop
      vertex   8.954000e+00 -9.216226e+00 1.500445e+00
      vertex   8.954000e+00 -9.221011e+00 1.483972e+00
      vertex   9.316000e+00 -9.221011e+00 1.483972e+00
    endloop
  endfacet
  facet normal 0.000000e+00 -9.603077e-01 2.789428e-01
    outer loop
      vertex   8.230000e+00 -9.216226e+00 1.500445e+00
      vertex   8.592000e+00 -9.221011e+00 1.483972e+00
      vertex   8.592000e+00 -9.216226e+00 1.500445e+00
    endloop
  endfacet
  facet normal 0.000000e+00 -9.603077e-01 2.789428e-01
    outer loop
      vertex   7.144000e+00 -9.221011e+00 1.483972e+00
      vertex   7.506000e+00 -9.221011e+00 1.483972e+00
      vertex   7.144000e+00 -9.216226e+00 1.500445e+00
    endloop
  endfacet
  facet normal 1.710987e-16 -9.603077e-01 2.789428e-01
    outer loop
      vertex   7.144000e+00 -9.216226e+00 1.500445e+00
      vertex   7.506000e+00 -9.221011e+00 1.483972e+00
      vertex   7.506000e+00 -9.216226e+00 1.500445e+00
    endloop
  endfacet
  facet normal 6.791279e-17 -9.938518e-01 1.107184e-01
    outer loop
      vertex   7.144000e+00 -9.216226e+00 1.500445e+00
      vertex   7.506000e+00 -9.216226e+00 1.500445e+00
      vertex   7.144000e+00 -9.214327e+00 1.517493e+00
    endloop
  endfacet
  facet normal 0.000000e+00 -9.938518e-01 1.107184e-01
    outer loop
      vertex   7.144000e+00 -9.214327e+00 1.517493e+00
      vertex   7.506000e+00 -9.216226e+00 1.500445e+00
      vertex   7.506000e+00 -9.214327e+00 1.517493e+00
    endloop
  endfacet
  facet normal 0.000000e+00 -9.981522e-01 -6.076377e-02
    outer loop
      vertex   7.144000e+00 -9.214327e+00 1.517493e+00
      vertex   7.506000e+00 -9.214327e+00 1.517493e+00
      vertex   7.144000e+00 -9.215369e+00 1.534615e+00
    endloop
  endfacet
  facet normal 1.358256e-16 -9.938518e-01 1.107184e-01
    outer loop
      vertex   1.221200e+01 -9.216226e+00 1.500445e+00
      vertex   1.257400e+01 -9.216226e+00 1.500445e+00
      vertex   1.221200e+01 -9.214327e+00 1.517493e+00
    endloop
  endfacet
  facet normal 0.000000e+00 -9.938518e-01 1.107184e-01
    outer loop
      vertex   1.221200e+01 -9.214327e+00 1.517493e+00
      vertex   1.257400e+01 -9.216226e+00 1.500445e+00
      vertex   1.257400e+01 -9.214327e+00 1.517493e+00
    endloop
  endfacet
  facet normal 0.000000e+00 -9.981522e-01 -6.076377e-02
    outer loop
      vertex   1.221200e+01 -9.214327e+00 1.517493e+00
      vertex   1.257400e+01 -9.214327e+00 1.517493e+00
      vertex   1.221200e+01 -9.215369e+00 1.534615e+00
    endloop
  endfacet
  facet normal -3.727145e-17 -9.981522e-01 -6.076377e-02
    outer loop
      vertex   1.221200e+01 -9.215369e+00 1.534615e+00
      vertex   1.257400e+01 -9.214327e+00 1.517493e+00
      vertex   1.257400e+01 -9.215369e+00 1.534615e+00
    endloop
  endfacet
  facet normal -1.413590e-16 -9.730823e-01 -2.304580e-01
    outer loop
      vertex   1.221200e+01 -9.215369e+00 1.534615e+00
      vertex   1.257400e+01 -9.215369e+00 1.534615e+00
      vertex   1.366000e+01 -9.219322e+00 1.551307e+00
    endloop
  endfacet
  facet normal -6.791279e-17 -9.938518e-01 1.107184e-01
    outer loop
      vertex   1.040200e+01 -9.214327e+00 1.517493e+00
      vertex   1.076400e+01 -9.216226e+00 1.500445e+00
      vertex   1.076400e+01 -9.214327e+00 1.517493e+00
    endloop
  endfacet
  facet normal -4.465494e-19 -9.938518e-01 1.107184e-01
    outer loop
      vertex   1.076400e+01 -9.214327e+00 1.517493e+00
      vertex   1.076400e+01 -9.216226e+00 1.500445e+00
      vertex   1.112600e+01 -9.216226e+00 1.500445e+00
    endloop
  endfacet
  facet normal 6.791279e-17 -9.938518e-01 1.107184e-01
    outer loop
      vertex   1.004000e+01 -9.216226e+00 1.500445e+00
      vertex   9.678000e+00 -9.214327e+00 1.517493e+00
      vertex   9.678000e+00 -9.216226e+00 1.500445e+00
    endloop
  endfacet
  facet normal -6.752307e-17 -9.938518e-01 1.107184e-01
    outer loop
      vertex   9.678000e+00 -9.216226e+00 1.500445e+00
      vertex   9.678000e+00 -9.214327e+00 1.517493e+00
      vertex   9.316000e+00 -9.214327e+00 1.517493e+00
    endloop
  endfacet
  facet normal -6.791279e-17 -9.938518e-01 1.107184e-01
    outer loop
      vertex   9.678000e+00 -9.216226e+00 1.500445e+00
      vertex   9.316000e+00 -9.214327e+00 1.517493e+00
      vertex   9.316000e+00 -9.216226e+00 1.500445e+00
    endloop
  endfacet
  facet normal 3.897183e-19 -9.938518e-01 1.107184e-01
    outer loop
      vertex   9.316000e+00 -9.216226e+00 1.500445e+00
      vertex   9.316000e+00 -9.214327e+00 1.517493e+00
      vertex   8.954000e+00 -9.214327e+00 1.517493e+00
    endloop
  endfacet
  facet normal 0.000000e+00 -9.938518e-01 1.107184e-01
    outer loop
      vertex   8.230000e+00 -9.216226e+00 1.500445e+00
      vertex   8.592000e+00 -9.216226e+00 1.500445e+00
      vertex   8.230000e+00 -9.214327e+00 1.517493e+00
    endloop
  endfacet
  facet normal 0.000000e+00 -9.938518e-01 1.107184e-01
    outer loop
      vertex   8.230000e+00 -9.214327e+00 1.517493e+00
      vertex   8.592000e+00 -9.216226e+00 1.500445e+00
      vertex   8.592000e+00 -9.214327e+00 1.517493e+00
    endloop
  endfacet
  facet normal 0.000000e+00 -9.981522e-01 -6.076377e-02
    outer loop
      vertex   8.230000e+00 -9.214327e+00 1.517493e+00
      vertex   8.592000e+00 -9.214327e+00 1.517493e+00
      vertex   8.230000e+00 -9.215369e+00 1.534615e+00
    endloop
  endfacet
  facet normal 0.000000e+00 -9.981522e-01 -6.076377e-02
    outer loop
      vertex   8.230000e+00 -9.215369e+00 1.534615e+00
      vertex   8.592000e+00 -9.214327e+00 1.517493e+00
      vertex   8.592000e+00 -9.215369e+00 1.534615e+00
    endloop
  endfacet
  facet normal 0.000000e+00 -9.730823e-01 -2.304580e-01
    outer loop
      vertex   8.230000e+00 -9.215369e+00 1.534615e+00
      vertex   8.592000e+00 -9.215369e+00 1.534615e+00
      vertex   6.420000e+00 -9.219322e+00 1.551307e+00
    endloop
  endfacet
  facet normal -6.777806e-17 -9.938518e-01 1.107184e-01
    outer loop
      vertex   6.782000e+00 -9.214327e+00 1.517493e+00
      vertex   6.782000e+00 -9.216226e+00 1.500445e+00
      vertex   7.144000e+00 -9.216226e+00 1.500445e+00
    endloop
  endfacet
  facet normal -1.710987e-16 -9.603077e-01 2.789428e-01
    outer loop
      vertex   7.144000e+00 -9.216226e+00 1.500445e+00
      vertex   6.782000e+00 -9.216226e+00 1.500445e+00
      vertex   7.144000e+00 -9.221011e+00 1.483972e+00
    endloop
  endfacet
  facet normal -6.791279e-17 -9.938518e-01 1.107184e-01
    outer loop
      vertex   6.782000e+00 -9.214327e+00 1.517493e+00
      vertex   7.144000e+00 -9.216226e+00 1.500445e+00
      vertex   7.144000e+00 -9.214327e+00 1.517493e+00
    endloop
  endfacet
  facet normal 3.897183e-19 -9.938518e-01 1.107184e-01
    outer loop
      vertex   1.221200e+01 -9.216226e+00 1.500445e+00
      vertex   1.221200e+01 -9.214327e+00 1.517493e+00
      vertex   1.185000e+01 -9.214327e+00 1.517493e+00
    endloop
  endfacet
  facet normal 0.000000e+00 -9.981522e-01 -6.076377e-02
    outer loop
      vertex   1.185000e+01 -9.214327e+00 1.517493e+00
      vertex   1.221200e+01 -9.214327e+00 1.517493e+00
      vertex   1.185000e+01 -9.215369e+00 1.534615e+00
    endloop
  endfacet
  facet normal -3.745521e-17 -9.981522e-01 -6.076377e-02
    outer loop
      vertex   1.185000e+01 -9.214327e+00 1.517493e+00
      vertex   1.185000e+01 -9.215369e+00 1.534615e+00
      vertex   1.148800e+01 -9.215369e+00 1.534615e+00
    endloop
  endfacet
  facet normal -1.413590e-16 -9.730823e-01 -2.304580e-01
    outer loop
      vertex   1.148800e+01 -9.215369e+00 1.534615e+00
      vertex   1.185000e+01 -9.215369e+00 1.534615e+00
      vertex   1.366000e+01 -9.219322e+00 1.551307e+00
    endloop
  endfacet
  facet normal 3.727145e-17 -9.981522e-01 -6.076377e-02
    outer loop
      vertex   1.185000e+01 -9.215369e+00 1.534615e+00
      vertex   1.221200e+01 -9.214327e+00 1.517493e+00
      vertex   1.221200e+01 -9.215369e+00 1.534615e+00
    endloop
  endfacet
  facet normal 0.000000e+00 -9.981522e-01 -6.076377e-02
    outer loop
      vertex   1.004000e+01 -9.215369e+00 1.534615e+00
      vertex   1.040200e+01 -9.214327e+00 1.517493e+00
      vertex   1.040200e+01 -9.215369e+00 1.534615e+00
    endloop
  endfacet
  facet normal 3.746454e-17 -9.981522e-01 -6.076377e-02
    outer loop
      vertex   1.040200e+01 -9.215369e+00 1.534615e+00
      vertex   1.040200e+01 -9.214327e+00 1.517493e+00
      vertex   1.076400e+01 -9.214327e+00 1.517493e+00
    endloop
  endfacet
  facet normal 1.930863e-19 -9.981522e-01 -6.076377e-02
    outer loop
      vertex   8.954000e+00 -9.215369e+00 1.534615e+00
      vertex   8.954000e+00 -9.214327e+00 1.517493e+00
      vertex   9.316000e+00 -9.214327e+00 1.517493e+00
    endloop
  endfacet
  facet normal 0.000000e+00 -9.981522e-01 -6.076377e-02
    outer loop
      vertex   8.954000e+00 -9.215369e+00 1.534615e+00
      vertex   9.316000e+00 -9.214327e+00 1.517493e+00
      vertex   9.316000e+00 -9.215369e+00 1.534615e+00
    endloop
  endfacet
  facet normal 3.746454e-17 -9.981522e-01 -6.076377e-02
    outer loop
      vertex   9.316000e+00 -9.215369e+00 1.534615e+00
      vertex   9.316000e+00 -9.214327e+00 1.517493e+00
      vertex   9.678000e+00 -9.214327e+00 1.517493e+00
    endloop
  endfacet
  facet normal -6.752307e-17 -9.938518e-01 1.107184e-01
    outer loop
      vertex   8.230000e+00 -9.216226e+00 1.500445e+00
      vertex   8.230000e+00 -9.214327e+00 1.517493e+00
      vertex   7.868000e+00 -9.214327e+00 1.517493e+00
    endloop
  endfacet
  facet normal 3.727145e-17 -9.981522e-01 -6.076377e-02
    outer loop
      vertex   7.868000e+00 -9.214327e+00 1.517493e+00
      vertex   8.230000e+00 -9.214327e+00 1.517493e+00
      vertex   7.868000e+00 -9.215369e+00 1.534615e+00
    endloop
  endfacet
  facet normal -7.434982e-17 -9.981522e-01 -6.076377e-02
    outer loop
      vertex   7.868000e+00 -9.214327e+00 1.517493e+00
      vertex   7.868000e+00 -9.215369e+00 1.534615e+00
      vertex   7.506000e+00 -9.215369e+00 1.534615e+00
    endloop
  endfacet
  facet normal -2.827180e-16 -9.730823e-01 -2.304580e-01
    outer loop
      vertex   7.506000e+00 -9.215369e+00 1.534615e+00
      vertex   7.868000e+00 -9.215369e+00 1.534615e+00
      vertex   6.420000e+00 -9.219322e+00 1.551307e+00
    endloop
  endfacet
  facet normal 7.454291e-17 -9.981522e-01 -6.076377e-02
    outer loop
      vertex   7.868000e+00 -9.215369e+00 1.534615e+00
      vertex   8.230000e+00 -9.214327e+00 1.517493e+00
      vertex   8.230000e+00 -9.215369e+00 1.534615e+00
    endloop
  endfacet
  facet normal 3.712696e-17 -9.981522e-01 -6.076377e-02
    outer loop
      vertex   6.782000e+00 -9.215369e+00 1.534615e+00
      vertex   6.782000e+00 -9.214327e+00 1.517493e+00
      vertex   7.144000e+00 -9.214327e+00 1.517493e+00
    endloop
  endfacet
  facet normal 0.000000e+00 -9.981522e-01 -6.076377e-02
    outer loop
      vertex   6.782000e+00 -9.215369e+00 1.534615e+00
      vertex   7.144000e+00 -9.214327e+00 1.517493e+00
      vertex   7.144000e+00 -9.215369e+00 1.534615e+00
    endloop
  endfacet
  facet normal 1.418269e-16 -9.730823e-01 -2.304580e-01
    outer loop
      vertex   1.366000e+01 -9.219322e+00 1.551307e+00
      vertex   1.185000e+01 -9.215369e+00 1.534615e+00
      vertex   1.221200e+01 -9.215369e+00 1.534615e+00
    endloop
  endfacet
  facet normal 2.820055e-16 -9.730823e-01 -2.304580e-01
    outer loop
      vertex   6.420000e+00 -9.219322e+00 1.551307e+00
      vertex   7.868000e+00 -9.215369e+00 1.534615e+00
      vertex   8.230000e+00 -9.215369e+00 1.534615e+00
    endloop
  endfacet
  facet normal -1.606546e-10 9.961947e-01 8.715573e-02
    outer loop
      vertex   4.420000e+00 -2.316000e+01 1.670000e+00
      vertex   9.040000e+00 -2.316380e+01 1.713412e+00
      vertex   1.366000e+01 -2.316000e+01 1.670000e+00
    endloop
  endfacet
  facet normal -4.158049e-17 9.961947e-01 8.715574e-02
    outer loop
      vertex   1.366000e+01 -2.316000e+01 1.670000e+00
      vertex   9.040000e+00 -2.316380e+01 1.713412e+00
      vertex   9.964000e+00 -2.316380e+01 1.713412e+00
    endloop
  endfacet
  facet normal -2.078937e-17 9.961947e-01 8.715574e-02
    outer loop
      vertex   1.366000e+01 -2.316000e+01 1.670000e+00
      vertex   9.964000e+00 -2.316380e+01 1.713412e+00
      vertex   1.088800e+01 -2.316380e+01 1.713412e+00
    endloop
  endfacet
  facet normal -6.219629e-17 9.659258e-01 2.588190e-01
    outer loop
      vertex   1.088800e+01 -2.316380e+01 1.713412e+00
      vertex   9.964000e+00 -2.316380e+01 1.713412e+00
      vertex   1.088800e+01 -2.317508e+01 1.755505e+00
    endloop
  endfacet
  facet normal -6.216295e-17 9.659258e-01 2.588190e-01
    outer loop
      vertex   1.088800e+01 -2.316380e+01 1.713412e+00
      vertex   1.088800e+01 -2.317508e+01 1.755505e+00
      vertex   1.181200e+01 -2.317508e+01 1.755505e+00
    endloop
  endfacet
  facet normal -1.015586e-16 9.063078e-01 4.226183e-01
    outer loop
      vertex   1.181200e+01 -2.317508e+01 1.755505e+00
      vertex   1.088800e+01 -2.317508e+01 1.755505e+00
      vertex   1.181200e+01 -2.319349e+01 1.795000e+00
    endloop
  endfacet
  facet normal -1.132536e-18 9.063078e-01 4.226183e-01
    outer loop
      vertex   1.181200e+01 -2.317508e+01 1.755505e+00
      vertex   1.181200e+01 -2.319349e+01 1.795000e+00
      vertex   1.273600e+01 -2.319349e+01 1.795000e+00
    endloop
  endfacet
  facet normal 0.000000e+00 8.191520e-01 5.735764e-01
    outer loop
      vertex   1.273600e+01 -2.319349e+01 1.795000e+00
      vertex   1.181200e+01 -2.319349e+01 1.795000e+00
      vertex   1.273600e+01 -2.321849e+01 1.830697e+00
    endloop
  endfacet
  facet normal 2.755466e-16 8.191520e-01 5.735764e-01
    outer loop
      vertex   1.273600e+01 -2.319349e+01 1.795000e+00
      vertex   1.273600e+01 -2.321849e+01 1.830697e+00
      vertex   1.366000e+01 -2.321849e+01 1.830697e+00
    endloop
  endfacet
  facet normal 3.398469e-16 7.071068e-01 7.071068e-01
    outer loop
      vertex   1.366000e+01 -2.321849e+01 1.830697e+00
      vertex   1.273600e+01 -2.321849e+01 1.830697e+00
      vertex   1.366000e+01 -2.324930e+01 1.861511e+00
    endloop
  endfacet
  facet normal 3.398469e-16 7.071068e-01 7.071068e-01
    outer loop
      vertex   1.366000e+01 -2.324930e+01 1.861511e+00
      vertex   1.273600e+01 -2.321849e+01 1.830697e+00
      vertex   1.273600e+01 -2.324930e+01 1.861511e+00
    endloop
  endfacet
  facet normal 3.936976e-16 5.735764e-01 8.191520e-01
    outer loop
      vertex   1.366000e+01 -2.324930e+01 1.861511e+00
      vertex   1.273600e+01 -2.324930e+01 1.861511e+00
      vertex   1.366000e+01 -2.328500e+01 1.886506e+00
    endloop
  endfacet
  facet normal -9.842440e-16 5.735764e-01 8.191520e-01
    outer loop
      vertex   1.366000e+01 -2.328500e+01 1.886506e+00
      vertex   1.273600e+01 -2.324930e+01 1.861511e+00
      vertex   1.273600e+01 -2.328500e+01 1.886506e+00
    endloop
  endfacet
  facet normal -1.088965e-15 4.226183e-01 9.063078e-01
    outer loop
      vertex   1.366000e+01 -2.328500e+01 1.886506e+00
      vertex   1.273600e+01 -2.328500e+01 1.886506e+00
      vertex   1.366000e+01 -2.332449e+01 1.904923e+00
    endloop
  endfacet
  facet normal 6.533791e-16 4.226183e-01 9.063078e-01
    outer loop
      vertex   1.366000e+01 -2.332449e+01 1.904923e+00
      vertex   1.273600e+01 -2.328500e+01 1.886506e+00
      vertex   1.273600e+01 -2.332449e+01 1.904923e+00
    endloop
  endfacet
  facet normal 6.963592e-16 2.588190e-01 9.659258e-01
    outer loop
      vertex   1.366000e+01 -2.332449e+01 1.904923e+00
      vertex   1.273600e+01 -2.332449e+01 1.904923e+00
      vertex   1.366000e+01 -2.336659e+01 1.916202e+00
    endloop
  endfacet
  facet normal 0.000000e+00 2.588190e-01 9.659258e-01
    outer loop
      vertex   1.366000e+01 -2.336659e+01 1.916202e+00
      vertex   1.273600e+01 -2.332449e+01 1.904923e+00
      vertex   1.273600e+01 -2.336659e+01 1.916202e+00
    endloop
  endfacet
  facet normal 0.000000e+00 8.715574e-02 9.961947e-01
    outer loop
      vertex   1.366000e+01 -2.336659e+01 1.916202e+00
      vertex   1.273600e+01 -2.336659e+01 1.916202e+00
      vertex   1.366000e+01 -2.341000e+01 1.920000e+00
    endloop
  endfacet
  facet normal -2.961208e-19 8.715574e-02 9.961947e-01
    outer loop
      vertex   1.366000e+01 -2.341000e+01 1.920000e+00
      vertex   1.273600e+01 -2.336659e+01 1.916202e+00
      vertex   1.181200e+01 -2.336659e+01 1.916202e+00
    endloop
  endfacet
  facet normal -2.396897e-16 8.715574e-02 9.961947e-01
    outer loop
      vertex   1.366000e+01 -2.341000e+01 1.920000e+00
      vertex   1.181200e+01 -2.336659e+01 1.916202e+00
      vertex   1.088800e+01 -2.336659e+01 1.916202e+00
    endloop
  endfacet
  facet normal -2.321197e-16 2.588190e-01 9.659258e-01
    outer loop
      vertex   1.088800e+01 -2.336659e+01 1.916202e+00
      vertex   1.181200e+01 -2.336659e+01 1.916202e+00
      vertex   1.088800e+01 -2.332449e+01 1.904923e+00
    endloop
  endfacet
  facet normal -2.323379e-16 2.588190e-01 9.659258e-01
    outer loop
      vertex   1.088800e+01 -2.336659e+01 1.916202e+00
      vertex   1.088800e+01 -2.332449e+01 1.904923e+00
      vertex   9.964000e+00 -2.332449e+01 1.904923e+00
    endloop
  endfacet
  facet normal -2.177930e-16 4.226183e-01 9.063078e-01
    outer loop
      vertex   9.964000e+00 -2.332449e+01 1.904923e+00
      vertex   1.088800e+01 -2.332449e+01 1.904923e+00
      vertex   9.964000e+00 -2.328500e+01 1.886506e+00
    endloop
  endfacet
  facet normal -2.182453e-16 4.226183e-01 9.063078e-01
    outer loop
      vertex   9.964000e+00 -2.332449e+01 1.904923e+00
      vertex   9.964000e+00 -2.328500e+01 1.886506e+00
      vertex   9.040000e+00 -2.328500e+01 1.886506e+00
    endloop
  endfacet
  facet normal -1.968488e-16 5.735764e-01 8.191520e-01
    outer loop
      vertex   9.040000e+00 -2.328500e+01 1.886506e+00
      vertex   9.964000e+00 -2.328500e+01 1.886506e+00
      vertex   9.040000e+00 -2.324930e+01 1.861511e+00
    endloop
  endfacet
  facet normal -1.030649e-18 5.735764e-01 8.191520e-01
    outer loop
      vertex   9.040000e+00 -2.328500e+01 1.886506e+00
      vertex   9.040000e+00 -2.324930e+01 1.861511e+00
      vertex   8.116000e+00 -2.324930e+01 1.861511e+00
    endloop
  endfacet
  facet normal -0.000000e+00 7.071068e-01 7.071068e-01
    outer loop
      vertex   8.116000e+00 -2.324930e+01 1.861511e+00
      vertex   9.040000e+00 -2.324930e+01 1.861511e+00
      vertex   8.116000e+00 -2.321849e+01 1.830697e+00
    endloop
  endfacet
  facet normal -1.695860e-16 7.071068e-01 7.071068e-01
    outer loop
      vertex   8.116000e+00 -2.324930e+01 1.861511e+00
      vertex   8.116000e+00 -2.321849e+01 1.830697e+00
      vertex   7.192000e+00 -2.321849e+01 1.830697e+00
    endloop
  endfacet
  facet normal -1.378350e-16 8.191520e-01 5.735764e-01
    outer loop
      vertex   7.192000e+00 -2.321849e+01 1.830697e+00
      vertex   8.116000e+00 -2.321849e+01 1.830697e+00
      vertex   7.192000e+00 -2.319349e+01 1.795000e+00
    endloop
  endfacet
  facet normal -2.763058e-16 8.191520e-01 5.735764e-01
    outer loop
      vertex   7.192000e+00 -2.321849e+01 1.830697e+00
      vertex   7.192000e+00 -2.319349e+01 1.795000e+00
      vertex   6.268000e+00 -2.319349e+01 1.795000e+00
    endloop
  endfacet
  facet normal -2.031171e-16 9.063078e-01 4.226183e-01
    outer loop
      vertex   6.268000e+00 -2.319349e+01 1.795000e+00
      vertex   7.192000e+00 -2.319349e+01 1.795000e+00
      vertex   6.268000e+00 -2.317508e+01 1.755505e+00
    endloop
  endfacet
  facet normal -1.026911e-16 9.063078e-01 4.226183e-01
    outer loop
      vertex   6.268000e+00 -2.319349e+01 1.795000e+00
      vertex   6.268000e+00 -2.317508e+01 1.755505e+00
      vertex   5.344000e+00 -2.317508e+01 1.755505e+00
    endloop
  endfacet
  facet normal -6.219629e-17 9.659258e-01 2.588190e-01
    outer loop
      vertex   5.344000e+00 -2.317508e+01 1.755505e+00
      vertex   6.268000e+00 -2.317508e+01 1.755505e+00
      vertex   5.344000e+00 -2.316380e+01 1.713412e+00
    endloop
  endfacet
  facet normal 5.661982e-19 9.659258e-01 2.588190e-01
    outer loop
      vertex   5.344000e+00 -2.317508e+01 1.755505e+00
      vertex   5.344000e+00 -2.316380e+01 1.713412e+00
      vertex   4.420000e+00 -2.316380e+01 1.713412e+00
    endloop
  endfacet
  facet normal -0.000000e+00 9.961947e-01 8.715571e-02
    outer loop
      vertex   4.420000e+00 -2.316380e+01 1.713412e+00
      vertex   5.344000e+00 -2.316380e+01 1.713412e+00
      vertex   4.420000e+00 -2.316000e+01 1.670000e+00
    endloop
  endfacet
  facet normal -2.107223e-17 9.961947e-01 8.715571e-02
    outer loop
      vertex   4.420000e+00 -2.316000e+01 1.670000e+00
      vertex   5.344000e+00 -2.316380e+01 1.713412e+00
      vertex   6.268000e+00 -2.316380e+01 1.713412e+00
    endloop
  endfacet
  facet normal -2.114878e-17 9.961947e-01 8.715571e-02
    outer loop
      vertex   4.420000e+00 -2.316000e+01 1.670000e+00
      vertex   6.268000e+00 -2.316380e+01 1.713412e+00
      vertex   7.192000e+00 -2.316380e+01 1.713412e+00
    endloop
  endfacet
  facet normal -6.219629e-17 9.659258e-01 2.588190e-01
    outer loop
      vertex   7.192000e+00 -2.316380e+01 1.713412e+00
      vertex   6.268000e+00 -2.316380e+01 1.713412e+00
      vertex   7.192000e+00 -2.317508e+01 1.755505e+00
    endloop
  endfacet
  facet normal -1.238264e-16 9.659258e-01 2.588190e-01
    outer loop
      vertex   7.192000e+00 -2.316380e+01 1.713412e+00
      vertex   7.192000e+00 -2.317508e+01 1.755505e+00
      vertex   8.116000e+00 -2.317508e+01 1.755505e+00
    endloop
  endfacet
  facet normal -2.031171e-16 9.063078e-01 4.226183e-01
    outer loop
      vertex   8.116000e+00 -2.317508e+01 1.755505e+00
      vertex   7.192000e+00 -2.317508e+01 1.755505e+00
      vertex   8.116000e+00 -2.319349e+01 1.795000e+00
    endloop
  endfacet
  facet normal -3.721861e-19 9.063078e-01 4.226183e-01
    outer loop
      vertex   8.116000e+00 -2.317508e+01 1.755505e+00
      vertex   8.116000e+00 -2.319349e+01 1.795000e+00
      vertex   9.040000e+00 -2.319349e+01 1.795000e+00
    endloop
  endfacet
  facet normal 0.000000e+00 8.191520e-01 5.735764e-01
    outer loop
      vertex   9.040000e+00 -2.319349e+01 1.795000e+00
      vertex   8.116000e+00 -2.319349e+01 1.795000e+00
      vertex   9.040000e+00 -2.321849e+01 1.830697e+00
    endloop
  endfacet
  facet normal -2.757935e-16 8.191520e-01 5.735764e-01
    outer loop
      vertex   9.040000e+00 -2.319349e+01 1.795000e+00
      vertex   9.040000e+00 -2.321849e+01 1.830697e+00
      vertex   9.964000e+00 -2.321849e+01 1.830697e+00
    endloop
  endfacet
  facet normal -3.398469e-16 7.071068e-01 7.071068e-01
    outer loop
      vertex   9.964000e+00 -2.321849e+01 1.830697e+00
      vertex   9.040000e+00 -2.321849e+01 1.830697e+00
      vertex   9.964000e+00 -2.324930e+01 1.861511e+00
    endloop
  endfacet
  facet normal -1.695860e-16 7.071068e-01 7.071068e-01
    outer loop
      vertex   9.964000e+00 -2.321849e+01 1.830697e+00
      vertex   9.964000e+00 -2.324930e+01 1.861511e+00
      vertex   1.088800e+01 -2.324930e+01 1.861511e+00
    endloop
  endfacet
  facet normal -1.968488e-16 5.735764e-01 8.191520e-01
    outer loop
      vertex   1.088800e+01 -2.324930e+01 1.861511e+00
      vertex   9.964000e+00 -2.324930e+01 1.861511e+00
      vertex   1.088800e+01 -2.328500e+01 1.886506e+00
    endloop
  endfacet
  facet normal -1.975907e-16 5.735764e-01 8.191520e-01
    outer loop
      vertex   1.088800e+01 -2.324930e+01 1.861511e+00
      vertex   1.088800e+01 -2.328500e+01 1.886506e+00
      vertex   1.181200e+01 -2.328500e+01 1.886506e+00
    endloop
  endfacet
  facet normal -2.177930e-16 4.226183e-01 9.063078e-01
    outer loop
      vertex   1.181200e+01 -2.328500e+01 1.886506e+00
      vertex   1.088800e+01 -2.328500e+01 1.886506e+00
      vertex   1.181200e+01 -2.332449e+01 1.904923e+00
    endloop
  endfacet
  facet normal -1.444994e-19 4.226183e-01 9.063078e-01
    outer loop
      vertex   1.181200e+01 -2.328500e+01 1.886506e+00
      vertex   1.181200e+01 -2.332449e+01 1.904923e+00
      vertex   1.273600e+01 -2.332449e+01 1.904923e+00
    endloop
  endfacet
  facet normal 0.000000e+00 2.588190e-01 9.659258e-01
    outer loop
      vertex   1.273600e+01 -2.332449e+01 1.904923e+00
      vertex   1.181200e+01 -2.332449e+01 1.904923e+00
      vertex   1.273600e+01 -2.336659e+01 1.916202e+00
    endloop
  endfacet
  facet normal 6.249606e-17 9.659258e-01 2.588190e-01
    outer loop
      vertex   4.420000e+00 -2.316380e+01 1.713412e+00
      vertex   4.420000e+00 -2.317508e+01 1.755505e+00
      vertex   5.344000e+00 -2.317508e+01 1.755505e+00
    endloop
  endfacet
  facet normal 1.015586e-16 9.063078e-01 4.226183e-01
    outer loop
      vertex   5.344000e+00 -2.317508e+01 1.755505e+00
      vertex   4.420000e+00 -2.317508e+01 1.755505e+00
      vertex   5.344000e+00 -2.319349e+01 1.795000e+00
    endloop
  endfacet
  facet normal -1.026911e-16 9.063078e-01 4.226183e-01
    outer loop
      vertex   5.344000e+00 -2.317508e+01 1.755505e+00
      vertex   5.344000e+00 -2.319349e+01 1.795000e+00
      vertex   6.268000e+00 -2.319349e+01 1.795000e+00
    endloop
  endfacet
  facet normal -1.378350e-16 8.191520e-01 5.735764e-01
    outer loop
      vertex   6.268000e+00 -2.319349e+01 1.795000e+00
      vertex   5.344000e+00 -2.319349e+01 1.795000e+00
      vertex   6.268000e+00 -2.321849e+01 1.830697e+00
    endloop
  endfacet
  facet normal -1.389830e-16 8.191520e-01 5.735764e-01
    outer loop
      vertex   6.268000e+00 -2.319349e+01 1.795000e+00
      vertex   6.268000e+00 -2.321849e+01 1.830697e+00
      vertex   7.192000e+00 -2.321849e+01 1.830697e+00
    endloop
  endfacet
  facet normal -1.699234e-16 7.071068e-01 7.071068e-01
    outer loop
      vertex   7.192000e+00 -2.321849e+01 1.830697e+00
      vertex   6.268000e+00 -2.321849e+01 1.830697e+00
      vertex   7.192000e+00 -2.324930e+01 1.861511e+00
    endloop
  endfacet
  facet normal -1.695860e-16 7.071068e-01 7.071068e-01
    outer loop
      vertex   7.192000e+00 -2.321849e+01 1.830697e+00
      vertex   7.192000e+00 -2.324930e+01 1.861511e+00
      vertex   8.116000e+00 -2.324930e+01 1.861511e+00
    endloop
  endfacet
  facet normal -1.968488e-16 5.735764e-01 8.191520e-01
    outer loop
      vertex   8.116000e+00 -2.324930e+01 1.861511e+00
      vertex   7.192000e+00 -2.324930e+01 1.861511e+00
      vertex   8.116000e+00 -2.328500e+01 1.886506e+00
    endloop
  endfacet
  facet normal -1.030649e-18 5.735764e-01 8.191520e-01
    outer loop
      vertex   8.116000e+00 -2.324930e+01 1.861511e+00
      vertex   8.116000e+00 -2.328500e+01 1.886506e+00
      vertex   9.040000e+00 -2.328500e+01 1.886506e+00
    endloop
  endfacet
  facet normal 0.000000e+00 4.226183e-01 9.063078e-01
    outer loop
      vertex   9.040000e+00 -2.328500e+01 1.886506e+00
      vertex   8.116000e+00 -2.328500e+01 1.886506e+00
      vertex   9.040000e+00 -2.332449e+01 1.904923e+00
    endloop
  endfacet
  facet normal -2.182453e-16 4.226183e-01 9.063078e-01
    outer loop
      vertex   9.040000e+00 -2.328500e+01 1.886506e+00
      vertex   9.040000e+00 -2.332449e+01 1.904923e+00
      vertex   9.964000e+00 -2.332449e+01 1.904923e+00
    endloop
  endfacet
  facet normal -2.321197e-16 2.588190e-01 9.659258e-01
    outer loop
      vertex   9.964000e+00 -2.332449e+01 1.904923e+00
      vertex   9.040000e+00 -2.332449e+01 1.904923e+00
      vertex   9.964000e+00 -2.336659e+01 1.916202e+00
    endloop
  endfacet
  facet normal -4.639017e-16 2.588190e-01 9.659258e-01
    outer loop
      vertex   9.964000e+00 -2.332449e+01 1.904923e+00
      vertex   9.964000e+00 -2.336659e+01 1.916202e+00
      vertex   1.088800e+01 -2.336659e+01 1.916202e+00
    endloop
  endfacet
  facet normal -4.787871e-16 8.715574e-02 9.961947e-01
    outer loop
      vertex   1.088800e+01 -2.336659e+01 1.916202e+00
      vertex   9.964000e+00 -2.336659e+01 1.916202e+00
      vertex   1.366000e+01 -2.341000e+01 1.920000e+00
    endloop
  endfacet
  facet normal -3.034644e-16 9.063078e-01 4.226183e-01
    outer loop
      vertex   4.420000e+00 -2.317508e+01 1.755505e+00
      vertex   4.420000e+00 -2.319349e+01 1.795000e+00
      vertex   5.344000e+00 -2.319349e+01 1.795000e+00
    endloop
  endfacet
  facet normal -4.135050e-16 8.191520e-01 5.735764e-01
    outer loop
      vertex   5.344000e+00 -2.319349e+01 1.795000e+00
      vertex   4.420000e+00 -2.319349e+01 1.795000e+00
      vertex   5.344000e+00 -2.321849e+01 1.830697e+00
    endloop
  endfacet
  facet normal -2.763058e-16 8.191520e-01 5.735764e-01
    outer loop
      vertex   5.344000e+00 -2.319349e+01 1.795000e+00
      vertex   5.344000e+00 -2.321849e+01 1.830697e+00
      vertex   6.268000e+00 -2.321849e+01 1.830697e+00
    endloop
  endfacet
  facet normal -3.398469e-16 7.071068e-01 7.071068e-01
    outer loop
      vertex   6.268000e+00 -2.321849e+01 1.830697e+00
      vertex   5.344000e+00 -2.321849e+01 1.830697e+00
      vertex   6.268000e+00 -2.324930e+01 1.861511e+00
    endloop
  endfacet
  facet normal -1.695860e-16 7.071068e-01 7.071068e-01
    outer loop
      vertex   6.268000e+00 -2.321849e+01 1.830697e+00
      vertex   6.268000e+00 -2.324930e+01 1.861511e+00
      vertex   7.192000e+00 -2.324930e+01 1.861511e+00
    endloop
  endfacet
  facet normal -1.968488e-16 5.735764e-01 8.191520e-01
    outer loop
      vertex   7.192000e+00 -2.324930e+01 1.861511e+00
      vertex   6.268000e+00 -2.324930e+01 1.861511e+00
      vertex   7.192000e+00 -2.328500e+01 1.886506e+00
    endloop
  endfacet
  facet normal -3.944395e-16 5.735764e-01 8.191520e-01
    outer loop
      vertex   7.192000e+00 -2.324930e+01 1.861511e+00
      vertex   7.192000e+00 -2.328500e+01 1.886506e+00
      vertex   8.116000e+00 -2.328500e+01 1.886506e+00
    endloop
  endfacet
  facet normal -4.355860e-16 4.226183e-01 9.063078e-01
    outer loop
      vertex   8.116000e+00 -2.328500e+01 1.886506e+00
      vertex   7.192000e+00 -2.328500e+01 1.886506e+00
      vertex   8.116000e+00 -2.332449e+01 1.904923e+00
    endloop
  endfacet
  facet normal -4.522999e-19 4.226183e-01 9.063078e-01
    outer loop
      vertex   8.116000e+00 -2.328500e+01 1.886506e+00
      vertex   8.116000e+00 -2.332449e+01 1.904923e+00
      vertex   9.040000e+00 -2.332449e+01 1.904923e+00
    endloop
  endfacet
  facet normal 0.000000e+00 2.588190e-01 9.659258e-01
    outer loop
      vertex   9.040000e+00 -2.332449e+01 1.904923e+00
      vertex   8.116000e+00 -2.332449e+01 1.904923e+00
      vertex   9.040000e+00 -2.336659e+01 1.916202e+00
    endloop
  endfacet
  facet normal -2.317820e-16 2.588190e-01 9.659258e-01
    outer loop
      vertex   9.040000e+00 -2.332449e+01 1.904923e+00
      vertex   9.040000e+00 -2.336659e+01 1.916202e+00
      vertex   9.964000e+00 -2.336659e+01 1.916202e+00
    endloop
  endfacet
  facet normal -2.393936e-16 8.715574e-02 9.961947e-01
    outer loop
      vertex   9.964000e+00 -2.336659e+01 1.916202e+00
      vertex   9.040000e+00 -2.336659e+01 1.916202e+00
      vertex   1.366000e+01 -2.341000e+01 1.920000e+00
    endloop
  endfacet
  facet normal -5.514635e-16 8.191520e-01 5.735764e-01
    outer loop
      vertex   4.420000e+00 -2.319349e+01 1.795000e+00
      vertex   4.420000e+00 -2.321849e+01 1.830697e+00
      vertex   5.344000e+00 -2.321849e+01 1.830697e+00
    endloop
  endfacet
  facet normal -6.796937e-16 7.071068e-01 7.071068e-01
    outer loop
      vertex   5.344000e+00 -2.321849e+01 1.830697e+00
      vertex   4.420000e+00 -2.321849e+01 1.830697e+00
      vertex   5.344000e+00 -2.324930e+01 1.861511e+00
    endloop
  endfacet
  facet normal -3.395094e-16 7.071068e-01 7.071068e-01
    outer loop
      vertex   5.344000e+00 -2.321849e+01 1.830697e+00
      vertex   5.344000e+00 -2.324930e+01 1.861511e+00
      vertex   6.268000e+00 -2.324930e+01 1.861511e+00
    endloop
  endfacet
  facet normal -3.936976e-16 5.735764e-01 8.191520e-01
    outer loop
      vertex   6.268000e+00 -2.324930e+01 1.861511e+00
      vertex   5.344000e+00 -2.324930e+01 1.861511e+00
      vertex   6.268000e+00 -2.328500e+01 1.886506e+00
    endloop
  endfacet
  facet normal -1.975907e-16 5.735764e-01 8.191520e-01
    outer loop
      vertex   6.268000e+00 -2.324930e+01 1.861511e+00
      vertex   6.268000e+00 -2.328500e+01 1.886506e+00
      vertex   7.192000e+00 -2.328500e+01 1.886506e+00
    endloop
  endfacet
  facet normal -2.177930e-16 4.226183e-01 9.063078e-01
    outer loop
      vertex   7.192000e+00 -2.328500e+01 1.886506e+00
      vertex   6.268000e+00 -2.328500e+01 1.886506e+00
      vertex   7.192000e+00 -2.332449e+01 1.904923e+00
    endloop
  endfacet
  facet normal -4.360383e-16 4.226183e-01 9.063078e-01
    outer loop
      vertex   7.192000e+00 -2.328500e+01 1.886506e+00
      vertex   7.192000e+00 -2.332449e+01 1.904923e+00
      vertex   8.116000e+00 -2.332449e+01 1.904923e+00
    endloop
  endfacet
  facet normal -4.642394e-16 2.588190e-01 9.659258e-01
    outer loop
      vertex   8.116000e+00 -2.332449e+01 1.904923e+00
      vertex   7.192000e+00 -2.332449e+01 1.904923e+00
      vertex   8.116000e+00 -2.336659e+01 1.916202e+00
    endloop
  endfacet
  facet normal 3.377155e-19 2.588190e-01 9.659258e-01
    outer loop
      vertex   8.116000e+00 -2.332449e+01 1.904923e+00
      vertex   8.116000e+00 -2.336659e+01 1.916202e+00
      vertex   9.040000e+00 -2.336659e+01 1.916202e+00
    endloop
  endfacet
  facet normal 0.000000e+00 8.715574e-02 9.961947e-01
    outer loop
      vertex   9.040000e+00 -2.336659e+01 1.916202e+00
      vertex   8.116000e+00 -2.336659e+01 1.916202e+00
      vertex   4.420000e+00 -2.341000e+01 1.920000e+00
    endloop
  endfacet
  facet normal 2.303918e-21 8.715574e-02 9.961947e-01
    outer loop
      vertex   9.040000e+00 -2.336659e+01 1.916202e+00
      vertex   4.420000e+00 -2.341000e+01 1.920000e+00
      vertex   1.366000e+01 -2.341000e+01 1.920000e+00
    endloop
  endfacet
  facet normal -6.793563e-16 7.071068e-01 7.071068e-01
    outer loop
      vertex   4.420000e+00 -2.321849e+01 1.830697e+00
      vertex   4.420000e+00 -2.324930e+01 1.861511e+00
      vertex   5.344000e+00 -2.324930e+01 1.861511e+00
    endloop
  endfacet
  facet normal -7.873952e-16 5.735764e-01 8.191520e-01
    outer loop
      vertex   5.344000e+00 -2.324930e+01 1.861511e+00
      vertex   4.420000e+00 -2.324930e+01 1.861511e+00
      vertex   5.344000e+00 -2.328500e+01 1.886506e+00
    endloop
  endfacet
  facet normal -1.978794e-16 5.735764e-01 8.191520e-01
    outer loop
      vertex   5.344000e+00 -2.324930e+01 1.861511e+00
      vertex   5.344000e+00 -2.328500e+01 1.886506e+00
      vertex   6.268000e+00 -2.328500e+01 1.886506e+00
    endloop
  endfacet
  facet normal -2.177930e-16 4.226183e-01 9.063078e-01
    outer loop
      vertex   6.268000e+00 -2.328500e+01 1.886506e+00
      vertex   5.344000e+00 -2.328500e+01 1.886506e+00
      vertex   6.268000e+00 -2.332449e+01 1.904923e+00
    endloop
  endfacet
  facet normal -2.182453e-16 4.226183e-01 9.063078e-01
    outer loop
      vertex   6.268000e+00 -2.328500e+01 1.886506e+00
      vertex   6.268000e+00 -2.332449e+01 1.904923e+00
      vertex   7.192000e+00 -2.332449e+01 1.904923e+00
    endloop
  endfacet
  facet normal -2.321197e-16 2.588190e-01 9.659258e-01
    outer loop
      vertex   7.192000e+00 -2.332449e+01 1.904923e+00
      vertex   6.268000e+00 -2.332449e+01 1.904923e+00
      vertex   7.192000e+00 -2.336659e+01 1.916202e+00
    endloop
  endfacet
  facet normal -2.323379e-16 2.588190e-01 9.659258e-01
    outer loop
      vertex   7.192000e+00 -2.332449e+01 1.904923e+00
      vertex   7.192000e+00 -2.336659e+01 1.916202e+00
      vertex   8.116000e+00 -2.336659e+01 1.916202e+00
    endloop
  endfacet
  facet normal -2.393936e-16 8.715574e-02 9.961947e-01
    outer loop
      vertex   8.116000e+00 -2.336659e+01 1.916202e+00
      vertex   7.192000e+00 -2.336659e+01 1.916202e+00
      vertex   4.420000e+00 -2.341000e+01 1.920000e+00
    endloop
  endfacet
  facet normal 3.936268e-16 5.735764e-01 8.191520e-01
    outer loop
      vertex   4.420000e+00 -2.324930e+01 1.861511e+00
      vertex   4.420000e+00 -2.328500e+01 1.886506e+00
      vertex   5.344000e+00 -2.328500e+01 1.886506e+00
    endloop
  endfacet
  facet normal 4.355860e-16 4.226183e-01 9.063078e-01
    outer loop
      vertex   5.344000e+00 -2.328500e+01 1.886506e+00
      vertex   4.420000e+00 -2.328500e+01 1.886506e+00
      vertex   5.344000e+00 -2.332449e+01 1.904923e+00
    endloop
  endfacet
  facet normal -2.182453e-16 4.226183e-01 9.063078e-01
    outer loop
      vertex   5.344000e+00 -2.328500e+01 1.886506e+00
      vertex   5.344000e+00 -2.332449e+01 1.904923e+00
      vertex   6.268000e+00 -2.332449e+01 1.904923e+00
    endloop
  endfacet
  facet normal -2.321197e-16 2.588190e-01 9.659258e-01
    outer loop
      vertex   6.268000e+00 -2.332449e+01 1.904923e+00
      vertex   5.344000e+00 -2.332449e+01 1.904923e+00
      vertex   6.268000e+00 -2.336659e+01 1.916202e+00
    endloop
  endfacet
  facet normal -4.639017e-16 2.588190e-01 9.659258e-01
    outer loop
      vertex   6.268000e+00 -2.332449e+01 1.904923e+00
      vertex   6.268000e+00 -2.336659e+01 1.916202e+00
      vertex   7.192000e+00 -2.336659e+01 1.916202e+00
    endloop
  endfacet
  facet normal -4.787871e-16 8.715574e-02 9.961947e-01
    outer loop
      vertex   7.192000e+00 -2.336659e+01 1.916202e+00
      vertex   6.268000e+00 -2.336659e+01 1.916202e+00
      vertex   4.420000e+00 -2.341000e+01 1.920000e+00
    endloop
  endfacet
  facet normal -1.088879e-15 4.226183e-01 9.063078e-01
    outer loop
      vertex   4.420000e+00 -2.328500e+01 1.886506e+00
      vertex   4.420000e+00 -2.332449e+01 1.904923e+00
      vertex   5.344000e+00 -2.332449e+01 1.904923e+00
    endloop
  endfacet
  facet normal -1.160599e-15 2.588190e-01 9.659258e-01
    outer loop
      vertex   5.344000e+00 -2.332449e+01 1.904923e+00
      vertex   4.420000e+00 -2.332449e+01 1.904923e+00
      vertex   5.344000e+00 -2.336659e+01 1.916202e+00
    endloop
  endfacet
  facet normal -2.317820e-16 2.588190e-01 9.659258e-01
    outer loop
      vertex   5.344000e+00 -2.332449e+01 1.904923e+00
      vertex   5.344000e+00 -2.336659e+01 1.916202e+00
      vertex   6.268000e+00 -2.336659e+01 1.916202e+00
    endloop
  endfacet
  facet normal -2.393936e-16 8.715574e-02 9.961947e-01
    outer loop
      vertex   6.268000e+00 -2.336659e+01 1.916202e+00
      vertex   5.344000e+00 -2.336659e+01 1.916202e+00
      vertex   4.420000e+00 -2.341000e+01 1.920000e+00
    endloop
  endfacet
  facet normal -2.326592e-16 2.588190e-01 9.659258e-01
    outer loop
      vertex   4.420000e+00 -2.332449e+01 1.904923e+00
      vertex   4.420000e+00 -2.336659e+01 1.916202e+00
      vertex   5.344000e+00 -2.336659e+01 1.916202e+00
    endloop
  endfacet
  facet normal -2.393936e-16 8.715574e-02 9.961947e-01
    outer loop
      vertex   5.344000e+00 -2.336659e+01 1.916202e+00
      vertex   4.420000e+00 -2.336659e+01 1.916202e+00
      vertex   4.420000e+00 -2.341000e+01 1.920000e+00
    endloop
  endfacet
  facet normal 2.755466e-16 8.191520e-01 5.735764e-01
    outer loop
      vertex   1.366000e+01 -2.321849e+01 1.830697e+00
      vertex   1.366000e+01 -2.319349e+01 1.795000e+00
      vertex   1.273600e+01 -2.319349e+01 1.795000e+00
    endloop
  endfacet
  facet normal 2.031171e-16 9.063078e-01 4.226183e-01
    outer loop
      vertex   1.273600e+01 -2.319349e+01 1.795000e+00
      vertex   1.366000e+01 -2.319349e+01 1.795000e+00
      vertex   1.273600e+01 -2.317508e+01 1.755505e+00
    endloop
  endfacet
  facet normal -1.132536e-18 9.063078e-01 4.226183e-01
    outer loop
      vertex   1.273600e+01 -2.319349e+01 1.795000e+00
      vertex   1.273600e+01 -2.317508e+01 1.755505e+00
      vertex   1.181200e+01 -2.317508e+01 1.755505e+00
    endloop
  endfacet
  facet normal -0.000000e+00 9.659258e-01 2.588190e-01
    outer loop
      vertex   1.181200e+01 -2.317508e+01 1.755505e+00
      vertex   1.273600e+01 -2.317508e+01 1.755505e+00
      vertex   1.181200e+01 -2.316380e+01 1.713412e+00
    endloop
  endfacet
  facet normal -1.860227e-16 9.659258e-01 2.588190e-01
    outer loop
      vertex   1.181200e+01 -2.317508e+01 1.755505e+00
      vertex   1.181200e+01 -2.316380e+01 1.713412e+00
      vertex   1.088800e+01 -2.316380e+01 1.713412e+00
    endloop
  endfacet
  facet normal -6.283267e-17 9.961947e-01 8.715574e-02
    outer loop
      vertex   1.088800e+01 -2.316380e+01 1.713412e+00
      vertex   1.181200e+01 -2.316380e+01 1.713412e+00
      vertex   1.366000e+01 -2.316000e+01 1.670000e+00
    endloop
  endfacet
  facet normal -2.019058e-16 9.063078e-01 4.226183e-01
    outer loop
      vertex   1.366000e+01 -2.319349e+01 1.795000e+00
      vertex   1.366000e+01 -2.317508e+01 1.755505e+00
      vertex   1.273600e+01 -2.317508e+01 1.755505e+00
    endloop
  endfacet
  facet normal -1.243926e-16 9.659258e-01 2.588190e-01
    outer loop
      vertex   1.273600e+01 -2.317508e+01 1.755505e+00
      vertex   1.366000e+01 -2.317508e+01 1.755505e+00
      vertex   1.273600e+01 -2.316380e+01 1.713412e+00
    endloop
  endfacet
  facet normal 5.661982e-19 9.659258e-01 2.588190e-01
    outer loop
      vertex   1.273600e+01 -2.317508e+01 1.755505e+00
      vertex   1.273600e+01 -2.316380e+01 1.713412e+00
      vertex   1.181200e+01 -2.316380e+01 1.713412e+00
    endloop
  endfacet
  facet normal -0.000000e+00 9.961947e-01 8.715574e-02
    outer loop
      vertex   1.181200e+01 -2.316380e+01 1.713412e+00
      vertex   1.273600e+01 -2.316380e+01 1.713412e+00
      vertex   1.366000e+01 -2.316000e+01 1.670000e+00
    endloop
  endfacet
  facet normal -6.189652e-17 9.659258e-01 2.588190e-01
    outer loop
      vertex   1.366000e+01 -2.317508e+01 1.755505e+00
      vertex   1.366000e+01 -2.316380e+01 1.713412e+00
      vertex   1.273600e+01 -2.316380e+01 1.713412e+00
    endloop
  endfacet
  facet normal -2.094422e-17 9.961947e-01 8.715574e-02
    outer loop
      vertex   1.273600e+01 -2.316380e+01 1.713412e+00
      vertex   1.366000e+01 -2.316380e+01 1.713412e+00
      vertex   1.366000e+01 -2.316000e+01 1.670000e+00
    endloop
  endfacet
  facet normal -6.219629e-17 9.659258e-01 2.588190e-01
    outer loop
      vertex   7.192000e+00 -2.317508e+01 1.755505e+00
      vertex   6.268000e+00 -2.316380e+01 1.713412e+00
      vertex   6.268000e+00 -2.317508e+01 1.755505e+00
    endloop
  endfacet
  facet normal -6.163009e-17 9.659258e-01 2.588190e-01
    outer loop
      vertex   6.268000e+00 -2.317508e+01 1.755505e+00
      vertex   6.268000e+00 -2.316380e+01 1.713412e+00
      vertex   5.344000e+00 -2.316380e+01 1.713412e+00
    endloop
  endfacet
  facet normal 0.000000e+00 9.961947e-01 8.715571e-02
    outer loop
      vertex   9.040000e+00 -2.316380e+01 1.713412e+00
      vertex   4.420000e+00 -2.316000e+01 1.670000e+00
      vertex   8.116000e+00 -2.316380e+01 1.713412e+00
    endloop
  endfacet
  facet normal -2.094422e-17 9.961947e-01 8.715571e-02
    outer loop
      vertex   8.116000e+00 -2.316380e+01 1.713412e+00
      vertex   4.420000e+00 -2.316000e+01 1.670000e+00
      vertex   7.192000e+00 -2.316380e+01 1.713412e+00
    endloop
  endfacet
  facet normal -6.219629e-17 9.659258e-01 2.588190e-01
    outer loop
      vertex   8.116000e+00 -2.316380e+01 1.713412e+00
      vertex   7.192000e+00 -2.316380e+01 1.713412e+00
      vertex   8.116000e+00 -2.317508e+01 1.755505e+00
    endloop
  endfacet
  facet normal 0.000000e+00 9.659258e-01 2.588190e-01
    outer loop
      vertex   9.040000e+00 -2.316380e+01 1.713412e+00
      vertex   8.116000e+00 -2.316380e+01 1.713412e+00
      vertex   9.040000e+00 -2.317508e+01 1.755505e+00
    endloop
  endfacet
  facet normal 0.000000e+00 9.659258e-01 2.588190e-01
    outer loop
      vertex   9.040000e+00 -2.317508e+01 1.755505e+00
      vertex   8.116000e+00 -2.316380e+01 1.713412e+00
      vertex   8.116000e+00 -2.317508e+01 1.755505e+00
    endloop
  endfacet
  facet normal 0.000000e+00 9.063078e-01 4.226183e-01
    outer loop
      vertex   9.040000e+00 -2.317508e+01 1.755505e+00
      vertex   8.116000e+00 -2.317508e+01 1.755505e+00
      vertex   9.040000e+00 -2.319349e+01 1.795000e+00
    endloop
  endfacet
  facet normal -1.243926e-16 9.659258e-01 2.588190e-01
    outer loop
      vertex   9.964000e+00 -2.316380e+01 1.713412e+00
      vertex   9.040000e+00 -2.316380e+01 1.713412e+00
      vertex   9.964000e+00 -2.317508e+01 1.755505e+00
    endloop
  endfacet
  facet normal -6.219629e-17 9.659258e-01 2.588190e-01
    outer loop
      vertex   9.964000e+00 -2.317508e+01 1.755505e+00
      vertex   9.040000e+00 -2.316380e+01 1.713412e+00
      vertex   9.040000e+00 -2.317508e+01 1.755505e+00
    endloop
  endfacet
  facet normal -1.015586e-16 9.063078e-01 4.226183e-01
    outer loop
      vertex   9.964000e+00 -2.317508e+01 1.755505e+00
      vertex   9.040000e+00 -2.317508e+01 1.755505e+00
      vertex   9.964000e+00 -2.319349e+01 1.795000e+00
    endloop
  endfacet
  facet normal -1.015586e-16 9.063078e-01 4.226183e-01
    outer loop
      vertex   9.964000e+00 -2.319349e+01 1.795000e+00
      vertex   9.040000e+00 -2.317508e+01 1.755505e+00
      vertex   9.040000e+00 -2.319349e+01 1.795000e+00
    endloop
  endfacet
  facet normal -1.378350e-16 8.191520e-01 5.735764e-01
    outer loop
      vertex   9.964000e+00 -2.319349e+01 1.795000e+00
      vertex   9.040000e+00 -2.319349e+01 1.795000e+00
      vertex   9.964000e+00 -2.321849e+01 1.830697e+00
    endloop
  endfacet
  facet normal -2.031171e-16 9.063078e-01 4.226183e-01
    outer loop
      vertex   8.116000e+00 -2.319349e+01 1.795000e+00
      vertex   7.192000e+00 -2.317508e+01 1.755505e+00
      vertex   7.192000e+00 -2.319349e+01 1.795000e+00
    endloop
  endfacet
  facet normal -1.019307e-16 9.063078e-01 4.226183e-01
    outer loop
      vertex   7.192000e+00 -2.319349e+01 1.795000e+00
      vertex   7.192000e+00 -2.317508e+01 1.755505e+00
      vertex   6.268000e+00 -2.317508e+01 1.755505e+00
    endloop
  endfacet
  facet normal -1.860227e-16 9.659258e-01 2.588190e-01
    outer loop
      vertex   9.964000e+00 -2.316380e+01 1.713412e+00
      vertex   9.964000e+00 -2.317508e+01 1.755505e+00
      vertex   1.088800e+01 -2.317508e+01 1.755505e+00
    endloop
  endfacet
  facet normal -3.046757e-16 9.063078e-01 4.226183e-01
    outer loop
      vertex   1.088800e+01 -2.317508e+01 1.755505e+00
      vertex   9.964000e+00 -2.317508e+01 1.755505e+00
      vertex   1.088800e+01 -2.319349e+01 1.795000e+00
    endloop
  endfacet
  facet normal -2.023174e-16 9.063078e-01 4.226183e-01
    outer loop
      vertex   1.088800e+01 -2.317508e+01 1.755505e+00
      vertex   1.088800e+01 -2.319349e+01 1.795000e+00
      vertex   1.181200e+01 -2.319349e+01 1.795000e+00
    endloop
  endfacet
  facet normal -2.756700e-16 8.191520e-01 5.735764e-01
    outer loop
      vertex   1.181200e+01 -2.319349e+01 1.795000e+00
      vertex   1.088800e+01 -2.319349e+01 1.795000e+00
      vertex   1.181200e+01 -2.321849e+01 1.830697e+00
    endloop
  endfacet
  facet normal -1.234748e-19 8.191520e-01 5.735764e-01
    outer loop
      vertex   1.181200e+01 -2.319349e+01 1.795000e+00
      vertex   1.181200e+01 -2.321849e+01 1.830697e+00
      vertex   1.273600e+01 -2.321849e+01 1.830697e+00
    endloop
  endfacet
  facet normal 0.000000e+00 7.071068e-01 7.071068e-01
    outer loop
      vertex   1.273600e+01 -2.321849e+01 1.830697e+00
      vertex   1.181200e+01 -2.321849e+01 1.830697e+00
      vertex   1.273600e+01 -2.324930e+01 1.861511e+00
    endloop
  endfacet
  facet normal -1.015586e-16 9.063078e-01 4.226183e-01
    outer loop
      vertex   1.088800e+01 -2.319349e+01 1.795000e+00
      vertex   9.964000e+00 -2.317508e+01 1.755505e+00
      vertex   9.964000e+00 -2.319349e+01 1.795000e+00
    endloop
  endfacet
  facet normal 0.000000e+00 8.191520e-01 5.735764e-01
    outer loop
      vertex   9.040000e+00 -2.321849e+01 1.830697e+00
      vertex   8.116000e+00 -2.319349e+01 1.795000e+00
      vertex   8.116000e+00 -2.321849e+01 1.830697e+00
    endloop
  endfacet
  facet normal -2.757935e-16 8.191520e-01 5.735764e-01
    outer loop
      vertex   8.116000e+00 -2.321849e+01 1.830697e+00
      vertex   8.116000e+00 -2.319349e+01 1.795000e+00
      vertex   7.192000e+00 -2.319349e+01 1.795000e+00
    endloop
  endfacet
  facet normal -1.378350e-16 8.191520e-01 5.735764e-01
    outer loop
      vertex   1.088800e+01 -2.319349e+01 1.795000e+00
      vertex   9.964000e+00 -2.319349e+01 1.795000e+00
      vertex   1.088800e+01 -2.321849e+01 1.830697e+00
    endloop
  endfacet
  facet normal -1.378350e-16 8.191520e-01 5.735764e-01
    outer loop
      vertex   1.088800e+01 -2.321849e+01 1.830697e+00
      vertex   9.964000e+00 -2.319349e+01 1.795000e+00
      vertex   9.964000e+00 -2.321849e+01 1.830697e+00
    endloop
  endfacet
  facet normal -1.699234e-16 7.071068e-01 7.071068e-01
    outer loop
      vertex   1.088800e+01 -2.321849e+01 1.830697e+00
      vertex   9.964000e+00 -2.321849e+01 1.830697e+00
      vertex   1.088800e+01 -2.324930e+01 1.861511e+00
    endloop
  endfacet
  facet normal -3.398469e-16 7.071068e-01 7.071068e-01
    outer loop
      vertex   9.964000e+00 -2.324930e+01 1.861511e+00
      vertex   9.040000e+00 -2.321849e+01 1.830697e+00
      vertex   9.040000e+00 -2.324930e+01 1.861511e+00
    endloop
  endfacet
  facet normal 3.374190e-19 7.071068e-01 7.071068e-01
    outer loop
      vertex   9.040000e+00 -2.324930e+01 1.861511e+00
      vertex   9.040000e+00 -2.321849e+01 1.830697e+00
      vertex   8.116000e+00 -2.321849e+01 1.830697e+00
    endloop
  endfacet
  facet normal -1.384708e-16 8.191520e-01 5.735764e-01
    outer loop
      vertex   1.088800e+01 -2.319349e+01 1.795000e+00
      vertex   1.088800e+01 -2.321849e+01 1.830697e+00
      vertex   1.181200e+01 -2.321849e+01 1.830697e+00
    endloop
  endfacet
  facet normal -1.699234e-16 7.071068e-01 7.071068e-01
    outer loop
      vertex   1.181200e+01 -2.321849e+01 1.830697e+00
      vertex   1.088800e+01 -2.321849e+01 1.830697e+00
      vertex   1.181200e+01 -2.324930e+01 1.861511e+00
    endloop
  endfacet
  facet normal 3.374190e-19 7.071068e-01 7.071068e-01
    outer loop
      vertex   1.181200e+01 -2.321849e+01 1.830697e+00
      vertex   1.181200e+01 -2.324930e+01 1.861511e+00
      vertex   1.273600e+01 -2.324930e+01 1.861511e+00
    endloop
  endfacet
  facet normal 0.000000e+00 5.735764e-01 8.191520e-01
    outer loop
      vertex   1.273600e+01 -2.324930e+01 1.861511e+00
      vertex   1.181200e+01 -2.324930e+01 1.861511e+00
      vertex   1.273600e+01 -2.328500e+01 1.886506e+00
    endloop
  endfacet
  facet normal -1.699234e-16 7.071068e-01 7.071068e-01
    outer loop
      vertex   1.181200e+01 -2.324930e+01 1.861511e+00
      vertex   1.088800e+01 -2.321849e+01 1.830697e+00
      vertex   1.088800e+01 -2.324930e+01 1.861511e+00
    endloop
  endfacet
  facet normal -1.968488e-16 5.735764e-01 8.191520e-01
    outer loop
      vertex   1.088800e+01 -2.328500e+01 1.886506e+00
      vertex   9.964000e+00 -2.324930e+01 1.861511e+00
      vertex   9.964000e+00 -2.328500e+01 1.886506e+00
    endloop
  endfacet
  facet normal -3.944395e-16 5.735764e-01 8.191520e-01
    outer loop
      vertex   9.964000e+00 -2.328500e+01 1.886506e+00
      vertex   9.964000e+00 -2.324930e+01 1.861511e+00
      vertex   9.040000e+00 -2.324930e+01 1.861511e+00
    endloop
  endfacet
  facet normal 0.000000e+00 5.735764e-01 8.191520e-01
    outer loop
      vertex   1.273600e+01 -2.328500e+01 1.886506e+00
      vertex   1.181200e+01 -2.324930e+01 1.861511e+00
      vertex   1.181200e+01 -2.328500e+01 1.886506e+00
    endloop
  endfacet
  facet normal -1.975907e-16 5.735764e-01 8.191520e-01
    outer loop
      vertex   1.181200e+01 -2.328500e+01 1.886506e+00
      vertex   1.181200e+01 -2.324930e+01 1.861511e+00
      vertex   1.088800e+01 -2.324930e+01 1.861511e+00
    endloop
  endfacet
  facet normal -4.355860e-16 4.226183e-01 9.063078e-01
    outer loop
      vertex   1.181200e+01 -2.332449e+01 1.904923e+00
      vertex   1.088800e+01 -2.328500e+01 1.886506e+00
      vertex   1.088800e+01 -2.332449e+01 1.904923e+00
    endloop
  endfacet
  facet normal -2.182453e-16 4.226183e-01 9.063078e-01
    outer loop
      vertex   1.088800e+01 -2.332449e+01 1.904923e+00
      vertex   1.088800e+01 -2.328500e+01 1.886506e+00
      vertex   9.964000e+00 -2.328500e+01 1.886506e+00
    endloop
  endfacet
  facet normal -1.444994e-19 4.226183e-01 9.063078e-01
    outer loop
      vertex   1.273600e+01 -2.332449e+01 1.904923e+00
      vertex   1.273600e+01 -2.328500e+01 1.886506e+00
      vertex   1.181200e+01 -2.328500e+01 1.886506e+00
    endloop
  endfacet
  facet normal 0.000000e+00 2.588190e-01 9.659258e-01
    outer loop
      vertex   1.273600e+01 -2.336659e+01 1.916202e+00
      vertex   1.181200e+01 -2.332449e+01 1.904923e+00
      vertex   1.181200e+01 -2.336659e+01 1.916202e+00
    endloop
  endfacet
  facet normal -4.639017e-16 2.588190e-01 9.659258e-01
    outer loop
      vertex   1.181200e+01 -2.336659e+01 1.916202e+00
      vertex   1.181200e+01 -2.332449e+01 1.904923e+00
      vertex   1.088800e+01 -2.332449e+01 1.904923e+00
    endloop
  endfacet
  facet normal 1.000000e+00 -1.793313e-13 -1.695179e-14
    outer loop
      vertex   2.500000e+01 -9.866358e-03 3.339395e+01
      vertex   2.500000e+01 -3.942649e-02 3.370667e+01
      vertex   2.500000e+01 3.330669e-15 3.308000e+01
    endloop
  endfacet
  facet normal 1.000000e+00 -5.938244e-14 -9.405255e-15
    outer loop
      vertex   2.500000e+01 3.330669e-15 3.308000e+01
      vertex   2.500000e+01 -3.942649e-02 3.370667e+01
      vertex   2.500000e+01 -8.856375e-02 3.401691e+01
    endloop
  endfacet
  facet normal 1.000000e+00 -2.939536e-14 -6.570641e-15
    outer loop
      vertex   2.500000e+01 3.330669e-15 3.308000e+01
      vertex   2.500000e+01 -8.856375e-02 3.401691e+01
      vertex   2.500000e+01 -1.570842e-01 3.432345e+01
    endloop
  endfacet
  facet normal 1.000000e+00 -1.740065e-14 -5.055358e-15
    outer loop
      vertex   2.500000e+01 -1.570842e-01 3.432345e+01
      vertex   2.500000e+01 -2.447174e-01 3.462508e+01
      vertex   2.500000e+01 3.330669e-15 3.308000e+01
    endloop
  endfacet
  facet normal 1.000000e+00 -1.140345e-14 -4.105493e-15
    outer loop
      vertex   2.500000e+01 3.330669e-15 3.308000e+01
      vertex   2.500000e+01 -2.447174e-01 3.462508e+01
      vertex   2.500000e+01 -3.511176e-01 3.492062e+01
    endloop
  endfacet
  facet normal 1.000000e+00 -7.976617e-15 -3.451790e-15
    outer loop
      vertex   2.500000e+01 3.330669e-15 3.308000e+01
      vertex   2.500000e+01 -3.511176e-01 3.492062e+01
      vertex   2.500000e+01 -4.758647e-01 3.520890e+01
    endloop
  endfacet
  facet normal 1.000000e+00 -5.835005e-15 -2.973083e-15
    outer loop
      vertex   2.500000e+01 -4.758647e-01 3.520890e+01
      vertex   2.500000e+01 -6.184666e-01 3.548877e+01
      vertex   2.500000e+01 3.330669e-15 3.308000e+01
    endloop
  endfacet
  facet normal 1.000000e+00 -4.407423e-15 -2.606543e-15
    outer loop
      vertex   2.500000e+01 3.330669e-15 3.308000e+01
      vertex   2.500000e+01 -6.184666e-01 3.548877e+01
      vertex   2.500000e+01 -7.783604e-01 3.575913e+01
    endloop
  endfacet
  facet normal 1.000000e+00 -3.408280e-15 -2.316265e-15
    outer loop
      vertex   2.500000e+01 3.330669e-15 3.308000e+01
      vertex   2.500000e+01 -7.783604e-01 3.575913e+01
      vertex   2.500000e+01 -9.549150e-01 3.601893e+01
    endloop
  endfacet
  facet normal 1.000000e+00 -2.681800e-15 -2.080217e-15
    outer loop
      vertex   2.500000e+01 -9.549150e-01 3.601893e+01
      vertex   2.500000e+01 -1.147434e+00 3.626712e+01
      vertex   2.500000e+01 3.330669e-15 3.308000e+01
    endloop
  endfacet
  facet normal 1.000000e+00 -2.137112e-15 -1.884117e-15
    outer loop
      vertex   2.500000e+01 3.330669e-15 3.308000e+01
      vertex   2.500000e+01 -1.147434e+00 3.626712e+01
      vertex   2.500000e+01 -1.355157e+00 3.650274e+01
    endloop
  endfacet
  facet normal 1.000000e+00 -1.718297e-15 -1.718297e-15
    outer loop
      vertex   2.500000e+01 3.330669e-15 3.308000e+01
      vertex   2.500000e+01 -1.355157e+00 3.650274e+01
      vertex   2.500000e+01 -1.577264e+00 3.672484e+01
    endloop
  endfacet
  facet normal 1.000000e+00 -1.389408e-15 -1.575974e-15
    outer loop
      vertex   2.500000e+01 -1.577264e+00 3.672484e+01
      vertex   2.500000e+01 -1.812880e+00 3.693257e+01
      vertex   2.500000e+01 3.330669e-15 3.308000e+01
    endloop
  endfacet
  facet normal 1.000000e+00 -1.126480e-15 -1.452249e-15
    outer loop
      vertex   2.500000e+01 3.330669e-15 3.308000e+01
      vertex   2.500000e+01 -1.812880e+00 3.693257e+01
      vertex   2.500000e+01 -2.061074e+00 3.712508e+01
    endloop
  endfacet
  facet normal 1.000000e+00 -9.130386e-16 -1.343496e-15
    outer loop
      vertex   2.500000e+01 3.330669e-15 3.308000e+01
      vertex   2.500000e+01 -2.061074e+00 3.712508e+01
      vertex   2.500000e+01 -2.320866e+00 3.730164e+01
    endloop
  endfacet
  facet normal 1.000000e+00 -7.374544e-16 -1.246967e-15
    outer loop
      vertex   2.500000e+01 -2.320866e+00 3.730164e+01
      vertex   2.500000e+01 -2.591232e+00 3.746153e+01
      vertex   2.500000e+01 3.330669e-15 3.308000e+01
    endloop
  endfacet
  facet normal 1.000000e+00 -5.913293e-16 -1.160549e-15
    outer loop
      vertex   2.500000e+01 3.330669e-15 3.308000e+01
      vertex   2.500000e+01 -2.591232e+00 3.746153e+01
      vertex   2.500000e+01 -2.871104e+00 3.760414e+01
    endloop
  endfacet
  facet normal 1.000000e+00 -4.684759e-16 -1.082584e-15
    outer loop
      vertex   2.500000e+01 3.330669e-15 3.308000e+01
      vertex   2.500000e+01 -2.871104e+00 3.760414e+01
      vertex   2.500000e+01 -3.159377e+00 3.772888e+01
    endloop
  endfacet
  facet normal 1.000000e+00 -3.642542e-16 -1.011755e-15
    outer loop
      vertex   2.500000e+01 -3.159377e+00 3.772888e+01
      vertex   2.500000e+01 -3.454915e+00 3.783528e+01
      vertex   2.500000e+01 3.330669e-15 3.308000e+01
    endloop
  endfacet
  facet normal 1.000000e+00 -2.751296e-16 -9.470022e-16
    outer loop
      vertex   2.500000e+01 3.330669e-15 3.308000e+01
      vertex   2.500000e+01 -3.454915e+00 3.783528e+01
      vertex   2.500000e+01 -3.756551e+00 3.792292e+01
    endloop
  endfacet
  facet normal 1.000000e+00 -1.983713e-16 -8.874624e-16
    outer loop
      vertex   2.500000e+01 3.330669e-15 3.308000e+01
      vertex   2.500000e+01 -3.756551e+00 3.792292e+01
      vertex   2.500000e+01 -4.063093e+00 3.799144e+01
    endloop
  endfacet
  facet normal 1.000000e+00 -1.318433e-16 -8.324256e-16
    outer loop
      vertex   2.500000e+01 -4.063093e+00 3.799144e+01
      vertex   2.500000e+01 -4.373334e+00 3.804057e+01
      vertex   2.500000e+01 3.330669e-15 3.308000e+01
    endloop
  endfacet
  facet normal 1.000000e+00 -7.385477e-17 -7.813018e-16
    outer loop
      vertex   2.500000e+01 3.330669e-15 3.308000e+01
      vertex   2.500000e+01 -4.373334e+00 3.804057e+01
      vertex   2.500000e+01 -4.686047e+00 3.807013e+01
    endloop
  endfacet
  facet normal 1.000000e+00 -2.334343e-14 -2.263289e-14
    outer loop
      vertex   2.500000e+01 3.330669e-15 3.308000e+01
      vertex   2.500000e+01 -4.686047e+00 3.807013e+01
      vertex   2.500000e+01 -5.000000e+00 3.808000e+01
    endloop
  endfacet
  facet normal 1.000000e+00 -3.199649e-16 2.206654e-16
    outer loop
      vertex   2.500000e+01 -2.500000e+01 9.080000e+00
      vertex   2.500000e+01 -9.000000e+00 8.000000e-02
      vertex   2.500000e+01 -5.000000e+00 3.808000e+01
    endloop
  endfacet
  facet normal 1.000000e+00 -2.089832e-16 2.089832e-16
    outer loop
      vertex   2.500000e+01 -5.000000e+00 3.808000e+01
      vertex   2.500000e+01 -9.000000e+00 8.000000e-02
      vertex   2.500000e+01 3.330669e-15 9.080000e+00
    endloop
  endfacet
  facet normal 1.000000e+00 -5.625130e-16 1.480297e-16
    outer loop
      vertex   2.500000e+01 -5.000000e+00 3.808000e+01
      vertex   2.500000e+01 3.330669e-15 9.080000e+00
      vertex   2.500000e+01 3.330669e-15 3.308000e+01
    endloop
  endfacet
  facet normal 1.000000e+00 -3.912680e-18 7.825361e-16
    outer loop
      vertex   2.500000e+01 -2.500000e+01 9.080000e+00
      vertex   2.500000e+01 -2.500000e+01 4.440892e-15
      vertex   2.500000e+01 -9.000000e+00 8.000000e-02
    endloop
  endfacet
  facet normal 1.000000e+00 0.000000e+00 0.000000e+00
    outer loop
      vertex   2.500000e+01 -9.000000e+00 8.000000e-02
      vertex   2.500000e+01 -2.500000e+01 4.440892e-15
      vertex   2.500000e+01 -9.000000e+00 4.440892e-15
    endloop
  endfacet
  facet normal 0.000000e+00 1.000000e+00 -0.000000e+00
    outer loop
      vertex   2.500000e+01 -9.000000e+00 4.440892e-15
      vertex   0.000000e+00 -9.000000e+00 0.000000e+00
      vertex   2.500000e+01 -9.000000e+00 8.000000e-02
    endloop
  endfacet
  facet normal 0.000000e+00 1.000000e+00 0.000000e+00
    outer loop
      vertex   2.500000e+01 -9.000000e+00 8.000000e-02
      vertex   0.000000e+00 -9.000000e+00 0.000000e+00
      vertex   0.000000e+00 -9.000000e+00 8.000000e-02
    endloop
  endfacet
  facet normal -1.000000e+00 2.018439e-14 1.974030e-14
    outer loop
      vertex   -2.739606e-15 -4.686047e+00 3.807013e+01
      vertex   -6.661338e-15 -1.110223e-15 3.308000e+01
      vertex   -8.881784e-15 -5.000000e+00 3.808000e+01
    endloop
  endfacet
  facet normal -1.000000e+00 2.590520e-16 -1.850372e-16
    outer loop
      vertex   -8.881784e-15 -5.000000e+00 3.808000e+01
      vertex   -6.661338e-15 -1.110223e-15 3.308000e+01
      vertex   -2.220446e-15 -1.110223e-15 9.080000e+00
    endloop
  endfacet
  facet normal -1.000000e+00 -1.451272e-17 -2.322035e-16
    outer loop
      vertex   -8.881784e-15 -5.000000e+00 3.808000e+01
      vertex   -2.220446e-15 -1.110223e-15 9.080000e+00
      vertex   0.000000e+00 -9.000000e+00 8.000000e-02
    endloop
  endfacet
  facet normal -1.000000e+00 2.148806e-16 9.876834e-16
    outer loop
      vertex   -2.739606e-15 -4.686047e+00 3.807013e+01
      vertex   -2.701606e-15 -4.373334e+00 3.804057e+01
      vertex   -6.661338e-15 -1.110223e-15 3.308000e+01
    endloop
  endfacet
  facet normal -1.000000e+00 2.964269e-16 1.059576e-15
    outer loop
      vertex   -6.661338e-15 -1.110223e-15 3.308000e+01
      vertex   -2.701606e-15 -4.373334e+00 3.804057e+01
      vertex   -2.661707e-15 -4.063093e+00 3.799144e+01
    endloop
  endfacet
  facet normal -1.000000e+00 3.899820e-16 1.136972e-15
    outer loop
      vertex   -6.661338e-15 -1.110223e-15 3.308000e+01
      vertex   -2.661707e-15 -4.063093e+00 3.799144e+01
      vertex   -2.620067e-15 -3.756551e+00 3.792292e+01
    endloop
  endfacet
  facet normal -1.000000e+00 4.979233e-16 1.220700e-15
    outer loop
      vertex   -2.620067e-15 -3.756551e+00 3.792292e+01
      vertex   -2.576850e-15 -3.454915e+00 3.783528e+01
      vertex   -6.661338e-15 -1.110223e-15 3.308000e+01
    endloop
  endfacet
  facet normal -1.000000e+00 6.232548e-16 1.311758e-15
    outer loop
      vertex   -6.661338e-15 -1.110223e-15 3.308000e+01
      vertex   -2.576850e-15 -3.454915e+00 3.783528e+01
      vertex   -2.532226e-15 -3.159377e+00 3.772888e+01
    endloop
  endfacet
  facet normal -1.000000e+00 7.698166e-16 1.411362e-15
    outer loop
      vertex   -6.661338e-15 -1.110223e-15 3.308000e+01
      vertex   -2.532226e-15 -3.159377e+00 3.772888e+01
      vertex   -2.486371e-15 -2.871104e+00 3.760414e+01
    endloop
  endfacet
  facet normal -1.000000e+00 9.425792e-16 1.521000e-15
    outer loop
      vertex   -2.486371e-15 -2.871104e+00 3.760414e+01
      vertex   -2.439467e-15 -2.591232e+00 3.746153e+01
      vertex   -6.661338e-15 -1.110223e-15 3.308000e+01
    endloop
  endfacet
  facet normal -1.000000e+00 1.148068e-15 1.642525e-15
    outer loop
      vertex   -6.661338e-15 -1.110223e-15 3.308000e+01
      vertex   -2.439467e-15 -2.591232e+00 3.746153e+01
      vertex   -2.391699e-15 -2.320866e+00 3.730164e+01
    endloop
  endfacet
  facet normal -1.000000e+00 1.394983e-15 1.778268e-15
    outer loop
      vertex   -6.661338e-15 -1.110223e-15 3.308000e+01
      vertex   -2.391699e-15 -2.320866e+00 3.730164e+01
      vertex   -2.343254e-15 -2.061074e+00 3.712508e+01
    endloop
  endfacet
  facet normal -1.000000e+00 1.695135e-15 1.931203e-15
    outer loop
      vertex   -2.343254e-15 -2.061074e+00 3.712508e+01
      vertex   -2.294325e-15 -1.812880e+00 3.693257e+01
      vertex   -6.661338e-15 -1.110223e-15 3.308000e+01
    endloop
  endfacet
  facet normal -1.000000e+00 2.064877e-15 2.105191e-15
    outer loop
      vertex   -6.661338e-15 -1.110223e-15 3.308000e+01
      vertex   -2.294325e-15 -1.812880e+00 3.693257e+01
      vertex   -2.245105e-15 -1.577264e+00 3.672484e+01
    endloop
  endfacet
  facet normal -1.000000e+00 2.527377e-15 2.305332e-15
    outer loop
      vertex   -6.661338e-15 -1.110223e-15 3.308000e+01
      vertex   -2.245105e-15 -1.577264e+00 3.672484e+01
      vertex   -2.195787e-15 -1.355157e+00 3.650274e+01
    endloop
  endfacet
  facet normal -1.000000e+00 3.116335e-15 2.538518e-15
    outer loop
      vertex   -2.195787e-15 -1.355157e+00 3.650274e+01
      vertex   -2.146567e-15 -1.147434e+00 3.626712e+01
      vertex   -6.661338e-15 -1.110223e-15 3.308000e+01
    endloop
  endfacet
  facet normal -1.000000e+00 3.882303e-15 2.814283e-15
    outer loop
      vertex   -6.661338e-15 -1.110223e-15 3.308000e+01
      vertex   -2.146567e-15 -1.147434e+00 3.626712e+01
      vertex   -2.097638e-15 -9.549150e-01 3.601893e+01
    endloop
  endfacet
  facet normal -1.000000e+00 4.903916e-15 3.146225e-15
    outer loop
      vertex   -6.661338e-15 -1.110223e-15 3.308000e+01
      vertex   -2.097638e-15 -9.549150e-01 3.601893e+01
      vertex   -2.049194e-15 -7.783604e-01 3.575913e+01
    endloop
  endfacet
  facet normal -1.000000e+00 6.308961e-15 3.554428e-15
    outer loop
      vertex   -2.049194e-15 -7.783604e-01 3.575913e+01
      vertex   -2.001425e-15 -6.184666e-01 3.548877e+01
      vertex   -6.661338e-15 -1.110223e-15 3.308000e+01
    endloop
  endfacet
  facet normal -1.000000e+00 8.316498e-15 4.069876e-15
    outer loop
      vertex   -6.661338e-15 -1.110223e-15 3.308000e+01
      vertex   -2.001425e-15 -6.184666e-01 3.548877e+01
      vertex   -1.954521e-15 -4.758647e-01 3.520890e+01
    endloop
  endfacet
  facet normal -1.000000e+00 1.132814e-14 4.743058e-15
    outer loop
      vertex   -6.661338e-15 -1.110223e-15 3.308000e+01
      vertex   -1.954521e-15 -4.758647e-01 3.520890e+01
      vertex   -1.908667e-15 -3.511176e-01 3.492062e+01
    endloop
  endfacet
  facet normal -1.000000e+00 1.614712e-14 5.662327e-15
    outer loop
      vertex   -1.908667e-15 -3.511176e-01 3.492062e+01
      vertex   -1.864043e-15 -2.447174e-01 3.462508e+01
      vertex   -6.661338e-15 -1.110223e-15 3.308000e+01
    endloop
  endfacet
  facet normal -1.000000e+00 2.458069e-14 6.998074e-15
    outer loop
      vertex   -6.661338e-15 -1.110223e-15 3.308000e+01
      vertex   -1.864043e-15 -2.447174e-01 3.462508e+01
      vertex   -1.820825e-15 -1.570842e-01 3.432345e+01
    endloop
  endfacet
  facet normal -1.000000e+00 4.144824e-14 9.128942e-15
    outer loop
      vertex   -6.661338e-15 -1.110223e-15 3.308000e+01
      vertex   -1.820825e-15 -1.570842e-01 3.432345e+01
      vertex   -1.779185e-15 -8.856375e-02 3.401691e+01
    endloop
  endfacet
  facet normal -1.000000e+00 8.361758e-14 1.311512e-14
    outer loop
      vertex   -1.779185e-15 -8.856375e-02 3.401691e+01
      vertex   -1.739286e-15 -3.942649e-02 3.370667e+01
      vertex   -6.661338e-15 -1.110223e-15 3.308000e+01
    endloop
  endfacet
  facet normal -1.000000e+00 2.522956e-13 2.372744e-14
    outer loop
      vertex   -6.661338e-15 -1.110223e-15 3.308000e+01
      vertex   -1.739286e-15 -3.942649e-02 3.370667e+01
      vertex   -1.701286e-15 -9.866358e-03 3.339395e+01
    endloop
  endfacet
  facet normal -1.000000e+00 3.282097e-17 0.000000e+00
    outer loop
      vertex   0.000000e+00 -9.000000e+00 0.000000e+00
      vertex   -5.251355e-16 -2.500000e+01 0.000000e+00
      vertex   0.000000e+00 -9.000000e+00 8.000000e-02
    endloop
  endfacet
  facet normal -1.000000e+00 3.742265e-17 -9.203358e-16
    outer loop
      vertex   0.000000e+00 -9.000000e+00 8.000000e-02
      vertex   -5.251355e-16 -2.500000e+01 0.000000e+00
      vertex   -8.881784e-15 -2.500000e+01 9.080000e+00
    endloop
  endfacet
  facet normal -1.000000e+00 3.999561e-16 -2.758318e-16
    outer loop
      vertex   0.000000e+00 -9.000000e+00 8.000000e-02
      vertex   -8.881784e-15 -2.500000e+01 9.080000e+00
      vertex   -8.881784e-15 -5.000000e+00 3.808000e+01
    endloop
  endfacet
  facet normal 1.000000e+00 -7.113706e-24 1.063687e-15
    outer loop
      vertex   4.420000e+00 -2.316000e+01 -4.494190e-08
      vertex   4.420000e+00 -1.644000e+01 0.000000e+00
      vertex   4.420000e+00 -2.316000e+01 1.670000e+00
    endloop
  endfacet
  facet normal 1.000000e+00 -2.702138e-16 -2.364063e-17
    outer loop
      vertex   4.420000e+00 -2.316000e+01 1.670000e+00
      vertex   4.420000e+00 -1.644000e+01 0.000000e+00
      vertex   4.420000e+00 -2.316380e+01 1.713412e+00
    endloop
  endfacet
  facet normal 1.000000e+00 -2.835506e-16 -7.597716e-17
    outer loop
      vertex   4.420000e+00 -2.316380e+01 1.713412e+00
      vertex   4.420000e+00 -1.644000e+01 0.000000e+00
      vertex   4.420000e+00 -2.317508e+01 1.755505e+00
    endloop
  endfacet
  facet normal 1.000000e+00 -1.339314e-16 4.980440e-16
    outer loop
      vertex   4.420000e+00 -2.317508e+01 1.755505e+00
      vertex   4.420000e+00 -1.644000e+01 0.000000e+00
      vertex   4.420000e+00 -1.644000e+01 5.350000e+00
    endloop
  endfacet
  facet normal 1.000000e+00 1.055945e-16 4.923953e-17
    outer loop
      vertex   4.420000e+00 -2.317508e+01 1.755505e+00
      vertex   4.420000e+00 -1.644000e+01 5.350000e+00
      vertex   4.420000e+00 -2.319349e+01 1.795000e+00
    endloop
  endfacet
  facet normal 1.000000e+00 1.326144e-16 -2.090636e-18
    outer loop
      vertex   4.420000e+00 -2.319349e+01 1.795000e+00
      vertex   4.420000e+00 -1.644000e+01 5.350000e+00
      vertex   4.420000e+00 -2.316000e+01 3.919588e+00
    endloop
  endfacet
  facet normal 1.000000e+00 0.000000e+00 -0.000000e+00
    outer loop
      vertex   4.420000e+00 -2.319349e+01 1.795000e+00
      vertex   4.420000e+00 -2.316000e+01 3.919588e+00
      vertex   4.420000e+00 -2.321849e+01 1.830697e+00
    endloop
  endfacet
  facet normal 1.000000e+00 0.000000e+00 -0.000000e+00
    outer loop
      vertex   4.420000e+00 -2.321849e+01 1.830697e+00
      vertex   4.420000e+00 -2.316000e+01 3.919588e+00
      vertex   4.420000e+00 -2.324930e+01 1.861511e+00
    endloop
  endfacet
  facet normal 1.000000e+00 0.000000e+00 -0.000000e+00
    outer loop
      vertex   4.420000e+00 -2.324930e+01 1.861511e+00
      vertex   4.420000e+00 -2.316000e+01 3.919588e+00
      vertex   4.420000e+00 -2.328500e+01 1.886506e+00
    endloop
  endfacet
  facet normal 1.000000e+00 0.000000e+00 -0.000000e+00
    outer loop
      vertex   4.420000e+00 -2.328500e+01 1.886506e+00
      vertex   4.420000e+00 -2.316000e+01 3.919588e+00
      vertex   4.420000e+00 -2.332449e+01 1.904923e+00
    endloop
  endfacet
  facet normal 1.000000e+00 0.000000e+00 -0.000000e+00
    outer loop
      vertex   4.420000e+00 -2.332449e+01 1.904923e+00
      vertex   4.420000e+00 -2.316000e+01 3.919588e+00
      vertex   4.420000e+00 -2.336659e+01 1.916202e+00
    endloop
  endfacet
  facet normal 1.000000e+00 0.000000e+00 -0.000000e+00
    outer loop
      vertex   4.420000e+00 -2.336659e+01 1.916202e+00
      vertex   4.420000e+00 -2.316000e+01 3.919588e+00
      vertex   4.420000e+00 -2.341000e+01 1.920000e+00
    endloop
  endfacet
  facet normal 1.000000e+00 0.000000e+00 -0.000000e+00
    outer loop
      vertex   4.420000e+00 -2.341000e+01 1.920000e+00
      vertex   4.420000e+00 -2.316000e+01 3.919588e+00
      vertex   4.420000e+00 -2.379277e+01 2.000000e+00
    endloop
  endfacet
  facet normal 1.000000e+00 0.000000e+00 0.000000e+00
    outer loop
      vertex   4.420000e+00 -2.341000e+01 1.920000e+00
      vertex   4.420000e+00 -2.379277e+01 2.000000e+00
      vertex   4.420000e+00 -2.379277e+01 1.920000e+00
    endloop
  endfacet
  facet normal 1.000000e+00 -2.511219e-15 1.241850e-14
    outer loop
      vertex   4.420000e+00 -1.644000e+01 5.350000e+00
      vertex   4.420000e+00 -2.316000e+01 5.350000e+00
      vertex   4.420000e+00 -2.316000e+01 3.919588e+00
    endloop
  endfacet
  facet normal -0.000000e+00 -1.000000e+00 -0.000000e+00
    outer loop
      vertex   6.420000e+00 -1.644000e+01 5.350000e+00
      vertex   4.420000e+00 -1.644000e+01 5.350000e+00
      vertex   6.420000e+00 -1.644000e+01 0.000000e+00
    endloop
  endfacet
  facet normal 0.000000e+00 -1.000000e+00 0.000000e+00
    outer loop
      vertex   6.420000e+00 -1.644000e+01 0.000000e+00
      vertex   4.420000e+00 -1.644000e+01 5.350000e+00
      vertex   4.420000e+00 -1.644000e+01 0.000000e+00
    endloop
  endfacet
  facet normal 1.000000e+00 -2.758318e-16 0.000000e+00
    outer loop
      vertex   6.420000e+00 -1.000000e+01 5.350000e+00
      vertex   6.420000e+00 -1.644000e+01 5.350000e+00
      vertex   6.420000e+00 -1.000000e+01 3.919588e+00
    endloop
  endfacet
  facet normal 1.000000e+00 -1.652094e-16 4.980440e-16
    outer loop
      vertex   6.420000e+00 -1.000000e+01 3.919588e+00
      vertex   6.420000e+00 -1.644000e+01 5.350000e+00
      vertex   6.420000e+00 -1.644000e+01 0.000000e+00
    endloop
  endfacet
  facet normal 1.000000e+00 1.374762e-16 7.224039e-19
    outer loop
      vertex   6.420000e+00 -1.000000e+01 3.919588e+00
      vertex   6.420000e+00 -1.644000e+01 0.000000e+00
      vertex   6.420000e+00 -9.986603e+00 1.370000e+00
    endloop
  endfacet
  facet normal 1.000000e+00 1.527509e-16 -7.122890e-17
    outer loop
      vertex   6.420000e+00 -9.986603e+00 1.370000e+00
      vertex   6.420000e+00 -1.644000e+01 0.000000e+00
      vertex   6.420000e+00 -9.993969e+00 1.354202e+00
    endloop
  endfacet
  facet normal 1.000000e+00 1.460058e-16 -3.912213e-17
    outer loop
      vertex   6.420000e+00 -9.993969e+00 1.354202e+00
      vertex   6.420000e+00 -1.644000e+01 0.000000e+00
      vertex   6.420000e+00 -9.998481e+00 1.337365e+00
    endloop
  endfacet
  facet normal 1.000000e+00 1.404342e-16 -1.228640e-17
    outer loop
      vertex   6.420000e+00 -9.998481e+00 1.337365e+00
      vertex   6.420000e+00 -1.644000e+01 0.000000e+00
      vertex   6.420000e+00 -1.000000e+01 1.320000e+00
    endloop
  endfacet
  facet normal 1.000000e+00 0.000000e+00 6.728624e-16
    outer loop
      vertex   6.420000e+00 -1.000000e+01 1.320000e+00
      vertex   6.420000e+00 -1.644000e+01 0.000000e+00
      vertex   6.420000e+00 -1.000000e+01 0.000000e+00
    endloop
  endfacet
  facet normal 1.000000e+00 0.000000e+00 -0.000000e+00
    outer loop
      vertex   6.420000e+00 -9.986603e+00 1.370000e+00
      vertex   6.420000e+00 -9.976604e+00 1.384279e+00
      vertex   6.420000e+00 -1.000000e+01 3.919588e+00
    endloop
  endfacet
  facet normal 1.000000e+00 0.000000e+00 0.000000e+00
    outer loop
      vertex   6.420000e+00 -1.000000e+01 3.919588e+00
      vertex   6.420000e+00 -9.976604e+00 1.384279e+00
      vertex   6.420000e+00 -9.964279e+00 1.396604e+00
    endloop
  endfacet
  facet normal 1.000000e+00 0.000000e+00 0.000000e+00
    outer loop
      vertex   6.420000e+00 -1.000000e+01 3.919588e+00
      vertex   6.420000e+00 -9.964279e+00 1.396604e+00
      vertex   6.420000e+00 -9.950000e+00 1.406603e+00
    endloop
  endfacet
  facet normal 1.000000e+00 0.000000e+00 -0.000000e+00
    outer loop
      vertex   6.420000e+00 -9.950000e+00 1.406603e+00
      vertex   6.420000e+00 -9.934202e+00 1.413969e+00
      vertex   6.420000e+00 -1.000000e+01 3.919588e+00
    endloop
  endfacet
  facet normal 1.000000e+00 0.000000e+00 0.000000e+00
    outer loop
      vertex   6.420000e+00 -1.000000e+01 3.919588e+00
      vertex   6.420000e+00 -9.934202e+00 1.413969e+00
      vertex   6.420000e+00 -9.917365e+00 1.418481e+00
    endloop
  endfacet
  facet normal 1.000000e+00 0.000000e+00 0.000000e+00
    outer loop
      vertex   6.420000e+00 -1.000000e+01 3.919588e+00
      vertex   6.420000e+00 -9.917365e+00 1.418481e+00
      vertex   6.420000e+00 -9.900000e+00 1.420000e+00
    endloop
  endfacet
  facet normal 1.000000e+00 0.000000e+00 0.000000e+00
    outer loop
      vertex   6.420000e+00 -1.000000e+01 3.919588e+00
      vertex   6.420000e+00 -9.900000e+00 1.420000e+00
      vertex   6.420000e+00 -9.219322e+00 1.551307e+00
    endloop
  endfacet
  facet normal 1.000000e+00 0.000000e+00 0.000000e+00
    outer loop
      vertex   6.420000e+00 -9.219322e+00 1.551307e+00
      vertex   6.420000e+00 -9.900000e+00 1.420000e+00
      vertex   6.420000e+00 -9.314296e+00 1.420000e+00
    endloop
  endfacet
  facet normal 1.000000e+00 0.000000e+00 0.000000e+00
    outer loop
      vertex   6.420000e+00 -9.219322e+00 1.551307e+00
      vertex   6.420000e+00 -9.314296e+00 1.420000e+00
      vertex   6.420000e+00 -9.215369e+00 1.534615e+00
    endloop
  endfacet
  facet normal 1.000000e+00 0.000000e+00 0.000000e+00
    outer loop
      vertex   6.420000e+00 -9.215369e+00 1.534615e+00
      vertex   6.420000e+00 -9.314296e+00 1.420000e+00
      vertex   6.420000e+00 -9.214327e+00 1.517493e+00
    endloop
  endfacet
  facet normal 1.000000e+00 0.000000e+00 0.000000e+00
    outer loop
      vertex   6.420000e+00 -9.214327e+00 1.517493e+00
      vertex   6.420000e+00 -9.314296e+00 1.420000e+00
      vertex   6.420000e+00 -9.216226e+00 1.500445e+00
    endloop
  endfacet
  facet normal 1.000000e+00 0.000000e+00 0.000000e+00
    outer loop
      vertex   6.420000e+00 -9.216226e+00 1.500445e+00
      vertex   6.420000e+00 -9.314296e+00 1.420000e+00
      vertex   6.420000e+00 -9.221011e+00 1.483972e+00
    endloop
  endfacet
  facet normal 1.000000e+00 0.000000e+00 0.000000e+00
    outer loop
      vertex   6.420000e+00 -9.221011e+00 1.483972e+00
      vertex   6.420000e+00 -9.314296e+00 1.420000e+00
      vertex   6.420000e+00 -9.228541e+00 1.468560e+00
    endloop
  endfacet
  facet normal 1.000000e+00 0.000000e+00 0.000000e+00
    outer loop
      vertex   6.420000e+00 -9.228541e+00 1.468560e+00
      vertex   6.420000e+00 -9.314296e+00 1.420000e+00
      vertex   6.420000e+00 -9.238594e+00 1.454660e+00
    endloop
  endfacet
  facet normal 1.000000e+00 0.000000e+00 0.000000e+00
    outer loop
      vertex   6.420000e+00 -9.238594e+00 1.454660e+00
      vertex   6.420000e+00 -9.314296e+00 1.420000e+00
      vertex   6.420000e+00 -9.250874e+00 1.442684e+00
    endloop
  endfacet
  facet normal 1.000000e+00 0.000000e+00 0.000000e+00
    outer loop
      vertex   6.420000e+00 -9.250874e+00 1.442684e+00
      vertex   6.420000e+00 -9.314296e+00 1.420000e+00
      vertex   6.420000e+00 -9.265021e+00 1.432983e+00
    endloop
  endfacet
  facet normal 1.000000e+00 0.000000e+00 0.000000e+00
    outer loop
      vertex   6.420000e+00 -9.265021e+00 1.432983e+00
      vertex   6.420000e+00 -9.314296e+00 1.420000e+00
      vertex   6.420000e+00 -9.280618e+00 1.425842e+00
    endloop
  endfacet
  facet normal 1.000000e+00 0.000000e+00 0.000000e+00
    outer loop
      vertex   6.420000e+00 -9.280618e+00 1.425842e+00
      vertex   6.420000e+00 -9.314296e+00 1.420000e+00
      vertex   6.420000e+00 -9.297205e+00 1.421471e+00
    endloop
  endfacet
  facet normal 0.000000e+00 -1.000000e+00 0.000000e+00
    outer loop
      vertex   6.420000e+00 -1.000000e+01 1.320000e+00
      vertex   6.420000e+00 -1.000000e+01 0.000000e+00
      vertex   1.366000e+01 -1.000000e+01 1.320000e+00
    endloop
  endfacet
  facet normal 0.000000e+00 -1.000000e+00 -0.000000e+00
    outer loop
      vertex   1.366000e+01 -1.000000e+01 1.320000e+00
      vertex   6.420000e+00 -1.000000e+01 0.000000e+00
      vertex   1.366000e+01 -1.000000e+01 2.220446e-15
    endloop
  endfacet
  facet normal -1.000000e+00 -0.000000e+00 0.000000e+00
    outer loop
      vertex   1.366000e+01 -9.215369e+00 1.534615e+00
      vertex   1.366000e+01 -9.900000e+00 1.420000e+00
      vertex   1.366000e+01 -9.219322e+00 1.551307e+00
    endloop
  endfacet
  facet normal -1.000000e+00 0.000000e+00 0.000000e+00
    outer loop
      vertex   1.366000e+01 -9.219322e+00 1.551307e+00
      vertex   1.366000e+01 -9.900000e+00 1.420000e+00
      vertex   1.366000e+01 -9.917365e+00 1.418481e+00
    endloop
  endfacet
  facet normal -1.000000e+00 -0.000000e+00 0.000000e+00
    outer loop
      vertex   1.366000e+01 -9.219322e+00 1.551307e+00
      vertex   1.366000e+01 -9.917365e+00 1.418481e+00
      vertex   1.366000e+01 -1.000000e+01 3.919588e+00
    endloop
  endfacet
  facet normal -1.000000e+00 0.000000e+00 0.000000e+00
    outer loop
      vertex   1.366000e+01 -1.000000e+01 3.919588e+00
      vertex   1.366000e+01 -9.917365e+00 1.418481e+00
      vertex   1.366000e+01 -9.934202e+00 1.413969e+00
    endloop
  endfacet
  facet normal -1.000000e+00 0.000000e+00 0.000000e+00
    outer loop
      vertex   1.366000e+01 -1.000000e+01 3.919588e+00
      vertex   1.366000e+01 -9.934202e+00 1.413969e+00
      vertex   1.366000e+01 -9.950000e+00 1.406603e+00
    endloop
  endfacet
  facet normal -1.000000e+00 0.000000e+00 -0.000000e+00
    outer loop
      vertex   1.366000e+01 -9.215369e+00 1.534615e+00
      vertex   1.366000e+01 -9.214327e+00 1.517493e+00
      vertex   1.366000e+01 -9.900000e+00 1.420000e+00
    endloop
  endfacet
  facet normal -1.000000e+00 0.000000e+00 0.000000e+00
    outer loop
      vertex   1.366000e+01 -9.900000e+00 1.420000e+00
      vertex   1.366000e+01 -9.214327e+00 1.517493e+00
      vertex   1.366000e+01 -9.216226e+00 1.500445e+00
    endloop
  endfacet
  facet normal -1.000000e+00 0.000000e+00 0.000000e+00
    outer loop
      vertex   1.366000e+01 -9.900000e+00 1.420000e+00
      vertex   1.366000e+01 -9.216226e+00 1.500445e+00
      vertex   1.366000e+01 -9.314296e+00 1.420000e+00
    endloop
  endfacet
  facet normal -1.000000e+00 0.000000e+00 0.000000e+00
    outer loop
      vertex   1.366000e+01 -9.314296e+00 1.420000e+00
      vertex   1.366000e+01 -9.216226e+00 1.500445e+00
      vertex   1.366000e+01 -9.221011e+00 1.483972e+00
    endloop
  endfacet
  facet normal -1.000000e+00 0.000000e+00 0.000000e+00
    outer loop
      vertex   1.366000e+01 -9.314296e+00 1.420000e+00
      vertex   1.366000e+01 -9.221011e+00 1.483972e+00
      vertex   1.366000e+01 -9.228541e+00 1.468560e+00
    endloop
  endfacet
  facet normal -1.000000e+00 0.000000e+00 0.000000e+00
    outer loop
      vertex   1.366000e+01 -9.228541e+00 1.468560e+00
      vertex   1.366000e+01 -9.238594e+00 1.454660e+00
      vertex   1.366000e+01 -9.314296e+00 1.420000e+00
    endloop
  endfacet
  facet normal -1.000000e+00 0.000000e+00 0.000000e+00
    outer loop
      vertex   1.366000e+01 -9.314296e+00 1.420000e+00
      vertex   1.366000e+01 -9.238594e+00 1.454660e+00
      vertex   1.366000e+01 -9.250874e+00 1.442684e+00
    endloop
  endfacet
  facet normal -1.000000e+00 0.000000e+00 0.000000e+00
    outer loop
      vertex   1.366000e+01 -9.314296e+00 1.420000e+00
      vertex   1.366000e+01 -9.250874e+00 1.442684e+00
      vertex   1.366000e+01 -9.265021e+00 1.432983e+00
    endloop
  endfacet
  facet normal -1.000000e+00 0.000000e+00 0.000000e+00
    outer loop
      vertex   1.366000e+01 -9.265021e+00 1.432983e+00
      vertex   1.366000e+01 -9.280618e+00 1.425842e+00
      vertex   1.366000e+01 -9.314296e+00 1.420000e+00
    endloop
  endfacet
  facet normal -1.000000e+00 0.000000e+00 0.000000e+00
    outer loop
      vertex   1.366000e+01 -9.314296e+00 1.420000e+00
      vertex   1.366000e+01 -9.280618e+00 1.425842e+00
      vertex   1.366000e+01 -9.297205e+00 1.421471e+00
    endloop
  endfacet
  facet normal -1.000000e+00 0.000000e+00 -0.000000e+00
    outer loop
      vertex   1.366000e+01 -1.000000e+01 3.919588e+00
      vertex   1.366000e+01 -9.950000e+00 1.406603e+00
      vertex   1.366000e+01 -2.321849e+01 1.830697e+00
    endloop
  endfacet
  facet normal -1.000000e+00 0.000000e+00 0.000000e+00
    outer loop
      vertex   1.366000e+01 -2.321849e+01 1.830697e+00
      vertex   1.366000e+01 -9.950000e+00 1.406603e+00
      vertex   1.366000e+01 -9.964279e+00 1.396604e+00
    endloop
  endfacet
  facet normal -1.000000e+00 0.000000e+00 0.000000e+00
    outer loop
      vertex   1.366000e+01 -2.321849e+01 1.830697e+00
      vertex   1.366000e+01 -9.964279e+00 1.396604e+00
      vertex   1.366000e+01 -2.319349e+01 1.795000e+00
    endloop
  endfacet
  facet normal -1.000000e+00 0.000000e+00 0.000000e+00
    outer loop
      vertex   1.366000e+01 -2.319349e+01 1.795000e+00
      vertex   1.366000e+01 -9.964279e+00 1.396604e+00
      vertex   1.366000e+01 -9.976604e+00 1.384279e+00
    endloop
  endfacet
  facet normal -1.000000e+00 0.000000e+00 0.000000e+00
    outer loop
      vertex   1.366000e+01 -2.319349e+01 1.795000e+00
      vertex   1.366000e+01 -9.976604e+00 1.384279e+00
      vertex   1.366000e+01 -2.317508e+01 1.755505e+00
    endloop
  endfacet
  facet normal -1.000000e+00 0.000000e+00 0.000000e+00
    outer loop
      vertex   1.366000e+01 -2.317508e+01 1.755505e+00
      vertex   1.366000e+01 -9.976604e+00 1.384279e+00
      vertex   1.366000e+01 -9.986603e+00 1.370000e+00
    endloop
  endfacet
  facet normal -1.000000e+00 0.000000e+00 0.000000e+00
    outer loop
      vertex   1.366000e+01 -2.317508e+01 1.755505e+00
      vertex   1.366000e+01 -9.986603e+00 1.370000e+00
      vertex   1.366000e+01 -2.316380e+01 1.713412e+00
    endloop
  endfacet
  facet normal -1.000000e+00 0.000000e+00 0.000000e+00
    outer loop
      vertex   1.366000e+01 -2.316380e+01 1.713412e+00
      vertex   1.366000e+01 -9.986603e+00 1.370000e+00
      vertex   1.366000e+01 -9.993969e+00 1.354202e+00
    endloop
  endfacet
  facet normal -1.000000e+00 0.000000e+00 0.000000e+00
    outer loop
      vertex   1.366000e+01 -2.316380e+01 1.713412e+00
      vertex   1.366000e+01 -9.993969e+00 1.354202e+00
      vertex   1.366000e+01 -2.316000e+01 1.670000e+00
    endloop
  endfacet
  facet normal -1.000000e+00 0.000000e+00 0.000000e+00
    outer loop
      vertex   1.366000e+01 -2.316000e+01 1.670000e+00
      vertex   1.366000e+01 -9.993969e+00 1.354202e+00
      vertex   1.366000e+01 -9.998481e+00 1.337365e+00
    endloop
  endfacet
  facet normal -1.000000e+00 0.000000e+00 0.000000e+00
    outer loop
      vertex   1.366000e+01 -2.316000e+01 1.670000e+00
      vertex   1.366000e+01 -9.998481e+00 1.337365e+00
      vertex   1.366000e+01 -1.000000e+01 1.320000e+00
    endloop
  endfacet
  facet normal -1.000000e+00 0.000000e+00 0.000000e+00
    outer loop
      vertex   1.366000e+01 -1.000000e+01 2.220446e-15
      vertex   1.366000e+01 -2.316000e+01 2.220446e-15
      vertex   1.366000e+01 -1.000000e+01 1.320000e+00
    endloop
  endfacet
  facet normal -1.000000e+00 -0.000000e+00 0.000000e+00
    outer loop
      vertex   1.366000e+01 -1.000000e+01 1.320000e+00
      vertex   1.366000e+01 -2.316000e+01 2.220446e-15
      vertex   1.366000e+01 -2.316000e+01 1.670000e+00
    endloop
  endfacet
  facet normal -1.000000e+00 0.000000e+00 0.000000e+00
    outer loop
      vertex   1.366000e+01 -2.321849e+01 1.830697e+00
      vertex   1.366000e+01 -2.324930e+01 1.861511e+00
      vertex   1.366000e+01 -1.000000e+01 3.919588e+00
    endloop
  endfacet
  facet normal -1.000000e+00 -0.000000e+00 0.000000e+00
    outer loop
      vertex   1.366000e+01 -1.000000e+01 3.919588e+00
      vertex   1.366000e+01 -2.324930e+01 1.861511e+00
      vertex   1.366000e+01 -2.316000e+01 3.919588e+00
    endloop
  endfacet
  facet normal -1.000000e+00 0.000000e+00 0.000000e+00
    outer loop
      vertex   1.366000e+01 -1.000000e+01 3.919588e+00
      vertex   1.366000e+01 -2.316000e+01 3.919588e+00
      vertex   1.366000e+01 -2.316000e+01 5.350000e+00
    endloop
  endfacet
  facet normal -1.000000e+00 0.000000e+00 0.000000e+00
    outer loop
      vertex   1.366000e+01 -2.324930e+01 1.861511e+00
      vertex   1.366000e+01 -2.328500e+01 1.886506e+00
      vertex   1.366000e+01 -2.316000e+01 3.919588e+00
    endloop
  endfacet
  facet normal -1.000000e+00 0.000000e+00 0.000000e+00
    outer loop
      vertex   1.366000e+01 -2.316000e+01 3.919588e+00
      vertex   1.366000e+01 -2.328500e+01 1.886506e+00
      vertex   1.366000e+01 -2.332449e+01 1.904923e+00
    endloop
  endfacet
  facet normal -1.000000e+00 0.000000e+00 0.000000e+00
    outer loop
      vertex   1.366000e+01 -2.316000e+01 3.919588e+00
      vertex   1.366000e+01 -2.332449e+01 1.904923e+00
      vertex   1.366000e+01 -2.336659e+01 1.916202e+00
    endloop
  endfacet
  facet normal -1.000000e+00 0.000000e+00 0.000000e+00
    outer loop
      vertex   1.366000e+01 -2.316000e+01 3.919588e+00
      vertex   1.366000e+01 -2.336659e+01 1.916202e+00
      vertex   1.366000e+01 -2.379277e+01 2.000000e+00
    endloop
  endfacet
  facet normal -1.000000e+00 0.000000e+00 0.000000e+00
    outer loop
      vertex   1.366000e+01 -2.379277e+01 2.000000e+00
      vertex   1.366000e+01 -2.336659e+01 1.916202e+00
      vertex   1.366000e+01 -2.341000e+01 1.920000e+00
    endloop
  endfacet
  facet normal -1.000000e+00 0.000000e+00 0.000000e+00
    outer loop
      vertex   1.366000e+01 -2.379277e+01 2.000000e+00
      vertex   1.366000e+01 -2.341000e+01 1.920000e+00
      vertex   1.366000e+01 -2.379277e+01 1.920000e+00
    endloop
  endfacet
  facet normal -1.000000e+00 0.000000e+00 0.000000e+00
    outer loop
      vertex   1.366000e+01 -2.316000e+01 5.350000e+00
      vertex   1.366000e+01 -1.000000e+01 5.350000e+00
      vertex   1.366000e+01 -1.000000e+01 3.919588e+00
    endloop
  endfacet
  facet normal -1.612682e-10 1.000000e+00 -1.715389e-25
    outer loop
      vertex   4.420000e+00 -2.316000e+01 -4.494190e-08
      vertex   4.420000e+00 -2.316000e+01 1.670000e+00
      vertex   1.366000e+01 -2.316000e+01 2.220446e-15
    endloop
  endfacet
  facet normal -1.612682e-10 1.000000e+00 0.000000e+00
    outer loop
      vertex   1.366000e+01 -2.316000e+01 2.220446e-15
      vertex   4.420000e+00 -2.316000e+01 1.670000e+00
      vertex   1.366000e+01 -2.316000e+01 1.670000e+00
    endloop
  endfacet
endsolid
